record_id,canonical_name,verification_date,verification_level,official_source_checked,preferred_route_checked,preferred_route_type,resolved_destination,dataset_specific_page_confirmed_by_curator,current_route_visible,authentication_state,access_friction,availability_status,route_check_result,automated_probe_status,automated_probe_http_status,failure_or_limitation,curator,author_source_checked,source_terms_evidence_url,dataset_files_transferred_for_this_row,environment
acrima,ACRIMA: Glaucoma Optic Disc Fundus Database,2026-07-21,route_confirmed,https://figshare.com/s/c2d31f850af14c5b5232,https://figshare.com/s/c2d31f850af14c5b5232,official_repository,https://figshare.com/s/c2d31f850af14c5b5232,true,true,user_authentication_required,self_service_authenticated,available,author_source_checked,ok,202,Author-conducted source check; transfer completeness was evaluated separately.,EyeDataHub author team,true,https://figshare.com/s/c2d31f850af14c5b5232,not_assessed_in_access_verification_log,Windows | Python 3.13.13 | EyeDataHub 0.7.0
adam_challenge,ADAM — Automatic Detection of AMD Challenge,2026-07-21,route_confirmed,https://drive.google.com/file/d/1Uz5x0aqXb0aecjzNWQ4522oCxaRDZxBt/view,https://drive.google.com/file/d/1Uz5x0aqXb0aecjzNWQ4522oCxaRDZxBt/view,cloud_file_share,https://drive.google.com/file/d/1Uz5x0aqXb0aecjzNWQ4522oCxaRDZxBt/view,true,true,user_clickthrough_required,controlled_or_manual,available,author_source_checked,ok,200,Author-conducted source check; transfer completeness was evaluated separately.,EyeDataHub author team,true,https://drive.google.com/file/d/1Uz5x0aqXb0aecjzNWQ4522oCxaRDZxBt/view,not_assessed_in_access_verification_log,Windows | Python 3.13.13 | EyeDataHub 0.7.0
afio_fundus_vessels,AFIO Fundus Images for Vessel Segmentation and Disease Annotation,2026-07-21,route_confirmed,https://data.mendeley.com/datasets/3csr652p9y/2,https://data.mendeley.com/datasets/3csr652p9y/2,official_repository,https://data.mendeley.com/datasets/3csr652p9y/2,true,true,user_authentication_required,self_service_authenticated,available,author_source_checked,platform_or_browser_route,403,Author-conducted source check; transfer completeness was evaluated separately.,EyeDataHub author team,true,https://data.mendeley.com/datasets/3csr652p9y/2,not_assessed_in_access_verification_log,Windows | Python 3.13.13 | EyeDataHub 0.7.0
agar300,AGAR300 Microaneurysm Fundus Image Dataset,2026-07-21,route_confirmed,https://ieee-dataport.org/open-access/diabetic-retinopathy-fundus-image-datasetagar300,https://ieee-dataport.org/open-access/diabetic-retinopathy-fundus-image-datasetagar300,documented_manual_route,https://ieee-dataport.org/open-access/diabetic-retinopathy-fundus-image-datasetagar300,true,true,user_authentication_required,self_service_authenticated,available,acquisition_route_verified,ok,200,Author-conducted source check; transfer completeness was evaluated separately.,EyeDataHub author team,true,https://ieee-dataport.org/open-access/diabetic-retinopathy-fundus-image-datasetagar300,not_assessed_in_access_verification_log,Windows | Python 3.13.13 | EyeDataHub 0.7.0
age_challenge,AGE — Angle-Closure Glaucoma Evaluation Challenge (AS-OCT),2026-07-21,route_confirmed,https://drive.google.com/file/d/1Qlkqj74SW8DJRKdYL_-ApC_0H5Z7uyvr/view,https://drive.google.com/file/d/1Qlkqj74SW8DJRKdYL_-ApC_0H5Z7uyvr/view,cloud_file_share,https://drive.google.com/file/d/1Qlkqj74SW8DJRKdYL_-ApC_0H5Z7uyvr/view,true,true,user_clickthrough_required,controlled_or_manual,available,author_source_checked,ok,200,Author-conducted source check; transfer completeness was evaluated separately.,EyeDataHub author team,true,https://drive.google.com/file/d/1Qlkqj74SW8DJRKdYL_-ApC_0H5Z7uyvr/view,not_assessed_in_access_verification_log,Windows | Python 3.13.13 | EyeDataHub 0.7.0
airogs,AIROGS: AI for Robust Glaucoma Screening,2026-07-21,route_confirmed,https://zenodo.org/records/5793241,https://zenodo.org/records/5793241,official_direct,https://zenodo.org/records/5793241,true,true,unauthenticated,anonymous_direct,available,author_source_checked,platform_or_browser_route,403,Author-conducted source check; transfer completeness was evaluated separately.,EyeDataHub author team,true,https://zenodo.org/records/5793241,not_assessed_in_access_verification_log,Windows | Python 3.13.13 | EyeDataHub 0.7.0
amd_dme_3d_oct,Comprehensive 3D OCT Dataset for AMD and DME,2026-07-21,route_confirmed,https://doi.org/10.6084/m9.figshare.30582035.v1,https://doi.org/10.6084/m9.figshare.30582035.v1,official_repository,https://figshare.com/articles/dataset/Comprehensive_3D_Optical_Coherence_Tomography_Dataset_for_AMD_and_DME_Facilitating_Deep-Learning-Based_3D_Segmentation/30582035/1,true,true,user_authentication_required,self_service_authenticated,available,author_source_checked,ok,202,Author-conducted source check; transfer completeness was evaluated separately.,EyeDataHub author team,true,https://doi.org/10.6084/m9.figshare.30582035.v1,not_assessed_in_access_verification_log,Windows | Python 3.13.13 | EyeDataHub 0.7.0
amd_sd,AMD-SD: OCT Wet AMD Lesion Segmentation Dataset,2026-07-21,route_confirmed,https://www.kaggle.com/datasets/gaoweihao/amd-sd,https://www.kaggle.com/datasets/gaoweihao/amd-sd,data_platform,https://www.kaggle.com/datasets/gaoweihao/amd-sd,true,true,api_token_required_not_stored,self_service_authenticated,available,author_source_checked,ok,200,Author-conducted source check; transfer completeness was evaluated separately.,EyeDataHub author team,true,https://www.kaggle.com/datasets/gaoweihao/amd-sd,not_assessed_in_access_verification_log,Windows | Python 3.13.13 | EyeDataHub 0.7.0
amdnet23,AMDNet23 Fundus Image Dataset for AMD Detection,2026-07-21,route_confirmed,https://data.mendeley.com/datasets/yj35kjgrv3/1,https://data.mendeley.com/datasets/yj35kjgrv3/1,official_repository,https://data.mendeley.com/datasets/yj35kjgrv3/1,true,true,user_authentication_required,self_service_authenticated,available,author_source_checked,platform_or_browser_route,403,Author-conducted source check; transfer completeness was evaluated separately.,EyeDataHub author team,true,https://data.mendeley.com/datasets/yj35kjgrv3/1,not_assessed_in_access_verification_log,Windows | Python 3.13.13 | EyeDataHub 0.7.0
angioreport,AngioReport Fundus Angiography Report Dataset,2026-07-21,route_confirmed,https://tianchi.aliyun.com/dataset/170128,https://tianchi.aliyun.com/dataset/170128,documented_manual_route,https://tianchi.aliyun.com/dataset/170128,true,true,user_authentication_required,self_service_clickthrough,available,acquisition_route_verified,ok,200,Author-conducted source check; transfer completeness was evaluated separately.,EyeDataHub author team,true,https://tianchi.aliyun.com/dataset/170128,not_assessed_in_access_verification_log,Windows | Python 3.13.13 | EyeDataHub 0.7.0
anterior_segment_smile,Anterior Segment Parameters After SMILE Surgery,2026-07-21,route_confirmed,https://data.mendeley.com/datasets/vkdxsnhkrm/1,https://data.mendeley.com/datasets/vkdxsnhkrm/1,official_repository,https://data.mendeley.com/datasets/vkdxsnhkrm/1,true,true,user_authentication_required,self_service_authenticated,available,author_source_checked,platform_or_browser_route,403,Author-conducted source check; transfer completeness was evaluated separately.,EyeDataHub author team,true,https://data.mendeley.com/datasets/vkdxsnhkrm/1,not_assessed_in_access_verification_log,Windows | Python 3.13.13 | EyeDataHub 0.7.0
anterior_uveitis_corneal_endothelium,Anterior Uveitis Corneal Endothelium Dataset,2026-08-02,route_confirmed,https://doi.org/10.6084/m9.figshare.32054064.v1,https://doi.org/10.6084/m9.figshare.32054064.v1,official_repository,https://figshare.com/articles/dataset/Minimal_dataset_for_Corneal_endothelial_changes_in_anterior_uveitis/32054064/1,true,true,api_token_required_not_stored,self_service_authenticated,available,official_metadata_and_file_listing_checked,ok,202,No data files were transferred during source confirmation.,EyeDataHub author team,true,https://doi.org/10.6084/m9.figshare.32054064.v1,not_assessed_in_access_verification_log,Windows | Python 3.13.13 | EyeDataHub 0.7.0
aod,AOD: Augmented Ocular Diseases Dataset,2026-07-21,route_confirmed,https://www.kaggle.com/datasets/nurmukhammed7/augemnted-ocular-diseases,https://www.kaggle.com/datasets/nurmukhammed7/augemnted-ocular-diseases,data_platform,https://www.kaggle.com/datasets/nurmukhammed7/augemnted-ocular-diseases,true,true,api_token_required_not_stored,self_service_authenticated,available,author_source_checked,ok,200,Author-conducted source check; transfer completeness was evaluated separately.,EyeDataHub author team,true,https://www.kaggle.com/datasets/nurmukhammed7/augemnted-ocular-diseases,not_assessed_in_access_verification_log,Windows | Python 3.13.13 | EyeDataHub 0.7.0
aptos2019,APTOS 2019 Blindness Detection,2026-07-21,route_confirmed,https://www.kaggle.com/c/aptos2019-blindness-detection,https://www.kaggle.com/c/aptos2019-blindness-detection,data_platform,https://www.kaggle.com/c/aptos2019-blindness-detection,true,true,api_token_required_not_stored,self_service_clickthrough,available,credentials_or_access_setup_required,ok,200,Author-conducted source check; transfer completeness was evaluated separately. HTTP 401 from an automated Kaggle listing probe; platform credentials or access setup are required for the probe.,EyeDataHub author team,true,https://www.kaggle.com/c/aptos2019-blindness-detection,not_assessed_in_access_verification_log,Windows | Python 3.13.13 | EyeDataHub 0.7.0
aptos_arcade_onh_masks,APTOS Vascular Arcade and Optic Nerve Head Masks,2026-07-21,route_confirmed,https://zenodo.org/records/20711325,https://zenodo.org/records/20711325,official_repository,https://zenodo.org/records/20711325,true,true,user_authentication_required,self_service_authenticated,available,author_source_checked,platform_or_browser_route,403,Author-conducted source check; transfer completeness was evaluated separately.,EyeDataHub author team,true,https://zenodo.org/records/20711325,not_assessed_in_access_verification_log,Windows | Python 3.13.13 | EyeDataHub 0.7.0
aqp4_optic_neuritis_oct_layers,AQP4 Optic Neuritis OCT Layers Dataset,2026-08-02,route_confirmed,https://doi.org/10.6084/m9.figshare.3209908.v1,https://doi.org/10.6084/m9.figshare.3209908.v1,official_repository,https://figshare.com/articles/dataset/The_dataset_for_study_Structural_Alterations_of_Segmented_Macular_Inner_Layers_in_Aquaporin4-Antibody-Positive_Optic_Neuritis_Patients_in_a_Chinese_Population_/3209908/1,true,true,api_token_required_not_stored,self_service_authenticated,available,official_metadata_and_file_listing_checked,ok,202,No data files were transferred during source confirmation.,EyeDataHub author team,true,https://doi.org/10.6084/m9.figshare.3209908.v1,not_assessed_in_access_verification_log,Windows | Python 3.13.13 | EyeDataHub 0.7.0
aroi,AROI: Annotated Retinal OCT Images Database,2026-07-21,route_confirmed,https://drive.google.com/file/d/10Ys4xsw81evjHewZEvqHy4Kri0my8C2S/view,https://drive.google.com/file/d/10Ys4xsw81evjHewZEvqHy4Kri0my8C2S/view,cloud_file_share,https://drive.google.com/file/d/10Ys4xsw81evjHewZEvqHy4Kri0my8C2S/view,true,true,unauthenticated,anonymous_direct,available,author_source_checked,ok,200,Author-conducted source check; transfer completeness was evaluated separately.,EyeDataHub author team,true,https://drive.google.com/file/d/10Ys4xsw81evjHewZEvqHy4Kri0my8C2S/view,not_assessed_in_access_verification_log,Windows | Python 3.13.13 | EyeDataHub 0.7.0
aroma_octa,AROMA Retinal OCTA Artifact Dataset,2026-07-21,route_confirmed,https://doi.org/10.5281/zenodo.18258095,https://doi.org/10.5281/zenodo.18258095,official_repository,https://zenodo.org/doi/10.5281/zenodo.18258095,true,true,user_authentication_required,self_service_authenticated,available,author_source_checked_with_probe_limitation,forbidden,403,Author-conducted source check; transfer completeness was evaluated separately. Automated probe status: forbidden; reachability alone was not used to classify access.,EyeDataHub author team,true,https://doi.org/10.5281/zenodo.18258095,not_assessed_in_access_verification_log,Windows | Python 3.13.13 | EyeDataHub 0.7.0
as_oct_keratitis,AS-OCT Keratitis Segmentation Dataset,2026-07-21,route_confirmed,https://doi.org/10.6084/m9.figshare.c.7036994.v1,https://doi.org/10.6084/m9.figshare.c.7036994.v1,official_repository,https://springernature.figshare.com/collections/AIDK_An_AS-OCT_image_dataset_for_deep_learning-enabled_segmentation_and_3D_reconstruction_for_keratitis/7036994/1,true,true,user_authentication_required,self_service_authenticated,available,author_source_checked,ok,202,Author-conducted source check; transfer completeness was evaluated separately.,EyeDataHub author team,true,https://doi.org/10.6084/m9.figshare.c.7036994.v1,not_assessed_in_access_verification_log,Windows | Python 3.13.13 | EyeDataHub 0.7.0
asd_eye_tracking,Autism Spectrum Disorder Eye-Tracking Dataset,2026-08-02,route_confirmed,https://doi.org/10.6084/m9.figshare.20113592.v1,https://doi.org/10.6084/m9.figshare.20113592.v1,official_repository,https://figshare.com/articles/dataset/Eye-Tracking_Dataset_to_Support_the_Research_on_Autism_Spectrum_Disorder/20113592/1,true,true,api_token_required_not_stored,self_service_authenticated,available,official_metadata_and_file_listing_checked,ok,202,No data files were transferred during source confirmation.,EyeDataHub author team,true,https://doi.org/10.6084/m9.figshare.20113592.v1,not_assessed_in_access_verification_log,Windows | Python 3.13.13 | EyeDataHub 0.7.0
bajwa_multi_eye,Bajwa Hospital Multi Eye Disease Dataset,2026-07-21,route_confirmed,https://data.mendeley.com/datasets/rgwpd4m785/3,https://data.mendeley.com/datasets/rgwpd4m785/3,official_repository,https://data.mendeley.com/datasets/rgwpd4m785/3,true,true,user_authentication_required,self_service_authenticated,available,author_source_checked,platform_or_browser_route,403,Author-conducted source check; transfer completeness was evaluated separately.,EyeDataHub author team,true,https://data.mendeley.com/datasets/rgwpd4m785/3,not_assessed_in_access_verification_log,Windows | Python 3.13.13 | EyeDataHub 0.7.0
beh,BEH: Bangladesh Eye Hospital Glaucoma Dataset,2026-07-21,route_confirmed,https://drive.google.com/file/d/1YdZm-sioiAbTdBRy4oej1q6tZL8Baft7,https://drive.google.com/file/d/1YdZm-sioiAbTdBRy4oej1q6tZL8Baft7,cloud_file_share,https://drive.google.com/file/d/1YdZm-sioiAbTdBRy4oej1q6tZL8Baft7/edit,true,true,unauthenticated,anonymous_direct,available,author_source_checked,ok,200,Author-conducted source check; transfer completeness was evaluated separately.,EyeDataHub author team,true,https://drive.google.com/file/d/1YdZm-sioiAbTdBRy4oej1q6tZL8Baft7,not_assessed_in_access_verification_log,Windows | Python 3.13.13 | EyeDataHub 0.7.0
belo,BELO Benchmark for Evaluating Language Models in Ophthalmology,2026-07-21,route_confirmed,https://belo-dataset.vercel.app/,https://belo-dataset.vercel.app/,documented_manual_route,https://belo-dataset.vercel.app/,true,true,author_correspondence_required,author_contact,available,author_source_checked,ok,200,Author-conducted source check; transfer completeness was evaluated separately.,EyeDataHub author team,true,https://belo-dataset.vercel.app/,not_assessed_in_access_verification_log,Windows | Python 3.13.13 | EyeDataHub 0.7.0
binocular_fundus_images,Binocular Fundus Image Dataset,2026-08-02,route_confirmed,https://doi.org/10.6084/m9.figshare.31981557.v1,https://doi.org/10.6084/m9.figshare.31981557.v1,official_repository,https://figshare.com/articles/dataset/binocular_fundus_image_dataset/31981557/1,true,true,api_token_required_not_stored,self_service_authenticated,available,official_metadata_and_file_listing_checked,ok,202,No data files were transferred during source confirmation.,EyeDataHub author team,true,https://doi.org/10.6084/m9.figshare.31981557.v1,not_assessed_in_access_verification_log,Windows | Python 3.13.13 | EyeDataHub 0.7.0
birdshot_wide,Birdshot-WIDE Widefield Fundus Dataset,2026-07-21,route_confirmed,https://doi.org/10.5281/zenodo.19474623,https://doi.org/10.5281/zenodo.19474623,documented_manual_route,https://zenodo.org/doi/10.5281/zenodo.19474623,true,true,manual_authorization_required,controlled_or_manual,available,author_source_checked_with_probe_limitation,forbidden,403,Author-conducted source check; transfer completeness was evaluated separately. Automated probe status: forbidden; reachability alone was not used to classify access.,EyeDataHub author team,true,https://doi.org/10.5281/zenodo.19474623,not_assessed_in_access_verification_log,Windows | Python 3.13.13 | EyeDataHub 0.7.0
bmrd,Bangladesh Multi-Disease Retinal Dataset,2026-07-21,route_confirmed,https://data.mendeley.com/datasets/959whsbc6v/1,https://data.mendeley.com/datasets/959whsbc6v/1,official_repository,https://data.mendeley.com/datasets/959whsbc6v/1,true,true,user_authentication_required,self_service_authenticated,available,author_source_checked,platform_or_browser_route,403,Author-conducted source check; transfer completeness was evaluated separately.,EyeDataHub author team,true,https://data.mendeley.com/datasets/959whsbc6v/1,not_assessed_in_access_verification_log,Windows | Python 3.13.13 | EyeDataHub 0.7.0
brasil_glaucoma_brg,Brazil Glaucoma (BrG) Dataset,2026-08-02,route_confirmed,https://www.kaggle.com/datasets/clerimar/brasil-glaucoma-brg,https://www.kaggle.com/datasets/clerimar/brasil-glaucoma-brg,official_repository,https://www.kaggle.com/datasets/clerimar/brasil-glaucoma-brg,true,true,api_token_required_not_stored,self_service_authenticated,available,official_metadata_and_file_listing_checked,ok,200,No data files were transferred during source confirmation.,EyeDataHub author team,true,https://www.kaggle.com/datasets/clerimar/brasil-glaucoma-brg,not_assessed_in_access_verification_log,Windows | Python 3.13.13 | EyeDataHub 0.7.0
brset,BRSET: Brazilian Multilabel Ophthalmological Dataset,2026-07-21,route_confirmed,https://physionet.org/content/brazilian-ophthalmological/1.0.1/,https://physionet.org/content/brazilian-ophthalmological/1.0.1/,data_platform,https://physionet.org/content/brazilian-ophthalmological/1.0.1/,true,true,user_authentication_required,controlled_or_manual,available,author_source_checked,ok,200,Author-conducted source check; transfer completeness was evaluated separately.,EyeDataHub author team,true,https://physionet.org/content/brazilian-ophthalmological/1.0.1/,not_assessed_in_access_verification_log,Windows | Python 3.13.13 | EyeDataHub 0.7.0
brset_mbrset_embeddings,Embedding-Based Representations for BRSET and mBRSET,2026-07-21,route_confirmed,https://physionet.org/content/embedding-brset-mbrset/1.0.0/,https://physionet.org/content/embedding-brset-mbrset/1.0.0/,data_platform,https://physionet.org/content/embedding-brset-mbrset/1.0.0/,true,true,user_clickthrough_required,controlled_or_manual,available,author_source_checked,ok,200,Author-conducted source check; transfer completeness was evaluated separately.,EyeDataHub author team,true,https://physionet.org/content/embedding-brset-mbrset/1.0.0/,not_assessed_in_access_verification_log,Windows | Python 3.13.13 | EyeDataHub 0.7.0
cadis,CaDIS: Cataract Dataset for Image Segmentation,2026-07-21,route_confirmed,https://cataracts-semantic-segmentation2020.grand-challenge.org/,https://cataracts-semantic-segmentation2020.grand-challenge.org/,challenge_platform,https://cataracts-semantic-segmentation2020.grand-challenge.org/,true,true,user_authentication_required,self_service_clickthrough,available,author_source_checked,ok,200,Author-conducted source check; transfer completeness was evaluated separately.,EyeDataHub author team,true,https://cataracts-semantic-segmentation2020.grand-challenge.org/,not_assessed_in_access_verification_log,Windows | Python 3.13.13 | EyeDataHub 0.7.0
casia2_as_oct_repeatability,CASIA2 Anterior-Segment OCT Repeatability Dataset,2026-08-02,route_confirmed,https://doi.org/10.6084/m9.figshare.29302664.v1,https://doi.org/10.6084/m9.figshare.29302664.v1,official_repository,https://figshare.com/articles/dataset/Minimal_dataset_for_the_Casia_2_anterior_segment_OCT_repeatability_study/29302664/1,true,true,api_token_required_not_stored,self_service_authenticated,available,official_metadata_and_file_listing_checked,ok,202,No data files were transferred during source confirmation.,EyeDataHub author team,true,https://doi.org/10.6084/m9.figshare.29302664.v1,not_assessed_in_access_verification_log,Windows | Python 3.13.13 | EyeDataHub 0.7.0
casia2_keratometric_astigmatism,CASIA2 Keratometric Astigmatism Dataset,2026-08-02,route_confirmed,https://doi.org/10.6084/m9.figshare.26395018.v1,https://doi.org/10.6084/m9.figshare.26395018.v1,official_repository,https://figshare.com/articles/dataset/Minimal_dataset_supporting_the_results_of_the_PlosONE_paper_Evaluation_of_keratometric_and_total_corneal_astigmatism_measurements_from_optical_biometers/26395018/1,true,true,api_token_required_not_stored,self_service_authenticated,available,official_metadata_and_file_listing_checked,ok,202,No data files were transferred during source confirmation.,EyeDataHub author team,true,https://doi.org/10.6084/m9.figshare.26395018.v1,not_assessed_in_access_verification_log,Windows | Python 3.13.13 | EyeDataHub 0.7.0
casia_iris_v4,CASIA-IrisV4 Iris Image Database,2026-07-21,route_confirmed,https://hycasia.github.io/dataset/casia-irisv4/,https://hycasia.github.io/dataset/casia-irisv4/,documented_manual_route,https://hycasia.github.io/dataset/casia-irisv4/,true,true,unauthenticated,anonymous_direct,available,acquisition_route_verified,ok,200,Author-conducted source check; transfer completeness was evaluated separately.,EyeDataHub author team,true,https://hycasia.github.io/dataset/casia-irisv4/,not_assessed_in_access_verification_log,Windows | Python 3.13.13 | EyeDataHub 0.7.0
cataract,Cataract Fundus Classification Dataset,2026-07-21,route_confirmed,https://www.kaggle.com/datasets/jr2ngb/cataractdataset,https://www.kaggle.com/datasets/jr2ngb/cataractdataset,data_platform,https://www.kaggle.com/datasets/jr2ngb/cataractdataset,true,true,api_token_required_not_stored,self_service_authenticated,available,author_source_checked,ok,200,Author-conducted source check; transfer completeness was evaluated separately.,EyeDataHub author team,true,https://www.kaggle.com/datasets/jr2ngb/cataractdataset,not_assessed_in_access_verification_log,Windows | Python 3.13.13 | EyeDataHub 0.7.0
cataract101_extended_labels,Cataract-101 Extended Labels,2026-07-21,route_confirmed,https://zenodo.org/records/4984167,https://zenodo.org/records/4984167,official_repository,https://zenodo.org/records/4984167,true,true,user_authentication_required,self_service_authenticated,available,author_source_checked,platform_or_browser_route,403,Author-conducted source check; transfer completeness was evaluated separately.,EyeDataHub author team,true,https://zenodo.org/records/4984167,not_assessed_in_access_verification_log,Windows | Python 3.13.13 | EyeDataHub 0.7.0
cataract1k,Cataract-1K: Large-Scale Cataract Surgery Video Dataset,2026-07-21,route_confirmed,https://www.synapse.org/#!Synapse:syn53404917,https://www.synapse.org/#!Synapse:syn53404917,documented_manual_route,https://www.synapse.org/#!Synapse:syn53404917,true,true,user_authentication_required,controlled_or_manual,available,author_source_checked,ok,200,Author-conducted source check; transfer completeness was evaluated separately.,EyeDataHub author team,true,https://www.synapse.org/#!Synapse:syn53404917,not_assessed_in_access_verification_log,Windows | Python 3.13.13 | EyeDataHub 0.7.0
cataract_101,Cataract-101: 101 Cataract Surgery Videos with Phase Annotations,2026-07-21,route_confirmed,https://ftp.itec.aau.at/datasets/ovid/cat-101/,https://ftp.itec.aau.at/datasets/ovid/cat-101/,documented_manual_route,https://ftp.itec.aau.at/datasets/ovid/cat-101/,true,true,unauthenticated,anonymous_direct,available,author_source_checked,ok,200,Author-conducted source check; transfer completeness was evaluated separately.,EyeDataHub author team,true,https://ftp.itec.aau.at/datasets/ovid/cat-101/,not_assessed_in_access_verification_log,Windows | Python 3.13.13 | EyeDataHub 0.7.0
cataract_iol_biometry_outcomes,Cataract IOL Biometry and Outcomes Dataset,2026-08-02,route_confirmed,https://doi.org/10.6084/m9.figshare.22736687.v1,https://doi.org/10.6084/m9.figshare.22736687.v1,official_repository,https://figshare.com/articles/dataset/Minimal_dataset_for_PONE-D-2304227_This_dataset_includes_measurements_of_the_IOLMaster_700_biometer_and_Casia2_tomographer_before_cataract_surgery_and_Casia2_tomographer_after_cataract_surgery_together_with_the_power_of_the_implanted_lens_a/22736687/1,true,true,api_token_required_not_stored,self_service_authenticated,available,official_metadata_and_file_listing_checked,ok,202,No data files were transferred during source confirmation.,EyeDataHub author team,true,https://doi.org/10.6084/m9.figshare.22736687.v1,not_assessed_in_access_verification_log,Windows | Python 3.13.13 | EyeDataHub 0.7.0
cataract_lenstar_biometric_symmetry,Cataract LenStar Biometric Symmetry Dataset,2026-08-02,route_confirmed,https://doi.org/10.6084/m9.figshare.32833895.v1,https://doi.org/10.6084/m9.figshare.32833895.v1,official_repository,https://figshare.com/articles/dataset/Minimal_dataset_for_PONE-D-25-51348R1_Lateral_similarity_and_symmetry_of_biometric_data_from_the_LenStar_in_a_population_with_cataract/32833895/1,true,true,api_token_required_not_stored,self_service_authenticated,available,official_metadata_and_file_listing_checked,ok,202,No data files were transferred during source confirmation.,EyeDataHub author team,true,https://doi.org/10.6084/m9.figshare.32833895.v1,not_assessed_in_access_verification_log,Windows | Python 3.13.13 | EyeDataHub 0.7.0
cataract_lmm,Cataract-LMM: Large-Scale Multi-Source Multi-Task Cataract Surgery Benchmark,2026-07-21,route_confirmed,https://huggingface.co/datasets/mjahmadi/Cataract-LMM,https://huggingface.co/datasets/mjahmadi/Cataract-LMM,data_platform,https://huggingface.co/datasets/mjahmadi/Cataract-LMM,true,true,api_token_required_not_stored,self_service_authenticated,available,author_source_checked,ok,200,Author-conducted source check; transfer completeness was evaluated separately.,EyeDataHub author team,true,https://huggingface.co/datasets/mjahmadi/Cataract-LMM,not_assessed_in_access_verification_log,Windows | Python 3.13.13 | EyeDataHub 0.7.0
cataracts2017,CATARACTS 2017: Surgical Tool Detection Challenge,2026-07-21,route_confirmed,https://ieee-dataport.org/open-access/cataracts,https://ieee-dataport.org/open-access/cataracts,documented_manual_route,https://ieee-dataport.org/open-access/cataracts,true,true,user_authentication_required,self_service_authenticated,available,author_source_checked,ok,200,Author-conducted source check; transfer completeness was evaluated separately.,EyeDataHub author team,true,https://ieee-dataport.org/open-access/cataracts,not_assessed_in_access_verification_log,Windows | Python 3.13.13 | EyeDataHub 0.7.0
cavri,CAVRI: Computer Analysis of VitreoRetinal Interface Dataset,2026-07-21,route_confirmed,https://dsp.put.poznan.pl/cavri_database-191/,https://dsp.put.poznan.pl/cavri_database-191/,documented_manual_route,https://dsp.put.poznan.pl/cavri_database-191/,true,true,author_correspondence_required,author_contact,available,author_source_checked,ok,200,Author-conducted source check; transfer completeness was evaluated separately.,EyeDataHub author team,true,https://dsp.put.poznan.pl/cavri_database-191/,not_assessed_in_access_verification_log,Windows | Python 3.13.13 | EyeDataHub 0.7.0
central_retinal_vessel_trunk_oag,Central Retinal Vessel Trunk Open-Angle Glaucoma Dataset,2026-08-02,route_confirmed,https://doi.org/10.1371/journal.pone.0158443.s001,https://doi.org/10.1371/journal.pone.0158443.s001,official_repository,https://storage.googleapis.com/plos-corpus-prod/10.1371/journal.pone.0158443/1/pone.0158443.s001.csv,true,true,api_token_required_not_stored,self_service_authenticated,available,official_metadata_and_file_listing_checked,ok,200,No data files were transferred during source confirmation.,EyeDataHub author team,true,https://doi.org/10.1371/journal.pone.0158443.s001,not_assessed_in_access_verification_log,Windows | Python 3.13.13 | EyeDataHub 0.7.0
chaksu,CHAKSU: Multi-Device Glaucoma Fundus Dataset,2026-07-21,route_confirmed,https://doi.org/10.6084/m9.figshare.20123135,https://doi.org/10.6084/m9.figshare.20123135,official_repository,https://figshare.com/articles/dataset/Ch_k_u_A_glaucoma_specific_fundus_image_database/20123135,true,true,user_authentication_required,self_service_authenticated,available,author_source_checked,ok,202,Author-conducted source check; transfer completeness was evaluated separately.,EyeDataHub author team,true,https://doi.org/10.6084/m9.figshare.20123135,not_assessed_in_access_verification_log,Windows | Python 3.13.13 | EyeDataHub 0.7.0
chase_db1,CHASE_DB1: Child Heart and Health Study in England,2026-07-21,route_confirmed,https://researchinnovation.kingston.ac.uk/en/datasets/chasedb1-retinal-vessel-reference-dataset-4/,https://researchinnovation.kingston.ac.uk/en/datasets/chasedb1-retinal-vessel-reference-dataset-4/,documented_manual_route,https://researchinnovation.kingston.ac.uk/en/datasets/chasedb1-retinal-vessel-reference-dataset-4/,true,true,unauthenticated,anonymous_direct,available,acquisition_route_verified,ok,200,Author-conducted source check; transfer completeness was evaluated separately.,EyeDataHub author team,true,https://researchinnovation.kingston.ac.uk/en/datasets/chasedb1-retinal-vessel-reference-dataset-4/,not_assessed_in_access_verification_log,Windows | Python 3.13.13 | EyeDataHub 0.7.0
china_fundus_cimt,China Fundus and Carotid Intima-Media Thickness Dataset,2026-08-02,route_confirmed,https://doi.org/10.6084/m9.figshare.27907056.v1,https://doi.org/10.6084/m9.figshare.27907056.v1,official_repository,https://springernature.figshare.com/articles/dataset/High-resolution_fundus_images_for_ophthalmomics_and_early_cardiovascular_disease_prediction_China_Fundus_Carotid_Intima-Media_Thickness_dataset/27907056/1,true,true,api_token_required_not_stored,self_service_authenticated,available,official_metadata_and_file_listing_checked,ok,202,No data files were transferred during source confirmation.,EyeDataHub author team,true,https://doi.org/10.6084/m9.figshare.27907056.v1,not_assessed_in_access_verification_log,Windows | Python 3.13.13 | EyeDataHub 0.7.0
coph100,COph100: Comprehensive Infant Fundus Image Registration Dataset (RIDIRP),2026-07-21,route_confirmed,https://doi.org/10.6084/m9.figshare.27061084.v1,https://doi.org/10.6084/m9.figshare.27061084.v1,official_repository,https://springernature.figshare.com/articles/dataset/COph100_A_Comprehensive_Fundus_Image_Registration_Dataset_from_Infants_constituting_the_RIDIRP_database/27061084/1,true,true,user_authentication_required,self_service_authenticated,available,author_source_checked,ok,202,Author-conducted source check; transfer completeness was evaluated separately.,EyeDataHub author team,true,https://doi.org/10.6084/m9.figshare.27061084.v1,not_assessed_in_access_verification_log,Windows | Python 3.13.13 | EyeDataHub 0.7.0
corn1500,CORN-1500: Corneal Nerve Tortuosity Grading,2026-07-21,route_confirmed,https://zenodo.org/records/5880419,https://zenodo.org/records/5880419,documented_manual_route,https://zenodo.org/records/5880419,true,true,manual_authorization_required,controlled_or_manual,available,author_source_checked,platform_or_browser_route,403,Author-conducted source check; transfer completeness was evaluated separately.,EyeDataHub author team,true,https://zenodo.org/records/5880419,not_assessed_in_access_verification_log,Windows | Python 3.13.13 | EyeDataHub 0.7.0
corn_collection,CORN: Corneal Confocal Microscope Dataset Collection,2026-07-25,route_confirmed,https://zenodo.org/records/19689814,https://zenodo.org/records/19689814,documented_manual_route,https://zenodo.org/records/19689814,true,true,user_authentication_required,controlled_or_manual,available,acquisition_route_verified,platform_or_browser_route,403,The dataset-specific Zenodo page and restricted request-access workflow were checked without requesting or transferring files.,EyeDataHub author team,true,https://zenodo.org/records/19689814,not_assessed_in_access_verification_log,Windows | Python 3.13.13 | EyeDataHub 0.7.0
corn_pro,CORN Pro: Corneal Nerve Confocal Microscopy Dataset,2026-07-21,route_confirmed,https://zenodo.org/records/14263883,https://zenodo.org/records/14263883,documented_manual_route,https://zenodo.org/records/14263883,true,true,user_authentication_required,controlled_or_manual,available,author_source_checked,platform_or_browser_route,403,Author-conducted source check; transfer completeness was evaluated separately.,EyeDataHub author team,true,https://zenodo.org/records/14263883,not_assessed_in_access_verification_log,Windows | Python 3.13.13 | EyeDataHub 0.7.0
corneal_curvature_fundus,Corneal Curvature Prediction Using Fundus Photography,2026-07-21,route_confirmed,https://data.mendeley.com/datasets/bc2jfr7dv9/1,https://data.mendeley.com/datasets/bc2jfr7dv9/1,official_repository,https://data.mendeley.com/datasets/bc2jfr7dv9/1,true,true,user_authentication_required,self_service_authenticated,available,author_source_checked,platform_or_browser_route,403,Author-conducted source check; transfer completeness was evaluated separately.,EyeDataHub author team,true,https://data.mendeley.com/datasets/bc2jfr7dv9/1,not_assessed_in_access_verification_log,Windows | Python 3.13.13 | EyeDataHub 0.7.0
corneal_epithelium_confocal,Keratoconus Corneal Epithelium Confocal Fluorescence Dataset,2026-07-21,route_confirmed,https://data.mendeley.com/datasets/n3gky25brh/2,https://data.mendeley.com/datasets/n3gky25brh/2,official_repository,https://data.mendeley.com/datasets/n3gky25brh/2,true,true,user_authentication_required,self_service_authenticated,available,author_source_checked,platform_or_browser_route,403,Author-conducted source check; transfer completeness was evaluated separately.,EyeDataHub author team,true,https://data.mendeley.com/datasets/n3gky25brh/2,not_assessed_in_access_verification_log,Windows | Python 3.13.13 | EyeDataHub 0.7.0
corneal_nerve_parkinsons,Corneal Nerve Parkinson Disease Dataset,2026-08-02,route_confirmed,https://doi.org/10.6084/m9.figshare.28189571.v1,https://doi.org/10.6084/m9.figshare.28189571.v1,official_repository,https://figshare.com/articles/dataset/_b_Cross-Sectional_Study_of_Corneal_Nerve_Parameters_Datasets_b_/28189571/1,true,true,api_token_required_not_stored,self_service_authenticated,available,official_metadata_and_file_listing_checked,ok,202,No data files were transferred during source confirmation.,EyeDataHub author team,true,https://doi.org/10.6084/m9.figshare.28189571.v1,not_assessed_in_access_verification_log,Windows | Python 3.13.13 | EyeDataHub 0.7.0
corneal_tomography_iol,Multi-Parameter Corneal Tomography Dataset for IOL Selection,2026-07-21,route_confirmed,https://data.mendeley.com/datasets/wddj7bh9p9/1,https://data.mendeley.com/datasets/wddj7bh9p9/1,official_repository,https://data.mendeley.com/datasets/wddj7bh9p9/1,true,true,user_authentication_required,self_service_authenticated,available,author_source_checked,platform_or_browser_route,403,Author-conducted source check; transfer completeness was evaluated separately.,EyeDataHub author team,true,https://data.mendeley.com/datasets/wddj7bh9p9/1,not_assessed_in_access_verification_log,Windows | Python 3.13.13 | EyeDataHub 0.7.0
cornorb,CornOrb: Orbscan Corneal Topography and Clinical Annotations,2026-07-21,route_confirmed,https://zenodo.org/records/20542091,https://zenodo.org/records/20542091,official_repository,https://zenodo.org/records/20542091,true,true,user_authentication_required,self_service_authenticated,available,author_source_checked,platform_or_browser_route,403,Author-conducted source check; transfer completeness was evaluated separately.,EyeDataHub author team,true,https://zenodo.org/records/20542091,not_assessed_in_access_verification_log,Windows | Python 3.13.13 | EyeDataHub 0.7.0
csc_fundus_segmentation,Central Serous Chorioretinopathy Fundus Segmentation Dataset,2026-07-21,route_confirmed,https://data.mendeley.com/datasets/4k64fwnp4k/5,https://data.mendeley.com/datasets/4k64fwnp4k/5,official_repository,https://data.mendeley.com/datasets/4k64fwnp4k/5,true,true,user_authentication_required,self_service_authenticated,available,author_source_checked,platform_or_browser_route,403,Author-conducted source check; transfer completeness was evaluated separately.,EyeDataHub author team,true,https://data.mendeley.com/datasets/4k64fwnp4k/5,not_assessed_in_access_verification_log,Windows | Python 3.13.13 | EyeDataHub 0.7.0
csdi,CSDI: Cataract Severity Diagnostic Image Dataset,2026-07-21,route_confirmed,https://huggingface.co/datasets/RainyNight/CSDI,https://huggingface.co/datasets/RainyNight/CSDI,data_platform,https://huggingface.co/datasets/RainyNight/CSDI,true,true,api_token_required_not_stored,self_service_authenticated,available,author_source_checked,ok,200,Author-conducted source check; transfer completeness was evaluated separately.,EyeDataHub author team,true,https://huggingface.co/datasets/RainyNight/CSDI,not_assessed_in_access_verification_log,Windows | Python 3.13.13 | EyeDataHub 0.7.0
cyp1b1_poag_genotypes,CYP1B1 Primary Open-Angle Glaucoma Genotype Dataset,2026-08-02,route_confirmed,https://doi.org/10.25451/flinders.16545561.v1,https://doi.org/10.25451/flinders.16545561.v1,official_repository,https://open.flinders.edu.au/articles/dataset/Tag_single_nucleotide_polymorphisms_SNPs_in_CYP1B1_-_investigation_of_effect_on_Primary_Open_Angle_Glaucoma_POAG_dataset/16545561/1,true,true,api_token_required_not_stored,self_service_authenticated,available,official_metadata_and_file_listing_checked,ok,202,No data files were transferred during source confirmation.,EyeDataHub author team,true,https://doi.org/10.25451/flinders.16545561.v1,not_assessed_in_access_verification_log,Windows | Python 3.13.13 | EyeDataHub 0.7.0
data_oct_fundus_glaucoma,Data on OCT and Fundus Images,2026-07-21,route_confirmed,https://data.mendeley.com/datasets/2rnnz5nz74/2,https://data.mendeley.com/datasets/2rnnz5nz74/2,official_repository,https://data.mendeley.com/datasets/2rnnz5nz74/2,true,true,user_authentication_required,self_service_authenticated,available,author_source_checked,platform_or_browser_route,403,Author-conducted source check; transfer completeness was evaluated separately.,EyeDataHub author team,true,https://data.mendeley.com/datasets/2rnnz5nz74/2,not_assessed_in_access_verification_log,Windows | Python 3.13.13 | EyeDataHub 0.7.0
ddr,DDR: Diabetic Retinopathy Detection & Grading,2026-07-21,route_confirmed,https://drive.google.com/drive/folders/1z6tSFmxW_aNayUqVxx6h6bY4kwGzUTEC,https://drive.google.com/drive/folders/1z6tSFmxW_aNayUqVxx6h6bY4kwGzUTEC,cloud_file_share,https://drive.google.com/drive/folders/1z6tSFmxW_aNayUqVxx6h6bY4kwGzUTEC,true,true,unauthenticated,anonymous_direct,available,author_source_checked,ok,200,Author-conducted source check; transfer completeness was evaluated separately.,EyeDataHub author team,true,https://drive.google.com/drive/folders/1z6tSFmxW_aNayUqVxx6h6bY4kwGzUTEC,not_assessed_in_access_verification_log,Windows | Python 3.13.13 | EyeDataHub 0.7.0
deepdrid,DeepDRiD: Diabetic Retinopathy Grading and Image Quality Dataset,2026-07-21,route_confirmed,https://zenodo.org/records/8248825,https://zenodo.org/records/8248825,official_repository,https://zenodo.org/records/8248825,true,true,user_authentication_required,self_service_authenticated,available,author_source_checked,platform_or_browser_route,403,Author-conducted source check; transfer completeness was evaluated separately.,EyeDataHub author team,true,https://zenodo.org/records/8248825,not_assessed_in_access_verification_log,Windows | Python 3.13.13 | EyeDataHub 0.7.0
deepeyenet,DeepEyeNet (DEN): Fundus Report Generation Dataset,2026-07-21,route_confirmed,https://github.com/Jhhuangkay/DeepOpht-Medical-Report-Generation-for-Retinal-Images-via-Deep-Models-and-Visual-Explanation,https://github.com/Jhhuangkay/DeepOpht-Medical-Report-Generation-for-Retinal-Images-via-Deep-Models-and-Visual-Explanation,documented_manual_route,https://github.com/Jhhuangkay/DeepOpht-Medical-Report-Generation-for-Retinal-Images-via-Deep-Models-and-Visual-Explanation,true,true,author_correspondence_required,author_contact,available,author_source_checked,ok,200,Author-conducted source check; transfer completeness was evaluated separately.,EyeDataHub author team,true,https://github.com/Jhhuangkay/DeepOpht-Medical-Report-Generation-for-Retinal-Images-via-Deep-Models-and-Visual-Explanation,not_assessed_in_access_verification_log,Windows | Python 3.13.13 | EyeDataHub 0.7.0
dme_vqa,Diabetic Macular Edema Visual Question Answering Dataset,2026-07-21,route_confirmed,https://zenodo.org/records/6784358,https://zenodo.org/records/6784358,official_repository,https://zenodo.org/records/6784358,true,true,user_authentication_required,self_service_authenticated,available,author_source_checked,platform_or_browser_route,403,Author-conducted source check; transfer completeness was evaluated separately.,EyeDataHub author team,true,https://zenodo.org/records/6784358,not_assessed_in_access_verification_log,Windows | Python 3.13.13 | EyeDataHub 0.7.0
dme_vqa_logical,DME VQA Dataset with Logical Relations,2026-07-21,route_confirmed,https://zenodo.org/records/7777849,https://zenodo.org/records/7777849,official_repository,https://zenodo.org/records/7777849,true,true,user_authentication_required,self_service_authenticated,available,author_source_checked,platform_or_browser_route,403,Author-conducted source check; transfer completeness was evaluated separately.,EyeDataHub author team,true,https://zenodo.org/records/7777849,not_assessed_in_access_verification_log,Windows | Python 3.13.13 | EyeDataHub 0.7.0
doomgan_ocular_morphs,DOOMGAN Ocular Morph-Attack Dataset,2026-08-02,route_confirmed,https://huggingface.co/datasets/BharathK333/DOOMGAN-Ocular-Morphs,https://huggingface.co/datasets/BharathK333/DOOMGAN-Ocular-Morphs,official_repository,https://huggingface.co/datasets/BharathK333/DOOMGAN-Ocular-Morphs,true,true,api_token_required_not_stored,self_service_authenticated,available,official_metadata_and_file_listing_checked,ok,200,No data files were transferred during source confirmation.,EyeDataHub author team,true,https://huggingface.co/datasets/BharathK333/DOOMGAN-Ocular-Morphs,not_assessed_in_access_verification_log,Windows | Python 3.13.13 | EyeDataHub 0.7.0
drac22,DRAC 2022: Diabetic Retinopathy Analysis Challenge,2026-07-21,route_confirmed,https://zenodo.org/records/10280359,https://zenodo.org/records/10280359,official_repository,https://zenodo.org/records/10280359,true,true,user_authentication_required,self_service_authenticated,available,author_source_checked,platform_or_browser_route,403,Author-conducted source check; transfer completeness was evaluated separately.,EyeDataHub author team,true,https://zenodo.org/records/10280359,not_assessed_in_access_verification_log,Windows | Python 3.13.13 | EyeDataHub 0.7.0
dridb,DRiDB: Diabetic Retinopathy Image Database,2026-07-21,route_confirmed,https://ipg.fer.hr/ipg/resources/image_database,https://ipg.fer.hr/ipg/resources/image_database,documented_manual_route,https://ipg.fer.hr/ipg/resources/image_database,true,true,author_correspondence_required,author_contact,available,author_source_checked,ok,200,Author-conducted source check; transfer completeness was evaluated separately.,EyeDataHub author team,true,https://ipg.fer.hr/ipg/resources/image_database,not_assessed_in_access_verification_log,Windows | Python 3.13.13 | EyeDataHub 0.7.0
drions_db,DRIONS-DB: Digital Retinal Images for Optic Nerve Segmentation,2026-07-21,route_confirmed,https://www.ia.uned.es/~ejcarmona/DRIONS-DB.html,https://www.ia.uned.es/~ejcarmona/DRIONS-DB.html,official_direct,,true,true,unauthenticated,anonymous_direct,available,author_source_checked_with_probe_limitation,ssl_error,,Author-conducted source check; transfer completeness was evaluated separately. Automated probe status: ssl_error; reachability alone was not used to classify access.,EyeDataHub author team,true,https://www.ia.uned.es/~ejcarmona/DRIONS-DB.html,not_assessed_in_access_verification_log,Windows | Python 3.13.13 | EyeDataHub 0.7.0
drishti_gs,DRISHTI-GS: Optic Disc and Cup Segmentation,2026-07-21,route_confirmed,https://www.kaggle.com/datasets/lokeshsaipureddi/drishtigs-retina-dataset-for-onh-segmentation,https://www.kaggle.com/datasets/lokeshsaipureddi/drishtigs-retina-dataset-for-onh-segmentation,data_platform,https://www.kaggle.com/datasets/lokeshsaipureddi/drishtigs-retina-dataset-for-onh-segmentation,true,true,api_token_required_not_stored,self_service_authenticated,available,author_source_checked,ok,200,Author-conducted source check; transfer completeness was evaluated separately.,EyeDataHub author team,true,https://www.kaggle.com/datasets/lokeshsaipureddi/drishtigs-retina-dataset-for-onh-segmentation,not_assessed_in_access_verification_log,Windows | Python 3.13.13 | EyeDataHub 0.7.0
drive,DRIVE: Digital Retinal Images for Vessel Extraction,2026-07-21,route_confirmed,https://drive.grand-challenge.org/DRIVE/,https://drive.grand-challenge.org/DRIVE/,challenge_platform,https://drive.grand-challenge.org/DRIVE/,true,true,user_authentication_required,self_service_authenticated,available,acquisition_route_verified,ok,200,Author-conducted source check; transfer completeness was evaluated separately.,EyeDataHub author team,true,https://drive.grand-challenge.org/DRIVE/,not_assessed_in_access_verification_log,Windows | Python 3.13.13 | EyeDataHub 0.7.0
drtid,DRTiD: Diabetic Retinopathy Two-field Image Dataset,2026-07-21,route_confirmed,https://github.com/FDU-VTS/DRTiD,https://github.com/FDU-VTS/DRTiD,documented_manual_route,https://github.com/FDU-VTS/DRTiD,true,true,manual_authorization_required,controlled_or_manual,available,author_source_checked,ok,200,Author-conducted source check; transfer completeness was evaluated separately.,EyeDataHub author team,true,https://github.com/FDU-VTS/DRTiD,not_assessed_in_access_verification_log,Windows | Python 3.13.13 | EyeDataHub 0.7.0
dryad_acanthamoeba_keratitis_transcriptome,Human conjunctival transcriptome in Acanthamoeba keratitis: An exploratory study,2026-08-01,route_confirmed,https://doi.org/10.5061/dryad.k3j9kd5fx,https://doi.org/10.5061/dryad.k3j9kd5fx,official_repository,https://datadryad.org/dataset/doi:10.5061/dryad.k3j9kd5fx,true,true,api_token_required_not_stored,self_service_authenticated,available,official_metadata_and_file_listing_checked,ok,200,Official Dryad API metadata and current-version file listing reviewed. Data files were not downloaded during catalog discovery.,EyeDataHub author team,true,https://doi.org/10.5061/dryad.k3j9kd5fx,not_assessed_in_access_verification_log,Windows | Python 3.13.13 | EyeDataHub 0.7.0
dryad_amd_zinc_complement,AMD Zinc Complement Dataset,2026-08-01,route_confirmed,https://doi.org/10.5061/dryad.3gq6t,https://doi.org/10.5061/dryad.3gq6t,official_repository,https://datadryad.org/dataset/doi:10.5061/dryad.3gq6t,true,true,api_token_required_not_stored,self_service_authenticated,available,official_metadata_and_file_listing_checked,ok,200,Official Dryad API metadata and current-version file listing reviewed. Data files were not downloaded during catalog discovery.,EyeDataHub author team,true,https://doi.org/10.5061/dryad.3gq6t,not_assessed_in_access_verification_log,Windows | Python 3.13.13 | EyeDataHub 0.7.0
dryad_aoslo_rpe,AOSLO RPE Cell Morphometry and Cone Mosaic Dataset,2026-07-21,route_confirmed,https://doi.org/10.5061/dryad.b41j15h,https://doi.org/10.5061/dryad.b41j15h,official_repository,https://datadryad.org/dataset/doi:10.5061/dryad.b41j15h,true,true,api_token_required_not_stored,self_service_authenticated,available,author_source_checked,ok,200,Author-conducted source check; transfer completeness was evaluated separately.,EyeDataHub author team,true,https://doi.org/10.5061/dryad.b41j15h,not_assessed_in_access_verification_log,Windows | Python 3.13.13 | EyeDataHub 0.7.0
dryad_bariatric_ophthalmology,Bariatric Surgery Ophthalmic Evaluation Dataset,2026-08-01,route_confirmed,https://doi.org/10.5061/dryad.1g6vm34,https://doi.org/10.5061/dryad.1g6vm34,official_repository,https://datadryad.org/dataset/doi:10.5061/dryad.1g6vm34,true,true,api_token_required_not_stored,self_service_authenticated,available,official_metadata_and_file_listing_checked,ok,200,Official Dryad API metadata and current-version file listing reviewed. Data files were not downloaded during catalog discovery.,EyeDataHub author team,true,https://doi.org/10.5061/dryad.1g6vm34,not_assessed_in_access_verification_log,Windows | Python 3.13.13 | EyeDataHub 0.7.0
dryad_brvo_bevacizumab_multimodal,BRVO Bevacizumab Multimodal Dataset,2026-08-01,route_confirmed,https://doi.org/10.5061/dryad.3cp54,https://doi.org/10.5061/dryad.3cp54,official_repository,https://datadryad.org/dataset/doi:10.5061/dryad.3cp54,true,true,api_token_required_not_stored,self_service_authenticated,available,official_metadata_and_file_listing_checked,ok,200,Official Dryad API metadata and current-version file listing reviewed. Data files were not downloaded during catalog discovery.,EyeDataHub author team,true,https://doi.org/10.5061/dryad.3cp54,not_assessed_in_access_verification_log,Windows | Python 3.13.13 | EyeDataHub 0.7.0
dryad_clcc1_retinitis_pigmentosa,CLCC1 Retinitis Pigmentosa Genomics Dataset,2026-08-01,route_confirmed,https://doi.org/10.5061/dryad.3vv31qq,https://doi.org/10.5061/dryad.3vv31qq,official_repository,https://datadryad.org/dataset/doi:10.5061/dryad.3vv31qq,true,true,api_token_required_not_stored,self_service_authenticated,available,official_metadata_and_file_listing_checked,ok,200,Official Dryad API metadata and current-version file listing reviewed. Data files were not downloaded during catalog discovery.,EyeDataHub author team,true,https://doi.org/10.5061/dryad.3vv31qq,not_assessed_in_access_verification_log,Windows | Python 3.13.13 | EyeDataHub 0.7.0
dryad_congenital_cataract_sight_restoration,Congenital Cataract Sight Restoration Dataset,2026-08-01,route_confirmed,https://doi.org/10.5061/dryad.0gb5mkm9b,https://doi.org/10.5061/dryad.0gb5mkm9b,official_repository,https://datadryad.org/dataset/doi:10.5061/dryad.0gb5mkm9b,true,true,api_token_required_not_stored,self_service_authenticated,available,official_metadata_and_file_listing_checked,ok,200,Official Dryad API metadata and current-version file listing reviewed. Data files were not downloaded during catalog discovery.,EyeDataHub author team,true,https://doi.org/10.5061/dryad.0gb5mkm9b,not_assessed_in_access_verification_log,Windows | Python 3.13.13 | EyeDataHub 0.7.0
dryad_congenital_glaucoma_wes,Identification of novel variants in LTBP2 and PXDN using whole-exome sequencing in developmental and congenital glaucoma,2026-08-01,route_confirmed,https://doi.org/10.5061/dryad.k7455,https://doi.org/10.5061/dryad.k7455,official_repository,https://datadryad.org/dataset/doi:10.5061/dryad.k7455,true,true,api_token_required_not_stored,self_service_authenticated,available,official_metadata_and_file_listing_checked,ok,200,Official Dryad API metadata and current-version file listing reviewed. Data files were not downloaded during catalog discovery.,EyeDataHub author team,true,https://doi.org/10.5061/dryad.k7455,not_assessed_in_access_verification_log,Windows | Python 3.13.13 | EyeDataHub 0.7.0
dryad_cornea_oct_pentacam,Corneal OCT and Pentacam Tomography Dataset,2026-07-21,route_confirmed,https://doi.org/10.5061/dryad.tht76hf0c,https://doi.org/10.5061/dryad.tht76hf0c,official_repository,https://datadryad.org/dataset/doi:10.5061/dryad.tht76hf0c,true,true,api_token_required_not_stored,self_service_authenticated,available,author_source_checked,ok,200,Author-conducted source check; transfer completeness was evaluated separately.,EyeDataHub author team,true,https://doi.org/10.5061/dryad.tht76hf0c,not_assessed_in_access_verification_log,Windows | Python 3.13.13 | EyeDataHub 0.7.0
dryad_corneal_biomechanics_prostaglandin,Changes in corneal biomechanical properties after long-term topical prostaglandin therapy,2026-08-01,route_confirmed,https://doi.org/10.5061/dryad.d35s0,https://doi.org/10.5061/dryad.d35s0,official_repository,https://datadryad.org/dataset/doi:10.5061/dryad.d35s0,true,true,api_token_required_not_stored,self_service_authenticated,available,official_metadata_and_file_listing_checked,ok,200,Official Dryad API metadata and current-version file listing reviewed. Data files were not downloaded during catalog discovery.,EyeDataHub author team,true,https://doi.org/10.5061/dryad.d35s0,not_assessed_in_access_verification_log,Windows | Python 3.13.13 | EyeDataHub 0.7.0
dryad_corneal_conjunctivitis_biomarker,Corneal Conjunctivitis Biomarker Dataset,2026-08-01,route_confirmed,https://doi.org/10.5061/dryad.4j0zpc8mm,https://doi.org/10.5061/dryad.4j0zpc8mm,official_repository,https://datadryad.org/dataset/doi:10.5061/dryad.4j0zpc8mm,true,true,api_token_required_not_stored,self_service_authenticated,available,official_metadata_and_file_listing_checked,ok,200,Official Dryad API metadata and current-version file listing reviewed. Data files were not downloaded during catalog discovery.,EyeDataHub author team,true,https://doi.org/10.5061/dryad.4j0zpc8mm,not_assessed_in_access_verification_log,Windows | Python 3.13.13 | EyeDataHub 0.7.0
dryad_corneal_laser_procedure,Corneal Laser Procedure for safety and efficacy in vision improvement,2026-08-01,route_confirmed,https://doi.org/10.5061/dryad.m905qfv2r,https://doi.org/10.5061/dryad.m905qfv2r,official_repository,https://datadryad.org/dataset/doi:10.5061/dryad.m905qfv2r,true,true,api_token_required_not_stored,self_service_authenticated,available,official_metadata_and_file_listing_checked,ok,200,Official Dryad API metadata and current-version file listing reviewed. Data files were not downloaded during catalog discovery.,EyeDataHub author team,true,https://doi.org/10.5061/dryad.m905qfv2r,not_assessed_in_access_verification_log,Windows | Python 3.13.13 | EyeDataHub 0.7.0
dryad_crvo_vegf_tortuosity,CRVO Retinal Tortuosity and VEGF Dataset,2026-08-01,route_confirmed,https://doi.org/10.5061/dryad.5dn13,https://doi.org/10.5061/dryad.5dn13,official_repository,https://datadryad.org/dataset/doi:10.5061/dryad.5dn13,true,true,api_token_required_not_stored,self_service_authenticated,available,official_metadata_and_file_listing_checked,ok,200,Official Dryad API metadata and current-version file listing reviewed. Data files were not downloaded during catalog discovery.,EyeDataHub author team,true,https://doi.org/10.5061/dryad.5dn13,not_assessed_in_access_verification_log,Windows | Python 3.13.13 | EyeDataHub 0.7.0
dryad_d1zd5s,Single cell transcriptomic analyses reveal the impact of bHLH factors on human retinal organoid development,2026-08-01,route_confirmed,https://doi.org/10.5068/d1zd5s,https://doi.org/10.5068/d1zd5s,official_repository,https://datadryad.org/dataset/doi:10.5068/D1ZD5S,true,true,api_token_required_not_stored,self_service_authenticated,available,official_metadata_and_file_listing_checked,ok,200,Official Dryad API metadata and current-version file listing reviewed. Data files were not downloaded during catalog discovery.,EyeDataHub author team,true,https://doi.org/10.5068/d1zd5s,not_assessed_in_access_verification_log,Windows | Python 3.13.13 | EyeDataHub 0.7.0
dryad_diabetes_retinal_capillary,Diabetes Retinal Capillary Rarefaction Dataset,2026-08-01,route_confirmed,https://doi.org/10.5061/dryad.58791,https://doi.org/10.5061/dryad.58791,official_repository,https://datadryad.org/dataset/doi:10.5061/dryad.58791,true,true,api_token_required_not_stored,self_service_authenticated,available,official_metadata_and_file_listing_checked,ok,200,Official Dryad API metadata and current-version file listing reviewed. Data files were not downloaded during catalog discovery.,EyeDataHub author team,true,https://doi.org/10.5061/dryad.58791,not_assessed_in_access_verification_log,Windows | Python 3.13.13 | EyeDataHub 0.7.0
dryad_diabetic_retinopathy_renal,Diabetic Retinopathy and Renal Function Dataset,2026-08-01,route_confirmed,https://doi.org/10.5061/dryad.6kg1sd7,https://doi.org/10.5061/dryad.6kg1sd7,official_repository,https://datadryad.org/dataset/doi:10.5061/dryad.6kg1sd7,true,true,api_token_required_not_stored,self_service_authenticated,available,official_metadata_and_file_listing_checked,ok,200,Official Dryad API metadata and current-version file listing reviewed. Data files were not downloaded during catalog discovery.,EyeDataHub author team,true,https://doi.org/10.5061/dryad.6kg1sd7,not_assessed_in_access_verification_log,Windows | Python 3.13.13 | EyeDataHub 0.7.0
dryad_dome_shaped_macula,Observational study of clinical characteristics of dome-shaped macula in Chinese Han with high myopia at Zhongshan Ophthalmic Center,2026-08-01,route_confirmed,https://doi.org/10.5061/dryad.h544560,https://doi.org/10.5061/dryad.h544560,official_repository,https://datadryad.org/dataset/doi:10.5061/dryad.h544560,true,true,api_token_required_not_stored,self_service_authenticated,available,official_metadata_and_file_listing_checked,ok,200,Official Dryad API metadata and current-version file listing reviewed. Data files were not downloaded during catalog discovery.,EyeDataHub author team,true,https://doi.org/10.5061/dryad.h544560,not_assessed_in_access_verification_log,Windows | Python 3.13.13 | EyeDataHub 0.7.0
dryad_dry_eye_nlrp3,Dry Eye NLRP3 Ocular Surface Dataset,2026-08-01,route_confirmed,https://doi.org/10.5061/dryad.7vn28,https://doi.org/10.5061/dryad.7vn28,official_repository,https://datadryad.org/dataset/doi:10.5061/dryad.7vn28,true,true,api_token_required_not_stored,self_service_authenticated,available,official_metadata_and_file_listing_checked,ok,200,Official Dryad API metadata and current-version file listing reviewed. Data files were not downloaded during catalog discovery.,EyeDataHub author team,true,https://doi.org/10.5061/dryad.7vn28,not_assessed_in_access_verification_log,Windows | Python 3.13.13 | EyeDataHub 0.7.0
dryad_eye_care_quality_of_life,Utility index and vision related quality of life in patients awaiting specialist eye care,2026-08-01,route_confirmed,https://doi.org/10.5061/dryad.h44j0zpv3,https://doi.org/10.5061/dryad.h44j0zpv3,official_repository,https://datadryad.org/dataset/doi:10.5061/dryad.h44j0zpv3,true,true,api_token_required_not_stored,self_service_authenticated,available,official_metadata_and_file_listing_checked,ok,200,Official Dryad API metadata and current-version file listing reviewed. Data files were not downloaded during catalog discovery.,EyeDataHub author team,true,https://doi.org/10.5061/dryad.h44j0zpv3,not_assessed_in_access_verification_log,Windows | Python 3.13.13 | EyeDataHub 0.7.0
dryad_functional_oct_alzheimer,Functional OCT Retinal Response Dataset,2026-07-21,route_confirmed,https://doi.org/10.5061/dryad.msbcc2ftc,https://doi.org/10.5061/dryad.msbcc2ftc,official_repository,https://datadryad.org/dataset/doi:10.5061/dryad.msbcc2ftc,true,true,api_token_required_not_stored,self_service_authenticated,available,author_source_checked,ok,200,Author-conducted source check; transfer completeness was evaluated separately.,EyeDataHub author team,true,https://doi.org/10.5061/dryad.msbcc2ftc,not_assessed_in_access_verification_log,Windows | Python 3.13.13 | EyeDataHub 0.7.0
dryad_fundus_venous_pulsation,Fundus Venous Pulsation Sequence Dataset,2026-08-01,route_confirmed,https://doi.org/10.5061/dryad.56f1h,https://doi.org/10.5061/dryad.56f1h,official_repository,https://datadryad.org/dataset/doi:10.5061/dryad.56f1h,true,true,api_token_required_not_stored,self_service_authenticated,available,official_metadata_and_file_listing_checked,ok,200,Official Dryad API metadata and current-version file listing reviewed. Data files were not downloaded during catalog discovery.,EyeDataHub author team,true,https://doi.org/10.5061/dryad.56f1h,not_assessed_in_access_verification_log,Windows | Python 3.13.13 | EyeDataHub 0.7.0
dryad_fungal_keratitis_cci,CCI.net fungal keratitis cases dataset,2026-08-01,route_confirmed,https://doi.org/10.5061/dryad.8931zcrw5,https://doi.org/10.5061/dryad.8931zcrw5,official_repository,https://datadryad.org/dataset/doi:10.5061/dryad.8931zcrw5,true,true,api_token_required_not_stored,self_service_authenticated,available,official_metadata_and_file_listing_checked,ok,200,Official Dryad API metadata and current-version file listing reviewed. Data files were not downloaded during catalog discovery.,EyeDataHub author team,true,https://doi.org/10.5061/dryad.8931zcrw5,not_assessed_in_access_verification_log,Windows | Python 3.13.13 | EyeDataHub 0.7.0
dryad_ga_biofeedback,Biofeedback fixation training in the rehabilitation of patients suffering from geographic atrophy,2026-08-01,route_confirmed,https://doi.org/10.5061/dryad.ngf1vhj81,https://doi.org/10.5061/dryad.ngf1vhj81,official_repository,https://datadryad.org/dataset/doi:10.5061/dryad.ngf1vhj81,true,true,api_token_required_not_stored,self_service_authenticated,available,official_metadata_and_file_listing_checked,ok,200,Official Dryad API metadata and current-version file listing reviewed. Data files were not downloaded during catalog discovery.,EyeDataHub author team,true,https://doi.org/10.5061/dryad.ngf1vhj81,not_assessed_in_access_verification_log,Windows | Python 3.13.13 | EyeDataHub 0.7.0
dryad_gca_optic_nerve_dwi,GCA Optic Nerve Diffusion MRI Dataset,2026-08-01,route_confirmed,https://doi.org/10.5061/dryad.59zw3r2bk,https://doi.org/10.5061/dryad.59zw3r2bk,official_repository,https://datadryad.org/dataset/doi:10.5061/dryad.59zw3r2bk,true,true,api_token_required_not_stored,self_service_authenticated,available,official_metadata_and_file_listing_checked,ok,200,Official Dryad API metadata and current-version file listing reviewed. Data files were not downloaded during catalog discovery.,EyeDataHub author team,true,https://doi.org/10.5061/dryad.59zw3r2bk,not_assessed_in_access_verification_log,Windows | Python 3.13.13 | EyeDataHub 0.7.0
dryad_gcc_glaucoma,Glaucoma Ganglion Cell Complex Clinical Dataset,2026-07-21,route_confirmed,https://doi.org/10.5061/dryad.xwdbrv1tn,https://doi.org/10.5061/dryad.xwdbrv1tn,official_repository,https://datadryad.org/dataset/doi:10.5061/dryad.xwdbrv1tn,true,true,api_token_required_not_stored,self_service_authenticated,available,author_source_checked,ok,200,Author-conducted source check; transfer completeness was evaluated separately.,EyeDataHub author team,true,https://doi.org/10.5061/dryad.xwdbrv1tn,not_assessed_in_access_verification_log,Windows | Python 3.13.13 | EyeDataHub 0.7.0
dryad_glaucoma_lhon_mitochondrial,Glaucoma and LHON Mitochondrial Function Dataset,2026-08-01,route_confirmed,https://doi.org/10.5061/dryad.2k4v4,https://doi.org/10.5061/dryad.2k4v4,official_repository,https://datadryad.org/dataset/doi:10.5061/dryad.2k4v4,true,true,api_token_required_not_stored,self_service_authenticated,available,official_metadata_and_file_listing_checked,ok,200,Official Dryad API metadata and current-version file listing reviewed. Data files were not downloaded during catalog discovery.,EyeDataHub author team,true,https://doi.org/10.5061/dryad.2k4v4,not_assessed_in_access_verification_log,Windows | Python 3.13.13 | EyeDataHub 0.7.0
dryad_glaucoma_rnfl_vf,RNFL and Visual-Field Glaucoma Diagnosis Dataset,2026-07-21,route_confirmed,https://doi.org/10.5061/dryad.q6ft5,https://doi.org/10.5061/dryad.q6ft5,official_repository,https://datadryad.org/dataset/doi:10.5061/dryad.q6ft5,true,true,api_token_required_not_stored,self_service_authenticated,available,author_source_checked,ok,200,Author-conducted source check; transfer completeness was evaluated separately.,EyeDataHub author team,true,https://doi.org/10.5061/dryad.q6ft5,not_assessed_in_access_verification_log,Windows | Python 3.13.13 | EyeDataHub 0.7.0
dryad_human_foveal_cones,Human foveal cone photoreceptor topography and its dependence on eye length,2026-08-01,route_confirmed,https://doi.org/10.5061/dryad.nh0fp1b,https://doi.org/10.5061/dryad.nh0fp1b,official_repository,https://datadryad.org/dataset/doi:10.5061/dryad.nh0fp1b,true,true,api_token_required_not_stored,self_service_authenticated,available,official_metadata_and_file_listing_checked,ok,200,Official Dryad API metadata and current-version file listing reviewed. Data files were not downloaded during catalog discovery.,EyeDataHub author team,true,https://doi.org/10.5061/dryad.nh0fp1b,not_assessed_in_access_verification_log,Windows | Python 3.13.13 | EyeDataHub 0.7.0
dryad_huntingtons_retinal_oct,Is retina affected in Huntington's disease? Is optical coherence tomography a good biomarker?,2026-08-01,route_confirmed,https://doi.org/10.5061/dryad.ncjsxksxr,https://doi.org/10.5061/dryad.ncjsxksxr,official_repository,https://datadryad.org/dataset/doi:10.5061/dryad.ncjsxksxr,true,true,api_token_required_not_stored,self_service_authenticated,available,official_metadata_and_file_listing_checked,ok,200,Official Dryad API metadata and current-version file listing reviewed. Data files were not downloaded during catalog discovery.,EyeDataHub author team,true,https://doi.org/10.5061/dryad.ncjsxksxr,not_assessed_in_access_verification_log,Windows | Python 3.13.13 | EyeDataHub 0.7.0
dryad_icmr_eye_see_cataract,ICMR EYE SEE Cataract and Sun Exposure Dataset,2026-08-01,route_confirmed,https://doi.org/10.5061/dryad.5qfttdz19,https://doi.org/10.5061/dryad.5qfttdz19,official_repository,https://datadryad.org/dataset/doi:10.5061/dryad.5qfttdz19,true,true,api_token_required_not_stored,self_service_authenticated,available,official_metadata_and_file_listing_checked,ok,200,Official Dryad API metadata and current-version file listing reviewed. Data files were not downloaded during catalog discovery.,EyeDataHub author team,true,https://doi.org/10.5061/dryad.5qfttdz19,not_assessed_in_access_verification_log,Windows | Python 3.13.13 | EyeDataHub 0.7.0
dryad_iris_surface_features,Iris Surface Features Dataset,2026-08-01,route_confirmed,https://doi.org/10.5061/dryad.0kt87,https://doi.org/10.5061/dryad.0kt87,official_repository,https://datadryad.org/dataset/doi:10.5061/dryad.0kt87,true,true,api_token_required_not_stored,self_service_authenticated,available,official_metadata_and_file_listing_checked,ok,200,Official Dryad API metadata and current-version file listing reviewed. Data files were not downloaded during catalog discovery.,EyeDataHub author team,true,https://doi.org/10.5061/dryad.0kt87,not_assessed_in_access_verification_log,Windows | Python 3.13.13 | EyeDataHub 0.7.0
dryad_karachi_cataract_outcomes,Karachi Cataract Surgery Quality Dataset,2026-08-01,route_confirmed,https://doi.org/10.5061/dryad.7q5c7,https://doi.org/10.5061/dryad.7q5c7,official_repository,https://datadryad.org/dataset/doi:10.5061/dryad.7q5c7,true,true,api_token_required_not_stored,self_service_authenticated,available,official_metadata_and_file_listing_checked,ok,200,Official Dryad API metadata and current-version file listing reviewed. Data files were not downloaded during catalog discovery.,EyeDataHub author team,true,https://doi.org/10.5061/dryad.7q5c7,not_assessed_in_access_verification_log,Windows | Python 3.13.13 | EyeDataHub 0.7.0
dryad_lens_fluorescence_twins,Long-term development of lens fluorescence in a twin cohort: Heritability and effects of age and lifestyle,2026-08-01,route_confirmed,https://doi.org/10.5061/dryad.mcvdnck22,https://doi.org/10.5061/dryad.mcvdnck22,official_repository,https://datadryad.org/dataset/doi:10.5061/dryad.mcvdnck22,true,true,api_token_required_not_stored,self_service_authenticated,available,official_metadata_and_file_listing_checked,ok,200,Official Dryad API metadata and current-version file listing reviewed. Data files were not downloaded during catalog discovery.,EyeDataHub author team,true,https://doi.org/10.5061/dryad.mcvdnck22,not_assessed_in_access_verification_log,Windows | Python 3.13.13 | EyeDataHub 0.7.0
dryad_lvpei_cataract_outcomes,LVPEI Cataract Surgery Outcome Dataset,2026-08-01,route_confirmed,https://doi.org/10.5061/dryad.71hp4,https://doi.org/10.5061/dryad.71hp4,official_repository,https://datadryad.org/dataset/doi:10.5061/dryad.71hp4,true,true,api_token_required_not_stored,self_service_authenticated,available,official_metadata_and_file_listing_checked,ok,200,Official Dryad API metadata and current-version file listing reviewed. Data files were not downloaded during catalog discovery.,EyeDataHub author team,true,https://doi.org/10.5061/dryad.71hp4,not_assessed_in_access_verification_log,Windows | Python 3.13.13 | EyeDataHub 0.7.0
dryad_moorfields_amd_1_2_year,One and two year visual outcomes from the Moorfields age-related macular degeneration database: a retrospective cohort study and an open science resource,2026-08-01,route_confirmed,https://doi.org/10.5061/dryad.97r9289,https://doi.org/10.5061/dryad.97r9289,official_repository,https://datadryad.org/dataset/doi:10.5061/dryad.97r9289,true,true,api_token_required_not_stored,self_service_authenticated,available,official_metadata_and_file_listing_checked,ok,200,Official Dryad API metadata and current-version file listing reviewed. Data files were not downloaded during catalog discovery.,EyeDataHub author team,true,https://doi.org/10.5061/dryad.97r9289,not_assessed_in_access_verification_log,Windows | Python 3.13.13 | EyeDataHub 0.7.0
dryad_moorfields_namd_fellow_eye,Moorfields nAMD Fellow-Eye Dataset,2026-08-01,route_confirmed,https://doi.org/10.5061/dryad.4mw6m906b,https://doi.org/10.5061/dryad.4mw6m906b,official_repository,https://datadryad.org/dataset/doi:10.5061/dryad.4mw6m906b,true,true,api_token_required_not_stored,self_service_authenticated,available,official_metadata_and_file_listing_checked,ok,200,Official Dryad API metadata and current-version file listing reviewed. Data files were not downloaded during catalog discovery.,EyeDataHub author team,true,https://doi.org/10.5061/dryad.4mw6m906b,not_assessed_in_access_verification_log,Windows | Python 3.13.13 | EyeDataHub 0.7.0
dryad_myopia_glaucoma_visual_field,Myopia and Glaucoma Visual Field Prognosis Dataset,2026-08-01,route_confirmed,https://doi.org/10.5061/dryad.1n50q,https://doi.org/10.5061/dryad.1n50q,official_repository,https://datadryad.org/dataset/doi:10.5061/dryad.1n50q,true,true,api_token_required_not_stored,self_service_authenticated,available,official_metadata_and_file_listing_checked,ok,200,Official Dryad API metadata and current-version file listing reviewed. Data files were not downloaded during catalog discovery.,EyeDataHub author team,true,https://doi.org/10.5061/dryad.1n50q,not_assessed_in_access_verification_log,Windows | Python 3.13.13 | EyeDataHub 0.7.0
dryad_namd_12_year_survival,Insights from survival analyses during 12 years of anti-VEGF therapy for neovascular age-related macular degeneration,2026-08-01,route_confirmed,https://doi.org/10.5061/dryad.nvx0k6dqg,https://doi.org/10.5061/dryad.nvx0k6dqg,official_repository,https://datadryad.org/dataset/doi:10.5061/dryad.nvx0k6dqg,true,true,api_token_required_not_stored,self_service_authenticated,available,official_metadata_and_file_listing_checked,ok,200,Official Dryad API metadata and current-version file listing reviewed. Data files were not downloaded during catalog discovery.,EyeDataHub author team,true,https://doi.org/10.5061/dryad.nvx0k6dqg,not_assessed_in_access_verification_log,Windows | Python 3.13.13 | EyeDataHub 0.7.0
dryad_namd_oct_longitudinal,Quantifying changes on optical coherence tomography in eyes receiving treatment for neovascular age-related macular degeneration,2026-08-01,route_confirmed,https://doi.org/10.5061/dryad.8cz8w9h0v,https://doi.org/10.5061/dryad.8cz8w9h0v,official_repository,https://datadryad.org/dataset/doi:10.5061/dryad.8cz8w9h0v,true,true,api_token_required_not_stored,self_service_authenticated,available,official_metadata_and_file_listing_checked,ok,200,Official Dryad API metadata and current-version file listing reviewed. Data files were not downloaded during catalog discovery.,EyeDataHub author team,true,https://doi.org/10.5061/dryad.8cz8w9h0v,not_assessed_in_access_verification_log,Windows | Python 3.13.13 | EyeDataHub 0.7.0
dryad_namd_oct_quant,Moorfields nAMD Quantitative OCT Biomarker Dataset,2026-07-21,route_confirmed,https://doi.org/10.5061/dryad.2rbnzs7m4,https://doi.org/10.5061/dryad.2rbnzs7m4,official_repository,https://datadryad.org/dataset/doi:10.5061/dryad.2rbnzs7m4,true,true,api_token_required_not_stored,self_service_authenticated,available,author_source_checked,ok,200,Author-conducted source check; transfer completeness was evaluated separately.,EyeDataHub author team,true,https://doi.org/10.5061/dryad.2rbnzs7m4,not_assessed_in_access_verification_log,Windows | Python 3.13.13 | EyeDataHub 0.7.0
dryad_namd_ten_year_survival,Ten-year survival trends of neovascular age-related macular degeneration at first presentation,2026-08-01,route_confirmed,https://doi.org/10.5061/dryad.9cnp5hqfm,https://doi.org/10.5061/dryad.9cnp5hqfm,official_repository,https://datadryad.org/dataset/doi:10.5061/dryad.9cnp5hqfm,true,true,api_token_required_not_stored,self_service_authenticated,available,official_metadata_and_file_listing_checked,ok,200,Official Dryad API metadata and current-version file listing reviewed. Data files were not downloaded during catalog discovery.,EyeDataHub author team,true,https://doi.org/10.5061/dryad.9cnp5hqfm,not_assessed_in_access_verification_log,Windows | Python 3.13.13 | EyeDataHub 0.7.0
dryad_namd_visual_prediction,Moorfields nAMD Visual-Change Prediction Dataset,2026-07-21,route_confirmed,https://doi.org/10.5061/dryad.573n5tb5d,https://doi.org/10.5061/dryad.573n5tb5d,official_repository,https://datadryad.org/dataset/doi:10.5061/dryad.573n5tb5d,true,true,api_token_required_not_stored,self_service_authenticated,available,author_source_checked,ok,200,Author-conducted source check; transfer completeness was evaluated separately.,EyeDataHub author team,true,https://doi.org/10.5061/dryad.573n5tb5d,not_assessed_in_access_verification_log,Windows | Python 3.13.13 | EyeDataHub 0.7.0
dryad_nigeria_cataract_services,Nigeria Cataract Services Dataset,2026-08-01,route_confirmed,https://doi.org/10.5061/dryad.13bp2,https://doi.org/10.5061/dryad.13bp2,official_repository,https://datadryad.org/dataset/doi:10.5061/dryad.13bp2,true,true,api_token_required_not_stored,self_service_authenticated,available,official_metadata_and_file_listing_checked,ok,200,Official Dryad API metadata and current-version file listing reviewed. Data files were not downloaded during catalog discovery.,EyeDataHub author team,true,https://doi.org/10.5061/dryad.13bp2,not_assessed_in_access_verification_log,Windows | Python 3.13.13 | EyeDataHub 0.7.0
dryad_ocular_chemical_injuries_shanghai,Clinical characteristics of patients hospitalized for ocular chemical injuries in Shanghai from 2012 to 2017,2026-08-01,route_confirmed,https://doi.org/10.5061/dryad.9707661,https://doi.org/10.5061/dryad.9707661,official_repository,https://datadryad.org/dataset/doi:10.5061/dryad.9707661,true,true,api_token_required_not_stored,self_service_authenticated,available,official_metadata_and_file_listing_checked,ok,200,Official Dryad API metadata and current-version file listing reviewed. Data files were not downloaded during catalog discovery.,EyeDataHub author team,true,https://doi.org/10.5061/dryad.9707661,not_assessed_in_access_verification_log,Windows | Python 3.13.13 | EyeDataHub 0.7.0
dryad_ocular_surface_amr,Ocular Surface AMR Keratitis Dataset,2026-08-01,route_confirmed,https://doi.org/10.5061/dryad.6t1g1jx9s,https://doi.org/10.5061/dryad.6t1g1jx9s,official_repository,https://datadryad.org/dataset/doi:10.5061/dryad.6t1g1jx9s,true,true,api_token_required_not_stored,self_service_authenticated,available,official_metadata_and_file_listing_checked,ok,200,Official Dryad API metadata and current-version file listing reviewed. Data files were not downloaded during catalog discovery.,EyeDataHub author team,true,https://doi.org/10.5061/dryad.6t1g1jx9s,not_assessed_in_access_verification_log,Windows | Python 3.13.13 | EyeDataHub 0.7.0
dryad_optic_neuritis_metacontrast,Dichoptic metacontrast masking functions to infer transmission delay in optic neuritis,2026-08-01,route_confirmed,https://doi.org/10.5061/dryad.cp4j7,https://doi.org/10.5061/dryad.cp4j7,official_repository,https://datadryad.org/dataset/doi:10.5061/dryad.cp4j7,true,true,api_token_required_not_stored,self_service_authenticated,available,official_metadata_and_file_listing_checked,ok,200,Official Dryad API metadata and current-version file listing reviewed. Data files were not downloaded during catalog discovery.,EyeDataHub author team,true,https://doi.org/10.5061/dryad.cp4j7,not_assessed_in_access_verification_log,Windows | Python 3.13.13 | EyeDataHub 0.7.0
dryad_pediatric_corneal_endothelium,Corneal endothelial morphology of healthy myopic Malaysian children of Chinese ethnicity aged 8-9 years and its association with axial length,2026-08-01,route_confirmed,https://doi.org/10.5061/dryad.hhmgqnkjc,https://doi.org/10.5061/dryad.hhmgqnkjc,official_repository,https://datadryad.org/dataset/doi:10.5061/dryad.hhmgqnkjc,true,true,api_token_required_not_stored,self_service_authenticated,available,official_metadata_and_file_listing_checked,ok,200,Official Dryad API metadata and current-version file listing reviewed. Data files were not downloaded during catalog discovery.,EyeDataHub author team,true,https://doi.org/10.5061/dryad.hhmgqnkjc,not_assessed_in_access_verification_log,Windows | Python 3.13.13 | EyeDataHub 0.7.0
dryad_pediatric_myopia_longitudinal,Axial length elongation and myopia incidence increase in primary school-age children: 3-year follow-up study,2026-08-01,route_confirmed,https://doi.org/10.5061/dryad.d4mb3pn,https://doi.org/10.5061/dryad.d4mb3pn,official_repository,https://datadryad.org/dataset/doi:10.5061/dryad.d4mb3pn,true,true,api_token_required_not_stored,self_service_authenticated,available,official_metadata_and_file_listing_checked,ok,200,Official Dryad API metadata and current-version file listing reviewed. Data files were not downloaded during catalog discovery.,EyeDataHub author team,true,https://doi.org/10.5061/dryad.d4mb3pn,not_assessed_in_access_verification_log,Windows | Python 3.13.13 | EyeDataHub 0.7.0
dryad_pediatric_optical_quality,Intra- and intersession repeatability of an optical quality and intraocular scattering measurement system in children,2026-08-01,route_confirmed,https://doi.org/10.5061/dryad.bm8nv,https://doi.org/10.5061/dryad.bm8nv,official_repository,https://datadryad.org/dataset/doi:10.5061/dryad.bm8nv,true,true,api_token_required_not_stored,self_service_authenticated,available,official_metadata_and_file_listing_checked,ok,200,Official Dryad API metadata and current-version file listing reviewed. Data files were not downloaded during catalog discovery.,EyeDataHub author team,true,https://doi.org/10.5061/dryad.bm8nv,not_assessed_in_access_verification_log,Windows | Python 3.13.13 | EyeDataHub 0.7.0
dryad_pediatric_secondary_iol,Pediatric Secondary IOL Outcome Dataset,2026-08-01,route_confirmed,https://doi.org/10.5061/dryad.5t9d1,https://doi.org/10.5061/dryad.5t9d1,official_repository,https://datadryad.org/dataset/doi:10.5061/dryad.5t9d1,true,true,api_token_required_not_stored,self_service_authenticated,available,official_metadata_and_file_listing_checked,ok,200,Official Dryad API metadata and current-version file listing reviewed. Data files were not downloaded during catalog discovery.,EyeDataHub author team,true,https://doi.org/10.5061/dryad.5t9d1,not_assessed_in_access_verification_log,Windows | Python 3.13.13 | EyeDataHub 0.7.0
dryad_pk31jt2,Data from: Low incidence of choroidal neovascularization following subthreshold diode micropulse laser (SDM) in high-risk AMD,2026-08-01,route_confirmed,https://doi.org/10.5061/dryad.pk31jt2,https://doi.org/10.5061/dryad.pk31jt2,official_repository,https://datadryad.org/dataset/doi:10.5061/dryad.pk31jt2,true,true,api_token_required_not_stored,self_service_authenticated,available,official_metadata_and_file_listing_checked,ok,200,Official Dryad API metadata and current-version file listing reviewed. Data files were not downloaded during catalog discovery.,EyeDataHub author team,true,https://doi.org/10.5061/dryad.pk31jt2,not_assessed_in_access_verification_log,Windows | Python 3.13.13 | EyeDataHub 0.7.0
dryad_pnvx0k6hv,Time trends and associated factors of axial length in 4 and 5 year-olds children in Shanghai from 2013 to 2019,2026-08-01,route_confirmed,https://doi.org/10.5061/dryad.pnvx0k6hv,https://doi.org/10.5061/dryad.pnvx0k6hv,official_repository,https://datadryad.org/dataset/doi:10.5061/dryad.pnvx0k6hv,true,true,api_token_required_not_stored,self_service_authenticated,available,official_metadata_and_file_listing_checked,ok,200,Official Dryad API metadata and current-version file listing reviewed. Data files were not downloaded during catalog discovery.,EyeDataHub author team,true,https://doi.org/10.5061/dryad.pnvx0k6hv,not_assessed_in_access_verification_log,Windows | Python 3.13.13 | EyeDataHub 0.7.0
dryad_preeclampsia_ocular_octa,Plane wave ultrasound and OCT angiography of the eye in preeclampsia,2026-08-01,route_confirmed,https://doi.org/10.5061/dryad.j0zpc86kg,https://doi.org/10.5061/dryad.j0zpc86kg,official_repository,https://datadryad.org/dataset/doi:10.5061/dryad.j0zpc86kg,true,true,api_token_required_not_stored,self_service_authenticated,available,official_metadata_and_file_listing_checked,ok,200,Official Dryad API metadata and current-version file listing reviewed. Data files were not downloaded during catalog discovery.,EyeDataHub author team,true,https://doi.org/10.5061/dryad.j0zpc86kg,not_assessed_in_access_verification_log,Windows | Python 3.13.13 | EyeDataHub 0.7.0
dryad_pvd_diagnostic_oct,"Accuracy of biomicroscopy, ultrasonography and spectral-domain OCT in detection of complete posterior vitreous detachment",2026-08-01,route_confirmed,https://doi.org/10.5061/dryad.h44j0zpnp,https://doi.org/10.5061/dryad.h44j0zpnp,official_repository,https://datadryad.org/dataset/doi:10.5061/dryad.h44j0zpnp,true,true,api_token_required_not_stored,self_service_authenticated,available,official_metadata_and_file_listing_checked,ok,200,Official Dryad API metadata and current-version file listing reviewed. Data files were not downloaded during catalog discovery.,EyeDataHub author team,true,https://doi.org/10.5061/dryad.h44j0zpnp,not_assessed_in_access_verification_log,Windows | Python 3.13.13 | EyeDataHub 0.7.0
dryad_pzgmsbcfw,Anti-vegf therapy in diabetic macular oedema patients over four years,2026-08-01,route_confirmed,https://doi.org/10.5061/dryad.pzgmsbcfw,https://doi.org/10.5061/dryad.pzgmsbcfw,official_repository,https://datadryad.org/dataset/doi:10.5061/dryad.pzgmsbcfw,true,true,api_token_required_not_stored,self_service_authenticated,available,official_metadata_and_file_listing_checked,ok,200,Official Dryad API metadata and current-version file listing reviewed. Data files were not downloaded during catalog discovery.,EyeDataHub author team,true,https://doi.org/10.5061/dryad.pzgmsbcfw,not_assessed_in_access_verification_log,Windows | Python 3.13.13 | EyeDataHub 0.7.0
dryad_qfttdz0dr,Association of APOE gene polymorphisms with primary open angle glaucoma in Brazilian patients,2026-08-01,route_confirmed,https://doi.org/10.5061/dryad.qfttdz0dr,https://doi.org/10.5061/dryad.qfttdz0dr,official_repository,https://datadryad.org/dataset/doi:10.5061/dryad.qfttdz0dr,true,true,api_token_required_not_stored,self_service_authenticated,available,official_metadata_and_file_listing_checked,ok,200,Official Dryad API metadata and current-version file listing reviewed. Data files were not downloaded during catalog discovery.,EyeDataHub author team,true,https://doi.org/10.5061/dryad.qfttdz0dr,not_assessed_in_access_verification_log,Windows | Python 3.13.13 | EyeDataHub 0.7.0
dryad_r7s04,"Data from: Prevalence of depression, anxiety, adjustment disorders, and somatoform disorders in patients with age-related macular degeneration in Germany",2026-08-01,route_confirmed,https://doi.org/10.5061/dryad.r7s04,https://doi.org/10.5061/dryad.r7s04,official_repository,https://datadryad.org/dataset/doi:10.5061/dryad.r7s04,true,true,api_token_required_not_stored,self_service_authenticated,available,official_metadata_and_file_listing_checked,ok,200,Official Dryad API metadata and current-version file listing reviewed. Data files were not downloaded during catalog discovery.,EyeDataHub author team,true,https://doi.org/10.5061/dryad.r7s04,not_assessed_in_access_verification_log,Windows | Python 3.13.13 | EyeDataHub 0.7.0
dryad_rao_multiomics,Data and code from: Fatty acid metabolism reprograms immune microenvironment in retinal artery occlusion: Multi-Omics analysis highlights immunometabolic crosstalk,2026-08-01,route_confirmed,https://doi.org/10.5061/dryad.98sf7m0wt,https://doi.org/10.5061/dryad.98sf7m0wt,official_repository,https://datadryad.org/dataset/doi:10.5061/dryad.98sf7m0wt,true,true,api_token_required_not_stored,self_service_authenticated,available,official_metadata_and_file_listing_checked,ok,200,Official Dryad API metadata and current-version file listing reviewed. Data files were not downloaded during catalog discovery.,EyeDataHub author team,true,https://doi.org/10.5061/dryad.98sf7m0wt,not_assessed_in_access_verification_log,Windows | Python 3.13.13 | EyeDataHub 0.7.0
dryad_ravi_cataract_outcomes,RAVI Cataract Surgery Outcome Dataset,2026-08-01,route_confirmed,https://doi.org/10.5061/dryad.4p55b,https://doi.org/10.5061/dryad.4p55b,official_repository,https://datadryad.org/dataset/doi:10.5061/dryad.4p55b,true,true,api_token_required_not_stored,self_service_authenticated,available,official_metadata_and_file_listing_checked,ok,200,Official Dryad API metadata and current-version file listing reviewed. Data files were not downloaded during catalog discovery.,EyeDataHub author team,true,https://doi.org/10.5061/dryad.4p55b,not_assessed_in_access_verification_log,Windows | Python 3.13.13 | EyeDataHub 0.7.0
dryad_retinal_prosthesis_navigation,Visual and non-visual navigation in blind patients with a retinal prosthesis,2026-08-01,route_confirmed,https://doi.org/10.5061/dryad.c6147,https://doi.org/10.5061/dryad.c6147,official_repository,https://datadryad.org/dataset/doi:10.5061/dryad.c6147,true,true,api_token_required_not_stored,self_service_authenticated,available,official_metadata_and_file_listing_checked,ok,200,Official Dryad API metadata and current-version file listing reviewed. Data files were not downloaded during catalog discovery.,EyeDataHub author team,true,https://doi.org/10.5061/dryad.c6147,not_assessed_in_access_verification_log,Windows | Python 3.13.13 | EyeDataHub 0.7.0
dryad_rn38r,"Data from: Do picture-based charts overestimate visual acuity? Comparison of Kay Pictures, Lea Symbols, HOTV and Keeler logMAR charts with Sloan Letters in adults and children",2026-08-01,route_confirmed,https://doi.org/10.5061/dryad.rn38r,https://doi.org/10.5061/dryad.rn38r,official_repository,https://datadryad.org/dataset/doi:10.5061/dryad.rn38r,true,true,api_token_required_not_stored,self_service_authenticated,available,official_metadata_and_file_listing_checked,ok,200,Official Dryad API metadata and current-version file listing reviewed. Data files were not downloaded during catalog discovery.,EyeDataHub author team,true,https://doi.org/10.5061/dryad.rn38r,not_assessed_in_access_verification_log,Windows | Python 3.13.13 | EyeDataHub 0.7.0
dryad_rn8pk0p70,Socioeconomic status and decreasing incidence of ocular injuries in Bosnia and Herzegovina,2026-08-01,route_confirmed,https://doi.org/10.5061/dryad.rn8pk0p70,https://doi.org/10.5061/dryad.rn8pk0p70,official_repository,https://datadryad.org/dataset/doi:10.5061/dryad.rn8pk0p70,true,true,api_token_required_not_stored,self_service_authenticated,available,official_metadata_and_file_listing_checked,ok,200,Official Dryad API metadata and current-version file listing reviewed. Data files were not downloaded during catalog discovery.,EyeDataHub author team,true,https://doi.org/10.5061/dryad.rn8pk0p70,not_assessed_in_access_verification_log,Windows | Python 3.13.13 | EyeDataHub 0.7.0
dryad_rn8pk0pdp,"Detection of SARS-CoV-2 in conjunctival secretion and tears in patients with COVID-19 in a tertiary care centre, South India",2026-08-01,route_confirmed,https://doi.org/10.5061/dryad.rn8pk0pdp,https://doi.org/10.5061/dryad.rn8pk0pdp,official_repository,https://datadryad.org/dataset/doi:10.5061/dryad.rn8pk0pdp,true,true,api_token_required_not_stored,self_service_authenticated,available,official_metadata_and_file_listing_checked,ok,200,Official Dryad API metadata and current-version file listing reviewed. Data files were not downloaded during catalog discovery.,EyeDataHub author team,true,https://doi.org/10.5061/dryad.rn8pk0pdp,not_assessed_in_access_verification_log,Windows | Python 3.13.13 | EyeDataHub 0.7.0
dryad_rop_plane_wave_doppler,ROP Plane-Wave Doppler Dataset,2026-08-01,route_confirmed,https://doi.org/10.5061/dryad.612jm649r,https://doi.org/10.5061/dryad.612jm649r,official_repository,https://datadryad.org/dataset/doi:10.5061/dryad.612jm649r,true,true,api_token_required_not_stored,self_service_authenticated,available,official_metadata_and_file_listing_checked,ok,200,Official Dryad API metadata and current-version file listing reviewed. Data files were not downloaded during catalog discovery.,EyeDataHub author team,true,https://doi.org/10.5061/dryad.612jm649r,not_assessed_in_access_verification_log,Windows | Python 3.13.13 | EyeDataHub 0.7.0
dryad_rpgr_cone_rod_wes,RPGR Cone-Rod Dystrophy WES Dataset,2026-08-01,route_confirmed,https://doi.org/10.5061/dryad.5qfttdz5d,https://doi.org/10.5061/dryad.5qfttdz5d,official_repository,https://datadryad.org/dataset/doi:10.5061/dryad.5qfttdz5d,true,true,api_token_required_not_stored,self_service_authenticated,available,official_metadata_and_file_listing_checked,ok,200,Official Dryad API metadata and current-version file listing reviewed. Data files were not downloaded during catalog discovery.,EyeDataHub author team,true,https://doi.org/10.5061/dryad.5qfttdz5d,not_assessed_in_access_verification_log,Windows | Python 3.13.13 | EyeDataHub 0.7.0
dryad_sbcc2fr6n,Exploring phenotypic diversity of pigmented traits and iris features in Pakistani population,2026-08-01,route_confirmed,https://doi.org/10.5061/dryad.sbcc2fr6n,https://doi.org/10.5061/dryad.sbcc2fr6n,official_repository,https://datadryad.org/dataset/doi:10.5061/dryad.sbcc2fr6n,true,true,api_token_required_not_stored,self_service_authenticated,available,official_metadata_and_file_listing_checked,ok,200,Official Dryad API metadata and current-version file listing reviewed. Data files were not downloaded during catalog discovery.,EyeDataHub author team,true,https://doi.org/10.5061/dryad.sbcc2fr6n,not_assessed_in_access_verification_log,Windows | Python 3.13.13 | EyeDataHub 0.7.0
dryad_sbcc2fr7r,Gender and age-related differences of ccular biometric parameters in patients undergoing cataract surgery in Bosnia and Herzegovina,2026-08-01,route_confirmed,https://doi.org/10.5061/dryad.sbcc2fr7r,https://doi.org/10.5061/dryad.sbcc2fr7r,official_repository,https://datadryad.org/dataset/doi:10.5061/dryad.sbcc2fr7r,true,true,api_token_required_not_stored,self_service_authenticated,available,official_metadata_and_file_listing_checked,ok,200,Official Dryad API metadata and current-version file listing reviewed. Data files were not downloaded during catalog discovery.,EyeDataHub author team,true,https://doi.org/10.5061/dryad.sbcc2fr7r,not_assessed_in_access_verification_log,Windows | Python 3.13.13 | EyeDataHub 0.7.0
dryad_shanghai_myopia_2014_2018,"Age-related change of axial length, spherical equivalent, prevalence of myopia and high myopia in school-age children in Shanghai: 2014 to 2018",2026-08-01,route_confirmed,https://doi.org/10.5061/dryad.c2fqz615c,https://doi.org/10.5061/dryad.c2fqz615c,official_repository,https://datadryad.org/dataset/doi:10.5061/dryad.c2fqz615c,true,true,api_token_required_not_stored,self_service_authenticated,available,official_metadata_and_file_listing_checked,ok,200,Official Dryad API metadata and current-version file listing reviewed. Data files were not downloaded during catalog discovery.,EyeDataHub author team,true,https://doi.org/10.5061/dryad.c2fqz615c,not_assessed_in_access_verification_log,Windows | Python 3.13.13 | EyeDataHub 0.7.0
dryad_sn02v6x2x,Data from: Corneal laser procedure for vision improvement in patients with late stage dry age-related macular degeneration,2026-08-01,route_confirmed,https://doi.org/10.5061/dryad.sn02v6x2x,https://doi.org/10.5061/dryad.sn02v6x2x,official_repository,https://datadryad.org/dataset/doi:10.5061/dryad.sn02v6x2x,true,true,api_token_required_not_stored,self_service_authenticated,available,official_metadata_and_file_listing_checked,ok,200,Official Dryad API metadata and current-version file listing reviewed. Data files were not downloaded during catalog discovery.,EyeDataHub author team,true,https://doi.org/10.5061/dryad.sn02v6x2x,not_assessed_in_access_verification_log,Windows | Python 3.13.13 | EyeDataHub 0.7.0
dryad_stargardt_wes,Stargardt Disease WES Variant Dataset,2026-08-01,route_confirmed,https://doi.org/10.5061/dryad.0qk7f,https://doi.org/10.5061/dryad.0qk7f,official_repository,https://datadryad.org/dataset/doi:10.5061/dryad.0qk7f,true,true,api_token_required_not_stored,self_service_authenticated,available,official_metadata_and_file_listing_checked,ok,200,Official Dryad API metadata and current-version file listing reviewed. Data files were not downloaded during catalog discovery.,EyeDataHub author team,true,https://doi.org/10.5061/dryad.0qk7f,not_assessed_in_access_verification_log,Windows | Python 3.13.13 | EyeDataHub 0.7.0
dryad_taizhou_cataract_outdoors,The association of outdoor activity and age-related cataract in a rural population of Taizhou Eye Study: phase 1 report,2026-08-01,route_confirmed,https://doi.org/10.5061/dryad.gt410,https://doi.org/10.5061/dryad.gt410,official_repository,https://datadryad.org/dataset/doi:10.5061/dryad.gt410,true,true,api_token_required_not_stored,self_service_authenticated,available,official_metadata_and_file_listing_checked,ok,200,Official Dryad API metadata and current-version file listing reviewed. Data files were not downloaded during catalog discovery.,EyeDataHub author team,true,https://doi.org/10.5061/dryad.gt410,not_assessed_in_access_verification_log,Windows | Python 3.13.13 | EyeDataHub 0.7.0
dryad_tb_uveitis_ifn,Type 1 interferon-inducible gene expression in QuantiFERON Gold TB-positive uveitis: a tool to stratify a high versus low risk of active tuberculosis?,2026-08-01,route_confirmed,https://doi.org/10.5061/dryad.8jk03jd,https://doi.org/10.5061/dryad.8jk03jd,official_repository,https://datadryad.org/dataset/doi:10.5061/dryad.8jk03jd,true,true,api_token_required_not_stored,self_service_authenticated,available,official_metadata_and_file_listing_checked,ok,200,Official Dryad API metadata and current-version file listing reviewed. Data files were not downloaded during catalog discovery.,EyeDataHub author team,true,https://doi.org/10.5061/dryad.8jk03jd,not_assessed_in_access_verification_log,Windows | Python 3.13.13 | EyeDataHub 0.7.0
dryad_tmpg4f4vb,Effects of capsular tension ring on surgical outcomes of premium intraocular lens in patients with suspected zonular weakness,2026-08-01,route_confirmed,https://doi.org/10.5061/dryad.tmpg4f4vb,https://doi.org/10.5061/dryad.tmpg4f4vb,official_repository,https://datadryad.org/dataset/doi:10.5061/dryad.tmpg4f4vb,true,true,api_token_required_not_stored,self_service_authenticated,available,official_metadata_and_file_listing_checked,ok,200,Official Dryad API metadata and current-version file listing reviewed. Data files were not downloaded during catalog discovery.,EyeDataHub author team,true,https://doi.org/10.5061/dryad.tmpg4f4vb,not_assessed_in_access_verification_log,Windows | Python 3.13.13 | EyeDataHub 0.7.0
dryad_toric_iol_incision,Toric Intraocular Lens Incision Outcome Dataset,2026-08-01,route_confirmed,https://doi.org/10.5061/dryad.01n20,https://doi.org/10.5061/dryad.01n20,official_repository,https://datadryad.org/dataset/doi:10.5061/dryad.01n20,true,true,api_token_required_not_stored,self_service_authenticated,available,official_metadata_and_file_listing_checked,ok,200,Official Dryad API metadata and current-version file listing reviewed. Data files were not downloaded during catalog discovery.,EyeDataHub author team,true,https://doi.org/10.5061/dryad.01n20,not_assessed_in_access_verification_log,Windows | Python 3.13.13 | EyeDataHub 0.7.0
dryad_uveal_melanoma_coog2,COOG2.1 Uveal Melanoma Prognostic Dataset,2026-07-21,route_confirmed,https://doi.org/10.5061/dryad.n8pk0p340,https://doi.org/10.5061/dryad.n8pk0p340,official_repository,https://datadryad.org/dataset/doi:10.5061/dryad.n8pk0p340,true,true,api_token_required_not_stored,self_service_authenticated,available,author_source_checked,ok,200,Author-conducted source check; transfer completeness was evaluated separately.,EyeDataHub author team,true,https://doi.org/10.5061/dryad.n8pk0p340,not_assessed_in_access_verification_log,Windows | Python 3.13.13 | EyeDataHub 0.7.0
dryad_uveitis_vitreous_biomarkers,Uveitis Vitreous Biomarker Dataset,2026-08-01,route_confirmed,https://doi.org/10.5061/dryad.597ch,https://doi.org/10.5061/dryad.597ch,official_repository,https://datadryad.org/dataset/doi:10.5061/dryad.597ch,true,true,api_token_required_not_stored,self_service_authenticated,available,official_metadata_and_file_listing_checked,ok,200,Official Dryad API metadata and current-version file listing reviewed. Data files were not downloaded during catalog discovery.,EyeDataHub author team,true,https://doi.org/10.5061/dryad.597ch,not_assessed_in_access_verification_log,Windows | Python 3.13.13 | EyeDataHub 0.7.0
dryad_v6wwpzh1b,Data from: Micropulse transscleral cyclophotocoagulation results in secondary glaucoma,2026-08-01,route_confirmed,https://doi.org/10.5061/dryad.v6wwpzh1b,https://doi.org/10.5061/dryad.v6wwpzh1b,official_repository,https://datadryad.org/dataset/doi:10.5061/dryad.v6wwpzh1b,true,true,api_token_required_not_stored,self_service_authenticated,available,official_metadata_and_file_listing_checked,ok,200,Official Dryad API metadata and current-version file listing reviewed. Data files were not downloaded during catalog discovery.,EyeDataHub author team,true,https://doi.org/10.5061/dryad.v6wwpzh1b,not_assessed_in_access_verification_log,Windows | Python 3.13.13 | EyeDataHub 0.7.0
dryad_v9p0b,Data from: Retinal capillary rarefaction in patients with untreated mild-moderate hypertension,2026-08-01,route_confirmed,https://doi.org/10.5061/dryad.v9p0b,https://doi.org/10.5061/dryad.v9p0b,official_repository,https://datadryad.org/dataset/doi:10.5061/dryad.v9p0b,true,true,api_token_required_not_stored,self_service_authenticated,available,official_metadata_and_file_listing_checked,ok,200,Official Dryad API metadata and current-version file listing reviewed. Data files were not downloaded during catalog discovery.,EyeDataHub author team,true,https://doi.org/10.5061/dryad.v9p0b,not_assessed_in_access_verification_log,Windows | Python 3.13.13 | EyeDataHub 0.7.0
dryad_vkh_apoe,VKH APOE Transcriptomics and Proteomics Dataset,2026-08-01,route_confirmed,https://doi.org/10.5061/dryad.37pvmcvzx,https://doi.org/10.5061/dryad.37pvmcvzx,official_repository,https://datadryad.org/dataset/doi:10.5061/dryad.37pvmcvzx,true,true,api_token_required_not_stored,self_service_authenticated,available,official_metadata_and_file_listing_checked,ok,200,Official Dryad API metadata and current-version file listing reviewed. Data files were not downloaded during catalog discovery.,EyeDataHub author team,true,https://doi.org/10.5061/dryad.37pvmcvzx,not_assessed_in_access_verification_log,Windows | Python 3.13.13 | EyeDataHub 0.7.0
dryad_xgxd254pk,"Supporting information for: Discrimination ability of central visual field testing using stimulus size I, II, and III and relationship with macular ganglion cell thickness in chiasmal compression",2026-08-01,route_confirmed,https://doi.org/10.5061/dryad.xgxd254pk,https://doi.org/10.5061/dryad.xgxd254pk,official_repository,https://datadryad.org/dataset/doi:10.5061/dryad.xgxd254pk,true,true,api_token_required_not_stored,self_service_authenticated,available,official_metadata_and_file_listing_checked,ok,200,Official Dryad API metadata and current-version file listing reviewed. Data files were not downloaded during catalog discovery.,EyeDataHub author team,true,https://doi.org/10.5061/dryad.xgxd254pk,not_assessed_in_access_verification_log,Windows | Python 3.13.13 | EyeDataHub 0.7.0
dryad_young_adult_uv_transmission,Individual variation in the transmission of ultraviolet radiation in the young adult eye.,2026-08-01,route_confirmed,https://doi.org/10.5061/dryad.hg000c2,https://doi.org/10.5061/dryad.hg000c2,official_repository,https://datadryad.org/dataset/doi:10.5061/dryad.hg000c2,true,true,api_token_required_not_stored,self_service_authenticated,available,official_metadata_and_file_listing_checked,ok,200,Official Dryad API metadata and current-version file listing reviewed. Data files were not downloaded during catalog discovery.,EyeDataHub author team,true,https://doi.org/10.5061/dryad.hg000c2,not_assessed_in_access_verification_log,Windows | Python 3.13.13 | EyeDataHub 0.7.0
dryad_z8w9ghx9c,Accuracy of intraocular lens calculation formulas in cataract patients with steep corneal curvature,2026-08-01,route_confirmed,https://doi.org/10.5061/dryad.z8w9ghx9c,https://doi.org/10.5061/dryad.z8w9ghx9c,official_repository,https://datadryad.org/dataset/doi:10.5061/dryad.z8w9ghx9c,true,true,api_token_required_not_stored,self_service_authenticated,available,official_metadata_and_file_listing_checked,ok,200,Official Dryad API metadata and current-version file listing reviewed. Data files were not downloaded during catalog discovery.,EyeDataHub author team,true,https://doi.org/10.5061/dryad.z8w9ghx9c,not_assessed_in_access_verification_log,Windows | Python 3.13.13 | EyeDataHub 0.7.0
dual_scheimpflug_ss_oct_biometry,Dual Scheimpflug and Swept-Source OCT Biometry Dataset,2026-08-02,route_confirmed,https://doi.org/10.6084/m9.figshare.16828996.v1,https://doi.org/10.6084/m9.figshare.16828996.v1,official_repository,https://figshare.com/articles/dataset/Dataset_Clinical_Evaluation_of_Ocular_Biometry_of_Dual_Scheimpflug_Analyzer_and_Swept_Source_Optical_Coherence_Tomography_xlsx/16828996/1,true,true,api_token_required_not_stored,self_service_authenticated,available,official_metadata_and_file_listing_checked,ok,202,No data files were transferred during source confirmation.,EyeDataHub author team,true,https://doi.org/10.6084/m9.figshare.16828996.v1,not_assessed_in_access_verification_log,Windows | Python 3.13.13 | EyeDataHub 0.7.0
duke_amd_chiu,Duke AMD Pathology OCT Segmentation Dataset,2026-07-21,route_confirmed,https://people.duke.edu/~sf59/Chiu_IOVS_2011_dataset.htm,https://people.duke.edu/~sf59/Chiu_IOVS_2011_dataset.htm,documented_manual_route,https://people.duke.edu/~sf59/Chiu_IOVS_2011_dataset.htm,true,true,unauthenticated,anonymous_direct,available,acquisition_route_verified,ok,200,Author-conducted source check; transfer completeness was evaluated separately.,EyeDataHub author team,true,https://people.duke.edu/~sf59/Chiu_IOVS_2011_dataset.htm,not_assessed_in_access_verification_log,Windows | Python 3.13.13 | EyeDataHub 0.7.0
duke_chiu_boe,Duke OCT DME Dataset (Chiu BOE 2014),2026-07-21,route_confirmed,http://people.duke.edu/~sf59/Chiu_BOE_2014_dataset.htm,http://people.duke.edu/~sf59/Chiu_BOE_2014_dataset.htm,official_direct,https://people.duke.edu/~sf59/Chiu_BOE_2014_dataset.htm,true,true,unauthenticated,anonymous_direct,available,author_source_checked,ok,200,Author-conducted source check; transfer completeness was evaluated separately.,EyeDataHub author team,true,http://people.duke.edu/~sf59/Chiu_BOE_2014_dataset.htm,not_assessed_in_access_verification_log,Windows | Python 3.13.13 | EyeDataHub 0.7.0
duke_rpedc,Duke RPE-Drusen Complex OCT Dataset,2026-07-21,route_confirmed,https://people.duke.edu/~sf59/RPEDC_Ophth_2013_dataset.htm,https://people.duke.edu/~sf59/RPEDC_Ophth_2013_dataset.htm,documented_manual_route,https://people.duke.edu/~sf59/RPEDC_Ophth_2013_dataset.htm,true,true,unauthenticated,anonymous_direct,available,acquisition_route_verified,ok,200,Author-conducted source check; transfer completeness was evaluated separately.,EyeDataHub author team,true,https://people.duke.edu/~sf59/RPEDC_Ophth_2013_dataset.htm,not_assessed_in_access_verification_log,Windows | Python 3.13.13 | EyeDataHub 0.7.0
e_ophtha,E-ophtha (EX + MA): Exudate and Microaneurysm Segmentation,2026-07-21,route_confirmed,https://www.kaggle.com/datasets/samriddhibagchi/e-ophtha-diabetic-retinopathy-datasets-ex-ma,https://www.kaggle.com/datasets/samriddhibagchi/e-ophtha-diabetic-retinopathy-datasets-ex-ma,data_platform,https://www.kaggle.com/datasets/samriddhibagchi/e-ophtha-diabetic-retinopathy-datasets-ex-ma,true,true,api_token_required_not_stored,controlled_or_manual,available,author_source_checked,ok,200,Author-conducted source check; transfer completeness was evaluated separately.,EyeDataHub author team,true,https://www.kaggle.com/datasets/samriddhibagchi/e-ophtha-diabetic-retinopathy-datasets-ex-ma,not_assessed_in_access_verification_log,Windows | Python 3.13.13 | EyeDataHub 0.7.0
eed_astig,EED-Astig Pediatric External-Eye Dataset,2026-07-21,route_confirmed,https://doi.org/10.5281/zenodo.18976824,https://doi.org/10.5281/zenodo.18976824,documented_manual_route,https://zenodo.org/doi/10.5281/zenodo.18976824,true,true,manual_authorization_required,controlled_or_manual,available,author_source_checked_with_probe_limitation,forbidden,403,Author-conducted source check; transfer completeness was evaluated separately. Automated probe status: forbidden; reachability alone was not used to classify access.,EyeDataHub author team,true,https://doi.org/10.5281/zenodo.18976824,not_assessed_in_access_verification_log,Windows | Python 3.13.13 | EyeDataHub 0.7.0
erdes,ERDES: Ocular Ultrasound Video Benchmark (Retinal Detachment + Macula),2026-07-21,route_confirmed,https://arxiv.org/abs/2503.04525,https://arxiv.org/abs/2503.04525,documented_manual_route,https://arxiv.org/abs/2503.04525,true,true,unauthenticated,anonymous_direct,available,author_source_checked,ok,200,Author-conducted source check; transfer completeness was evaluated separately.,EyeDataHub author team,true,https://arxiv.org/abs/2503.04525,not_assessed_in_access_verification_log,Windows | Python 3.13.13 | EyeDataHub 0.7.0
eth_xgaze,ETH-XGaze Extreme-Pose Gaze Estimation Dataset,2026-07-21,route_confirmed,https://ait.ethz.ch/xgaze,https://ait.ethz.ch/xgaze,documented_manual_route,https://ait.ethz.ch/xgaze,true,true,user_authentication_required,controlled_or_manual,available,acquisition_route_verified,ok,200,Author-conducted source check; transfer completeness was evaluated separately.,EyeDataHub author team,true,https://ait.ethz.ch/xgaze,not_assessed_in_access_verification_log,Windows | Python 3.13.13 | EyeDataHub 0.7.0
external_eye_blepharitis,External Eye Photographs for Screening Referable Blepharitis,2026-07-21,route_confirmed,https://data.mendeley.com/datasets/bp37vw4z8d/1,https://data.mendeley.com/datasets/bp37vw4z8d/1,official_repository,https://data.mendeley.com/datasets/bp37vw4z8d/1,true,true,user_authentication_required,self_service_authenticated,available,author_source_checked,platform_or_browser_route,403,Author-conducted source check; transfer completeness was evaluated separately.,EyeDataHub author team,true,https://data.mendeley.com/datasets/bp37vw4z8d/1,not_assessed_in_access_verification_log,Windows | Python 3.13.13 | EyeDataHub 0.7.0
eye_conjunctiva_segmentation,Eye Conjunctiva Segmentation Dataset,2026-07-21,route_confirmed,https://data.mendeley.com/datasets/yxwjgcndg2/1,https://data.mendeley.com/datasets/yxwjgcndg2/1,official_repository,https://data.mendeley.com/datasets/yxwjgcndg2/1,true,true,user_authentication_required,self_service_authenticated,available,author_source_checked,platform_or_browser_route,403,Author-conducted source check; transfer completeness was evaluated separately.,EyeDataHub author team,true,https://data.mendeley.com/datasets/yxwjgcndg2/1,not_assessed_in_access_verification_log,Windows | Python 3.13.13 | EyeDataHub 0.7.0
eye_disease_image_mendeley,Eye Disease Image Dataset,2026-07-21,route_confirmed,https://data.mendeley.com/datasets/s9bfhswzjb/1,https://data.mendeley.com/datasets/s9bfhswzjb/1,official_repository,https://data.mendeley.com/datasets/s9bfhswzjb/1,true,true,user_authentication_required,self_service_authenticated,available,author_source_checked,platform_or_browser_route,403,Author-conducted source check; transfer completeness was evaluated separately.,EyeDataHub author team,true,https://data.mendeley.com/datasets/s9bfhswzjb/1,not_assessed_in_access_verification_log,Windows | Python 3.13.13 | EyeDataHub 0.7.0
eyecare_100k,Eyecare-100K: Multimodal Ophthalmology VQA Corpus,2026-07-21,route_confirmed,https://github.com/DCDmllm/EyecareGPT,https://github.com/DCDmllm/EyecareGPT,data_platform,https://github.com/ZJU4HealthCare/EyecareGPT,true,true,api_token_required_not_stored,self_service_authenticated,available,author_source_checked,ok,200,Author-conducted source check; transfer completeness was evaluated separately.,EyeDataHub author team,true,https://github.com/DCDmllm/EyecareGPT,not_assessed_in_access_verification_log,Windows | Python 3.13.13 | EyeDataHub 0.7.0
eyecatcher_visual_field,Eyecatcher Tablet-Based Visual Field Home-Monitoring Data,2026-07-21,route_confirmed,https://data.mendeley.com/datasets/swsfj47cxw/2,https://data.mendeley.com/datasets/swsfj47cxw/2,official_repository,https://data.mendeley.com/datasets/swsfj47cxw/2,true,true,user_authentication_required,self_service_authenticated,available,author_source_checked,platform_or_browser_route,403,Author-conducted source check; transfer completeness was evaluated separately.,EyeDataHub author team,true,https://data.mendeley.com/datasets/swsfj47cxw/2,not_assessed_in_access_verification_log,Windows | Python 3.13.13 | EyeDataHub 0.7.0
eyepacs,EyePACS — Diabetic Retinopathy Detection (Kaggle 2015),2026-07-21,route_confirmed,https://www.kaggle.com/c/diabetic-retinopathy-detection,https://www.kaggle.com/c/diabetic-retinopathy-detection,data_platform,https://www.kaggle.com/c/diabetic-retinopathy-detection,true,true,api_token_required_not_stored,self_service_clickthrough,available,author_source_checked,ok,200,Author-conducted source check; transfer completeness was evaluated separately.,EyeDataHub author team,true,https://www.kaggle.com/c/diabetic-retinopathy-detection,not_assessed_in_access_verification_log,Windows | Python 3.13.13 | EyeDataHub 0.7.0
eyeq,EyeQ Retinal Image Quality Assessment Dataset,2026-07-21,route_confirmed,https://github.com/HzFu/EyeQ,https://github.com/HzFu/EyeQ,source_repository,https://github.com/HzFu/EyeQ,true,true,unauthenticated,anonymous_direct,available,author_source_checked,ok,200,Author-conducted source check; transfer completeness was evaluated separately.,EyeDataHub author team,true,https://github.com/HzFu/EyeQ,not_assessed_in_access_verification_log,Windows | Python 3.13.13 | EyeDataHub 0.7.0
fairvlmed,FairVLMed: Fair Vision-Language Medical Ophthalmic Dataset,2026-07-21,route_confirmed,https://huggingface.co/datasets/harvardairobotics/FairVLMed,https://huggingface.co/datasets/harvardairobotics/FairVLMed,data_platform,https://huggingface.co/datasets/harvardairobotics/FairVLMed,true,true,api_token_required_not_stored,self_service_authenticated,available,author_source_checked,ok,200,Author-conducted source check; transfer completeness was evaluated separately.,EyeDataHub author team,true,https://huggingface.co/datasets/harvardairobotics/FairVLMed,not_assessed_in_access_verification_log,Windows | Python 3.13.13 | EyeDataHub 0.7.0
fang_sbsdi_oct,Duke Fang SBSDI Retinal OCT Dataset,2026-07-21,route_confirmed,https://people.duke.edu/~sf59/Fang_TMI_2013.htm,https://people.duke.edu/~sf59/Fang_TMI_2013.htm,documented_manual_route,https://people.duke.edu/~sf59/Fang_TMI_2013.htm,true,true,unauthenticated,anonymous_direct,available,acquisition_route_verified,ok,200,Author-conducted source check; transfer completeness was evaluated separately.,EyeDataHub author team,true,https://people.duke.edu/~sf59/Fang_TMI_2013.htm,not_assessed_in_access_verification_log,Windows | Python 3.13.13 | EyeDataHub 0.7.0
farfum_rop,FARFUM-ROP: Fundus Annotation Repository for Retinopathy of Prematurity,2026-07-21,route_confirmed,https://doi.org/10.6084/m9.figshare.c.6721269,https://doi.org/10.6084/m9.figshare.c.6721269,official_repository,https://figshare.com/collections/FARFUM-RoP/6721269,true,true,user_authentication_required,self_service_authenticated,available,author_source_checked,ok,202,Author-conducted source check; transfer completeness was evaluated separately.,EyeDataHub author team,true,https://doi.org/10.6084/m9.figshare.c.6721269,not_assessed_in_access_verification_log,Windows | Python 3.13.13 | EyeDataHub 0.7.0
fd3611,FD3611 Multi-Class Color Fundus Image Dataset,2026-08-02,route_confirmed,https://doi.org/10.6084/m9.figshare.32086296.v1,https://doi.org/10.6084/m9.figshare.32086296.v1,official_repository,https://figshare.com/articles/dataset/_b_FD3611_b_A_Multi-Class_Color_Fundus_Image_Dataset_for_Retinal_Disease_Classification/32086296/1,true,true,api_token_required_not_stored,self_service_authenticated,available,official_metadata_and_file_listing_checked,ok,202,No data files were transferred during source confirmation.,EyeDataHub author team,true,https://doi.org/10.6084/m9.figshare.32086296.v1,not_assessed_in_access_verification_log,Windows | Python 3.13.13 | EyeDataHub 0.7.0
ffa_ir,FFA-IR Medical Report Dataset,2026-07-21,route_confirmed,https://doi.org/10.13026/k5rp-9h43,https://doi.org/10.13026/k5rp-9h43,data_platform,https://physionet.org/content/ffa-ir-medical-report/1.1.0/,true,true,user_clickthrough_required,controlled_or_manual,available,author_source_checked,ok,200,Author-conducted source check; transfer completeness was evaluated separately.,EyeDataHub author team,true,https://doi.org/10.13026/k5rp-9h43,not_assessed_in_access_verification_log,Windows | Python 3.13.13 | EyeDataHub 0.7.0
fimd,Fundus Image Myopia Development Dataset,2026-07-21,route_confirmed,https://data.mendeley.com/datasets/jkzsh6pcv4/1,https://data.mendeley.com/datasets/jkzsh6pcv4/1,official_repository,https://data.mendeley.com/datasets/jkzsh6pcv4/1,true,true,user_authentication_required,self_service_authenticated,available,author_source_checked,platform_or_browser_route,403,Author-conducted source check; transfer completeness was evaluated separately.,EyeDataHub author team,true,https://data.mendeley.com/datasets/jkzsh6pcv4/1,not_assessed_in_access_verification_log,Windows | Python 3.13.13 | EyeDataHub 0.7.0
fiqs,FIQS: Fundus Image Quality Scores Dataset,2026-07-21,route_confirmed,https://doi.org/10.6084/m9.figshare.28129847.v1,https://doi.org/10.6084/m9.figshare.28129847.v1,official_repository,https://figshare.com/articles/dataset/FIQS_Dataset_Fundus_Image_Quality_Scores_/28129847/1,true,true,user_authentication_required,self_service_authenticated,available,author_source_checked,ok,202,Author-conducted source check; transfer completeness was evaluated separately.,EyeDataHub author team,true,https://doi.org/10.6084/m9.figshare.28129847.v1,not_assessed_in_access_verification_log,Windows | Python 3.13.13 | EyeDataHub 0.7.0
fire,FIRE: Fundus Image Registration Dataset,2026-07-21,route_confirmed,https://projects.ics.forth.gr/cvrl/fire/,https://projects.ics.forth.gr/cvrl/fire/,official_direct,,true,true,unauthenticated,anonymous_direct,available,author_source_checked_with_probe_limitation,ssl_error,,Author-conducted source check; transfer completeness was evaluated separately. Automated probe status: ssl_error; reachability alone was not used to classify access.,EyeDataHub author team,true,https://projects.ics.forth.gr/cvrl/fire/,not_assessed_in_access_verification_log,Windows | Python 3.13.13 | EyeDataHub 0.7.0
fives,FIVES: Fundus Image Vessel Segmentation,2026-07-21,route_confirmed,https://doi.org/10.6084/m9.figshare.19688169,https://doi.org/10.6084/m9.figshare.19688169,official_repository,https://figshare.com/articles/figure/FIVES_A_Fundus_Image_Dataset_for_AI-based_Vessel_Segmentation/19688169,true,true,user_authentication_required,self_service_authenticated,available,author_source_checked,ok,202,Author-conducted source check; transfer completeness was evaluated separately.,EyeDataHub author team,true,https://doi.org/10.6084/m9.figshare.19688169,not_assessed_in_access_verification_log,Windows | Python 3.13.13 | EyeDataHub 0.7.0
fociset_pamm,FociSet PAMM OCT Lesion Dataset,2026-07-21,route_confirmed,https://data.mendeley.com/datasets/mkwxn7rjpm/2,https://data.mendeley.com/datasets/mkwxn7rjpm/2,official_repository,https://data.mendeley.com/datasets/mkwxn7rjpm/2,true,true,user_authentication_required,self_service_authenticated,available,author_source_checked,platform_or_browser_route,403,Author-conducted source check; transfer completeness was evaluated separately.,EyeDataHub author team,true,https://data.mendeley.com/datasets/mkwxn7rjpm/2,not_assessed_in_access_verification_log,Windows | Python 3.13.13 | EyeDataHub 0.7.0
fovea,FOVEA: Pre/Intra-Operative Fundus + Biomicroscopy,2026-07-21,route_confirmed,https://doi.org/10.6084/m9.figshare.28329338,https://doi.org/10.6084/m9.figshare.28329338,official_repository,https://springernature.figshare.com/articles/dataset/FOVEA_Preoperative_and_intraoperative_fetinal_fundus_images_with_optic_disc_and_retinal_vessel_annotations/28329338,true,true,user_authentication_required,self_service_authenticated,available,author_source_checked,ok,202,Author-conducted source check; transfer completeness was evaluated separately.,EyeDataHub author team,true,https://doi.org/10.6084/m9.figshare.28329338,not_assessed_in_access_verification_log,Windows | Python 3.13.13 | EyeDataHub 0.7.0
fprm_retina,FPRM Multimodal Eye Imaging and Psychological Assessment Dataset,2026-07-21,route_confirmed,https://doi.org/10.7303/syn61672643,https://doi.org/10.7303/syn61672643,documented_manual_route,https://www.synapse.org/#!Synapse:syn61672643,true,true,manual_authorization_required,controlled_or_manual,available,author_source_checked,ok,200,Author-conducted source check; transfer completeness was evaluated separately.,EyeDataHub author team,true,https://doi.org/10.7303/syn61672643,not_assessed_in_access_verification_log,Windows | Python 3.13.13 | EyeDataHub 0.7.0
fundus_105k,Fundus-105K Text Dataset,2026-07-21,route_confirmed,https://huggingface.co/datasets/PJMixers-Dev/Fundus-105K,https://huggingface.co/datasets/PJMixers-Dev/Fundus-105K,data_platform,https://huggingface.co/datasets/PJMixers-Dev/Fundus-105K,true,true,api_token_required_not_stored,self_service_authenticated,available,author_source_checked,ok,200,Author-conducted source check; transfer completeness was evaluated separately.,EyeDataHub author team,true,https://huggingface.co/datasets/PJMixers-Dev/Fundus-105K,not_assessed_in_access_verification_log,Windows | Python 3.13.13 | EyeDataHub 0.7.0
fundus_avseg,Fundus-AVSeg: Artery-Vein-Crossing Segmentation,2026-07-21,route_confirmed,https://doi.org/10.6084/m9.figshare.27938034,https://doi.org/10.6084/m9.figshare.27938034,official_repository,https://figshare.com/articles/dataset/Fundus-AVSeg/27938034,true,true,user_authentication_required,self_service_authenticated,available,author_source_checked,ok,202,Author-conducted source check; transfer completeness was evaluated separately.,EyeDataHub author team,true,https://doi.org/10.6084/m9.figshare.27938034,not_assessed_in_access_verification_log,Windows | Python 3.13.13 | EyeDataHub 0.7.0
fundus_cc_2_5m,Fundus-CC-2.5M Text Corpus,2026-07-21,route_confirmed,https://huggingface.co/datasets/PJMixers-Dev/Fundus-CC-2.5M,https://huggingface.co/datasets/PJMixers-Dev/Fundus-CC-2.5M,data_platform,https://huggingface.co/datasets/PJMixers-Dev/Fundus-CC-2.5M,true,true,api_token_required_not_stored,self_service_authenticated,available,author_source_checked,ok,200,Author-conducted source check; transfer completeness was evaluated separately.,EyeDataHub author team,true,https://huggingface.co/datasets/PJMixers-Dev/Fundus-CC-2.5M,not_assessed_in_access_verification_log,Windows | Python 3.13.13 | EyeDataHub 0.7.0
fundus_domain_generalization,Fundus Dataset for Domain Generalization in Optic Disc/Cup Segmentation,2026-07-21,route_confirmed,https://zenodo.org/records/8009107,https://zenodo.org/records/8009107,official_repository,https://zenodo.org/records/8009107,true,true,user_authentication_required,self_service_authenticated,available,author_source_checked,platform_or_browser_route,403,Author-conducted source check; transfer completeness was evaluated separately.,EyeDataHub author team,true,https://zenodo.org/records/8009107,not_assessed_in_access_verification_log,Windows | Python 3.13.13 | EyeDataHub 0.7.0
fundus_report_dataset,Fundus Report Dataset,2026-07-21,route_confirmed,https://huggingface.co/datasets/zzzzineun/fundus-report-dataset,https://huggingface.co/datasets/zzzzineun/fundus-report-dataset,data_platform,https://huggingface.co/datasets/zzzzineun/fundus-report-dataset,true,true,api_token_required_not_stored,self_service_authenticated,available,author_source_checked,ok,200,Author-conducted source check; transfer completeness was evaluated separately.,EyeDataHub author team,true,https://huggingface.co/datasets/zzzzineun/fundus-report-dataset,not_assessed_in_access_verification_log,Windows | Python 3.13.13 | EyeDataHub 0.7.0
g1020,G1020: Glaucoma Benchmark Fundus Dataset,2026-07-21,route_confirmed,https://arxiv.org/abs/2006.09158,https://arxiv.org/abs/2006.09158,data_platform,https://arxiv.org/abs/2006.09158,true,true,api_token_required_not_stored,self_service_authenticated,available,author_source_checked,ok,200,Author-conducted source check; transfer completeness was evaluated separately.,EyeDataHub author team,true,https://arxiv.org/abs/2006.09158,not_assessed_in_access_verification_log,Windows | Python 3.13.13 | EyeDataHub 0.7.0
gamma,GAMMA — Glaucoma Grading from Multi-Modality Images,2026-07-21,route_confirmed,https://drive.google.com/file/d/1thJDE1_TR-xa8f3H-0PwPpDxun7rV8Sw/view,https://drive.google.com/file/d/1thJDE1_TR-xa8f3H-0PwPpDxun7rV8Sw/view,cloud_file_share,https://drive.google.com/file/d/1thJDE1_TR-xa8f3H-0PwPpDxun7rV8Sw/view,true,true,unauthenticated,anonymous_direct,available,author_source_checked,ok,200,Author-conducted source check; transfer completeness was evaluated separately.,EyeDataHub author team,true,https://drive.google.com/file/d/1thJDE1_TR-xa8f3H-0PwPpDxun7rV8Sw/view,not_assessed_in_access_verification_log,Windows | Python 3.13.13 | EyeDataHub 0.7.0
gaze360,Gaze360 Physically Unconstrained Gaze Dataset,2026-07-21,route_confirmed,https://gaze360.csail.mit.edu/,https://gaze360.csail.mit.edu/,documented_manual_route,https://gaze360.csail.mit.edu/,true,true,user_authentication_required,self_service_authenticated,available,author_source_checked_with_probe_limitation,forbidden,403,Author-conducted source check; transfer completeness was evaluated separately. Automated probe status: forbidden; reachability alone was not used to classify access.,EyeDataHub author team,true,https://gaze360.csail.mit.edu/,not_assessed_in_access_verification_log,Windows | Python 3.13.13 | EyeDataHub 0.7.0
gaze_capture,GazeCapture Mobile Eye-Tracking Dataset,2026-07-21,route_confirmed,https://gazecapture.csail.mit.edu/dataset.php,https://gazecapture.csail.mit.edu/dataset.php,documented_manual_route,https://gazecapture.csail.mit.edu/dataset.php,true,true,user_authentication_required,self_service_authenticated,available,author_source_checked,ok,200,Author-conducted source check; transfer completeness was evaluated separately.,EyeDataHub author team,true,https://gazecapture.csail.mit.edu/dataset.php,not_assessed_in_access_verification_log,Windows | Python 3.13.13 | EyeDataHub 0.7.0
ghana_eye_screening,Eye Screening Data for First-Year University Students in Ghana,2026-07-21,route_confirmed,https://data.mendeley.com/datasets/mfv6sb5wyc/4,https://data.mendeley.com/datasets/mfv6sb5wyc/4,official_repository,https://data.mendeley.com/datasets/mfv6sb5wyc/4,true,true,user_authentication_required,self_service_authenticated,available,author_source_checked,platform_or_browser_route,403,Author-conducted source check; transfer completeness was evaluated separately.,EyeDataHub author team,true,https://data.mendeley.com/datasets/mfv6sb5wyc/4,not_assessed_in_access_verification_log,Windows | Python 3.13.13 | EyeDataHub 0.7.0
glaucoma_expert_cot_refined,Glaucoma Expert Chain-of-Thought Refined Dataset,2026-08-02,route_confirmed,https://huggingface.co/datasets/yuzhench/glaucoma-expert-cot-refined-1077,https://huggingface.co/datasets/yuzhench/glaucoma-expert-cot-refined-1077,official_repository,https://huggingface.co/datasets/yuzhench/glaucoma-expert-cot-refined-1077,true,true,api_token_required_not_stored,self_service_authenticated,available,official_metadata_and_file_listing_checked,auth_required,401,No data files were transferred during source confirmation.,EyeDataHub author team,true,https://huggingface.co/datasets/yuzhench/glaucoma-expert-cot-refined-1077,not_assessed_in_access_verification_log,Windows | Python 3.13.13 | EyeDataHub 0.7.0
glaucoma_eye_movements,Eye Movements of Glaucoma Patients with Asymmetrical Visual Field Loss,2026-07-21,route_confirmed,https://zenodo.org/records/7761477,https://zenodo.org/records/7761477,official_repository,https://zenodo.org/records/7761477,true,true,user_authentication_required,self_service_authenticated,available,author_source_checked,platform_or_browser_route,403,Author-conducted source check; transfer completeness was evaluated separately.,EyeDataHub author team,true,https://zenodo.org/records/7761477,not_assessed_in_access_verification_log,Windows | Python 3.13.13 | EyeDataHub 0.7.0
glaucoma_oct_fundus,Glaucoma Detection Dataset with OCT and Fundus Images,2026-08-02,route_confirmed,https://doi.org/10.6084/m9.figshare.32051124.v1,https://doi.org/10.6084/m9.figshare.32051124.v1,official_repository,https://figshare.com/articles/dataset/_b_Glaucoma_Detection_Dataset_with_OCT_and_Fundus_Images_b_/32051124/1,true,true,api_token_required_not_stored,self_service_authenticated,available,official_metadata_and_file_listing_checked,ok,202,No data files were transferred during source confirmation.,EyeDataHub author team,true,https://doi.org/10.6084/m9.figshare.32051124.v1,not_assessed_in_access_verification_log,Windows | Python 3.13.13 | EyeDataHub 0.7.0
gleam,GLEAM Multimodal Glaucoma Staging Dataset,2026-08-02,route_confirmed,https://www.kaggle.com/datasets/zhangyiyinge/gleam-dataset,https://www.kaggle.com/datasets/zhangyiyinge/gleam-dataset,official_repository,https://www.kaggle.com/datasets/zhangyiyinge/gleam-dataset,true,true,api_token_required_not_stored,self_service_authenticated,available,official_metadata_and_file_listing_checked,ok,200,No data files were transferred during source confirmation.,EyeDataHub author team,true,https://www.kaggle.com/datasets/zhangyiyinge/gleam-dataset,not_assessed_in_access_verification_log,Windows | Python 3.13.13 | EyeDataHub 0.7.0
goals,GOALS — Glaucoma OCT Layer Segmentation (MICCAI 2022),2026-07-21,route_confirmed,https://aistudio.baidu.com/competition/detail/783/0/introduction,https://aistudio.baidu.com/competition/detail/783/0/introduction,cloud_file_share,https://aistudio.baidu.com/competition/detail/783/0/introduction,true,true,unauthenticated,anonymous_direct,available,author_source_checked,ok,200,Author-conducted source check; transfer completeness was evaluated separately.,EyeDataHub author team,true,https://aistudio.baidu.com/competition/detail/783/0/introduction,not_assessed_in_access_verification_log,Windows | Python 3.13.13 | EyeDataHub 0.7.0
goblet_cell_segmentation,Human Conjunctival Goblet Cell Segmentation Dataset,2026-07-21,route_confirmed,https://doi.org/10.5281/zenodo.18642562,https://doi.org/10.5281/zenodo.18642562,official_repository,https://zenodo.org/doi/10.5281/zenodo.18642562,true,true,user_authentication_required,self_service_authenticated,available,author_source_checked_with_probe_limitation,forbidden,403,Author-conducted source check; transfer completeness was evaluated separately. Automated probe status: forbidden; reachability alone was not used to classify access.,EyeDataHub author team,true,https://doi.org/10.5281/zenodo.18642562,not_assessed_in_access_verification_log,Windows | Python 3.13.13 | EyeDataHub 0.7.0
grape,GRAPE: Glaucoma Real-world Appraisal Progression Ensemble,2026-07-21,route_confirmed,https://doi.org/10.6084/m9.figshare.c.6406319,https://doi.org/10.6084/m9.figshare.c.6406319,official_repository,https://springernature.figshare.com/collections/GRAPE_A_multi-modal_glaucoma_dataset_of_follow-up_visual_field_and_fundus_images_for_glaucoma_management/6406319,true,true,user_authentication_required,self_service_authenticated,available,author_source_checked,ok,202,Author-conducted source check; transfer completeness was evaluated separately.,EyeDataHub author team,true,https://doi.org/10.6084/m9.figshare.c.6406319,not_assessed_in_access_verification_log,Windows | Python 3.13.13 | EyeDataHub 0.7.0
harvard_fairvision,"Harvard-FairVision (AMD + DR + Glaucoma, paired SLO + OCT)",2026-07-21,route_confirmed,https://ophai.hms.harvard.edu/datasets/harvard-fairvision30k,https://ophai.hms.harvard.edu/datasets/harvard-fairvision30k,documented_manual_route,,true,true,manual_authorization_required,controlled_or_manual,available,author_source_checked_with_probe_limitation,timeout,,Author-conducted source check; transfer completeness was evaluated separately. Automated probe status: timeout; reachability alone was not used to classify access.,EyeDataHub author team,true,https://ophai.hms.harvard.edu/datasets/harvard-fairvision30k,not_assessed_in_access_verification_log,Windows | Python 3.13.13 | EyeDataHub 0.7.0
harvard_gdp,Harvard GDP: Glaucoma Detection and Progression Dataset,2026-07-21,route_confirmed,https://drive.google.com/drive/folders/1JMi_HCql113uc9X0DOaMkNfEWfxaDlEz,https://drive.google.com/drive/folders/1JMi_HCql113uc9X0DOaMkNfEWfxaDlEz,cloud_file_share,https://drive.google.com/drive/folders/1JMi_HCql113uc9X0DOaMkNfEWfxaDlEz,true,true,unauthenticated,anonymous_direct,available,author_source_checked,ok,200,Author-conducted source check; transfer completeness was evaluated separately.,EyeDataHub author team,true,https://drive.google.com/drive/folders/1JMi_HCql113uc9X0DOaMkNfEWfxaDlEz,not_assessed_in_access_verification_log,Windows | Python 3.13.13 | EyeDataHub 0.7.0
harvard_glaucoma,Harvard Glaucoma Fundus Image Dataset,2026-07-21,route_confirmed,https://doi.org/10.7910/DVN/1YRRAC,https://doi.org/10.7910/DVN/1YRRAC,official_direct,https://dataverse.harvard.edu/citation?persistentId=doi:10.7910/DVN/1YRRAC,true,true,unauthenticated,anonymous_direct,available,author_source_checked,ok,202,Author-conducted source check; transfer completeness was evaluated separately.,EyeDataHub author team,true,https://doi.org/10.7910/DVN/1YRRAC,not_assessed_in_access_verification_log,Windows | Python 3.13.13 | EyeDataHub 0.7.0
hassan_composite_retina,Composite Retinal Fundus and OCT Dataset with Clinical Markings,2026-07-21,route_confirmed,https://data.mendeley.com/datasets/trghs22fpg/4,https://data.mendeley.com/datasets/trghs22fpg/4,official_repository,https://data.mendeley.com/datasets/trghs22fpg/4,true,true,user_authentication_required,self_service_authenticated,available,author_source_checked,platform_or_browser_route,403,Author-conducted source check; transfer completeness was evaluated separately.,EyeDataHub author team,true,https://data.mendeley.com/datasets/trghs22fpg/4,not_assessed_in_access_verification_log,Windows | Python 3.13.13 | EyeDataHub 0.7.0
hei_med,HEI-MED: Hamilton Eye Institute Macular Edema Dataset,2026-07-21,route_confirmed,https://github.com/lgiancaUTH/HEI-MED,https://github.com/lgiancaUTH/HEI-MED,source_repository,https://github.com/lgiancaUTH/HEI-MED,true,true,unauthenticated,anonymous_direct,available,author_source_checked,ok,200,Author-conducted source check; transfer completeness was evaluated separately.,EyeDataHub author team,true,https://github.com/lgiancaUTH/HEI-MED,not_assessed_in_access_verification_log,Windows | Python 3.13.13 | EyeDataHub 0.7.0
hesc_retinal_organoid_early_differentiation,hESC-Derived Retinal Organoid Early Differentiation Imaging Dataset,2026-08-02,route_confirmed,https://doi.org/10.6084/m9.figshare.30102802.v1,https://doi.org/10.6084/m9.figshare.30102802.v1,official_repository,https://figshare.com/articles/dataset/Human_Embryonic_Stem_Cell-Derived_Retinal_Organoid_Early_Differentiation_Imaging_Dataset/30102802/1,true,true,api_token_required_not_stored,self_service_authenticated,available,official_metadata_and_file_listing_checked,ok,202,No data files were transferred during source confirmation.,EyeDataHub author team,true,https://doi.org/10.6084/m9.figshare.30102802.v1,not_assessed_in_access_verification_log,Windows | Python 3.13.13 | EyeDataHub 0.7.0
hesc_rpe_electrical_excitability,hESC-Derived RPE Electrical Excitability Dataset,2026-08-02,route_confirmed,https://doi.org/10.6084/m9.figshare.22246969.v2,https://doi.org/10.6084/m9.figshare.22246969.v2,official_repository,https://figshare.com/articles/dataset/Electrical_excitability_and_its_lateral_spread_in_the_retinal_pigment_epithelium_dataset/22246969/2,true,true,api_token_required_not_stored,self_service_authenticated,available,official_metadata_and_file_listing_checked,ok,202,No data files were transferred during source confirmation.,EyeDataHub author team,true,https://doi.org/10.6084/m9.figshare.22246969.v2,not_assessed_in_access_verification_log,Windows | Python 3.13.13 | EyeDataHub 0.7.0
higancnn_generated_glaucoma,HiGANCNN Generated Glaucoma Dataset,2026-08-02,route_confirmed,https://www.kaggle.com/datasets/hindsaud/datasets-higancnn-glaucoma-detection,https://www.kaggle.com/datasets/hindsaud/datasets-higancnn-glaucoma-detection,official_repository,https://www.kaggle.com/datasets/hindsaud/datasets-higancnn-glaucoma-detection,true,true,api_token_required_not_stored,self_service_authenticated,available,official_metadata_and_file_listing_checked,ok,200,No data files were transferred during source confirmation.,EyeDataHub author team,true,https://www.kaggle.com/datasets/hindsaud/datasets-higancnn-glaucoma-detection,not_assessed_in_access_verification_log,Windows | Python 3.13.13 | EyeDataHub 0.7.0
hpmi,HPMI: High & Pathological Myopia Identification,2026-07-21,route_confirmed,https://doi.org/10.6084/m9.figshare.24800232,https://doi.org/10.6084/m9.figshare.24800232,official_repository,https://figshare.com/articles/dataset/HPMI_A_retinal_fundus_image_dataset_for_identification_of_high_and_pathological_myopia_based_on_deep_learning/24800232,true,true,user_authentication_required,self_service_authenticated,available,author_source_checked,ok,202,Author-conducted source check; transfer completeness was evaluated separately.,EyeDataHub author team,true,https://doi.org/10.6084/m9.figshare.24800232,not_assessed_in_access_verification_log,Windows | Python 3.13.13 | EyeDataHub 0.7.0
hrf,HRF: High-Resolution Fundus Image Database,2026-07-21,route_confirmed,https://www5.cs.fau.de/research/data/fundus-images/,https://www5.cs.fau.de/research/data/fundus-images/,documented_manual_route,https://www5.cs.fau.de/research/data/fundus-images/,true,true,unauthenticated,anonymous_direct,available,acquisition_route_verified,ok,200,Author-conducted source check; transfer completeness was evaluated separately.,EyeDataHub author team,true,https://www5.cs.fau.de/research/data/fundus-images/,not_assessed_in_access_verification_log,Windows | Python 3.13.13 | EyeDataHub 0.7.0
hrf_seg_plus,HRF-Seg+: Multi-Structure Fundus Annotations,2026-07-21,route_confirmed,https://zenodo.org/records/16744782,https://zenodo.org/records/16744782,official_repository,https://zenodo.org/records/16744782,true,true,user_authentication_required,self_service_authenticated,available,author_source_checked,platform_or_browser_route,403,Author-conducted source check; transfer completeness was evaluated separately.,EyeDataHub author team,true,https://zenodo.org/records/16744782,not_assessed_in_access_verification_log,Windows | Python 3.13.13 | EyeDataHub 0.7.0
hyamd,HYAMD High-Resolution Fundus Image Dataset for AMD Diagnosis,2026-07-21,route_confirmed,https://physionet.org/content/hillel-yaffe-fundus-amd/1.0.0/,https://physionet.org/content/hillel-yaffe-fundus-amd/1.0.0/,data_platform,https://physionet.org/content/hillel-yaffe-fundus-amd/1.0.0/,true,true,user_authentication_required,controlled_or_manual,available,acquisition_route_verified,ok,200,Author-conducted source check; transfer completeness was evaluated separately.,EyeDataHub author team,true,https://physionet.org/content/hillel-yaffe-fundus-amd/1.0.0/,not_assessed_in_access_verification_log,Windows | Python 3.13.13 | EyeDataHub 0.7.0
hybridgaze,HybridGaze Dataset,2026-08-02,route_confirmed,https://www.kaggle.com/datasets/michachwesiuk/hybridgaze,https://www.kaggle.com/datasets/michachwesiuk/hybridgaze,official_repository,https://www.kaggle.com/datasets/michachwesiuk/hybridgaze,true,true,api_token_required_not_stored,self_service_authenticated,available,official_metadata_and_file_listing_checked,ok,200,No data files were transferred during source confirmation.,EyeDataHub author team,true,https://www.kaggle.com/datasets/michachwesiuk/hybridgaze,not_assessed_in_access_verification_log,Windows | Python 3.13.13 | EyeDataHub 0.7.0
hygd,HYGD: Hillel Yaffe Glaucoma Dataset,2026-07-21,route_confirmed,https://doi.org/10.13026/pdxv-m215,https://doi.org/10.13026/pdxv-m215,data_platform,https://physionet.org/content/hillel-yaffe-glaucoma-dataset/1.1.0/,true,true,user_authentication_required,self_service_authenticated,available,author_source_checked,ok,200,Author-conducted source check; transfer completeness was evaluated separately.,EyeDataHub author team,true,https://doi.org/10.13026/pdxv-m215,not_assessed_in_access_verification_log,Windows | Python 3.13.13 | EyeDataHub 0.7.0
ichallenge_amd,iChallenge-AMD: Age-related Macular Degeneration,2026-07-21,route_confirmed,https://amd.grand-challenge.org/download/,https://amd.grand-challenge.org/download/,challenge_platform,https://amd.grand-challenge.org/download/,true,true,user_authentication_required,self_service_authenticated,available,author_source_checked_with_probe_limitation,forbidden,403,Author-conducted source check; transfer completeness was evaluated separately. Automated probe status: forbidden; reachability alone was not used to classify access.,EyeDataHub author team,true,https://amd.grand-challenge.org/download/,not_assessed_in_access_verification_log,Windows | Python 3.13.13 | EyeDataHub 0.7.0
ichallenge_oct,iChallenge OCT Datasets (HDMILab / OMIA Workshops),2026-07-21,route_confirmed,http://hdmilab.cn/ichallenge,http://hdmilab.cn/ichallenge,documented_manual_route,http://hdmilab.cn/ichallenge,true,true,user_authentication_required,self_service_authenticated,available,acquisition_route_verified,ok,200,Author-conducted source check; transfer completeness was evaluated separately.,EyeDataHub author team,true,http://hdmilab.cn/ichallenge,not_assessed_in_access_verification_log,Windows | Python 3.13.13 | EyeDataHub 0.7.0
idrid,IDRiD: Indian Diabetic Retinopathy Image Dataset,2026-07-21,route_confirmed,https://ieee-dataport.org/open-access/indian-diabetic-retinopathy-image-dataset-idrid,https://ieee-dataport.org/open-access/indian-diabetic-retinopathy-image-dataset-idrid,documented_manual_route,https://ieee-dataport.org/open-access/indian-diabetic-retinopathy-image-dataset-idrid,true,true,user_authentication_required,self_service_authenticated,available,author_source_checked,ok,200,Author-conducted source check; transfer completeness was evaluated separately.,EyeDataHub author team,true,https://ieee-dataport.org/open-access/indian-diabetic-retinopathy-image-dataset-idrid,not_assessed_in_access_verification_log,Windows | Python 3.13.13 | EyeDataHub 0.7.0
insegcat,InSegCat: Instance Segmentation for Cataract Surgery,2026-07-21,route_confirmed,https://ftp.itec.aau.at/datasets/ovid/InSegCat/,https://ftp.itec.aau.at/datasets/ovid/InSegCat/,documented_manual_route,https://ftp.itec.aau.at/datasets/ovid/InSegCat/,true,true,user_clickthrough_required,self_service_clickthrough,available,acquisition_route_verified,ok,200,Author-conducted source check; transfer completeness was evaluated separately.,EyeDataHub author team,true,https://ftp.itec.aau.at/datasets/ovid/InSegCat/,not_assessed_in_access_verification_log,Windows | Python 3.13.13 | EyeDataHub 0.7.0
intraretinal_cystoid_fluid,Intraretinal Cystoid Fluid OCT Segmentation Dataset,2026-07-21,route_confirmed,https://www.kaggle.com/datasets/zeeshanahmed13/intraretinal-cystoid-fluid,https://www.kaggle.com/datasets/zeeshanahmed13/intraretinal-cystoid-fluid,data_platform,https://www.kaggle.com/datasets/zeeshanahmed13/intraretinal-cystoid-fluid,true,true,api_token_required_not_stored,self_service_authenticated,available,author_source_checked,ok,200,Author-conducted source check; transfer completeness was evaluated separately.,EyeDataHub author team,true,https://www.kaggle.com/datasets/zeeshanahmed13/intraretinal-cystoid-fluid,not_assessed_in_access_verification_log,Windows | Python 3.13.13 | EyeDataHub 0.7.0
irfdrd,Iraqi Retinal Fundus Diabetic Retinopathy Dataset,2026-07-21,route_confirmed,https://zenodo.org/records/12552326,https://zenodo.org/records/12552326,official_repository,https://zenodo.org/records/12552326,true,true,user_authentication_required,self_service_authenticated,available,author_source_checked,platform_or_browser_route,403,Author-conducted source check; transfer completeness was evaluated separately.,EyeDataHub author team,true,https://zenodo.org/records/12552326,not_assessed_in_access_verification_log,Windows | Python 3.13.13 | EyeDataHub 0.7.0
itec_iris_pupil,ITEC Iris and Pupil Segmentation Dataset,2026-08-02,route_confirmed,https://ftp.itec.aau.at/datasets/ovid/iris_pupil_seg/index.html,https://ftp.itec.aau.at/datasets/ovid/iris_pupil_seg/index.html,official_repository,https://ftp.itec.aau.at/datasets/ovid/iris_pupil_seg/index.html,true,true,manual_authorization_required,controlled_or_manual,available,official_metadata_and_file_listing_checked,ok,200,No data files were transferred during source confirmation.,EyeDataHub author team,true,https://ftp.itec.aau.at/datasets/ovid/iris_pupil_seg/index.html,not_assessed_in_access_verification_log,Windows | Python 3.13.13 | EyeDataHub 0.7.0
jichi,Jichi Medical University Diabetic Retinopathy Dataset,2026-07-21,route_confirmed,https://doi.org/10.6084/m9.figshare.4879853,https://doi.org/10.6084/m9.figshare.4879853,official_repository,https://figshare.com/articles/figure/Davis_Grading_of_One_and_Concatenated_Figures/4879853,true,true,user_authentication_required,self_service_authenticated,available,author_source_checked,ok,202,Author-conducted source check; transfer completeness was evaluated separately.,EyeDataHub author team,true,https://doi.org/10.6084/m9.figshare.4879853,not_assessed_in_access_verification_log,Windows | Python 3.13.13 | EyeDataHub 0.7.0
jrc_multimodal_vessels,JRC Multi-Modal Retinal Vessel Segmentation,2026-07-21,route_confirmed,https://zenodo.org/records/17874693,https://zenodo.org/records/17874693,documented_manual_route,https://zenodo.org/records/17874693,true,true,manual_authorization_required,controlled_or_manual,available,author_source_checked,platform_or_browser_route,403,Author-conducted source check; transfer completeness was evaluated separately.,EyeDataHub author team,true,https://zenodo.org/records/17874693,not_assessed_in_access_verification_log,Windows | Python 3.13.13 | EyeDataHub 0.7.0
jsiec,JSIEC Fundus Photo Dataset,2026-07-21,route_confirmed,https://zenodo.org/record/3477553,https://zenodo.org/record/3477553,official_repository,https://zenodo.org/record/3477553,true,true,user_authentication_required,self_service_authenticated,available,author_source_checked,platform_or_browser_route,403,Author-conducted source check; transfer completeness was evaluated separately.,EyeDataHub author team,true,https://zenodo.org/record/3477553,not_assessed_in_access_verification_log,Windows | Python 3.13.13 | EyeDataHub 0.7.0
justraigs,JustRAIGS: Just Referral AI Glaucoma Screening Dataset,2026-07-21,route_confirmed,https://zenodo.org/records/10035093,https://zenodo.org/records/10035093,official_repository,https://zenodo.org/records/10035093,true,true,user_authentication_required,self_service_clickthrough,available,author_source_checked,platform_or_browser_route,403,Author-conducted source check; transfer completeness was evaluated separately.,EyeDataHub author team,true,https://zenodo.org/records/10035093,not_assessed_in_access_verification_log,Windows | Python 3.13.13 | EyeDataHub 0.7.0
keratoconus_detection_kaggle,Keratoconus Detection Corneal Maps,2026-07-21,route_confirmed,https://www.kaggle.com/datasets/elmehdi12/keratoconus-detection,https://www.kaggle.com/datasets/elmehdi12/keratoconus-detection,data_platform,https://www.kaggle.com/datasets/elmehdi12/keratoconus-detection,true,true,api_token_required_not_stored,self_service_authenticated,available,author_source_checked,ok,200,Author-conducted source check; transfer completeness was evaluated separately.,EyeDataHub author team,true,https://www.kaggle.com/datasets/elmehdi12/keratoconus-detection,not_assessed_in_access_verification_log,Windows | Python 3.13.13 | EyeDataHub 0.7.0
kermany_oct,Kermany OCT 2018: Retinal OCT Image Classification,2026-07-21,route_confirmed,https://www.kaggle.com/datasets/paultimothymooney/kermany2018,https://www.kaggle.com/datasets/paultimothymooney/kermany2018,data_platform,https://www.kaggle.com/datasets/paultimothymooney/kermany2018,true,true,api_token_required_not_stored,self_service_authenticated,available,author_source_checked,ok,200,Author-conducted source check; transfer completeness was evaluated separately.,EyeDataHub author team,true,https://www.kaggle.com/datasets/paultimothymooney/kermany2018,not_assessed_in_access_verification_log,Windows | Python 3.13.13 | EyeDataHub 0.7.0
lag,LAG: Large-scale Attention-based Glaucoma Database,2026-07-21,route_confirmed,https://github.com/smilell/AG-CNN,https://github.com/smilell/AG-CNN,documented_manual_route,https://github.com/smilell/AG-CNN,true,true,author_correspondence_required,author_contact,available,author_source_checked,ok,200,Author-conducted source check; transfer completeness was evaluated separately.,EyeDataHub author team,true,https://github.com/smilell/AG-CNN,not_assessed_in_access_verification_log,Windows | Python 3.13.13 | EyeDataHub 0.7.0
leops_erg,LEOPs Light-Adapted Electroretinogram and Oscillatory Potentials Dataset,2026-07-21,route_confirmed,https://data.mendeley.com/datasets/w3yx7hdds7/1,https://data.mendeley.com/datasets/w3yx7hdds7/1,official_repository,https://data.mendeley.com/datasets/w3yx7hdds7/1,true,true,user_authentication_required,self_service_authenticated,available,author_source_checked,platform_or_browser_route,403,Author-conducted source check; transfer completeness was evaluated separately.,EyeDataHub author team,true,https://data.mendeley.com/datasets/w3yx7hdds7/1,not_assessed_in_access_verification_log,Windows | Python 3.13.13 | EyeDataHub 0.7.0
lmod_cataract_1k,LMOD-Cataract-1K,2026-07-21,route_confirmed,https://huggingface.co/datasets/mehti/LMOD-Cataract-1K,https://huggingface.co/datasets/mehti/LMOD-Cataract-1K,data_platform,https://huggingface.co/datasets/mehti/LMOD-Cataract-1K,true,true,api_token_required_not_stored,self_service_authenticated,available,author_source_checked,ok,200,Author-conducted source check; transfer completeness was evaluated separately.,EyeDataHub author team,true,https://huggingface.co/datasets/mehti/LMOD-Cataract-1K,not_assessed_in_access_verification_log,Windows | Python 3.13.13 | EyeDataHub 0.7.0
lmod_cataract_1k_cot,Cataract-1K Surgical Analysis Chain-of-Thought Dataset,2026-07-21,route_confirmed,https://huggingface.co/datasets/mehti/LMOD-Cataract-1K-surgical-analysis-cot,https://huggingface.co/datasets/mehti/LMOD-Cataract-1K-surgical-analysis-cot,data_platform,https://huggingface.co/datasets/mehti/LMOD-Cataract-1K-surgical-analysis-cot,true,true,api_token_required_not_stored,self_service_authenticated,available,author_source_checked,ok,200,Author-conducted source check; transfer completeness was evaluated separately.,EyeDataHub author team,true,https://huggingface.co/datasets/mehti/LMOD-Cataract-1K-surgical-analysis-cot,not_assessed_in_access_verification_log,Windows | Python 3.13.13 | EyeDataHub 0.7.0
lmod_plus,LMOD+ Multimodal Ophthalmology Benchmark,2026-07-21,route_confirmed,https://kfzyqin.github.io/lmod_plus/,https://yaleedu-my.sharepoint.com/,official_cloud_file_share,https://kfzyqin.github.io/lmod_plus/,true,true,unauthenticated,anonymous_direct,available,acquisition_route_verified,ok,200,Author-conducted source check; transfer completeness was evaluated separately.,EyeDataHub author team,true,https://kfzyqin.github.io/lmod_plus/,not_assessed_in_access_verification_log,Windows | Python 3.13.13 | EyeDataHub 0.7.0
lpw,LPW Labelled Pupils in the Wild,2026-07-21,route_confirmed,https://www.mpi-inf.mpg.de/de/departments/computer-vision-and-machine-learning/research/gaze-based-human-computer-interaction/labelled-pupils-in-the-wild-lpw/,https://www.mpi-inf.mpg.de/de/departments/computer-vision-and-machine-learning/research/gaze-based-human-computer-interaction/labelled-pupils-in-the-wild-lpw/,documented_manual_route,https://www.mpi-inf.mpg.de/de/departments/computer-vision-and-machine-learning/research/gaze-based-human-computer-interaction/labelled-pupils-in-the-wild-lpw/,true,true,unauthenticated,anonymous_direct,available,acquisition_route_verified,ok,200,Author-conducted source check; transfer completeness was evaluated separately.,EyeDataHub author team,true,https://www.mpi-inf.mpg.de/de/departments/computer-vision-and-machine-learning/research/gaze-based-human-computer-interaction/labelled-pupils-in-the-wild-lpw/,not_assessed_in_access_verification_log,Windows | Python 3.13.13 | EyeDataHub 0.7.0
maetschke_glaucoma_oct,OCT Volumes for Glaucoma Detection,2026-07-21,route_confirmed,https://doi.org/10.5281/zenodo.1481223,https://doi.org/10.5281/zenodo.1481223,official_repository,https://zenodo.org/record/1481223,true,true,user_authentication_required,self_service_authenticated,available,author_source_checked_with_probe_limitation,forbidden,403,Author-conducted source check; transfer completeness was evaluated separately. Automated probe status: forbidden; reachability alone was not used to classify access.,EyeDataHub author team,true,https://doi.org/10.5281/zenodo.1481223,not_assessed_in_access_verification_log,Windows | Python 3.13.13 | EyeDataHub 0.7.0
maples_dr,MAPLES-DR: Montreal Annotation Project for DR,2026-07-21,route_confirmed,https://doi.org/10.6084/m9.figshare.24328660,https://doi.org/10.6084/m9.figshare.24328660,official_repository,https://figshare.com/articles/dataset/_b_MAPLES-DR_b_MESSIDOR_Anatomical_and_Pathological_Labels_for_Explainable_Screening_of_Diabetic_Retinopathy/24328660,true,true,user_authentication_required,self_service_authenticated,available,author_source_checked,ok,202,Author-conducted source check; transfer completeness was evaluated separately.,EyeDataHub author team,true,https://doi.org/10.6084/m9.figshare.24328660,not_assessed_in_access_verification_log,Windows | Python 3.13.13 | EyeDataHub 0.7.0
mario,MARIO: AMD-Progression Longitudinal OCT (MICCAI 2024),2026-07-21,route_confirmed,https://zenodo.org/records/15270469,https://zenodo.org/records/15270469,official_repository,https://zenodo.org/records/15270469,true,true,user_authentication_required,self_service_authenticated,available,author_source_checked,platform_or_browser_route,403,Author-conducted source check; transfer completeness was evaluated separately.,EyeDataHub author team,true,https://zenodo.org/records/15270469,not_assessed_in_access_verification_log,Windows | Python 3.13.13 | EyeDataHub 0.7.0
mbrset,mBRSET: Mobile Brazilian Retinal Dataset,2026-07-21,route_confirmed,https://physionet.org/content/mbrset/1.0/,https://physionet.org/content/mbrset/1.0/,data_platform,https://physionet.org/content/mbrset/1.0/,true,true,user_authentication_required,controlled_or_manual,available,author_source_checked,ok,200,Author-conducted source check; transfer completeness was evaluated separately.,EyeDataHub author team,true,https://physionet.org/content/mbrset/1.0/,not_assessed_in_access_verification_log,Windows | Python 3.13.13 | EyeDataHub 0.7.0
mcoa,MCOA: Multimodal Corneal Opacity Assessment Dataset,2026-07-21,route_confirmed,https://doi.org/10.6084/m9.figshare.28123088.v1,https://doi.org/10.6084/m9.figshare.28123088.v1,official_repository,https://springernature.figshare.com/articles/dataset/MCOA_A_Comprehensive_Multimodal_Dataset_for_Advancing_Deep_Learning_in_Corneal_Opacity_Assessment/28123088/1,true,true,user_authentication_required,self_service_authenticated,available,author_source_checked,ok,202,Author-conducted source check; transfer completeness was evaluated separately.,EyeDataHub author team,true,https://doi.org/10.6084/m9.figshare.28123088.v1,not_assessed_in_access_verification_log,Windows | Python 3.13.13 | EyeDataHub 0.7.0
mendeley_3_year_follow_up_optic_neuritis,a 3-year follow-up of optic neuritis phenotypes in Chinese cohort,2026-08-02,route_confirmed,https://data.mendeley.com/datasets/zvb55v8mzw,https://data.mendeley.com/datasets/zvb55v8mzw,official_repository,https://data.mendeley.com/datasets/zvb55v8mzw/1,true,true,api_token_required_not_stored,self_service_authenticated,available,official_metadata_or_file_listing_checked,platform_or_browser_route,403,Official Mendeley record and available metadata or file-listing evidence reviewed; no files are distributed by EyeDataHub.,EyeDataHub author team,true,https://data.mendeley.com/datasets/zvb55v8mzw,not_assessed_in_access_verification_log,Windows | Python 3.13.13 | EyeDataHub 0.7.0
mendeley_adjuvant_ketorolac_dexamethasone_hypoxic_human_retinal,Adjuvant Ketorolac and Dexamethasone + Hypoxic Human Retinal Pigment Epithelium (RPE) and Endothelial Cells (HREC),2026-08-02,route_confirmed,https://data.mendeley.com/datasets/xzf382pby9,https://data.mendeley.com/datasets/xzf382pby9,official_repository,https://data.mendeley.com/datasets/xzf382pby9/1,true,true,api_token_required_not_stored,self_service_authenticated,available,official_metadata_or_file_listing_checked,platform_or_browser_route,403,Official Mendeley record and available metadata or file-listing evidence reviewed; no files are distributed by EyeDataHub.,EyeDataHub author team,true,https://data.mendeley.com/datasets/xzf382pby9,not_assessed_in_access_verification_log,Windows | Python 3.13.13 | EyeDataHub 0.7.0
mendeley_analysis_macular_pigment_carotenoids_human_blood,Analysis of macular pigment carotenoids in human blood serum of glaucoma patients as a measure of ocular health: A Raman spectroscopic study,2026-08-02,route_confirmed,https://data.mendeley.com/datasets/8pwpbcrjd8,https://data.mendeley.com/datasets/8pwpbcrjd8,official_repository,https://data.mendeley.com/datasets/8pwpbcrjd8/1,true,true,api_token_required_not_stored,self_service_authenticated,available,official_metadata_or_file_listing_checked,platform_or_browser_route,403,Official Mendeley record and available metadata or file-listing evidence reviewed; no files are distributed by EyeDataHub.,EyeDataHub author team,true,https://data.mendeley.com/datasets/8pwpbcrjd8,not_assessed_in_access_verification_log,Windows | Python 3.13.13 | EyeDataHub 0.7.0
mendeley_annotated_infant_fundus_images_object_detection,Annotated Infant Fundus Images for Object Detection of Key Structures (Optic Disk and Macula),2026-08-02,route_confirmed,https://data.mendeley.com/datasets/9kvk7nkhx6,https://data.mendeley.com/datasets/9kvk7nkhx6,official_repository,https://data.mendeley.com/datasets/9kvk7nkhx6/4,true,true,api_token_required_not_stored,self_service_authenticated,available,official_metadata_or_file_listing_checked,platform_or_browser_route,403,Official Mendeley record and available metadata or file-listing evidence reviewed; no files are distributed by EyeDataHub.,EyeDataHub author team,true,https://data.mendeley.com/datasets/9kvk7nkhx6,not_assessed_in_access_verification_log,Windows | Python 3.13.13 | EyeDataHub 0.7.0
mendeley_application_machine_learning_detecting_iron_deficiency,Application of Machine Learning in Detecting Iron Deficiency Anemia Using  Conjunctiva image Dataset from Ghana,2026-08-02,route_confirmed,https://data.mendeley.com/datasets/nt7r8hv2pz,https://data.mendeley.com/datasets/nt7r8hv2pz,official_repository,https://data.mendeley.com/datasets/nt7r8hv2pz,true,true,api_token_required_not_stored,self_service_authenticated,available,official_metadata_or_file_listing_checked,platform_or_browser_route,403,Official Mendeley record and available metadata or file-listing evidence reviewed; no files are distributed by EyeDataHub.,EyeDataHub author team,true,https://data.mendeley.com/datasets/nt7r8hv2pz,not_assessed_in_access_verification_log,Windows | Python 3.13.13 | EyeDataHub 0.7.0
mendeley_biochemical_parameters_tear_fluid_chemical_burns,Dataset of biochemical parameters of tear fluid in chemical burns,2026-08-02,route_confirmed,https://data.mendeley.com/datasets/zhk775h6n4,https://data.mendeley.com/datasets/zhk775h6n4,official_repository,https://data.mendeley.com/datasets/zhk775h6n4/1,true,true,api_token_required_not_stored,self_service_authenticated,available,official_metadata_or_file_listing_checked,platform_or_browser_route,403,Official Mendeley record and available metadata or file-listing evidence reviewed; no files are distributed by EyeDataHub.,EyeDataHub author team,true,https://data.mendeley.com/datasets/zhk775h6n4,not_assessed_in_access_verification_log,Windows | Python 3.13.13 | EyeDataHub 0.7.0
mendeley_biomechanical_properties_adult_patients_high_myopia,"Biomechanical properties of adult patients with high myopia after implantable collamer lens (ICL, V4) implantation",2026-08-02,route_confirmed,https://data.mendeley.com/datasets/yry4r9y9v5,https://data.mendeley.com/datasets/yry4r9y9v5,official_repository,https://data.mendeley.com/datasets/yry4r9y9v5/1,true,true,api_token_required_not_stored,self_service_authenticated,available,official_metadata_or_file_listing_checked,platform_or_browser_route,403,Official Mendeley record and available metadata or file-listing evidence reviewed; no files are distributed by EyeDataHub.,EyeDataHub author team,true,https://data.mendeley.com/datasets/yry4r9y9v5,not_assessed_in_access_verification_log,Windows | Python 3.13.13 | EyeDataHub 0.7.0
mendeley_blinking_its_relationship_ocular_surface_digital,Blinking and its relationship with the ocular surface and digital device use in school aged children ,2026-08-02,route_confirmed,https://data.mendeley.com/datasets/vyb5fv6ppp,https://data.mendeley.com/datasets/vyb5fv6ppp,official_repository,https://data.mendeley.com/datasets/vyb5fv6ppp/1,true,true,api_token_required_not_stored,self_service_authenticated,available,official_metadata_or_file_listing_checked,platform_or_browser_route,403,Official Mendeley record and available metadata or file-listing evidence reviewed; no files are distributed by EyeDataHub.,EyeDataHub author team,true,https://data.mendeley.com/datasets/vyb5fv6ppp,not_assessed_in_access_verification_log,Windows | Python 3.13.13 | EyeDataHub 0.7.0
mendeley_cell_types_human_retina_its_organoids,Cell types of the human retina and its organoids at single-cell resolution. Cowan et al,2026-08-02,route_confirmed,https://data.mendeley.com/datasets/sm67hr5bpm,https://data.mendeley.com/datasets/sm67hr5bpm,official_repository,https://data.mendeley.com/datasets/sm67hr5bpm/1,true,true,api_token_required_not_stored,self_service_authenticated,available,official_metadata_or_file_listing_checked,platform_or_browser_route,403,Official Mendeley record and available metadata or file-listing evidence reviewed; no files are distributed by EyeDataHub.,EyeDataHub author team,true,https://data.mendeley.com/datasets/sm67hr5bpm,not_assessed_in_access_verification_log,Windows | Python 3.13.13 | EyeDataHub 0.7.0
mendeley_changes_retinal_photosensitivity_diabetic_retinopathy_therapy,Changes in retinal photosensitivity in diabetic retinopathy therapy,2026-08-02,route_confirmed,https://data.mendeley.com/datasets/tsf8b4yj3j,https://data.mendeley.com/datasets/tsf8b4yj3j,official_repository,https://data.mendeley.com/datasets/tsf8b4yj3j/1,true,true,api_token_required_not_stored,self_service_authenticated,available,official_metadata_or_file_listing_checked,platform_or_browser_route,403,Official Mendeley record and available metadata or file-listing evidence reviewed; no files are distributed by EyeDataHub.,EyeDataHub author team,true,https://data.mendeley.com/datasets/tsf8b4yj3j,not_assessed_in_access_verification_log,Windows | Python 3.13.13 | EyeDataHub 0.7.0
mendeley_chemical_reprogramming_fibroblasts_into_functional_retinal,Chemical Reprogramming of Fibroblasts into Functional Retinal Pigment Epithelium Cells,2026-08-02,route_confirmed,https://data.mendeley.com/datasets/sg2rywwwxb,https://data.mendeley.com/datasets/sg2rywwwxb,official_repository,https://data.mendeley.com/datasets/sg2rywwwxb/1,true,true,api_token_required_not_stored,self_service_authenticated,available,official_metadata_or_file_listing_checked,platform_or_browser_route,403,Official Mendeley record and available metadata or file-listing evidence reviewed; no files are distributed by EyeDataHub.,EyeDataHub author team,true,https://data.mendeley.com/datasets/sg2rywwwxb,not_assessed_in_access_verification_log,Windows | Python 3.13.13 | EyeDataHub 0.7.0
mendeley_code_manuscript_fixational_eye_movements_as,Data and code for manuscript: Fixational eye movements as active sensation for high visual acuity,2026-08-02,route_confirmed,https://data.mendeley.com/datasets/p7dyyrfds6,https://data.mendeley.com/datasets/p7dyyrfds6,official_repository,https://data.mendeley.com/datasets/p7dyyrfds6/2,true,true,api_token_required_not_stored,self_service_authenticated,available,official_metadata_or_file_listing_checked,platform_or_browser_route,403,Official Mendeley record and available metadata or file-listing evidence reviewed; no files are distributed by EyeDataHub.,EyeDataHub author team,true,https://data.mendeley.com/datasets/p7dyyrfds6,not_assessed_in_access_verification_log,Windows | Python 3.13.13 | EyeDataHub 0.7.0
mendeley_comparison_aqueous_humor_levels_plgf_vegf,Data for: Comparison of aqueous humor levels of PlGF and VEGF in proliferative diabetic retinopathy before and after intravitreal conbercept injection,2026-08-02,route_confirmed,https://data.mendeley.com/datasets/wtcc9fcjdy,https://data.mendeley.com/datasets/wtcc9fcjdy,official_repository,https://data.mendeley.com/datasets/wtcc9fcjdy/1,true,true,api_token_required_not_stored,self_service_authenticated,available,official_metadata_or_file_listing_checked,platform_or_browser_route,403,Official Mendeley record and available metadata or file-listing evidence reviewed; no files are distributed by EyeDataHub.,EyeDataHub author team,true,https://data.mendeley.com/datasets/wtcc9fcjdy,not_assessed_in_access_verification_log,Windows | Python 3.13.13 | EyeDataHub 0.7.0
mendeley_comparison_ocular_biometry_using_new_opticalcoherence,Comparison of ocular biometry using new OpticalCoherence Tomography-based Optical Biometer with Other Device. ,2026-08-02,route_confirmed,https://data.mendeley.com/datasets/kwv73shvxh,https://data.mendeley.com/datasets/kwv73shvxh,official_repository,https://data.mendeley.com/datasets/kwv73shvxh/1,true,true,api_token_required_not_stored,self_service_authenticated,available,official_metadata_or_file_listing_checked,platform_or_browser_route,403,Official Mendeley record and available metadata or file-listing evidence reviewed; no files are distributed by EyeDataHub.,EyeDataHub author team,true,https://data.mendeley.com/datasets/kwv73shvxh,not_assessed_in_access_verification_log,Windows | Python 3.13.13 | EyeDataHub 0.7.0
mendeley_comparison_retinal_choroidal_vascular_changes_via,Comparison of retinal and choroidal vascular changes via optical coherence tomography angiography between Pseudoexfoliative glaucoma and Pseudoexfoliative syndrome and control group,2026-08-02,route_confirmed,https://data.mendeley.com/datasets/3m8fcfmp9j,https://data.mendeley.com/datasets/3m8fcfmp9j,official_repository,https://data.mendeley.com/datasets/3m8fcfmp9j/1,true,true,api_token_required_not_stored,self_service_authenticated,available,official_metadata_or_file_listing_checked,platform_or_browser_route,403,Official Mendeley record and available metadata or file-listing evidence reviewed; no files are distributed by EyeDataHub.,EyeDataHub author team,true,https://data.mendeley.com/datasets/3m8fcfmp9j,not_assessed_in_access_verification_log,Windows | Python 3.13.13 | EyeDataHub 0.7.0
mendeley_conjunctival_melanoma_detection_using_deep_learning,Conjunctival melanoma detection using deep learning in smartphone images,2026-08-02,route_confirmed,https://data.mendeley.com/datasets/t75wjsw6bw,https://data.mendeley.com/datasets/t75wjsw6bw,official_repository,https://data.mendeley.com/datasets/t75wjsw6bw/2,true,true,api_token_required_not_stored,self_service_authenticated,available,official_metadata_or_file_listing_checked,platform_or_browser_route,403,Official Mendeley record and available metadata or file-listing evidence reviewed; no files are distributed by EyeDataHub.,EyeDataHub author team,true,https://data.mendeley.com/datasets/t75wjsw6bw,not_assessed_in_access_verification_log,Windows | Python 3.13.13 | EyeDataHub 0.7.0
mendeley_contrast_sensitivity_visual_acuity_multifocal_contact,Data for: Contrast sensitivity and visual acuity with multifocal contact lenses with high additions dedicated for myopia progression control ,2026-08-02,route_confirmed,https://data.mendeley.com/datasets/j5cw4wn23y,https://data.mendeley.com/datasets/j5cw4wn23y,official_repository,https://data.mendeley.com/datasets/j5cw4wn23y/1,true,true,api_token_required_not_stored,self_service_authenticated,available,official_metadata_or_file_listing_checked,platform_or_browser_route,403,Official Mendeley record and available metadata or file-listing evidence reviewed; no files are distributed by EyeDataHub.,EyeDataHub author team,true,https://data.mendeley.com/datasets/j5cw4wn23y,not_assessed_in_access_verification_log,Windows | Python 3.13.13 | EyeDataHub 0.7.0
mendeley_corneal_higher_order_aberrations_stevens_johnson,Data for: Corneal Higher-order Aberrations in Stevens-Johnson Syndrome and Toxic Epidermal Necrolysis,2026-08-02,route_confirmed,https://data.mendeley.com/datasets/2k96xky4rf,https://data.mendeley.com/datasets/2k96xky4rf,official_repository,https://data.mendeley.com/datasets/2k96xky4rf/1,true,true,api_token_required_not_stored,self_service_authenticated,available,official_metadata_or_file_listing_checked,platform_or_browser_route,403,Official Mendeley record and available metadata or file-listing evidence reviewed; no files are distributed by EyeDataHub.,EyeDataHub author team,true,https://data.mendeley.com/datasets/2k96xky4rf,not_assessed_in_access_verification_log,Windows | Python 3.13.13 | EyeDataHub 0.7.0
mendeley_corneal_refractive_parameters_age_patients_without,corneal refractive parameters with age in patients without corneal diseases based on Fourier analysis ,2026-08-02,route_confirmed,https://data.mendeley.com/datasets/yr8hbwmsvy,https://data.mendeley.com/datasets/yr8hbwmsvy,official_repository,https://data.mendeley.com/datasets/yr8hbwmsvy/1,true,true,api_token_required_not_stored,self_service_authenticated,available,official_metadata_or_file_listing_checked,platform_or_browser_route,403,Official Mendeley record and available metadata or file-listing evidence reviewed; no files are distributed by EyeDataHub.,EyeDataHub author team,true,https://data.mendeley.com/datasets/yr8hbwmsvy,not_assessed_in_access_verification_log,Windows | Python 3.13.13 | EyeDataHub 0.7.0
mendeley_cp_anemic_conjunctival_pallor_ghana,CP-AnemiC (A Conjunctival Pallor) Dataset from Ghana,2026-08-02,route_confirmed,https://data.mendeley.com/datasets/m53vz6b7fx,https://data.mendeley.com/datasets/m53vz6b7fx,official_repository,https://data.mendeley.com/datasets/m53vz6b7fx,true,true,api_token_required_not_stored,self_service_authenticated,available,official_metadata_or_file_listing_checked,platform_or_browser_route,403,Official Mendeley record and available metadata or file-listing evidence reviewed; no files are distributed by EyeDataHub.,EyeDataHub author team,true,https://data.mendeley.com/datasets/m53vz6b7fx,not_assessed_in_access_verification_log,Windows | Python 3.13.13 | EyeDataHub 0.7.0
mendeley_cust_iris,CUST-Iris,2026-08-02,route_confirmed,https://data.mendeley.com/datasets/3j6skjpsng,https://data.mendeley.com/datasets/3j6skjpsng,official_repository,https://data.mendeley.com/datasets/3j6skjpsng/2,true,true,api_token_required_not_stored,self_service_authenticated,available,official_metadata_or_file_listing_checked,platform_or_browser_route,403,Official Mendeley record and available metadata or file-listing evidence reviewed; no files are distributed by EyeDataHub.,EyeDataHub author team,true,https://data.mendeley.com/datasets/3j6skjpsng,not_assessed_in_access_verification_log,Windows | Python 3.13.13 | EyeDataHub 0.7.0
mendeley_deep_learning_prediction_uncorrected_refractive_error,Deep Learning for the Prediction of Uncorrected Refractive Error using OCT,2026-08-02,route_confirmed,https://data.mendeley.com/datasets/89z7h5gnpw,https://data.mendeley.com/datasets/89z7h5gnpw,official_repository,https://data.mendeley.com/datasets/89z7h5gnpw/2,true,true,api_token_required_not_stored,self_service_authenticated,available,official_metadata_or_file_listing_checked,platform_or_browser_route,403,Official Mendeley record and available metadata or file-listing evidence reviewed; no files are distributed by EyeDataHub.,EyeDataHub author team,true,https://data.mendeley.com/datasets/89z7h5gnpw,not_assessed_in_access_verification_log,Windows | Python 3.13.13 | EyeDataHub 0.7.0
mendeley_demographic_profile_clinical_characteristics_patients_presenting,Demographic profile and clinical characteristics of patients presenting with acute ocular burns,2026-08-02,route_confirmed,https://data.mendeley.com/datasets/hwnm88jyzg,https://data.mendeley.com/datasets/hwnm88jyzg,official_repository,https://data.mendeley.com/datasets/hwnm88jyzg/1,true,true,api_token_required_not_stored,self_service_authenticated,available,official_metadata_or_file_listing_checked,platform_or_browser_route,403,Official Mendeley record and available metadata or file-listing evidence reviewed; no files are distributed by EyeDataHub.,EyeDataHub author team,true,https://data.mendeley.com/datasets/hwnm88jyzg,not_assessed_in_access_verification_log,Windows | Python 3.13.13 | EyeDataHub 0.7.0
mendeley_development_deep_learning_based_system_optic,Dataset for - Development of a Deep Learning-based system for Optic Nerve characterization in Transorbital Ultrasound Images on a multicenter dataset,2026-08-02,route_confirmed,https://data.mendeley.com/datasets/kw8gvp8m8x,https://data.mendeley.com/datasets/kw8gvp8m8x,official_repository,https://data.mendeley.com/datasets/kw8gvp8m8x/1,true,true,api_token_required_not_stored,self_service_authenticated,available,official_metadata_or_file_listing_checked,platform_or_browser_route,403,Official Mendeley record and available metadata or file-listing evidence reviewed; no files are distributed by EyeDataHub.,EyeDataHub author team,true,https://data.mendeley.com/datasets/kw8gvp8m8x,not_assessed_in_access_verification_log,Windows | Python 3.13.13 | EyeDataHub 0.7.0
mendeley_development_deep_learning_model_epiretinal_membrane,Development of a deep learning model for epiretinal membrane detection in fundus photography,2026-08-02,route_confirmed,https://data.mendeley.com/datasets/jrgntpv8b8,https://data.mendeley.com/datasets/jrgntpv8b8,official_repository,https://data.mendeley.com/datasets/jrgntpv8b8,true,true,api_token_required_not_stored,self_service_authenticated,available,official_metadata_or_file_listing_checked,platform_or_browser_route,403,Official Mendeley record and available metadata or file-listing evidence reviewed; no files are distributed by EyeDataHub.,EyeDataHub author team,true,https://data.mendeley.com/datasets/jrgntpv8b8,not_assessed_in_access_verification_log,Windows | Python 3.13.13 | EyeDataHub 0.7.0
mendeley_dex_combined_ppv_pdr,DEX combined PPV in PDR,2026-08-02,route_confirmed,https://data.mendeley.com/datasets/zcmpcczdhs,https://data.mendeley.com/datasets/zcmpcczdhs,official_repository,https://data.mendeley.com/datasets/zcmpcczdhs/1,true,true,api_token_required_not_stored,self_service_authenticated,available,official_metadata_or_file_listing_checked,platform_or_browser_route,403,Official Mendeley record and available metadata or file-listing evidence reviewed; no files are distributed by EyeDataHub.,EyeDataHub author team,true,https://data.mendeley.com/datasets/zcmpcczdhs,not_assessed_in_access_verification_log,Windows | Python 3.13.13 | EyeDataHub 0.7.0
mendeley_digital_holograms_rbcs_glaucoma_patients_healthy,Digital holograms of RBCs from the glaucoma patients and healthy controls,2026-08-02,route_confirmed,https://data.mendeley.com/datasets/tryd7r3wct,https://data.mendeley.com/datasets/tryd7r3wct,official_repository,https://data.mendeley.com/datasets/tryd7r3wct/3,true,true,api_token_required_not_stored,self_service_authenticated,available,official_metadata_or_file_listing_checked,platform_or_browser_route,403,Official Mendeley record and available metadata or file-listing evidence reviewed; no files are distributed by EyeDataHub.,EyeDataHub author team,true,https://data.mendeley.com/datasets/tryd7r3wct,not_assessed_in_access_verification_log,Windows | Python 3.13.13 | EyeDataHub 0.7.0
mendeley_dme_classification_fundus_imaging_vision_transformers,DME Classification in Fundus Imaging with Vision Transformers and ETDRS-Guided Annotation,2026-08-02,route_confirmed,https://data.mendeley.com/datasets/sdcfn87pvs,https://data.mendeley.com/datasets/sdcfn87pvs,official_repository,https://data.mendeley.com/datasets/sdcfn87pvs/1,true,true,api_token_required_not_stored,self_service_authenticated,available,official_metadata_or_file_listing_checked,platform_or_browser_route,403,Official Mendeley record and available metadata or file-listing evidence reviewed; no files are distributed by EyeDataHub.,EyeDataHub author team,true,https://data.mendeley.com/datasets/sdcfn87pvs,not_assessed_in_access_verification_log,Windows | Python 3.13.13 | EyeDataHub 0.7.0
mendeley_dry_eye_symptoms_children_can_we,Dry eye symptoms in children: can we reliably measure them?,2026-08-02,route_confirmed,https://data.mendeley.com/datasets/h79366vw73,https://data.mendeley.com/datasets/h79366vw73,official_repository,https://data.mendeley.com/datasets/h79366vw73/1,true,true,api_token_required_not_stored,self_service_authenticated,available,official_metadata_or_file_listing_checked,platform_or_browser_route,403,Official Mendeley record and available metadata or file-listing evidence reviewed; no files are distributed by EyeDataHub.,EyeDataHub author team,true,https://data.mendeley.com/datasets/h79366vw73,not_assessed_in_access_verification_log,Windows | Python 3.13.13 | EyeDataHub 0.7.0
mendeley_early_detection_glaucomatous_visual_field_progression,Data for: Early Detection of Glaucomatous Visual Field Progression Using Pointwise Linear Regression with Binomial Test in the Central 10 Degrees,2026-08-02,route_confirmed,https://data.mendeley.com/datasets/w34s5mhvpm,https://data.mendeley.com/datasets/w34s5mhvpm,official_repository,https://data.mendeley.com/datasets/w34s5mhvpm/1,true,true,api_token_required_not_stored,self_service_authenticated,available,official_metadata_or_file_listing_checked,platform_or_browser_route,403,Official Mendeley record and available metadata or file-listing evidence reviewed; no files are distributed by EyeDataHub.,EyeDataHub author team,true,https://data.mendeley.com/datasets/w34s5mhvpm,not_assessed_in_access_verification_log,Windows | Python 3.13.13 | EyeDataHub 0.7.0
mendeley_effect_adlay_seed_extract_on_level,Effect of Adlay Seed Extract on the Level of Neuroprotection Gene Expression in Human Nasal Orbital Mesenchymal Stem Cells ,2026-08-02,route_confirmed,https://data.mendeley.com/datasets/x7rcj9yz65,https://data.mendeley.com/datasets/x7rcj9yz65,official_repository,https://data.mendeley.com/datasets/x7rcj9yz65/1,true,true,api_token_required_not_stored,self_service_authenticated,available,official_metadata_or_file_listing_checked,platform_or_browser_route,403,Official Mendeley record and available metadata or file-listing evidence reviewed; no files are distributed by EyeDataHub.,EyeDataHub author team,true,https://data.mendeley.com/datasets/x7rcj9yz65,not_assessed_in_access_verification_log,Windows | Python 3.13.13 | EyeDataHub 0.7.0
mendeley_effect_central_hole_location_phakic_intraocular,Data for: Effect of Central Hole Location of Phakic Intraocular Lens on Visual Function under Progressive Headlight Glare Sources.,2026-08-02,route_confirmed,https://data.mendeley.com/datasets/jjknx3wbkf,https://data.mendeley.com/datasets/jjknx3wbkf,official_repository,https://data.mendeley.com/datasets/jjknx3wbkf/1,true,true,api_token_required_not_stored,self_service_authenticated,available,official_metadata_or_file_listing_checked,platform_or_browser_route,403,Official Mendeley record and available metadata or file-listing evidence reviewed; no files are distributed by EyeDataHub.,EyeDataHub author team,true,https://data.mendeley.com/datasets/jjknx3wbkf,not_assessed_in_access_verification_log,Windows | Python 3.13.13 | EyeDataHub 0.7.0
mendeley_effect_one_hour_smartphone_gaming_on,"The effect of one hour smartphone gaming on blinking, ocular symptoms and tear film function in school-aged children ",2026-08-02,route_confirmed,https://data.mendeley.com/datasets/zn64p6r992,https://data.mendeley.com/datasets/zn64p6r992,official_repository,https://data.mendeley.com/datasets/zn64p6r992/1,true,true,api_token_required_not_stored,self_service_authenticated,available,official_metadata_or_file_listing_checked,platform_or_browser_route,403,Official Mendeley record and available metadata or file-listing evidence reviewed; no files are distributed by EyeDataHub.,EyeDataHub author team,true,https://data.mendeley.com/datasets/zn64p6r992,not_assessed_in_access_verification_log,Windows | Python 3.13.13 | EyeDataHub 0.7.0
mendeley_efficacy_combined_orthokeratology_0_01_atropine,Dataset for: Efficacy of combined orthokeratology and 0.01% atropine solution for slowing axial elongation in children with myopia: a 2-year randomised trial,2026-08-02,route_confirmed,https://data.mendeley.com/datasets/y58rh8bfkv,https://data.mendeley.com/datasets/y58rh8bfkv,official_repository,https://data.mendeley.com/datasets/y58rh8bfkv/7,true,true,api_token_required_not_stored,self_service_authenticated,available,official_metadata_or_file_listing_checked,platform_or_browser_route,403,Official Mendeley record and available metadata or file-listing evidence reviewed; no files are distributed by EyeDataHub.,EyeDataHub author team,true,https://data.mendeley.com/datasets/y58rh8bfkv,not_assessed_in_access_verification_log,Windows | Python 3.13.13 | EyeDataHub 0.7.0
mendeley_electrooculography_eog_blink_analysis_ocular_fatigue,Electrooculography (EOG) Dataset for Blink Analysis and Ocular Fatigue Detection,2026-08-02,route_confirmed,https://data.mendeley.com/datasets/w7hm97cts5,https://data.mendeley.com/datasets/w7hm97cts5,official_repository,https://data.mendeley.com/datasets/w7hm97cts5/2,true,true,api_token_required_not_stored,self_service_authenticated,available,official_metadata_or_file_listing_checked,platform_or_browser_route,403,Official Mendeley record and available metadata or file-listing evidence reviewed; no files are distributed by EyeDataHub.,EyeDataHub author team,true,https://data.mendeley.com/datasets/w7hm97cts5,not_assessed_in_access_verification_log,Windows | Python 3.13.13 | EyeDataHub 0.7.0
mendeley_et_pd_vis_eye_tracking_visualization,ET_PD_VIS: Eye Tracking Visualization Dataset on Trail Making Test for Parkinson’s Disease Analysis ,2026-08-02,route_confirmed,https://data.mendeley.com/datasets/83htprx9y6,https://data.mendeley.com/datasets/83htprx9y6,official_repository,https://data.mendeley.com/datasets/83htprx9y6/1,true,true,api_token_required_not_stored,self_service_authenticated,available,official_metadata_or_file_listing_checked,platform_or_browser_route,403,Official Mendeley record and available metadata or file-listing evidence reviewed; no files are distributed by EyeDataHub.,EyeDataHub author team,true,https://data.mendeley.com/datasets/83htprx9y6,not_assessed_in_access_verification_log,Windows | Python 3.13.13 | EyeDataHub 0.7.0
mendeley_evaluation_dry_eye_severity_ocular_surface,Evaluation of dry eye severity and ocular surface inflammation in patients with pemphigus and pemphigoid,2026-08-02,route_confirmed,https://data.mendeley.com/datasets/zzgw9t9jsy,https://data.mendeley.com/datasets/zzgw9t9jsy,official_repository,https://data.mendeley.com/datasets/zzgw9t9jsy/1,true,true,api_token_required_not_stored,self_service_authenticated,available,official_metadata_or_file_listing_checked,platform_or_browser_route,403,Official Mendeley record and available metadata or file-listing evidence reviewed; no files are distributed by EyeDataHub.,EyeDataHub author team,true,https://data.mendeley.com/datasets/zzgw9t9jsy,not_assessed_in_access_verification_log,Windows | Python 3.13.13 | EyeDataHub 0.7.0
mendeley_evaluation_refractive_visual_outcomes_as_well,"Evaluation of refractive and visual outcomes, as well as astigmatism-correcting efficiency and rotational stability of a double-loop haptic toric intraocular lens - a one-year follow-up",2026-08-02,route_confirmed,https://data.mendeley.com/datasets/r2v99nw7vg,https://data.mendeley.com/datasets/r2v99nw7vg,official_repository,https://data.mendeley.com/datasets/r2v99nw7vg/1,true,true,api_token_required_not_stored,self_service_authenticated,available,official_metadata_or_file_listing_checked,platform_or_browser_route,403,Official Mendeley record and available metadata or file-listing evidence reviewed; no files are distributed by EyeDataHub.,EyeDataHub author team,true,https://data.mendeley.com/datasets/r2v99nw7vg,not_assessed_in_access_verification_log,Windows | Python 3.13.13 | EyeDataHub 0.7.0
mendeley_exome_sequencing_clec3b,Exome sequencing data for CLEC3B,2026-08-02,route_confirmed,https://data.mendeley.com/datasets/xcw5x5z49r,https://data.mendeley.com/datasets/xcw5x5z49r,official_repository,https://data.mendeley.com/datasets/xcw5x5z49r/1,true,true,api_token_required_not_stored,self_service_authenticated,available,official_metadata_or_file_listing_checked,platform_or_browser_route,403,Official Mendeley record and available metadata or file-listing evidence reviewed; no files are distributed by EyeDataHub.,EyeDataHub author team,true,https://data.mendeley.com/datasets/xcw5x5z49r,not_assessed_in_access_verification_log,Windows | Python 3.13.13 | EyeDataHub 0.7.0
mendeley_fferg_reference_healthy_controls_university_eye,ffERG Reference Data from Healthy Controls (University Eye Hospital Tuebingen),2026-08-02,route_confirmed,https://data.mendeley.com/datasets/37wxt2ybvj,https://data.mendeley.com/datasets/37wxt2ybvj,official_repository,https://data.mendeley.com/datasets/37wxt2ybvj/1,true,true,api_token_required_not_stored,self_service_authenticated,available,official_metadata_or_file_listing_checked,platform_or_browser_route,403,Official Mendeley record and available metadata or file-listing evidence reviewed; no files are distributed by EyeDataHub.,EyeDataHub author team,true,https://data.mendeley.com/datasets/37wxt2ybvj,not_assessed_in_access_verification_log,Windows | Python 3.13.13 | EyeDataHub 0.7.0
mendeley_foveal_cone_photoreceptor_outer_segment_length,Foveal cone photoreceptor outer segment length and cone density,2026-08-02,route_confirmed,https://data.mendeley.com/datasets/89rykrg8j2,https://data.mendeley.com/datasets/89rykrg8j2,official_repository,https://data.mendeley.com/datasets/89rykrg8j2/1,true,true,api_token_required_not_stored,self_service_authenticated,available,official_metadata_or_file_listing_checked,platform_or_browser_route,403,Official Mendeley record and available metadata or file-listing evidence reviewed; no files are distributed by EyeDataHub.,EyeDataHub author team,true,https://data.mendeley.com/datasets/89rykrg8j2,not_assessed_in_access_verification_log,Windows | Python 3.13.13 | EyeDataHub 0.7.0
mendeley_fundus_mctn,Fundus dataset of MCTN,2026-08-02,route_confirmed,https://data.mendeley.com/datasets/spz4b8tbzt,https://data.mendeley.com/datasets/spz4b8tbzt,official_repository,https://data.mendeley.com/datasets/spz4b8tbzt/1,true,true,api_token_required_not_stored,self_service_authenticated,available,official_metadata_or_file_listing_checked,platform_or_browser_route,403,Official Mendeley record and available metadata or file-listing evidence reviewed; no files are distributed by EyeDataHub.,EyeDataHub author team,true,https://data.mendeley.com/datasets/spz4b8tbzt,not_assessed_in_access_verification_log,Windows | Python 3.13.13 | EyeDataHub 0.7.0
mendeley_hpsc_derived_photoreceptor_axon_extension_growth,hPSC-derived Photoreceptor Axon Extension and Growth Cone Motility Data Sets and Code,2026-08-02,route_confirmed,https://data.mendeley.com/datasets/cpy5j23354,https://data.mendeley.com/datasets/cpy5j23354,official_repository,https://data.mendeley.com/datasets/cpy5j23354/1,true,true,api_token_required_not_stored,self_service_authenticated,available,official_metadata_or_file_listing_checked,platform_or_browser_route,403,Official Mendeley record and available metadata or file-listing evidence reviewed; no files are distributed by EyeDataHub.,EyeDataHub author team,true,https://data.mendeley.com/datasets/cpy5j23354,not_assessed_in_access_verification_log,Windows | Python 3.13.13 | EyeDataHub 0.7.0
mendeley_human_foveal_cone_topography_preferred_retinal,Human foveal cone topography and preferred retinal locus of fixation,2026-08-02,route_confirmed,https://data.mendeley.com/datasets/9gkpxsmz23,https://data.mendeley.com/datasets/9gkpxsmz23,official_repository,https://data.mendeley.com/datasets/9gkpxsmz23/1,true,true,api_token_required_not_stored,self_service_authenticated,available,official_metadata_or_file_listing_checked,platform_or_browser_route,403,Official Mendeley record and available metadata or file-listing evidence reviewed; no files are distributed by EyeDataHub.,EyeDataHub author team,true,https://data.mendeley.com/datasets/9gkpxsmz23,not_assessed_in_access_verification_log,Windows | Python 3.13.13 | EyeDataHub 0.7.0
mendeley_hvdropdb_datasets_classification_segmentation_research_retinopathy,"HVDROPDB Datasets for Classification and Segmentation for Research in Retinopathy of Prematurity, Ranjana Agrawal",2026-08-02,route_confirmed,https://data.mendeley.com/datasets/xw5xc7xrmp,https://data.mendeley.com/datasets/xw5xc7xrmp,official_repository,https://data.mendeley.com/datasets/xw5xc7xrmp/3,true,true,api_token_required_not_stored,self_service_authenticated,available,official_metadata_or_file_listing_checked,platform_or_browser_route,403,Official Mendeley record and available metadata or file-listing evidence reviewed; no files are distributed by EyeDataHub.,EyeDataHub author team,true,https://data.mendeley.com/datasets/xw5xc7xrmp,not_assessed_in_access_verification_log,Windows | Python 3.13.13 | EyeDataHub 0.7.0
mendeley_identification_human_retinal_stem_like_cells,Identification of Human Retinal Stem-Like Cells for Retina Regeneration,2026-08-02,route_confirmed,https://data.mendeley.com/datasets/s9wbscpsrs,https://data.mendeley.com/datasets/s9wbscpsrs,official_repository,https://data.mendeley.com/datasets/s9wbscpsrs/3,true,true,api_token_required_not_stored,self_service_authenticated,available,official_metadata_or_file_listing_checked,platform_or_browser_route,403,Official Mendeley record and available metadata or file-listing evidence reviewed; no files are distributed by EyeDataHub.,EyeDataHub author team,true,https://data.mendeley.com/datasets/s9wbscpsrs,not_assessed_in_access_verification_log,Windows | Python 3.13.13 | EyeDataHub 0.7.0
mendeley_influence_angle_alpha_angle_kappa_optical,"The influence of angle alpha, angle kappa and optical aberra-tions on the visual outcomes after implantation of a high-addition trifocal IOL_2021",2026-08-02,route_confirmed,https://data.mendeley.com/datasets/w5ws4pzzxr,https://data.mendeley.com/datasets/w5ws4pzzxr,official_repository,https://data.mendeley.com/datasets/w5ws4pzzxr/1,true,true,api_token_required_not_stored,self_service_authenticated,available,official_metadata_or_file_listing_checked,platform_or_browser_route,403,Official Mendeley record and available metadata or file-listing evidence reviewed; no files are distributed by EyeDataHub.,EyeDataHub author team,true,https://data.mendeley.com/datasets/w5ws4pzzxr,not_assessed_in_access_verification_log,Windows | Python 3.13.13 | EyeDataHub 0.7.0
mendeley_interocular_retinal_nerve_fiber_layer_thickness,Interocular retinal nerve fiber layer thickness differences,2026-08-02,route_confirmed,https://data.mendeley.com/datasets/ss2nynfc8s,https://data.mendeley.com/datasets/ss2nynfc8s,official_repository,https://data.mendeley.com/datasets/ss2nynfc8s/1,true,true,api_token_required_not_stored,self_service_authenticated,available,official_metadata_or_file_listing_checked,platform_or_browser_route,403,Official Mendeley record and available metadata or file-listing evidence reviewed; no files are distributed by EyeDataHub.,EyeDataHub author team,true,https://data.mendeley.com/datasets/ss2nynfc8s,not_assessed_in_access_verification_log,Windows | Python 3.13.13 | EyeDataHub 0.7.0
mendeley_iscev_standard_full_field_erg_reference,"ISCEV standard full-field ERG reference limits from 407 healthy subjects, derived from transference and validation of reference data between electrode types and centres",2026-08-02,route_confirmed,https://data.mendeley.com/datasets/kcptb9jrf5,https://data.mendeley.com/datasets/kcptb9jrf5,official_repository,https://data.mendeley.com/datasets/kcptb9jrf5/1,true,true,api_token_required_not_stored,self_service_authenticated,available,official_metadata_or_file_listing_checked,platform_or_browser_route,403,Official Mendeley record and available metadata or file-listing evidence reviewed; no files are distributed by EyeDataHub.,EyeDataHub author team,true,https://data.mendeley.com/datasets/kcptb9jrf5,not_assessed_in_access_verification_log,Windows | Python 3.13.13 | EyeDataHub 0.7.0
mendeley_long_term_safety_efficacy_limited_vitrectomy,Data for: Long-Term Safety and Efficacy of Limited Vitrectomy for Vision Degrading Vitreopathy from Vitreous Floaters,2026-08-02,route_confirmed,https://data.mendeley.com/datasets/dnss5ttn73,https://data.mendeley.com/datasets/dnss5ttn73,official_repository,https://data.mendeley.com/datasets/dnss5ttn73/1,true,true,api_token_required_not_stored,self_service_authenticated,available,official_metadata_or_file_listing_checked,platform_or_browser_route,403,Official Mendeley record and available metadata or file-listing evidence reviewed; no files are distributed by EyeDataHub.,EyeDataHub author team,true,https://data.mendeley.com/datasets/dnss5ttn73,not_assessed_in_access_verification_log,Windows | Python 3.13.13 | EyeDataHub 0.7.0
mendeley_micro_go_study_transcriptional_profiling_orbital,MICRO-GO study: transcriptional profiling of orbital tissues in Graves’ orbitopathy & microbiome composition,2026-08-02,route_confirmed,https://data.mendeley.com/datasets/mrvmsrn9r6,https://data.mendeley.com/datasets/mrvmsrn9r6,official_repository,https://data.mendeley.com/datasets/mrvmsrn9r6,true,true,api_token_required_not_stored,self_service_authenticated,available,official_metadata_or_file_listing_checked,platform_or_browser_route,403,Official Mendeley record and available metadata or file-listing evidence reviewed; no files are distributed by EyeDataHub.,EyeDataHub author team,true,https://data.mendeley.com/datasets/mrvmsrn9r6,not_assessed_in_access_verification_log,Windows | Python 3.13.13 | EyeDataHub 0.7.0
mendeley_multi_class_retinal_fundus_image_deep,A Multi-Class Retinal Fundus Image Dataset for Deep Learning-Based Ocular Disease Diagnosis,2026-08-02,route_confirmed,https://data.mendeley.com/datasets/z227d626vm,https://data.mendeley.com/datasets/z227d626vm,official_repository,https://data.mendeley.com/datasets/z227d626vm/1,true,true,api_token_required_not_stored,self_service_authenticated,available,official_metadata_or_file_listing_checked,platform_or_browser_route,403,Official Mendeley record and available metadata or file-listing evidence reviewed; no files are distributed by EyeDataHub.,EyeDataHub author team,true,https://data.mendeley.com/datasets/z227d626vm,not_assessed_in_access_verification_log,Windows | Python 3.13.13 | EyeDataHub 0.7.0
mendeley_myopia_metal_mixture_exposure,Dataset: Myopia and Metal Mixture Exposure,2026-08-02,route_confirmed,https://data.mendeley.com/datasets/jgh7dxdwyy,https://data.mendeley.com/datasets/jgh7dxdwyy,official_repository,https://data.mendeley.com/datasets/jgh7dxdwyy/1,true,true,api_token_required_not_stored,self_service_authenticated,available,official_metadata_or_file_listing_checked,platform_or_browser_route,403,Official Mendeley record and available metadata or file-listing evidence reviewed; no files are distributed by EyeDataHub.,EyeDataHub author team,true,https://data.mendeley.com/datasets/jgh7dxdwyy,not_assessed_in_access_verification_log,Windows | Python 3.13.13 | EyeDataHub 0.7.0
mendeley_nagyz_liberty_677my_vs_alcon_acrysof,NagyZ_Liberty 677MY vs. Alcon AcrySof,2026-08-02,route_confirmed,https://data.mendeley.com/datasets/zygxgyf4ns,https://data.mendeley.com/datasets/zygxgyf4ns,official_repository,https://data.mendeley.com/datasets/zygxgyf4ns/1,true,true,api_token_required_not_stored,self_service_authenticated,available,official_metadata_or_file_listing_checked,platform_or_browser_route,403,Official Mendeley record and available metadata or file-listing evidence reviewed; no files are distributed by EyeDataHub.,EyeDataHub author team,true,https://data.mendeley.com/datasets/zygxgyf4ns,not_assessed_in_access_verification_log,Windows | Python 3.13.13 | EyeDataHub 0.7.0
mendeley_netarsudil_on_kdb_treated_eyes,Netarsudil on KDB-treated Eyes,2026-08-02,route_confirmed,https://data.mendeley.com/datasets/r6gw6fnvdm,https://data.mendeley.com/datasets/r6gw6fnvdm,official_repository,https://data.mendeley.com/datasets/r6gw6fnvdm/1,true,true,api_token_required_not_stored,self_service_authenticated,available,official_metadata_or_file_listing_checked,platform_or_browser_route,403,Official Mendeley record and available metadata or file-listing evidence reviewed; no files are distributed by EyeDataHub.,EyeDataHub author team,true,https://data.mendeley.com/datasets/r6gw6fnvdm,not_assessed_in_access_verification_log,Windows | Python 3.13.13 | EyeDataHub 0.7.0
mendeley_neurophysiologic_ophthalmic_markers_chemotherapy_related_cognitive,Data for: Neurophysiologic and ophthalmic markers of chemotherapy-related cognitive impairment in patients diagnosed with hematologic cancer,2026-08-02,route_confirmed,https://data.mendeley.com/datasets/npt7rp69gm,https://data.mendeley.com/datasets/npt7rp69gm,official_repository,https://data.mendeley.com/datasets/npt7rp69gm/1,true,true,api_token_required_not_stored,self_service_authenticated,available,official_metadata_or_file_listing_checked,platform_or_browser_route,403,Official Mendeley record and available metadata or file-listing evidence reviewed; no files are distributed by EyeDataHub.,EyeDataHub author team,true,https://data.mendeley.com/datasets/npt7rp69gm,not_assessed_in_access_verification_log,Windows | Python 3.13.13 | EyeDataHub 0.7.0
mendeley_nuclear_cataract_database_biomedical_machine_learning,Nuclear Cataract Database for Biomedical and Machine Learning Applications,2026-08-02,route_confirmed,https://data.mendeley.com/datasets/6wv33nbcvv,https://data.mendeley.com/datasets/6wv33nbcvv,official_repository,https://data.mendeley.com/datasets/6wv33nbcvv/2,true,true,api_token_required_not_stored,self_service_authenticated,available,official_metadata_or_file_listing_checked,platform_or_browser_route,403,Official Mendeley record and available metadata or file-listing evidence reviewed; no files are distributed by EyeDataHub.,EyeDataHub author team,true,https://data.mendeley.com/datasets/6wv33nbcvv,not_assessed_in_access_verification_log,Windows | Python 3.13.13 | EyeDataHub 0.7.0
mendeley_ocular_biometry, OCULAR BIOMETRY DATA,2026-08-02,route_confirmed,https://data.mendeley.com/datasets/4twnn4546j,https://data.mendeley.com/datasets/4twnn4546j,official_repository,https://data.mendeley.com/datasets/4twnn4546j/1,true,true,api_token_required_not_stored,self_service_authenticated,available,official_metadata_or_file_listing_checked,platform_or_browser_route,403,Official Mendeley record and available metadata or file-listing evidence reviewed; no files are distributed by EyeDataHub.,EyeDataHub author team,true,https://data.mendeley.com/datasets/4twnn4546j,not_assessed_in_access_verification_log,Windows | Python 3.13.13 | EyeDataHub 0.7.0
mendeley_ocular_sebaceous_neoplasms,Ocular sebaceous neoplasms,2026-08-02,route_confirmed,https://data.mendeley.com/datasets/xg9jcjn388,https://data.mendeley.com/datasets/xg9jcjn388,official_repository,https://data.mendeley.com/datasets/xg9jcjn388/1,true,true,api_token_required_not_stored,self_service_authenticated,available,official_metadata_or_file_listing_checked,platform_or_browser_route,403,Official Mendeley record and available metadata or file-listing evidence reviewed; no files are distributed by EyeDataHub.,EyeDataHub author team,true,https://data.mendeley.com/datasets/xg9jcjn388,not_assessed_in_access_verification_log,Windows | Python 3.13.13 | EyeDataHub 0.7.0
mendeley_ocular_surface_disorders_affect_quality_life,Ocular Surface Disorders Affect Quality of Life in Patients with Autoimmune Blistering Skin Diseases: A Cross-Sectional Study,2026-08-02,route_confirmed,https://data.mendeley.com/datasets/73r8vrxksx,https://data.mendeley.com/datasets/73r8vrxksx,official_repository,https://data.mendeley.com/datasets/73r8vrxksx/1,true,true,api_token_required_not_stored,self_service_authenticated,available,official_metadata_or_file_listing_checked,platform_or_browser_route,403,Official Mendeley record and available metadata or file-listing evidence reviewed; no files are distributed by EyeDataHub.,EyeDataHub author team,true,https://data.mendeley.com/datasets/73r8vrxksx,not_assessed_in_access_verification_log,Windows | Python 3.13.13 | EyeDataHub 0.7.0
mendeley_on_comparison_ocular_surface_disease_index,"Dataset on comparison of the ocular surface disease index questionnaire, the tear film break-up time and Schirmer tests for the evaluation of tear film in computer users and contact lenses without dry eye symptoms",2026-08-02,route_confirmed,https://data.mendeley.com/datasets/m7fzwvsm77,https://data.mendeley.com/datasets/m7fzwvsm77,official_repository,https://data.mendeley.com/datasets/m7fzwvsm77,true,true,api_token_required_not_stored,self_service_authenticated,available,official_metadata_or_file_listing_checked,platform_or_browser_route,403,Official Mendeley record and available metadata or file-listing evidence reviewed; no files are distributed by EyeDataHub.,EyeDataHub author team,true,https://data.mendeley.com/datasets/m7fzwvsm77,not_assessed_in_access_verification_log,Windows | Python 3.13.13 | EyeDataHub 0.7.0
mendeley_ophthalmic_anthropometry_malawians,Ophthalmic Anthropometry of Malawians,2026-08-02,route_confirmed,https://data.mendeley.com/datasets/bctfh4m93c,https://data.mendeley.com/datasets/bctfh4m93c,official_repository,https://data.mendeley.com/datasets/bctfh4m93c/1,true,true,api_token_required_not_stored,self_service_authenticated,available,official_metadata_or_file_listing_checked,platform_or_browser_route,403,Official Mendeley record and available metadata or file-listing evidence reviewed; no files are distributed by EyeDataHub.,EyeDataHub author team,true,https://data.mendeley.com/datasets/bctfh4m93c,not_assessed_in_access_verification_log,Windows | Python 3.13.13 | EyeDataHub 0.7.0
mendeley_ophthalmic_stroke_biomarkers_south_asia,Ophthalmic Stroke Biomarkers in south Asia,2026-08-02,route_confirmed,https://data.mendeley.com/datasets/whpsmdc2gk,https://data.mendeley.com/datasets/whpsmdc2gk,official_repository,https://data.mendeley.com/datasets/whpsmdc2gk/1,true,true,api_token_required_not_stored,self_service_authenticated,available,official_metadata_or_file_listing_checked,platform_or_browser_route,403,Official Mendeley record and available metadata or file-listing evidence reviewed; no files are distributed by EyeDataHub.,EyeDataHub author team,true,https://data.mendeley.com/datasets/whpsmdc2gk,not_assessed_in_access_verification_log,Windows | Python 3.13.13 | EyeDataHub 0.7.0
mendeley_optical_coherence_tomography_oct_images_proliferative,"Optical Coherence Tomography (OCT) Images of Proliferative Vitreoretinopathy, Uveitis, and Normal Eyes",2026-08-02,route_confirmed,https://data.mendeley.com/datasets/hbr5pwk5w5,https://data.mendeley.com/datasets/hbr5pwk5w5,official_repository,https://data.mendeley.com/datasets/hbr5pwk5w5,true,true,api_token_required_not_stored,self_service_authenticated,available,official_metadata_or_file_listing_checked,platform_or_browser_route,403,Official Mendeley record and available metadata or file-listing evidence reviewed; no files are distributed by EyeDataHub.,EyeDataHub author team,true,https://data.mendeley.com/datasets/hbr5pwk5w5,not_assessed_in_access_verification_log,Windows | Python 3.13.13 | EyeDataHub 0.7.0
mendeley_orbscan_iiz_anterior_maps,"Multimodal Orbscan IIz Dataset: 3,000 Axial Power Anterior Maps with OCR-Extracted Clinical Parameters from 3,000 Unique Patients",2026-08-02,route_confirmed,https://data.mendeley.com/datasets/78wt2nc387,https://data.mendeley.com/datasets/78wt2nc387,official_repository,https://data.mendeley.com/datasets/78wt2nc387/3,true,true,api_token_required_not_stored,self_service_authenticated,available,official_metadata_or_file_listing_checked,platform_or_browser_route,403,Official Mendeley record and available metadata or file-listing evidence reviewed; no files are distributed by EyeDataHub.,EyeDataHub author team,true,https://data.mendeley.com/datasets/78wt2nc387,not_assessed_in_access_verification_log,Windows | Python 3.13.13 | EyeDataHub 0.7.0
mendeley_plasma_energy_metabolomics_patients_ocular_disease,plasma energy metabolomics in patients with ocular disease,2026-08-02,route_confirmed,https://data.mendeley.com/datasets/tybzw7zsng,https://data.mendeley.com/datasets/tybzw7zsng,official_repository,https://data.mendeley.com/datasets/tybzw7zsng/1,true,true,api_token_required_not_stored,self_service_authenticated,available,official_metadata_or_file_listing_checked,platform_or_browser_route,403,Official Mendeley record and available metadata or file-listing evidence reviewed; no files are distributed by EyeDataHub.,EyeDataHub author team,true,https://data.mendeley.com/datasets/tybzw7zsng,not_assessed_in_access_verification_log,Windows | Python 3.13.13 | EyeDataHub 0.7.0
mendeley_post_intravitreal_injection_ciprofloxacin_conjunctival_flora,Data for: Post-Intravitreal Injection Ciprofloxacin and Conjunctival Flora Resistance,2026-08-02,route_confirmed,https://data.mendeley.com/datasets/53nxz6xr5j,https://data.mendeley.com/datasets/53nxz6xr5j,official_repository,https://data.mendeley.com/datasets/53nxz6xr5j/1,true,true,api_token_required_not_stored,self_service_authenticated,available,official_metadata_or_file_listing_checked,platform_or_browser_route,403,Official Mendeley record and available metadata or file-listing evidence reviewed; no files are distributed by EyeDataHub.,EyeDataHub author team,true,https://data.mendeley.com/datasets/53nxz6xr5j,not_assessed_in_access_verification_log,Windows | Python 3.13.13 | EyeDataHub 0.7.0
mendeley_postural_stargardt_s_syndrome_patients,Data for: Postural data from Stargardt's syndrome patients,2026-08-02,route_confirmed,https://data.mendeley.com/datasets/5rz9j8t6p4,https://data.mendeley.com/datasets/5rz9j8t6p4,official_repository,https://data.mendeley.com/datasets/5rz9j8t6p4/2,true,true,api_token_required_not_stored,self_service_authenticated,available,official_metadata_or_file_listing_checked,platform_or_browser_route,403,Official Mendeley record and available metadata or file-listing evidence reviewed; no files are distributed by EyeDataHub.,EyeDataHub author team,true,https://data.mendeley.com/datasets/5rz9j8t6p4,not_assessed_in_access_verification_log,Windows | Python 3.13.13 | EyeDataHub 0.7.0
mendeley_proteomic_analysis_human_autoimmune_retinopathy_air,Proteomic analysis of human autoimmune retinopathy (AIR) vitreous,2026-08-02,route_confirmed,https://data.mendeley.com/datasets/t7yrm5x3ws,https://data.mendeley.com/datasets/t7yrm5x3ws,official_repository,https://data.mendeley.com/datasets/t7yrm5x3ws/1,true,true,api_token_required_not_stored,self_service_authenticated,available,official_metadata_or_file_listing_checked,platform_or_browser_route,403,Official Mendeley record and available metadata or file-listing evidence reviewed; no files are distributed by EyeDataHub.,EyeDataHub author team,true,https://data.mendeley.com/datasets/t7yrm5x3ws,not_assessed_in_access_verification_log,Windows | Python 3.13.13 | EyeDataHub 0.7.0
mendeley_quantified_processed_microarray_22_individuals_without,Quantified processed microarray data for 22 individuals with and without proliferative retinopathy,2026-08-02,route_confirmed,https://data.mendeley.com/datasets/72b47vpgtz,https://data.mendeley.com/datasets/72b47vpgtz,official_repository,https://data.mendeley.com/datasets/72b47vpgtz/1,true,true,api_token_required_not_stored,self_service_authenticated,available,official_metadata_or_file_listing_checked,platform_or_browser_route,403,Official Mendeley record and available metadata or file-listing evidence reviewed; no files are distributed by EyeDataHub.,EyeDataHub author team,true,https://data.mendeley.com/datasets/72b47vpgtz,not_assessed_in_access_verification_log,Windows | Python 3.13.13 | EyeDataHub 0.7.0
mendeley_raw_manuscript_light_responsive_microrna_molecules,RAW DATA to manuscript: Light-Responsive MicroRNA Molecules in Human Retinal Organoids are Differentially Regulated by Distinct Wavelengths of Light,2026-08-02,route_confirmed,https://data.mendeley.com/datasets/8ksg9fssd9,https://data.mendeley.com/datasets/8ksg9fssd9,official_repository,https://data.mendeley.com/datasets/8ksg9fssd9/1,true,true,api_token_required_not_stored,self_service_authenticated,available,official_metadata_or_file_listing_checked,platform_or_browser_route,403,Official Mendeley record and available metadata or file-listing evidence reviewed; no files are distributed by EyeDataHub.,EyeDataHub author team,true,https://data.mendeley.com/datasets/8ksg9fssd9,not_assessed_in_access_verification_log,Windows | Python 3.13.13 | EyeDataHub 0.7.0
mendeley_red_lesion_localization_messidor_retinal_images,Red lesion localization for MESSIDOR retinal images dataset using patch-based convolutional neural networks.,2026-08-02,route_confirmed,https://data.mendeley.com/datasets/3r5m3nfdkv,https://data.mendeley.com/datasets/3r5m3nfdkv,official_repository,https://data.mendeley.com/datasets/3r5m3nfdkv/1,true,true,api_token_required_not_stored,self_service_authenticated,available,official_metadata_or_file_listing_checked,platform_or_browser_route,403,Official Mendeley record and available metadata or file-listing evidence reviewed; no files are distributed by EyeDataHub.,EyeDataHub author team,true,https://data.mendeley.com/datasets/3r5m3nfdkv,not_assessed_in_access_verification_log,Windows | Python 3.13.13 | EyeDataHub 0.7.0
mendeley_refractive_error_visual_impairment_among_school,"Refractive error and Visual Impairment data among school children in Blantyre, Southern Malawi",2026-08-02,route_confirmed,https://data.mendeley.com/datasets/crgbf93fnw,https://data.mendeley.com/datasets/crgbf93fnw,official_repository,https://data.mendeley.com/datasets/crgbf93fnw/2,true,true,api_token_required_not_stored,self_service_authenticated,available,official_metadata_or_file_listing_checked,platform_or_browser_route,403,Official Mendeley record and available metadata or file-listing evidence reviewed; no files are distributed by EyeDataHub.,EyeDataHub author team,true,https://data.mendeley.com/datasets/crgbf93fnw,not_assessed_in_access_verification_log,Windows | Python 3.13.13 | EyeDataHub 0.7.0
mendeley_retina_identification_database_ridb,Retina Identification Database (RIDB),2026-08-02,route_confirmed,https://data.mendeley.com/datasets/tjw3zwntv6,https://data.mendeley.com/datasets/tjw3zwntv6,official_repository,https://data.mendeley.com/datasets/tjw3zwntv6/2,true,true,api_token_required_not_stored,self_service_authenticated,available,official_metadata_or_file_listing_checked,platform_or_browser_route,403,Official Mendeley record and available metadata or file-listing evidence reviewed; no files are distributed by EyeDataHub.,EyeDataHub author team,true,https://data.mendeley.com/datasets/tjw3zwntv6,not_assessed_in_access_verification_log,Windows | Python 3.13.13 | EyeDataHub 0.7.0
mendeley_retinal_blood_vessel_segmentation_rop,Retinal blood vessel segmentation(ROP),2026-08-02,route_confirmed,https://data.mendeley.com/datasets/prcy36j53v,https://data.mendeley.com/datasets/prcy36j53v,official_repository,https://data.mendeley.com/datasets/prcy36j53v/1,true,true,api_token_required_not_stored,self_service_authenticated,available,official_metadata_or_file_listing_checked,platform_or_browser_route,403,Official Mendeley record and available metadata or file-listing evidence reviewed; no files are distributed by EyeDataHub.,EyeDataHub author team,true,https://data.mendeley.com/datasets/prcy36j53v,not_assessed_in_access_verification_log,Windows | Python 3.13.13 | EyeDataHub 0.7.0
mendeley_rop_retinopathy_prematurity_infants_serum_metabolomic,ROP (retinopathy of prematurity) infants' serum metabolomic data,2026-08-02,route_confirmed,https://data.mendeley.com/datasets/7r7xt6pf6x,https://data.mendeley.com/datasets/7r7xt6pf6x,official_repository,https://data.mendeley.com/datasets/7r7xt6pf6x/5,true,true,api_token_required_not_stored,self_service_authenticated,available,official_metadata_or_file_listing_checked,platform_or_browser_route,403,Official Mendeley record and available metadata or file-listing evidence reviewed; no files are distributed by EyeDataHub.,EyeDataHub author team,true,https://data.mendeley.com/datasets/7r7xt6pf6x,not_assessed_in_access_verification_log,Windows | Python 3.13.13 | EyeDataHub 0.7.0
mendeley_sars_cov_2_infection_ocular_cells,"SARS-CoV-2 infection of ocular cells from human adult donor eyes and hESC-derived ocular lineages, Eriksen et al",2026-08-02,route_confirmed,https://data.mendeley.com/datasets/jgw2mcgb67,https://data.mendeley.com/datasets/jgw2mcgb67,official_repository,https://data.mendeley.com/datasets/jgw2mcgb67/1,true,true,api_token_required_not_stored,self_service_authenticated,available,official_metadata_or_file_listing_checked,platform_or_browser_route,403,Official Mendeley record and available metadata or file-listing evidence reviewed; no files are distributed by EyeDataHub.,EyeDataHub author team,true,https://data.mendeley.com/datasets/jgw2mcgb67,not_assessed_in_access_verification_log,Windows | Python 3.13.13 | EyeDataHub 0.7.0
mendeley_serum_proteomic_profiles_keratoconus_post_laser,"Serum proteomic profiles in keratoconus, post-laser vision correction ectasia, and pellucid marginal degeneration",2026-08-02,route_confirmed,https://data.mendeley.com/datasets/yzsktrxh6y,https://data.mendeley.com/datasets/yzsktrxh6y,official_repository,https://data.mendeley.com/datasets/yzsktrxh6y/1,true,true,api_token_required_not_stored,self_service_authenticated,available,official_metadata_or_file_listing_checked,platform_or_browser_route,403,Official Mendeley record and available metadata or file-listing evidence reviewed; no files are distributed by EyeDataHub.,EyeDataHub author team,true,https://data.mendeley.com/datasets/yzsktrxh6y,not_assessed_in_access_verification_log,Windows | Python 3.13.13 | EyeDataHub 0.7.0
mendeley_set_relationship_between_plasma_amino_acid,data set of Relationship between plasma amino acid and carnitine levels and primary angle closure glaucoma based on mass spectrometry metabolomics,2026-08-02,route_confirmed,https://data.mendeley.com/datasets/fn9986thfh,https://data.mendeley.com/datasets/fn9986thfh,official_repository,https://data.mendeley.com/datasets/fn9986thfh,true,true,api_token_required_not_stored,self_service_authenticated,available,official_metadata_or_file_listing_checked,platform_or_browser_route,403,Official Mendeley record and available metadata or file-listing evidence reviewed; no files are distributed by EyeDataHub.,EyeDataHub author team,true,https://data.mendeley.com/datasets/fn9986thfh,not_assessed_in_access_verification_log,Windows | Python 3.13.13 | EyeDataHub 0.7.0
mendeley_sub_cone_visual_resolution_by_active,"Data from: Sub-cone visual resolution by active, adaptive sampling in the human foveola",2026-08-02,route_confirmed,https://data.mendeley.com/datasets/zp6d5w8kdv,https://data.mendeley.com/datasets/zp6d5w8kdv,official_repository,https://data.mendeley.com/datasets/zp6d5w8kdv/1,true,true,api_token_required_not_stored,self_service_authenticated,available,official_metadata_or_file_listing_checked,platform_or_browser_route,403,Official Mendeley record and available metadata or file-listing evidence reviewed; no files are distributed by EyeDataHub.,EyeDataHub author team,true,https://data.mendeley.com/datasets/zp6d5w8kdv,not_assessed_in_access_verification_log,Windows | Python 3.13.13 | EyeDataHub 0.7.0
mendeley_superficial_conjunctival_cells_dupilumab_treated_atopic,Superficial Conjunctival Cells from Dupilumab-treated Atopic Dermatitis Patients with Ocular Adverse Events Display a Transcriptomic Psoriasis Signature,2026-08-02,route_confirmed,https://data.mendeley.com/datasets/222mnygnjz,https://data.mendeley.com/datasets/222mnygnjz,official_repository,https://data.mendeley.com/datasets/222mnygnjz/1,true,true,api_token_required_not_stored,self_service_authenticated,available,official_metadata_or_file_listing_checked,platform_or_browser_route,403,Official Mendeley record and available metadata or file-listing evidence reviewed; no files are distributed by EyeDataHub.,EyeDataHub author team,true,https://data.mendeley.com/datasets/222mnygnjz,not_assessed_in_access_verification_log,Windows | Python 3.13.13 | EyeDataHub 0.7.0
mendeley_test_results_article_motion_perception_glaucoma,"Test results - Article ""Motion perception and glaucoma""",2026-08-02,route_confirmed,https://data.mendeley.com/datasets/zhz8kjsykf,https://data.mendeley.com/datasets/zhz8kjsykf,official_repository,https://data.mendeley.com/datasets/zhz8kjsykf/1,true,true,api_token_required_not_stored,self_service_authenticated,available,official_metadata_or_file_listing_checked,platform_or_browser_route,403,Official Mendeley record and available metadata or file-listing evidence reviewed; no files are distributed by EyeDataHub.,EyeDataHub author team,true,https://data.mendeley.com/datasets/zhz8kjsykf,not_assessed_in_access_verification_log,Windows | Python 3.13.13 | EyeDataHub 0.7.0
mendeley_towards_ocular_biomarkers_sarcopenia_result_korean,Towards ocular biomarkers for sarcopenia: a result from a Korean nationwide cross-sectional study,2026-08-02,route_confirmed,https://data.mendeley.com/datasets/h547645876,https://data.mendeley.com/datasets/h547645876,official_repository,https://data.mendeley.com/datasets/h547645876,true,true,api_token_required_not_stored,self_service_authenticated,available,official_metadata_or_file_listing_checked,platform_or_browser_route,403,Official Mendeley record and available metadata or file-listing evidence reviewed; no files are distributed by EyeDataHub.,EyeDataHub author team,true,https://data.mendeley.com/datasets/h547645876,not_assessed_in_access_verification_log,Windows | Python 3.13.13 | EyeDataHub 0.7.0
mendeley_trabecular_microbypass_stent_implantation_pseudophakic_eyes,Data for: Trabecular microbypass stent implantation in pseudophakic eyes with open-angle glaucoma: long-term results,2026-08-02,route_confirmed,https://data.mendeley.com/datasets/zsxt8wk4sh,https://data.mendeley.com/datasets/zsxt8wk4sh,official_repository,https://data.mendeley.com/datasets/zsxt8wk4sh/1,true,true,api_token_required_not_stored,self_service_authenticated,available,official_metadata_or_file_listing_checked,platform_or_browser_route,403,Official Mendeley record and available metadata or file-listing evidence reviewed; no files are distributed by EyeDataHub.,EyeDataHub author team,true,https://data.mendeley.com/datasets/zsxt8wk4sh,not_assessed_in_access_verification_log,Windows | Python 3.13.13 | EyeDataHub 0.7.0
mendeley_two_photon_excited_fluorescence_scanning_laser,Two-photon excited fluorescence scanning laser ophthalmoscopy images and software for data processing,2026-08-02,route_confirmed,https://data.mendeley.com/datasets/nhpnt78ssy,https://data.mendeley.com/datasets/nhpnt78ssy,official_repository,https://data.mendeley.com/datasets/nhpnt78ssy/1,true,true,api_token_required_not_stored,self_service_authenticated,available,official_metadata_or_file_listing_checked,platform_or_browser_route,403,Official Mendeley record and available metadata or file-listing evidence reviewed; no files are distributed by EyeDataHub.,EyeDataHub author team,true,https://data.mendeley.com/datasets/nhpnt78ssy,not_assessed_in_access_verification_log,Windows | Python 3.13.13 | EyeDataHub 0.7.0
mendeley_utilizing_responsive_web_portal_studying_disc,Data for: Utilizing A Responsive Web Portal For Studying Disc Tracing Agreement in Retinal Images,2026-08-02,route_confirmed,https://data.mendeley.com/datasets/7xv5rzxgrh,https://data.mendeley.com/datasets/7xv5rzxgrh,official_repository,https://data.mendeley.com/datasets/7xv5rzxgrh/1,true,true,api_token_required_not_stored,self_service_authenticated,available,official_metadata_or_file_listing_checked,platform_or_browser_route,403,Official Mendeley record and available metadata or file-listing evidence reviewed; no files are distributed by EyeDataHub.,EyeDataHub author team,true,https://data.mendeley.com/datasets/7xv5rzxgrh,not_assessed_in_access_verification_log,Windows | Python 3.13.13 | EyeDataHub 0.7.0
mendeley_vivo_cone_photoreceptor_topography_human_foveola,In-vivo cone photoreceptor topography of the human foveola,2026-08-02,route_confirmed,https://data.mendeley.com/datasets/m5nkpb8phv,https://data.mendeley.com/datasets/m5nkpb8phv,official_repository,https://data.mendeley.com/datasets/m5nkpb8phv/1,true,true,api_token_required_not_stored,self_service_authenticated,available,official_metadata_or_file_listing_checked,platform_or_browser_route,403,Official Mendeley record and available metadata or file-listing evidence reviewed; no files are distributed by EyeDataHub.,EyeDataHub author team,true,https://data.mendeley.com/datasets/m5nkpb8phv,not_assessed_in_access_verification_log,Windows | Python 3.13.13 | EyeDataHub 0.7.0
messidor2,MESSIDOR-2,2026-07-21,route_confirmed,https://www.adcis.net/en/third-party/messidor2/,https://www.adcis.net/en/third-party/messidor2/,documented_manual_route,https://www.adcis.net/en/third-party/messidor2/,true,true,user_authentication_required,self_service_authenticated,available,author_source_checked,ok,200,Author-conducted source check; transfer completeness was evaluated separately.,EyeDataHub author team,true,https://www.adcis.net/en/third-party/messidor2/,not_assessed_in_access_verification_log,Windows | Python 3.13.13 | EyeDataHub 0.7.0
mfiddr,MFIDDR: Multi-Field Imaging Dataset for Diabetic Retinopathy,2026-07-21,route_confirmed,https://github.com/mfiddr/MFIDDR,https://github.com/mfiddr/MFIDDR,documented_manual_route,https://github.com/mfiddr/MFIDDR,true,true,manual_authorization_required,controlled_or_manual,available,author_source_checked,ok,200,Author-conducted source check; transfer completeness was evaluated separately.,EyeDataHub author team,true,https://github.com/mfiddr/MFIDDR,not_assessed_in_access_verification_log,Windows | Python 3.13.13 | EyeDataHub 0.7.0
mgd1k,MGD-1k Meibomian Gland Dataset,2026-07-21,route_confirmed,https://mgd1k.github.io/index.html,https://mgd1k.github.io/index.html,source_repository,https://mgd1k.github.io/index.html,true,true,unauthenticated,anonymous_direct,available,author_source_checked,ok,200,Author-conducted source check; transfer completeness was evaluated separately.,EyeDataHub author team,true,https://mgd1k.github.io/index.html,not_assessed_in_access_verification_log,Windows | Python 3.13.13 | EyeDataHub 0.7.0
migs_video,Multicenter Fine-Annotated MIGS Surgical Video Dataset,2026-07-25,route_confirmed,https://zenodo.org/records/19438128,https://zenodo.org/records/19438128,official_repository,https://zenodo.org/records/19438128,true,true,unauthenticated,anonymous_direct,available,acquisition_route_verified,platform_or_browser_route,403,The public Zenodo record and its 25-file listing were checked; the complete 10.98 GB (10.23 GiB) deposit was not transferred.,EyeDataHub author team,true,https://zenodo.org/records/19438128,not_assessed_in_access_verification_log,Windows | Python 3.13.13 | EyeDataHub 0.7.0
mm_retinal_reason,MM-Retinal-Reason: Ophthalmology Multimodal Reasoning Dataset,2026-07-21,route_confirmed,https://huggingface.co/datasets/lxirich/MM-Retinal-Reason,https://huggingface.co/datasets/lxirich/MM-Retinal-Reason,data_platform,https://huggingface.co/datasets/lxirich/MM-Retinal-Reason,true,true,api_token_required_not_stored,self_service_authenticated,available,author_source_checked,ok,200,Author-conducted source check; transfer completeness was evaluated separately.,EyeDataHub author team,true,https://huggingface.co/datasets/lxirich/MM-Retinal-Reason,not_assessed_in_access_verification_log,Windows | Python 3.13.13 | EyeDataHub 0.7.0
mmrdr,MMRDR: Multi-Modal Retinal Diabetic Retinopathy Dataset,2026-07-21,route_confirmed,https://doi.org/10.6084/m9.figshare.29423747,https://doi.org/10.6084/m9.figshare.29423747,official_repository,https://figshare.com/articles/dataset/MMRDR/29423747,true,true,user_authentication_required,self_service_authenticated,available,author_source_checked,ok,202,Author-conducted source check; transfer completeness was evaluated separately.,EyeDataHub author team,true,https://doi.org/10.6084/m9.figshare.29423747,not_assessed_in_access_verification_log,Windows | Python 3.13.13 | EyeDataHub 0.7.0
mpii_gaze,MPIIGaze Appearance-Based Gaze Estimation Dataset,2026-07-21,route_confirmed,https://www.mpi-inf.mpg.de/de/departments/computer-vision-and-machine-learning/research/gaze-based-human-computer-interaction/appearance-based-gaze-estimation-in-the-wild,https://www.mpi-inf.mpg.de/de/departments/computer-vision-and-machine-learning/research/gaze-based-human-computer-interaction/appearance-based-gaze-estimation-in-the-wild,documented_manual_route,https://www.mpi-inf.mpg.de/de/departments/computer-vision-and-machine-learning/research/gaze-based-human-computer-interaction/appearance-based-gaze-estimation-in-the-wild,true,true,unauthenticated,anonymous_direct,available,acquisition_route_verified,ok,200,Author-conducted source check; transfer completeness was evaluated separately.,EyeDataHub author team,true,https://www.mpi-inf.mpg.de/de/departments/computer-vision-and-machine-learning/research/gaze-based-human-computer-interaction/appearance-based-gaze-estimation-in-the-wild,not_assessed_in_access_verification_log,Windows | Python 3.13.13 | EyeDataHub 0.7.0
mpxv_ocular_manifestations_south_kivu,MPXV Ocular Manifestations South Kivu Dataset,2026-08-02,route_confirmed,https://doi.org/10.1371/journal.pgph.0005971.s001,https://doi.org/10.1371/journal.pgph.0005971.s001,official_repository,https://storage.googleapis.com/plos-corpus-prod/10.1371/journal.pgph.0005971/1/pgph.0005971.s001.xls,true,true,api_token_required_not_stored,self_service_authenticated,available,official_metadata_and_file_listing_checked,ok,200,No data files were transferred during source confirmation.,EyeDataHub author team,true,https://doi.org/10.1371/journal.pgph.0005971.s001,not_assessed_in_access_verification_log,Windows | Python 3.13.13 | EyeDataHub 0.7.0
mshf,Multi-Source Heterogeneous Fundus Dataset for Image Quality Assessment,2026-07-21,route_confirmed,https://doi.org/10.6084/m9.figshare.21507564,https://doi.org/10.6084/m9.figshare.21507564,official_repository,https://figshare.com/articles/figure/MSHF_A_Multi-Source_Heterogeneous_Fundus_MSHF_Dataset_for_Image_Quality_Assessment/21507564,true,true,user_authentication_required,self_service_authenticated,available,author_source_checked,ok,202,Author-conducted source check; transfer completeness was evaluated separately.,EyeDataHub author team,true,https://doi.org/10.6084/m9.figshare.21507564,not_assessed_in_access_verification_log,Windows | Python 3.13.13 | EyeDataHub 0.7.0
msila_fundus_dr,M'Sila Retinal Fundus Dataset for Diabetic Retinopathy Classification,2026-07-21,route_confirmed,https://zenodo.org/records/19169587,https://zenodo.org/records/19169587,official_repository,https://zenodo.org/records/19169587,true,true,user_authentication_required,self_service_authenticated,available,author_source_checked,platform_or_browser_route,403,Author-conducted source check; transfer completeness was evaluated separately.,EyeDataHub author team,true,https://zenodo.org/records/19169587,not_assessed_in_access_verification_log,Windows | Python 3.13.13 | EyeDataHub 0.7.0
multieye,MultiEYE: OCT-Enhanced Fundus Multi-Disease Benchmark,2026-07-21,route_confirmed,https://huggingface.co/datasets/Luxuriant16/MultiEYE,https://huggingface.co/datasets/Luxuriant16/MultiEYE,data_platform,https://huggingface.co/datasets/Luxuriant16/MultiEYE,true,true,api_token_required_not_stored,self_service_authenticated,available,author_source_checked,ok,200,Author-conducted source check; transfer completeness was evaluated separately.,EyeDataHub author team,true,https://huggingface.co/datasets/Luxuriant16/MultiEYE,not_assessed_in_access_verification_log,Windows | Python 3.13.13 | EyeDataHub 0.7.0
mured,MuReD: Multi-label Retinal Diseases Dataset,2026-07-21,route_confirmed,https://data.mendeley.com/datasets/pc4mb3h8hz/1,https://data.mendeley.com/datasets/pc4mb3h8hz/1,official_repository,https://data.mendeley.com/datasets/pc4mb3h8hz/1,true,true,user_authentication_required,self_service_authenticated,available,author_source_checked,platform_or_browser_route,403,Author-conducted source check; transfer completeness was evaluated separately.,EyeDataHub author team,true,https://data.mendeley.com/datasets/pc4mb3h8hz/1,not_assessed_in_access_verification_log,Windows | Python 3.13.13 | EyeDataHub 0.7.0
myopic_regression_fundus,Myopic Regression after Corneal Refractive Surgery Fundus Sample,2026-07-21,route_confirmed,https://data.mendeley.com/datasets/k34rvfw3dg/2,https://data.mendeley.com/datasets/k34rvfw3dg/2,official_repository,https://data.mendeley.com/datasets/k34rvfw3dg/2,true,true,user_authentication_required,self_service_authenticated,available,author_source_checked,platform_or_browser_route,403,Author-conducted source check; transfer completeness was evaluated separately.,EyeDataHub author team,true,https://data.mendeley.com/datasets/k34rvfw3dg/2,not_assessed_in_access_verification_log,Windows | Python 3.13.13 | EyeDataHub 0.7.0
natural_scene_eye_tracking_collection,Natural-Scene Tobii Eye-Tracking Collection,2026-08-02,route_confirmed,https://doi.org/10.6084/m9.figshare.30520733.v1,https://doi.org/10.6084/m9.figshare.30520733.v1,official_repository,https://figshare.com/articles/dataset/Eye_Tracking_Dataset_Indoor_scene_2/30520733/1,true,true,api_token_required_not_stored,self_service_authenticated,available,official_metadata_and_file_listing_checked,ok,202,No data files were transferred during source confirmation.,EyeDataHub author team,true,https://doi.org/10.6084/m9.figshare.30520733.v1,not_assessed_in_access_verification_log,Windows | Python 3.13.13 | EyeDataHub 0.7.0
nd_iris_0405,ND-IRIS-0405 Iris Image Dataset,2026-07-21,route_confirmed,https://tsapps.nist.gov/BDbC/Search/Details/371,https://tsapps.nist.gov/BDbC/Search/Details/371,documented_manual_route,https://tsapps.nist.gov/BDbC/Search/Details/371,true,true,manual_authorization_required,controlled_or_manual,available,author_source_checked,ok,200,Author-conducted source check; transfer completeness was evaluated separately.,EyeDataHub author team,true,https://tsapps.nist.gov/BDbC/Search/Details/371,not_assessed_in_access_verification_log,Windows | Python 3.13.13 | EyeDataHub 0.7.0
nehut,NEH-UT Retinal OCT Dataset,2026-07-21,route_confirmed,https://data.mendeley.com/datasets/8kt969dhx6/2,https://data.mendeley.com/datasets/8kt969dhx6/2,official_repository,https://data.mendeley.com/datasets/8kt969dhx6/2,true,true,user_authentication_required,self_service_authenticated,available,author_source_checked,platform_or_browser_route,403,Author-conducted source check; transfer completeness was evaluated separately.,EyeDataHub author team,true,https://data.mendeley.com/datasets/8kt969dhx6/2,not_assessed_in_access_verification_log,Windows | Python 3.13.13 | EyeDataHub 0.7.0
ochid,OCHID: OCT Choroidal Image Dataset,2026-07-21,route_confirmed,https://imed.nimte.ac.cn/OCHID.html,https://imed.nimte.ac.cn/OCHID.html,documented_manual_route,https://imed.nimte.ac.cn/OCHID.html,true,true,author_correspondence_required,author_contact,available,author_source_checked,ok,200,Author-conducted source check; transfer completeness was evaluated separately.,EyeDataHub author team,true,https://imed.nimte.ac.cn/OCHID.html,not_assessed_in_access_verification_log,Windows | Python 3.13.13 | EyeDataHub 0.7.0
oct5k,OCT5k: Multi-Disease Retinal Layer Annotations,2026-07-21,route_confirmed,https://doi.org/10.5522/04/22128671,https://doi.org/10.5522/04/22128671,official_repository,https://rdr.ucl.ac.uk/articles/dataset/OCT5k_A_dataset_of_multi-disease_and_multi-graded_annotations_for_retinal_layers/22128671,true,true,user_authentication_required,self_service_authenticated,available,author_source_checked,ok,202,Author-conducted source check; transfer completeness was evaluated separately.,EyeDataHub author team,true,https://doi.org/10.5522/04/22128671,not_assessed_in_access_verification_log,Windows | Python 3.13.13 | EyeDataHub 0.7.0
oct_c8,Retinal OCT-C8: 8-Class OCT Classification,2026-07-21,route_confirmed,https://www.kaggle.com/datasets/obulisainaren/retinal-oct-c8,https://www.kaggle.com/datasets/obulisainaren/retinal-oct-c8,data_platform,https://www.kaggle.com/datasets/obulisainaren/retinal-oct-c8,true,true,api_token_required_not_stored,self_service_authenticated,available,author_source_checked,ok,200,Author-conducted source check; transfer completeness was evaluated separately.,EyeDataHub author team,true,https://www.kaggle.com/datasets/obulisainaren/retinal-oct-c8,not_assessed_in_access_verification_log,Windows | Python 3.13.13 | EyeDataHub 0.7.0
oct_cirrus,Duke Srinivasan Retinal OCT Dataset,2026-07-21,route_confirmed,https://people.duke.edu/~sf59/Srinivasan_BOE_2014_dataset.htm,https://people.duke.edu/~sf59/Srinivasan_BOE_2014_dataset.htm,documented_manual_route,https://people.duke.edu/~sf59/Srinivasan_BOE_2014_dataset.htm,true,true,unauthenticated,anonymous_direct,available,acquisition_route_verified,ok,200,Author-conducted source check; transfer completeness was evaluated separately.,EyeDataHub author team,true,https://people.duke.edu/~sf59/Srinivasan_BOE_2014_dataset.htm,not_assessed_in_access_verification_log,Windows | Python 3.13.13 | EyeDataHub 0.7.0
oct_fundus_dme_dr_mexico,OCT and Eye Fundus Dataset for DME and DR,2026-07-21,route_confirmed,https://github.com/Traslational-Visual-Health-Laboratory/OCT-AND-EYE-FUNDUS-DATASET,https://github.com/Traslational-Visual-Health-Laboratory/OCT-AND-EYE-FUNDUS-DATASET,source_repository,https://github.com/Traslational-Visual-Health-Laboratory/OCT-AND-EYE-FUNDUS-DATASET,true,true,unauthenticated,anonymous_direct,available,author_source_checked,ok,200,Author-conducted source check; transfer completeness was evaluated separately.,EyeDataHub author team,true,https://github.com/Traslational-Visual-Health-Laboratory/OCT-AND-EYE-FUNDUS-DATASET,not_assessed_in_access_verification_log,Windows | Python 3.13.13 | EyeDataHub 0.7.0
oct_macular_hole_postsurgery,HD-OCT of Macular Hole Before and After Surgery,2026-07-21,route_confirmed,https://www.kaggle.com/datasets/mathieugodbout/oct-postsurgery-visual-improvement,https://www.kaggle.com/datasets/mathieugodbout/oct-postsurgery-visual-improvement,data_platform,https://www.kaggle.com/datasets/mathieugodbout/oct-postsurgery-visual-improvement,true,true,api_token_required_not_stored,self_service_authenticated,available,author_source_checked,ok,200,Author-conducted source check; transfer completeness was evaluated separately.,EyeDataHub author team,true,https://www.kaggle.com/datasets/mathieugodbout/oct-postsurgery-visual-improvement,not_assessed_in_access_verification_log,Windows | Python 3.13.13 | EyeDataHub 0.7.0
oct_ms_jhu,OCT Retinal Layer Segmentation — MS & Healthy Controls (JHU/IACL),2026-07-21,route_confirmed,https://iacl.ece.jhu.edu/~aaron/data/OCT_Manual_Delineations-2018_June_29_b.zip,https://iacl.ece.jhu.edu/~aaron/data/OCT_Manual_Delineations-2018_June_29_b.zip,official_direct,https://iacl.ece.jhu.edu/~aaron/data/OCT_Manual_Delineations-2018_June_29_b.zip,true,true,unauthenticated,anonymous_direct,available,author_source_checked,ok,200,Author-conducted source check; transfer completeness was evaluated separately.,EyeDataHub author team,true,https://iacl.ece.jhu.edu/~aaron/data/OCT_Manual_Delineations-2018_June_29_b.zip,not_assessed_in_access_verification_log,Windows | Python 3.13.13 | EyeDataHub 0.7.0
octa_500,OCTA-500: Large-scale OCTA Multi-task Benchmark,2026-07-21,route_confirmed,https://ieee-dataport.org/open-access/octa-500,https://ieee-dataport.org/open-access/octa-500,documented_manual_route,https://ieee-dataport.org/open-access/octa-500,true,true,user_authentication_required,author_contact,available,acquisition_route_verified,ok,200,Author-conducted source check; transfer completeness was evaluated separately.,EyeDataHub author team,true,https://ieee-dataport.org/open-access/octa-500,not_assessed_in_access_verification_log,Windows | Python 3.13.13 | EyeDataHub 0.7.0
octa_macula_coronal,OCTA Macula Coronal Views,2026-07-21,route_confirmed,https://data.mendeley.com/datasets/p5h7x55zw7/1,https://data.mendeley.com/datasets/p5h7x55zw7/1,official_repository,https://data.mendeley.com/datasets/p5h7x55zw7/1,true,true,user_authentication_required,self_service_authenticated,available,author_source_checked,platform_or_browser_route,403,Author-conducted source check; transfer completeness was evaluated separately.,EyeDataHub author team,true,https://data.mendeley.com/datasets/p5h7x55zw7/1,not_assessed_in_access_verification_log,Windows | Python 3.13.13 | EyeDataHub 0.7.0
octave,OCTAVE: 3D SD-OCT Retinal Segmentation Dataset,2026-07-21,route_confirmed,https://zenodo.org/records/14580071,https://zenodo.org/records/14580071,official_repository,https://zenodo.org/records/14580071,true,true,user_authentication_required,self_service_authenticated,available,author_source_checked,platform_or_browser_route,403,Author-conducted source check; transfer completeness was evaluated separately.,EyeDataHub author team,true,https://zenodo.org/records/14580071,not_assessed_in_access_verification_log,Windows | Python 3.13.13 | EyeDataHub 0.7.0
octdl,OCTDL: OCT Deep Learning Dataset,2026-07-21,route_confirmed,https://data.mendeley.com/datasets/sncdhf53xc/4,https://data.mendeley.com/datasets/sncdhf53xc/4,official_repository,https://data.mendeley.com/datasets/sncdhf53xc/4,true,true,user_authentication_required,self_service_authenticated,available,credentials_or_access_setup_required,platform_or_browser_route,403,"Author-conducted source check; transfer completeness was evaluated separately. HTTP 403 from an automated Mendeley Data listing probe; platform credentials, a compatible client, or access setup may be required.",EyeDataHub author team,true,https://data.mendeley.com/datasets/sncdhf53xc/4,not_assessed_in_access_verification_log,Windows | Python 3.13.13 | EyeDataHub 0.7.0
octid,OCTID: OCT Image Database,2026-07-21,route_confirmed,https://borealisdata.ca/dataverse/OCTID,https://borealisdata.ca/dataverse/OCTID,documented_manual_route,https://borealisdata.ca/dataverse/OCTID,true,true,user_authentication_required,self_service_authenticated,available,author_source_checked,ok,200,Author-conducted source check; transfer completeness was evaluated separately.,EyeDataHub author team,true,https://borealisdata.ca/dataverse/OCTID,not_assessed_in_access_verification_log,Windows | Python 3.13.13 | EyeDataHub 0.7.0
ocular_chat_vqa,OcularChat-VQA: AREDS-Derived Patient-Physician Dialogue Dataset,2026-07-21,route_confirmed,https://huggingface.co/datasets/ncbi/OcularChat-VQA,https://huggingface.co/datasets/ncbi/OcularChat-VQA,data_platform,https://huggingface.co/datasets/ncbi/OcularChat-VQA,true,true,api_token_required_not_stored,self_service_authenticated,available,author_source_checked,ok,200,Author-conducted source check; transfer completeness was evaluated separately.,EyeDataHub author team,true,https://huggingface.co/datasets/ncbi/OcularChat-VQA,not_assessed_in_access_verification_log,Windows | Python 3.13.13 | EyeDataHub 0.7.0
ocular_generalized_myasthenia_korea,Ocular and Generalized Myasthenia Gravis Korea Dataset,2026-08-02,route_confirmed,https://doi.org/10.6084/m9.figshare.31981347.v1,https://doi.org/10.6084/m9.figshare.31981347.v1,official_repository,https://figshare.com/articles/dataset/Comparative_study_of_ocular_and_generalized_myasthenia_gravis_in_a_South_Korean_cohort/31981347/1,true,true,api_token_required_not_stored,self_service_authenticated,available,official_metadata_and_file_listing_checked,ok,202,No data files were transferred during source confirmation.,EyeDataHub author team,true,https://doi.org/10.6084/m9.figshare.31981347.v1,not_assessed_in_access_verification_log,Windows | Python 3.13.13 | EyeDataHub 0.7.0
oculoscope,OculoScope: Fairer AI in Ophthalmology Dataset,2026-07-21,route_confirmed,https://figshare.com/s/926c2c2ef9e77ab5eb9d,https://figshare.com/s/926c2c2ef9e77ab5eb9d,official_repository,https://figshare.com/s/926c2c2ef9e77ab5eb9d,true,true,user_authentication_required,self_service_authenticated,available,author_source_checked,ok,202,Author-conducted source check; transfer completeness was evaluated separately.,EyeDataHub author team,true,https://figshare.com/s/926c2c2ef9e77ab5eb9d,not_assessed_in_access_verification_log,Windows | Python 3.13.13 | EyeDataHub 0.7.0
odir2019,ODIR-2019: Ocular Disease Intelligent Recognition,2026-07-21,route_confirmed,https://www.kaggle.com/datasets/andrewmvd/ocular-disease-recognition-odir5k,https://www.kaggle.com/datasets/andrewmvd/ocular-disease-recognition-odir5k,data_platform,https://www.kaggle.com/datasets/andrewmvd/ocular-disease-recognition-odir5k,true,true,api_token_required_not_stored,self_service_authenticated,available,author_source_checked,ok,200,Author-conducted source check; transfer completeness was evaluated separately.,EyeDataHub author team,true,https://www.kaggle.com/datasets/andrewmvd/ocular-disease-recognition-odir5k,not_assessed_in_access_verification_log,Windows | Python 3.13.13 | EyeDataHub 0.7.0
oimhs,OIMHS: OCT Image Macular Hole Segmentation Dataset,2026-07-21,route_confirmed,https://doi.org/10.6084/m9.figshare.23508453,https://doi.org/10.6084/m9.figshare.23508453,official_repository,https://springernature.figshare.com/articles/dataset/OIMHS_dataset/23508453,true,true,user_authentication_required,self_service_authenticated,available,author_source_checked,ok,202,Author-conducted source check; transfer completeness was evaluated separately.,EyeDataHub author team,true,https://doi.org/10.6084/m9.figshare.23508453,not_assessed_in_access_verification_log,Windows | Python 3.13.13 | EyeDataHub 0.7.0
olives,OLIVES: Ophthalmic Labels for Investigating Visual Eye Semantics,2026-07-21,route_confirmed,https://zenodo.org/records/7105232,https://zenodo.org/records/7105232,official_repository,https://zenodo.org/records/7105232,true,true,user_authentication_required,self_service_authenticated,available,author_source_checked,platform_or_browser_route,403,Author-conducted source check; transfer completeness was evaluated separately.,EyeDataHub author team,true,https://zenodo.org/records/7105232,not_assessed_in_access_verification_log,Windows | Python 3.13.13 | EyeDataHub 0.7.0
ophnet2024,OphNet2024: Ophthalmic Surgical Video Dataset,2026-07-21,route_confirmed,https://huggingface.co/datasets/xioamiyh/OphNet2024,https://huggingface.co/datasets/xioamiyh/OphNet2024,data_platform,https://huggingface.co/datasets/xioamiyh/OphNet2024,true,true,api_token_required_not_stored,self_service_authenticated,available,author_source_checked,ok,200,Author-conducted source check; transfer completeness was evaluated separately.,EyeDataHub author team,true,https://huggingface.co/datasets/xioamiyh/OphNet2024,not_assessed_in_access_verification_log,Windows | Python 3.13.13 | EyeDataHub 0.7.0
ophora,Ophora-160K: Ophthalmic Surgical Video Instruction Dataset,2026-07-21,route_confirmed,https://huggingface.co/datasets/General-Medical-AI/Ophora-160K,https://huggingface.co/datasets/General-Medical-AI/Ophora-160K,data_platform,https://huggingface.co/datasets/General-Medical-AI/Ophora-160K,true,true,api_token_required_not_stored,self_service_authenticated,available,author_source_checked,ok,200,Author-conducted source check; transfer completeness was evaluated separately.,EyeDataHub author team,true,https://huggingface.co/datasets/General-Medical-AI/Ophora-160K,not_assessed_in_access_verification_log,Windows | Python 3.13.13 | EyeDataHub 0.7.0
ophthalmology_eqa_v3,Ophthalmology-EQA-v3,2026-07-21,route_confirmed,https://huggingface.co/datasets/BaekSeungJu/Ophthalmology-EQA-v3,https://huggingface.co/datasets/BaekSeungJu/Ophthalmology-EQA-v3,data_platform,https://huggingface.co/datasets/BaekSeungJu/Ophthalmology-EQA-v3,true,true,api_token_required_not_stored,self_service_authenticated,available,author_source_checked,ok,200,Author-conducted source check; transfer completeness was evaluated separately.,EyeDataHub author team,true,https://huggingface.co/datasets/BaekSeungJu/Ophthalmology-EQA-v3,not_assessed_in_access_verification_log,Windows | Python 3.13.13 | EyeDataHub 0.7.0
ophthalmology_mcqa_v3,Ophthalmology-MCQA-v3,2026-07-21,route_confirmed,https://huggingface.co/datasets/BaekSeungJu/Ophthalmology-MCQA-v3,https://huggingface.co/datasets/BaekSeungJu/Ophthalmology-MCQA-v3,data_platform,https://huggingface.co/datasets/BaekSeungJu/Ophthalmology-MCQA-v3,true,true,api_token_required_not_stored,self_service_authenticated,available,author_source_checked,ok,200,Author-conducted source check; transfer completeness was evaluated separately.,EyeDataHub author team,true,https://huggingface.co/datasets/BaekSeungJu/Ophthalmology-MCQA-v3,not_assessed_in_access_verification_log,Windows | Python 3.13.13 | EyeDataHub 0.7.0
ophthalmology_pubmed_corpus,Ophthalmology PubMed Corpus,2026-07-21,route_confirmed,https://huggingface.co/datasets/BaekSeungJu/Ophthalmology-PubMed-Corpus,https://huggingface.co/datasets/BaekSeungJu/Ophthalmology-PubMed-Corpus,data_platform,https://huggingface.co/datasets/BaekSeungJu/Ophthalmology-PubMed-Corpus,true,true,api_token_required_not_stored,self_service_authenticated,available,author_source_checked,ok,200,Author-conducted source check; transfer completeness was evaluated separately.,EyeDataHub author team,true,https://huggingface.co/datasets/BaekSeungJu/Ophthalmology-PubMed-Corpus,not_assessed_in_access_verification_log,Windows | Python 3.13.13 | EyeDataHub 0.7.0
ophthalvqa,OphthalVQA Dataset,2026-07-21,route_confirmed,https://doi.org/10.6084/m9.figshare.25624917,https://doi.org/10.6084/m9.figshare.25624917,official_repository,https://figshare.com/articles/dataset/OphthalVQA_Dataset/25624917,true,true,user_authentication_required,self_service_authenticated,available,author_source_checked,ok,202,Author-conducted source check; transfer completeness was evaluated separately.,EyeDataHub author team,true,https://doi.org/10.6084/m9.figshare.25624917,not_assessed_in_access_verification_log,Windows | Python 3.13.13 | EyeDataHub 0.7.0
ophthalwechat,OphthalWeChat Dataset,2026-07-21,route_confirmed,https://doi.org/10.6084/m9.figshare.29064149,https://doi.org/10.6084/m9.figshare.29064149,official_repository,https://figshare.com/articles/dataset/OphthalWeChat/29064149,true,true,user_authentication_required,self_service_authenticated,available,author_source_checked,ok,202,Author-conducted source check; transfer completeness was evaluated separately.,EyeDataHub author team,true,https://doi.org/10.6084/m9.figshare.29064149,not_assessed_in_access_verification_log,Windows | Python 3.13.13 | EyeDataHub 0.7.0
ophtho_readability,Language and Readability Barriers in Ophthalmology Dataset,2026-07-21,route_confirmed,https://zenodo.org/records/16592100,https://zenodo.org/records/16592100,official_repository,https://zenodo.org/records/16592100,true,true,user_authentication_required,self_service_authenticated,available,author_source_checked,platform_or_browser_route,403,Author-conducted source check; transfer completeness was evaluated separately.,EyeDataHub author team,true,https://zenodo.org/records/16592100,not_assessed_in_access_verification_log,Windows | Python 3.13.13 | EyeDataHub 0.7.0
paired_retina,Paired Retina Dataset: Cross-Device Fundus Pairs,2026-07-21,route_confirmed,https://huggingface.co/datasets/smartretina2025/paired_retina,https://huggingface.co/datasets/smartretina2025/paired_retina,data_platform,https://huggingface.co/datasets/smartretina2025/paired_retina,true,true,api_token_required_not_stored,self_service_authenticated,available,author_source_checked,ok,200,Author-conducted source check; transfer completeness was evaluated separately.,EyeDataHub author team,true,https://huggingface.co/datasets/smartretina2025/paired_retina,not_assessed_in_access_verification_log,Windows | Python 3.13.13 | EyeDataHub 0.7.0
palm,PALM — iChallenge Pathologic Myopia,2026-07-21,route_confirmed,https://drive.google.com/file/d/14XWD6kX0dVRfAyEc7FkZGKZibWEkvnyv/view,https://drive.google.com/file/d/14XWD6kX0dVRfAyEc7FkZGKZibWEkvnyv/view,cloud_file_share,https://drive.google.com/file/d/14XWD6kX0dVRfAyEc7FkZGKZibWEkvnyv/view,true,true,user_clickthrough_required,controlled_or_manual,available,author_source_checked,ok,200,Author-conducted source check; transfer completeness was evaluated separately.,EyeDataHub author team,true,https://drive.google.com/file/d/14XWD6kX0dVRfAyEc7FkZGKZibWEkvnyv/view,not_assessed_in_access_verification_log,Windows | Python 3.13.13 | EyeDataHub 0.7.0
papila,PAPILA: Glaucoma Fundus Dataset with Clinical Data,2026-07-21,route_confirmed,https://zenodo.org/records/6379970,https://zenodo.org/records/6379970,official_direct,https://zenodo.org/records/6379970,true,true,unauthenticated,anonymous_direct,available,author_source_checked,platform_or_browser_route,403,Author-conducted source check; transfer completeness was evaluated separately.,EyeDataHub author team,true,https://zenodo.org/records/6379970,not_assessed_in_access_verification_log,Windows | Python 3.13.13 | EyeDataHub 0.7.0
paraguay_dr,Paraguay Color Fundus DR Dataset,2026-07-21,route_confirmed,https://zenodo.org/record/4647952,https://zenodo.org/record/4647952,official_repository,https://zenodo.org/record/4647952,true,true,user_authentication_required,self_service_authenticated,available,author_source_checked,platform_or_browser_route,403,Author-conducted source check; transfer completeness was evaluated separately.,EyeDataHub author team,true,https://zenodo.org/record/4647952,not_assessed_in_access_verification_log,Windows | Python 3.13.13 | EyeDataHub 0.7.0
parkinsons_directional_oct,Parkinson Disease Directional OCT Dataset,2026-08-02,route_confirmed,https://doi.org/10.26188/30750011.v1,https://doi.org/10.26188/30750011.v1,official_repository,https://figshare.unimelb.edu.au/articles/dataset/_b_i_Detailed_outer_retinal_assessment_in_Parkinson_s_disease_using_directional_OCT_study_i_b_dataset/30750011/1,true,true,api_token_required_not_stored,self_service_authenticated,available,official_metadata_and_file_listing_checked,ok,202,No data files were transferred during source confirmation.,EyeDataHub author team,true,https://doi.org/10.26188/30750011.v1,not_assessed_in_access_verification_log,Windows | Python 3.13.13 | EyeDataHub 0.7.0
parkinsons_outer_retinal_structure,Parkinson Disease Outer Retinal Structure and Function Dataset,2026-08-02,route_confirmed,https://doi.org/10.26188/24138420.v2,https://doi.org/10.26188/24138420.v2,official_repository,https://melbourne.figshare.com/articles/dataset/Altered_Outer_Retinal_Structure_Electrophysiology_and_Visual_Perception_in_Parkinson_s_Disease_Study_Dataset/24138420/2,true,true,api_token_required_not_stored,self_service_authenticated,available,official_metadata_and_file_listing_checked,ok,202,No data files were transferred during source confirmation.,EyeDataHub author team,true,https://doi.org/10.26188/24138420.v2,not_assessed_in_access_verification_log,Windows | Python 3.13.13 | EyeDataHub 0.7.0
pco_namd,PCO-nAMD Paired CFP and OCT Dataset,2026-08-02,route_confirmed,https://doi.org/10.6084/m9.figshare.32873501.v1,https://doi.org/10.6084/m9.figshare.32873501.v1,official_repository,https://figshare.com/articles/dataset/PCO-nAMD_Paired_CFP_and_OCT_Dataset_for_Neovascular_Age-Related_Macular_Degeneration/32873501/1,true,true,api_token_required_not_stored,self_service_authenticated,available,official_metadata_and_file_listing_checked,ok,202,No data files were transferred during source confirmation.,EyeDataHub author team,true,https://doi.org/10.6084/m9.figshare.32873501.v1,not_assessed_in_access_verification_log,Windows | Python 3.13.13 | EyeDataHub 0.7.0
perg_ioba,PERG-IOBA Ocular Electrophysiology Dataset,2026-07-21,route_confirmed,https://physionet.org/content/perg-ioba-dataset/1.0.0/,https://physionet.org/content/perg-ioba-dataset/1.0.0/,data_platform,https://physionet.org/content/perg-ioba-dataset/1.0.0/,true,true,user_authentication_required,self_service_authenticated,available,author_source_checked,ok,200,Author-conducted source check; transfer completeness was evaluated separately.,EyeDataHub author team,true,https://physionet.org/content/perg-ioba-dataset/1.0.0/,not_assessed_in_access_verification_log,Windows | Python 3.13.13 | EyeDataHub 0.7.0
periorbital_segmentation,Open-Source Periorbital Segmentation Dataset,2026-07-21,route_confirmed,https://doi.org/10.5281/zenodo.13916845,https://doi.org/10.5281/zenodo.13916845,official_repository,https://zenodo.org/doi/10.5281/zenodo.13916845,true,true,user_authentication_required,self_service_authenticated,available,author_source_checked_with_probe_limitation,forbidden,403,Author-conducted source check; transfer completeness was evaluated separately. Automated probe status: forbidden; reachability alone was not used to classify access.,EyeDataHub author team,true,https://doi.org/10.5281/zenodo.13916845,not_assessed_in_access_verification_log,Windows | Python 3.13.13 | EyeDataHub 0.7.0
pimd_visual_preference_eye_tracking,PIMD Visual Preference Eye-Tracking Dataset,2026-08-02,route_confirmed,https://doi.org/10.1371/journal.pone.0266176.s010,https://doi.org/10.1371/journal.pone.0266176.s010,official_repository,https://storage.googleapis.com/plos-corpus-prod/10.1371/journal.pone.0266176/1/pone.0266176.s010.xlsx,true,true,api_token_required_not_stored,self_service_authenticated,available,official_metadata_and_file_listing_checked,ok,200,No data files were transferred during source confirmation.,EyeDataHub author team,true,https://doi.org/10.1371/journal.pone.0266176.s010,not_assessed_in_access_verification_log,Windows | Python 3.13.13 | EyeDataHub 0.7.0
popeye_nir,PopEYE Infrared Ocular Image Dataset,2026-07-21,route_confirmed,https://zenodo.org/records/18430187,https://zenodo.org/records/18430187,official_repository,https://zenodo.org/records/18430187,true,true,user_authentication_required,self_service_authenticated,available,author_source_checked,platform_or_browser_route,403,Author-conducted source check; transfer completeness was evaluated separately.,EyeDataHub author team,true,https://zenodo.org/records/18430187,not_assessed_in_access_verification_log,Windows | Python 3.13.13 | EyeDataHub 0.7.0
post_glaucoma_surgery_ptosis_strabismus,Post-Glaucoma-Surgery Ptosis and Strabismus Dataset,2026-08-02,route_confirmed,https://doi.org/10.1371/journal.pone.0335074.s001,https://doi.org/10.1371/journal.pone.0335074.s001,official_repository,https://storage.googleapis.com/plos-corpus-prod/10.1371/journal.pone.0335074/1/pone.0335074.s001.xls,true,true,api_token_required_not_stored,self_service_authenticated,available,official_metadata_and_file_listing_checked,ok,200,No data files were transferred during source confirmation.,EyeDataHub author team,true,https://doi.org/10.1371/journal.pone.0335074.s001,not_assessed_in_access_verification_log,Windows | Python 3.13.13 | EyeDataHub 0.7.0
prime_fp20,PRIME-FP20: Ultra-Widefield Vessel Segmentation,2026-07-21,route_confirmed,https://ieee-dataport.org/open-access/prime-fp20-ultra-widefield-fundus-photography-vessel-segmentation-dataset,https://ieee-dataport.org/open-access/prime-fp20-ultra-widefield-fundus-photography-vessel-segmentation-dataset,documented_manual_route,https://ieee-dataport.org/open-access/prime-fp20-ultra-widefield-fundus-photography-vessel-segmentation-dataset,true,true,user_authentication_required,self_service_authenticated,available,author_source_checked,ok,200,Author-conducted source check; transfer completeness was evaluated separately.,EyeDataHub author team,true,https://ieee-dataport.org/open-access/prime-fp20-ultra-widefield-fundus-photography-vessel-segmentation-dataset,not_assessed_in_access_verification_log,Windows | Python 3.13.13 | EyeDataHub 0.7.0
pupillometry_eeg_fmri_salience,"Pupillometry, EEG, and fMRI Salience Dataset",2026-08-02,route_confirmed,https://doi.org/10.6084/m9.figshare.22518010.v1,https://doi.org/10.6084/m9.figshare.22518010.v1,official_repository,https://figshare.com/articles/dataset/Pupillary_response_is_associated_with_the_reset_and_switching_of_functional_brain_networks_during_salience_processing_A_simultaneous_pupillometry-EEG-fMRI_study_dataset_and_demo_/22518010/1,true,true,api_token_required_not_stored,self_service_authenticated,available,official_metadata_and_file_listing_checked,ok,202,No data files were transferred during source confirmation.,EyeDataHub author team,true,https://doi.org/10.6084/m9.figshare.22518010.v1,not_assessed_in_access_verification_log,Windows | Python 3.13.13 | EyeDataHub 0.7.0
puwf_av,PUWF-AV Pediatric Ultra-Widefield Fundus Artery-Vein Dataset,2026-08-02,route_confirmed,https://doi.org/10.6084/m9.figshare.32509329.v1,https://doi.org/10.6084/m9.figshare.32509329.v1,official_repository,https://figshare.com/articles/dataset/PUWF-AV_A_pediatric_ultra-widefield_fundus_image_dataset_for_artery-vein_segmentation/32509329/1,true,true,api_token_required_not_stored,self_service_authenticated,available,official_metadata_and_file_listing_checked,ok,202,No data files were transferred during source confirmation.,EyeDataHub author team,true,https://doi.org/10.6084/m9.figshare.32509329.v1,not_assessed_in_access_verification_log,Windows | Python 3.13.13 | EyeDataHub 0.7.0
qilu_ccm_nerve_segmentation,Qilu Annotated Corneal Confocal Microscopy Nerve Segmentation Dataset,2026-08-02,route_confirmed,https://zenodo.org/records/18779434,https://zenodo.org/records/18779434,official_repository,https://zenodo.org/records/18779434,true,true,unauthenticated,anonymous_direct,available,anonymous_official_route_verified,platform_or_browser_route,403,The public record metadata and complete Dataset.zip file were retrieved without authentication on 2026-08-02.,EyeDataHub author team,true,https://zenodo.org/records/18779434,not_assessed_in_access_verification_log,Windows | Python 3.13.13 | EyeDataHub 0.7.0
rao_fundus,RAO Retinal Artery Occlusion Fundus Photography Dataset,2026-07-21,route_confirmed,https://data.mendeley.com/datasets/5428684j44/2,https://data.mendeley.com/datasets/5428684j44/2,official_repository,https://data.mendeley.com/datasets/5428684j44/2,true,true,user_authentication_required,self_service_authenticated,available,author_source_checked,platform_or_browser_route,403,Author-conducted source check; transfer completeness was evaluated separately.,EyeDataHub author team,true,https://data.mendeley.com/datasets/5428684j44/2,not_assessed_in_access_verification_log,Windows | Python 3.13.13 | EyeDataHub 0.7.0
rasti_oct,"Rasti OCT Dataset (Noor Eye Hospital, Tehran)",2026-07-21,route_confirmed,https://drive.google.com/file/d/1Rv82F7CjPveyONdy1YbRHh05emCb6_Eu,https://drive.google.com/file/d/1Rv82F7CjPveyONdy1YbRHh05emCb6_Eu,documented_manual_route,https://drive.google.com/file/d/1Rv82F7CjPveyONdy1YbRHh05emCb6_Eu/edit,true,true,unauthenticated,anonymous_direct,available,acquisition_route_verified,ok,200,Author-conducted source check; transfer completeness was evaluated separately.,EyeDataHub author team,true,https://drive.google.com/file/d/1Rv82F7CjPveyONdy1YbRHh05emCb6_Eu,not_assessed_in_access_verification_log,Windows | Python 3.13.13 | EyeDataHub 0.7.0
ravir,RAVIR: Retinal Artery/Vein Segmentation in IR,2026-07-21,route_confirmed,https://ravir.grand-challenge.org/data/,https://ravir.grand-challenge.org/data/,cloud_file_share,https://ravir.grand-challenge.org/data/,true,true,unauthenticated,anonymous_direct,available,author_source_checked,ok,200,Author-conducted source check; transfer completeness was evaluated separately.,EyeDataHub author team,true,https://ravir.grand-challenge.org/data/,not_assessed_in_access_verification_log,Windows | Python 3.13.13 | EyeDataHub 0.7.0
rbad,RBAD Retinal Branching-Angle Detection Benchmark,2026-07-21,route_confirmed,https://github.com/Retinal-Research/RBAD,https://github.com/Retinal-Research/RBAD,source_repository,https://github.com/Retinal-Research/RBAD,true,true,unauthenticated,anonymous_direct,available,author_source_checked,ok,200,Author-conducted source check; transfer completeness was evaluated separately.,EyeDataHub author team,true,https://github.com/Retinal-Research/RBAD,not_assessed_in_access_verification_log,Windows | Python 3.13.13 | EyeDataHub 0.7.0
real_fundus,Real Fundus Clinical Image Restoration Benchmark,2026-07-21,route_confirmed,https://github.com/dengzhuo-AI/Real-Fundus/releases/tag/v.1.0.0,https://github.com/dengzhuo-AI/Real-Fundus/releases/tag/v.1.0.0,documented_manual_route,https://github.com/dengzhuo-AI/Real-Fundus/releases/tag/v.1.0.0,true,true,unauthenticated,anonymous_direct,available,author_source_checked,ok,200,Author-conducted source check; transfer completeness was evaluated separately.,EyeDataHub author team,true,https://github.com/dengzhuo-AI/Real-Fundus/releases/tag/v.1.0.0,not_assessed_in_access_verification_log,Windows | Python 3.13.13 | EyeDataHub 0.7.0
refuge1_multirater,REFUGE Multi-Rater — Glaucoma with Multi-Expert Annotations,2026-07-21,route_confirmed,https://drive.google.com/file/d/1TXTrZyaZ76faXek46pEzaYQmAejLf30d/view,https://drive.google.com/file/d/1TXTrZyaZ76faXek46pEzaYQmAejLf30d/view,cloud_file_share,https://drive.google.com/file/d/1TXTrZyaZ76faXek46pEzaYQmAejLf30d/view,true,true,unauthenticated,anonymous_direct,available,author_source_checked,ok,200,Author-conducted source check; transfer completeness was evaluated separately.,EyeDataHub author team,true,https://drive.google.com/file/d/1TXTrZyaZ76faXek46pEzaYQmAejLf30d/view,not_assessed_in_access_verification_log,Windows | Python 3.13.13 | EyeDataHub 0.7.0
refuge2,REFUGE2 — Retinal Fundus Glaucoma Challenge 2,2026-07-21,route_confirmed,https://drive.google.com/file/d/1DspRzDqypeBOxZnWPQxmXprNVmJwkBRJ/view,https://drive.google.com/file/d/1DspRzDqypeBOxZnWPQxmXprNVmJwkBRJ/view,cloud_file_share,https://drive.google.com/file/d/1DspRzDqypeBOxZnWPQxmXprNVmJwkBRJ/view,true,true,unauthenticated,anonymous_direct,available,author_source_checked,ok,200,Author-conducted source check; transfer completeness was evaluated separately.,EyeDataHub author team,true,https://drive.google.com/file/d/1DspRzDqypeBOxZnWPQxmXprNVmJwkBRJ/view,not_assessed_in_access_verification_log,Windows | Python 3.13.13 | EyeDataHub 0.7.0
reta_benchmark,RETA Benchmark for Retinal Vascular Tree Analysis,2026-07-21,route_confirmed,https://doi.org/10.6084/m9.figshare.16960855,https://doi.org/10.6084/m9.figshare.16960855,official_repository,https://figshare.com/articles/dataset/The_RETA_Benchmark_for_Retinal_Vascular_Tree_Analysis/16960855,true,true,user_authentication_required,self_service_authenticated,available,author_source_checked,ok,202,Author-conducted source check; transfer completeness was evaluated separately.,EyeDataHub author team,true,https://doi.org/10.6084/m9.figshare.16960855,not_assessed_in_access_verification_log,Windows | Python 3.13.13 | EyeDataHub 0.7.0
retina_age_analysis,Retina Age Analysis,2026-07-21,route_confirmed,https://huggingface.co/datasets/ramankamran/retina-age-analysis,https://huggingface.co/datasets/ramankamran/retina-age-analysis,data_platform,https://huggingface.co/datasets/ramankamran/retina-age-analysis,true,true,api_token_required_not_stored,self_service_authenticated,available,author_source_checked,ok,200,Author-conducted source check; transfer completeness was evaluated separately.,EyeDataHub author team,true,https://huggingface.co/datasets/ramankamran/retina-age-analysis,not_assessed_in_access_verification_log,Windows | Python 3.13.13 | EyeDataHub 0.7.0
retinal_corrugations_oct,Outer Retinal Corrugations Imaging Dataset,2026-07-21,route_confirmed,https://data.mendeley.com/datasets/bzsc7gd9p3/2,https://data.mendeley.com/datasets/bzsc7gd9p3/2,official_repository,https://data.mendeley.com/datasets/bzsc7gd9p3/2,true,true,user_authentication_required,self_service_authenticated,available,author_source_checked,platform_or_browser_route,403,Author-conducted source check; transfer completeness was evaluated separately.,EyeDataHub author team,true,https://data.mendeley.com/datasets/bzsc7gd9p3/2,not_assessed_in_access_verification_log,Windows | Python 3.13.13 | EyeDataHub 0.7.0
retinal_dr_longitudinal,Retinal DR Longitudinal Fundus Pairs,2026-07-21,route_confirmed,https://huggingface.co/datasets/usama10/retinal-dr-longitudinal,https://huggingface.co/datasets/usama10/retinal-dr-longitudinal,data_platform,https://huggingface.co/datasets/usama10/retinal-dr-longitudinal,true,true,api_token_required_not_stored,self_service_authenticated,available,author_source_checked,ok,200,Author-conducted source check; transfer completeness was evaluated separately.,EyeDataHub author team,true,https://huggingface.co/datasets/usama10/retinal-dr-longitudinal,not_assessed_in_access_verification_log,Windows | Python 3.13.13 | EyeDataHub 0.7.0
retinal_oct_octa_two_subjects_processed,Processed Retinal OCT and OCTA Two-Subject Dataset,2026-08-02,route_confirmed,https://www.kaggle.com/datasets/cnzakimuena/retinal-oct-and-octa-data-3,https://www.kaggle.com/datasets/cnzakimuena/retinal-oct-and-octa-data-3,official_repository,https://www.kaggle.com/datasets/cnzakimuena/retinal-oct-and-octa-data-3,true,true,api_token_required_not_stored,self_service_authenticated,available,official_metadata_and_file_listing_checked,ok,200,No data files were transferred during source confirmation.,EyeDataHub author team,true,https://www.kaggle.com/datasets/cnzakimuena/retinal-oct-and-octa-data-3,not_assessed_in_access_verification_log,Windows | Python 3.13.13 | EyeDataHub 0.7.0
retinal_optic_flow_locomotion,Retinal Optic Flow and Locomotion Dataset,2026-08-02,route_confirmed,https://doi.org/10.25452/figshare.plus.17113883.v1,https://doi.org/10.25452/figshare.plus.17113883.v1,official_repository,https://plus.figshare.com/articles/dataset/Retinal_Optic_Flow_During_Natural_Locomotion_-_Dataset/17113883/1,true,true,api_token_required_not_stored,self_service_authenticated,available,official_metadata_and_file_listing_checked,ok,202,No data files were transferred during source confirmation.,EyeDataHub author team,true,https://doi.org/10.25452/figshare.plus.17113883.v1,not_assessed_in_access_verification_log,Windows | Python 3.13.13 | EyeDataHub 0.7.0
retinal_photoplethysmography_rnfl,Retinal Photoplethysmography and RNFL Dataset,2026-08-02,route_confirmed,https://doi.org/10.6084/m9.figshare.21197173.v1,https://doi.org/10.6084/m9.figshare.21197173.v1,official_repository,https://figshare.com/articles/dataset/Retinal_photoplethysmography_study_dataset/21197173/1,true,true,api_token_required_not_stored,self_service_authenticated,available,official_metadata_and_file_listing_checked,ok,202,No data files were transferred during source confirmation.,EyeDataHub author team,true,https://doi.org/10.6084/m9.figshare.21197173.v1,not_assessed_in_access_verification_log,Windows | Python 3.13.13 | EyeDataHub 0.7.0
retinal_vessel_robustness,Natural Robustness Benchmark for Retinal Vessel Segmentation,2026-07-21,route_confirmed,https://zenodo.org/records/12659652,https://zenodo.org/records/12659652,official_repository,https://zenodo.org/records/12659652,true,true,user_authentication_required,self_service_authenticated,available,author_source_checked,platform_or_browser_route,403,Author-conducted source check; transfer completeness was evaluated separately.,EyeDataHub author team,true,https://zenodo.org/records/12659652,not_assessed_in_access_verification_log,Windows | Python 3.13.13 | EyeDataHub 0.7.0
retouch,RETOUCH: RETinal OCT Fluid Challenge,2026-07-21,route_confirmed,https://retouch.grand-challenge.org/,https://retouch.grand-challenge.org/,challenge_platform,https://retouch.grand-challenge.org/,true,true,manual_authorization_required,controlled_or_manual,available,author_source_checked,ok,200,Author-conducted source check; transfer completeness was evaluated separately.,EyeDataHub author team,true,https://retouch.grand-challenge.org/,not_assessed_in_access_verification_log,Windows | Python 3.13.13 | EyeDataHub 0.7.0
rfmid,RFMiD: Retinal Fundus Multi-disease Image Dataset,2026-07-21,route_confirmed,https://www.kaggle.com/datasets/andrewmvd/retinal-disease-classification,https://www.kaggle.com/datasets/andrewmvd/retinal-disease-classification,data_platform,https://www.kaggle.com/datasets/andrewmvd/retinal-disease-classification,true,true,api_token_required_not_stored,self_service_authenticated,available,author_source_checked,ok,200,Author-conducted source check; transfer completeness was evaluated separately.,EyeDataHub author team,true,https://www.kaggle.com/datasets/andrewmvd/retinal-disease-classification,not_assessed_in_access_verification_log,Windows | Python 3.13.13 | EyeDataHub 0.7.0
rfmid2,RFMiD 2.0 Auxiliary Multi-Disease Fundus Dataset,2026-07-21,route_confirmed,https://zenodo.org/records/7505822,https://zenodo.org/records/7505822,official_repository,https://zenodo.org/records/7505822,true,true,user_authentication_required,self_service_authenticated,available,author_source_checked,platform_or_browser_route,403,Author-conducted source check; transfer completeness was evaluated separately.,EyeDataHub author team,true,https://zenodo.org/records/7505822,not_assessed_in_access_verification_log,Windows | Python 3.13.13 | EyeDataHub 0.7.0
riga,RIGA: Retinal Fundus Images for Glaucoma Analysis,2026-07-21,route_confirmed,https://deepblue.lib.umich.edu/data/concern/data_sets/3b591905z,https://deepblue.lib.umich.edu/data/concern/data_sets/3b591905z,official_direct,https://deepblue.lib.umich.edu/data/concern/data_sets/3b591905z,true,true,unauthenticated,anonymous_direct,available,author_source_checked_with_probe_limitation,forbidden,403,Author-conducted source check; transfer completeness was evaluated separately. Automated probe status: forbidden; reachability alone was not used to classify access.,EyeDataHub author team,true,https://deepblue.lib.umich.edu/data/concern/data_sets/3b591905z,not_assessed_in_access_verification_log,Windows | Python 3.13.13 | EyeDataHub 0.7.0
riga_plus,RIGA+ Domain Adaptation Dataset,2026-07-21,route_confirmed,https://zenodo.org/records/6325549,https://zenodo.org/records/6325549,official_repository,https://zenodo.org/records/6325549,true,true,user_authentication_required,self_service_authenticated,available,author_source_checked,platform_or_browser_route,403,Author-conducted source check; transfer completeness was evaluated separately.,EyeDataHub author team,true,https://zenodo.org/records/6325549,not_assessed_in_access_verification_log,Windows | Python 3.13.13 | EyeDataHub 0.7.0
rimone_dl,RIM-ONE DL,2026-07-21,route_confirmed,https://www.kaggle.com/datasets/orvile/rim-one-retinal-dataset-for-assessing-glaucoma,https://www.kaggle.com/datasets/orvile/rim-one-retinal-dataset-for-assessing-glaucoma,data_platform,https://www.kaggle.com/datasets/orvile/rim-one-retinal-dataset-for-assessing-glaucoma,true,true,api_token_required_not_stored,self_service_authenticated,available,author_source_checked,ok,200,Author-conducted source check; transfer completeness was evaluated separately.,EyeDataHub author team,true,https://www.kaggle.com/datasets/orvile/rim-one-retinal-dataset-for-assessing-glaucoma,not_assessed_in_access_verification_log,Windows | Python 3.13.13 | EyeDataHub 0.7.0
rite,RITE: Retinal Images Vessel Tree Extraction (Artery/Vein),2026-07-21,route_confirmed,https://eye.medicine.uiowa.edu/rite-dataset,https://eye.medicine.uiowa.edu/rite-dataset,documented_manual_route,https://eye.medicine.uiowa.edu/rite-dataset,true,true,manual_authorization_required,controlled_or_manual,available,author_source_checked,ok,200,Author-conducted source check; transfer completeness was evaluated separately.,EyeDataHub author team,true,https://eye.medicine.uiowa.edu/rite-dataset,not_assessed_in_access_verification_log,Windows | Python 3.13.13 | EyeDataHub 0.7.0
roc,ROC: Retinopathy Online Challenge,2026-07-21,route_confirmed,http://webeye.ophth.uiowa.edu/ROC/,http://webeye.ophth.uiowa.edu/ROC/,documented_manual_route,http://webeye.ophth.uiowa.edu/ROC/,true,true,unauthenticated,anonymous_direct,available,acquisition_route_verified,ok,200,The former registration service is closed; the official page now exposes the image files directly.,EyeDataHub author team,true,http://webeye.ophth.uiowa.edu/ROC/,not_assessed_in_access_verification_log,Windows | Python 3.13.13 | EyeDataHub 0.7.0
rocc,ROCC: Retinal OCT Classification Challenge,2026-07-21,route_confirmed,https://rocc.grand-challenge.org/,https://rocc.grand-challenge.org/,challenge_platform,https://rocc.grand-challenge.org/,true,true,user_authentication_required,self_service_clickthrough,available,author_source_checked,ok,200,Author-conducted source check; transfer completeness was evaluated separately.,EyeDataHub author team,true,https://rocc.grand-challenge.org/,not_assessed_in_access_verification_log,Windows | Python 3.13.13 | EyeDataHub 0.7.0
rop_ostrava,Retinal Image Dataset of Infants and ROP (Ostrava),2026-07-21,route_confirmed,https://www.kaggle.com/datasets/jananowakova/retinal-image-dataset-of-infants-and-rop,https://www.kaggle.com/datasets/jananowakova/retinal-image-dataset-of-infants-and-rop,data_platform,https://www.kaggle.com/datasets/jananowakova/retinal-image-dataset-of-infants-and-rop,true,true,api_token_required_not_stored,self_service_authenticated,available,author_source_checked,ok,200,Author-conducted source check; transfer completeness was evaluated separately.,EyeDataHub author team,true,https://www.kaggle.com/datasets/jananowakova/retinal-image-dataset-of-infants-and-rop,not_assessed_in_access_verification_log,Windows | Python 3.13.13 | EyeDataHub 0.7.0
rop_synthetic_mendeley,Synthetic Medical Images for ROP Diagnosis,2026-07-21,route_confirmed,https://data.mendeley.com/datasets/fscyyhg6vt/1,https://data.mendeley.com/datasets/fscyyhg6vt/1,official_repository,https://data.mendeley.com/datasets/fscyyhg6vt/1,true,true,user_authentication_required,self_service_authenticated,available,author_source_checked,platform_or_browser_route,403,Author-conducted source check; transfer completeness was evaluated separately.,EyeDataHub author team,true,https://data.mendeley.com/datasets/fscyyhg6vt/1,not_assessed_in_access_verification_log,Windows | Python 3.13.13 | EyeDataHub 0.7.0
rop_uwf_intelligent,Fundus Dataset for Intelligent ROP System,2026-07-21,route_confirmed,https://doi.org/10.6084/m9.figshare.25514449,https://doi.org/10.6084/m9.figshare.25514449,official_repository,https://figshare.com/articles/figure/_b_A_Fundus_Image_Dataset_for_Intelligent_b_b_Retinopathy_of_Prematurity_b_b_System_b_/25514449,true,true,user_authentication_required,self_service_authenticated,available,author_source_checked,ok,202,Author-conducted source check; transfer completeness was evaluated separately.,EyeDataHub author team,true,https://doi.org/10.6084/m9.figshare.25514449,not_assessed_in_access_verification_log,Windows | Python 3.13.13 | EyeDataHub 0.7.0
rop_vl,ROP-VL Retinopathy of Prematurity Vision-Language Dataset,2026-08-02,route_confirmed,https://doi.org/10.6084/m9.figshare.30143461.v1,https://doi.org/10.6084/m9.figshare.30143461.v1,official_repository,https://figshare.com/articles/dataset/ROP-VL_An_Open_Dataset_Integrating_Fundus_Photograph_and_Clinical_Knowledge_for_Retinopathy_of_Prematurity/30143461/1,true,true,api_token_required_not_stored,self_service_authenticated,available,official_metadata_and_file_listing_checked,ok,202,No data files were transferred during source confirmation.,EyeDataHub author team,true,https://doi.org/10.6084/m9.figshare.30143461.v1,not_assessed_in_access_verification_log,Windows | Python 3.13.13 | EyeDataHub 0.7.0
rose,ROSE: Retinal OCT-Angiography Vessel Segmentation,2026-07-21,route_confirmed,https://zenodo.org/doi/10.5281/zenodo.12775880,https://zenodo.org/doi/10.5281/zenodo.12775880,official_repository,https://zenodo.org/doi/10.5281/zenodo.12775880,true,true,manual_authorization_required,controlled_or_manual,available,author_source_checked,platform_or_browser_route,403,Author-conducted source check; transfer completeness was evaluated separately.,EyeDataHub author team,true,https://zenodo.org/doi/10.5281/zenodo.12775880,not_assessed_in_access_verification_log,Windows | Python 3.13.13 | EyeDataHub 0.7.0
ru_medical_texts_ophthalmology,Ophthalmology Russian-English Medical Text Translations,2026-07-21,route_confirmed,https://www.kaggle.com/datasets/cheshrcat/ru-medical-texts-ophtalmology,https://www.kaggle.com/datasets/cheshrcat/ru-medical-texts-ophtalmology,data_platform,https://www.kaggle.com/datasets/cheshrcat/ru-medical-texts-ophtalmology,true,true,api_token_required_not_stored,self_service_authenticated,available,author_source_checked,ok,200,Author-conducted source check; transfer completeness was evaluated separately.,EyeDataHub author team,true,https://www.kaggle.com/datasets/cheshrcat/ru-medical-texts-ophtalmology,not_assessed_in_access_verification_log,Windows | Python 3.13.13 | EyeDataHub 0.7.0
rvo_me,RVO-ME: Retinal Vein Occlusion Macular Edema OCT Dataset,2026-07-21,route_confirmed,https://doi.org/10.6084/m9.figshare.29804435.v1,https://doi.org/10.6084/m9.figshare.29804435.v1,official_repository,https://figshare.com/articles/dataset/RVO-Lesion_A_Dual-Task_OCT_Dataset_for_Joint_Segmentation_and_Detection_of_Macular_Lesions_in_Retinal_Vein_Occlusion/29804435/1,true,true,user_authentication_required,self_service_authenticated,available,author_source_checked,ok,202,Author-conducted source check; transfer completeness was evaluated separately.,EyeDataHub author team,true,https://doi.org/10.6084/m9.figshare.29804435.v1,not_assessed_in_access_verification_log,Windows | Python 3.13.13 | EyeDataHub 0.7.0
sics155,SICS-155 Small Incision Cataract Surgery Videos,2026-07-21,route_confirmed,https://zenodo.org/records/19482928,https://zenodo.org/records/19482928,official_repository,https://zenodo.org/records/19482928,true,true,user_authentication_required,self_service_authenticated,available,author_source_checked,platform_or_browser_route,403,Author-conducted source check; transfer completeness was evaluated separately.,EyeDataHub author team,true,https://zenodo.org/records/19482928,not_assessed_in_access_verification_log,Windows | Python 3.13.13 | EyeDataHub 0.7.0
slid,SLID: Slit-Lamp Image Dataset,2026-07-21,route_confirmed,https://github.com/xumingyu-hub/SLID,https://github.com/xumingyu-hub/SLID,official_direct,https://github.com/xumingyu-hub/SLID,true,true,unauthenticated,anonymous_direct,available,author_source_checked,ok,200,Author-conducted source check; transfer completeness was evaluated separately.,EyeDataHub author team,true,https://github.com/xumingyu-hub/SLID,not_assessed_in_access_verification_log,Windows | Python 3.13.13 | EyeDataHub 0.7.0
slid_e,SLID-E Slit-Lamp Image Dataset for Epiphora,2026-08-02,route_confirmed,https://doi.org/10.6084/m9.figshare.26172919.v2,https://doi.org/10.6084/m9.figshare.26172919.v2,official_repository,https://figshare.com/articles/dataset/_i_SLID-E_Slit_Lamp_Image_Dataset_for_Epiphora_-_A_Benchmark_Resource_for_Automated_Tear_Overflow_Analysis_i_/26172919/2,true,true,api_token_required_not_stored,self_service_authenticated,available,official_metadata_and_file_listing_checked,ok,202,No data files were transferred during source confirmation.,EyeDataHub author team,true,https://doi.org/10.6084/m9.figshare.26172919.v2,not_assessed_in_access_verification_log,Windows | Python 3.13.13 | EyeDataHub 0.7.0
slp_vld,SLP-VLD Anonymized Slit-Lamp Vision-Language Dataset,2026-08-02,route_confirmed,https://doi.org/10.6084/m9.figshare.32576697.v3,https://doi.org/10.6084/m9.figshare.32576697.v3,official_repository,https://figshare.com/articles/dataset/SLP-VLD_anonymized_SD_dataset/32576697/3,true,true,api_token_required_not_stored,self_service_authenticated,available,official_metadata_and_file_listing_checked,ok,202,No data files were transferred during source confirmation.,EyeDataHub author team,true,https://doi.org/10.6084/m9.figshare.32576697.v3,not_assessed_in_access_verification_log,Windows | Python 3.13.13 | EyeDataHub 0.7.0
smdg,SMDG-19: Standardized Multi-channel Glaucoma Benchmark,2026-07-21,route_confirmed,https://www.kaggle.com/datasets/deathtrooper/multichannel-glaucoma-benchmark-dataset,https://www.kaggle.com/datasets/deathtrooper/multichannel-glaucoma-benchmark-dataset,data_platform,https://www.kaggle.com/datasets/deathtrooper/multichannel-glaucoma-benchmark-dataset,true,true,api_token_required_not_stored,self_service_authenticated,available,author_source_checked,ok,200,Author-conducted source check; transfer completeness was evaluated separately.,EyeDataHub author team,true,https://www.kaggle.com/datasets/deathtrooper/multichannel-glaucoma-benchmark-dataset,not_assessed_in_access_verification_log,Windows | Python 3.13.13 | EyeDataHub 0.7.0
soul_octa,SOUL: OCTA Human-Machine Collaborative Annotation Dataset,2026-07-21,route_confirmed,https://doi.org/10.6084/m9.figshare.24893358.v3,https://doi.org/10.6084/m9.figshare.24893358.v3,official_repository,https://figshare.com/articles/dataset/Soul____/24893358/3,true,true,user_authentication_required,self_service_authenticated,available,author_source_checked,ok,202,Author-conducted source check; transfer completeness was evaluated separately.,EyeDataHub author team,true,https://doi.org/10.6084/m9.figshare.24893358.v3,not_assessed_in_access_verification_log,Windows | Python 3.13.13 | EyeDataHub 0.7.0
spectrosense_pupil_light_exposure,SpectroSense Pupil Light Exposure Dataset,2026-08-02,route_confirmed,https://doi.org/10.6084/m9.figshare.28176839.v1,https://doi.org/10.6084/m9.figshare.28176839.v1,official_repository,https://figshare.com/articles/dataset/_b_Joint_infrared_pupil_images_and_near-corneal-plane_spectral_light_exposure_data_under_natural_conditions_across_the_adult_lifespan_b_b_Dataset_b_/28176839/1,true,true,api_token_required_not_stored,self_service_authenticated,available,official_metadata_and_file_listing_checked,ok,202,No data files were transferred during source confirmation.,EyeDataHub author team,true,https://doi.org/10.6084/m9.figshare.28176839.v1,not_assessed_in_access_verification_log,Windows | Python 3.13.13 | EyeDataHub 0.7.0
stage_task1,STAGE 2023 Task 1 — Mean Deviation Prediction from OCT,2026-07-21,route_confirmed,https://aistudio.baidu.com/aistudio/competition/detail/968/0/datasets,https://aistudio.baidu.com/aistudio/competition/detail/968/0/datasets,documented_manual_route,https://aistudio.baidu.com/aistudio/competition/detail/968/0/datasets,true,true,user_authentication_required,self_service_clickthrough,available,acquisition_route_verified,ok,200,Author-conducted source check; transfer completeness was evaluated separately.,EyeDataHub author team,true,https://aistudio.baidu.com/aistudio/competition/detail/968/0/datasets,not_assessed_in_access_verification_log,Windows | Python 3.13.13 | EyeDataHub 0.7.0
stage_task2,STAGE 2023 Task 2 — Visual Field Sensitivity Map Prediction,2026-07-21,route_confirmed,https://aistudio.baidu.com/aistudio/competition/detail/968/0/datasets,https://aistudio.baidu.com/aistudio/competition/detail/968/0/datasets,documented_manual_route,https://aistudio.baidu.com/aistudio/competition/detail/968/0/datasets,true,true,user_authentication_required,self_service_clickthrough,available,acquisition_route_verified,ok,200,Author-conducted source check; transfer completeness was evaluated separately.,EyeDataHub author team,true,https://aistudio.baidu.com/aistudio/competition/detail/968/0/datasets,not_assessed_in_access_verification_log,Windows | Python 3.13.13 | EyeDataHub 0.7.0
stage_task3,STAGE 2023 Task 3 — Pattern Deviation Probability Map,2026-07-21,route_confirmed,https://aistudio.baidu.com/aistudio/competition/detail/968/0/datasets,https://aistudio.baidu.com/aistudio/competition/detail/968/0/datasets,documented_manual_route,https://aistudio.baidu.com/aistudio/competition/detail/968/0/datasets,true,true,user_authentication_required,self_service_clickthrough,available,acquisition_route_verified,ok,200,Author-conducted source check; transfer completeness was evaluated separately.,EyeDataHub author team,true,https://aistudio.baidu.com/aistudio/competition/detail/968/0/datasets,not_assessed_in_access_verification_log,Windows | Python 3.13.13 | EyeDataHub 0.7.0
stare,STARE: Structured Analysis of the Retina,2026-07-21,route_confirmed,https://cecas.clemson.edu/~ahoover/stare/,https://cecas.clemson.edu/~ahoover/stare/,official_direct,,true,true,unauthenticated,anonymous_direct,available,author_source_checked_with_probe_limitation,ssl_error,,Author-conducted source check; transfer completeness was evaluated separately. Automated probe status: ssl_error; reachability alone was not used to classify access.,EyeDataHub author team,true,https://cecas.clemson.edu/~ahoover/stare/,not_assessed_in_access_verification_log,Windows | Python 3.13.13 | EyeDataHub 0.7.0
superccm_fineset,SuperCCM-FineSet,2026-07-21,route_confirmed,https://zenodo.org/records/17051148,https://zenodo.org/records/17051148,documented_manual_route,https://zenodo.org/records/17051148,true,true,manual_authorization_required,controlled_or_manual,available,author_source_checked,platform_or_browser_route,403,Author-conducted source check; transfer completeness was evaluated separately.,EyeDataHub author team,true,https://zenodo.org/records/17051148,not_assessed_in_access_verification_log,Windows | Python 3.13.13 | EyeDataHub 0.7.0
sustech_sysu,SUSTech-SYSU Diabetic Retinopathy + Exudate Dataset,2026-07-21,route_confirmed,https://doi.org/10.6084/m9.figshare.12570770,https://doi.org/10.6084/m9.figshare.12570770,official_repository,https://figshare.com/articles/dataset/The_SUSTech-SYSU_dataset_for_automated_exudate_detection_and_diabetic_retinopathy_grading/12570770,true,true,user_authentication_required,self_service_authenticated,available,author_source_checked,ok,202,Author-conducted source check; transfer completeness was evaluated separately.,EyeDataHub author team,true,https://doi.org/10.6084/m9.figshare.12570770,not_assessed_in_access_verification_log,Windows | Python 3.13.13 | EyeDataHub 0.7.0
sustech_sysu_corneal_ulcers,SUSTech-SYSU Corneal Ulcer Dataset,2026-08-02,route_confirmed,https://doi.org/10.6084/m9.figshare.10247501.v1,https://doi.org/10.6084/m9.figshare.10247501.v1,official_repository,https://springernature.figshare.com/articles/The_SUSTech-SYSU_dataset_for_automatically_segmenting_and_classifying_corneal_ulcers/10247501/1,true,true,api_token_required_not_stored,self_service_authenticated,available,official_metadata_and_file_listing_checked,ok,202,No data files were transferred during source confirmation.,EyeDataHub author team,true,https://doi.org/10.6084/m9.figshare.10247501.v1,not_assessed_in_access_verification_log,Windows | Python 3.13.13 | EyeDataHub 0.7.0
syn_oct,SYN-OCT Synthetic Glaucoma OCT Dataset,2026-07-21,route_confirmed,https://doi.org/10.5281/zenodo.17151869,https://doi.org/10.5281/zenodo.17151869,official_repository,https://zenodo.org/doi/10.5281/zenodo.17151869,true,true,user_authentication_required,self_service_authenticated,available,author_source_checked_with_probe_limitation,forbidden,403,Author-conducted source check; transfer completeness was evaluated separately. Automated probe status: forbidden; reachability alone was not used to classify access.,EyeDataHub author team,true,https://doi.org/10.5281/zenodo.17151869,not_assessed_in_access_verification_log,Windows | Python 3.13.13 | EyeDataHub 0.7.0
synthetic_retinal_oct_biomarkers,Synthetic Retinal OCT Biomarker Dataset,2026-08-02,route_confirmed,https://huggingface.co/datasets/serag-ai/Synthetic-Ophthalmology-Images,https://huggingface.co/datasets/serag-ai/Synthetic-Ophthalmology-Images,official_repository,https://huggingface.co/datasets/serag-ai/Synthetic-Ophthalmology-Images,true,true,api_token_required_not_stored,self_service_authenticated,available,official_metadata_and_file_listing_checked,ok,200,No data files were transferred during source confirmation.,EyeDataHub author team,true,https://huggingface.co/datasets/serag-ai/Synthetic-Ophthalmology-Images,not_assessed_in_access_verification_log,Windows | Python 3.13.13 | EyeDataHub 0.7.0
tear_meniscus,Multicentre Tear Meniscus Segmentation Dataset,2026-07-21,route_confirmed,https://doi.org/10.6084/m9.figshare.28650536.v2,https://doi.org/10.6084/m9.figshare.28650536.v2,official_repository,https://figshare.com/articles/figure/Pixel-Level_Tear_Meniscus_Segmentation_Dataset_with_Multimodal_Imaging/28650536/2,true,true,user_authentication_required,self_service_authenticated,available,author_source_checked,ok,202,Author-conducted source check; transfer completeness was evaluated separately.,EyeDataHub author team,true,https://doi.org/10.6084/m9.figshare.28650536.v2,not_assessed_in_access_verification_log,Windows | Python 3.13.13 | EyeDataHub 0.7.0
teyed,TEyeD Real-World Eye-Tracking Dataset,2026-07-21,route_confirmed,https://arxiv.org/abs/2102.02115,https://arxiv.org/abs/2102.02115,documented_manual_route,https://arxiv.org/abs/2102.02115,true,true,unauthenticated,anonymous_direct,available,author_source_checked,ok,200,Author-conducted source check; transfer completeness was evaluated separately.,EyeDataHub author team,true,https://arxiv.org/abs/2102.02115,not_assessed_in_access_verification_log,Windows | Python 3.13.13 | EyeDataHub 0.7.0
thoct1800,THOCT1800 Retinal OCT Dataset,2026-07-21,route_confirmed,https://github.com/SJD095/OCT-Segmentation,https://github.com/SJD095/OCT-Segmentation,source_repository,https://github.com/SJD095/OCT-Segmentation,true,true,unauthenticated,anonymous_direct,available,author_source_checked,ok,200,Author-conducted source check; transfer completeness was evaluated separately.,EyeDataHub author team,true,https://github.com/SJD095/OCT-Segmentation,not_assessed_in_access_verification_log,Windows | Python 3.13.13 | EyeDataHub 0.7.0
thyroid_ophthalmopathy_external,Thyroid Ophthalmopathy External Ocular Images,2026-07-21,route_confirmed,https://data.mendeley.com/datasets/z7ys7r4bdn/2,https://data.mendeley.com/datasets/z7ys7r4bdn/2,official_repository,https://data.mendeley.com/datasets/z7ys7r4bdn/2,true,true,user_authentication_required,self_service_authenticated,available,author_source_checked,platform_or_browser_route,403,Author-conducted source check; transfer completeness was evaluated separately.,EyeDataHub author team,true,https://data.mendeley.com/datasets/z7ys7r4bdn/2,not_assessed_in_access_verification_log,Windows | Python 3.13.13 | EyeDataHub 0.7.0
tian_oct,Tian OCTRIMA 3D OCT Layer Segmentation Dataset,2026-07-21,route_confirmed,https://doi.org/10.1371/journal.pone.0133908.s002,https://doi.org/10.1371/journal.pone.0133908.s002,official_direct,https://storage.googleapis.com/plos-corpus-prod/10.1371/journal.pone.0133908/1/pone.0133908.s002.zip,true,true,unauthenticated,anonymous_direct,available,author_source_checked,ok,200,Author-conducted source check; transfer completeness was evaluated separately.,EyeDataHub author team,true,https://doi.org/10.1371/journal.pone.0133908.s002,not_assessed_in_access_verification_log,Windows | Python 3.13.13 | EyeDataHub 0.7.0
tom500,TOM500: Multi-Organ Annotated Orbital MRI Dataset for Thyroid Eye Disease,2026-07-21,route_confirmed,https://doi.org/10.6084/m9.figshare.27133389.v1,https://doi.org/10.6084/m9.figshare.27133389.v1,official_repository,https://springernature.figshare.com/articles/dataset/TOM500_A_Multi-Organ_Annotated_Orbital_MRI_Dataset_for_Thyroid_Eye_Disease/27133389/1,true,true,user_authentication_required,self_service_authenticated,available,author_source_checked,ok,202,Author-conducted source check; transfer completeness was evaluated separately.,EyeDataHub author team,true,https://doi.org/10.6084/m9.figshare.27133389.v1,not_assessed_in_access_verification_log,Windows | Python 3.13.13 | EyeDataHub 0.7.0
toxofundus,ToxoFundus: Ocular Toxoplasmosis Fundus Dataset,2026-07-21,route_confirmed,https://www.kaggle.com/datasets/nafin59/ocular-toxoplasmosis-fundus-images-dataset,https://www.kaggle.com/datasets/nafin59/ocular-toxoplasmosis-fundus-images-dataset,data_platform,https://www.kaggle.com/datasets/nafin59/ocular-toxoplasmosis-fundus-images-dataset,true,true,api_token_required_not_stored,self_service_authenticated,available,author_source_checked,ok,200,Author-conducted source check; transfer completeness was evaluated separately.,EyeDataHub author team,true,https://www.kaggle.com/datasets/nafin59/ocular-toxoplasmosis-fundus-images-dataset,not_assessed_in_access_verification_log,Windows | Python 3.13.13 | EyeDataHub 0.7.0
trend2_fundus,TREND2 Chronic Disease Portable Fundus Dataset,2026-07-21,route_confirmed,https://zenodo.org/records/7678656,https://zenodo.org/records/7678656,official_repository,https://zenodo.org/records/7678656,true,true,user_authentication_required,self_service_authenticated,available,author_source_checked,platform_or_browser_route,403,Author-conducted source check; transfer completeness was evaluated separately.,EyeDataHub author team,true,https://zenodo.org/records/7678656,not_assessed_in_access_verification_log,Windows | Python 3.13.13 | EyeDataHub 0.7.0
trend_fundus,TREND Portable Fundus Microvascular Network Dataset,2026-07-21,route_confirmed,https://zenodo.org/records/4521044,https://zenodo.org/records/4521044,official_repository,https://zenodo.org/records/4521044,true,true,user_authentication_required,self_service_authenticated,available,author_source_checked,platform_or_browser_route,403,Author-conducted source check; transfer completeness was evaluated separately.,EyeDataHub author team,true,https://zenodo.org/records/4521044,not_assessed_in_access_verification_log,Windows | Python 3.13.13 | EyeDataHub 0.7.0
tsukazaki_uwf,Tsukazaki Hospital UWF Fundus Dataset,2026-07-21,route_confirmed,https://github.com/DateCazuki/Fundus_Diagnosis,https://github.com/DateCazuki/Fundus_Diagnosis,source_repository,https://github.com/DateCazuki/Fundus_Diagnosis,true,true,author_correspondence_required,author_contact,available,author_source_checked,ok,200,Author-conducted source check; transfer completeness was evaluated separately.,EyeDataHub author team,true,https://github.com/DateCazuki/Fundus_Diagnosis,not_assessed_in_access_verification_log,Windows | Python 3.13.13 | EyeDataHub 0.7.0
tunisian_retinal_oct_multidisease,Tunisian Retinal OCT Multi-Disease Dataset,2026-08-02,route_confirmed,https://doi.org/10.6084/m9.figshare.31385596.v3,https://doi.org/10.6084/m9.figshare.31385596.v3,official_repository,https://figshare.com/articles/dataset/Tunisian_OCT_Dataset_for_Multi-Disease_Retinal_ClassificationTunisian_OCT_Dataset_for_Multi-Disease_Retinal_Classification/31385596/3,true,true,manual_authorization_required,controlled_or_manual,available,official_metadata_and_file_listing_checked,ok,202,No data files were transferred during source confirmation.,EyeDataHub author team,true,https://doi.org/10.6084/m9.figshare.31385596.v3,not_assessed_in_access_verification_log,Windows | Python 3.13.13 | EyeDataHub 0.7.0
ubiris_v2,UBIRIS.v2 Noisy Visible-Wavelength Iris Database,2026-07-21,route_confirmed,https://iris.di.ubi.pt/index.html,https://iris.di.ubi.pt/index.html,documented_manual_route,https://iris.di.ubi.pt/index.html,true,true,manual_authorization_required,controlled_or_manual,available,author_source_checked,ok,200,Author-conducted source check; transfer completeness was evaluated separately.,EyeDataHub author team,true,https://iris.di.ubi.pt/index.html,not_assessed_in_access_verification_log,Windows | Python 3.13.13 | EyeDataHub 0.7.0
umn_parhi_oct,UMN Parhi Lab AMD OCT Fluid Segmentation Dataset,2026-07-21,route_confirmed,http://people.ece.umn.edu/users/parhi/.DATA/OCT/DME/UMNDataset.mat,http://people.ece.umn.edu/users/parhi/.DATA/OCT/DME/UMNDataset.mat,official_direct,http://people.ece.umn.edu/users/parhi/.DATA/OCT/DME/UMNDataset.mat,true,true,unauthenticated,anonymous_direct,available,author_source_checked,ok,200,Author-conducted source check; transfer completeness was evaluated separately.,EyeDataHub author team,true,http://people.ece.umn.edu/users/parhi/.DATA/OCT/DME/UMNDataset.mat,not_assessed_in_access_verification_log,Windows | Python 3.13.13 | EyeDataHub 0.7.0
ut_fsocta,UTHealth Fundus and Synthetic OCTA Dataset,2026-07-21,route_confirmed,https://zenodo.org/records/6476639,https://zenodo.org/records/6476639,official_repository,https://zenodo.org/records/6476639,true,true,user_authentication_required,self_service_authenticated,available,author_source_checked,platform_or_browser_route,403,Author-conducted source check; transfer completeness was evaluated separately.,EyeDataHub author team,true,https://zenodo.org/records/6476639,not_assessed_in_access_verification_log,Windows | Python 3.13.13 | EyeDataHub 0.7.0
uveitis_smote,Image Dataset on Eye Diseases Classification with Symptoms and SMOTE Validation,2026-07-21,route_confirmed,https://data.mendeley.com/datasets/n9zp473wfw/2,https://data.mendeley.com/datasets/n9zp473wfw/2,official_repository,https://data.mendeley.com/datasets/n9zp473wfw/2,true,true,user_authentication_required,self_service_authenticated,available,author_source_checked,platform_or_browser_route,403,Author-conducted source check; transfer completeness was evaluated separately.,EyeDataHub author team,true,https://data.mendeley.com/datasets/n9zp473wfw/2,not_assessed_in_access_verification_log,Windows | Python 3.13.13 | EyeDataHub 0.7.0
uwf_dr,UWF DR Reasoning Dataset,2026-07-21,route_confirmed,https://drive.google.com/drive/folders/1wOqM-O_amSwMdli4OlFnGpf4hslPgDNu,https://drive.google.com/drive/folders/1wOqM-O_amSwMdli4OlFnGpf4hslPgDNu,cloud_file_share,https://drive.google.com/drive/folders/1wOqM-O_amSwMdli4OlFnGpf4hslPgDNu,true,true,unauthenticated,anonymous_direct,available,author_source_checked,ok,200,Author-conducted source check; transfer completeness was evaluated separately.,EyeDataHub author team,true,https://drive.google.com/drive/folders/1wOqM-O_amSwMdli4OlFnGpf4hslPgDNu,not_assessed_in_access_verification_log,Windows | Python 3.13.13 | EyeDataHub 0.7.0
uwf_dr_peng,"UWF Fundus DR Dataset (Peng et al., 2026)",2026-07-21,route_confirmed,https://doi.org/10.6084/m9.figshare.31259494,https://doi.org/10.6084/m9.figshare.31259494,official_repository,https://figshare.com/articles/dataset/_b_Ultra-wide-field_SLO_fundus_image_dataset_for_intelligent_diabetic_retinopathy_system_b_/31259494,true,true,user_authentication_required,self_service_authenticated,available,author_source_checked,ok,202,Author-conducted source check; transfer completeness was evaluated separately.,EyeDataHub author team,true,https://doi.org/10.6084/m9.figshare.31259494,not_assessed_in_access_verification_log,Windows | Python 3.13.13 | EyeDataHub 0.7.0
uwf_tumor,UWF Fundus Intraocular Tumor Dataset,2026-07-21,route_confirmed,https://doi.org/10.6084/m9.figshare.27986258,https://doi.org/10.6084/m9.figshare.27986258,official_repository,https://springernature.figshare.com/articles/dataset/An_ultra-wide-field_fundus_image_dataset_for_intelligent_diagnosis_of_intraocular_tumors/27986258,true,true,user_authentication_required,self_service_authenticated,available,author_source_checked,ok,202,Author-conducted source check; transfer completeness was evaluated separately.,EyeDataHub author team,true,https://doi.org/10.6084/m9.figshare.27986258,not_assessed_in_access_verification_log,Windows | Python 3.13.13 | EyeDataHub 0.7.0
uwf_zhejiang,Open UWF Fundus Dataset with Disease + Quality Labels,2026-07-21,route_confirmed,https://doi.org/10.6084/m9.figshare.26936446,https://doi.org/10.6084/m9.figshare.26936446,official_repository,https://springernature.figshare.com/articles/dataset/Open_ultrawidefield_fundus_image_dataset_with_disease_diagnosis_and_clinical_image_quality_assessment/26936446,true,true,user_authentication_required,self_service_authenticated,available,author_source_checked,ok,202,Author-conducted source check; transfer completeness was evaluated separately.,EyeDataHub author team,true,https://doi.org/10.6084/m9.figshare.26936446,not_assessed_in_access_verification_log,Windows | Python 3.13.13 | EyeDataHub 0.7.0
uwhvf,UWHVF: University of Washington Humphrey Visual Field,2026-07-21,route_confirmed,https://github.com/uw-biomedical-ml/uwhvf/archive/refs/heads/master.zip,https://github.com/uw-biomedical-ml/uwhvf/archive/refs/heads/master.zip,official_direct,https://codeload.github.com/uw-biomedical-ml/uwhvf/zip/refs/heads/master,true,true,unauthenticated,anonymous_direct,available,author_source_checked,ok,200,Author-conducted source check; transfer completeness was evaluated separately.,EyeDataHub author team,true,https://github.com/uw-biomedical-ml/uwhvf/archive/refs/heads/master.zip,not_assessed_in_access_verification_log,Windows | Python 3.13.13 | EyeDataHub 0.7.0
vietai_retinal_disease,VietAI Retinal Disease Detection 2020,2026-07-21,route_confirmed,https://www.kaggle.com/competitions/vietai-advance-retinal-disease-detection-2020/data,https://www.kaggle.com/competitions/vietai-advance-retinal-disease-detection-2020/data,data_platform,https://www.kaggle.com/competitions/vietai-advance-retinal-disease-detection-2020/data,true,true,api_token_required_not_stored,self_service_clickthrough,available,author_source_checked,ok,200,Author-conducted source check; transfer completeness was evaluated separately.,EyeDataHub author team,true,https://www.kaggle.com/competitions/vietai-advance-retinal-disease-detection-2020/data,not_assessed_in_access_verification_log,Windows | Python 3.13.13 | EyeDataHub 0.7.0
visual_field_test_perception,Visual Field Test Perception Dataset,2026-08-02,route_confirmed,https://doi.org/10.6084/m9.figshare.12443594.v2,https://doi.org/10.6084/m9.figshare.12443594.v2,official_repository,https://figshare.com/articles/DATABASE_xlsx/12443594/2,true,true,api_token_required_not_stored,self_service_authenticated,available,official_metadata_and_file_listing_checked,ok,202,No data files were transferred during source confirmation.,EyeDataHub author team,true,https://doi.org/10.6084/m9.figshare.12443594.v2,not_assessed_in_access_verification_log,Windows | Python 3.13.13 | EyeDataHub 0.7.0
visual_field_testing_experiment,Visual Field Testing Experiment,2026-07-21,route_confirmed,https://www.kaggle.com/datasets/shozosaeki/visual-field-testing-experiment,https://www.kaggle.com/datasets/shozosaeki/visual-field-testing-experiment,data_platform,https://www.kaggle.com/datasets/shozosaeki/visual-field-testing-experiment,true,true,api_token_required_not_stored,self_service_authenticated,available,author_source_checked,ok,200,Author-conducted source check; transfer completeness was evaluated separately.,EyeDataHub author team,true,https://www.kaggle.com/datasets/shozosaeki/visual-field-testing-experiment,not_assessed_in_access_verification_log,Windows | Python 3.13.13 | EyeDataHub 0.7.0
x_pcr,X-PCR Ophthalmology Progressive Clinical Reasoning Benchmark,2026-07-21,route_confirmed,https://huggingface.co/datasets/Fantasy666/X-PCR,https://huggingface.co/datasets/Fantasy666/X-PCR,data_platform,https://huggingface.co/datasets/Fantasy666/X-PCR,true,true,api_token_required_not_stored,self_service_authenticated,available,author_source_checked,ok,200,Author-conducted source check; transfer completeness was evaluated separately.,EyeDataHub author team,true,https://huggingface.co/datasets/Fantasy666/X-PCR,not_assessed_in_access_verification_log,Windows | Python 3.13.13 | EyeDataHub 0.7.0
