record_id,canonical_name,dataset_doi,catalog_deposit_version,observed_deposit_version,version_matches_catalog,listing_result,expected_file_count,expected_bytes,file_index,file_path,file_bytes,mime_type,source_checksum_available,source_status
dryad_5xfad_retina_dlgn,5xFAD Retina and dLGN Disease-Model Dataset,10.5061/dryad.dbrv15fbk,2,2,True,official_file_listing_confirmed,2,108816,1,McCool_et_al_data.xlsx,106499,application/vnd.openxmlformats-officedocument.spreadsheetml.sheet,True,created
dryad_5xfad_retina_dlgn,5xFAD Retina and dLGN Disease-Model Dataset,10.5061/dryad.dbrv15fbk,2,2,True,official_file_listing_confirmed,2,108816,2,README.md,2317,text/markdown,True,created
dryad_acanthamoeba_keratitis_transcriptome,Human conjunctival transcriptome in Acanthamoeba keratitis: An exploratory study,10.5061/dryad.k3j9kd5fx,4,4,True,official_file_listing_confirmed,4,5160475,1,conj_transcriptome_metadata.csv,514,text/csv,True,copied
dryad_acanthamoeba_keratitis_transcriptome,Human conjunctival transcriptome in Acanthamoeba keratitis: An exploratory study,10.5061/dryad.k3j9kd5fx,4,4,True,official_file_listing_confirmed,4,5160475,2,conj_transcriptome_stringtie2_counts_md5-9660d96d.csv,3714941,text/csv,True,copied
dryad_acanthamoeba_keratitis_transcriptome,Human conjunctival transcriptome in Acanthamoeba keratitis: An exploratory study,10.5061/dryad.k3j9kd5fx,4,4,True,official_file_listing_confirmed,4,5160475,3,ENSG_ID2Name.txt,1443551,text/plain,True,copied
dryad_acanthamoeba_keratitis_transcriptome,Human conjunctival transcriptome in Acanthamoeba keratitis: An exploratory study,10.5061/dryad.k3j9kd5fx,4,4,True,official_file_listing_confirmed,4,5160475,4,README.md,1469,text/markdown,True,created
dryad_amd_zinc_complement,AMD Zinc Complement Dataset,10.5061/dryad.3gq6t,1,1,True,official_file_listing_confirmed,2,62634,1,README_for_Zinc supplementation inhibits complement activation in age-related macular degeneration.txt,3754,text/plain,True,created
dryad_amd_zinc_complement,AMD Zinc Complement Dataset,10.5061/dryad.3gq6t,1,1,True,official_file_listing_confirmed,2,62634,2,Zinc supplementation inhibits complement activation in age-related macular degeneration.xls,58880,application/vnd.ms-excel,True,created
dryad_angle_closure_rabbit,Expression of matrix Metalloproteinases-2 and aquaporin-1 in corneoscleral junction after angle-closure in rabbits,10.5061/dryad.ks48tt4,1,1,True,official_file_listing_confirmed,21,133769410,1,12.jpg,431677,image/jpeg,True,created
dryad_angle_closure_rabbit,Expression of matrix Metalloproteinases-2 and aquaporin-1 in corneoscleral junction after angle-closure in rabbits,10.5061/dryad.ks48tt4,1,1,True,official_file_listing_confirmed,21,133769410,2,1m.tif,14134256,image/tiff,True,created
dryad_angle_closure_rabbit,Expression of matrix Metalloproteinases-2 and aquaporin-1 in corneoscleral junction after angle-closure in rabbits,10.5061/dryad.ks48tt4,1,1,True,official_file_listing_confirmed,21,133769410,3,1W.tif,14134256,image/tiff,True,created
dryad_angle_closure_rabbit,Expression of matrix Metalloproteinases-2 and aquaporin-1 in corneoscleral junction after angle-closure in rabbits,10.5061/dryad.ks48tt4,1,1,True,official_file_listing_confirmed,21,133769410,4,2m.tif,14134256,image/tiff,True,created
dryad_angle_closure_rabbit,Expression of matrix Metalloproteinases-2 and aquaporin-1 in corneoscleral junction after angle-closure in rabbits,10.5061/dryad.ks48tt4,1,1,True,official_file_listing_confirmed,21,133769410,5,4m.tif,14124720,image/tiff,True,created
dryad_angle_closure_rabbit,Expression of matrix Metalloproteinases-2 and aquaporin-1 in corneoscleral junction after angle-closure in rabbits,10.5061/dryad.ks48tt4,1,1,True,official_file_listing_confirmed,21,133769410,6,AQP-1m.tif,5047940,image/tiff,True,created
dryad_angle_closure_rabbit,Expression of matrix Metalloproteinases-2 and aquaporin-1 in corneoscleral junction after angle-closure in rabbits,10.5061/dryad.ks48tt4,1,1,True,official_file_listing_confirmed,21,133769410,7,AQP-4m.tif,5045420,image/tiff,True,created
dryad_angle_closure_rabbit,Expression of matrix Metalloproteinases-2 and aquaporin-1 in corneoscleral junction after angle-closure in rabbits,10.5061/dryad.ks48tt4,1,1,True,official_file_listing_confirmed,21,133769410,8,AQP-control.tif,11314008,image/tiff,True,created
dryad_angle_closure_rabbit,Expression of matrix Metalloproteinases-2 and aquaporin-1 in corneoscleral junction after angle-closure in rabbits,10.5061/dryad.ks48tt4,1,1,True,official_file_listing_confirmed,21,133769410,9,AQP-Normal.tif,1278164,image/tiff,True,created
dryad_angle_closure_rabbit,Expression of matrix Metalloproteinases-2 and aquaporin-1 in corneoscleral junction after angle-closure in rabbits,10.5061/dryad.ks48tt4,1,1,True,official_file_listing_confirmed,21,133769410,10,ELISA.xlsx,16074,application/vnd.openxmlformats-officedocument.spreadsheetml.sheet,True,created
dryad_angle_closure_rabbit,Expression of matrix Metalloproteinases-2 and aquaporin-1 in corneoscleral junction after angle-closure in rabbits,10.5061/dryad.ks48tt4,1,1,True,official_file_listing_confirmed,21,133769410,11,Fig5-PCR.xlsx,46275,application/vnd.openxmlformats-officedocument.spreadsheetml.sheet,True,created
dryad_angle_closure_rabbit,Expression of matrix Metalloproteinases-2 and aquaporin-1 in corneoscleral junction after angle-closure in rabbits,10.5061/dryad.ks48tt4,1,1,True,official_file_listing_confirmed,21,133769410,12,IOP.xlsx,11283,application/vnd.openxmlformats-officedocument.spreadsheetml.sheet,True,created
dryad_angle_closure_rabbit,Expression of matrix Metalloproteinases-2 and aquaporin-1 in corneoscleral junction after angle-closure in rabbits,10.5061/dryad.ks48tt4,1,1,True,official_file_listing_confirmed,21,133769410,13,jiang_OS_2018-05-14_19-09-46_012.jpg,244459,image/jpeg,True,created
dryad_angle_closure_rabbit,Expression of matrix Metalloproteinases-2 and aquaporin-1 in corneoscleral junction after angle-closure in rabbits,10.5061/dryad.ks48tt4,1,1,True,official_file_listing_confirmed,21,133769410,14,MMP-1m.tif,11318548,image/tiff,True,created
dryad_angle_closure_rabbit,Expression of matrix Metalloproteinases-2 and aquaporin-1 in corneoscleral junction after angle-closure in rabbits,10.5061/dryad.ks48tt4,1,1,True,official_file_listing_confirmed,21,133769410,15,MMP-4m.tif,11316732,image/tiff,True,created
dryad_angle_closure_rabbit,Expression of matrix Metalloproteinases-2 and aquaporin-1 in corneoscleral junction after angle-closure in rabbits,10.5061/dryad.ks48tt4,1,1,True,official_file_listing_confirmed,21,133769410,16,MMP-control.tif,11317396,image/tiff,True,created
dryad_angle_closure_rabbit,Expression of matrix Metalloproteinases-2 and aquaporin-1 in corneoscleral junction after angle-closure in rabbits,10.5061/dryad.ks48tt4,1,1,True,official_file_listing_confirmed,21,133769410,17,MMP-normal.tif,5046540,image/tiff,True,created
dryad_angle_closure_rabbit,Expression of matrix Metalloproteinases-2 and aquaporin-1 in corneoscleral junction after angle-closure in rabbits,10.5061/dryad.ks48tt4,1,1,True,official_file_listing_confirmed,21,133769410,18,Normal-1.tif,14126032,image/tiff,True,created
dryad_angle_closure_rabbit,Expression of matrix Metalloproteinases-2 and aquaporin-1 in corneoscleral junction after angle-closure in rabbits,10.5061/dryad.ks48tt4,1,1,True,official_file_listing_confirmed,21,133769410,19,Normal-裂隙灯1.jpg,248997,image/jpeg,True,created
dryad_angle_closure_rabbit,Expression of matrix Metalloproteinases-2 and aquaporin-1 in corneoscleral junction after angle-closure in rabbits,10.5061/dryad.ks48tt4,1,1,True,official_file_listing_confirmed,21,133769410,20,Normal-裂隙灯2.jpg,215684,image/jpeg,True,created
dryad_angle_closure_rabbit,Expression of matrix Metalloproteinases-2 and aquaporin-1 in corneoscleral junction after angle-closure in rabbits,10.5061/dryad.ks48tt4,1,1,True,official_file_listing_confirmed,21,133769410,21,tu_zi1223_OD_2018-05-14_19-06-56_026.jpg,216693,image/jpeg,True,created
dryad_aoslo_rpe,AOSLO RPE Cell Morphometry and Cone Mosaic Dataset,10.5061/dryad.b41j15h,,1,False,official_file_listing_confirmed,20,84397437,1,NOR011.zip,6982393,application/zip,True,created
dryad_aoslo_rpe,AOSLO RPE Cell Morphometry and Cone Mosaic Dataset,10.5061/dryad.b41j15h,,1,False,official_file_listing_confirmed,20,84397437,2,NOR025.zip,6904757,application/zip,True,created
dryad_aoslo_rpe,AOSLO RPE Cell Morphometry and Cone Mosaic Dataset,10.5061/dryad.b41j15h,,1,False,official_file_listing_confirmed,20,84397437,3,NOR047.zip,8330184,application/zip,True,created
dryad_aoslo_rpe,AOSLO RPE Cell Morphometry and Cone Mosaic Dataset,10.5061/dryad.b41j15h,,1,False,official_file_listing_confirmed,20,84397437,4,NOR053.zip,9057834,application/zip,True,created
dryad_aoslo_rpe,AOSLO RPE Cell Morphometry and Cone Mosaic Dataset,10.5061/dryad.b41j15h,,1,False,official_file_listing_confirmed,20,84397437,5,NOR057.zip,6823924,application/zip,True,created
dryad_aoslo_rpe,AOSLO RPE Cell Morphometry and Cone Mosaic Dataset,10.5061/dryad.b41j15h,,1,False,official_file_listing_confirmed,20,84397437,6,NOR062.zip,18551881,application/zip,True,created
dryad_aoslo_rpe,AOSLO RPE Cell Morphometry and Cone Mosaic Dataset,10.5061/dryad.b41j15h,,1,False,official_file_listing_confirmed,20,84397437,7,NOR063.zip,7649502,application/zip,True,created
dryad_aoslo_rpe,AOSLO RPE Cell Morphometry and Cone Mosaic Dataset,10.5061/dryad.b41j15h,,1,False,official_file_listing_confirmed,20,84397437,8,NOR064.zip,7250557,application/zip,True,created
dryad_aoslo_rpe,AOSLO RPE Cell Morphometry and Cone Mosaic Dataset,10.5061/dryad.b41j15h,,1,False,official_file_listing_confirmed,20,84397437,9,NOR065.zip,7709815,application/zip,True,created
dryad_aoslo_rpe,AOSLO RPE Cell Morphometry and Cone Mosaic Dataset,10.5061/dryad.b41j15h,,1,False,official_file_listing_confirmed,20,84397437,10,NOR073.zip,5112760,application/zip,True,created
dryad_aoslo_rpe,AOSLO RPE Cell Morphometry and Cone Mosaic Dataset,10.5061/dryad.b41j15h,,1,False,official_file_listing_confirmed,20,84397437,11,README_for_NOR011.txt,2383,text/plain,True,created
dryad_aoslo_rpe,AOSLO RPE Cell Morphometry and Cone Mosaic Dataset,10.5061/dryad.b41j15h,,1,False,official_file_listing_confirmed,20,84397437,12,README_for_NOR025.txt,2383,text/plain,True,created
dryad_aoslo_rpe,AOSLO RPE Cell Morphometry and Cone Mosaic Dataset,10.5061/dryad.b41j15h,,1,False,official_file_listing_confirmed,20,84397437,13,README_for_NOR047.txt,2383,text/plain,True,created
dryad_aoslo_rpe,AOSLO RPE Cell Morphometry and Cone Mosaic Dataset,10.5061/dryad.b41j15h,,1,False,official_file_listing_confirmed,20,84397437,14,README_for_NOR053.txt,2383,text/plain,True,created
dryad_aoslo_rpe,AOSLO RPE Cell Morphometry and Cone Mosaic Dataset,10.5061/dryad.b41j15h,,1,False,official_file_listing_confirmed,20,84397437,15,README_for_NOR057.txt,2383,text/plain,True,created
dryad_aoslo_rpe,AOSLO RPE Cell Morphometry and Cone Mosaic Dataset,10.5061/dryad.b41j15h,,1,False,official_file_listing_confirmed,20,84397437,16,README_for_NOR062.txt,2383,text/plain,True,created
dryad_aoslo_rpe,AOSLO RPE Cell Morphometry and Cone Mosaic Dataset,10.5061/dryad.b41j15h,,1,False,official_file_listing_confirmed,20,84397437,17,README_for_NOR063.txt,2383,text/plain,True,created
dryad_aoslo_rpe,AOSLO RPE Cell Morphometry and Cone Mosaic Dataset,10.5061/dryad.b41j15h,,1,False,official_file_listing_confirmed,20,84397437,18,README_for_NOR064.txt,2383,text/plain,True,created
dryad_aoslo_rpe,AOSLO RPE Cell Morphometry and Cone Mosaic Dataset,10.5061/dryad.b41j15h,,1,False,official_file_listing_confirmed,20,84397437,19,README_for_NOR065.txt,2383,text/plain,True,created
dryad_aoslo_rpe,AOSLO RPE Cell Morphometry and Cone Mosaic Dataset,10.5061/dryad.b41j15h,,1,False,official_file_listing_confirmed,20,84397437,20,README_for_NOR073.txt,2383,text/plain,True,created
dryad_bariatric_ophthalmology,Bariatric Surgery Ophthalmic Evaluation Dataset,10.5061/dryad.1g6vm34,1,1,True,official_file_listing_confirmed,1,32456,1,Completedataset.xlsx,32456,application/vnd.openxmlformats-officedocument.spreadsheetml.sheet,True,created
dryad_bbs1_retinal_degeneration,BBS1 Retinal Degeneration Mouse Dataset,10.5061/dryad.2rbnzs7jm,6,6,True,official_file_listing_confirmed,1,58847,1,TG_Raw_Data.xlsx,58847,application/vnd.openxmlformats-officedocument.spreadsheetml.sheet,True,copied
dryad_biocular_eye_tracking,Bi-Ocular Vertebrate Eye-Tracking Dataset,10.5061/dryad.84hc0,1,1,True,official_file_listing_confirmed,2,108554,1,Fixation Duration.xlsx,67627,application/vnd.openxmlformats-officedocument.spreadsheetml.sheet,True,created
dryad_biocular_eye_tracking,Bi-Ocular Vertebrate Eye-Tracking Dataset,10.5061/dryad.84hc0,1,1,True,official_file_listing_confirmed,2,108554,2,Fixations on Stimulus.xlsx,40927,application/vnd.openxmlformats-officedocument.spreadsheetml.sheet,True,created
dryad_brvo_bevacizumab_multimodal,BRVO Bevacizumab Multimodal Dataset,10.5061/dryad.3cp54,1,1,True,official_file_listing_confirmed,3,61440336,1,20160827Fluorescein.rar,49347240,application/x-rar-compressed,True,created
dryad_brvo_bevacizumab_multimodal,BRVO Bevacizumab Multimodal Dataset,10.5061/dryad.3cp54,1,1,True,official_file_listing_confirmed,3,61440336,2,20160827mfERG.rar,5739872,application/x-rar-compressed,True,created
dryad_brvo_bevacizumab_multimodal,BRVO Bevacizumab Multimodal Dataset,10.5061/dryad.3cp54,1,1,True,official_file_listing_confirmed,3,61440336,3,20160827OCT.rar,6353224,application/x-rar-compressed,True,created
dryad_canine_pra_cea_genotypes,Canine PRA and CEA Genotype Dataset,10.5061/dryad.6djh9w17c,5,5,True,official_file_listing_confirmed,2,5825605,1,Clark2023_Dataset.xlsx,5822886,application/vnd.openxmlformats-officedocument.spreadsheetml.sheet,True,copied
dryad_canine_pra_cea_genotypes,Canine PRA and CEA Genotype Dataset,10.5061/dryad.6djh9w17c,5,5,True,official_file_listing_confirmed,2,5825605,2,README.md,2719,text/markdown,True,created
dryad_clcc1_retinitis_pigmentosa,CLCC1 Retinitis Pigmentosa Genomics Dataset,10.5061/dryad.3vv31qq,1,1,True,official_file_listing_confirmed,1,36607394,1,Raw data.zip,36607394,application/zip,True,created
dryad_cone_synapse_computation,Cone Photoreceptor Synapse Dataset,10.5061/dryad.0p2ngf25g,8,8,True,official_file_listing_confirmed,4,11191747623,1,Dataset_MF01.zip,6160115834,application/zip,True,copied
dryad_cone_synapse_computation,Cone Photoreceptor Synapse Dataset,10.5061/dryad.0p2ngf25g,8,8,True,official_file_listing_confirmed,4,11191747623,2,Dataset_SF04.zip,1252320235,application/zip,True,copied
dryad_cone_synapse_computation,Cone Photoreceptor Synapse Dataset,10.5061/dryad.0p2ngf25g,8,8,True,official_file_listing_confirmed,4,11191747623,3,Dataset_SF06.zip,3779310697,application/zip,True,copied
dryad_cone_synapse_computation,Cone Photoreceptor Synapse Dataset,10.5061/dryad.0p2ngf25g,8,8,True,official_file_listing_confirmed,4,11191747623,4,README.md,857,text/markdown,True,copied
dryad_congenital_cataract_sight_restoration,Congenital Cataract Sight Restoration Dataset,10.5061/dryad.0gb5mkm9b,13,13,True,official_file_listing_confirmed,11,31105,1,demographics_cataract.txt,524,text/plain,True,copied
dryad_congenital_cataract_sight_restoration,Congenital Cataract Sight Restoration Dataset,10.5061/dryad.0gb5mkm9b,13,13,True,official_file_listing_confirmed,11,31105,2,developmental.txt,5982,text/plain,True,copied
dryad_congenital_cataract_sight_restoration,Congenital Cataract Sight Restoration Dataset,10.5061/dryad.0gb5mkm9b,13,13,True,official_file_listing_confirmed,11,31105,3,ethiopian_controls_exp1.txt,254,text/plain,True,copied
dryad_congenital_cataract_sight_restoration,Congenital Cataract Sight Restoration Dataset,10.5061/dryad.0gb5mkm9b,13,13,True,official_file_listing_confirmed,11,31105,4,ethiopian_controls_exp2.txt,424,text/plain,True,copied
dryad_congenital_cataract_sight_restoration,Congenital Cataract Sight Restoration Dataset,10.5061/dryad.0gb5mkm9b,13,13,True,official_file_listing_confirmed,11,31105,5,Exp1.txt,892,text/plain,True,copied
dryad_congenital_cataract_sight_restoration,Congenital Cataract Sight Restoration Dataset,10.5061/dryad.0gb5mkm9b,13,13,True,official_file_listing_confirmed,11,31105,6,Exp2_3groups.txt,4834,text/plain,True,copied
dryad_congenital_cataract_sight_restoration,Congenital Cataract Sight Restoration Dataset,10.5061/dryad.0gb5mkm9b,13,13,True,official_file_listing_confirmed,11,31105,7,Exp2_development.txt,4834,text/plain,True,copied
dryad_congenital_cataract_sight_restoration,Congenital Cataract Sight Restoration Dataset,10.5061/dryad.0gb5mkm9b,13,13,True,official_file_listing_confirmed,11,31105,8,OF_cataracts.m,4171,,True,copied
dryad_congenital_cataract_sight_restoration,Congenital Cataract Sight Restoration Dataset,10.5061/dryad.0gb5mkm9b,13,13,True,official_file_listing_confirmed,11,31105,9,OF_developmental_population.m,2427,,True,copied
dryad_congenital_cataract_sight_restoration,Congenital Cataract Sight Restoration Dataset,10.5061/dryad.0gb5mkm9b,13,13,True,official_file_listing_confirmed,11,31105,10,patmodel.txt,4682,text/plain,True,copied
dryad_congenital_cataract_sight_restoration,Congenital Cataract Sight Restoration Dataset,10.5061/dryad.0gb5mkm9b,13,13,True,official_file_listing_confirmed,11,31105,11,README.md,2081,text/markdown,True,created
dryad_congenital_glaucoma_wes,Identification of novel variants in LTBP2 and PXDN using whole-exome sequencing in developmental and congenital glaucoma,10.5061/dryad.k7455,1,1,True,official_file_listing_confirmed,4,442116648,1,DNA12-14956.hcdiffs.txt,111377810,text/plain,True,created
dryad_congenital_glaucoma_wes,Identification of novel variants in LTBP2 and PXDN using whole-exome sequencing in developmental and congenital glaucoma,10.5061/dryad.k7455,1,1,True,official_file_listing_confirmed,4,442116648,2,DNA13-07602.hcdiffs.txt,107317516,text/plain,True,created
dryad_congenital_glaucoma_wes,Identification of novel variants in LTBP2 and PXDN using whole-exome sequencing in developmental and congenital glaucoma,10.5061/dryad.k7455,1,1,True,official_file_listing_confirmed,4,442116648,3,DNA13-07606.hcdiffs.txt,111715292,text/plain,True,created
dryad_congenital_glaucoma_wes,Identification of novel variants in LTBP2 and PXDN using whole-exome sequencing in developmental and congenital glaucoma,10.5061/dryad.k7455,1,1,True,official_file_listing_confirmed,4,442116648,4,DNA13-07610.hcdiffs.txt,111706030,text/plain,True,created
dryad_cornea_oct_pentacam,Corneal OCT and Pentacam Tomography Dataset,10.5061/dryad.tht76hf0c,5,5,True,official_file_listing_confirmed,1,383898834,1,OCT_.zip,383898834,application/x-zip-compressed,True,copied
dryad_corneal_biomechanics_prostaglandin,Changes in corneal biomechanical properties after long-term topical prostaglandin therapy,10.5061/dryad.d35s0,1,1,True,official_file_listing_confirmed,1,55426,1,Na Wu-corvis primary data.xlsx,55426,application/vnd.openxmlformats-officedocument.spreadsheetml.sheet,True,created
dryad_corneal_conjunctivitis_biomarker,Corneal Conjunctivitis Biomarker Dataset,10.5061/dryad.4j0zpc8mm,3,3,True,official_file_listing_confirmed,4,8983041,1,biomarker_detection_count_data_md5-9b4b21f9.csv,8582094,text/csv,True,copied
dryad_corneal_conjunctivitis_biomarker,Corneal Conjunctivitis Biomarker Dataset,10.5061/dryad.4j0zpc8mm,3,3,True,official_file_listing_confirmed,4,8983041,2,biomarker_detection_sample_table_md5-7bd7fef2.csv,2584,text/csv,True,copied
dryad_corneal_conjunctivitis_biomarker,Corneal Conjunctivitis Biomarker Dataset,10.5061/dryad.4j0zpc8mm,3,3,True,official_file_listing_confirmed,4,8983041,3,ENSG_ID2Name.txt.zip,395477,application/zip,True,copied
dryad_corneal_conjunctivitis_biomarker,Corneal Conjunctivitis Biomarker Dataset,10.5061/dryad.4j0zpc8mm,3,3,True,official_file_listing_confirmed,4,8983041,4,README.md,2886,text/markdown,True,created
dryad_corneal_laser_procedure,Corneal Laser Procedure for safety and efficacy in vision improvement,10.5061/dryad.m905qfv2r,8,8,True,official_file_listing_confirmed,3,76650,1,F1000Rearch_Dataset_1_-_Devenyi_et_al_-_Corneal_laser_procedure.xls,43520,application/vnd.ms-excel,True,created
dryad_corneal_laser_procedure,Corneal Laser Procedure for safety and efficacy in vision improvement,10.5061/dryad.m905qfv2r,8,8,True,official_file_listing_confirmed,3,76650,2,F1000Rearch_Dataset_2_-_Devenyi_et_al_-_Corneal_laser_procedure.xls,30208,application/vnd.ms-excel,True,created
dryad_corneal_laser_procedure,Corneal Laser Procedure for safety and efficacy in vision improvement,10.5061/dryad.m905qfv2r,8,8,True,official_file_listing_confirmed,3,76650,3,README.txt,2922,text/plain,True,created
dryad_crvo_vegf_tortuosity,CRVO Retinal Tortuosity and VEGF Dataset,10.5061/dryad.5dn13,1,1,True,official_file_listing_confirmed,1,18399,1,CRVO tortuosity Data English.xlsx,18399,application/vnd.openxmlformats-officedocument.spreadsheetml.sheet,True,created
dryad_d12d9f,Excitatory neurotransmission activates compartmentalized calcium transients in Müller glia without affecting lateral process motility,10.6078/d12d9f,4,4,True,official_file_listing_confirmed,16,704982604,1,caImagingData.mat,698111258,,True,created
dryad_d12d9f,Excitatory neurotransmission activates compartmentalized calcium transients in Müller glia without affecting lateral process motility,10.6078/d12d9f,4,4,True,official_file_listing_confirmed,16,704982604,2,Figure_1-source_data_1.csv,16670,application/vnd.ms-excel,True,created
dryad_d12d9f,Excitatory neurotransmission activates compartmentalized calcium transients in Müller glia without affecting lateral process motility,10.6078/d12d9f,4,4,True,official_file_listing_confirmed,16,704982604,3,Figure_1-source_data_2.csv,2171,application/vnd.ms-excel,True,created
dryad_d12d9f,Excitatory neurotransmission activates compartmentalized calcium transients in Müller glia without affecting lateral process motility,10.6078/d12d9f,4,4,True,official_file_listing_confirmed,16,704982604,4,Figure_2-source_data_1.csv,55619,application/vnd.ms-excel,True,created
dryad_d12d9f,Excitatory neurotransmission activates compartmentalized calcium transients in Müller glia without affecting lateral process motility,10.6078/d12d9f,4,4,True,official_file_listing_confirmed,16,704982604,5,Figure_3-source_data_1.csv,2466080,application/vnd.ms-excel,True,created
dryad_d12d9f,Excitatory neurotransmission activates compartmentalized calcium transients in Müller glia without affecting lateral process motility,10.6078/d12d9f,4,4,True,official_file_listing_confirmed,16,704982604,6,Figure_3-source_data_2.csv,46853,application/vnd.ms-excel,True,created
dryad_d12d9f,Excitatory neurotransmission activates compartmentalized calcium transients in Müller glia without affecting lateral process motility,10.6078/d12d9f,4,4,True,official_file_listing_confirmed,16,704982604,7,Figure_4-source_data_1.csv,3804526,application/vnd.ms-excel,True,created
dryad_d12d9f,Excitatory neurotransmission activates compartmentalized calcium transients in Müller glia without affecting lateral process motility,10.6078/d12d9f,4,4,True,official_file_listing_confirmed,16,704982604,8,Figure_5-source_data_1.csv,4006,application/vnd.ms-excel,True,created
dryad_d12d9f,Excitatory neurotransmission activates compartmentalized calcium transients in Müller glia without affecting lateral process motility,10.6078/d12d9f,4,4,True,official_file_listing_confirmed,16,704982604,9,Figure_6-source_data_1.csv,315064,application/vnd.ms-excel,True,created
dryad_d12d9f,Excitatory neurotransmission activates compartmentalized calcium transients in Müller glia without affecting lateral process motility,10.6078/d12d9f,4,4,True,official_file_listing_confirmed,16,704982604,10,fillData.mat,5366,,True,created
dryad_d12d9f,Excitatory neurotransmission activates compartmentalized calcium transients in Müller glia without affecting lateral process motility,10.6078/d12d9f,4,4,True,official_file_listing_confirmed,16,704982604,11,motilityData_colormap.mat,273,,True,created
dryad_d12d9f,Excitatory neurotransmission activates compartmentalized calcium transients in Müller glia without affecting lateral process motility,10.6078/d12d9f,4,4,True,official_file_listing_confirmed,16,704982604,12,motilityDataWithZ.mat,97665,,True,created
dryad_d12d9f,Excitatory neurotransmission activates compartmentalized calcium transients in Müller glia without affecting lateral process motility,10.6078/d12d9f,4,4,True,official_file_listing_confirmed,16,704982604,13,README.txt,33812,text/plain,True,created
dryad_d12d9f,Excitatory neurotransmission activates compartmentalized calcium transients in Müller glia without affecting lateral process motility,10.6078/d12d9f,4,4,True,official_file_listing_confirmed,16,704982604,14,sholl_xy.mat,6709,,True,created
dryad_d12d9f,Excitatory neurotransmission activates compartmentalized calcium transients in Müller glia without affecting lateral process motility,10.6078/d12d9f,4,4,True,official_file_listing_confirmed,16,704982604,15,sholl_xz.mat,8258,,True,created
dryad_d12d9f,Excitatory neurotransmission activates compartmentalized calcium transients in Müller glia without affecting lateral process motility,10.6078/d12d9f,4,4,True,official_file_listing_confirmed,16,704982604,16,sholl_yz.mat,8274,,True,created
dryad_d1895r,Directed Evolution of AAV for Efficient Gene Delivery to Canine and Primate Retina - Raw counts of variants from deep sequencing,10.6078/d1895r,1,1,True,official_file_listing_confirmed,3,180261221,1,Canine_RPE_Seq.csv,147263257,text/csv,True,created
dryad_d1895r,Directed Evolution of AAV for Efficient Gene Delivery to Canine and Primate Retina - Raw counts of variants from deep sequencing,10.6078/d1895r,1,1,True,official_file_listing_confirmed,3,180261221,2,NHP_AAV2_7mer_ONL.txt,31492668,text/plain,True,created
dryad_d1895r,Directed Evolution of AAV for Efficient Gene Delivery to Canine and Primate Retina - Raw counts of variants from deep sequencing,10.6078/d1895r,1,1,True,official_file_listing_confirmed,3,180261221,3,NHP_LS588_ONL.txt,1505296,text/plain,True,created
dryad_d1zd5s,Single cell transcriptomic analyses reveal the impact of bHLH factors on human retinal organoid development,10.5068/d1zd5s,9,9,True,official_file_listing_confirmed,4,43985647,1,AEP_filtered_gene_bc_matrices_h5.h5,10466350,,True,copied
dryad_d1zd5s,Single cell transcriptomic analyses reveal the impact of bHLH factors on human retinal organoid development,10.5068/d1zd5s,9,9,True,official_file_listing_confirmed,4,43985647,2,DATASET_Readme.txt,9354,text/plain,True,copied
dryad_d1zd5s,Single cell transcriptomic analyses reveal the impact of bHLH factors on human retinal organoid development,10.5068/d1zd5s,9,9,True,official_file_listing_confirmed,4,43985647,3,GFP_filtered_gene_bc_matrices_h5.h5,14629900,,True,copied
dryad_d1zd5s,Single cell transcriptomic analyses reveal the impact of bHLH factors on human retinal organoid development,10.5068/d1zd5s,9,9,True,official_file_listing_confirmed,4,43985647,4,NEP_filtered_gene_bc_matrices_h5.h5,18880043,,True,copied
dryad_diabetes_retinal_capillary,Diabetes Retinal Capillary Rarefaction Dataset,10.5061/dryad.58791,1,1,True,official_file_listing_confirmed,1,54983,1,PlosOne_beb.sav,54983,application/octet-stream,True,created
dryad_diabetic_retinopathy_renal,Diabetic Retinopathy and Renal Function Dataset,10.5061/dryad.6kg1sd7,1,1,True,official_file_listing_confirmed,1,202240,1,datas.et,202240,application/octet-stream,True,created
dryad_dome_shaped_macula,Observational study of clinical characteristics of dome-shaped macula in Chinese Han with high myopia at Zhongshan Ophthalmic Center,10.5061/dryad.h544560,1,1,True,official_file_listing_confirmed,2,589392,1,high myopia database.xlsx,556055,application/vnd.openxmlformats-officedocument.spreadsheetml.sheet,True,created
dryad_dome_shaped_macula,Observational study of clinical characteristics of dome-shaped macula in Chinese Han with high myopia at Zhongshan Ophthalmic Center,10.5061/dryad.h544560,1,1,True,official_file_listing_confirmed,2,589392,2,README_for_high myopia database.docx,33337,application/vnd.openxmlformats-officedocument.wordprocessingml.document,True,created
dryad_dry_eye_nlrp3,Dry Eye NLRP3 Ocular Surface Dataset,10.5061/dryad.7vn28,1,1,True,official_file_listing_confirmed,1,283622,1,Niu et al.plos one raw data.zip,283622,application/zip,True,created
dryad_eye_care_quality_of_life,Utility index and vision related quality of life in patients awaiting specialist eye care,10.5061/dryad.h44j0zpv3,7,7,True,official_file_listing_confirmed,2,95224,1,Dataset_VFQ-Utility_ageRANGE.xlsx,92201,application/vnd.openxmlformats-officedocument.spreadsheetml.sheet,True,copied
dryad_eye_care_quality_of_life,Utility index and vision related quality of life in patients awaiting specialist eye care,10.5061/dryad.h44j0zpv3,7,7,True,official_file_listing_confirmed,2,95224,2,README.md,3023,text/markdown,True,copied
dryad_eye_head_visual_selection,Eye and Head Visual Selection Dataset,10.5061/dryad.33kh1,1,1,True,official_file_listing_confirmed,1,82791,1,SolmanFoulshamKingstone_DistributionData.xlsx,82791,application/vnd.openxmlformats-officedocument.spreadsheetml.sheet,True,created
dryad_functional_oct_alzheimer,Functional OCT Retinal Response Dataset,10.5061/dryad.msbcc2ftc,6,6,True,official_file_listing_confirmed,1,843520297,1,OCT__FOR_DRYAD_2020-03MAR-08.rar,843520297,application/octet-stream,True,copied
dryad_fundus_venous_pulsation,Fundus Venous Pulsation Sequence Dataset,10.5061/dryad.56f1h,1,1,True,official_file_listing_confirmed,2,118583295,1,Movies_Raw.zip,118581675,application/zip,True,created
dryad_fundus_venous_pulsation,Fundus Venous Pulsation Sequence Dataset,10.5061/dryad.56f1h,1,1,True,official_file_listing_confirmed,2,118583295,2,README_for_Movies_Raw.txt,1620,text/plain,True,created
dryad_fungal_keratitis_azole_assay,Phase-dependent differential in vitro and ex vivo susceptibility of Aspergillus flavus and Fusarium keratoplasticum to azole antifungals,10.5061/dryad.bk3j9kdjf,3,3,True,official_file_listing_confirmed,3,4025,1,JoF_Manuscript_Absorbance_Raw_Data.csv,733,text/csv,True,copied
dryad_fungal_keratitis_azole_assay,Phase-dependent differential in vitro and ex vivo susceptibility of Aspergillus flavus and Fusarium keratoplasticum to azole antifungals,10.5061/dryad.bk3j9kdjf,3,3,True,official_file_listing_confirmed,3,4025,2,JoF_Manuscript_Corneal_Coverage_Raw_Data.csv,1921,text/csv,True,copied
dryad_fungal_keratitis_azole_assay,Phase-dependent differential in vitro and ex vivo susceptibility of Aspergillus flavus and Fusarium keratoplasticum to azole antifungals,10.5061/dryad.bk3j9kdjf,3,3,True,official_file_listing_confirmed,3,4025,3,README.md,1371,text/markdown,True,created
dryad_fungal_keratitis_cci,CCI.net fungal keratitis cases dataset,10.5061/dryad.8931zcrw5,8,8,True,official_file_listing_confirmed,2,258765397,1,CCI_net_dataset.zip,258763014,application/x-zip-compressed,True,copied
dryad_fungal_keratitis_cci,CCI.net fungal keratitis cases dataset,10.5061/dryad.8931zcrw5,8,8,True,official_file_listing_confirmed,2,258765397,2,README.md,2383,text/markdown,True,created
dryad_ga_biofeedback,Biofeedback fixation training in the rehabilitation of patients suffering from geographic atrophy,10.5061/dryad.ngf1vhj81,5,5,True,official_file_listing_confirmed,2,10256,1,AMD-Biofeedback_dataset_final.csv,7307,text/csv,True,copied
dryad_ga_biofeedback,Biofeedback fixation training in the rehabilitation of patients suffering from geographic atrophy,10.5061/dryad.ngf1vhj81,5,5,True,official_file_listing_confirmed,2,10256,2,README.md,2949,text/markdown,True,created
dryad_gca_optic_nerve_dwi,GCA Optic Nerve Diffusion MRI Dataset,10.5061/dryad.59zw3r2bk,4,4,True,official_file_listing_confirmed,2,695487,1,Data_Rep_GCA_DWI_final.xlsx,677052,application/vnd.openxmlformats-officedocument.spreadsheetml.sheet,True,copied
dryad_gca_optic_nerve_dwi,GCA Optic Nerve Diffusion MRI Dataset,10.5061/dryad.59zw3r2bk,4,4,True,official_file_listing_confirmed,2,695487,2,README_file.txt,18435,text/plain,True,created
dryad_gcc_glaucoma,Glaucoma Ganglion Cell Complex Clinical Dataset,10.5061/dryad.xwdbrv1tn,,3,False,official_file_listing_confirmed,2,12543,1,Dataset-_GCC_research.sav,10198,,True,copied
dryad_gcc_glaucoma,Glaucoma Ganglion Cell Complex Clinical Dataset,10.5061/dryad.xwdbrv1tn,,3,False,official_file_listing_confirmed,2,12543,2,README.md,2345,text/markdown,True,created
dryad_glaucoma_lhon_mitochondrial,Glaucoma and LHON Mitochondrial Function Dataset,10.5061/dryad.2k4v4,1,1,True,official_file_listing_confirmed,1,14688,1,PLOS_ONE_Measurement of systemic mitochondrial function.rar,14688,application/x-rar-compressed,True,created
dryad_glaucoma_rnfl_vf,RNFL and Visual-Field Glaucoma Diagnosis Dataset,10.5061/dryad.q6ft5,,1,False,official_file_listing_confirmed,1,12461,1,dataset.zip,12461,application/zip,True,created
dryad_glaucoma_tears_mirna,Glaucoma Tear miRNA Dataset,10.5061/dryad.bcc2fqzj1,3,3,True,official_file_listing_confirmed,2,69620,1,norm_data.csv,69069,text/csv,True,copied
dryad_glaucoma_tears_mirna,Glaucoma Tear miRNA Dataset,10.5061/dryad.bcc2fqzj1,3,3,True,official_file_listing_confirmed,2,69620,2,README_.md,551,,True,copied
dryad_htr1b_mouse_retina,<em>Htr1b</em> is necessary for normal retinal function in mice,10.5061/dryad.bk3j9kdps,7,7,True,official_file_listing_confirmed,5,113358,1,ERG_values_FINAL.xlsx,17141,application/vnd.openxmlformats-officedocument.spreadsheetml.sheet,True,copied
dryad_htr1b_mouse_retina,<em>Htr1b</em> is necessary for normal retinal function in mice,10.5061/dryad.bk3j9kdps,7,7,True,official_file_listing_confirmed,5,113358,2,MEA_data.xlsx,63013,application/vnd.openxmlformats-officedocument.spreadsheetml.sheet,True,copied
dryad_htr1b_mouse_retina,<em>Htr1b</em> is necessary for normal retinal function in mice,10.5061/dryad.bk3j9kdps,7,7,True,official_file_listing_confirmed,5,113358,3,OKR_analysis_FINAL.xlsx,14044,application/vnd.openxmlformats-officedocument.spreadsheetml.sheet,True,copied
dryad_htr1b_mouse_retina,<em>Htr1b</em> is necessary for normal retinal function in mice,10.5061/dryad.bk3j9kdps,7,7,True,official_file_listing_confirmed,5,113358,4,README.md,3285,text/markdown,True,created
dryad_htr1b_mouse_retina,<em>Htr1b</em> is necessary for normal retinal function in mice,10.5061/dryad.bk3j9kdps,7,7,True,official_file_listing_confirmed,5,113358,5,Retinal_thickness_measurements_FINAL.xlsx,15875,application/vnd.openxmlformats-officedocument.spreadsheetml.sheet,True,copied
dryad_human_foveal_cones,Human foveal cone photoreceptor topography and its dependence on eye length,10.5061/dryad.nh0fp1b,1,1,True,official_file_listing_confirmed,1,33268162,1,HUMAN_FOVEAL_CONES.zip,33268162,application/zip,True,created
dryad_huntingtons_retinal_oct,Is retina affected in Huntington's disease? Is optical coherence tomography a good biomarker?,10.5061/dryad.ncjsxksxr,5,5,True,official_file_listing_confirmed,2,24663,1,data.csv,20432,text/csv,True,copied
dryad_huntingtons_retinal_oct,Is retina affected in Huntington's disease? Is optical coherence tomography a good biomarker?,10.5061/dryad.ncjsxksxr,5,5,True,official_file_listing_confirmed,2,24663,2,README.md,4231,text/markdown,True,created
dryad_icmr_eye_see_cataract,ICMR EYE SEE Cataract and Sun Exposure Dataset,10.5061/dryad.5qfttdz19,6,6,True,official_file_listing_confirmed,2,2438708,1,Instructions.txt,1986,text/plain,True,created
dryad_icmr_eye_see_cataract,ICMR EYE SEE Cataract and Sun Exposure Dataset,10.5061/dryad.5qfttdz19,6,6,True,official_file_listing_confirmed,2,2438708,2,UVR-cataract-analysis.zip,2436722,application/x-zip-compressed,True,created
dryad_ird_mouse_proteome,Retinal proteome profiling of inherited retinal degeneration across three different mouse models suggests common drug targets in retinitis pigmentosa,10.5061/dryad.c2fqz61pc,4,4,True,official_file_listing_confirmed,19,7826521,1,pathDDA_P23H.csv,3944,text/csv,True,copied
dryad_ird_mouse_proteome,Retinal proteome profiling of inherited retinal degeneration across three different mouse models suggests common drug targets in retinitis pigmentosa,10.5061/dryad.c2fqz61pc,4,4,True,official_file_listing_confirmed,19,7826521,2,pathDDA_Rd10_CLR.csv,13365,text/csv,True,copied
dryad_ird_mouse_proteome,Retinal proteome profiling of inherited retinal degeneration across three different mouse models suggests common drug targets in retinitis pigmentosa,10.5061/dryad.c2fqz61pc,4,4,True,official_file_listing_confirmed,19,7826521,3,pathDDA_Rd10_DR.csv,6823,text/csv,True,copied
dryad_ird_mouse_proteome,Retinal proteome profiling of inherited retinal degeneration across three different mouse models suggests common drug targets in retinitis pigmentosa,10.5061/dryad.c2fqz61pc,4,4,True,official_file_listing_confirmed,19,7826521,4,pathDDA_RPE65_KO.csv,8972,text/csv,True,copied
dryad_ird_mouse_proteome,Retinal proteome profiling of inherited retinal degeneration across three different mouse models suggests common drug targets in retinitis pigmentosa,10.5061/dryad.c2fqz61pc,4,4,True,official_file_listing_confirmed,19,7826521,5,pathDIA_P23H.csv,26233,text/csv,True,copied
dryad_ird_mouse_proteome,Retinal proteome profiling of inherited retinal degeneration across three different mouse models suggests common drug targets in retinitis pigmentosa,10.5061/dryad.c2fqz61pc,4,4,True,official_file_listing_confirmed,19,7826521,6,pathDIA_Rd10_DR.csv,20201,text/csv,True,copied
dryad_ird_mouse_proteome,Retinal proteome profiling of inherited retinal degeneration across three different mouse models suggests common drug targets in retinitis pigmentosa,10.5061/dryad.c2fqz61pc,4,4,True,official_file_listing_confirmed,19,7826521,7,protDDA_P23H.csv,1137234,text/csv,True,copied
dryad_ird_mouse_proteome,Retinal proteome profiling of inherited retinal degeneration across three different mouse models suggests common drug targets in retinitis pigmentosa,10.5061/dryad.c2fqz61pc,4,4,True,official_file_listing_confirmed,19,7826521,8,protDDA_Rd10_CLR.csv,695720,text/csv,True,copied
dryad_ird_mouse_proteome,Retinal proteome profiling of inherited retinal degeneration across three different mouse models suggests common drug targets in retinitis pigmentosa,10.5061/dryad.c2fqz61pc,4,4,True,official_file_listing_confirmed,19,7826521,9,protDDA_Rd10_DR.csv,1152292,text/csv,True,copied
dryad_ird_mouse_proteome,Retinal proteome profiling of inherited retinal degeneration across three different mouse models suggests common drug targets in retinitis pigmentosa,10.5061/dryad.c2fqz61pc,4,4,True,official_file_listing_confirmed,19,7826521,10,protDDA_RPE65_KO.csv,733969,text/csv,True,copied
dryad_ird_mouse_proteome,Retinal proteome profiling of inherited retinal degeneration across three different mouse models suggests common drug targets in retinitis pigmentosa,10.5061/dryad.c2fqz61pc,4,4,True,official_file_listing_confirmed,19,7826521,11,protDIA_P23H.csv,2499977,text/csv,True,copied
dryad_ird_mouse_proteome,Retinal proteome profiling of inherited retinal degeneration across three different mouse models suggests common drug targets in retinitis pigmentosa,10.5061/dryad.c2fqz61pc,4,4,True,official_file_listing_confirmed,19,7826521,12,protDIA_Rd10_DR.csv,1503384,text/csv,True,copied
dryad_ird_mouse_proteome,Retinal proteome profiling of inherited retinal degeneration across three different mouse models suggests common drug targets in retinitis pigmentosa,10.5061/dryad.c2fqz61pc,4,4,True,official_file_listing_confirmed,19,7826521,13,README.md,13289,text/markdown,True,created
dryad_ird_mouse_proteome,Retinal proteome profiling of inherited retinal degeneration across three different mouse models suggests common drug targets in retinitis pigmentosa,10.5061/dryad.c2fqz61pc,4,4,True,official_file_listing_confirmed,19,7826521,14,UCI_DDA_P23H_cohort_1.csv,2341,text/csv,True,copied
dryad_ird_mouse_proteome,Retinal proteome profiling of inherited retinal degeneration across three different mouse models suggests common drug targets in retinitis pigmentosa,10.5061/dryad.c2fqz61pc,4,4,True,official_file_listing_confirmed,19,7826521,15,UCI_DDA_rd10_CLR_cohort_1.csv,2301,text/csv,True,copied
dryad_ird_mouse_proteome,Retinal proteome profiling of inherited retinal degeneration across three different mouse models suggests common drug targets in retinitis pigmentosa,10.5061/dryad.c2fqz61pc,4,4,True,official_file_listing_confirmed,19,7826521,16,UCI_DDA_rd10_DR_cohort_2.csv,1701,text/csv,True,copied
dryad_ird_mouse_proteome,Retinal proteome profiling of inherited retinal degeneration across three different mouse models suggests common drug targets in retinitis pigmentosa,10.5061/dryad.c2fqz61pc,4,4,True,official_file_listing_confirmed,19,7826521,17,UCI_DDA_Rpe65-KO_cohort_1.csv,1104,text/csv,True,copied
dryad_ird_mouse_proteome,Retinal proteome profiling of inherited retinal degeneration across three different mouse models suggests common drug targets in retinitis pigmentosa,10.5061/dryad.c2fqz61pc,4,4,True,official_file_listing_confirmed,19,7826521,18,UEF_DIA_P23H_cohort_2.csv,1931,text/csv,True,copied
dryad_ird_mouse_proteome,Retinal proteome profiling of inherited retinal degeneration across three different mouse models suggests common drug targets in retinitis pigmentosa,10.5061/dryad.c2fqz61pc,4,4,True,official_file_listing_confirmed,19,7826521,19,UEF_DIA_rd10_DR_cohort_3.csv,1740,text/csv,True,copied
dryad_iris_surface_features,Iris Surface Features Dataset,10.5061/dryad.0kt87,1,1,True,official_file_listing_confirmed,1,155993,1,Iris features data.xlsx,155993,application/vnd.openxmlformats-officedocument.spreadsheetml.sheet,True,created
dryad_j0707ztm,Early removal of senescent cells protects retinal ganglion cells loss in experimental ocular hypertension,10.6075/j0707ztm,4,4,True,official_file_listing_confirmed,1,313138,1,Rocha_DSK_raw.xlsx,313138,application/vnd.openxmlformats-officedocument.spreadsheetml.sheet,True,copied
dryad_karachi_cataract_outcomes,Karachi Cataract Surgery Quality Dataset,10.5061/dryad.7q5c7,1,1,True,official_file_listing_confirmed,1,8591,1,KarachiFishing_PlosOne.csv,8591,text/csv,True,created
dryad_lens_fluorescence_twins,Long-term development of lens fluorescence in a twin cohort: Heritability and effects of age and lifestyle,10.5061/dryad.mcvdnck22,4,4,True,official_file_listing_confirmed,1,19907,1,Data_for_repository_paper_1_v3.xlsx,19907,application/vnd.openxmlformats-officedocument.spreadsheetml.sheet,True,copied
dryad_lvpei_cataract_outcomes,LVPEI Cataract Surgery Outcome Dataset,10.5061/dryad.71hp4,1,1,True,official_file_listing_confirmed,1,452222,1,Outcome_data.dta,452222,application/octet-stream,True,created
dryad_macaque_cone_ratio,Rhesus macaque cone ratio heritability,10.5061/dryad.gf1vhhmsc,4,4,True,official_file_listing_confirmed,3,492530,1,ddPCR_DataToD.csv,24487,text/csv,True,copied
dryad_macaque_cone_ratio,Rhesus macaque cone ratio heritability,10.5061/dryad.gf1vhhmsc,4,4,True,official_file_listing_confirmed,3,492530,2,PedigreeData_2022.csv,466105,text/csv,True,copied
dryad_macaque_cone_ratio,Rhesus macaque cone ratio heritability,10.5061/dryad.gf1vhhmsc,4,4,True,official_file_listing_confirmed,3,492530,3,README.md,1938,,True,created
dryad_moorfields_amd_1_2_year,One and two year visual outcomes from the Moorfields age-related macular degeneration database: a retrospective cohort study and an open science resource,10.5061/dryad.97r9289,4,4,True,official_file_listing_confirmed,2,3343064,1,Moorfields_AMD_Database_1.csv,3341530,text/csv,True,created
dryad_moorfields_amd_1_2_year,One and two year visual outcomes from the Moorfields age-related macular degeneration database: a retrospective cohort study and an open science resource,10.5061/dryad.97r9289,4,4,True,official_file_listing_confirmed,2,3343064,2,README_for_Moorfields_AMD_Database_1.rtf,1534,application/rtf,True,copied
dryad_moorfields_namd_fellow_eye,Moorfields nAMD Fellow-Eye Dataset,10.5061/dryad.4mw6m906b,7,7,True,official_file_listing_confirmed,2,15505168,1,Moorfields_AMD_Database_2_readme.rtf,2021,text/rtf,True,copied
dryad_moorfields_namd_fellow_eye,Moorfields nAMD Fellow-Eye Dataset,10.5061/dryad.4mw6m906b,7,7,True,official_file_listing_confirmed,2,15505168,2,Moorfields_AMD_Database_2.csv,15503147,text/csv,True,copied
dryad_mouse_all_optical_retina,All-Optical Retinal Degeneration Mouse Dataset,10.5061/dryad.7q37g6b,1,1,True,official_file_listing_confirmed,2,221621774,1,DataArchive.zip,221514534,application/zip,True,created
dryad_mouse_all_optical_retina,All-Optical Retinal Degeneration Mouse Dataset,10.5061/dryad.7q37g6b,1,1,True,official_file_listing_confirmed,2,221621774,2,README_for_DataArchive.docx,107240,application/vnd.openxmlformats-officedocument.wordprocessingml.document,True,created
dryad_mouse_oct_beam_tilt,Quantifying the influence of optical coherence tomography beam tilt in the normal adult mouse retina,10.5061/dryad.95x69p8th,3,3,True,official_file_listing_confirmed,2,4704522143,1,beam_tilt_data_for_Dryad.zip,4704516307,application/x-zip-compressed,True,copied
dryad_mouse_oct_beam_tilt,Quantifying the influence of optical coherence tomography beam tilt in the normal adult mouse retina,10.5061/dryad.95x69p8th,3,3,True,official_file_listing_confirmed,2,4704522143,2,README.md,5836,text/markdown,True,created
dryad_mouse_pupil_masking_retinal_deg,Pupil and masking responses to light as functional measures of retinal degeneration in mice Mus Musculus,10.5061/dryad.9kd51c5g5,2,2,True,official_file_listing_confirmed,3,52159706,1,ERG.pzf,29858453,application/x-graphpad-prism-pzf,True,copied
dryad_mouse_pupil_masking_retinal_deg,Pupil and masking responses to light as functional measures of retinal degeneration in mice Mus Musculus,10.5061/dryad.9kd51c5g5,2,2,True,official_file_listing_confirmed,3,52159706,2,Negative_masking.pzf,635913,application/x-graphpad-prism-pzf,True,copied
dryad_mouse_pupil_masking_retinal_deg,Pupil and masking responses to light as functional measures of retinal degeneration in mice Mus Musculus,10.5061/dryad.9kd51c5g5,2,2,True,official_file_listing_confirmed,3,52159706,3,PLR.pzf,21665340,application/x-graphpad-prism-pzf,True,copied
dryad_myopia_glaucoma_visual_field,Myopia and Glaucoma Visual Field Prognosis Dataset,10.5061/dryad.1n50q,1,1,True,official_file_listing_confirmed,1,77824,1,Data from Axial Myopia is asscoiated with Visual Field Prognosis of Primary Open-angle Glaucoma.xls,77824,application/vnd.ms-excel,True,created
dryad_namd_12_year_survival,Insights from survival analyses during 12 years of anti-VEGF therapy for neovascular age-related macular degeneration,10.5061/dryad.nvx0k6dqg,5,5,True,official_file_listing_confirmed,4,20325759,1,201025_anonymisation_SOP.docx,15675,application/vnd.openxmlformats-officedocument.wordprocessingml.document,True,copied
dryad_namd_12_year_survival,Insights from survival analyses during 12 years of anti-VEGF therapy for neovascular age-related macular degeneration,10.5061/dryad.nvx0k6dqg,5,5,True,official_file_listing_confirmed,4,20325759,2,201025_R_code_for_analysis.R,34949,application/octet-stream,True,copied
dryad_namd_12_year_survival,Insights from survival analyses during 12 years of anti-VEGF therapy for neovascular age-related macular degeneration,10.5061/dryad.nvx0k6dqg,5,5,True,official_file_listing_confirmed,4,20325759,3,MEH_AMD_survivaloutcomes_database.csv,20272808,text/csv,True,copied
dryad_namd_12_year_survival,Insights from survival analyses during 12 years of anti-VEGF therapy for neovascular age-related macular degeneration,10.5061/dryad.nvx0k6dqg,5,5,True,official_file_listing_confirmed,4,20325759,4,README_for_Moorfields_AMD_Database.rtf,2327,text/rtf,True,copied
dryad_namd_oct_longitudinal,Quantifying changes on optical coherence tomography in eyes receiving treatment for neovascular age-related macular degeneration,10.5061/dryad.8cz8w9h0v,11,11,True,official_file_listing_confirmed,2,15711999,1,AMD_longitudinal_MEH_v4.csv,15709224,text/csv,True,copied
dryad_namd_oct_longitudinal,Quantifying changes on optical coherence tomography in eyes receiving treatment for neovascular age-related macular degeneration,10.5061/dryad.8cz8w9h0v,11,11,True,official_file_listing_confirmed,2,15711999,2,README.md,2775,text/markdown,True,created
dryad_namd_oct_quant,Moorfields nAMD Quantitative OCT Biomarker Dataset,10.5061/dryad.2rbnzs7m4,,6,False,official_file_listing_confirmed,2,707701,1,AMD_baseline.csv,703016,text/csv,True,copied
dryad_namd_oct_quant,Moorfields nAMD Quantitative OCT Biomarker Dataset,10.5061/dryad.2rbnzs7m4,,6,False,official_file_listing_confirmed,2,707701,2,readme.txt,4685,text/plain,True,copied
dryad_namd_ten_year_survival,Ten-year survival trends of neovascular age-related macular degeneration at first presentation,10.5061/dryad.9cnp5hqfm,11,11,True,official_file_listing_confirmed,4,1045599,1,anon_annualoutcomes.R,7766,application/octet-stream,True,copied
dryad_namd_ten_year_survival,Ten-year survival trends of neovascular age-related macular degeneration at first presentation,10.5061/dryad.9cnp5hqfm,11,11,True,official_file_listing_confirmed,4,1045599,2,anon_survivalcurve.R,10836,application/octet-stream,True,copied
dryad_namd_ten_year_survival,Ten-year survival trends of neovascular age-related macular degeneration at first presentation,10.5061/dryad.9cnp5hqfm,11,11,True,official_file_listing_confirmed,4,1045599,3,Moorfields_AMD_Database_10_years_readme.rtf,3459,text/rtf,True,copied
dryad_namd_ten_year_survival,Ten-year survival trends of neovascular age-related macular degeneration at first presentation,10.5061/dryad.9cnp5hqfm,11,11,True,official_file_listing_confirmed,4,1045599,4,Moorfields_AMD_Database_10_years.csv,1023538,text/csv,True,copied
dryad_namd_visual_prediction,Moorfields nAMD Visual-Change Prediction Dataset,10.5061/dryad.573n5tb5d,,4,False,official_file_listing_confirmed,3,1498898,1,dataframe.csv,1489723,text/csv,True,copied
dryad_namd_visual_prediction,Moorfields nAMD Visual-Change Prediction Dataset,10.5061/dryad.573n5tb5d,,4,False,official_file_listing_confirmed,3,1498898,2,R_code_for_analysis.R,6302,application/octet-stream,True,copied
dryad_namd_visual_prediction,Moorfields nAMD Visual-Change Prediction Dataset,10.5061/dryad.573n5tb5d,,4,False,official_file_listing_confirmed,3,1498898,3,README.rtf,2873,text/rtf,True,copied
dryad_nhp_trachoma_immunity,Nonhuman Primate Trachoma Immune Dataset,10.5061/dryad.69p8cz982,3,3,True,official_file_listing_confirmed,2,1715551877,1,data_main_folder.zip,1715550138,application/x-zip-compressed,True,copied
dryad_nhp_trachoma_immunity,Nonhuman Primate Trachoma Immune Dataset,10.5061/dryad.69p8cz982,3,3,True,official_file_listing_confirmed,2,1715551877,2,README.md,1739,text/markdown,True,created
dryad_nigeria_cataract_services,Nigeria Cataract Services Dataset,10.5061/dryad.13bp2,1,1,True,official_file_listing_confirmed,2,418304,1,README_for_Wurno zone Sokoto Nigeria_2005.doc,62464,application/msword,True,created
dryad_nigeria_cataract_services,Nigeria Cataract Services Dataset,10.5061/dryad.13bp2,1,1,True,official_file_listing_confirmed,2,418304,2,Wurno zone Sokoto Nigeria_2005.xls,355840,application/vnd.ms-excel,True,created
dryad_ocular_chemical_injuries_shanghai,Clinical characteristics of patients hospitalized for ocular chemical injuries in Shanghai from 2012 to 2017,10.5061/dryad.9707661,3,3,True,official_file_listing_confirmed,1,25035,1,Data.xlsx,25035,application/vnd.openxmlformats-officedocument.spreadsheetml.sheet,True,copied
dryad_ocular_gvhd_mouse,Ocular graft vs host disease mouse model,10.5061/dryad.k6djh9w8z,5,5,True,official_file_listing_confirmed,2,119708,1,OGVHD_Raw_data_compiled.xlsx,116728,application/vnd.openxmlformats-officedocument.spreadsheetml.sheet,True,copied
dryad_ocular_gvhd_mouse,Ocular graft vs host disease mouse model,10.5061/dryad.k6djh9w8z,5,5,True,official_file_listing_confirmed,2,119708,2,README_OGVHDGilgerDATA.txt,2980,text/plain,True,created
dryad_ocular_surface_amr,Ocular Surface AMR Keratitis Dataset,10.5061/dryad.6t1g1jx9s,7,7,True,official_file_listing_confirmed,3,12880,1,CAPRICORN_Malawi_UCSF_counts_cpm_per_patient_AMR_classes.csv,6174,text/csv,True,copied
dryad_ocular_surface_amr,Ocular Surface AMR Keratitis Dataset,10.5061/dryad.6t1g1jx9s,7,7,True,official_file_listing_confirmed,3,12880,2,CAPRICORN_Malawi_UCSF_manuscript_data_share_metadata.csv,3811,text/csv,True,copied
dryad_ocular_surface_amr,Ocular Surface AMR Keratitis Dataset,10.5061/dryad.6t1g1jx9s,7,7,True,official_file_listing_confirmed,3,12880,3,README.md,2895,text/markdown,True,copied
dryad_optic_neuritis_metacontrast,Dichoptic metacontrast masking functions to infer transmission delay in optic neuritis,10.5061/dryad.cp4j7,1,1,True,official_file_listing_confirmed,1,309018,1,MetacontrastOpticNeuritis.zip,309018,application/zip,True,created
dryad_pediatric_corneal_endothelium,Corneal endothelial morphology of healthy myopic Malaysian children of Chinese ethnicity aged 8-9 years and its association with axial length,10.5061/dryad.hhmgqnkjc,5,5,True,official_file_listing_confirmed,2,19455,1,F1000_ECD_raw_data_submitted.xlsx,19006,application/vnd.openxmlformats-officedocument.spreadsheetml.sheet,True,copied
dryad_pediatric_corneal_endothelium,Corneal endothelial morphology of healthy myopic Malaysian children of Chinese ethnicity aged 8-9 years and its association with axial length,10.5061/dryad.hhmgqnkjc,5,5,True,official_file_listing_confirmed,2,19455,2,README.txt,449,text/plain,True,copied
dryad_pediatric_myopia_longitudinal,Axial length elongation and myopia incidence increase in primary school-age children: 3-year follow-up study,10.5061/dryad.d4mb3pn,3,3,True,official_file_listing_confirmed,1,155656,1,Data3.xlsx,155656,application/vnd.openxmlformats-officedocument.spreadsheetml.sheet,True,copied
dryad_pediatric_optical_quality,Intra- and intersession repeatability of an optical quality and intraocular scattering measurement system in children,10.5061/dryad.bm8nv,1,1,True,official_file_listing_confirmed,1,53725,1,data-Optical Quality Measurement in Children-1.xlsx,53725,application/vnd.openxmlformats-officedocument.spreadsheetml.sheet,True,created
dryad_pediatric_secondary_iol,Pediatric Secondary IOL Outcome Dataset,10.5061/dryad.5t9d1,1,1,True,official_file_listing_confirmed,1,21814,1,Data for secondary IOL implantation.xlsx,21814,application/vnd.openxmlformats-officedocument.spreadsheetml.sheet,True,created
dryad_pg4f4qrwf,Genotype-phenotype associations in CRB1 bi-allelic patients: a novel mutation and a systematic review,10.5061/dryad.pg4f4qrwf,4,4,True,official_file_listing_confirmed,5,79049,1,CRB1_DRYAD_CATEGORICAL_VARIABLES_CODE.txt,3119,text/plain,True,created
dryad_pg4f4qrwf,Genotype-phenotype associations in CRB1 bi-allelic patients: a novel mutation and a systematic review,10.5061/dryad.pg4f4qrwf,4,4,True,official_file_listing_confirmed,5,79049,2,CRB1_DRYAD_CONTINUOUS_VARIABLES_UNITS.txt,290,text/plain,True,created
dryad_pg4f4qrwf,Genotype-phenotype associations in CRB1 bi-allelic patients: a novel mutation and a systematic review,10.5061/dryad.pg4f4qrwf,4,4,True,official_file_listing_confirmed,5,79049,3,CRB1_dryad_DATA.csv,72179,text/csv,True,copied
dryad_pg4f4qrwf,Genotype-phenotype associations in CRB1 bi-allelic patients: a novel mutation and a systematic review,10.5061/dryad.pg4f4qrwf,4,4,True,official_file_listing_confirmed,5,79049,4,CRB1_DRYAD_VARIABLE_VIEW.txt,2147,text/plain,True,created
dryad_pg4f4qrwf,Genotype-phenotype associations in CRB1 bi-allelic patients: a novel mutation and a systematic review,10.5061/dryad.pg4f4qrwf,4,4,True,official_file_listing_confirmed,5,79049,5,README.md,1314,,True,created
dryad_pk0p2ngzh,Morphometric analysis of retinal ganglionic cells (3D confocal images) analyzed using filament tracer from Imaris software,10.5061/dryad.pk0p2ngzh,6,6,True,official_file_listing_confirmed,12,37594711764,1,Data_set_1_morphometric_parameters_of_the_retinal_ganglion_cells_analysed.xlsx,41312,application/vnd.openxmlformats-officedocument.spreadsheetml.sheet,True,copied
dryad_pk0p2ngzh,Morphometric analysis of retinal ganglionic cells (3D confocal images) analyzed using filament tracer from Imaris software,10.5061/dryad.pk0p2ngzh,6,6,True,official_file_listing_confirmed,12,37594711764,2,FAC1.zip,755717007,application/zip,True,copied
dryad_pk0p2ngzh,Morphometric analysis of retinal ganglionic cells (3D confocal images) analyzed using filament tracer from Imaris software,10.5061/dryad.pk0p2ngzh,6,6,True,official_file_listing_confirmed,12,37594711764,3,FAC2.zip,410418227,application/zip,True,copied
dryad_pk0p2ngzh,Morphometric analysis of retinal ganglionic cells (3D confocal images) analyzed using filament tracer from Imaris software,10.5061/dryad.pk0p2ngzh,6,6,True,official_file_listing_confirmed,12,37594711764,4,FAC3.zip,3587353352,application/zip,True,copied
dryad_pk0p2ngzh,Morphometric analysis of retinal ganglionic cells (3D confocal images) analyzed using filament tracer from Imaris software,10.5061/dryad.pk0p2ngzh,6,6,True,official_file_listing_confirmed,12,37594711764,5,FAC4.zip,1411438907,application/zip,True,copied
dryad_pk0p2ngzh,Morphometric analysis of retinal ganglionic cells (3D confocal images) analyzed using filament tracer from Imaris software,10.5061/dryad.pk0p2ngzh,6,6,True,official_file_listing_confirmed,12,37594711764,6,FAC5.zip,1915892532,application/zip,True,copied
dryad_pk0p2ngzh,Morphometric analysis of retinal ganglionic cells (3D confocal images) analyzed using filament tracer from Imaris software,10.5061/dryad.pk0p2ngzh,6,6,True,official_file_listing_confirmed,12,37594711764,7,FMC1.zip,4475101641,application/zip,True,copied
dryad_pk0p2ngzh,Morphometric analysis of retinal ganglionic cells (3D confocal images) analyzed using filament tracer from Imaris software,10.5061/dryad.pk0p2ngzh,6,6,True,official_file_listing_confirmed,12,37594711764,8,FMC2.zip,4925556071,application/zip,True,copied
dryad_pk0p2ngzh,Morphometric analysis of retinal ganglionic cells (3D confocal images) analyzed using filament tracer from Imaris software,10.5061/dryad.pk0p2ngzh,6,6,True,official_file_listing_confirmed,12,37594711764,9,FMC3.zip,8146731874,application/zip,True,copied
dryad_pk0p2ngzh,Morphometric analysis of retinal ganglionic cells (3D confocal images) analyzed using filament tracer from Imaris software,10.5061/dryad.pk0p2ngzh,6,6,True,official_file_listing_confirmed,12,37594711764,10,FMC4.zip,2872814325,application/zip,True,copied
dryad_pk0p2ngzh,Morphometric analysis of retinal ganglionic cells (3D confocal images) analyzed using filament tracer from Imaris software,10.5061/dryad.pk0p2ngzh,6,6,True,official_file_listing_confirmed,12,37594711764,11,FMC5.zip,9093642010,application/zip,True,copied
dryad_pk0p2ngzh,Morphometric analysis of retinal ganglionic cells (3D confocal images) analyzed using filament tracer from Imaris software,10.5061/dryad.pk0p2ngzh,6,6,True,official_file_listing_confirmed,12,37594711764,12,README.md,4506,text/markdown,True,created
dryad_pk31jt2,Data from: Low incidence of choroidal neovascularization following subthreshold diode micropulse laser (SDM) in high-risk AMD,10.5061/dryad.pk31jt2,1,1,True,official_file_listing_confirmed,1,64398,1,CNV study Updated Excel Dryad  .xlsx,64398,application/vnd.openxmlformats-officedocument.spreadsheetml.sheet,True,created
dryad_pnvx0k6hv,Time trends and associated factors of axial length in 4 and 5 year-olds children in Shanghai from 2013 to 2019,10.5061/dryad.pnvx0k6hv,3,3,True,official_file_listing_confirmed,1,177499,1,Data.xlsx,177499,application/vnd.openxmlformats-officedocument.spreadsheetml.sheet,True,copied
dryad_preeclampsia_ocular_octa,Plane wave ultrasound and OCT angiography of the eye in preeclampsia,10.5061/dryad.j0zpc86kg,4,4,True,official_file_listing_confirmed,2,52502,1,PE_ran.sav,50127,,True,copied
dryad_preeclampsia_ocular_octa,Plane wave ultrasound and OCT angiography of the eye in preeclampsia,10.5061/dryad.j0zpc86kg,4,4,True,official_file_listing_confirmed,2,52502,2,README.md,2375,text/markdown,True,created
dryad_primate_on_dsgc,Primate ON Direction-Selective Ganglion Cell Dataset,10.5061/dryad.47d7wm3kx,4,4,True,official_file_listing_confirmed,13,64655258350,1,EDF_1.zip,22323185843,application/x-zip-compressed,True,copied
dryad_primate_on_dsgc,Primate ON Direction-Selective Ganglion Cell Dataset,10.5061/dryad.47d7wm3kx,4,4,True,official_file_listing_confirmed,13,64655258350,2,EDF_2.zip,1170171105,application/x-zip-compressed,True,copied
dryad_primate_on_dsgc,Primate ON Direction-Selective Ganglion Cell Dataset,10.5061/dryad.47d7wm3kx,4,4,True,official_file_listing_confirmed,13,64655258350,3,EDF_3.zip,433093007,application/x-zip-compressed,True,copied
dryad_primate_on_dsgc,Primate ON Direction-Selective Ganglion Cell Dataset,10.5061/dryad.47d7wm3kx,4,4,True,official_file_listing_confirmed,13,64655258350,4,EDF_4.zip,302,application/x-zip-compressed,True,copied
dryad_primate_on_dsgc,Primate ON Direction-Selective Ganglion Cell Dataset,10.5061/dryad.47d7wm3kx,4,4,True,official_file_listing_confirmed,13,64655258350,5,EDF_5.zip,317709992,application/zip,True,copied
dryad_primate_on_dsgc,Primate ON Direction-Selective Ganglion Cell Dataset,10.5061/dryad.47d7wm3kx,4,4,True,official_file_listing_confirmed,13,64655258350,6,EDF_6.zip,1133,application/zip,True,created
dryad_primate_on_dsgc,Primate ON Direction-Selective Ganglion Cell Dataset,10.5061/dryad.47d7wm3kx,4,4,True,official_file_listing_confirmed,13,64655258350,7,EDF_7.zip,187106780,application/x-zip-compressed,True,copied
dryad_primate_on_dsgc,Primate ON Direction-Selective Ganglion Cell Dataset,10.5061/dryad.47d7wm3kx,4,4,True,official_file_listing_confirmed,13,64655258350,8,EDF_8.zip,1476963643,application/x-zip-compressed,True,copied
dryad_primate_on_dsgc,Primate ON Direction-Selective Ganglion Cell Dataset,10.5061/dryad.47d7wm3kx,4,4,True,official_file_listing_confirmed,13,64655258350,9,Figure_1.zip,24138369688,application/x-zip-compressed,True,copied
dryad_primate_on_dsgc,Primate ON Direction-Selective Ganglion Cell Dataset,10.5061/dryad.47d7wm3kx,4,4,True,official_file_listing_confirmed,13,64655258350,10,Figure_2.zip,1021630683,application/x-zip-compressed,True,copied
dryad_primate_on_dsgc,Primate ON Direction-Selective Ganglion Cell Dataset,10.5061/dryad.47d7wm3kx,4,4,True,official_file_listing_confirmed,13,64655258350,11,Figure_3.zip,10019365937,application/x-zip-compressed,True,copied
dryad_primate_on_dsgc,Primate ON Direction-Selective Ganglion Cell Dataset,10.5061/dryad.47d7wm3kx,4,4,True,official_file_listing_confirmed,13,64655258350,12,Figure_4.zip,3567655322,application/x-zip-compressed,True,copied
dryad_primate_on_dsgc,Primate ON Direction-Selective Ganglion Cell Dataset,10.5061/dryad.47d7wm3kx,4,4,True,official_file_listing_confirmed,13,64655258350,13,README.md,4915,text/markdown,True,created
dryad_prpf31_gene_augmentation,Gene augmentation prevents retinal degeneration in a CRISPR/Cas9-based mouse model of PRPF31 retinitis pigmentosa,10.5061/dryad.bcc2fqzf1,6,6,True,official_file_listing_confirmed,39,265506337,1,1OD_S2_L001_R1_001.fastq.gz,4696331,application/x-gzip,True,copied
dryad_prpf31_gene_augmentation,Gene augmentation prevents retinal degeneration in a CRISPR/Cas9-based mouse model of PRPF31 retinitis pigmentosa,10.5061/dryad.bcc2fqzf1,6,6,True,official_file_listing_confirmed,39,265506337,2,1OD_S2_L001_R2_001.fastq.gz,5101568,application/x-gzip,True,copied
dryad_prpf31_gene_augmentation,Gene augmentation prevents retinal degeneration in a CRISPR/Cas9-based mouse model of PRPF31 retinitis pigmentosa,10.5061/dryad.bcc2fqzf1,6,6,True,official_file_listing_confirmed,39,265506337,3,1OS_S5_L001_R1_001.fastq.gz,6383353,application/x-gzip,True,copied
dryad_prpf31_gene_augmentation,Gene augmentation prevents retinal degeneration in a CRISPR/Cas9-based mouse model of PRPF31 retinitis pigmentosa,10.5061/dryad.bcc2fqzf1,6,6,True,official_file_listing_confirmed,39,265506337,4,1OS_S5_L001_R2_001.fastq.gz,7192649,application/x-gzip,True,copied
dryad_prpf31_gene_augmentation,Gene augmentation prevents retinal degeneration in a CRISPR/Cas9-based mouse model of PRPF31 retinitis pigmentosa,10.5061/dryad.bcc2fqzf1,6,6,True,official_file_listing_confirmed,39,265506337,5,2OD_S1_L001_R1_001.fastq.gz,6062951,application/x-gzip,True,copied
dryad_prpf31_gene_augmentation,Gene augmentation prevents retinal degeneration in a CRISPR/Cas9-based mouse model of PRPF31 retinitis pigmentosa,10.5061/dryad.bcc2fqzf1,6,6,True,official_file_listing_confirmed,39,265506337,6,2OD_S1_L001_R2_001.fastq.gz,6773911,application/x-gzip,True,copied
dryad_prpf31_gene_augmentation,Gene augmentation prevents retinal degeneration in a CRISPR/Cas9-based mouse model of PRPF31 retinitis pigmentosa,10.5061/dryad.bcc2fqzf1,6,6,True,official_file_listing_confirmed,39,265506337,7,2OS_S3_L001_R1_001.fastq.gz,6355626,application/x-gzip,True,copied
dryad_prpf31_gene_augmentation,Gene augmentation prevents retinal degeneration in a CRISPR/Cas9-based mouse model of PRPF31 retinitis pigmentosa,10.5061/dryad.bcc2fqzf1,6,6,True,official_file_listing_confirmed,39,265506337,8,2OS_S3_L001_R2_001.fastq.gz,7336535,application/x-gzip,True,copied
dryad_prpf31_gene_augmentation,Gene augmentation prevents retinal degeneration in a CRISPR/Cas9-based mouse model of PRPF31 retinitis pigmentosa,10.5061/dryad.bcc2fqzf1,6,6,True,official_file_listing_confirmed,39,265506337,9,3OD_S4_L001_R1_001.fastq.gz,5853517,application/x-gzip,True,copied
dryad_prpf31_gene_augmentation,Gene augmentation prevents retinal degeneration in a CRISPR/Cas9-based mouse model of PRPF31 retinitis pigmentosa,10.5061/dryad.bcc2fqzf1,6,6,True,official_file_listing_confirmed,39,265506337,10,3OD_S4_L001_R2_001.fastq.gz,6574637,application/x-gzip,True,copied
dryad_prpf31_gene_augmentation,Gene augmentation prevents retinal degeneration in a CRISPR/Cas9-based mouse model of PRPF31 retinitis pigmentosa,10.5061/dryad.bcc2fqzf1,6,6,True,official_file_listing_confirmed,39,265506337,11,3OS_S6_L001_R1_001.fastq.gz,6062494,application/x-gzip,True,copied
dryad_prpf31_gene_augmentation,Gene augmentation prevents retinal degeneration in a CRISPR/Cas9-based mouse model of PRPF31 retinitis pigmentosa,10.5061/dryad.bcc2fqzf1,6,6,True,official_file_listing_confirmed,39,265506337,12,3OS_S6_L001_R2_001.fastq.gz,6820482,application/x-gzip,True,copied
dryad_prpf31_gene_augmentation,Gene augmentation prevents retinal degeneration in a CRISPR/Cas9-based mouse model of PRPF31 retinitis pigmentosa,10.5061/dryad.bcc2fqzf1,6,6,True,official_file_listing_confirmed,39,265506337,13,5wCas9IVT-1_S7_L001_R1_001.fastq.gz,5451607,application/x-gzip,True,copied
dryad_prpf31_gene_augmentation,Gene augmentation prevents retinal degeneration in a CRISPR/Cas9-based mouse model of PRPF31 retinitis pigmentosa,10.5061/dryad.bcc2fqzf1,6,6,True,official_file_listing_confirmed,39,265506337,14,5wCas9IVT-1_S7_L001_R2_001.fastq.gz,5135285,application/x-gzip,True,copied
dryad_prpf31_gene_augmentation,Gene augmentation prevents retinal degeneration in a CRISPR/Cas9-based mouse model of PRPF31 retinitis pigmentosa,10.5061/dryad.bcc2fqzf1,6,6,True,official_file_listing_confirmed,39,265506337,15,5wCas9IVT-2_S1_L001_R1_001.fastq.gz,9425106,application/x-gzip,True,copied
dryad_prpf31_gene_augmentation,Gene augmentation prevents retinal degeneration in a CRISPR/Cas9-based mouse model of PRPF31 retinitis pigmentosa,10.5061/dryad.bcc2fqzf1,6,6,True,official_file_listing_confirmed,39,265506337,16,5wCas9IVT-2_S1_L001_R2_001.fastq.gz,9468770,application/x-gzip,True,copied
dryad_prpf31_gene_augmentation,Gene augmentation prevents retinal degeneration in a CRISPR/Cas9-based mouse model of PRPF31 retinitis pigmentosa,10.5061/dryad.bcc2fqzf1,6,6,True,official_file_listing_confirmed,39,265506337,17,5wCas9IVT-3_S2_L001_R1_001.fastq.gz,9644841,application/x-gzip,True,copied
dryad_prpf31_gene_augmentation,Gene augmentation prevents retinal degeneration in a CRISPR/Cas9-based mouse model of PRPF31 retinitis pigmentosa,10.5061/dryad.bcc2fqzf1,6,6,True,official_file_listing_confirmed,39,265506337,18,5wCas9IVT-3_S2_L001_R2_001.fastq.gz,9808207,application/x-gzip,True,copied
dryad_prpf31_gene_augmentation,Gene augmentation prevents retinal degeneration in a CRISPR/Cas9-based mouse model of PRPF31 retinitis pigmentosa,10.5061/dryad.bcc2fqzf1,6,6,True,official_file_listing_confirmed,39,265506337,19,5wCas9SRi-1_S5_L001_R1_001.fastq.gz,10085839,application/x-gzip,True,copied
dryad_prpf31_gene_augmentation,Gene augmentation prevents retinal degeneration in a CRISPR/Cas9-based mouse model of PRPF31 retinitis pigmentosa,10.5061/dryad.bcc2fqzf1,6,6,True,official_file_listing_confirmed,39,265506337,20,5wCas9SRi-1_S5_L001_R2_001.fastq.gz,9914985,application/x-gzip,True,copied
dryad_prpf31_gene_augmentation,Gene augmentation prevents retinal degeneration in a CRISPR/Cas9-based mouse model of PRPF31 retinitis pigmentosa,10.5061/dryad.bcc2fqzf1,6,6,True,official_file_listing_confirmed,39,265506337,21,5wCas9SRi-2_S6_L001_R1_001.fastq.gz,10979107,application/x-gzip,True,copied
dryad_prpf31_gene_augmentation,Gene augmentation prevents retinal degeneration in a CRISPR/Cas9-based mouse model of PRPF31 retinitis pigmentosa,10.5061/dryad.bcc2fqzf1,6,6,True,official_file_listing_confirmed,39,265506337,22,5wCas9SRi-2_S6_L001_R2_001.fastq.gz,10933472,application/x-gzip,True,copied
dryad_prpf31_gene_augmentation,Gene augmentation prevents retinal degeneration in a CRISPR/Cas9-based mouse model of PRPF31 retinitis pigmentosa,10.5061/dryad.bcc2fqzf1,6,6,True,official_file_listing_confirmed,39,265506337,23,5wCas9SRi-3_S3_L001_R1_001.fastq.gz,10475049,application/x-gzip,True,copied
dryad_prpf31_gene_augmentation,Gene augmentation prevents retinal degeneration in a CRISPR/Cas9-based mouse model of PRPF31 retinitis pigmentosa,10.5061/dryad.bcc2fqzf1,6,6,True,official_file_listing_confirmed,39,265506337,24,5wCas9SRi-3_S3_L001_R2_001.fastq.gz,10181736,application/x-gzip,True,copied
dryad_prpf31_gene_augmentation,Gene augmentation prevents retinal degeneration in a CRISPR/Cas9-based mouse model of PRPF31 retinitis pigmentosa,10.5061/dryad.bcc2fqzf1,6,6,True,official_file_listing_confirmed,39,265506337,25,5wgh-5OS_S8_L001_R1_001.fastq.gz,9306730,application/x-gzip,True,copied
dryad_prpf31_gene_augmentation,Gene augmentation prevents retinal degeneration in a CRISPR/Cas9-based mouse model of PRPF31 retinitis pigmentosa,10.5061/dryad.bcc2fqzf1,6,6,True,official_file_listing_confirmed,39,265506337,26,5wgh-5OS_S8_L001_R2_001.fastq.gz,9888851,application/x-gzip,True,copied
dryad_prpf31_gene_augmentation,Gene augmentation prevents retinal degeneration in a CRISPR/Cas9-based mouse model of PRPF31 retinitis pigmentosa,10.5061/dryad.bcc2fqzf1,6,6,True,official_file_listing_confirmed,39,265506337,27,5wgh-6OS_S4_L001_R1_001.fastq.gz,14592845,application/x-gzip,True,copied
dryad_prpf31_gene_augmentation,Gene augmentation prevents retinal degeneration in a CRISPR/Cas9-based mouse model of PRPF31 retinitis pigmentosa,10.5061/dryad.bcc2fqzf1,6,6,True,official_file_listing_confirmed,39,265506337,28,5wgh-6OS_S4_L001_R2_001.fastq.gz,14095796,application/x-gzip,True,copied
dryad_prpf31_gene_augmentation,Gene augmentation prevents retinal degeneration in a CRISPR/Cas9-based mouse model of PRPF31 retinitis pigmentosa,10.5061/dryad.bcc2fqzf1,6,6,True,official_file_listing_confirmed,39,265506337,29,5wgh-7OS_S1_L001_R1_001.fastq.gz,4593926,application/x-gzip,True,copied
dryad_prpf31_gene_augmentation,Gene augmentation prevents retinal degeneration in a CRISPR/Cas9-based mouse model of PRPF31 retinitis pigmentosa,10.5061/dryad.bcc2fqzf1,6,6,True,official_file_listing_confirmed,39,265506337,30,5wgh-7OS_S1_L001_R2_001.fastq.gz,5007329,application/x-gzip,True,copied
dryad_prpf31_gene_augmentation,Gene augmentation prevents retinal degeneration in a CRISPR/Cas9-based mouse model of PRPF31 retinitis pigmentosa,10.5061/dryad.bcc2fqzf1,6,6,True,official_file_listing_confirmed,39,265506337,31,7ab-1_S3_R1.cutadapt.fastq.gz,1826731,application/x-gzip,True,copied
dryad_prpf31_gene_augmentation,Gene augmentation prevents retinal degeneration in a CRISPR/Cas9-based mouse model of PRPF31 retinitis pigmentosa,10.5061/dryad.bcc2fqzf1,6,6,True,official_file_listing_confirmed,39,265506337,32,7ab-1_S3_R2.cutadapt.fastq.gz,1815064,application/x-gzip,True,copied
dryad_prpf31_gene_augmentation,Gene augmentation prevents retinal degeneration in a CRISPR/Cas9-based mouse model of PRPF31 retinitis pigmentosa,10.5061/dryad.bcc2fqzf1,6,6,True,official_file_listing_confirmed,39,265506337,33,7ab-2_S4_R1.cutadapt.fastq.gz,3333960,application/x-gzip,True,copied
dryad_prpf31_gene_augmentation,Gene augmentation prevents retinal degeneration in a CRISPR/Cas9-based mouse model of PRPF31 retinitis pigmentosa,10.5061/dryad.bcc2fqzf1,6,6,True,official_file_listing_confirmed,39,265506337,34,7ab-2_S4_R2.cutadapt.fastq.gz,3310172,application/x-gzip,True,copied
dryad_prpf31_gene_augmentation,Gene augmentation prevents retinal degeneration in a CRISPR/Cas9-based mouse model of PRPF31 retinitis pigmentosa,10.5061/dryad.bcc2fqzf1,6,6,True,official_file_listing_confirmed,39,265506337,35,7ab-3_S2_R1.cutadapt.fastq.gz,2789716,application/x-gzip,True,copied
dryad_prpf31_gene_augmentation,Gene augmentation prevents retinal degeneration in a CRISPR/Cas9-based mouse model of PRPF31 retinitis pigmentosa,10.5061/dryad.bcc2fqzf1,6,6,True,official_file_listing_confirmed,39,265506337,36,7ab-3_S2_R2.cutadapt.fastq.gz,2794086,application/x-gzip,True,copied
dryad_prpf31_gene_augmentation,Gene augmentation prevents retinal degeneration in a CRISPR/Cas9-based mouse model of PRPF31 retinitis pigmentosa,10.5061/dryad.bcc2fqzf1,6,6,True,official_file_listing_confirmed,39,265506337,37,7ab-4_S1_R1.cutadapt.fastq.gz,2696970,application/x-gzip,True,copied
dryad_prpf31_gene_augmentation,Gene augmentation prevents retinal degeneration in a CRISPR/Cas9-based mouse model of PRPF31 retinitis pigmentosa,10.5061/dryad.bcc2fqzf1,6,6,True,official_file_listing_confirmed,39,265506337,38,7ab-4_S1_R2.cutadapt.fastq.gz,2731158,application/x-gzip,True,copied
dryad_prpf31_gene_augmentation,Gene augmentation prevents retinal degeneration in a CRISPR/Cas9-based mouse model of PRPF31 retinitis pigmentosa,10.5061/dryad.bcc2fqzf1,6,6,True,official_file_listing_confirmed,39,265506337,39,README.txt,4945,text/plain,True,copied
dryad_pvd_diagnostic_oct,"Accuracy of biomicroscopy, ultrasonography and spectral-domain OCT in detection of complete posterior vitreous detachment",10.5061/dryad.h44j0zpnp,8,8,True,official_file_listing_confirmed,2,68301,1,Accuracy_of_BM_US_and_SD_OCT_in_detection_of_complete_PVD.xls,56832,application/vnd.ms-excel,True,copied
dryad_pvd_diagnostic_oct,"Accuracy of biomicroscopy, ultrasonography and spectral-domain OCT in detection of complete posterior vitreous detachment",10.5061/dryad.h44j0zpnp,8,8,True,official_file_listing_confirmed,2,68301,2,README.md,11469,text/markdown,True,created
dryad_pzgmsbcfw,Anti-vegf therapy in diabetic macular oedema patients over four years,10.5061/dryad.pzgmsbcfw,9,9,True,official_file_listing_confirmed,2,5116953,1,200319_DMO_report1_anonymised.csv,5099283,text/csv,True,copied
dryad_pzgmsbcfw,Anti-vegf therapy in diabetic macular oedema patients over four years,10.5061/dryad.pzgmsbcfw,9,9,True,official_file_listing_confirmed,2,5116953,2,r_code_for_analysis.R,17670,application/octet-stream,True,copied
dryad_pzgmsbcmk,Two-photon calcium recordings of cones,10.5061/dryad.pzgmsbcmk,3,3,True,official_file_listing_confirmed,13,873473805,1,Blue-cone_averaged_control.xlsx,218372256,application/vnd.openxmlformats-officedocument.spreadsheetml.sheet,True,copied
dryad_pzgmsbcmk,Two-photon calcium recordings of cones,10.5061/dryad.pzgmsbcmk,3,3,True,official_file_listing_confirmed,13,873473805,2,Blue-cone_QC_control.xlsx,19971,application/vnd.openxmlformats-officedocument.spreadsheetml.sheet,True,copied
dryad_pzgmsbcmk,Two-photon calcium recordings of cones,10.5061/dryad.pzgmsbcmk,3,3,True,official_file_listing_confirmed,13,873473805,3,Blue-cone_responses_control.xlsx,80352,application/vnd.openxmlformats-officedocument.spreadsheetml.sheet,True,copied
dryad_pzgmsbcmk,Two-photon calcium recordings of cones,10.5061/dryad.pzgmsbcmk,3,3,True,official_file_listing_confirmed,13,873473805,4,Green-cone_averaged_control.xlsx,213376782,application/vnd.openxmlformats-officedocument.spreadsheetml.sheet,True,copied
dryad_pzgmsbcmk,Two-photon calcium recordings of cones,10.5061/dryad.pzgmsbcmk,3,3,True,official_file_listing_confirmed,13,873473805,5,Green-cone_QC_control.xlsx,19218,application/vnd.openxmlformats-officedocument.spreadsheetml.sheet,True,copied
dryad_pzgmsbcmk,Two-photon calcium recordings of cones,10.5061/dryad.pzgmsbcmk,3,3,True,official_file_listing_confirmed,13,873473805,6,Green-cone_responses_control.xlsx,75208,application/vnd.openxmlformats-officedocument.spreadsheetml.sheet,True,copied
dryad_pzgmsbcmk,Two-photon calcium recordings of cones,10.5061/dryad.pzgmsbcmk,3,3,True,official_file_listing_confirmed,13,873473805,7,Readme.txt,764,text/plain,True,copied
dryad_pzgmsbcmk,Two-photon calcium recordings of cones,10.5061/dryad.pzgmsbcmk,3,3,True,official_file_listing_confirmed,13,873473805,8,Red-cone_averaged_control.xlsx,208604009,application/vnd.openxmlformats-officedocument.spreadsheetml.sheet,True,copied
dryad_pzgmsbcmk,Two-photon calcium recordings of cones,10.5061/dryad.pzgmsbcmk,3,3,True,official_file_listing_confirmed,13,873473805,9,Red-cone_QC_control.xlsx,19527,application/vnd.openxmlformats-officedocument.spreadsheetml.sheet,True,copied
dryad_pzgmsbcmk,Two-photon calcium recordings of cones,10.5061/dryad.pzgmsbcmk,3,3,True,official_file_listing_confirmed,13,873473805,10,Red-cone_responses_control.xlsx,77617,application/vnd.openxmlformats-officedocument.spreadsheetml.sheet,True,copied
dryad_pzgmsbcmk,Two-photon calcium recordings of cones,10.5061/dryad.pzgmsbcmk,3,3,True,official_file_listing_confirmed,13,873473805,11,UV-cone_averaged_control.xlsx,232726381,application/vnd.openxmlformats-officedocument.spreadsheetml.sheet,True,copied
dryad_pzgmsbcmk,Two-photon calcium recordings of cones,10.5061/dryad.pzgmsbcmk,3,3,True,official_file_listing_confirmed,13,873473805,12,UV-cone_QC_control.xlsx,20138,application/vnd.openxmlformats-officedocument.spreadsheetml.sheet,True,copied
dryad_pzgmsbcmk,Two-photon calcium recordings of cones,10.5061/dryad.pzgmsbcmk,3,3,True,official_file_listing_confirmed,13,873473805,13,UV-cone_responses_control.xlsx,81582,application/vnd.openxmlformats-officedocument.spreadsheetml.sheet,True,copied
dryad_q6rv0kz3,Asymmetric retinal direction tuning predicts optokinetic eye movements across stimulus conditions,10.7272/q6rv0kz3,6,6,True,official_file_listing_confirmed,19,692655940,1,Behavior_Format.html,3579,text/html,True,copied
dryad_q6rv0kz3,Asymmetric retinal direction tuning predicts optokinetic eye movements across stimulus conditions,10.7272/q6rv0kz3,6,6,True,official_file_listing_confirmed,19,692655940,2,CellAttached_2P_Format.html,3892,text/html,True,copied
dryad_q6rv0kz3,Asymmetric retinal direction tuning predicts optokinetic eye movements across stimulus conditions,10.7272/q6rv0kz3,6,6,True,official_file_listing_confirmed,19,692655940,3,CellAttached_Format.html,2950,text/html,True,copied
dryad_q6rv0kz3,Asymmetric retinal direction tuning predicts optokinetic eye movements across stimulus conditions,10.7272/q6rv0kz3,6,6,True,official_file_listing_confirmed,19,692655940,4,ConfocalImages_Format.html,2337,text/html,True,copied
dryad_q6rv0kz3,Asymmetric retinal direction tuning predicts optokinetic eye movements across stimulus conditions,10.7272/q6rv0kz3,6,6,True,official_file_listing_confirmed,19,692655940,5,CurrentClamp_Format.html,4794,text/html,True,copied
dryad_q6rv0kz3,Asymmetric retinal direction tuning predicts optokinetic eye movements across stimulus conditions,10.7272/q6rv0kz3,6,6,True,official_file_listing_confirmed,19,692655940,6,HarrisAndDunn_Behavior.mat,2449102,,True,copied
dryad_q6rv0kz3,Asymmetric retinal direction tuning predicts optokinetic eye movements across stimulus conditions,10.7272/q6rv0kz3,6,6,True,official_file_listing_confirmed,19,692655940,7,HarrisAndDunn_CellAttached_2P.mat,788175,,True,copied
dryad_q6rv0kz3,Asymmetric retinal direction tuning predicts optokinetic eye movements across stimulus conditions,10.7272/q6rv0kz3,6,6,True,official_file_listing_confirmed,19,692655940,8,HarrisAndDunn_CellAttached.mat,1322436,,True,copied
dryad_q6rv0kz3,Asymmetric retinal direction tuning predicts optokinetic eye movements across stimulus conditions,10.7272/q6rv0kz3,6,6,True,official_file_listing_confirmed,19,692655940,9,HarrisAndDunn_ConductanceModelParameters.mat,377120,,True,copied
dryad_q6rv0kz3,Asymmetric retinal direction tuning predicts optokinetic eye movements across stimulus conditions,10.7272/q6rv0kz3,6,6,True,official_file_listing_confirmed,19,692655940,10,HarrisAndDunn_ConfocalImages.mat,121467,,True,copied
dryad_q6rv0kz3,Asymmetric retinal direction tuning predicts optokinetic eye movements across stimulus conditions,10.7272/q6rv0kz3,6,6,True,official_file_listing_confirmed,19,692655940,11,HarrisAndDunn_CurrentClamp.mat,313711749,,True,copied
dryad_q6rv0kz3,Asymmetric retinal direction tuning predicts optokinetic eye movements across stimulus conditions,10.7272/q6rv0kz3,6,6,True,official_file_listing_confirmed,19,692655940,12,HarrisAndDunn_IncrementStimulus.mat,18973222,,True,copied
dryad_q6rv0kz3,Asymmetric retinal direction tuning predicts optokinetic eye movements across stimulus conditions,10.7272/q6rv0kz3,6,6,True,official_file_listing_confirmed,19,692655940,13,HarrisAndDunn_RetrogradeLabeling.mat,210492,,True,copied
dryad_q6rv0kz3,Asymmetric retinal direction tuning predicts optokinetic eye movements across stimulus conditions,10.7272/q6rv0kz3,6,6,True,official_file_listing_confirmed,19,692655940,14,HarrisAndDunn_VoltageClamp.mat,354661457,,True,copied
dryad_q6rv0kz3,Asymmetric retinal direction tuning predicts optokinetic eye movements across stimulus conditions,10.7272/q6rv0kz3,6,6,True,official_file_listing_confirmed,19,692655940,15,IncrementStimulus_Format.html,3000,text/html,True,copied
dryad_q6rv0kz3,Asymmetric retinal direction tuning predicts optokinetic eye movements across stimulus conditions,10.7272/q6rv0kz3,6,6,True,official_file_listing_confirmed,19,692655940,16,README.html,8906,text/html,True,copied
dryad_q6rv0kz3,Asymmetric retinal direction tuning predicts optokinetic eye movements across stimulus conditions,10.7272/q6rv0kz3,6,6,True,official_file_listing_confirmed,19,692655940,17,README.md,5058,,True,copied
dryad_q6rv0kz3,Asymmetric retinal direction tuning predicts optokinetic eye movements across stimulus conditions,10.7272/q6rv0kz3,6,6,True,official_file_listing_confirmed,19,692655940,18,RetrogradeLabeling_Format.html,1944,text/html,True,copied
dryad_q6rv0kz3,Asymmetric retinal direction tuning predicts optokinetic eye movements across stimulus conditions,10.7272/q6rv0kz3,6,6,True,official_file_listing_confirmed,19,692655940,19,VoltageClamp_Format.html,4260,text/html,True,copied
dryad_q6w37t8b,10x Lacrimal Gland scRNA seq data matrix,10.7272/q6w37t8b,1,1,True,official_file_listing_confirmed,6,15610092,1,E16_barcodes.tsv,7429,text/tab-separated-values,True,created
dryad_q6w37t8b,10x Lacrimal Gland scRNA seq data matrix,10.7272/q6w37t8b,1,1,True,official_file_listing_confirmed,6,15610092,2,E16_genes.tsv,734299,text/tab-separated-values,True,created
dryad_q6w37t8b,10x Lacrimal Gland scRNA seq data matrix,10.7272/q6w37t8b,1,1,True,official_file_listing_confirmed,6,15610092,3,E16_matrix.mtx,6354514,application/octet-stream,True,created
dryad_q6w37t8b,10x Lacrimal Gland scRNA seq data matrix,10.7272/q6w37t8b,1,1,True,official_file_listing_confirmed,6,15610092,4,P4_barcodes.tsv,11679,text/tab-separated-values,True,created
dryad_q6w37t8b,10x Lacrimal Gland scRNA seq data matrix,10.7272/q6w37t8b,1,1,True,official_file_listing_confirmed,6,15610092,5,P4_genes.tsv,734299,text/tab-separated-values,True,created
dryad_q6w37t8b,10x Lacrimal Gland scRNA seq data matrix,10.7272/q6w37t8b,1,1,True,official_file_listing_confirmed,6,15610092,6,P4_matrix.mtx,7767872,application/octet-stream,True,created
dryad_q83bk3jnw,Disease parameters following ocular herpes simplex virus type 1 infection are similar in male and female BALB/C mice,10.5061/dryad.q83bk3jnw,4,4,True,official_file_listing_confirmed,7,4289591,1,Blepharitis_Scores.xlsx,72334,application/vnd.openxmlformats-officedocument.spreadsheetml.sheet,True,created
dryad_q83bk3jnw,Disease parameters following ocular herpes simplex virus type 1 infection are similar in male and female BALB/C mice,10.5061/dryad.q83bk3jnw,4,4,True,official_file_listing_confirmed,7,4289591,2,MSA_recombinants_parentals_str17.txt,3895316,text/plain,True,copied
dryad_q83bk3jnw,Disease parameters following ocular herpes simplex virus type 1 infection are similar in male and female BALB/C mice,10.5061/dryad.q83bk3jnw,4,4,True,official_file_listing_confirmed,7,4289591,3,Neovascularization_Scores.xlsx,70474,application/vnd.openxmlformats-officedocument.spreadsheetml.sheet,True,copied
dryad_q83bk3jnw,Disease parameters following ocular herpes simplex virus type 1 infection are similar in male and female BALB/C mice,10.5061/dryad.q83bk3jnw,4,4,True,official_file_listing_confirmed,7,4289591,4,Neurological_Disease_Scores.xlsx,70585,application/vnd.openxmlformats-officedocument.spreadsheetml.sheet,True,copied
dryad_q83bk3jnw,Disease parameters following ocular herpes simplex virus type 1 infection are similar in male and female BALB/C mice,10.5061/dryad.q83bk3jnw,4,4,True,official_file_listing_confirmed,7,4289591,5,README.MD,3613,,True,created
dryad_q83bk3jnw,Disease parameters following ocular herpes simplex virus type 1 infection are similar in male and female BALB/C mice,10.5061/dryad.q83bk3jnw,4,4,True,official_file_listing_confirmed,7,4289591,6,Stromal_Keratitis_Scores.xlsx,72185,application/vnd.openxmlformats-officedocument.spreadsheetml.sheet,True,copied
dryad_q83bk3jnw,Disease parameters following ocular herpes simplex virus type 1 infection are similar in male and female BALB/C mice,10.5061/dryad.q83bk3jnw,4,4,True,official_file_listing_confirmed,7,4289591,7,Weights_Percent_Baseline.xlsx,105084,application/vnd.openxmlformats-officedocument.spreadsheetml.sheet,True,copied
dryad_qfttdz0dr,Association of APOE gene polymorphisms with primary open angle glaucoma in Brazilian patients,10.5061/dryad.qfttdz0dr,3,3,True,official_file_listing_confirmed,1,59357,1,Occhiutto_ML_et_al._APOE_Glaucoma_anonymized_data.xlsx,59357,application/vnd.openxmlformats-officedocument.spreadsheetml.sheet,True,copied
dryad_r4xgxd2nt,Restoration of cone circuit functionality in the regenerating adult zebrafish retina,10.5061/dryad.r4xgxd2nt,6,6,True,official_file_listing_confirmed,6,3340308791,1,CSV_files_and_matlab_codes.zip,57269279,application/x-zip-compressed,True,copied
dryad_r4xgxd2nt,Restoration of cone circuit functionality in the regenerating adult zebrafish retina,10.5061/dryad.r4xgxd2nt,6,6,True,official_file_listing_confirmed,6,3340308791,2,Opening_PXP_files.gif,36064836,image/gif,True,copied
dryad_r4xgxd2nt,Restoration of cone circuit functionality in the regenerating adult zebrafish retina,10.5061/dryad.r4xgxd2nt,6,6,True,official_file_listing_confirmed,6,3340308791,3,Opening_PXP_files.mp4,153531830,video/mp4,True,copied
dryad_r4xgxd2nt,Restoration of cone circuit functionality in the regenerating adult zebrafish retina,10.5061/dryad.r4xgxd2nt,6,6,True,official_file_listing_confirmed,6,3340308791,4,Pre-processed_2P_functional_data_Abraham_et_al.zip,1545292385,application/x-zip-compressed,True,copied
dryad_r4xgxd2nt,Restoration of cone circuit functionality in the regenerating adult zebrafish retina,10.5061/dryad.r4xgxd2nt,6,6,True,official_file_listing_confirmed,6,3340308791,5,README.md,29809,text/markdown,True,copied
dryad_r4xgxd2nt,Restoration of cone circuit functionality in the regenerating adult zebrafish retina,10.5061/dryad.r4xgxd2nt,6,6,True,official_file_listing_confirmed,6,3340308791,6,Unpacked_upxp_files.zip,1548120652,application/x-zip-compressed,True,copied
dryad_r7s04,"Data from: Prevalence of depression, anxiety, adjustment disorders, and somatoform disorders in patients with age-related macular degeneration in Germany",10.5061/dryad.r7s04,1,1,True,official_file_listing_confirmed,1,1253376,1,macula.xls,1253376,application/vnd.ms-excel,True,created
dryad_r7sqv9sqs,Deletion in CACNA1F gene causes X-linked progressive retinal atrophy in English Cocker Spaniel dogs,10.5061/dryad.r7sqv9sqs,4,4,True,official_file_listing_confirmed,11,139241181282,1,ECS_CACN.map,6299611,,True,copied
dryad_r7sqv9sqs,Deletion in CACNA1F gene causes X-linked progressive retinal atrophy in English Cocker Spaniel dogs,10.5061/dryad.r7sqv9sqs,4,4,True,official_file_listing_confirmed,11,139241181282,2,ECS_CACN.ped,7950852,,True,copied
dryad_r7sqv9sqs,Deletion in CACNA1F gene causes X-linked progressive retinal atrophy in English Cocker Spaniel dogs,10.5061/dryad.r7sqv9sqs,4,4,True,official_file_listing_confirmed,11,139241181282,3,ECS04.R1.fastq.gz,24582690090,application/x-gzip,True,copied
dryad_r7sqv9sqs,Deletion in CACNA1F gene causes X-linked progressive retinal atrophy in English Cocker Spaniel dogs,10.5061/dryad.r7sqv9sqs,4,4,True,official_file_listing_confirmed,11,139241181282,4,ECS04.R2.fastq.gz,25381353697,application/x-gzip,True,copied
dryad_r7sqv9sqs,Deletion in CACNA1F gene causes X-linked progressive retinal atrophy in English Cocker Spaniel dogs,10.5061/dryad.r7sqv9sqs,4,4,True,official_file_listing_confirmed,11,139241181282,5,ECS05_R1.fastq.gz,13688860863,application/x-gzip,True,copied
dryad_r7sqv9sqs,Deletion in CACNA1F gene causes X-linked progressive retinal atrophy in English Cocker Spaniel dogs,10.5061/dryad.r7sqv9sqs,4,4,True,official_file_listing_confirmed,11,139241181282,6,ECS05_R2.fastq.gz,14332539784,application/x-gzip,True,copied
dryad_r7sqv9sqs,Deletion in CACNA1F gene causes X-linked progressive retinal atrophy in English Cocker Spaniel dogs,10.5061/dryad.r7sqv9sqs,4,4,True,official_file_listing_confirmed,11,139241181282,7,ECS06_R1.fastq.gz,13437667532,application/x-gzip,True,copied
dryad_r7sqv9sqs,Deletion in CACNA1F gene causes X-linked progressive retinal atrophy in English Cocker Spaniel dogs,10.5061/dryad.r7sqv9sqs,4,4,True,official_file_listing_confirmed,11,139241181282,8,ECS06_R2.fastq.gz,14201739128,application/x-gzip,True,copied
dryad_r7sqv9sqs,Deletion in CACNA1F gene causes X-linked progressive retinal atrophy in English Cocker Spaniel dogs,10.5061/dryad.r7sqv9sqs,4,4,True,official_file_listing_confirmed,11,139241181282,9,ECS54_R1.fastq.gz,16403984587,application/x-gzip,True,copied
dryad_r7sqv9sqs,Deletion in CACNA1F gene causes X-linked progressive retinal atrophy in English Cocker Spaniel dogs,10.5061/dryad.r7sqv9sqs,4,4,True,official_file_listing_confirmed,11,139241181282,10,ECS54_R2.fastq.gz,17198092668,application/x-gzip,True,copied
dryad_r7sqv9sqs,Deletion in CACNA1F gene causes X-linked progressive retinal atrophy in English Cocker Spaniel dogs,10.5061/dryad.r7sqv9sqs,4,4,True,official_file_listing_confirmed,11,139241181282,11,README.md,2470,text/markdown,True,created
dryad_rao_multiomics,Data and code from: Fatty acid metabolism reprograms immune microenvironment in retinal artery occlusion: Multi-Omics analysis highlights immunometabolic crosstalk,10.5061/dryad.98sf7m0wt,4,4,True,official_file_listing_confirmed,4,19138637,1,Fatty_acid_metabolomics_code_and_related_data.zip,2444975,application/x-zip-compressed,True,copied
dryad_rao_multiomics,Data and code from: Fatty acid metabolism reprograms immune microenvironment in retinal artery occlusion: Multi-Omics analysis highlights immunometabolic crosstalk,10.5061/dryad.98sf7m0wt,4,4,True,official_file_listing_confirmed,4,19138637,2,Joint_analysis_code_of_metabolomics_and_transcriptomics_and_related_data.zip,5614212,application/x-zip-compressed,True,copied
dryad_rao_multiomics,Data and code from: Fatty acid metabolism reprograms immune microenvironment in retinal artery occlusion: Multi-Omics analysis highlights immunometabolic crosstalk,10.5061/dryad.98sf7m0wt,4,4,True,official_file_listing_confirmed,4,19138637,3,README.md,18836,text/markdown,True,created
dryad_rao_multiomics,Data and code from: Fatty acid metabolism reprograms immune microenvironment in retinal artery occlusion: Multi-Omics analysis highlights immunometabolic crosstalk,10.5061/dryad.98sf7m0wt,4,4,True,official_file_listing_confirmed,4,19138637,4,Transcriptomics_codes_and_related_data.zip,11060614,application/x-zip-compressed,True,copied
dryad_ravi_cataract_outcomes,RAVI Cataract Surgery Outcome Dataset,10.5061/dryad.4p55b,1,1,True,official_file_listing_confirmed,1,1216284,1,AP RAVI_Outcomes_gee.dta,1216284,application/octet-stream,True,created
dryad_retinal_explant_metabolomics,NMR spectroscopy-based metabolomics of organotypic retinal explants,10.5061/dryad.c2fqz61hr,4,4,True,official_file_listing_confirmed,2,9581295,1,README.md,4110,text/markdown,True,created
dryad_retinal_explant_metabolomics,NMR spectroscopy-based metabolomics of organotypic retinal explants,10.5061/dryad.c2fqz61hr,4,4,True,official_file_listing_confirmed,2,9581295,2,Retina_Metabolomics_raw_data_update.zip,9577185,application/x-zip-compressed,True,created
dryad_retinal_prosthesis_navigation,Visual and non-visual navigation in blind patients with a retinal prosthesis,10.5061/dryad.c6147,1,1,True,official_file_listing_confirmed,1,42615,1,SGKPGSRLDCMN_dataset.xlsx,42615,application/vnd.openxmlformats-officedocument.spreadsheetml.sheet,True,created
dryad_retinal_pufa_aging_mouse,Retinal polyunsaturated fatty acid supplementation reverses aging-related vision decline in mice,10.5061/dryad.gxd25480h,5,5,True,official_file_listing_confirmed,14,13798287,1,FPKM_12movs18mo_Elovl2.txt,10863014,text/plain,True,copied
dryad_retinal_pufa_aging_mouse,Retinal polyunsaturated fatty acid supplementation reverses aging-related vision decline in mice,10.5061/dryad.gxd25480h,5,5,True,official_file_listing_confirmed,14,13798287,2,POS_lipidomics_245_supp-4w.csv,135020,text/csv,True,copied
dryad_retinal_pufa_aging_mouse,Retinal polyunsaturated fatty acid supplementation reverses aging-related vision decline in mice,10.5061/dryad.gxd25480h,5,5,True,official_file_listing_confirmed,14,13798287,3,POS_lipidomics_245_supp-5d.csv,302879,text/csv,True,copied
dryad_retinal_pufa_aging_mouse,Retinal polyunsaturated fatty acid supplementation reverses aging-related vision decline in mice,10.5061/dryad.gxd25480h,5,5,True,official_file_listing_confirmed,14,13798287,4,POS_lipidomics_245_supp-9w.csv,176459,text/csv,True,copied
dryad_retinal_pufa_aging_mouse,Retinal polyunsaturated fatty acid supplementation reverses aging-related vision decline in mice,10.5061/dryad.gxd25480h,5,5,True,official_file_listing_confirmed,14,13798287,5,RAWCOUNTS_18mo_VEHvsSUPPL.txt,1867906,text/plain,True,copied
dryad_retinal_pufa_aging_mouse,Retinal polyunsaturated fatty acid supplementation reverses aging-related vision decline in mice,10.5061/dryad.gxd25480h,5,5,True,official_file_listing_confirmed,14,13798287,6,README.md,16570,text/markdown,True,copied
dryad_retinal_pufa_aging_mouse,Retinal polyunsaturated fatty acid supplementation reverses aging-related vision decline in mice,10.5061/dryad.gxd25480h,5,5,True,official_file_listing_confirmed,14,13798287,7,retina_lipidomics_3mo_vs_18mo.csv,71230,text/csv,True,copied
dryad_retinal_pufa_aging_mouse,Retinal polyunsaturated fatty acid supplementation reverses aging-related vision decline in mice,10.5061/dryad.gxd25480h,5,5,True,official_file_listing_confirmed,14,13798287,8,retina_lipidomics_Elovl2-2-M.csv,68555,text/csv,True,copied
dryad_retinal_pufa_aging_mouse,Retinal polyunsaturated fatty acid supplementation reverses aging-related vision decline in mice,10.5061/dryad.gxd25480h,5,5,True,official_file_listing_confirmed,14,13798287,9,retina_lipidomics_Elovl2-3-F.csv,58390,text/csv,True,copied
dryad_retinal_pufa_aging_mouse,Retinal polyunsaturated fatty acid supplementation reverses aging-related vision decline in mice,10.5061/dryad.gxd25480h,5,5,True,official_file_listing_confirmed,14,13798287,10,retina_lipidomics_Elovl2.csv,56312,text/csv,True,copied
dryad_retinal_pufa_aging_mouse,Retinal polyunsaturated fatty acid supplementation reverses aging-related vision decline in mice,10.5061/dryad.gxd25480h,5,5,True,official_file_listing_confirmed,14,13798287,11,retina_proteins_quantification_3mo_vs_18mo.csv,6708,text/csv,True,copied
dryad_retinal_pufa_aging_mouse,Retinal polyunsaturated fatty acid supplementation reverses aging-related vision decline in mice,10.5061/dryad.gxd25480h,5,5,True,official_file_listing_confirmed,14,13798287,12,retina_tFA_Elovl2.csv,3311,text/csv,True,copied
dryad_retinal_pufa_aging_mouse,Retinal polyunsaturated fatty acid supplementation reverses aging-related vision decline in mice,10.5061/dryad.gxd25480h,5,5,True,official_file_listing_confirmed,14,13798287,13,retina_tFA-different_age_stages.csv,8551,text/csv,True,copied
dryad_retinal_pufa_aging_mouse,Retinal polyunsaturated fatty acid supplementation reverses aging-related vision decline in mice,10.5061/dryad.gxd25480h,5,5,True,official_file_listing_confirmed,14,13798287,14,ROS_lipidomics_3mo_vs_18mo.csv,163382,text/csv,True,copied
dryad_retinal_vasomotion,Retinal Laser Speckle Vasomotion Dataset,10.5061/dryad.163mp,1,1,True,official_file_listing_confirmed,1,1111189442,1,Retinal laser_speckle data.mat,1111189442,application/octet-stream,True,created
dryad_retinal_vein_cannulation,Autonomous Retinal Vein Cannulation Data and Code,10.5061/dryad.3ffbg79zd,,5,False,official_file_listing_confirmed,7,7511466011,1,contact_network.zip,5960,application/zip,True,copied
dryad_retinal_vein_cannulation,Autonomous Retinal Vein Cannulation Data and Code,10.5061/dryad.3ffbg79zd,,5,False,official_file_listing_confirmed,7,7511466011,2,dataset_for_all.zip,7501384023,application/zip,True,copied
dryad_retinal_vein_cannulation,Autonomous Retinal Vein Cannulation Data and Code,10.5061/dryad.3ffbg79zd,,5,False,official_file_listing_confirmed,7,7511466011,3,navigation_network.zip,2150496,application/zip,True,copied
dryad_retinal_vein_cannulation,Autonomous Retinal Vein Cannulation Data and Code,10.5061/dryad.3ffbg79zd,,5,False,official_file_listing_confirmed,7,7511466011,4,puncture_network.zip,189489,application/zip,True,copied
dryad_retinal_vein_cannulation,Autonomous Retinal Vein Cannulation Data and Code,10.5061/dryad.3ffbg79zd,,5,False,official_file_listing_confirmed,7,7511466011,5,README.md,3125,text/markdown,True,copied
dryad_retinal_vein_cannulation,Autonomous Retinal Vein Cannulation Data and Code,10.5061/dryad.3ffbg79zd,,5,False,official_file_listing_confirmed,7,7511466011,6,requirements.txt,303,text/plain,True,copied
dryad_retinal_vein_cannulation,Autonomous Retinal Vein Cannulation Data and Code,10.5061/dryad.3ffbg79zd,,5,False,official_file_listing_confirmed,7,7511466011,7,SHER_visualiaztion_and_control.zip,7732615,application/zip,True,copied
dryad_rhesus_maculopathy_metabolomics,Rhesus Maculopathy Metabolomics Dataset,10.5061/dryad.7pvmcvf8d,8,8,True,official_file_listing_confirmed,2,659872,1,NHPPDDrusen.xlsx,655843,application/vnd.openxmlformats-officedocument.spreadsheetml.sheet,True,copied
dryad_rhesus_maculopathy_metabolomics,Rhesus Maculopathy Metabolomics Dataset,10.5061/dryad.7pvmcvf8d,8,8,True,official_file_listing_confirmed,2,659872,2,README.md,4029,text/markdown,True,created
dryad_rn38r,"Data from: Do picture-based charts overestimate visual acuity? Comparison of Kay Pictures, Lea Symbols, HOTV and Keeler logMAR charts with Sloan Letters in adults and children",10.5061/dryad.rn38r,1,1,True,official_file_listing_confirmed,1,17348,1,data submission.xlsx,17348,application/vnd.openxmlformats-officedocument.spreadsheetml.sheet,True,created
dryad_rn8pk0p70,Socioeconomic status and decreasing incidence of ocular injuries in Bosnia and Herzegovina,10.5061/dryad.rn8pk0p70,11,11,True,official_file_listing_confirmed,3,142972,1,DATA_SES_and_decreasing_incidence_of_ocular_injuries_in_B_H.dta,115855,,True,copied
dryad_rn8pk0p70,Socioeconomic status and decreasing incidence of ocular injuries in Bosnia and Herzegovina,10.5061/dryad.rn8pk0p70,11,11,True,official_file_listing_confirmed,3,142972,2,README.docx,18786,application/vnd.openxmlformats-officedocument.wordprocessingml.document,True,copied
dryad_rn8pk0p70,Socioeconomic status and decreasing incidence of ocular injuries in Bosnia and Herzegovina,10.5061/dryad.rn8pk0p70,11,11,True,official_file_listing_confirmed,3,142972,3,README.md,8331,text/markdown,True,created
dryad_rn8pk0pdp,"Detection of SARS-CoV-2 in conjunctival secretion and tears in patients with COVID-19 in a tertiary care centre, South India",10.5061/dryad.rn8pk0pdp,6,6,True,official_file_listing_confirmed,2,21964,1,data_sheet.xlsx.xlsx,15912,application/vnd.openxmlformats-officedocument.spreadsheetml.sheet,True,created
dryad_rn8pk0pdp,"Detection of SARS-CoV-2 in conjunctival secretion and tears in patients with COVID-19 in a tertiary care centre, South India",10.5061/dryad.rn8pk0pdp,6,6,True,official_file_listing_confirmed,2,21964,2,README_file.txt.txt,6052,text/plain,True,created
dryad_rn8pk0pmm,The c.119-123dup5bp mutation in human gamma-C-crystallin destabilizes the protein and activates the unfolded protein response to cause highly variable cataracts,10.5061/dryad.rn8pk0pmm,3,3,True,official_file_listing_confirmed,38,33285472018,1,MC37_USR18004116L_HGVVMDMXX_L1_1.fq.gz,897680233,application/x-gzip,True,copied
dryad_rn8pk0pmm,The c.119-123dup5bp mutation in human gamma-C-crystallin destabilizes the protein and activates the unfolded protein response to cause highly variable cataracts,10.5061/dryad.rn8pk0pmm,3,3,True,official_file_listing_confirmed,38,33285472018,2,MC37_USR18004116L_HGVVMDMXX_L1_2.fq.gz,928467347,application/x-gzip,True,copied
dryad_rn8pk0pmm,The c.119-123dup5bp mutation in human gamma-C-crystallin destabilizes the protein and activates the unfolded protein response to cause highly variable cataracts,10.5061/dryad.rn8pk0pmm,3,3,True,official_file_listing_confirmed,38,33285472018,3,MC37_USR18004116L_HGVVMDMXX_L2_1.fq.gz,911045819,application/x-gzip,True,copied
dryad_rn8pk0pmm,The c.119-123dup5bp mutation in human gamma-C-crystallin destabilizes the protein and activates the unfolded protein response to cause highly variable cataracts,10.5061/dryad.rn8pk0pmm,3,3,True,official_file_listing_confirmed,38,33285472018,4,MC37_USR18004116L_HGVVMDMXX_L2_2.fq.gz,938613889,application/x-gzip,True,copied
dryad_rn8pk0pmm,The c.119-123dup5bp mutation in human gamma-C-crystallin destabilizes the protein and activates the unfolded protein response to cause highly variable cataracts,10.5061/dryad.rn8pk0pmm,3,3,True,official_file_listing_confirmed,38,33285472018,5,MC39_USR18004117L_HGVVMDMXX_L1_1.fq.gz,966218267,application/x-gzip,True,copied
dryad_rn8pk0pmm,The c.119-123dup5bp mutation in human gamma-C-crystallin destabilizes the protein and activates the unfolded protein response to cause highly variable cataracts,10.5061/dryad.rn8pk0pmm,3,3,True,official_file_listing_confirmed,38,33285472018,6,MC39_USR18004117L_HGVVMDMXX_L1_2.fq.gz,987576121,application/x-gzip,True,copied
dryad_rn8pk0pmm,The c.119-123dup5bp mutation in human gamma-C-crystallin destabilizes the protein and activates the unfolded protein response to cause highly variable cataracts,10.5061/dryad.rn8pk0pmm,3,3,True,official_file_listing_confirmed,38,33285472018,7,MC39_USR18004117L_HGVVMDMXX_L2_1.fq.gz,979879245,application/x-gzip,True,copied
dryad_rn8pk0pmm,The c.119-123dup5bp mutation in human gamma-C-crystallin destabilizes the protein and activates the unfolded protein response to cause highly variable cataracts,10.5061/dryad.rn8pk0pmm,3,3,True,official_file_listing_confirmed,38,33285472018,8,MC39_USR18004117L_HGVVMDMXX_L2_2.fq.gz,997761786,application/x-gzip,True,copied
dryad_rn8pk0pmm,The c.119-123dup5bp mutation in human gamma-C-crystallin destabilizes the protein and activates the unfolded protein response to cause highly variable cataracts,10.5061/dryad.rn8pk0pmm,3,3,True,official_file_listing_confirmed,38,33285472018,9,MC42_USR18004118L_HGVVMDMXX_L1_1.fq.gz,899760596,application/x-gzip,True,copied
dryad_rn8pk0pmm,The c.119-123dup5bp mutation in human gamma-C-crystallin destabilizes the protein and activates the unfolded protein response to cause highly variable cataracts,10.5061/dryad.rn8pk0pmm,3,3,True,official_file_listing_confirmed,38,33285472018,10,MC42_USR18004118L_HGVVMDMXX_L1_2.fq.gz,945735380,application/x-gzip,True,copied
dryad_rn8pk0pmm,The c.119-123dup5bp mutation in human gamma-C-crystallin destabilizes the protein and activates the unfolded protein response to cause highly variable cataracts,10.5061/dryad.rn8pk0pmm,3,3,True,official_file_listing_confirmed,38,33285472018,11,MC42_USR18004118L_HGVVMDMXX_L2_1.fq.gz,915657035,application/x-gzip,True,copied
dryad_rn8pk0pmm,The c.119-123dup5bp mutation in human gamma-C-crystallin destabilizes the protein and activates the unfolded protein response to cause highly variable cataracts,10.5061/dryad.rn8pk0pmm,3,3,True,official_file_listing_confirmed,38,33285472018,12,MC42_USR18004118L_HGVVMDMXX_L2_2.fq.gz,959976761,application/x-gzip,True,copied
dryad_rn8pk0pmm,The c.119-123dup5bp mutation in human gamma-C-crystallin destabilizes the protein and activates the unfolded protein response to cause highly variable cataracts,10.5061/dryad.rn8pk0pmm,3,3,True,official_file_listing_confirmed,38,33285472018,13,MS55_USR18004119L_HGVVMDMXX_L1_1.fq.gz,902739062,application/x-gzip,True,copied
dryad_rn8pk0pmm,The c.119-123dup5bp mutation in human gamma-C-crystallin destabilizes the protein and activates the unfolded protein response to cause highly variable cataracts,10.5061/dryad.rn8pk0pmm,3,3,True,official_file_listing_confirmed,38,33285472018,14,MS55_USR18004119L_HGVVMDMXX_L1_2.fq.gz,945271251,application/x-gzip,True,copied
dryad_rn8pk0pmm,The c.119-123dup5bp mutation in human gamma-C-crystallin destabilizes the protein and activates the unfolded protein response to cause highly variable cataracts,10.5061/dryad.rn8pk0pmm,3,3,True,official_file_listing_confirmed,38,33285472018,15,MS55_USR18004119L_HGVVMDMXX_L2_1.fq.gz,916467345,application/x-gzip,True,copied
dryad_rn8pk0pmm,The c.119-123dup5bp mutation in human gamma-C-crystallin destabilizes the protein and activates the unfolded protein response to cause highly variable cataracts,10.5061/dryad.rn8pk0pmm,3,3,True,official_file_listing_confirmed,38,33285472018,16,MS55_USR18004119L_HGVVMDMXX_L2_2.fq.gz,956073164,application/x-gzip,True,copied
dryad_rn8pk0pmm,The c.119-123dup5bp mutation in human gamma-C-crystallin destabilizes the protein and activates the unfolded protein response to cause highly variable cataracts,10.5061/dryad.rn8pk0pmm,3,3,True,official_file_listing_confirmed,38,33285472018,17,MS56_USR18004120L_HGVVMDMXX_L1_1.fq.gz,833388447,application/x-gzip,True,copied
dryad_rn8pk0pmm,The c.119-123dup5bp mutation in human gamma-C-crystallin destabilizes the protein and activates the unfolded protein response to cause highly variable cataracts,10.5061/dryad.rn8pk0pmm,3,3,True,official_file_listing_confirmed,38,33285472018,18,MS56_USR18004120L_HGVVMDMXX_L1_2.fq.gz,866955645,application/x-gzip,True,copied
dryad_rn8pk0pmm,The c.119-123dup5bp mutation in human gamma-C-crystallin destabilizes the protein and activates the unfolded protein response to cause highly variable cataracts,10.5061/dryad.rn8pk0pmm,3,3,True,official_file_listing_confirmed,38,33285472018,19,MS56_USR18004120L_HGVVMDMXX_L2_1.fq.gz,844254648,application/x-gzip,True,copied
dryad_rn8pk0pmm,The c.119-123dup5bp mutation in human gamma-C-crystallin destabilizes the protein and activates the unfolded protein response to cause highly variable cataracts,10.5061/dryad.rn8pk0pmm,3,3,True,official_file_listing_confirmed,38,33285472018,20,MS56_USR18004120L_HGVVMDMXX_L2_2.fq.gz,875587318,application/x-gzip,True,copied
dryad_rn8pk0pmm,The c.119-123dup5bp mutation in human gamma-C-crystallin destabilizes the protein and activates the unfolded protein response to cause highly variable cataracts,10.5061/dryad.rn8pk0pmm,3,3,True,official_file_listing_confirmed,38,33285472018,21,MS58_USR18004121L_HGVVMDMXX_L1_1.fq.gz,971042791,application/x-gzip,True,copied
dryad_rn8pk0pmm,The c.119-123dup5bp mutation in human gamma-C-crystallin destabilizes the protein and activates the unfolded protein response to cause highly variable cataracts,10.5061/dryad.rn8pk0pmm,3,3,True,official_file_listing_confirmed,38,33285472018,22,MS58_USR18004121L_HGVVMDMXX_L1_2.fq.gz,1007399394,application/x-gzip,True,copied
dryad_rn8pk0pmm,The c.119-123dup5bp mutation in human gamma-C-crystallin destabilizes the protein and activates the unfolded protein response to cause highly variable cataracts,10.5061/dryad.rn8pk0pmm,3,3,True,official_file_listing_confirmed,38,33285472018,23,MS58_USR18004121L_HGVVMDMXX_L2_1.fq.gz,988754351,application/x-gzip,True,copied
dryad_rn8pk0pmm,The c.119-123dup5bp mutation in human gamma-C-crystallin destabilizes the protein and activates the unfolded protein response to cause highly variable cataracts,10.5061/dryad.rn8pk0pmm,3,3,True,official_file_listing_confirmed,38,33285472018,24,MS58_USR18004121L_HGVVMDMXX_L2_2.fq.gz,1022338524,application/x-gzip,True,copied
dryad_rn8pk0pmm,The c.119-123dup5bp mutation in human gamma-C-crystallin destabilizes the protein and activates the unfolded protein response to cause highly variable cataracts,10.5061/dryad.rn8pk0pmm,3,3,True,official_file_listing_confirmed,38,33285472018,25,qRT_PCR_Data.zip,19936109,application/x-zip-compressed,True,copied
dryad_rn8pk0pmm,The c.119-123dup5bp mutation in human gamma-C-crystallin destabilizes the protein and activates the unfolded protein response to cause highly variable cataracts,10.5061/dryad.rn8pk0pmm,3,3,True,official_file_listing_confirmed,38,33285472018,26,README.md,11319,text/markdown,True,created
dryad_rn8pk0pmm,The c.119-123dup5bp mutation in human gamma-C-crystallin destabilizes the protein and activates the unfolded protein response to cause highly variable cataracts,10.5061/dryad.rn8pk0pmm,3,3,True,official_file_listing_confirmed,38,33285472018,27,WC33_USR18004113L_HGVVMDMXX_L1_1.fq.gz,828671351,application/x-gzip,True,copied
dryad_rn8pk0pmm,The c.119-123dup5bp mutation in human gamma-C-crystallin destabilizes the protein and activates the unfolded protein response to cause highly variable cataracts,10.5061/dryad.rn8pk0pmm,3,3,True,official_file_listing_confirmed,38,33285472018,28,WC33_USR18004113L_HGVVMDMXX_L1_2.fq.gz,855263427,application/x-gzip,True,copied
dryad_rn8pk0pmm,The c.119-123dup5bp mutation in human gamma-C-crystallin destabilizes the protein and activates the unfolded protein response to cause highly variable cataracts,10.5061/dryad.rn8pk0pmm,3,3,True,official_file_listing_confirmed,38,33285472018,29,WC33_USR18004113L_HGVVMDMXX_L2_1.fq.gz,834354384,application/x-gzip,True,copied
dryad_rn8pk0pmm,The c.119-123dup5bp mutation in human gamma-C-crystallin destabilizes the protein and activates the unfolded protein response to cause highly variable cataracts,10.5061/dryad.rn8pk0pmm,3,3,True,official_file_listing_confirmed,38,33285472018,30,WC33_USR18004113L_HGVVMDMXX_L2_2.fq.gz,857479364,application/x-gzip,True,copied
dryad_rn8pk0pmm,The c.119-123dup5bp mutation in human gamma-C-crystallin destabilizes the protein and activates the unfolded protein response to cause highly variable cataracts,10.5061/dryad.rn8pk0pmm,3,3,True,official_file_listing_confirmed,38,33285472018,31,WC65_USR18004114L_HGVVMDMXX_L1_1.fq.gz,870046529,application/x-gzip,True,copied
dryad_rn8pk0pmm,The c.119-123dup5bp mutation in human gamma-C-crystallin destabilizes the protein and activates the unfolded protein response to cause highly variable cataracts,10.5061/dryad.rn8pk0pmm,3,3,True,official_file_listing_confirmed,38,33285472018,32,WC65_USR18004114L_HGVVMDMXX_L1_2.fq.gz,899403644,application/x-gzip,True,copied
dryad_rn8pk0pmm,The c.119-123dup5bp mutation in human gamma-C-crystallin destabilizes the protein and activates the unfolded protein response to cause highly variable cataracts,10.5061/dryad.rn8pk0pmm,3,3,True,official_file_listing_confirmed,38,33285472018,33,WC65_USR18004114L_HGVVMDMXX_L2_1.fq.gz,880987254,application/x-gzip,True,copied
dryad_rn8pk0pmm,The c.119-123dup5bp mutation in human gamma-C-crystallin destabilizes the protein and activates the unfolded protein response to cause highly variable cataracts,10.5061/dryad.rn8pk0pmm,3,3,True,official_file_listing_confirmed,38,33285472018,34,WC65_USR18004114L_HGVVMDMXX_L2_2.fq.gz,907357023,application/x-gzip,True,copied
dryad_rn8pk0pmm,The c.119-123dup5bp mutation in human gamma-C-crystallin destabilizes the protein and activates the unfolded protein response to cause highly variable cataracts,10.5061/dryad.rn8pk0pmm,3,3,True,official_file_listing_confirmed,38,33285472018,35,WC67_USR18004115L_HGVVMDMXX_L1_1.fq.gz,939016093,application/x-gzip,True,copied
dryad_rn8pk0pmm,The c.119-123dup5bp mutation in human gamma-C-crystallin destabilizes the protein and activates the unfolded protein response to cause highly variable cataracts,10.5061/dryad.rn8pk0pmm,3,3,True,official_file_listing_confirmed,38,33285472018,36,WC67_USR18004115L_HGVVMDMXX_L1_2.fq.gz,984069351,application/x-gzip,True,copied
dryad_rn8pk0pmm,The c.119-123dup5bp mutation in human gamma-C-crystallin destabilizes the protein and activates the unfolded protein response to cause highly variable cataracts,10.5061/dryad.rn8pk0pmm,3,3,True,official_file_listing_confirmed,38,33285472018,37,WC67_USR18004115L_HGVVMDMXX_L2_1.fq.gz,953813564,application/x-gzip,True,copied
dryad_rn8pk0pmm,The c.119-123dup5bp mutation in human gamma-C-crystallin destabilizes the protein and activates the unfolded protein response to cause highly variable cataracts,10.5061/dryad.rn8pk0pmm,3,3,True,official_file_listing_confirmed,38,33285472018,38,WC67_USR18004115L_HGVVMDMXX_L2_2.fq.gz,996418187,application/x-gzip,True,copied
dryad_rod_cone_dystrophy_genes,Rod-Cone Dystrophy Gene Association Dataset,10.5061/dryad.59zw3r2b7,7,7,True,official_file_listing_confirmed,3,69576,1,Data_RCD_genesassociation_Col.csv,65679,text/csv,True,copied
dryad_rod_cone_dystrophy_genes,Rod-Cone Dystrophy Gene Association Dataset,10.5061/dryad.59zw3r2b7,7,7,True,official_file_listing_confirmed,3,69576,2,labels_Col.txt,1670,text/plain,True,copied
dryad_rod_cone_dystrophy_genes,Rod-Cone Dystrophy Gene Association Dataset,10.5061/dryad.59zw3r2b7,7,7,True,official_file_listing_confirmed,3,69576,3,README_Data_RCD_genesassociation_Col.txt,2227,text/plain,True,copied
dryad_rop_plane_wave_doppler,ROP Plane-Wave Doppler Dataset,10.5061/dryad.612jm649r,4,4,True,official_file_listing_confirmed,2,33701,1,README.md,3121,text/markdown,True,created
dryad_rop_plane_wave_doppler,ROP Plane-Wave Doppler Dataset,10.5061/dryad.612jm649r,4,4,True,official_file_listing_confirmed,2,33701,2,ROP_by_exam_shared2.sav,30580,,True,copied
dryad_rpgr_cone_rod_wes,RPGR Cone-Rod Dystrophy WES Dataset,10.5061/dryad.5qfttdz5d,2,2,True,official_file_listing_confirmed,2,4478935663,1,XLW44_S4_L001_R1_001.fastq.gz,2155539192,application/x-gzip,True,copied
dryad_rpgr_cone_rod_wes,RPGR Cone-Rod Dystrophy WES Dataset,10.5061/dryad.5qfttdz5d,2,2,True,official_file_listing_confirmed,2,4478935663,2,XLW44_S4_L001_R2_001.fastq.gz,2323396471,application/x-gzip,True,copied
dryad_rs2qp,Data from: Inhibition decorrelates visual feature representations in the inner retina,10.5061/dryad.rs2qp,2,2,True,official_file_listing_confirmed,12,15143685677,1,FrankeEtAl_BCs_2017_chirp_byrepeat.mat,1750367568,application/octet-stream,True,copied
dryad_rs2qp,Data from: Inhibition decorrelates visual feature representations in the inner retina,10.5061/dryad.rs2qp,2,2,True,official_file_listing_confirmed,12,15143685677,2,FrankeEtAl_BCs_2017_cs_update.mat,9695141165,application/octet-stream,True,created
dryad_rs2qp,Data from: Inhibition decorrelates visual feature representations in the inner retina,10.5061/dryad.rs2qp,2,2,True,official_file_listing_confirmed,12,15143685677,3,FrankeEtAl_BCs_2017_drugdata.mat,83503041,application/octet-stream,True,copied
dryad_rs2qp,Data from: Inhibition decorrelates visual feature representations in the inner retina,10.5061/dryad.rs2qp,2,2,True,official_file_listing_confirmed,12,15143685677,4,FrankeEtAl_BCs_2017_noise_raw.mat,1689225179,application/octet-stream,True,copied
dryad_rs2qp,Data from: Inhibition decorrelates visual feature representations in the inner retina,10.5061/dryad.rs2qp,2,2,True,official_file_listing_confirmed,12,15143685677,5,FrankeEtAl_BCs_2017_step_byrepeat.mat,1257994030,application/octet-stream,True,copied
dryad_rs2qp,Data from: Inhibition decorrelates visual feature representations in the inner retina,10.5061/dryad.rs2qp,2,2,True,official_file_listing_confirmed,12,15143685677,6,FrankeEtAl_BCs_2017_v1.mat,666073228,application/octet-stream,True,copied
dryad_rs2qp,Data from: Inhibition decorrelates visual feature representations in the inner retina,10.5061/dryad.rs2qp,2,2,True,official_file_listing_confirmed,12,15143685677,7,README_for_FrankeEtAl_BCs_2017_chirp_byrepeat.pdf,202534,application/pdf,True,copied
dryad_rs2qp,Data from: Inhibition decorrelates visual feature representations in the inner retina,10.5061/dryad.rs2qp,2,2,True,official_file_listing_confirmed,12,15143685677,8,README_for_FrankeEtAl_BCs_2017_cs_raw.pdf,203374,application/pdf,True,copied
dryad_rs2qp,Data from: Inhibition decorrelates visual feature representations in the inner retina,10.5061/dryad.rs2qp,2,2,True,official_file_listing_confirmed,12,15143685677,9,README_for_FrankeEtAl_BCs_2017_drugdata.pdf,210622,application/pdf,True,copied
dryad_rs2qp,Data from: Inhibition decorrelates visual feature representations in the inner retina,10.5061/dryad.rs2qp,2,2,True,official_file_listing_confirmed,12,15143685677,10,README_for_FrankeEtAl_BCs_2017_noise_raw.pdf,203556,application/pdf,True,copied
dryad_rs2qp,Data from: Inhibition decorrelates visual feature representations in the inner retina,10.5061/dryad.rs2qp,2,2,True,official_file_listing_confirmed,12,15143685677,11,README_for_FrankeEtAl_BCs_2017_step_byrepeat.pdf,201510,application/pdf,True,copied
dryad_rs2qp,Data from: Inhibition decorrelates visual feature representations in the inner retina,10.5061/dryad.rs2qp,2,2,True,official_file_listing_confirmed,12,15143685677,12,README_for_FrankeEtAl_BCs_2017_v1.pdf,359870,application/pdf,True,copied
dryad_rv15dv4bv,Late gene therapy limits the restoration of retinal function in a mouse model of retinitis pigmentosa,10.5061/dryad.rv15dv4bv,5,5,True,official_file_listing_confirmed,104,13737601388,1,1249192R2RE_WT_60xz_ms2048.nd2,528834560,,True,copied
dryad_rv15dv4bv,Late gene therapy limits the restoration of retinal function in a mouse model of retinitis pigmentosa,10.5061/dryad.rv15dv4bv,5,5,True,official_file_listing_confirmed,104,13737601388,2,1274991L2LE_1M_60xz_2042.nd2,755363840,,True,copied
dryad_rv15dv4bv,Late gene therapy limits the restoration of retinal function in a mouse model of retinitis pigmentosa,10.5061/dryad.rv15dv4bv,5,5,True,official_file_listing_confirmed,104,13737601388,3,1274991L2LE_1M_60xz001.nd2,138809344,,True,copied
dryad_rv15dv4bv,Late gene therapy limits the restoration of retinal function in a mouse model of retinitis pigmentosa,10.5061/dryad.rv15dv4bv,5,5,True,official_file_listing_confirmed,104,13737601388,4,1M_12749991L2LE_mCar_60xz004.nd2,96854016,,True,copied
dryad_rv15dv4bv,Late gene therapy limits the restoration of retinal function in a mouse model of retinitis pigmentosa,10.5061/dryad.rv15dv4bv,5,5,True,official_file_listing_confirmed,104,13737601388,5,1M_12749991L2LE_mCar_60xz006.nd2,59068416,,True,copied
dryad_rv15dv4bv,Late gene therapy limits the restoration of retinal function in a mouse model of retinitis pigmentosa,10.5061/dryad.rv15dv4bv,5,5,True,official_file_listing_confirmed,104,13737601388,6,1M3M_2021-12-08-0_mCarCtBP2_60x.nd2,8601600,,True,copied
dryad_rv15dv4bv,Late gene therapy limits the restoration of retinal function in a mouse model of retinitis pigmentosa,10.5061/dryad.rv15dv4bv,5,5,True,official_file_listing_confirmed,104,13737601388,7,1M4M_2021_11_17_mCar_Calb_60xz_sec1006.nd2,159764480,,True,copied
dryad_rv15dv4bv,Late gene therapy limits the restoration of retinal function in a mouse model of retinitis pigmentosa,10.5061/dryad.rv15dv4bv,5,5,True,official_file_listing_confirmed,104,13737601388,8,1M4M_2021_11_17_mCar_Calb_60xz_sec8005.nd2,126242816,,True,copied
dryad_rv15dv4bv,Late gene therapy limits the restoration of retinal function in a mouse model of retinitis pigmentosa,10.5061/dryad.rv15dv4bv,5,5,True,official_file_listing_confirmed,104,13737601388,9,1M4M_2021-11-17_mCar_60xz007.nd2,84258816,,True,copied
dryad_rv15dv4bv,Late gene therapy limits the restoration of retinal function in a mouse model of retinitis pigmentosa,10.5061/dryad.rv15dv4bv,5,5,True,official_file_listing_confirmed,104,13737601388,10,1M5M_2022-02-01_mCarCtBP2_60xz01.nd2,113614848,,True,copied
dryad_rv15dv4bv,Late gene therapy limits the restoration of retinal function in a mouse model of retinitis pigmentosa,10.5061/dryad.rv15dv4bv,5,5,True,official_file_listing_confirmed,104,13737601388,11,1M5M_2022-02-01_mCarCtBP2_60xz01001.nd2,163979264,,True,copied
dryad_rv15dv4bv,Late gene therapy limits the restoration of retinal function in a mouse model of retinitis pigmentosa,10.5061/dryad.rv15dv4bv,5,5,True,official_file_listing_confirmed,104,13737601388,12,1M5M_2022-02-01_mCarCtBP2_60xz01002.nd2,159764480,,True,copied
dryad_rv15dv4bv,Late gene therapy limits the restoration of retinal function in a mouse model of retinitis pigmentosa,10.5061/dryad.rv15dv4bv,5,5,True,official_file_listing_confirmed,104,13737601388,13,1M7M_2022_02_22_0GFAPmCAR60xz007.nd2,168157184,,True,copied
dryad_rv15dv4bv,Late gene therapy limits the restoration of retinal function in a mouse model of retinitis pigmentosa,10.5061/dryad.rv15dv4bv,5,5,True,official_file_listing_confirmed,104,13737601388,14,1M7M_2022_02_22_mCar_60xz_sec1_007.nd2,92655616,,True,copied
dryad_rv15dv4bv,Late gene therapy limits the restoration of retinal function in a mouse model of retinitis pigmentosa,10.5061/dryad.rv15dv4bv,5,5,True,official_file_listing_confirmed,104,13737601388,15,1M7M_2022_02_22_mCar_60xz_sec1_009.nd2,92655616,,True,copied
dryad_rv15dv4bv,Late gene therapy limits the restoration of retinal function in a mouse model of retinitis pigmentosa,10.5061/dryad.rv15dv4bv,5,5,True,official_file_listing_confirmed,104,13737601388,16,1M7M_2022_02_22_mCar_60xz_sec1_011.nd2,84258816,,True,copied
dryad_rv15dv4bv,Late gene therapy limits the restoration of retinal function in a mouse model of retinitis pigmentosa,10.5061/dryad.rv15dv4bv,5,5,True,official_file_listing_confirmed,104,13737601388,17,1M7M_2022_02_22_mCar_60xz_sec8_005.nd2,88457216,,True,copied
dryad_rv15dv4bv,Late gene therapy limits the restoration of retinal function in a mouse model of retinitis pigmentosa,10.5061/dryad.rv15dv4bv,5,5,True,official_file_listing_confirmed,104,13737601388,18,1M7M_2022_02_22_mCar_60xz_sec8_006.nd2,75862016,,True,copied
dryad_rv15dv4bv,Late gene therapy limits the restoration of retinal function in a mouse model of retinitis pigmentosa,10.5061/dryad.rv15dv4bv,5,5,True,official_file_listing_confirmed,104,13737601388,19,1M7M_2022-01-19-0_mglur6CtBP2_60xz015.nd2,151371776,,True,copied
dryad_rv15dv4bv,Late gene therapy limits the restoration of retinal function in a mouse model of retinitis pigmentosa,10.5061/dryad.rv15dv4bv,5,5,True,official_file_listing_confirmed,104,13737601388,20,2020-05-19-0_7M_60xz_2041.nd2,671449088,,True,copied
dryad_rv15dv4bv,Late gene therapy limits the restoration of retinal function in a mouse model of retinitis pigmentosa,10.5061/dryad.rv15dv4bv,5,5,True,official_file_listing_confirmed,104,13737601388,21,2020-05-19-0_7M_60xz006.nd2,126214144,,True,created
dryad_rv15dv4bv,Late gene therapy limits the restoration of retinal function in a mouse model of retinitis pigmentosa,10.5061/dryad.rv15dv4bv,5,5,True,official_file_listing_confirmed,104,13737601388,22,2020-12-16-0_WT_RE_60xz004.nd2,201703424,,True,copied
dryad_rv15dv4bv,Late gene therapy limits the restoration of retinal function in a mouse model of retinitis pigmentosa,10.5061/dryad.rv15dv4bv,5,5,True,official_file_listing_confirmed,104,13737601388,23,2020-12-17-0_7M_RE_60xz007.nd2,193310720,,True,copied
dryad_rv15dv4bv,Late gene therapy limits the restoration of retinal function in a mouse model of retinitis pigmentosa,10.5061/dryad.rv15dv4bv,5,5,True,official_file_listing_confirmed,104,13737601388,24,2021-01-07-0_3M_RE_60xz002.nd2,226881536,,True,copied
dryad_rv15dv4bv,Late gene therapy limits the restoration of retinal function in a mouse model of retinitis pigmentosa,10.5061/dryad.rv15dv4bv,5,5,True,official_file_listing_confirmed,104,13737601388,25,2M_2020_12_09_0_mCarPCP2_60xz001.nd2,226906112,,True,copied
dryad_rv15dv4bv,Late gene therapy limits the restoration of retinal function in a mouse model of retinitis pigmentosa,10.5061/dryad.rv15dv4bv,5,5,True,official_file_listing_confirmed,104,13737601388,26,2M_2020_12_09_mCar_Calb_60xz_sec2_006.nd2,168157184,,True,copied
dryad_rv15dv4bv,Late gene therapy limits the restoration of retinal function in a mouse model of retinitis pigmentosa,10.5061/dryad.rv15dv4bv,5,5,True,official_file_listing_confirmed,104,13737601388,27,2M_2020_12_09_mCar_Calb_60xz_sec2_007.nd2,168157184,,True,copied
dryad_rv15dv4bv,Late gene therapy limits the restoration of retinal function in a mouse model of retinitis pigmentosa,10.5061/dryad.rv15dv4bv,5,5,True,official_file_listing_confirmed,104,13737601388,28,2M_2020_12_09_mCar_Calb_60xz_sec4_005.nd2,134586368,,True,copied
dryad_rv15dv4bv,Late gene therapy limits the restoration of retinal function in a mouse model of retinitis pigmentosa,10.5061/dryad.rv15dv4bv,5,5,True,official_file_listing_confirmed,104,13737601388,29,2M_2020-12-09_mcarCtBP2_60x.nd2,6500352,,True,copied
dryad_rv15dv4bv,Late gene therapy limits the restoration of retinal function in a mouse model of retinitis pigmentosa,10.5061/dryad.rv15dv4bv,5,5,True,official_file_listing_confirmed,104,13737601388,30,2M3M_2021_09_14_mCar_Calb_60xz_sec1018.nd2,132501504,,True,copied
dryad_rv15dv4bv,Late gene therapy limits the restoration of retinal function in a mouse model of retinitis pigmentosa,10.5061/dryad.rv15dv4bv,5,5,True,official_file_listing_confirmed,104,13737601388,31,2M3M_2021_09_14_mCar_Calb_60xz_sec1019.nd2,88457216,,True,copied
dryad_rv15dv4bv,Late gene therapy limits the restoration of retinal function in a mouse model of retinitis pigmentosa,10.5061/dryad.rv15dv4bv,5,5,True,official_file_listing_confirmed,104,13737601388,32,2M3M_2021_09_14_mCar_Calb_60xz_sec1020.nd2,4194572,,True,copied
dryad_rv15dv4bv,Late gene therapy limits the restoration of retinal function in a mouse model of retinitis pigmentosa,10.5061/dryad.rv15dv4bv,5,5,True,official_file_listing_confirmed,104,13737601388,33,2M3M_2021_09_14_mCar_Calb_60xz_sec8015.nd2,126205952,,True,copied
dryad_rv15dv4bv,Late gene therapy limits the restoration of retinal function in a mouse model of retinitis pigmentosa,10.5061/dryad.rv15dv4bv,5,5,True,official_file_listing_confirmed,104,13737601388,34,2M3M_2021_09_14_mCar_Calb_60xz_sec8016.nd2,84258816,,True,copied
dryad_rv15dv4bv,Late gene therapy limits the restoration of retinal function in a mouse model of retinitis pigmentosa,10.5061/dryad.rv15dv4bv,5,5,True,official_file_listing_confirmed,104,13737601388,35,2M3M_2021_09_14_mCar_Calb_60xz_sec8017.nd2,84258816,,True,copied
dryad_rv15dv4bv,Late gene therapy limits the restoration of retinal function in a mouse model of retinitis pigmentosa,10.5061/dryad.rv15dv4bv,5,5,True,official_file_listing_confirmed,104,13737601388,36,2M4M_2021_10_15_mCar_Calb_60xz_sec8004.nd2,138797056,,True,copied
dryad_rv15dv4bv,Late gene therapy limits the restoration of retinal function in a mouse model of retinitis pigmentosa,10.5061/dryad.rv15dv4bv,5,5,True,official_file_listing_confirmed,104,13737601388,37,2M4M_2021_10_15_mCar_Calb_60xz.nd2,119910400,,True,copied
dryad_rv15dv4bv,Late gene therapy limits the restoration of retinal function in a mouse model of retinitis pigmentosa,10.5061/dryad.rv15dv4bv,5,5,True,official_file_listing_confirmed,104,13737601388,38,2M4M_2021_10_15_mCar_Calb_60xz001.nd2,138797056,,True,copied
dryad_rv15dv4bv,Late gene therapy limits the restoration of retinal function in a mouse model of retinitis pigmentosa,10.5061/dryad.rv15dv4bv,5,5,True,official_file_listing_confirmed,104,13737601388,39,2M4M_2021_10_15_mCar_Calb_60xz002.nd2,119910400,,True,copied
dryad_rv15dv4bv,Late gene therapy limits the restoration of retinal function in a mouse model of retinitis pigmentosa,10.5061/dryad.rv15dv4bv,5,5,True,official_file_listing_confirmed,104,13737601388,40,2M4M_2021_11_16_mCar_Calb_60xz_sec4.nd2,168157184,,True,copied
dryad_rv15dv4bv,Late gene therapy limits the restoration of retinal function in a mouse model of retinitis pigmentosa,10.5061/dryad.rv15dv4bv,5,5,True,official_file_listing_confirmed,104,13737601388,41,2M4M_2021_11_16_mCar_Calb_60xz_sec5002.nd2,168157184,,True,copied
dryad_rv15dv4bv,Late gene therapy limits the restoration of retinal function in a mouse model of retinitis pigmentosa,10.5061/dryad.rv15dv4bv,5,5,True,official_file_listing_confirmed,104,13737601388,42,2M4M_2021_11_16_mCar_Calb_60xz_sec8003.nd2,184942592,,True,copied
dryad_rv15dv4bv,Late gene therapy limits the restoration of retinal function in a mouse model of retinitis pigmentosa,10.5061/dryad.rv15dv4bv,5,5,True,official_file_listing_confirmed,104,13737601388,43,2M5M_2021-09-07_mCarCtBP2_60xz01003.nd2,184942592,,True,copied
dryad_rv15dv4bv,Late gene therapy limits the restoration of retinal function in a mouse model of retinitis pigmentosa,10.5061/dryad.rv15dv4bv,5,5,True,official_file_listing_confirmed,104,13737601388,44,2M5M_2021-09-07_mCarCtBP2_60xz01004.nd2,107319296,,True,copied
dryad_rv15dv4bv,Late gene therapy limits the restoration of retinal function in a mouse model of retinitis pigmentosa,10.5061/dryad.rv15dv4bv,5,5,True,official_file_listing_confirmed,104,13737601388,45,2M5M_2021-09-07_mCarCtBP2_60xz01005.nd2,101023744,,True,copied
dryad_rv15dv4bv,Late gene therapy limits the restoration of retinal function in a mouse model of retinitis pigmentosa,10.5061/dryad.rv15dv4bv,5,5,True,official_file_listing_confirmed,104,13737601388,46,2M7M_2020_12_18_mCar_60xz_sec1_012.nd2,75862016,,True,copied
dryad_rv15dv4bv,Late gene therapy limits the restoration of retinal function in a mouse model of retinitis pigmentosa,10.5061/dryad.rv15dv4bv,5,5,True,official_file_listing_confirmed,104,13737601388,47,2M7M_2020_12_18_mCar_60xz_sec8_013.nd2,75862016,,True,copied
dryad_rv15dv4bv,Late gene therapy limits the restoration of retinal function in a mouse model of retinitis pigmentosa,10.5061/dryad.rv15dv4bv,5,5,True,official_file_listing_confirmed,104,13737601388,48,2M7M_2020_12_18_mCar_60xz_sec8_014.nd2,84258816,,True,copied
dryad_rv15dv4bv,Late gene therapy limits the restoration of retinal function in a mouse model of retinitis pigmentosa,10.5061/dryad.rv15dv4bv,5,5,True,official_file_listing_confirmed,104,13737601388,49,2M7M_2020-12-18-0_CtBP2GPR179_60x002.nd2,134471680,,True,copied
dryad_rv15dv4bv,Late gene therapy limits the restoration of retinal function in a mouse model of retinitis pigmentosa,10.5061/dryad.rv15dv4bv,5,5,True,official_file_listing_confirmed,104,13737601388,50,2M7M_2020-12-18-0_CtBP2GPR179_60xz001.nd2,134471680,,True,copied
dryad_rv15dv4bv,Late gene therapy limits the restoration of retinal function in a mouse model of retinitis pigmentosa,10.5061/dryad.rv15dv4bv,5,5,True,official_file_listing_confirmed,104,13737601388,51,2M7M_2020-12-18-0_CtBP2GPR179_60xz003.nd2,151359488,,True,copied
dryad_rv15dv4bv,Late gene therapy limits the restoration of retinal function in a mouse model of retinitis pigmentosa,10.5061/dryad.rv15dv4bv,5,5,True,official_file_listing_confirmed,104,13737601388,52,2M7M_2020-12-18-0_mglur6CtBP2_60xz017.nd2,126193664,,True,copied
dryad_rv15dv4bv,Late gene therapy limits the restoration of retinal function in a mouse model of retinitis pigmentosa,10.5061/dryad.rv15dv4bv,5,5,True,official_file_listing_confirmed,104,13737601388,53,2M7M_2020-12-18-0_mglur6CtBP2_60xz023.nd2,109408256,,True,copied
dryad_rv15dv4bv,Late gene therapy limits the restoration of retinal function in a mouse model of retinitis pigmentosa,10.5061/dryad.rv15dv4bv,5,5,True,official_file_listing_confirmed,104,13737601388,54,2M7M_2021_12_06_0_RE_GFAPmCAR60xz013.nd2,134586368,,True,copied
dryad_rv15dv4bv,Late gene therapy limits the restoration of retinal function in a mouse model of retinitis pigmentosa,10.5061/dryad.rv15dv4bv,5,5,True,official_file_listing_confirmed,104,13737601388,55,2M7M_2021_12_06_mGluR6CtBP2_60xz001.nd2,142979072,,True,copied
dryad_rv15dv4bv,Late gene therapy limits the restoration of retinal function in a mouse model of retinitis pigmentosa,10.5061/dryad.rv15dv4bv,5,5,True,official_file_listing_confirmed,104,13737601388,56,3M_2021_01_07_mCar_60xz.nd2,117846016,,True,copied
dryad_rv15dv4bv,Late gene therapy limits the restoration of retinal function in a mouse model of retinitis pigmentosa,10.5061/dryad.rv15dv4bv,5,5,True,official_file_listing_confirmed,104,13737601388,57,3M_2021-01-07-0_mCarCtBP2_60x.nd2,6500352,,True,copied
dryad_rv15dv4bv,Late gene therapy limits the restoration of retinal function in a mouse model of retinitis pigmentosa,10.5061/dryad.rv15dv4bv,5,5,True,official_file_listing_confirmed,104,13737601388,58,3M4M_2021-12-07_mCar_60xz011.nd2,92655616,,True,copied
dryad_rv15dv4bv,Late gene therapy limits the restoration of retinal function in a mouse model of retinitis pigmentosa,10.5061/dryad.rv15dv4bv,5,5,True,official_file_listing_confirmed,104,13737601388,59,3M4M_2021-12-07_mCar_60xz013.nd2,88457216,,True,copied
dryad_rv15dv4bv,Late gene therapy limits the restoration of retinal function in a mouse model of retinitis pigmentosa,10.5061/dryad.rv15dv4bv,5,5,True,official_file_listing_confirmed,104,13737601388,60,3M4M_2021-12-07-0_mCarGFAP_60xz014.nd2,134586368,,True,copied
dryad_rv15dv4bv,Late gene therapy limits the restoration of retinal function in a mouse model of retinitis pigmentosa,10.5061/dryad.rv15dv4bv,5,5,True,official_file_listing_confirmed,104,13737601388,61,3M5M_2022-01-13_mCarCtBP2_60x.nd2,6500352,,True,copied
dryad_rv15dv4bv,Late gene therapy limits the restoration of retinal function in a mouse model of retinitis pigmentosa,10.5061/dryad.rv15dv4bv,5,5,True,official_file_listing_confirmed,104,13737601388,62,3M5M_2022-01-13_mCarCtBP2_60xz01006.nd2,142979072,,True,copied
dryad_rv15dv4bv,Late gene therapy limits the restoration of retinal function in a mouse model of retinitis pigmentosa,10.5061/dryad.rv15dv4bv,5,5,True,official_file_listing_confirmed,104,13737601388,63,3M5M_2022-01-13_mCarCtBP2_60xz01007.nd2,151371776,,True,copied
dryad_rv15dv4bv,Late gene therapy limits the restoration of retinal function in a mouse model of retinitis pigmentosa,10.5061/dryad.rv15dv4bv,5,5,True,official_file_listing_confirmed,104,13737601388,64,3M7M_2021_11_18_0_RE_GFAPmCAR60xz015.nd2,101023744,,True,copied
dryad_rv15dv4bv,Late gene therapy limits the restoration of retinal function in a mouse model of retinitis pigmentosa,10.5061/dryad.rv15dv4bv,5,5,True,official_file_listing_confirmed,104,13737601388,65,3M7M_2021_12_14_0_RE_GFAPmCAR60xz018.nd2,168157184,,True,copied
dryad_rv15dv4bv,Late gene therapy limits the restoration of retinal function in a mouse model of retinitis pigmentosa,10.5061/dryad.rv15dv4bv,5,5,True,official_file_listing_confirmed,104,13737601388,66,3M7M_2021_12_14_0_RE_GFAPmCAR60xz019.nd2,193335296,,True,copied
dryad_rv15dv4bv,Late gene therapy limits the restoration of retinal function in a mouse model of retinitis pigmentosa,10.5061/dryad.rv15dv4bv,5,5,True,official_file_listing_confirmed,104,13737601388,67,3M7M_2021_12_14_0_RE_GFAPmCAR60xz020.nd2,96854016,,True,copied
dryad_rv15dv4bv,Late gene therapy limits the restoration of retinal function in a mouse model of retinitis pigmentosa,10.5061/dryad.rv15dv4bv,5,5,True,official_file_listing_confirmed,104,13737601388,68,3M7M_2021_12_14_mCar_Calb_60xz_sec1009.nd2,88457216,,True,copied
dryad_rv15dv4bv,Late gene therapy limits the restoration of retinal function in a mouse model of retinitis pigmentosa,10.5061/dryad.rv15dv4bv,5,5,True,official_file_listing_confirmed,104,13737601388,69,3M7M_2021_12_14_mCar_Calb_60xz_sec1010.nd2,88457216,,True,copied
dryad_rv15dv4bv,Late gene therapy limits the restoration of retinal function in a mouse model of retinitis pigmentosa,10.5061/dryad.rv15dv4bv,5,5,True,official_file_listing_confirmed,104,13737601388,70,3M7M_2021_12_14_mCar_Calb_60xz_sec1011.nd2,88457216,,True,copied
dryad_rv15dv4bv,Late gene therapy limits the restoration of retinal function in a mouse model of retinitis pigmentosa,10.5061/dryad.rv15dv4bv,5,5,True,official_file_listing_confirmed,104,13737601388,71,3M7M_2021_12_14_mCar_Calb_60xz_sec1012.nd2,88457216,,True,copied
dryad_rv15dv4bv,Late gene therapy limits the restoration of retinal function in a mouse model of retinitis pigmentosa,10.5061/dryad.rv15dv4bv,5,5,True,official_file_listing_confirmed,104,13737601388,72,3M7M_2021_12_14_mCar_Calb_60xz_sec8013.nd2,210120704,,True,copied
dryad_rv15dv4bv,Late gene therapy limits the restoration of retinal function in a mouse model of retinitis pigmentosa,10.5061/dryad.rv15dv4bv,5,5,True,official_file_listing_confirmed,104,13737601388,73,3M7M_2021_12_14_mCar_Calb_60xz_sec8014.nd2,88457216,,True,copied
dryad_rv15dv4bv,Late gene therapy limits the restoration of retinal function in a mouse model of retinitis pigmentosa,10.5061/dryad.rv15dv4bv,5,5,True,official_file_listing_confirmed,104,13737601388,74,3M7M_2021_12_15_0GFAPmCAR60xz012.nd2,126193664,,True,copied
dryad_rv15dv4bv,Late gene therapy limits the restoration of retinal function in a mouse model of retinitis pigmentosa,10.5061/dryad.rv15dv4bv,5,5,True,official_file_listing_confirmed,104,13737601388,75,3M7M_2021_12_15_mCar_60xz_sec1_017.nd2,71663616,,True,copied
dryad_rv15dv4bv,Late gene therapy limits the restoration of retinal function in a mouse model of retinitis pigmentosa,10.5061/dryad.rv15dv4bv,5,5,True,official_file_listing_confirmed,104,13737601388,76,3M7M_2021_12_15_mCar_60xz_sec1_018.nd2,71663616,,True,copied
dryad_rv15dv4bv,Late gene therapy limits the restoration of retinal function in a mouse model of retinitis pigmentosa,10.5061/dryad.rv15dv4bv,5,5,True,official_file_listing_confirmed,104,13737601388,77,3M7M_2021_12_15_mCar_60xz_sec1_019.nd2,92655616,,True,copied
dryad_rv15dv4bv,Late gene therapy limits the restoration of retinal function in a mouse model of retinitis pigmentosa,10.5061/dryad.rv15dv4bv,5,5,True,official_file_listing_confirmed,104,13737601388,78,3M7M_2021_12_15_mGluR6CtBP2_60xz002.nd2,134586368,,True,copied
dryad_rv15dv4bv,Late gene therapy limits the restoration of retinal function in a mouse model of retinitis pigmentosa,10.5061/dryad.rv15dv4bv,5,5,True,official_file_listing_confirmed,104,13737601388,79,3M7M_2021-12-15-0_CtBP2GPR179_60x003.nd2,134471680,,True,copied
dryad_rv15dv4bv,Late gene therapy limits the restoration of retinal function in a mouse model of retinitis pigmentosa,10.5061/dryad.rv15dv4bv,5,5,True,official_file_listing_confirmed,104,13737601388,80,3M7M_2021-12-15-0_CtBP2GPR179_60xz004.nd2,335937536,,True,copied
dryad_rv15dv4bv,Late gene therapy limits the restoration of retinal function in a mouse model of retinitis pigmentosa,10.5061/dryad.rv15dv4bv,5,5,True,official_file_listing_confirmed,104,13737601388,81,3M7M_2021-12-15-0_mglur6CtBP2_60xz018.nd2,101015552,,True,copied
dryad_rv15dv4bv,Late gene therapy limits the restoration of retinal function in a mouse model of retinitis pigmentosa,10.5061/dryad.rv15dv4bv,5,5,True,official_file_listing_confirmed,104,13737601388,82,4M_1416102_mCarCtBP2_60x.nd2,6500352,,True,copied
dryad_rv15dv4bv,Late gene therapy limits the restoration of retinal function in a mouse model of retinitis pigmentosa,10.5061/dryad.rv15dv4bv,5,5,True,official_file_listing_confirmed,104,13737601388,83,7M_2020_12_17_0GFAPmCAR60xz005.nd2,84230144,,True,copied
dryad_rv15dv4bv,Late gene therapy limits the restoration of retinal function in a mouse model of retinitis pigmentosa,10.5061/dryad.rv15dv4bv,5,5,True,official_file_listing_confirmed,104,13737601388,84,7M_2020_12_17_mCar_60xz_sec1_003.nd2,84258816,,True,copied
dryad_rv15dv4bv,Late gene therapy limits the restoration of retinal function in a mouse model of retinitis pigmentosa,10.5061/dryad.rv15dv4bv,5,5,True,official_file_listing_confirmed,104,13737601388,85,7M_2020_12_17_mCar_60xz_sec1_004.nd2,67465216,,True,copied
dryad_rv15dv4bv,Late gene therapy limits the restoration of retinal function in a mouse model of retinitis pigmentosa,10.5061/dryad.rv15dv4bv,5,5,True,official_file_listing_confirmed,104,13737601388,86,7M_2020_12_17_mCar_60xz_sec8_.nd2,96854016,,True,copied
dryad_rv15dv4bv,Late gene therapy limits the restoration of retinal function in a mouse model of retinitis pigmentosa,10.5061/dryad.rv15dv4bv,5,5,True,official_file_listing_confirmed,104,13737601388,87,7M_2020_12_17_mCar_60xz_sec8_001.nd2,105250816,,True,copied
dryad_rv15dv4bv,Late gene therapy limits the restoration of retinal function in a mouse model of retinitis pigmentosa,10.5061/dryad.rv15dv4bv,5,5,True,official_file_listing_confirmed,104,13737601388,88,7M_2020_12_17_mGluR6CtBP2_60xz003.nd2,134586368,,True,copied
dryad_rv15dv4bv,Late gene therapy limits the restoration of retinal function in a mouse model of retinitis pigmentosa,10.5061/dryad.rv15dv4bv,5,5,True,official_file_listing_confirmed,104,13737601388,89,7M_2020-05-19-0_CtBP2GPR179_60x001.nd2,134471680,,True,copied
dryad_rv15dv4bv,Late gene therapy limits the restoration of retinal function in a mouse model of retinitis pigmentosa,10.5061/dryad.rv15dv4bv,5,5,True,official_file_listing_confirmed,104,13737601388,90,7M_2020-05-19-0_mglur6CtBP2_60xz020.nd2,126193664,,True,copied
dryad_rv15dv4bv,Late gene therapy limits the restoration of retinal function in a mouse model of retinitis pigmentosa,10.5061/dryad.rv15dv4bv,5,5,True,official_file_listing_confirmed,104,13737601388,91,7M_2020-12-17-0_CtBP2GPR179_60x.nd2,134471680,,True,copied
dryad_rv15dv4bv,Late gene therapy limits the restoration of retinal function in a mouse model of retinitis pigmentosa,10.5061/dryad.rv15dv4bv,5,5,True,official_file_listing_confirmed,104,13737601388,92,README.md,2144,,True,copied
dryad_rv15dv4bv,Late gene therapy limits the restoration of retinal function in a mouse model of retinitis pigmentosa,10.5061/dryad.rv15dv4bv,5,5,True,official_file_listing_confirmed,104,13737601388,93,WT_1249152R2LE_2019_09_10_0_calb_mCAR60xz001.nd2,119910400,,True,copied
dryad_rv15dv4bv,Late gene therapy limits the restoration of retinal function in a mouse model of retinitis pigmentosa,10.5061/dryad.rv15dv4bv,5,5,True,official_file_listing_confirmed,104,13737601388,94,WT_2020_12_16_0_RE_GFAPmCAR60xz008.nd2,159764480,,True,copied
dryad_rv15dv4bv,Late gene therapy limits the restoration of retinal function in a mouse model of retinitis pigmentosa,10.5061/dryad.rv15dv4bv,5,5,True,official_file_listing_confirmed,104,13737601388,95,WT_2020_12_16_mCar_Calb_60xz_sec1008.nd2,80060416,,True,copied
dryad_rv15dv4bv,Late gene therapy limits the restoration of retinal function in a mouse model of retinitis pigmentosa,10.5061/dryad.rv15dv4bv,5,5,True,official_file_listing_confirmed,104,13737601388,96,WT_2020_12_16_mCar_Calb_60xz_sec8007.nd2,151371776,,True,copied
dryad_rv15dv4bv,Late gene therapy limits the restoration of retinal function in a mouse model of retinitis pigmentosa,10.5061/dryad.rv15dv4bv,5,5,True,official_file_listing_confirmed,104,13737601388,97,WT_3M5M_2022-03-17-0_mglur6CtBP2_60xz025.nd2,109408256,,True,copied
dryad_rv15dv4bv,Late gene therapy limits the restoration of retinal function in a mouse model of retinitis pigmentosa,10.5061/dryad.rv15dv4bv,5,5,True,official_file_listing_confirmed,104,13737601388,98,WT_3M5M_2022-03-1760xzmglur6ctbp2001.nd2,84230144,,True,copied
dryad_rv15dv4bv,Late gene therapy limits the restoration of retinal function in a mouse model of retinitis pigmentosa,10.5061/dryad.rv15dv4bv,5,5,True,official_file_listing_confirmed,104,13737601388,99,WT_3M5M_mCar_60xz_sec1025.nd2,84258816,,True,copied
dryad_rv15dv4bv,Late gene therapy limits the restoration of retinal function in a mouse model of retinitis pigmentosa,10.5061/dryad.rv15dv4bv,5,5,True,official_file_listing_confirmed,104,13737601388,100,WT_3M5M_mCar_60xz_sec8021.nd2,88457216,,True,copied
dryad_rv15dv4bv,Late gene therapy limits the restoration of retinal function in a mouse model of retinitis pigmentosa,10.5061/dryad.rv15dv4bv,5,5,True,official_file_listing_confirmed,104,13737601388,101,WT_3M5M_mCar_60xz_sec8022.nd2,88457216,,True,copied
dryad_rv15dv4bv,Late gene therapy limits the restoration of retinal function in a mouse model of retinitis pigmentosa,10.5061/dryad.rv15dv4bv,5,5,True,official_file_listing_confirmed,104,13737601388,102,WT_3M5M_mCar_60xz_sec8023.nd2,88457216,,True,copied
dryad_rv15dv4bv,Late gene therapy limits the restoration of retinal function in a mouse model of retinitis pigmentosa,10.5061/dryad.rv15dv4bv,5,5,True,official_file_listing_confirmed,104,13737601388,103,WT_3M5M_mGluR6CtBP2_60xz.nd2,159764480,,True,copied
dryad_rv15dv4bv,Late gene therapy limits the restoration of retinal function in a mouse model of retinitis pigmentosa,10.5061/dryad.rv15dv4bv,5,5,True,official_file_listing_confirmed,104,13737601388,104,WT3M5M_CtBP2GPR179_60xz004.nd2,134586368,,True,copied
dryad_s1rn8pkhb,Transcriptional responses in a mouse model of silicone wire embolization induced acute retinal artery Ischemia and Reperfusion,10.5061/dryad.s1rn8pkhb,6,6,True,official_file_listing_confirmed,2,7907110,1,README.md,1846,text/markdown,True,created
dryad_s1rn8pkhb,Transcriptional responses in a mouse model of silicone wire embolization induced acute retinal artery Ischemia and Reperfusion,10.5061/dryad.s1rn8pkhb,6,6,True,official_file_listing_confirmed,2,7907110,2,Representation_matrix_data.zip,7905264,application/x-zip-compressed,True,copied
dryad_sbcc2fr6n,Exploring phenotypic diversity of pigmented traits and iris features in Pakistani population,10.5061/dryad.sbcc2fr6n,7,7,True,official_file_listing_confirmed,2,3176392,1,data_set-SALIHA_BASHIR-DRYAD_REPOSITORY.xlsx,3008139,application/vnd.openxmlformats-officedocument.spreadsheetml.sheet,True,created
dryad_sbcc2fr6n,Exploring phenotypic diversity of pigmented traits and iris features in Pakistani population,10.5061/dryad.sbcc2fr6n,7,7,True,official_file_listing_confirmed,2,3176392,2,README-DATASET-SALIHA-DRYADREPOSITORY_(1).pdf,168253,application/pdf,True,created
dryad_sbcc2fr7r,Gender and age-related differences of ccular biometric parameters in patients undergoing cataract surgery in Bosnia and Herzegovina,10.5061/dryad.sbcc2fr7r,8,8,True,official_file_listing_confirmed,2,301336,1,Gender_and_Age_Related_Differences_of_Ocular_Biometric_Parameters.xls,293376,application/vnd.ms-excel,True,copied
dryad_sbcc2fr7r,Gender and age-related differences of ccular biometric parameters in patients undergoing cataract surgery in Bosnia and Herzegovina,10.5061/dryad.sbcc2fr7r,8,8,True,official_file_listing_confirmed,2,301336,2,README.md,7960,text/markdown,True,created
dryad_sf7m0cggh,Robust semi-automatic vessel tracing in the human retinal image by an instance segmentation neural network,10.5061/dryad.sf7m0cggh,9,9,True,official_file_listing_confirmed,5,117131,1,global_trace_annotation_drive.xlsx,42952,application/vnd.openxmlformats-officedocument.spreadsheetml.sheet,True,copied
dryad_sf7m0cggh,Robust semi-automatic vessel tracing in the human retinal image by an instance segmentation neural network,10.5061/dryad.sf7m0cggh,9,9,True,official_file_listing_confirmed,5,117131,2,global_trace_annotation_new.xlsx,17253,application/vnd.openxmlformats-officedocument.spreadsheetml.sheet,True,copied
dryad_sf7m0cggh,Robust semi-automatic vessel tracing in the human retinal image by an instance segmentation neural network,10.5061/dryad.sf7m0cggh,9,9,True,official_file_listing_confirmed,5,117131,3,global_trace_result_drive.xlsx,34010,application/vnd.openxmlformats-officedocument.spreadsheetml.sheet,True,copied
dryad_sf7m0cggh,Robust semi-automatic vessel tracing in the human retinal image by an instance segmentation neural network,10.5061/dryad.sf7m0cggh,9,9,True,official_file_listing_confirmed,5,117131,4,global_trace_result_new.xlsx,19095,application/vnd.openxmlformats-officedocument.spreadsheetml.sheet,True,copied
dryad_sf7m0cggh,Robust semi-automatic vessel tracing in the human retinal image by an instance segmentation neural network,10.5061/dryad.sf7m0cggh,9,9,True,official_file_listing_confirmed,5,117131,5,README.md,3821,text/markdown,True,created
dryad_shanghai_myopia_2014_2018,"Age-related change of axial length, spherical equivalent, prevalence of myopia and high myopia in school-age children in Shanghai: 2014 to 2018",10.5061/dryad.c2fqz615c,4,4,True,official_file_listing_confirmed,2,2318884,1,DATA.xls,2306560,application/octet-stream,True,created
dryad_shanghai_myopia_2014_2018,"Age-related change of axial length, spherical equivalent, prevalence of myopia and high myopia in school-age children in Shanghai: 2014 to 2018",10.5061/dryad.c2fqz615c,4,4,True,official_file_listing_confirmed,2,2318884,2,README.docx,12324,application/octet-stream,True,created
dryad_sn02v6x2x,Data from: Corneal laser procedure for vision improvement in patients with late stage dry age-related macular degeneration,10.5061/dryad.sn02v6x2x,4,4,True,official_file_listing_confirmed,1,253440,1,F1000Research_Dataset_1_-_Corneal_laser_procedure_-_with_age_ranges.xls,253440,application/vnd.ms-excel,True,created
dryad_spata7_canine_retinal_degeneration,Canine SPATA7 Retinal Degeneration Dataset,10.5061/dryad.3tx95x6n6,4,4,True,official_file_listing_confirmed,5,34380282367,1,Pood_RET.tfam,883,,True,copied
dryad_spata7_canine_retinal_degeneration,Canine SPATA7 Retinal Degeneration Dataset,10.5061/dryad.3tx95x6n6,4,4,True,official_file_listing_confirmed,5,34380282367,2,Pood_Ret.tped,1532945,,True,copied
dryad_spata7_canine_retinal_degeneration,Canine SPATA7 Retinal Degeneration Dataset,10.5061/dryad.3tx95x6n6,4,4,True,official_file_listing_confirmed,5,34380282367,3,README.md,460,text/markdown,True,copied
dryad_spata7_canine_retinal_degeneration,Canine SPATA7 Retinal Degeneration Dataset,10.5061/dryad.3tx95x6n6,4,4,True,official_file_listing_confirmed,5,34380282367,4,SP003_R1.fastq.gz,15958431860,application/x-gzip,True,copied
dryad_spata7_canine_retinal_degeneration,Canine SPATA7 Retinal Degeneration Dataset,10.5061/dryad.3tx95x6n6,4,4,True,official_file_listing_confirmed,5,34380282367,5,SP003_R2.fastq.gz,18420316219,application/x-gzip,True,copied
dryad_stargardt_wes,Stargardt Disease WES Variant Dataset,10.5061/dryad.0qk7f,1,1,True,official_file_listing_confirmed,1,284937,1,All variants of five known STGD genes in 33 patients by WES.xlsx,284937,application/vnd.openxmlformats-officedocument.spreadsheetml.sheet,True,created
dryad_subretinal_fibrosis_adora2a,Inactivation of adenosine receptor 2A suppresses endothelial-to-mesenchymal transition and inhibits subretinal fibrosis in mice,10.5061/dryad.hx3ffbgmv,6,6,True,official_file_listing_confirmed,45,10972741,1,032222QQM1.wiff,225280,,True,copied
dryad_subretinal_fibrosis_adora2a,Inactivation of adenosine receptor 2A suppresses endothelial-to-mesenchymal transition and inhibits subretinal fibrosis in mice,10.5061/dryad.hx3ffbgmv,6,6,True,official_file_listing_confirmed,45,10972741,2,032222QQM1.wiff.scan,308904,,True,copied
dryad_subretinal_fibrosis_adora2a,Inactivation of adenosine receptor 2A suppresses endothelial-to-mesenchymal transition and inhibits subretinal fibrosis in mice,10.5061/dryad.hx3ffbgmv,6,6,True,official_file_listing_confirmed,45,10972741,3,032222QQM10.wiff,225280,,True,copied
dryad_subretinal_fibrosis_adora2a,Inactivation of adenosine receptor 2A suppresses endothelial-to-mesenchymal transition and inhibits subretinal fibrosis in mice,10.5061/dryad.hx3ffbgmv,6,6,True,official_file_listing_confirmed,45,10972741,4,032222QQM10.wiff.scan,314104,,True,copied
dryad_subretinal_fibrosis_adora2a,Inactivation of adenosine receptor 2A suppresses endothelial-to-mesenchymal transition and inhibits subretinal fibrosis in mice,10.5061/dryad.hx3ffbgmv,6,6,True,official_file_listing_confirmed,45,10972741,5,032222QQM11.wiff,225280,,True,copied
dryad_subretinal_fibrosis_adora2a,Inactivation of adenosine receptor 2A suppresses endothelial-to-mesenchymal transition and inhibits subretinal fibrosis in mice,10.5061/dryad.hx3ffbgmv,6,6,True,official_file_listing_confirmed,45,10972741,6,032222QQM11.wiff.scan,315660,,True,copied
dryad_subretinal_fibrosis_adora2a,Inactivation of adenosine receptor 2A suppresses endothelial-to-mesenchymal transition and inhibits subretinal fibrosis in mice,10.5061/dryad.hx3ffbgmv,6,6,True,official_file_listing_confirmed,45,10972741,7,032222QQM12.wiff,225280,,True,copied
dryad_subretinal_fibrosis_adora2a,Inactivation of adenosine receptor 2A suppresses endothelial-to-mesenchymal transition and inhibits subretinal fibrosis in mice,10.5061/dryad.hx3ffbgmv,6,6,True,official_file_listing_confirmed,45,10972741,8,032222QQM12.wiff.scan,311276,,True,copied
dryad_subretinal_fibrosis_adora2a,Inactivation of adenosine receptor 2A suppresses endothelial-to-mesenchymal transition and inhibits subretinal fibrosis in mice,10.5061/dryad.hx3ffbgmv,6,6,True,official_file_listing_confirmed,45,10972741,9,032222QQM13.wiff,225280,,True,copied
dryad_subretinal_fibrosis_adora2a,Inactivation of adenosine receptor 2A suppresses endothelial-to-mesenchymal transition and inhibits subretinal fibrosis in mice,10.5061/dryad.hx3ffbgmv,6,6,True,official_file_listing_confirmed,45,10972741,10,032222QQM13.wiff.scan,315388,,True,copied
dryad_subretinal_fibrosis_adora2a,Inactivation of adenosine receptor 2A suppresses endothelial-to-mesenchymal transition and inhibits subretinal fibrosis in mice,10.5061/dryad.hx3ffbgmv,6,6,True,official_file_listing_confirmed,45,10972741,11,032222QQM14.wiff,225280,,True,copied
dryad_subretinal_fibrosis_adora2a,Inactivation of adenosine receptor 2A suppresses endothelial-to-mesenchymal transition and inhibits subretinal fibrosis in mice,10.5061/dryad.hx3ffbgmv,6,6,True,official_file_listing_confirmed,45,10972741,12,032222QQM14.wiff.scan,316476,,True,copied
dryad_subretinal_fibrosis_adora2a,Inactivation of adenosine receptor 2A suppresses endothelial-to-mesenchymal transition and inhibits subretinal fibrosis in mice,10.5061/dryad.hx3ffbgmv,6,6,True,official_file_listing_confirmed,45,10972741,13,032222QQM15.wiff,225280,,True,copied
dryad_subretinal_fibrosis_adora2a,Inactivation of adenosine receptor 2A suppresses endothelial-to-mesenchymal transition and inhibits subretinal fibrosis in mice,10.5061/dryad.hx3ffbgmv,6,6,True,official_file_listing_confirmed,45,10972741,14,032222QQM15.wiff.scan,308680,,True,copied
dryad_subretinal_fibrosis_adora2a,Inactivation of adenosine receptor 2A suppresses endothelial-to-mesenchymal transition and inhibits subretinal fibrosis in mice,10.5061/dryad.hx3ffbgmv,6,6,True,official_file_listing_confirmed,45,10972741,15,032222QQM16.wiff,225280,,True,copied
dryad_subretinal_fibrosis_adora2a,Inactivation of adenosine receptor 2A suppresses endothelial-to-mesenchymal transition and inhibits subretinal fibrosis in mice,10.5061/dryad.hx3ffbgmv,6,6,True,official_file_listing_confirmed,45,10972741,16,032222QQM16.wiff.scan,316200,,True,copied
dryad_subretinal_fibrosis_adora2a,Inactivation of adenosine receptor 2A suppresses endothelial-to-mesenchymal transition and inhibits subretinal fibrosis in mice,10.5061/dryad.hx3ffbgmv,6,6,True,official_file_listing_confirmed,45,10972741,17,032222QQM17.wiff,225280,,True,copied
dryad_subretinal_fibrosis_adora2a,Inactivation of adenosine receptor 2A suppresses endothelial-to-mesenchymal transition and inhibits subretinal fibrosis in mice,10.5061/dryad.hx3ffbgmv,6,6,True,official_file_listing_confirmed,45,10972741,18,032222QQM17.wiff.scan,316800,,True,copied
dryad_subretinal_fibrosis_adora2a,Inactivation of adenosine receptor 2A suppresses endothelial-to-mesenchymal transition and inhibits subretinal fibrosis in mice,10.5061/dryad.hx3ffbgmv,6,6,True,official_file_listing_confirmed,45,10972741,19,032222QQM18.wiff,225280,,True,copied
dryad_subretinal_fibrosis_adora2a,Inactivation of adenosine receptor 2A suppresses endothelial-to-mesenchymal transition and inhibits subretinal fibrosis in mice,10.5061/dryad.hx3ffbgmv,6,6,True,official_file_listing_confirmed,45,10972741,20,032222QQM18.wiff.scan,304008,,True,copied
dryad_subretinal_fibrosis_adora2a,Inactivation of adenosine receptor 2A suppresses endothelial-to-mesenchymal transition and inhibits subretinal fibrosis in mice,10.5061/dryad.hx3ffbgmv,6,6,True,official_file_listing_confirmed,45,10972741,21,032222QQM19.wiff,225280,,True,copied
dryad_subretinal_fibrosis_adora2a,Inactivation of adenosine receptor 2A suppresses endothelial-to-mesenchymal transition and inhibits subretinal fibrosis in mice,10.5061/dryad.hx3ffbgmv,6,6,True,official_file_listing_confirmed,45,10972741,22,032222QQM19.wiff.scan,309784,,True,copied
dryad_subretinal_fibrosis_adora2a,Inactivation of adenosine receptor 2A suppresses endothelial-to-mesenchymal transition and inhibits subretinal fibrosis in mice,10.5061/dryad.hx3ffbgmv,6,6,True,official_file_listing_confirmed,45,10972741,23,032222QQM2.wiff,225280,,True,copied
dryad_subretinal_fibrosis_adora2a,Inactivation of adenosine receptor 2A suppresses endothelial-to-mesenchymal transition and inhibits subretinal fibrosis in mice,10.5061/dryad.hx3ffbgmv,6,6,True,official_file_listing_confirmed,45,10972741,24,032222QQM2.wiff.scan,314232,,True,copied
dryad_subretinal_fibrosis_adora2a,Inactivation of adenosine receptor 2A suppresses endothelial-to-mesenchymal transition and inhibits subretinal fibrosis in mice,10.5061/dryad.hx3ffbgmv,6,6,True,official_file_listing_confirmed,45,10972741,25,032222QQM20.wiff,225280,,True,copied
dryad_subretinal_fibrosis_adora2a,Inactivation of adenosine receptor 2A suppresses endothelial-to-mesenchymal transition and inhibits subretinal fibrosis in mice,10.5061/dryad.hx3ffbgmv,6,6,True,official_file_listing_confirmed,45,10972741,26,032222QQM20.wiff.scan,309340,,True,copied
dryad_subretinal_fibrosis_adora2a,Inactivation of adenosine receptor 2A suppresses endothelial-to-mesenchymal transition and inhibits subretinal fibrosis in mice,10.5061/dryad.hx3ffbgmv,6,6,True,official_file_listing_confirmed,45,10972741,27,032222QQM3.wiff,225280,,True,copied
dryad_subretinal_fibrosis_adora2a,Inactivation of adenosine receptor 2A suppresses endothelial-to-mesenchymal transition and inhibits subretinal fibrosis in mice,10.5061/dryad.hx3ffbgmv,6,6,True,official_file_listing_confirmed,45,10972741,28,032222QQM3.wiff.scan,316832,,True,copied
dryad_subretinal_fibrosis_adora2a,Inactivation of adenosine receptor 2A suppresses endothelial-to-mesenchymal transition and inhibits subretinal fibrosis in mice,10.5061/dryad.hx3ffbgmv,6,6,True,official_file_listing_confirmed,45,10972741,29,032222QQM4.wiff,225280,,True,copied
dryad_subretinal_fibrosis_adora2a,Inactivation of adenosine receptor 2A suppresses endothelial-to-mesenchymal transition and inhibits subretinal fibrosis in mice,10.5061/dryad.hx3ffbgmv,6,6,True,official_file_listing_confirmed,45,10972741,30,032222QQM4.wiff.scan,314824,,True,copied
dryad_subretinal_fibrosis_adora2a,Inactivation of adenosine receptor 2A suppresses endothelial-to-mesenchymal transition and inhibits subretinal fibrosis in mice,10.5061/dryad.hx3ffbgmv,6,6,True,official_file_listing_confirmed,45,10972741,31,032222QQM5.wiff,225280,,True,copied
dryad_subretinal_fibrosis_adora2a,Inactivation of adenosine receptor 2A suppresses endothelial-to-mesenchymal transition and inhibits subretinal fibrosis in mice,10.5061/dryad.hx3ffbgmv,6,6,True,official_file_listing_confirmed,45,10972741,32,032222QQM5.wiff.scan,315512,,True,copied
dryad_subretinal_fibrosis_adora2a,Inactivation of adenosine receptor 2A suppresses endothelial-to-mesenchymal transition and inhibits subretinal fibrosis in mice,10.5061/dryad.hx3ffbgmv,6,6,True,official_file_listing_confirmed,45,10972741,33,032222QQM6.wiff,225280,,True,copied
dryad_subretinal_fibrosis_adora2a,Inactivation of adenosine receptor 2A suppresses endothelial-to-mesenchymal transition and inhibits subretinal fibrosis in mice,10.5061/dryad.hx3ffbgmv,6,6,True,official_file_listing_confirmed,45,10972741,34,032222QQM6.wiff.scan,319592,,True,copied
dryad_subretinal_fibrosis_adora2a,Inactivation of adenosine receptor 2A suppresses endothelial-to-mesenchymal transition and inhibits subretinal fibrosis in mice,10.5061/dryad.hx3ffbgmv,6,6,True,official_file_listing_confirmed,45,10972741,35,032222QQM7.wiff,225280,,True,copied
dryad_subretinal_fibrosis_adora2a,Inactivation of adenosine receptor 2A suppresses endothelial-to-mesenchymal transition and inhibits subretinal fibrosis in mice,10.5061/dryad.hx3ffbgmv,6,6,True,official_file_listing_confirmed,45,10972741,36,032222QQM7.wiff.scan,321232,,True,copied
dryad_subretinal_fibrosis_adora2a,Inactivation of adenosine receptor 2A suppresses endothelial-to-mesenchymal transition and inhibits subretinal fibrosis in mice,10.5061/dryad.hx3ffbgmv,6,6,True,official_file_listing_confirmed,45,10972741,37,032222QQM8.wiff,225280,,True,copied
dryad_subretinal_fibrosis_adora2a,Inactivation of adenosine receptor 2A suppresses endothelial-to-mesenchymal transition and inhibits subretinal fibrosis in mice,10.5061/dryad.hx3ffbgmv,6,6,True,official_file_listing_confirmed,45,10972741,38,032222QQM8.wiff.scan,332792,,True,copied
dryad_subretinal_fibrosis_adora2a,Inactivation of adenosine receptor 2A suppresses endothelial-to-mesenchymal transition and inhibits subretinal fibrosis in mice,10.5061/dryad.hx3ffbgmv,6,6,True,official_file_listing_confirmed,45,10972741,39,032222QQM9.wiff,225280,,True,copied
dryad_subretinal_fibrosis_adora2a,Inactivation of adenosine receptor 2A suppresses endothelial-to-mesenchymal transition and inhibits subretinal fibrosis in mice,10.5061/dryad.hx3ffbgmv,6,6,True,official_file_listing_confirmed,45,10972741,40,032222QQM9.wiff.scan,325488,,True,copied
dryad_subretinal_fibrosis_adora2a,Inactivation of adenosine receptor 2A suppresses endothelial-to-mesenchymal transition and inhibits subretinal fibrosis in mice,10.5061/dryad.hx3ffbgmv,6,6,True,official_file_listing_confirmed,45,10972741,41,032322QqmaMets1_20.txt,102217,text/plain,True,copied
dryad_subretinal_fibrosis_adora2a,Inactivation of adenosine receptor 2A suppresses endothelial-to-mesenchymal transition and inhibits subretinal fibrosis in mice,10.5061/dryad.hx3ffbgmv,6,6,True,official_file_listing_confirmed,45,10972741,42,m_z_values_metabolomics.xlsx,17514,application/vnd.openxmlformats-officedocument.spreadsheetml.sheet,True,copied
dryad_subretinal_fibrosis_adora2a,Inactivation of adenosine receptor 2A suppresses endothelial-to-mesenchymal transition and inhibits subretinal fibrosis in mice,10.5061/dryad.hx3ffbgmv,6,6,True,official_file_listing_confirmed,45,10972741,43,Polar_Metabolite_Targeted_List_KEGG_IDs.xlsx,25452,application/vnd.openxmlformats-officedocument.spreadsheetml.sheet,True,copied
dryad_subretinal_fibrosis_adora2a,Inactivation of adenosine receptor 2A suppresses endothelial-to-mesenchymal transition and inhibits subretinal fibrosis in mice,10.5061/dryad.hx3ffbgmv,6,6,True,official_file_listing_confirmed,45,10972741,44,README.md,4345,text/markdown,True,created
dryad_subretinal_fibrosis_adora2a,Inactivation of adenosine receptor 2A suppresses endothelial-to-mesenchymal transition and inhibits subretinal fibrosis in mice,10.5061/dryad.hx3ffbgmv,6,6,True,official_file_listing_confirmed,45,10972741,45,Sample_Treatment_and_protein.xlsx,10489,application/vnd.openxmlformats-officedocument.spreadsheetml.sheet,True,copied
dryad_subretinal_robot,Head-Mounted Robot Subretinal Injection Dataset,10.5061/dryad.w0vt4b91w,,4,False,official_file_listing_confirmed,2,2480715881,1,DataAndCode.zip,2480708854,application/x-zip-compressed,True,created
dryad_subretinal_robot,Head-Mounted Robot Subretinal Injection Dataset,10.5061/dryad.w0vt4b91w,,4,False,official_file_listing_confirmed,2,2480715881,2,README.md,7027,text/markdown,True,copied
dryad_taizhou_cataract_outdoors,The association of outdoor activity and age-related cataract in a rural population of Taizhou Eye Study: phase 1 report,10.5061/dryad.gt410,1,1,True,official_file_listing_confirmed,1,1358848,1,new PONE-D-15-08786 original data set.xls,1358848,application/vnd.ms-excel,True,created
dryad_tb2rbp0cq,Serial block face scanning electron micrographs of mouse outer retina,10.5061/dryad.tb2rbp0cq,4,4,True,official_file_listing_confirmed,358,5051903547,1,README.md,1217,text/markdown,True,created
dryad_tb2rbp0cq,Serial block face scanning electron micrographs of mouse outer retina,10.5061/dryad.tb2rbp0cq,4,4,True,official_file_listing_confirmed,358,5051903547,2,Retina_000.tif,14214586,image/tiff,True,copied
dryad_tb2rbp0cq,Serial block face scanning electron micrographs of mouse outer retina,10.5061/dryad.tb2rbp0cq,4,4,True,official_file_listing_confirmed,358,5051903547,3,Retina_001.tif,14338586,image/tiff,True,copied
dryad_tb2rbp0cq,Serial block face scanning electron micrographs of mouse outer retina,10.5061/dryad.tb2rbp0cq,4,4,True,official_file_listing_confirmed,358,5051903547,4,Retina_002.tif,14271516,image/tiff,True,copied
dryad_tb2rbp0cq,Serial block face scanning electron micrographs of mouse outer retina,10.5061/dryad.tb2rbp0cq,4,4,True,official_file_listing_confirmed,358,5051903547,5,Retina_003.tif,14297716,image/tiff,True,copied
dryad_tb2rbp0cq,Serial block face scanning electron micrographs of mouse outer retina,10.5061/dryad.tb2rbp0cq,4,4,True,official_file_listing_confirmed,358,5051903547,6,Retina_004.tif,14285550,image/tiff,True,copied
dryad_tb2rbp0cq,Serial block face scanning electron micrographs of mouse outer retina,10.5061/dryad.tb2rbp0cq,4,4,True,official_file_listing_confirmed,358,5051903547,7,Retina_005.tif,14336466,image/tiff,True,copied
dryad_tb2rbp0cq,Serial block face scanning electron micrographs of mouse outer retina,10.5061/dryad.tb2rbp0cq,4,4,True,official_file_listing_confirmed,358,5051903547,8,Retina_006.tif,14288674,image/tiff,True,copied
dryad_tb2rbp0cq,Serial block face scanning electron micrographs of mouse outer retina,10.5061/dryad.tb2rbp0cq,4,4,True,official_file_listing_confirmed,358,5051903547,9,Retina_007.tif,14347270,image/tiff,True,copied
dryad_tb2rbp0cq,Serial block face scanning electron micrographs of mouse outer retina,10.5061/dryad.tb2rbp0cq,4,4,True,official_file_listing_confirmed,358,5051903547,10,Retina_008.tif,14314230,image/tiff,True,copied
dryad_tb2rbp0cq,Serial block face scanning electron micrographs of mouse outer retina,10.5061/dryad.tb2rbp0cq,4,4,True,official_file_listing_confirmed,358,5051903547,11,Retina_009.tif,14307780,image/tiff,True,copied
dryad_tb2rbp0cq,Serial block face scanning electron micrographs of mouse outer retina,10.5061/dryad.tb2rbp0cq,4,4,True,official_file_listing_confirmed,358,5051903547,12,Retina_010.tif,14324678,image/tiff,True,copied
dryad_tb2rbp0cq,Serial block face scanning electron micrographs of mouse outer retina,10.5061/dryad.tb2rbp0cq,4,4,True,official_file_listing_confirmed,358,5051903547,13,Retina_011.tif,14298582,image/tiff,True,copied
dryad_tb2rbp0cq,Serial block face scanning electron micrographs of mouse outer retina,10.5061/dryad.tb2rbp0cq,4,4,True,official_file_listing_confirmed,358,5051903547,14,Retina_012.tif,14298032,image/tiff,True,copied
dryad_tb2rbp0cq,Serial block face scanning electron micrographs of mouse outer retina,10.5061/dryad.tb2rbp0cq,4,4,True,official_file_listing_confirmed,358,5051903547,15,Retina_013.tif,14294664,image/tiff,True,copied
dryad_tb2rbp0cq,Serial block face scanning electron micrographs of mouse outer retina,10.5061/dryad.tb2rbp0cq,4,4,True,official_file_listing_confirmed,358,5051903547,16,Retina_014.tif,14285120,image/tiff,True,copied
dryad_tb2rbp0cq,Serial block face scanning electron micrographs of mouse outer retina,10.5061/dryad.tb2rbp0cq,4,4,True,official_file_listing_confirmed,358,5051903547,17,Retina_015.tif,14328724,image/tiff,True,copied
dryad_tb2rbp0cq,Serial block face scanning electron micrographs of mouse outer retina,10.5061/dryad.tb2rbp0cq,4,4,True,official_file_listing_confirmed,358,5051903547,18,Retina_016.tif,14282828,image/tiff,True,copied
dryad_tb2rbp0cq,Serial block face scanning electron micrographs of mouse outer retina,10.5061/dryad.tb2rbp0cq,4,4,True,official_file_listing_confirmed,358,5051903547,19,Retina_017.tif,14336210,image/tiff,True,copied
dryad_tb2rbp0cq,Serial block face scanning electron micrographs of mouse outer retina,10.5061/dryad.tb2rbp0cq,4,4,True,official_file_listing_confirmed,358,5051903547,20,Retina_018.tif,14301866,image/tiff,True,copied
dryad_tb2rbp0cq,Serial block face scanning electron micrographs of mouse outer retina,10.5061/dryad.tb2rbp0cq,4,4,True,official_file_listing_confirmed,358,5051903547,21,Retina_019.tif,14319186,image/tiff,True,copied
dryad_tb2rbp0cq,Serial block face scanning electron micrographs of mouse outer retina,10.5061/dryad.tb2rbp0cq,4,4,True,official_file_listing_confirmed,358,5051903547,22,Retina_020.tif,14342814,image/tiff,True,copied
dryad_tb2rbp0cq,Serial block face scanning electron micrographs of mouse outer retina,10.5061/dryad.tb2rbp0cq,4,4,True,official_file_listing_confirmed,358,5051903547,23,Retina_021.tif,14341410,image/tiff,True,copied
dryad_tb2rbp0cq,Serial block face scanning electron micrographs of mouse outer retina,10.5061/dryad.tb2rbp0cq,4,4,True,official_file_listing_confirmed,358,5051903547,24,Retina_022.tif,14345100,image/tiff,True,copied
dryad_tb2rbp0cq,Serial block face scanning electron micrographs of mouse outer retina,10.5061/dryad.tb2rbp0cq,4,4,True,official_file_listing_confirmed,358,5051903547,25,Retina_023.tif,14353938,image/tiff,True,copied
dryad_tb2rbp0cq,Serial block face scanning electron micrographs of mouse outer retina,10.5061/dryad.tb2rbp0cq,4,4,True,official_file_listing_confirmed,358,5051903547,26,Retina_024.tif,14351902,image/tiff,True,copied
dryad_tb2rbp0cq,Serial block face scanning electron micrographs of mouse outer retina,10.5061/dryad.tb2rbp0cq,4,4,True,official_file_listing_confirmed,358,5051903547,27,Retina_025.tif,14345788,image/tiff,True,copied
dryad_tb2rbp0cq,Serial block face scanning electron micrographs of mouse outer retina,10.5061/dryad.tb2rbp0cq,4,4,True,official_file_listing_confirmed,358,5051903547,28,Retina_026.tif,14339174,image/tiff,True,copied
dryad_tb2rbp0cq,Serial block face scanning electron micrographs of mouse outer retina,10.5061/dryad.tb2rbp0cq,4,4,True,official_file_listing_confirmed,358,5051903547,29,Retina_027.tif,14335416,image/tiff,True,copied
dryad_tb2rbp0cq,Serial block face scanning electron micrographs of mouse outer retina,10.5061/dryad.tb2rbp0cq,4,4,True,official_file_listing_confirmed,358,5051903547,30,Retina_028.tif,14327346,image/tiff,True,copied
dryad_tb2rbp0cq,Serial block face scanning electron micrographs of mouse outer retina,10.5061/dryad.tb2rbp0cq,4,4,True,official_file_listing_confirmed,358,5051903547,31,Retina_029.tif,14339540,image/tiff,True,copied
dryad_tb2rbp0cq,Serial block face scanning electron micrographs of mouse outer retina,10.5061/dryad.tb2rbp0cq,4,4,True,official_file_listing_confirmed,358,5051903547,32,Retina_030.tif,14330384,image/tiff,True,copied
dryad_tb2rbp0cq,Serial block face scanning electron micrographs of mouse outer retina,10.5061/dryad.tb2rbp0cq,4,4,True,official_file_listing_confirmed,358,5051903547,33,Retina_031.tif,14320522,image/tiff,True,copied
dryad_tb2rbp0cq,Serial block face scanning electron micrographs of mouse outer retina,10.5061/dryad.tb2rbp0cq,4,4,True,official_file_listing_confirmed,358,5051903547,34,Retina_032.tif,14319620,image/tiff,True,copied
dryad_tb2rbp0cq,Serial block face scanning electron micrographs of mouse outer retina,10.5061/dryad.tb2rbp0cq,4,4,True,official_file_listing_confirmed,358,5051903547,35,Retina_033.tif,14311938,image/tiff,True,copied
dryad_tb2rbp0cq,Serial block face scanning electron micrographs of mouse outer retina,10.5061/dryad.tb2rbp0cq,4,4,True,official_file_listing_confirmed,358,5051903547,36,Retina_034.tif,14314750,image/tiff,True,copied
dryad_tb2rbp0cq,Serial block face scanning electron micrographs of mouse outer retina,10.5061/dryad.tb2rbp0cq,4,4,True,official_file_listing_confirmed,358,5051903547,37,Retina_035.tif,14295926,image/tiff,True,copied
dryad_tb2rbp0cq,Serial block face scanning electron micrographs of mouse outer retina,10.5061/dryad.tb2rbp0cq,4,4,True,official_file_listing_confirmed,358,5051903547,38,Retina_036.tif,14297030,image/tiff,True,copied
dryad_tb2rbp0cq,Serial block face scanning electron micrographs of mouse outer retina,10.5061/dryad.tb2rbp0cq,4,4,True,official_file_listing_confirmed,358,5051903547,39,Retina_037.tif,14287320,image/tiff,True,copied
dryad_tb2rbp0cq,Serial block face scanning electron micrographs of mouse outer retina,10.5061/dryad.tb2rbp0cq,4,4,True,official_file_listing_confirmed,358,5051903547,40,Retina_038.tif,14284462,image/tiff,True,copied
dryad_tb2rbp0cq,Serial block face scanning electron micrographs of mouse outer retina,10.5061/dryad.tb2rbp0cq,4,4,True,official_file_listing_confirmed,358,5051903547,41,Retina_039.tif,14269766,image/tiff,True,copied
dryad_tb2rbp0cq,Serial block face scanning electron micrographs of mouse outer retina,10.5061/dryad.tb2rbp0cq,4,4,True,official_file_listing_confirmed,358,5051903547,42,Retina_040.tif,14272454,image/tiff,True,copied
dryad_tb2rbp0cq,Serial block face scanning electron micrographs of mouse outer retina,10.5061/dryad.tb2rbp0cq,4,4,True,official_file_listing_confirmed,358,5051903547,43,Retina_041.tif,14271744,image/tiff,True,copied
dryad_tb2rbp0cq,Serial block face scanning electron micrographs of mouse outer retina,10.5061/dryad.tb2rbp0cq,4,4,True,official_file_listing_confirmed,358,5051903547,44,Retina_042.tif,14272556,image/tiff,True,copied
dryad_tb2rbp0cq,Serial block face scanning electron micrographs of mouse outer retina,10.5061/dryad.tb2rbp0cq,4,4,True,official_file_listing_confirmed,358,5051903547,45,Retina_043.tif,14261434,image/tiff,True,copied
dryad_tb2rbp0cq,Serial block face scanning electron micrographs of mouse outer retina,10.5061/dryad.tb2rbp0cq,4,4,True,official_file_listing_confirmed,358,5051903547,46,Retina_044.tif,14250702,image/tiff,True,copied
dryad_tb2rbp0cq,Serial block face scanning electron micrographs of mouse outer retina,10.5061/dryad.tb2rbp0cq,4,4,True,official_file_listing_confirmed,358,5051903547,47,Retina_045.tif,14245384,image/tiff,True,copied
dryad_tb2rbp0cq,Serial block face scanning electron micrographs of mouse outer retina,10.5061/dryad.tb2rbp0cq,4,4,True,official_file_listing_confirmed,358,5051903547,48,Retina_046.tif,14251888,image/tiff,True,copied
dryad_tb2rbp0cq,Serial block face scanning electron micrographs of mouse outer retina,10.5061/dryad.tb2rbp0cq,4,4,True,official_file_listing_confirmed,358,5051903547,49,Retina_047.tif,14239038,image/tiff,True,copied
dryad_tb2rbp0cq,Serial block face scanning electron micrographs of mouse outer retina,10.5061/dryad.tb2rbp0cq,4,4,True,official_file_listing_confirmed,358,5051903547,50,Retina_048.tif,14238624,image/tiff,True,copied
dryad_tb2rbp0cq,Serial block face scanning electron micrographs of mouse outer retina,10.5061/dryad.tb2rbp0cq,4,4,True,official_file_listing_confirmed,358,5051903547,51,Retina_049.tif,14235206,image/tiff,True,copied
dryad_tb2rbp0cq,Serial block face scanning electron micrographs of mouse outer retina,10.5061/dryad.tb2rbp0cq,4,4,True,official_file_listing_confirmed,358,5051903547,52,Retina_050.tif,14222134,image/tiff,True,copied
dryad_tb2rbp0cq,Serial block face scanning electron micrographs of mouse outer retina,10.5061/dryad.tb2rbp0cq,4,4,True,official_file_listing_confirmed,358,5051903547,53,Retina_051.tif,14211318,image/tiff,True,copied
dryad_tb2rbp0cq,Serial block face scanning electron micrographs of mouse outer retina,10.5061/dryad.tb2rbp0cq,4,4,True,official_file_listing_confirmed,358,5051903547,54,Retina_052.tif,14215986,image/tiff,True,copied
dryad_tb2rbp0cq,Serial block face scanning electron micrographs of mouse outer retina,10.5061/dryad.tb2rbp0cq,4,4,True,official_file_listing_confirmed,358,5051903547,55,Retina_053.tif,14205542,image/tiff,True,copied
dryad_tb2rbp0cq,Serial block face scanning electron micrographs of mouse outer retina,10.5061/dryad.tb2rbp0cq,4,4,True,official_file_listing_confirmed,358,5051903547,56,Retina_054.tif,14188656,image/tiff,True,copied
dryad_tb2rbp0cq,Serial block face scanning electron micrographs of mouse outer retina,10.5061/dryad.tb2rbp0cq,4,4,True,official_file_listing_confirmed,358,5051903547,57,Retina_055.tif,14175580,image/tiff,True,copied
dryad_tb2rbp0cq,Serial block face scanning electron micrographs of mouse outer retina,10.5061/dryad.tb2rbp0cq,4,4,True,official_file_listing_confirmed,358,5051903547,58,Retina_056.tif,14271306,image/tiff,True,copied
dryad_tb2rbp0cq,Serial block face scanning electron micrographs of mouse outer retina,10.5061/dryad.tb2rbp0cq,4,4,True,official_file_listing_confirmed,358,5051903547,59,Retina_057.tif,14259180,image/tiff,True,copied
dryad_tb2rbp0cq,Serial block face scanning electron micrographs of mouse outer retina,10.5061/dryad.tb2rbp0cq,4,4,True,official_file_listing_confirmed,358,5051903547,60,Retina_058.tif,14280518,image/tiff,True,copied
dryad_tb2rbp0cq,Serial block face scanning electron micrographs of mouse outer retina,10.5061/dryad.tb2rbp0cq,4,4,True,official_file_listing_confirmed,358,5051903547,61,Retina_059.tif,14233368,image/tiff,True,copied
dryad_tb2rbp0cq,Serial block face scanning electron micrographs of mouse outer retina,10.5061/dryad.tb2rbp0cq,4,4,True,official_file_listing_confirmed,358,5051903547,62,Retina_060.tif,14234068,image/tiff,True,copied
dryad_tb2rbp0cq,Serial block face scanning electron micrographs of mouse outer retina,10.5061/dryad.tb2rbp0cq,4,4,True,official_file_listing_confirmed,358,5051903547,63,Retina_061.tif,14238970,image/tiff,True,copied
dryad_tb2rbp0cq,Serial block face scanning electron micrographs of mouse outer retina,10.5061/dryad.tb2rbp0cq,4,4,True,official_file_listing_confirmed,358,5051903547,64,Retina_062.tif,14242626,image/tiff,True,copied
dryad_tb2rbp0cq,Serial block face scanning electron micrographs of mouse outer retina,10.5061/dryad.tb2rbp0cq,4,4,True,official_file_listing_confirmed,358,5051903547,65,Retina_063.tif,14230460,image/tiff,True,copied
dryad_tb2rbp0cq,Serial block face scanning electron micrographs of mouse outer retina,10.5061/dryad.tb2rbp0cq,4,4,True,official_file_listing_confirmed,358,5051903547,66,Retina_064.tif,14229054,image/tiff,True,copied
dryad_tb2rbp0cq,Serial block face scanning electron micrographs of mouse outer retina,10.5061/dryad.tb2rbp0cq,4,4,True,official_file_listing_confirmed,358,5051903547,67,Retina_065.tif,14235648,image/tiff,True,copied
dryad_tb2rbp0cq,Serial block face scanning electron micrographs of mouse outer retina,10.5061/dryad.tb2rbp0cq,4,4,True,official_file_listing_confirmed,358,5051903547,68,Retina_066.tif,14256628,image/tiff,True,copied
dryad_tb2rbp0cq,Serial block face scanning electron micrographs of mouse outer retina,10.5061/dryad.tb2rbp0cq,4,4,True,official_file_listing_confirmed,358,5051903547,69,Retina_067.tif,14223558,image/tiff,True,copied
dryad_tb2rbp0cq,Serial block face scanning electron micrographs of mouse outer retina,10.5061/dryad.tb2rbp0cq,4,4,True,official_file_listing_confirmed,358,5051903547,70,Retina_068.tif,14234204,image/tiff,True,copied
dryad_tb2rbp0cq,Serial block face scanning electron micrographs of mouse outer retina,10.5061/dryad.tb2rbp0cq,4,4,True,official_file_listing_confirmed,358,5051903547,71,Retina_069.tif,14239262,image/tiff,True,copied
dryad_tb2rbp0cq,Serial block face scanning electron micrographs of mouse outer retina,10.5061/dryad.tb2rbp0cq,4,4,True,official_file_listing_confirmed,358,5051903547,72,Retina_070.tif,14235610,image/tiff,True,copied
dryad_tb2rbp0cq,Serial block face scanning electron micrographs of mouse outer retina,10.5061/dryad.tb2rbp0cq,4,4,True,official_file_listing_confirmed,358,5051903547,73,Retina_071.tif,14234986,image/tiff,True,copied
dryad_tb2rbp0cq,Serial block face scanning electron micrographs of mouse outer retina,10.5061/dryad.tb2rbp0cq,4,4,True,official_file_listing_confirmed,358,5051903547,74,Retina_072.tif,14233700,image/tiff,True,copied
dryad_tb2rbp0cq,Serial block face scanning electron micrographs of mouse outer retina,10.5061/dryad.tb2rbp0cq,4,4,True,official_file_listing_confirmed,358,5051903547,75,Retina_073.tif,14227036,image/tiff,True,copied
dryad_tb2rbp0cq,Serial block face scanning electron micrographs of mouse outer retina,10.5061/dryad.tb2rbp0cq,4,4,True,official_file_listing_confirmed,358,5051903547,76,Retina_074.tif,14212782,image/tiff,True,copied
dryad_tb2rbp0cq,Serial block face scanning electron micrographs of mouse outer retina,10.5061/dryad.tb2rbp0cq,4,4,True,official_file_listing_confirmed,358,5051903547,77,Retina_075.tif,14209826,image/tiff,True,copied
dryad_tb2rbp0cq,Serial block face scanning electron micrographs of mouse outer retina,10.5061/dryad.tb2rbp0cq,4,4,True,official_file_listing_confirmed,358,5051903547,78,Retina_076.tif,14201606,image/tiff,True,copied
dryad_tb2rbp0cq,Serial block face scanning electron micrographs of mouse outer retina,10.5061/dryad.tb2rbp0cq,4,4,True,official_file_listing_confirmed,358,5051903547,79,Retina_077.tif,14192176,image/tiff,True,copied
dryad_tb2rbp0cq,Serial block face scanning electron micrographs of mouse outer retina,10.5061/dryad.tb2rbp0cq,4,4,True,official_file_listing_confirmed,358,5051903547,80,Retina_078.tif,14200806,image/tiff,True,copied
dryad_tb2rbp0cq,Serial block face scanning electron micrographs of mouse outer retina,10.5061/dryad.tb2rbp0cq,4,4,True,official_file_listing_confirmed,358,5051903547,81,Retina_079.tif,14196866,image/tiff,True,copied
dryad_tb2rbp0cq,Serial block face scanning electron micrographs of mouse outer retina,10.5061/dryad.tb2rbp0cq,4,4,True,official_file_listing_confirmed,358,5051903547,82,Retina_080.tif,14200254,image/tiff,True,copied
dryad_tb2rbp0cq,Serial block face scanning electron micrographs of mouse outer retina,10.5061/dryad.tb2rbp0cq,4,4,True,official_file_listing_confirmed,358,5051903547,83,Retina_081.tif,14193376,image/tiff,True,copied
dryad_tb2rbp0cq,Serial block face scanning electron micrographs of mouse outer retina,10.5061/dryad.tb2rbp0cq,4,4,True,official_file_listing_confirmed,358,5051903547,84,Retina_082.tif,14190606,image/tiff,True,copied
dryad_tb2rbp0cq,Serial block face scanning electron micrographs of mouse outer retina,10.5061/dryad.tb2rbp0cq,4,4,True,official_file_listing_confirmed,358,5051903547,85,Retina_083.tif,14182170,image/tiff,True,copied
dryad_tb2rbp0cq,Serial block face scanning electron micrographs of mouse outer retina,10.5061/dryad.tb2rbp0cq,4,4,True,official_file_listing_confirmed,358,5051903547,86,Retina_084.tif,14169224,image/tiff,True,copied
dryad_tb2rbp0cq,Serial block face scanning electron micrographs of mouse outer retina,10.5061/dryad.tb2rbp0cq,4,4,True,official_file_listing_confirmed,358,5051903547,87,Retina_085.tif,14169948,image/tiff,True,copied
dryad_tb2rbp0cq,Serial block face scanning electron micrographs of mouse outer retina,10.5061/dryad.tb2rbp0cq,4,4,True,official_file_listing_confirmed,358,5051903547,88,Retina_086.tif,14160810,image/tiff,True,copied
dryad_tb2rbp0cq,Serial block face scanning electron micrographs of mouse outer retina,10.5061/dryad.tb2rbp0cq,4,4,True,official_file_listing_confirmed,358,5051903547,89,Retina_087.tif,14167318,image/tiff,True,copied
dryad_tb2rbp0cq,Serial block face scanning electron micrographs of mouse outer retina,10.5061/dryad.tb2rbp0cq,4,4,True,official_file_listing_confirmed,358,5051903547,90,Retina_088.tif,14158648,image/tiff,True,copied
dryad_tb2rbp0cq,Serial block face scanning electron micrographs of mouse outer retina,10.5061/dryad.tb2rbp0cq,4,4,True,official_file_listing_confirmed,358,5051903547,91,Retina_089.tif,14145018,image/tiff,True,copied
dryad_tb2rbp0cq,Serial block face scanning electron micrographs of mouse outer retina,10.5061/dryad.tb2rbp0cq,4,4,True,official_file_listing_confirmed,358,5051903547,92,Retina_090.tif,14141858,image/tiff,True,copied
dryad_tb2rbp0cq,Serial block face scanning electron micrographs of mouse outer retina,10.5061/dryad.tb2rbp0cq,4,4,True,official_file_listing_confirmed,358,5051903547,93,Retina_091.tif,14135912,image/tiff,True,copied
dryad_tb2rbp0cq,Serial block face scanning electron micrographs of mouse outer retina,10.5061/dryad.tb2rbp0cq,4,4,True,official_file_listing_confirmed,358,5051903547,94,Retina_092.tif,14129574,image/tiff,True,copied
dryad_tb2rbp0cq,Serial block face scanning electron micrographs of mouse outer retina,10.5061/dryad.tb2rbp0cq,4,4,True,official_file_listing_confirmed,358,5051903547,95,Retina_093.tif,14128924,image/tiff,True,copied
dryad_tb2rbp0cq,Serial block face scanning electron micrographs of mouse outer retina,10.5061/dryad.tb2rbp0cq,4,4,True,official_file_listing_confirmed,358,5051903547,96,Retina_094.tif,14117614,image/tiff,True,copied
dryad_tb2rbp0cq,Serial block face scanning electron micrographs of mouse outer retina,10.5061/dryad.tb2rbp0cq,4,4,True,official_file_listing_confirmed,358,5051903547,97,Retina_095.tif,14109004,image/tiff,True,copied
dryad_tb2rbp0cq,Serial block face scanning electron micrographs of mouse outer retina,10.5061/dryad.tb2rbp0cq,4,4,True,official_file_listing_confirmed,358,5051903547,98,Retina_096.tif,14114662,image/tiff,True,copied
dryad_tb2rbp0cq,Serial block face scanning electron micrographs of mouse outer retina,10.5061/dryad.tb2rbp0cq,4,4,True,official_file_listing_confirmed,358,5051903547,99,Retina_097.tif,14102642,image/tiff,True,copied
dryad_tb2rbp0cq,Serial block face scanning electron micrographs of mouse outer retina,10.5061/dryad.tb2rbp0cq,4,4,True,official_file_listing_confirmed,358,5051903547,100,Retina_098.tif,14120748,image/tiff,True,copied
dryad_tb2rbp0cq,Serial block face scanning electron micrographs of mouse outer retina,10.5061/dryad.tb2rbp0cq,4,4,True,official_file_listing_confirmed,358,5051903547,101,Retina_099.tif,14101834,image/tiff,True,copied
dryad_tb2rbp0cq,Serial block face scanning electron micrographs of mouse outer retina,10.5061/dryad.tb2rbp0cq,4,4,True,official_file_listing_confirmed,358,5051903547,102,Retina_100.tif,14101064,image/tiff,True,copied
dryad_tb2rbp0cq,Serial block face scanning electron micrographs of mouse outer retina,10.5061/dryad.tb2rbp0cq,4,4,True,official_file_listing_confirmed,358,5051903547,103,Retina_101.tif,14104804,image/tiff,True,copied
dryad_tb2rbp0cq,Serial block face scanning electron micrographs of mouse outer retina,10.5061/dryad.tb2rbp0cq,4,4,True,official_file_listing_confirmed,358,5051903547,104,Retina_102.tif,14105628,image/tiff,True,copied
dryad_tb2rbp0cq,Serial block face scanning electron micrographs of mouse outer retina,10.5061/dryad.tb2rbp0cq,4,4,True,official_file_listing_confirmed,358,5051903547,105,Retina_103.tif,14103654,image/tiff,True,copied
dryad_tb2rbp0cq,Serial block face scanning electron micrographs of mouse outer retina,10.5061/dryad.tb2rbp0cq,4,4,True,official_file_listing_confirmed,358,5051903547,106,Retina_104.tif,14111444,image/tiff,True,copied
dryad_tb2rbp0cq,Serial block face scanning electron micrographs of mouse outer retina,10.5061/dryad.tb2rbp0cq,4,4,True,official_file_listing_confirmed,358,5051903547,107,Retina_105.tif,14113836,image/tiff,True,copied
dryad_tb2rbp0cq,Serial block face scanning electron micrographs of mouse outer retina,10.5061/dryad.tb2rbp0cq,4,4,True,official_file_listing_confirmed,358,5051903547,108,Retina_106.tif,14124508,image/tiff,True,copied
dryad_tb2rbp0cq,Serial block face scanning electron micrographs of mouse outer retina,10.5061/dryad.tb2rbp0cq,4,4,True,official_file_listing_confirmed,358,5051903547,109,Retina_107.tif,14112578,image/tiff,True,copied
dryad_tb2rbp0cq,Serial block face scanning electron micrographs of mouse outer retina,10.5061/dryad.tb2rbp0cq,4,4,True,official_file_listing_confirmed,358,5051903547,110,Retina_108.tif,14110606,image/tiff,True,copied
dryad_tb2rbp0cq,Serial block face scanning electron micrographs of mouse outer retina,10.5061/dryad.tb2rbp0cq,4,4,True,official_file_listing_confirmed,358,5051903547,111,Retina_109.tif,14101676,image/tiff,True,copied
dryad_tb2rbp0cq,Serial block face scanning electron micrographs of mouse outer retina,10.5061/dryad.tb2rbp0cq,4,4,True,official_file_listing_confirmed,358,5051903547,112,Retina_110.tif,14106052,image/tiff,True,copied
dryad_tb2rbp0cq,Serial block face scanning electron micrographs of mouse outer retina,10.5061/dryad.tb2rbp0cq,4,4,True,official_file_listing_confirmed,358,5051903547,113,Retina_111.tif,14088838,image/tiff,True,copied
dryad_tb2rbp0cq,Serial block face scanning electron micrographs of mouse outer retina,10.5061/dryad.tb2rbp0cq,4,4,True,official_file_listing_confirmed,358,5051903547,114,Retina_112.tif,14083838,image/tiff,True,copied
dryad_tb2rbp0cq,Serial block face scanning electron micrographs of mouse outer retina,10.5061/dryad.tb2rbp0cq,4,4,True,official_file_listing_confirmed,358,5051903547,115,Retina_113.tif,14073884,image/tiff,True,copied
dryad_tb2rbp0cq,Serial block face scanning electron micrographs of mouse outer retina,10.5061/dryad.tb2rbp0cq,4,4,True,official_file_listing_confirmed,358,5051903547,116,Retina_114.tif,14074656,image/tiff,True,copied
dryad_tb2rbp0cq,Serial block face scanning electron micrographs of mouse outer retina,10.5061/dryad.tb2rbp0cq,4,4,True,official_file_listing_confirmed,358,5051903547,117,Retina_115.tif,14062338,image/tiff,True,copied
dryad_tb2rbp0cq,Serial block face scanning electron micrographs of mouse outer retina,10.5061/dryad.tb2rbp0cq,4,4,True,official_file_listing_confirmed,358,5051903547,118,Retina_116.tif,14052320,image/tiff,True,copied
dryad_tb2rbp0cq,Serial block face scanning electron micrographs of mouse outer retina,10.5061/dryad.tb2rbp0cq,4,4,True,official_file_listing_confirmed,358,5051903547,119,Retina_117.tif,14037344,image/tiff,True,copied
dryad_tb2rbp0cq,Serial block face scanning electron micrographs of mouse outer retina,10.5061/dryad.tb2rbp0cq,4,4,True,official_file_listing_confirmed,358,5051903547,120,Retina_118.tif,14021072,image/tiff,True,copied
dryad_tb2rbp0cq,Serial block face scanning electron micrographs of mouse outer retina,10.5061/dryad.tb2rbp0cq,4,4,True,official_file_listing_confirmed,358,5051903547,121,Retina_119.tif,14019762,image/tiff,True,copied
dryad_tb2rbp0cq,Serial block face scanning electron micrographs of mouse outer retina,10.5061/dryad.tb2rbp0cq,4,4,True,official_file_listing_confirmed,358,5051903547,122,Retina_120.tif,14012368,image/tiff,True,copied
dryad_tb2rbp0cq,Serial block face scanning electron micrographs of mouse outer retina,10.5061/dryad.tb2rbp0cq,4,4,True,official_file_listing_confirmed,358,5051903547,123,Retina_121.tif,14013074,image/tiff,True,copied
dryad_tb2rbp0cq,Serial block face scanning electron micrographs of mouse outer retina,10.5061/dryad.tb2rbp0cq,4,4,True,official_file_listing_confirmed,358,5051903547,124,Retina_122.tif,14022406,image/tiff,True,copied
dryad_tb2rbp0cq,Serial block face scanning electron micrographs of mouse outer retina,10.5061/dryad.tb2rbp0cq,4,4,True,official_file_listing_confirmed,358,5051903547,125,Retina_123.tif,14010638,image/tiff,True,copied
dryad_tb2rbp0cq,Serial block face scanning electron micrographs of mouse outer retina,10.5061/dryad.tb2rbp0cq,4,4,True,official_file_listing_confirmed,358,5051903547,126,Retina_124.tif,13998464,image/tiff,True,copied
dryad_tb2rbp0cq,Serial block face scanning electron micrographs of mouse outer retina,10.5061/dryad.tb2rbp0cq,4,4,True,official_file_listing_confirmed,358,5051903547,127,Retina_125.tif,14001344,image/tiff,True,copied
dryad_tb2rbp0cq,Serial block face scanning electron micrographs of mouse outer retina,10.5061/dryad.tb2rbp0cq,4,4,True,official_file_listing_confirmed,358,5051903547,128,Retina_126.tif,13992676,image/tiff,True,copied
dryad_tb2rbp0cq,Serial block face scanning electron micrographs of mouse outer retina,10.5061/dryad.tb2rbp0cq,4,4,True,official_file_listing_confirmed,358,5051903547,129,Retina_127.tif,14011808,image/tiff,True,copied
dryad_tb2rbp0cq,Serial block face scanning electron micrographs of mouse outer retina,10.5061/dryad.tb2rbp0cq,4,4,True,official_file_listing_confirmed,358,5051903547,130,Retina_128.tif,14007088,image/tiff,True,copied
dryad_tb2rbp0cq,Serial block face scanning electron micrographs of mouse outer retina,10.5061/dryad.tb2rbp0cq,4,4,True,official_file_listing_confirmed,358,5051903547,131,Retina_129.tif,13997230,image/tiff,True,copied
dryad_tb2rbp0cq,Serial block face scanning electron micrographs of mouse outer retina,10.5061/dryad.tb2rbp0cq,4,4,True,official_file_listing_confirmed,358,5051903547,132,Retina_130.tif,13986082,image/tiff,True,copied
dryad_tb2rbp0cq,Serial block face scanning electron micrographs of mouse outer retina,10.5061/dryad.tb2rbp0cq,4,4,True,official_file_listing_confirmed,358,5051903547,133,Retina_131.tif,13957272,image/tiff,True,copied
dryad_tb2rbp0cq,Serial block face scanning electron micrographs of mouse outer retina,10.5061/dryad.tb2rbp0cq,4,4,True,official_file_listing_confirmed,358,5051903547,134,Retina_132.tif,13946216,image/tiff,True,copied
dryad_tb2rbp0cq,Serial block face scanning electron micrographs of mouse outer retina,10.5061/dryad.tb2rbp0cq,4,4,True,official_file_listing_confirmed,358,5051903547,135,Retina_133.tif,13935968,image/tiff,True,copied
dryad_tb2rbp0cq,Serial block face scanning electron micrographs of mouse outer retina,10.5061/dryad.tb2rbp0cq,4,4,True,official_file_listing_confirmed,358,5051903547,136,Retina_134.tif,13896826,image/tiff,True,copied
dryad_tb2rbp0cq,Serial block face scanning electron micrographs of mouse outer retina,10.5061/dryad.tb2rbp0cq,4,4,True,official_file_listing_confirmed,358,5051903547,137,Retina_135.tif,13875554,image/tiff,True,copied
dryad_tb2rbp0cq,Serial block face scanning electron micrographs of mouse outer retina,10.5061/dryad.tb2rbp0cq,4,4,True,official_file_listing_confirmed,358,5051903547,138,Retina_136.tif,13871076,image/tiff,True,copied
dryad_tb2rbp0cq,Serial block face scanning electron micrographs of mouse outer retina,10.5061/dryad.tb2rbp0cq,4,4,True,official_file_listing_confirmed,358,5051903547,139,Retina_137.tif,13876610,image/tiff,True,copied
dryad_tb2rbp0cq,Serial block face scanning electron micrographs of mouse outer retina,10.5061/dryad.tb2rbp0cq,4,4,True,official_file_listing_confirmed,358,5051903547,140,Retina_138.tif,13873772,image/tiff,True,copied
dryad_tb2rbp0cq,Serial block face scanning electron micrographs of mouse outer retina,10.5061/dryad.tb2rbp0cq,4,4,True,official_file_listing_confirmed,358,5051903547,141,Retina_139.tif,13865330,image/tiff,True,copied
dryad_tb2rbp0cq,Serial block face scanning electron micrographs of mouse outer retina,10.5061/dryad.tb2rbp0cq,4,4,True,official_file_listing_confirmed,358,5051903547,142,Retina_140.tif,13889542,image/tiff,True,copied
dryad_tb2rbp0cq,Serial block face scanning electron micrographs of mouse outer retina,10.5061/dryad.tb2rbp0cq,4,4,True,official_file_listing_confirmed,358,5051903547,143,Retina_141.tif,13904876,image/tiff,True,copied
dryad_tb2rbp0cq,Serial block face scanning electron micrographs of mouse outer retina,10.5061/dryad.tb2rbp0cq,4,4,True,official_file_listing_confirmed,358,5051903547,144,Retina_142.tif,13901012,image/tiff,True,copied
dryad_tb2rbp0cq,Serial block face scanning electron micrographs of mouse outer retina,10.5061/dryad.tb2rbp0cq,4,4,True,official_file_listing_confirmed,358,5051903547,145,Retina_143.tif,13906182,image/tiff,True,copied
dryad_tb2rbp0cq,Serial block face scanning electron micrographs of mouse outer retina,10.5061/dryad.tb2rbp0cq,4,4,True,official_file_listing_confirmed,358,5051903547,146,Retina_144.tif,13922610,image/tiff,True,copied
dryad_tb2rbp0cq,Serial block face scanning electron micrographs of mouse outer retina,10.5061/dryad.tb2rbp0cq,4,4,True,official_file_listing_confirmed,358,5051903547,147,Retina_145.tif,13927920,image/tiff,True,copied
dryad_tb2rbp0cq,Serial block face scanning electron micrographs of mouse outer retina,10.5061/dryad.tb2rbp0cq,4,4,True,official_file_listing_confirmed,358,5051903547,148,Retina_146.tif,13919930,image/tiff,True,copied
dryad_tb2rbp0cq,Serial block face scanning electron micrographs of mouse outer retina,10.5061/dryad.tb2rbp0cq,4,4,True,official_file_listing_confirmed,358,5051903547,149,Retina_147.tif,13939416,image/tiff,True,copied
dryad_tb2rbp0cq,Serial block face scanning electron micrographs of mouse outer retina,10.5061/dryad.tb2rbp0cq,4,4,True,official_file_listing_confirmed,358,5051903547,150,Retina_148.tif,13934918,image/tiff,True,copied
dryad_tb2rbp0cq,Serial block face scanning electron micrographs of mouse outer retina,10.5061/dryad.tb2rbp0cq,4,4,True,official_file_listing_confirmed,358,5051903547,151,Retina_149.tif,13935004,image/tiff,True,copied
dryad_tb2rbp0cq,Serial block face scanning electron micrographs of mouse outer retina,10.5061/dryad.tb2rbp0cq,4,4,True,official_file_listing_confirmed,358,5051903547,152,Retina_150.tif,13959348,image/tiff,True,copied
dryad_tb2rbp0cq,Serial block face scanning electron micrographs of mouse outer retina,10.5061/dryad.tb2rbp0cq,4,4,True,official_file_listing_confirmed,358,5051903547,153,Retina_151.tif,13957572,image/tiff,True,copied
dryad_tb2rbp0cq,Serial block face scanning electron micrographs of mouse outer retina,10.5061/dryad.tb2rbp0cq,4,4,True,official_file_listing_confirmed,358,5051903547,154,Retina_152.tif,13967646,image/tiff,True,copied
dryad_tb2rbp0cq,Serial block face scanning electron micrographs of mouse outer retina,10.5061/dryad.tb2rbp0cq,4,4,True,official_file_listing_confirmed,358,5051903547,155,Retina_153.tif,13960988,image/tiff,True,copied
dryad_tb2rbp0cq,Serial block face scanning electron micrographs of mouse outer retina,10.5061/dryad.tb2rbp0cq,4,4,True,official_file_listing_confirmed,358,5051903547,156,Retina_154.tif,13957558,image/tiff,True,copied
dryad_tb2rbp0cq,Serial block face scanning electron micrographs of mouse outer retina,10.5061/dryad.tb2rbp0cq,4,4,True,official_file_listing_confirmed,358,5051903547,157,Retina_155.tif,13964868,image/tiff,True,copied
dryad_tb2rbp0cq,Serial block face scanning electron micrographs of mouse outer retina,10.5061/dryad.tb2rbp0cq,4,4,True,official_file_listing_confirmed,358,5051903547,158,Retina_156.tif,13963454,image/tiff,True,copied
dryad_tb2rbp0cq,Serial block face scanning electron micrographs of mouse outer retina,10.5061/dryad.tb2rbp0cq,4,4,True,official_file_listing_confirmed,358,5051903547,159,Retina_157.tif,13990936,image/tiff,True,copied
dryad_tb2rbp0cq,Serial block face scanning electron micrographs of mouse outer retina,10.5061/dryad.tb2rbp0cq,4,4,True,official_file_listing_confirmed,358,5051903547,160,Retina_158.tif,13967578,image/tiff,True,copied
dryad_tb2rbp0cq,Serial block face scanning electron micrographs of mouse outer retina,10.5061/dryad.tb2rbp0cq,4,4,True,official_file_listing_confirmed,358,5051903547,161,Retina_159.tif,13969466,image/tiff,True,copied
dryad_tb2rbp0cq,Serial block face scanning electron micrographs of mouse outer retina,10.5061/dryad.tb2rbp0cq,4,4,True,official_file_listing_confirmed,358,5051903547,162,Retina_160.tif,14026340,image/tiff,True,copied
dryad_tb2rbp0cq,Serial block face scanning electron micrographs of mouse outer retina,10.5061/dryad.tb2rbp0cq,4,4,True,official_file_listing_confirmed,358,5051903547,163,Retina_161.tif,14009568,image/tiff,True,copied
dryad_tb2rbp0cq,Serial block face scanning electron micrographs of mouse outer retina,10.5061/dryad.tb2rbp0cq,4,4,True,official_file_listing_confirmed,358,5051903547,164,Retina_162.tif,14013526,image/tiff,True,copied
dryad_tb2rbp0cq,Serial block face scanning electron micrographs of mouse outer retina,10.5061/dryad.tb2rbp0cq,4,4,True,official_file_listing_confirmed,358,5051903547,165,Retina_163.tif,13946802,image/tiff,True,copied
dryad_tb2rbp0cq,Serial block face scanning electron micrographs of mouse outer retina,10.5061/dryad.tb2rbp0cq,4,4,True,official_file_listing_confirmed,358,5051903547,166,Retina_164.tif,13953550,image/tiff,True,copied
dryad_tb2rbp0cq,Serial block face scanning electron micrographs of mouse outer retina,10.5061/dryad.tb2rbp0cq,4,4,True,official_file_listing_confirmed,358,5051903547,167,Retina_165.tif,13945734,image/tiff,True,copied
dryad_tb2rbp0cq,Serial block face scanning electron micrographs of mouse outer retina,10.5061/dryad.tb2rbp0cq,4,4,True,official_file_listing_confirmed,358,5051903547,168,Retina_166.tif,13957200,image/tiff,True,copied
dryad_tb2rbp0cq,Serial block face scanning electron micrographs of mouse outer retina,10.5061/dryad.tb2rbp0cq,4,4,True,official_file_listing_confirmed,358,5051903547,169,Retina_167.tif,13925314,image/tiff,True,copied
dryad_tb2rbp0cq,Serial block face scanning electron micrographs of mouse outer retina,10.5061/dryad.tb2rbp0cq,4,4,True,official_file_listing_confirmed,358,5051903547,170,Retina_168.tif,13950494,image/tiff,True,copied
dryad_tb2rbp0cq,Serial block face scanning electron micrographs of mouse outer retina,10.5061/dryad.tb2rbp0cq,4,4,True,official_file_listing_confirmed,358,5051903547,171,Retina_169.tif,13911948,image/tiff,True,copied
dryad_tb2rbp0cq,Serial block face scanning electron micrographs of mouse outer retina,10.5061/dryad.tb2rbp0cq,4,4,True,official_file_listing_confirmed,358,5051903547,172,Retina_170.tif,13913038,image/tiff,True,copied
dryad_tb2rbp0cq,Serial block face scanning electron micrographs of mouse outer retina,10.5061/dryad.tb2rbp0cq,4,4,True,official_file_listing_confirmed,358,5051903547,173,Retina_171.tif,13890198,image/tiff,True,copied
dryad_tb2rbp0cq,Serial block face scanning electron micrographs of mouse outer retina,10.5061/dryad.tb2rbp0cq,4,4,True,official_file_listing_confirmed,358,5051903547,174,Retina_172.tif,13893328,image/tiff,True,copied
dryad_tb2rbp0cq,Serial block face scanning electron micrographs of mouse outer retina,10.5061/dryad.tb2rbp0cq,4,4,True,official_file_listing_confirmed,358,5051903547,175,Retina_173.tif,13875374,image/tiff,True,copied
dryad_tb2rbp0cq,Serial block face scanning electron micrographs of mouse outer retina,10.5061/dryad.tb2rbp0cq,4,4,True,official_file_listing_confirmed,358,5051903547,176,Retina_174.tif,13882058,image/tiff,True,copied
dryad_tb2rbp0cq,Serial block face scanning electron micrographs of mouse outer retina,10.5061/dryad.tb2rbp0cq,4,4,True,official_file_listing_confirmed,358,5051903547,177,Retina_175.tif,13403348,image/tiff,True,copied
dryad_tb2rbp0cq,Serial block face scanning electron micrographs of mouse outer retina,10.5061/dryad.tb2rbp0cq,4,4,True,official_file_listing_confirmed,358,5051903547,178,Retina_176.tif,13378550,image/tiff,True,copied
dryad_tb2rbp0cq,Serial block face scanning electron micrographs of mouse outer retina,10.5061/dryad.tb2rbp0cq,4,4,True,official_file_listing_confirmed,358,5051903547,179,Retina_177.tif,13376594,image/tiff,True,copied
dryad_tb2rbp0cq,Serial block face scanning electron micrographs of mouse outer retina,10.5061/dryad.tb2rbp0cq,4,4,True,official_file_listing_confirmed,358,5051903547,180,Retina_178.tif,13356458,image/tiff,True,copied
dryad_tb2rbp0cq,Serial block face scanning electron micrographs of mouse outer retina,10.5061/dryad.tb2rbp0cq,4,4,True,official_file_listing_confirmed,358,5051903547,181,Retina_179.tif,13404614,image/tiff,True,copied
dryad_tb2rbp0cq,Serial block face scanning electron micrographs of mouse outer retina,10.5061/dryad.tb2rbp0cq,4,4,True,official_file_listing_confirmed,358,5051903547,182,Retina_180.tif,14156692,image/tiff,True,copied
dryad_tb2rbp0cq,Serial block face scanning electron micrographs of mouse outer retina,10.5061/dryad.tb2rbp0cq,4,4,True,official_file_listing_confirmed,358,5051903547,183,Retina_181.tif,14168100,image/tiff,True,copied
dryad_tb2rbp0cq,Serial block face scanning electron micrographs of mouse outer retina,10.5061/dryad.tb2rbp0cq,4,4,True,official_file_listing_confirmed,358,5051903547,184,Retina_182.tif,14173188,image/tiff,True,copied
dryad_tb2rbp0cq,Serial block face scanning electron micrographs of mouse outer retina,10.5061/dryad.tb2rbp0cq,4,4,True,official_file_listing_confirmed,358,5051903547,185,Retina_183.tif,14172248,image/tiff,True,copied
dryad_tb2rbp0cq,Serial block face scanning electron micrographs of mouse outer retina,10.5061/dryad.tb2rbp0cq,4,4,True,official_file_listing_confirmed,358,5051903547,186,Retina_184.tif,14177796,image/tiff,True,copied
dryad_tb2rbp0cq,Serial block face scanning electron micrographs of mouse outer retina,10.5061/dryad.tb2rbp0cq,4,4,True,official_file_listing_confirmed,358,5051903547,187,Retina_185.tif,14183766,image/tiff,True,copied
dryad_tb2rbp0cq,Serial block face scanning electron micrographs of mouse outer retina,10.5061/dryad.tb2rbp0cq,4,4,True,official_file_listing_confirmed,358,5051903547,188,Retina_186.tif,14181940,image/tiff,True,copied
dryad_tb2rbp0cq,Serial block face scanning electron micrographs of mouse outer retina,10.5061/dryad.tb2rbp0cq,4,4,True,official_file_listing_confirmed,358,5051903547,189,Retina_187.tif,14181234,image/tiff,True,copied
dryad_tb2rbp0cq,Serial block face scanning electron micrographs of mouse outer retina,10.5061/dryad.tb2rbp0cq,4,4,True,official_file_listing_confirmed,358,5051903547,190,Retina_188.tif,14189788,image/tiff,True,copied
dryad_tb2rbp0cq,Serial block face scanning electron micrographs of mouse outer retina,10.5061/dryad.tb2rbp0cq,4,4,True,official_file_listing_confirmed,358,5051903547,191,Retina_189.tif,14190064,image/tiff,True,copied
dryad_tb2rbp0cq,Serial block face scanning electron micrographs of mouse outer retina,10.5061/dryad.tb2rbp0cq,4,4,True,official_file_listing_confirmed,358,5051903547,192,Retina_190.tif,14200160,image/tiff,True,copied
dryad_tb2rbp0cq,Serial block face scanning electron micrographs of mouse outer retina,10.5061/dryad.tb2rbp0cq,4,4,True,official_file_listing_confirmed,358,5051903547,193,Retina_191.tif,14210138,image/tiff,True,copied
dryad_tb2rbp0cq,Serial block face scanning electron micrographs of mouse outer retina,10.5061/dryad.tb2rbp0cq,4,4,True,official_file_listing_confirmed,358,5051903547,194,Retina_192.tif,14197742,image/tiff,True,copied
dryad_tb2rbp0cq,Serial block face scanning electron micrographs of mouse outer retina,10.5061/dryad.tb2rbp0cq,4,4,True,official_file_listing_confirmed,358,5051903547,195,Retina_193.tif,14217856,image/tiff,True,copied
dryad_tb2rbp0cq,Serial block face scanning electron micrographs of mouse outer retina,10.5061/dryad.tb2rbp0cq,4,4,True,official_file_listing_confirmed,358,5051903547,196,Retina_194.tif,14226052,image/tiff,True,copied
dryad_tb2rbp0cq,Serial block face scanning electron micrographs of mouse outer retina,10.5061/dryad.tb2rbp0cq,4,4,True,official_file_listing_confirmed,358,5051903547,197,Retina_195.tif,14214106,image/tiff,True,copied
dryad_tb2rbp0cq,Serial block face scanning electron micrographs of mouse outer retina,10.5061/dryad.tb2rbp0cq,4,4,True,official_file_listing_confirmed,358,5051903547,198,Retina_196.tif,14217556,image/tiff,True,copied
dryad_tb2rbp0cq,Serial block face scanning electron micrographs of mouse outer retina,10.5061/dryad.tb2rbp0cq,4,4,True,official_file_listing_confirmed,358,5051903547,199,Retina_197.tif,14214028,image/tiff,True,copied
dryad_tb2rbp0cq,Serial block face scanning electron micrographs of mouse outer retina,10.5061/dryad.tb2rbp0cq,4,4,True,official_file_listing_confirmed,358,5051903547,200,Retina_198.tif,14227398,image/tiff,True,copied
dryad_tb2rbp0cq,Serial block face scanning electron micrographs of mouse outer retina,10.5061/dryad.tb2rbp0cq,4,4,True,official_file_listing_confirmed,358,5051903547,201,Retina_199.tif,14207670,image/tiff,True,copied
dryad_tb2rbp0cq,Serial block face scanning electron micrographs of mouse outer retina,10.5061/dryad.tb2rbp0cq,4,4,True,official_file_listing_confirmed,358,5051903547,202,Retina_200.tif,14207688,image/tiff,True,copied
dryad_tb2rbp0cq,Serial block face scanning electron micrographs of mouse outer retina,10.5061/dryad.tb2rbp0cq,4,4,True,official_file_listing_confirmed,358,5051903547,203,Retina_201.tif,14207192,image/tiff,True,copied
dryad_tb2rbp0cq,Serial block face scanning electron micrographs of mouse outer retina,10.5061/dryad.tb2rbp0cq,4,4,True,official_file_listing_confirmed,358,5051903547,204,Retina_202.tif,14203786,image/tiff,True,copied
dryad_tb2rbp0cq,Serial block face scanning electron micrographs of mouse outer retina,10.5061/dryad.tb2rbp0cq,4,4,True,official_file_listing_confirmed,358,5051903547,205,Retina_203.tif,14193708,image/tiff,True,copied
dryad_tb2rbp0cq,Serial block face scanning electron micrographs of mouse outer retina,10.5061/dryad.tb2rbp0cq,4,4,True,official_file_listing_confirmed,358,5051903547,206,Retina_204.tif,14181778,image/tiff,True,copied
dryad_tb2rbp0cq,Serial block face scanning electron micrographs of mouse outer retina,10.5061/dryad.tb2rbp0cq,4,4,True,official_file_listing_confirmed,358,5051903547,207,Retina_205.tif,14185386,image/tiff,True,copied
dryad_tb2rbp0cq,Serial block face scanning electron micrographs of mouse outer retina,10.5061/dryad.tb2rbp0cq,4,4,True,official_file_listing_confirmed,358,5051903547,208,Retina_206.tif,14182734,image/tiff,True,copied
dryad_tb2rbp0cq,Serial block face scanning electron micrographs of mouse outer retina,10.5061/dryad.tb2rbp0cq,4,4,True,official_file_listing_confirmed,358,5051903547,209,Retina_207.tif,14194316,image/tiff,True,copied
dryad_tb2rbp0cq,Serial block face scanning electron micrographs of mouse outer retina,10.5061/dryad.tb2rbp0cq,4,4,True,official_file_listing_confirmed,358,5051903547,210,Retina_208.tif,14199782,image/tiff,True,copied
dryad_tb2rbp0cq,Serial block face scanning electron micrographs of mouse outer retina,10.5061/dryad.tb2rbp0cq,4,4,True,official_file_listing_confirmed,358,5051903547,211,Retina_209.tif,14213392,image/tiff,True,copied
dryad_tb2rbp0cq,Serial block face scanning electron micrographs of mouse outer retina,10.5061/dryad.tb2rbp0cq,4,4,True,official_file_listing_confirmed,358,5051903547,212,Retina_210.tif,14174574,image/tiff,True,copied
dryad_tb2rbp0cq,Serial block face scanning electron micrographs of mouse outer retina,10.5061/dryad.tb2rbp0cq,4,4,True,official_file_listing_confirmed,358,5051903547,213,Retina_211.tif,14182554,image/tiff,True,copied
dryad_tb2rbp0cq,Serial block face scanning electron micrographs of mouse outer retina,10.5061/dryad.tb2rbp0cq,4,4,True,official_file_listing_confirmed,358,5051903547,214,Retina_212.tif,14190928,image/tiff,True,copied
dryad_tb2rbp0cq,Serial block face scanning electron micrographs of mouse outer retina,10.5061/dryad.tb2rbp0cq,4,4,True,official_file_listing_confirmed,358,5051903547,215,Retina_213.tif,14184588,image/tiff,True,copied
dryad_tb2rbp0cq,Serial block face scanning electron micrographs of mouse outer retina,10.5061/dryad.tb2rbp0cq,4,4,True,official_file_listing_confirmed,358,5051903547,216,Retina_214.tif,14181590,image/tiff,True,copied
dryad_tb2rbp0cq,Serial block face scanning electron micrographs of mouse outer retina,10.5061/dryad.tb2rbp0cq,4,4,True,official_file_listing_confirmed,358,5051903547,217,Retina_215.tif,14156396,image/tiff,True,copied
dryad_tb2rbp0cq,Serial block face scanning electron micrographs of mouse outer retina,10.5061/dryad.tb2rbp0cq,4,4,True,official_file_listing_confirmed,358,5051903547,218,Retina_216.tif,14168788,image/tiff,True,copied
dryad_tb2rbp0cq,Serial block face scanning electron micrographs of mouse outer retina,10.5061/dryad.tb2rbp0cq,4,4,True,official_file_listing_confirmed,358,5051903547,219,Retina_217.tif,14167464,image/tiff,True,copied
dryad_tb2rbp0cq,Serial block face scanning electron micrographs of mouse outer retina,10.5061/dryad.tb2rbp0cq,4,4,True,official_file_listing_confirmed,358,5051903547,220,Retina_218.tif,14171634,image/tiff,True,copied
dryad_tb2rbp0cq,Serial block face scanning electron micrographs of mouse outer retina,10.5061/dryad.tb2rbp0cq,4,4,True,official_file_listing_confirmed,358,5051903547,221,Retina_219.tif,14153654,image/tiff,True,copied
dryad_tb2rbp0cq,Serial block face scanning electron micrographs of mouse outer retina,10.5061/dryad.tb2rbp0cq,4,4,True,official_file_listing_confirmed,358,5051903547,222,Retina_220.tif,14152642,image/tiff,True,copied
dryad_tb2rbp0cq,Serial block face scanning electron micrographs of mouse outer retina,10.5061/dryad.tb2rbp0cq,4,4,True,official_file_listing_confirmed,358,5051903547,223,Retina_221.tif,14153456,image/tiff,True,copied
dryad_tb2rbp0cq,Serial block face scanning electron micrographs of mouse outer retina,10.5061/dryad.tb2rbp0cq,4,4,True,official_file_listing_confirmed,358,5051903547,224,Retina_222.tif,14163522,image/tiff,True,copied
dryad_tb2rbp0cq,Serial block face scanning electron micrographs of mouse outer retina,10.5061/dryad.tb2rbp0cq,4,4,True,official_file_listing_confirmed,358,5051903547,225,Retina_223.tif,14173358,image/tiff,True,copied
dryad_tb2rbp0cq,Serial block face scanning electron micrographs of mouse outer retina,10.5061/dryad.tb2rbp0cq,4,4,True,official_file_listing_confirmed,358,5051903547,226,Retina_224.tif,14180028,image/tiff,True,copied
dryad_tb2rbp0cq,Serial block face scanning electron micrographs of mouse outer retina,10.5061/dryad.tb2rbp0cq,4,4,True,official_file_listing_confirmed,358,5051903547,227,Retina_225.tif,14168690,image/tiff,True,copied
dryad_tb2rbp0cq,Serial block face scanning electron micrographs of mouse outer retina,10.5061/dryad.tb2rbp0cq,4,4,True,official_file_listing_confirmed,358,5051903547,228,Retina_226.tif,14174492,image/tiff,True,copied
dryad_tb2rbp0cq,Serial block face scanning electron micrographs of mouse outer retina,10.5061/dryad.tb2rbp0cq,4,4,True,official_file_listing_confirmed,358,5051903547,229,Retina_227.tif,14179114,image/tiff,True,copied
dryad_tb2rbp0cq,Serial block face scanning electron micrographs of mouse outer retina,10.5061/dryad.tb2rbp0cq,4,4,True,official_file_listing_confirmed,358,5051903547,230,Retina_228.tif,14170526,image/tiff,True,copied
dryad_tb2rbp0cq,Serial block face scanning electron micrographs of mouse outer retina,10.5061/dryad.tb2rbp0cq,4,4,True,official_file_listing_confirmed,358,5051903547,231,Retina_229.tif,14194870,image/tiff,True,copied
dryad_tb2rbp0cq,Serial block face scanning electron micrographs of mouse outer retina,10.5061/dryad.tb2rbp0cq,4,4,True,official_file_listing_confirmed,358,5051903547,232,Retina_230.tif,14173786,image/tiff,True,copied
dryad_tb2rbp0cq,Serial block face scanning electron micrographs of mouse outer retina,10.5061/dryad.tb2rbp0cq,4,4,True,official_file_listing_confirmed,358,5051903547,233,Retina_231.tif,14203220,image/tiff,True,copied
dryad_tb2rbp0cq,Serial block face scanning electron micrographs of mouse outer retina,10.5061/dryad.tb2rbp0cq,4,4,True,official_file_listing_confirmed,358,5051903547,234,Retina_232.tif,14186442,image/tiff,True,copied
dryad_tb2rbp0cq,Serial block face scanning electron micrographs of mouse outer retina,10.5061/dryad.tb2rbp0cq,4,4,True,official_file_listing_confirmed,358,5051903547,235,Retina_233.tif,14182312,image/tiff,True,copied
dryad_tb2rbp0cq,Serial block face scanning electron micrographs of mouse outer retina,10.5061/dryad.tb2rbp0cq,4,4,True,official_file_listing_confirmed,358,5051903547,236,Retina_234.tif,14174964,image/tiff,True,copied
dryad_tb2rbp0cq,Serial block face scanning electron micrographs of mouse outer retina,10.5061/dryad.tb2rbp0cq,4,4,True,official_file_listing_confirmed,358,5051903547,237,Retina_235.tif,14159082,image/tiff,True,copied
dryad_tb2rbp0cq,Serial block face scanning electron micrographs of mouse outer retina,10.5061/dryad.tb2rbp0cq,4,4,True,official_file_listing_confirmed,358,5051903547,238,Retina_236.tif,14189992,image/tiff,True,copied
dryad_tb2rbp0cq,Serial block face scanning electron micrographs of mouse outer retina,10.5061/dryad.tb2rbp0cq,4,4,True,official_file_listing_confirmed,358,5051903547,239,Retina_237.tif,14193288,image/tiff,True,copied
dryad_tb2rbp0cq,Serial block face scanning electron micrographs of mouse outer retina,10.5061/dryad.tb2rbp0cq,4,4,True,official_file_listing_confirmed,358,5051903547,240,Retina_238.tif,14221386,image/tiff,True,copied
dryad_tb2rbp0cq,Serial block face scanning electron micrographs of mouse outer retina,10.5061/dryad.tb2rbp0cq,4,4,True,official_file_listing_confirmed,358,5051903547,241,Retina_239.tif,14216750,image/tiff,True,copied
dryad_tb2rbp0cq,Serial block face scanning electron micrographs of mouse outer retina,10.5061/dryad.tb2rbp0cq,4,4,True,official_file_listing_confirmed,358,5051903547,242,Retina_240.tif,14220626,image/tiff,True,copied
dryad_tb2rbp0cq,Serial block face scanning electron micrographs of mouse outer retina,10.5061/dryad.tb2rbp0cq,4,4,True,official_file_listing_confirmed,358,5051903547,243,Retina_241.tif,14233094,image/tiff,True,copied
dryad_tb2rbp0cq,Serial block face scanning electron micrographs of mouse outer retina,10.5061/dryad.tb2rbp0cq,4,4,True,official_file_listing_confirmed,358,5051903547,244,Retina_242.tif,14222924,image/tiff,True,copied
dryad_tb2rbp0cq,Serial block face scanning electron micrographs of mouse outer retina,10.5061/dryad.tb2rbp0cq,4,4,True,official_file_listing_confirmed,358,5051903547,245,Retina_243.tif,14237006,image/tiff,True,copied
dryad_tb2rbp0cq,Serial block face scanning electron micrographs of mouse outer retina,10.5061/dryad.tb2rbp0cq,4,4,True,official_file_listing_confirmed,358,5051903547,246,Retina_244.tif,14244144,image/tiff,True,copied
dryad_tb2rbp0cq,Serial block face scanning electron micrographs of mouse outer retina,10.5061/dryad.tb2rbp0cq,4,4,True,official_file_listing_confirmed,358,5051903547,247,Retina_245.tif,14249826,image/tiff,True,copied
dryad_tb2rbp0cq,Serial block face scanning electron micrographs of mouse outer retina,10.5061/dryad.tb2rbp0cq,4,4,True,official_file_listing_confirmed,358,5051903547,248,Retina_246.tif,14229044,image/tiff,True,copied
dryad_tb2rbp0cq,Serial block face scanning electron micrographs of mouse outer retina,10.5061/dryad.tb2rbp0cq,4,4,True,official_file_listing_confirmed,358,5051903547,249,Retina_247.tif,14255116,image/tiff,True,copied
dryad_tb2rbp0cq,Serial block face scanning electron micrographs of mouse outer retina,10.5061/dryad.tb2rbp0cq,4,4,True,official_file_listing_confirmed,358,5051903547,250,Retina_248.tif,14292590,image/tiff,True,copied
dryad_tb2rbp0cq,Serial block face scanning electron micrographs of mouse outer retina,10.5061/dryad.tb2rbp0cq,4,4,True,official_file_listing_confirmed,358,5051903547,251,Retina_249.tif,14276162,image/tiff,True,copied
dryad_tb2rbp0cq,Serial block face scanning electron micrographs of mouse outer retina,10.5061/dryad.tb2rbp0cq,4,4,True,official_file_listing_confirmed,358,5051903547,252,Retina_250.tif,14267688,image/tiff,True,copied
dryad_tb2rbp0cq,Serial block face scanning electron micrographs of mouse outer retina,10.5061/dryad.tb2rbp0cq,4,4,True,official_file_listing_confirmed,358,5051903547,253,Retina_251.tif,14265908,image/tiff,True,copied
dryad_tb2rbp0cq,Serial block face scanning electron micrographs of mouse outer retina,10.5061/dryad.tb2rbp0cq,4,4,True,official_file_listing_confirmed,358,5051903547,254,Retina_252.tif,14274786,image/tiff,True,copied
dryad_tb2rbp0cq,Serial block face scanning electron micrographs of mouse outer retina,10.5061/dryad.tb2rbp0cq,4,4,True,official_file_listing_confirmed,358,5051903547,255,Retina_253.tif,14274336,image/tiff,True,copied
dryad_tb2rbp0cq,Serial block face scanning electron micrographs of mouse outer retina,10.5061/dryad.tb2rbp0cq,4,4,True,official_file_listing_confirmed,358,5051903547,256,Retina_254.tif,14271664,image/tiff,True,copied
dryad_tb2rbp0cq,Serial block face scanning electron micrographs of mouse outer retina,10.5061/dryad.tb2rbp0cq,4,4,True,official_file_listing_confirmed,358,5051903547,257,Retina_255.tif,14268506,image/tiff,True,copied
dryad_tb2rbp0cq,Serial block face scanning electron micrographs of mouse outer retina,10.5061/dryad.tb2rbp0cq,4,4,True,official_file_listing_confirmed,358,5051903547,258,Retina_256.tif,14259072,image/tiff,True,copied
dryad_tb2rbp0cq,Serial block face scanning electron micrographs of mouse outer retina,10.5061/dryad.tb2rbp0cq,4,4,True,official_file_listing_confirmed,358,5051903547,259,Retina_257.tif,14241860,image/tiff,True,copied
dryad_tb2rbp0cq,Serial block face scanning electron micrographs of mouse outer retina,10.5061/dryad.tb2rbp0cq,4,4,True,official_file_listing_confirmed,358,5051903547,260,Retina_258.tif,14238720,image/tiff,True,copied
dryad_tb2rbp0cq,Serial block face scanning electron micrographs of mouse outer retina,10.5061/dryad.tb2rbp0cq,4,4,True,official_file_listing_confirmed,358,5051903547,261,Retina_259.tif,14228948,image/tiff,True,copied
dryad_tb2rbp0cq,Serial block face scanning electron micrographs of mouse outer retina,10.5061/dryad.tb2rbp0cq,4,4,True,official_file_listing_confirmed,358,5051903547,262,Retina_260.tif,14227674,image/tiff,True,copied
dryad_tb2rbp0cq,Serial block face scanning electron micrographs of mouse outer retina,10.5061/dryad.tb2rbp0cq,4,4,True,official_file_listing_confirmed,358,5051903547,263,Retina_261.tif,14224608,image/tiff,True,copied
dryad_tb2rbp0cq,Serial block face scanning electron micrographs of mouse outer retina,10.5061/dryad.tb2rbp0cq,4,4,True,official_file_listing_confirmed,358,5051903547,264,Retina_262.tif,14223074,image/tiff,True,copied
dryad_tb2rbp0cq,Serial block face scanning electron micrographs of mouse outer retina,10.5061/dryad.tb2rbp0cq,4,4,True,official_file_listing_confirmed,358,5051903547,265,Retina_263.tif,14215052,image/tiff,True,copied
dryad_tb2rbp0cq,Serial block face scanning electron micrographs of mouse outer retina,10.5061/dryad.tb2rbp0cq,4,4,True,official_file_listing_confirmed,358,5051903547,266,Retina_264.tif,14221600,image/tiff,True,copied
dryad_tb2rbp0cq,Serial block face scanning electron micrographs of mouse outer retina,10.5061/dryad.tb2rbp0cq,4,4,True,official_file_listing_confirmed,358,5051903547,267,Retina_265.tif,14227112,image/tiff,True,copied
dryad_tb2rbp0cq,Serial block face scanning electron micrographs of mouse outer retina,10.5061/dryad.tb2rbp0cq,4,4,True,official_file_listing_confirmed,358,5051903547,268,Retina_266.tif,14194220,image/tiff,True,copied
dryad_tb2rbp0cq,Serial block face scanning electron micrographs of mouse outer retina,10.5061/dryad.tb2rbp0cq,4,4,True,official_file_listing_confirmed,358,5051903547,269,Retina_267.tif,14194690,image/tiff,True,copied
dryad_tb2rbp0cq,Serial block face scanning electron micrographs of mouse outer retina,10.5061/dryad.tb2rbp0cq,4,4,True,official_file_listing_confirmed,358,5051903547,270,Retina_268.tif,14188834,image/tiff,True,copied
dryad_tb2rbp0cq,Serial block face scanning electron micrographs of mouse outer retina,10.5061/dryad.tb2rbp0cq,4,4,True,official_file_listing_confirmed,358,5051903547,271,Retina_269.tif,14186346,image/tiff,True,copied
dryad_tb2rbp0cq,Serial block face scanning electron micrographs of mouse outer retina,10.5061/dryad.tb2rbp0cq,4,4,True,official_file_listing_confirmed,358,5051903547,272,Retina_270.tif,14182536,image/tiff,True,copied
dryad_tb2rbp0cq,Serial block face scanning electron micrographs of mouse outer retina,10.5061/dryad.tb2rbp0cq,4,4,True,official_file_listing_confirmed,358,5051903547,273,Retina_271.tif,14157444,image/tiff,True,copied
dryad_tb2rbp0cq,Serial block face scanning electron micrographs of mouse outer retina,10.5061/dryad.tb2rbp0cq,4,4,True,official_file_listing_confirmed,358,5051903547,274,Retina_272.tif,14138700,image/tiff,True,copied
dryad_tb2rbp0cq,Serial block face scanning electron micrographs of mouse outer retina,10.5061/dryad.tb2rbp0cq,4,4,True,official_file_listing_confirmed,358,5051903547,275,Retina_273.tif,14141964,image/tiff,True,copied
dryad_tb2rbp0cq,Serial block face scanning electron micrographs of mouse outer retina,10.5061/dryad.tb2rbp0cq,4,4,True,official_file_listing_confirmed,358,5051903547,276,Retina_274.tif,14140416,image/tiff,True,copied
dryad_tb2rbp0cq,Serial block face scanning electron micrographs of mouse outer retina,10.5061/dryad.tb2rbp0cq,4,4,True,official_file_listing_confirmed,358,5051903547,277,Retina_275.tif,14130204,image/tiff,True,copied
dryad_tb2rbp0cq,Serial block face scanning electron micrographs of mouse outer retina,10.5061/dryad.tb2rbp0cq,4,4,True,official_file_listing_confirmed,358,5051903547,278,Retina_276.tif,14127324,image/tiff,True,copied
dryad_tb2rbp0cq,Serial block face scanning electron micrographs of mouse outer retina,10.5061/dryad.tb2rbp0cq,4,4,True,official_file_listing_confirmed,358,5051903547,279,Retina_277.tif,14128548,image/tiff,True,copied
dryad_tb2rbp0cq,Serial block face scanning electron micrographs of mouse outer retina,10.5061/dryad.tb2rbp0cq,4,4,True,official_file_listing_confirmed,358,5051903547,280,Retina_278.tif,14112116,image/tiff,True,copied
dryad_tb2rbp0cq,Serial block face scanning electron micrographs of mouse outer retina,10.5061/dryad.tb2rbp0cq,4,4,True,official_file_listing_confirmed,358,5051903547,281,Retina_279.tif,14135006,image/tiff,True,copied
dryad_tb2rbp0cq,Serial block face scanning electron micrographs of mouse outer retina,10.5061/dryad.tb2rbp0cq,4,4,True,official_file_listing_confirmed,358,5051903547,282,Retina_280.tif,14105930,image/tiff,True,copied
dryad_tb2rbp0cq,Serial block face scanning electron micrographs of mouse outer retina,10.5061/dryad.tb2rbp0cq,4,4,True,official_file_listing_confirmed,358,5051903547,283,Retina_281.tif,14110582,image/tiff,True,copied
dryad_tb2rbp0cq,Serial block face scanning electron micrographs of mouse outer retina,10.5061/dryad.tb2rbp0cq,4,4,True,official_file_listing_confirmed,358,5051903547,284,Retina_282.tif,14103064,image/tiff,True,copied
dryad_tb2rbp0cq,Serial block face scanning electron micrographs of mouse outer retina,10.5061/dryad.tb2rbp0cq,4,4,True,official_file_listing_confirmed,358,5051903547,285,Retina_283.tif,14106906,image/tiff,True,copied
dryad_tb2rbp0cq,Serial block face scanning electron micrographs of mouse outer retina,10.5061/dryad.tb2rbp0cq,4,4,True,official_file_listing_confirmed,358,5051903547,286,Retina_284.tif,14097420,image/tiff,True,copied
dryad_tb2rbp0cq,Serial block face scanning electron micrographs of mouse outer retina,10.5061/dryad.tb2rbp0cq,4,4,True,official_file_listing_confirmed,358,5051903547,287,Retina_285.tif,14105680,image/tiff,True,copied
dryad_tb2rbp0cq,Serial block face scanning electron micrographs of mouse outer retina,10.5061/dryad.tb2rbp0cq,4,4,True,official_file_listing_confirmed,358,5051903547,288,Retina_286.tif,14110352,image/tiff,True,copied
dryad_tb2rbp0cq,Serial block face scanning electron micrographs of mouse outer retina,10.5061/dryad.tb2rbp0cq,4,4,True,official_file_listing_confirmed,358,5051903547,289,Retina_287.tif,14091968,image/tiff,True,copied
dryad_tb2rbp0cq,Serial block face scanning electron micrographs of mouse outer retina,10.5061/dryad.tb2rbp0cq,4,4,True,official_file_listing_confirmed,358,5051903547,290,Retina_288.tif,14094660,image/tiff,True,copied
dryad_tb2rbp0cq,Serial block face scanning electron micrographs of mouse outer retina,10.5061/dryad.tb2rbp0cq,4,4,True,official_file_listing_confirmed,358,5051903547,291,Retina_289.tif,14086700,image/tiff,True,copied
dryad_tb2rbp0cq,Serial block face scanning electron micrographs of mouse outer retina,10.5061/dryad.tb2rbp0cq,4,4,True,official_file_listing_confirmed,358,5051903547,292,Retina_290.tif,14110150,image/tiff,True,copied
dryad_tb2rbp0cq,Serial block face scanning electron micrographs of mouse outer retina,10.5061/dryad.tb2rbp0cq,4,4,True,official_file_listing_confirmed,358,5051903547,293,Retina_291.tif,14090438,image/tiff,True,copied
dryad_tb2rbp0cq,Serial block face scanning electron micrographs of mouse outer retina,10.5061/dryad.tb2rbp0cq,4,4,True,official_file_listing_confirmed,358,5051903547,294,Retina_292.tif,14103312,image/tiff,True,copied
dryad_tb2rbp0cq,Serial block face scanning electron micrographs of mouse outer retina,10.5061/dryad.tb2rbp0cq,4,4,True,official_file_listing_confirmed,358,5051903547,295,Retina_293.tif,14078060,image/tiff,True,copied
dryad_tb2rbp0cq,Serial block face scanning electron micrographs of mouse outer retina,10.5061/dryad.tb2rbp0cq,4,4,True,official_file_listing_confirmed,358,5051903547,296,Retina_294.tif,14084822,image/tiff,True,copied
dryad_tb2rbp0cq,Serial block face scanning electron micrographs of mouse outer retina,10.5061/dryad.tb2rbp0cq,4,4,True,official_file_listing_confirmed,358,5051903547,297,Retina_295.tif,14095802,image/tiff,True,copied
dryad_tb2rbp0cq,Serial block face scanning electron micrographs of mouse outer retina,10.5061/dryad.tb2rbp0cq,4,4,True,official_file_listing_confirmed,358,5051903547,298,Retina_296.tif,14114172,image/tiff,True,copied
dryad_tb2rbp0cq,Serial block face scanning electron micrographs of mouse outer retina,10.5061/dryad.tb2rbp0cq,4,4,True,official_file_listing_confirmed,358,5051903547,299,Retina_297.tif,14139282,image/tiff,True,copied
dryad_tb2rbp0cq,Serial block face scanning electron micrographs of mouse outer retina,10.5061/dryad.tb2rbp0cq,4,4,True,official_file_listing_confirmed,358,5051903547,300,Retina_298.tif,14149932,image/tiff,True,copied
dryad_tb2rbp0cq,Serial block face scanning electron micrographs of mouse outer retina,10.5061/dryad.tb2rbp0cq,4,4,True,official_file_listing_confirmed,358,5051903547,301,Retina_299.tif,14145654,image/tiff,True,copied
dryad_tb2rbp0cq,Serial block face scanning electron micrographs of mouse outer retina,10.5061/dryad.tb2rbp0cq,4,4,True,official_file_listing_confirmed,358,5051903547,302,Retina_300.tif,14156464,image/tiff,True,copied
dryad_tb2rbp0cq,Serial block face scanning electron micrographs of mouse outer retina,10.5061/dryad.tb2rbp0cq,4,4,True,official_file_listing_confirmed,358,5051903547,303,Retina_301.tif,14167100,image/tiff,True,copied
dryad_tb2rbp0cq,Serial block face scanning electron micrographs of mouse outer retina,10.5061/dryad.tb2rbp0cq,4,4,True,official_file_listing_confirmed,358,5051903547,304,Retina_302.tif,14177560,image/tiff,True,copied
dryad_tb2rbp0cq,Serial block face scanning electron micrographs of mouse outer retina,10.5061/dryad.tb2rbp0cq,4,4,True,official_file_listing_confirmed,358,5051903547,305,Retina_303.tif,14173704,image/tiff,True,copied
dryad_tb2rbp0cq,Serial block face scanning electron micrographs of mouse outer retina,10.5061/dryad.tb2rbp0cq,4,4,True,official_file_listing_confirmed,358,5051903547,306,Retina_304.tif,14196734,image/tiff,True,copied
dryad_tb2rbp0cq,Serial block face scanning electron micrographs of mouse outer retina,10.5061/dryad.tb2rbp0cq,4,4,True,official_file_listing_confirmed,358,5051903547,307,Retina_305.tif,14196232,image/tiff,True,copied
dryad_tb2rbp0cq,Serial block face scanning electron micrographs of mouse outer retina,10.5061/dryad.tb2rbp0cq,4,4,True,official_file_listing_confirmed,358,5051903547,308,Retina_306.tif,14201758,image/tiff,True,copied
dryad_tb2rbp0cq,Serial block face scanning electron micrographs of mouse outer retina,10.5061/dryad.tb2rbp0cq,4,4,True,official_file_listing_confirmed,358,5051903547,309,Retina_307.tif,14197786,image/tiff,True,copied
dryad_tb2rbp0cq,Serial block face scanning electron micrographs of mouse outer retina,10.5061/dryad.tb2rbp0cq,4,4,True,official_file_listing_confirmed,358,5051903547,310,Retina_308.tif,14201080,image/tiff,True,copied
dryad_tb2rbp0cq,Serial block face scanning electron micrographs of mouse outer retina,10.5061/dryad.tb2rbp0cq,4,4,True,official_file_listing_confirmed,358,5051903547,311,Retina_309.tif,14210176,image/tiff,True,copied
dryad_tb2rbp0cq,Serial block face scanning electron micrographs of mouse outer retina,10.5061/dryad.tb2rbp0cq,4,4,True,official_file_listing_confirmed,358,5051903547,312,Retina_310.tif,14221576,image/tiff,True,copied
dryad_tb2rbp0cq,Serial block face scanning electron micrographs of mouse outer retina,10.5061/dryad.tb2rbp0cq,4,4,True,official_file_listing_confirmed,358,5051903547,313,Retina_311.tif,14220658,image/tiff,True,copied
dryad_tb2rbp0cq,Serial block face scanning electron micrographs of mouse outer retina,10.5061/dryad.tb2rbp0cq,4,4,True,official_file_listing_confirmed,358,5051903547,314,Retina_312.tif,14225292,image/tiff,True,copied
dryad_tb2rbp0cq,Serial block face scanning electron micrographs of mouse outer retina,10.5061/dryad.tb2rbp0cq,4,4,True,official_file_listing_confirmed,358,5051903547,315,Retina_313.tif,14223978,image/tiff,True,copied
dryad_tb2rbp0cq,Serial block face scanning electron micrographs of mouse outer retina,10.5061/dryad.tb2rbp0cq,4,4,True,official_file_listing_confirmed,358,5051903547,316,Retina_314.tif,14236784,image/tiff,True,copied
dryad_tb2rbp0cq,Serial block face scanning electron micrographs of mouse outer retina,10.5061/dryad.tb2rbp0cq,4,4,True,official_file_listing_confirmed,358,5051903547,317,Retina_315.tif,14247240,image/tiff,True,copied
dryad_tb2rbp0cq,Serial block face scanning electron micrographs of mouse outer retina,10.5061/dryad.tb2rbp0cq,4,4,True,official_file_listing_confirmed,358,5051903547,318,Retina_316.tif,14232758,image/tiff,True,copied
dryad_tb2rbp0cq,Serial block face scanning electron micrographs of mouse outer retina,10.5061/dryad.tb2rbp0cq,4,4,True,official_file_listing_confirmed,358,5051903547,319,Retina_317.tif,14251418,image/tiff,True,copied
dryad_tb2rbp0cq,Serial block face scanning electron micrographs of mouse outer retina,10.5061/dryad.tb2rbp0cq,4,4,True,official_file_listing_confirmed,358,5051903547,320,Retina_318.tif,14269236,image/tiff,True,copied
dryad_tb2rbp0cq,Serial block face scanning electron micrographs of mouse outer retina,10.5061/dryad.tb2rbp0cq,4,4,True,official_file_listing_confirmed,358,5051903547,321,Retina_319.tif,14277676,image/tiff,True,copied
dryad_tb2rbp0cq,Serial block face scanning electron micrographs of mouse outer retina,10.5061/dryad.tb2rbp0cq,4,4,True,official_file_listing_confirmed,358,5051903547,322,Retina_320.tif,14292954,image/tiff,True,copied
dryad_tb2rbp0cq,Serial block face scanning electron micrographs of mouse outer retina,10.5061/dryad.tb2rbp0cq,4,4,True,official_file_listing_confirmed,358,5051903547,323,Retina_321.tif,14297950,image/tiff,True,copied
dryad_tb2rbp0cq,Serial block face scanning electron micrographs of mouse outer retina,10.5061/dryad.tb2rbp0cq,4,4,True,official_file_listing_confirmed,358,5051903547,324,Retina_322.tif,14301148,image/tiff,True,copied
dryad_tb2rbp0cq,Serial block face scanning electron micrographs of mouse outer retina,10.5061/dryad.tb2rbp0cq,4,4,True,official_file_listing_confirmed,358,5051903547,325,Retina_323.tif,14230294,image/tiff,True,copied
dryad_tb2rbp0cq,Serial block face scanning electron micrographs of mouse outer retina,10.5061/dryad.tb2rbp0cq,4,4,True,official_file_listing_confirmed,358,5051903547,326,Retina_324.tif,14283326,image/tiff,True,copied
dryad_tb2rbp0cq,Serial block face scanning electron micrographs of mouse outer retina,10.5061/dryad.tb2rbp0cq,4,4,True,official_file_listing_confirmed,358,5051903547,327,Retina_325.tif,14270994,image/tiff,True,copied
dryad_tb2rbp0cq,Serial block face scanning electron micrographs of mouse outer retina,10.5061/dryad.tb2rbp0cq,4,4,True,official_file_listing_confirmed,358,5051903547,328,Retina_326.tif,14293814,image/tiff,True,copied
dryad_tb2rbp0cq,Serial block face scanning electron micrographs of mouse outer retina,10.5061/dryad.tb2rbp0cq,4,4,True,official_file_listing_confirmed,358,5051903547,329,Retina_327.tif,14130816,image/tiff,True,copied
dryad_tb2rbp0cq,Serial block face scanning electron micrographs of mouse outer retina,10.5061/dryad.tb2rbp0cq,4,4,True,official_file_listing_confirmed,358,5051903547,330,Retina_328.tif,14150906,image/tiff,True,copied
dryad_tb2rbp0cq,Serial block face scanning electron micrographs of mouse outer retina,10.5061/dryad.tb2rbp0cq,4,4,True,official_file_listing_confirmed,358,5051903547,331,Retina_329.tif,14157658,image/tiff,True,copied
dryad_tb2rbp0cq,Serial block face scanning electron micrographs of mouse outer retina,10.5061/dryad.tb2rbp0cq,4,4,True,official_file_listing_confirmed,358,5051903547,332,Retina_330.tif,14167946,image/tiff,True,copied
dryad_tb2rbp0cq,Serial block face scanning electron micrographs of mouse outer retina,10.5061/dryad.tb2rbp0cq,4,4,True,official_file_listing_confirmed,358,5051903547,333,Retina_331.tif,14169492,image/tiff,True,copied
dryad_tb2rbp0cq,Serial block face scanning electron micrographs of mouse outer retina,10.5061/dryad.tb2rbp0cq,4,4,True,official_file_listing_confirmed,358,5051903547,334,Retina_332.tif,14170704,image/tiff,True,copied
dryad_tb2rbp0cq,Serial block face scanning electron micrographs of mouse outer retina,10.5061/dryad.tb2rbp0cq,4,4,True,official_file_listing_confirmed,358,5051903547,335,Retina_333.tif,14185792,image/tiff,True,copied
dryad_tb2rbp0cq,Serial block face scanning electron micrographs of mouse outer retina,10.5061/dryad.tb2rbp0cq,4,4,True,official_file_listing_confirmed,358,5051903547,336,Retina_334.tif,14183722,image/tiff,True,copied
dryad_tb2rbp0cq,Serial block face scanning electron micrographs of mouse outer retina,10.5061/dryad.tb2rbp0cq,4,4,True,official_file_listing_confirmed,358,5051903547,337,Retina_335.tif,14191728,image/tiff,True,copied
dryad_tb2rbp0cq,Serial block face scanning electron micrographs of mouse outer retina,10.5061/dryad.tb2rbp0cq,4,4,True,official_file_listing_confirmed,358,5051903547,338,Retina_336.tif,14189164,image/tiff,True,copied
dryad_tb2rbp0cq,Serial block face scanning electron micrographs of mouse outer retina,10.5061/dryad.tb2rbp0cq,4,4,True,official_file_listing_confirmed,358,5051903547,339,Retina_337.tif,14194394,image/tiff,True,copied
dryad_tb2rbp0cq,Serial block face scanning electron micrographs of mouse outer retina,10.5061/dryad.tb2rbp0cq,4,4,True,official_file_listing_confirmed,358,5051903547,340,Retina_338.tif,14194202,image/tiff,True,copied
dryad_tb2rbp0cq,Serial block face scanning electron micrographs of mouse outer retina,10.5061/dryad.tb2rbp0cq,4,4,True,official_file_listing_confirmed,358,5051903547,341,Retina_339.tif,14206776,image/tiff,True,copied
dryad_tb2rbp0cq,Serial block face scanning electron micrographs of mouse outer retina,10.5061/dryad.tb2rbp0cq,4,4,True,official_file_listing_confirmed,358,5051903547,342,Retina_340.tif,14206088,image/tiff,True,copied
dryad_tb2rbp0cq,Serial block face scanning electron micrographs of mouse outer retina,10.5061/dryad.tb2rbp0cq,4,4,True,official_file_listing_confirmed,358,5051903547,343,Retina_341.tif,14203266,image/tiff,True,copied
dryad_tb2rbp0cq,Serial block face scanning electron micrographs of mouse outer retina,10.5061/dryad.tb2rbp0cq,4,4,True,official_file_listing_confirmed,358,5051903547,344,Retina_342.tif,14211608,image/tiff,True,copied
dryad_tb2rbp0cq,Serial block face scanning electron micrographs of mouse outer retina,10.5061/dryad.tb2rbp0cq,4,4,True,official_file_listing_confirmed,358,5051903547,345,Retina_343.tif,14217586,image/tiff,True,copied
dryad_tb2rbp0cq,Serial block face scanning electron micrographs of mouse outer retina,10.5061/dryad.tb2rbp0cq,4,4,True,official_file_listing_confirmed,358,5051903547,346,Retina_344.tif,14201724,image/tiff,True,copied
dryad_tb2rbp0cq,Serial block face scanning electron micrographs of mouse outer retina,10.5061/dryad.tb2rbp0cq,4,4,True,official_file_listing_confirmed,358,5051903547,347,Retina_345.tif,14183440,image/tiff,True,copied
dryad_tb2rbp0cq,Serial block face scanning electron micrographs of mouse outer retina,10.5061/dryad.tb2rbp0cq,4,4,True,official_file_listing_confirmed,358,5051903547,348,Retina_346.tif,14189816,image/tiff,True,copied
dryad_tb2rbp0cq,Serial block face scanning electron micrographs of mouse outer retina,10.5061/dryad.tb2rbp0cq,4,4,True,official_file_listing_confirmed,358,5051903547,349,Retina_347.tif,14193780,image/tiff,True,copied
dryad_tb2rbp0cq,Serial block face scanning electron micrographs of mouse outer retina,10.5061/dryad.tb2rbp0cq,4,4,True,official_file_listing_confirmed,358,5051903547,350,Retina_348.tif,14175908,image/tiff,True,copied
dryad_tb2rbp0cq,Serial block face scanning electron micrographs of mouse outer retina,10.5061/dryad.tb2rbp0cq,4,4,True,official_file_listing_confirmed,358,5051903547,351,Retina_349.tif,14161024,image/tiff,True,copied
dryad_tb2rbp0cq,Serial block face scanning electron micrographs of mouse outer retina,10.5061/dryad.tb2rbp0cq,4,4,True,official_file_listing_confirmed,358,5051903547,352,Retina_350.tif,14166342,image/tiff,True,copied
dryad_tb2rbp0cq,Serial block face scanning electron micrographs of mouse outer retina,10.5061/dryad.tb2rbp0cq,4,4,True,official_file_listing_confirmed,358,5051903547,353,Retina_351.tif,14158602,image/tiff,True,copied
dryad_tb2rbp0cq,Serial block face scanning electron micrographs of mouse outer retina,10.5061/dryad.tb2rbp0cq,4,4,True,official_file_listing_confirmed,358,5051903547,354,Retina_352.tif,14146530,image/tiff,True,copied
dryad_tb2rbp0cq,Serial block face scanning electron micrographs of mouse outer retina,10.5061/dryad.tb2rbp0cq,4,4,True,official_file_listing_confirmed,358,5051903547,355,Retina_353.tif,14140962,image/tiff,True,copied
dryad_tb2rbp0cq,Serial block face scanning electron micrographs of mouse outer retina,10.5061/dryad.tb2rbp0cq,4,4,True,official_file_listing_confirmed,358,5051903547,356,Retina_354.tif,14138664,image/tiff,True,copied
dryad_tb2rbp0cq,Serial block face scanning electron micrographs of mouse outer retina,10.5061/dryad.tb2rbp0cq,4,4,True,official_file_listing_confirmed,358,5051903547,357,Retina_355.tif,14128814,image/tiff,True,copied
dryad_tb2rbp0cq,Serial block face scanning electron micrographs of mouse outer retina,10.5061/dryad.tb2rbp0cq,4,4,True,official_file_listing_confirmed,358,5051903547,358,Retina_356.tif,14137830,image/tiff,True,copied
dryad_tb_uveitis_ifn,Type 1 interferon-inducible gene expression in QuantiFERON Gold TB-positive uveitis: a tool to stratify a high versus low risk of active tuberculosis?,10.5061/dryad.8jk03jd,1,1,True,official_file_listing_confirmed,1,52469,1,Type I IFN gene signature - a tool to stratify high vs low-risk TB uveitis?.xlsx,52469,application/vnd.openxmlformats-officedocument.spreadsheetml.sheet,True,created
dryad_tdz08kq8t,"Sphingosine-1-phosphate signaling regulates the ability of Müller glia to become neurogenic, proliferating progenitor-like cells",10.5061/dryad.tdz08kq8t,8,8,True,official_file_listing_confirmed,22,2018076463,1,chick_retina_nmda_12_hrs.zip,135570009,application/x-zip-compressed,True,copied
dryad_tdz08kq8t,"Sphingosine-1-phosphate signaling regulates the ability of Müller glia to become neurogenic, proliferating progenitor-like cells",10.5061/dryad.tdz08kq8t,8,8,True,official_file_listing_confirmed,22,2018076463,2,chick_retina_nmda_3_hrs.zip,59510470,application/x-zip-compressed,True,copied
dryad_tdz08kq8t,"Sphingosine-1-phosphate signaling regulates the ability of Müller glia to become neurogenic, proliferating progenitor-like cells",10.5061/dryad.tdz08kq8t,8,8,True,official_file_listing_confirmed,22,2018076463,3,chick_retina_nmda_48_hrs_rep1.zip,89480464,application/x-zip-compressed,True,copied
dryad_tdz08kq8t,"Sphingosine-1-phosphate signaling regulates the ability of Müller glia to become neurogenic, proliferating progenitor-like cells",10.5061/dryad.tdz08kq8t,8,8,True,official_file_listing_confirmed,22,2018076463,4,chick_retina_nmda_48_hrs_SAHH_inhibitor.zip,104673132,application/x-zip-compressed,True,copied
dryad_tdz08kq8t,"Sphingosine-1-phosphate signaling regulates the ability of Müller glia to become neurogenic, proliferating progenitor-like cells",10.5061/dryad.tdz08kq8t,8,8,True,official_file_listing_confirmed,22,2018076463,5,chick_retina_nmda_48hrs_FABP_inhibitor.zip,98553897,application/x-zip-compressed,True,copied
dryad_tdz08kq8t,"Sphingosine-1-phosphate signaling regulates the ability of Müller glia to become neurogenic, proliferating progenitor-like cells",10.5061/dryad.tdz08kq8t,8,8,True,official_file_listing_confirmed,22,2018076463,6,chick_retina_nmda_48hrs_rep2.zip,123263275,application/x-zip-compressed,True,copied
dryad_tdz08kq8t,"Sphingosine-1-phosphate signaling regulates the ability of Müller glia to become neurogenic, proliferating progenitor-like cells",10.5061/dryad.tdz08kq8t,8,8,True,official_file_listing_confirmed,22,2018076463,7,chick_retina_saline_control.zip,73147738,application/x-zip-compressed,True,copied
dryad_tdz08kq8t,"Sphingosine-1-phosphate signaling regulates the ability of Müller glia to become neurogenic, proliferating progenitor-like cells",10.5061/dryad.tdz08kq8t,8,8,True,official_file_listing_confirmed,22,2018076463,8,chick_retina_saline_FABP_inhibitor.zip,73707159,application/x-zip-compressed,True,copied
dryad_tdz08kq8t,"Sphingosine-1-phosphate signaling regulates the ability of Müller glia to become neurogenic, proliferating progenitor-like cells",10.5061/dryad.tdz08kq8t,8,8,True,official_file_listing_confirmed,22,2018076463,9,chick_retina_saline_SAHH_inhibitor.zip,112260382,application/x-zip-compressed,True,copied
dryad_tdz08kq8t,"Sphingosine-1-phosphate signaling regulates the ability of Müller glia to become neurogenic, proliferating progenitor-like cells",10.5061/dryad.tdz08kq8t,8,8,True,official_file_listing_confirmed,22,2018076463,10,chick_retina_v2_2_doses_insulin_fgf2.zip,103468598,application/x-zip-compressed,True,copied
dryad_tdz08kq8t,"Sphingosine-1-phosphate signaling regulates the ability of Müller glia to become neurogenic, proliferating progenitor-like cells",10.5061/dryad.tdz08kq8t,8,8,True,official_file_listing_confirmed,22,2018076463,11,chick_retina_v2_3_doses_insulin_fgf2.zip,89519895,application/x-zip-compressed,True,copied
dryad_tdz08kq8t,"Sphingosine-1-phosphate signaling regulates the ability of Müller glia to become neurogenic, proliferating progenitor-like cells",10.5061/dryad.tdz08kq8t,8,8,True,official_file_listing_confirmed,22,2018076463,12,chick_retina_v2_nmda_24_hrs_rep1.zip,107658622,application/x-zip-compressed,True,copied
dryad_tdz08kq8t,"Sphingosine-1-phosphate signaling regulates the ability of Müller glia to become neurogenic, proliferating progenitor-like cells",10.5061/dryad.tdz08kq8t,8,8,True,official_file_listing_confirmed,22,2018076463,13,chick_retina_v2_nmda_24hrs_rep2.zip,148352968,application/x-zip-compressed,True,copied
dryad_tdz08kq8t,"Sphingosine-1-phosphate signaling regulates the ability of Müller glia to become neurogenic, proliferating progenitor-like cells",10.5061/dryad.tdz08kq8t,8,8,True,official_file_listing_confirmed,22,2018076463,14,chick_retina_v2_nmda_48_hrs_insulin_fgf2_rep1.zip,87238990,application/x-zip-compressed,True,copied
dryad_tdz08kq8t,"Sphingosine-1-phosphate signaling regulates the ability of Müller glia to become neurogenic, proliferating progenitor-like cells",10.5061/dryad.tdz08kq8t,8,8,True,official_file_listing_confirmed,22,2018076463,15,chick_retina_v2_nmda_48_hrs_insulin_fgf2_rep2.zip,68611941,application/x-zip-compressed,True,copied
dryad_tdz08kq8t,"Sphingosine-1-phosphate signaling regulates the ability of Müller glia to become neurogenic, proliferating progenitor-like cells",10.5061/dryad.tdz08kq8t,8,8,True,official_file_listing_confirmed,22,2018076463,16,chick_retina_v2_nmda_48_hrs_rep1.zip,22577038,application/x-zip-compressed,True,copied
dryad_tdz08kq8t,"Sphingosine-1-phosphate signaling regulates the ability of Müller glia to become neurogenic, proliferating progenitor-like cells",10.5061/dryad.tdz08kq8t,8,8,True,official_file_listing_confirmed,22,2018076463,17,chick_retina_v2_nmda_48_hrs_rep2.zip,123263293,application/x-zip-compressed,True,copied
dryad_tdz08kq8t,"Sphingosine-1-phosphate signaling regulates the ability of Müller glia to become neurogenic, proliferating progenitor-like cells",10.5061/dryad.tdz08kq8t,8,8,True,official_file_listing_confirmed,22,2018076463,18,chick_retina_v2_nmda_72_hrs_rep1.zip,144274749,application/x-zip-compressed,True,copied
dryad_tdz08kq8t,"Sphingosine-1-phosphate signaling regulates the ability of Müller glia to become neurogenic, proliferating progenitor-like cells",10.5061/dryad.tdz08kq8t,8,8,True,official_file_listing_confirmed,22,2018076463,19,chick_retina_v2_nmda_72_hrs_rep2.zip,105184561,application/x-zip-compressed,True,copied
dryad_tdz08kq8t,"Sphingosine-1-phosphate signaling regulates the ability of Müller glia to become neurogenic, proliferating progenitor-like cells",10.5061/dryad.tdz08kq8t,8,8,True,official_file_listing_confirmed,22,2018076463,20,chick_retina_v2_saline_control_rep1.zip,25895116,application/x-zip-compressed,True,copied
dryad_tdz08kq8t,"Sphingosine-1-phosphate signaling regulates the ability of Müller glia to become neurogenic, proliferating progenitor-like cells",10.5061/dryad.tdz08kq8t,8,8,True,official_file_listing_confirmed,22,2018076463,21,chick_retina_v2_saline_control_rep2.zip,121859463,application/x-zip-compressed,True,copied
dryad_tdz08kq8t,"Sphingosine-1-phosphate signaling regulates the ability of Müller glia to become neurogenic, proliferating progenitor-like cells",10.5061/dryad.tdz08kq8t,8,8,True,official_file_listing_confirmed,22,2018076463,22,README.md,4703,text/markdown,True,copied
dryad_tmpg4f4vb,Effects of capsular tension ring on surgical outcomes of premium intraocular lens in patients with suspected zonular weakness,10.5061/dryad.tmpg4f4vb,5,5,True,official_file_listing_confirmed,1,17642,1,Miyoshi_data.xlsx,17642,application/vnd.openxmlformats-officedocument.spreadsheetml.sheet,True,copied
dryad_toric_iol_incision,Toric Intraocular Lens Incision Outcome Dataset,10.5061/dryad.01n20,1,1,True,official_file_listing_confirmed,1,65825,1,toric data.xlsx,65825,application/vnd.openxmlformats-officedocument.spreadsheetml.sheet,True,created
dryad_uveal_melanoma_coog2,COOG2.1 Uveal Melanoma Prognostic Dataset,10.5061/dryad.n8pk0p340,,2,False,official_file_listing_confirmed,2,84124,1,COOG2.1_Data.csv,82725,text/csv,True,copied
dryad_uveal_melanoma_coog2,COOG2.1 Uveal Melanoma Prognostic Dataset,10.5061/dryad.n8pk0p340,,2,False,official_file_listing_confirmed,2,84124,2,README.md,1399,text/markdown,True,created
dryad_uveitis_vitreous_biomarkers,Uveitis Vitreous Biomarker Dataset,10.5061/dryad.597ch,1,1,True,official_file_listing_confirmed,1,74836,1,low data BMJ.xlsx,74836,application/vnd.openxmlformats-officedocument.spreadsheetml.sheet,True,created
dryad_v6wwpzh1b,Data from: Micropulse transscleral cyclophotocoagulation results in secondary glaucoma,10.5061/dryad.v6wwpzh1b,4,4,True,official_file_listing_confirmed,2,14771,1,Data_Dryad.xlsx,12219,application/vnd.openxmlformats-officedocument.spreadsheetml.sheet,True,copied
dryad_v6wwpzh1b,Data from: Micropulse transscleral cyclophotocoagulation results in secondary glaucoma,10.5061/dryad.v6wwpzh1b,4,4,True,official_file_listing_confirmed,2,14771,2,README.md,2552,text/markdown,True,created
dryad_v9p0b,Data from: Retinal capillary rarefaction in patients with untreated mild-moderate hypertension,10.5061/dryad.v9p0b,1,1,True,official_file_listing_confirmed,1,34844,1,CapillaryRarefactionFinalsav.sav,34844,application/octet-stream,True,created
dryad_vkh_apoe,VKH APOE Transcriptomics and Proteomics Dataset,10.5061/dryad.37pvmcvzx,3,3,True,official_file_listing_confirmed,5,68879258875,1,Differentially_expressed_genes_ratio.csv,1523302,text/csv,True,copied
dryad_vkh_apoe,VKH APOE Transcriptomics and Proteomics Dataset,10.5061/dryad.37pvmcvzx,3,3,True,official_file_listing_confirmed,5,68879258875,2,Differentially_expressed_proteins.csv,1085855,text/csv,True,copied
dryad_vkh_apoe,VKH APOE Transcriptomics and Proteomics Dataset,10.5061/dryad.37pvmcvzx,3,3,True,official_file_listing_confirmed,5,68879258875,3,Proteomics.zip,1209706245,application/x-zip-compressed,True,copied
dryad_vkh_apoe,VKH APOE Transcriptomics and Proteomics Dataset,10.5061/dryad.37pvmcvzx,3,3,True,official_file_listing_confirmed,5,68879258875,4,README.md,4251,text/markdown,True,created
dryad_vkh_apoe,VKH APOE Transcriptomics and Proteomics Dataset,10.5061/dryad.37pvmcvzx,3,3,True,official_file_listing_confirmed,5,68879258875,5,VKH_Bulk-seq.zip,67666939222,application/x-zip-compressed,True,copied
dryad_vq83bk3s8,Spatially displaced excitation contributes to the encoding of interrupted motion by the retinal direction-selective circuit,10.5061/dryad.vq83bk3s8,5,5,True,official_file_listing_confirmed,910,6459809695,1,1_epsc_control_cell1_stim.txt,696,text/plain,True,copied
dryad_vq83bk3s8,Spatially displaced excitation contributes to the encoding of interrupted motion by the retinal direction-selective circuit,10.5061/dryad.vq83bk3s8,5,5,True,official_file_listing_confirmed,910,6459809695,2,1_epsc_control_cell1.abf,2887168,,True,copied
dryad_vq83bk3s8,Spatially displaced excitation contributes to the encoding of interrupted motion by the retinal direction-selective circuit,10.5061/dryad.vq83bk3s8,5,5,True,official_file_listing_confirmed,910,6459809695,3,1_epsc_control_cell10_stim.txt,696,text/plain,True,copied
dryad_vq83bk3s8,Spatially displaced excitation contributes to the encoding of interrupted motion by the retinal direction-selective circuit,10.5061/dryad.vq83bk3s8,5,5,True,official_file_listing_confirmed,910,6459809695,4,1_epsc_control_cell10.abf,2887168,,True,copied
dryad_vq83bk3s8,Spatially displaced excitation contributes to the encoding of interrupted motion by the retinal direction-selective circuit,10.5061/dryad.vq83bk3s8,5,5,True,official_file_listing_confirmed,910,6459809695,5,1_epsc_control_cell11_stim.txt,696,text/plain,True,copied
dryad_vq83bk3s8,Spatially displaced excitation contributes to the encoding of interrupted motion by the retinal direction-selective circuit,10.5061/dryad.vq83bk3s8,5,5,True,official_file_listing_confirmed,910,6459809695,6,1_epsc_control_cell11.abf,2887168,,True,copied
dryad_vq83bk3s8,Spatially displaced excitation contributes to the encoding of interrupted motion by the retinal direction-selective circuit,10.5061/dryad.vq83bk3s8,5,5,True,official_file_listing_confirmed,910,6459809695,7,1_epsc_control_cell12_stim.txt,928,text/plain,True,copied
dryad_vq83bk3s8,Spatially displaced excitation contributes to the encoding of interrupted motion by the retinal direction-selective circuit,10.5061/dryad.vq83bk3s8,5,5,True,official_file_listing_confirmed,910,6459809695,8,1_epsc_control_cell12.abf,7686144,,True,copied
dryad_vq83bk3s8,Spatially displaced excitation contributes to the encoding of interrupted motion by the retinal direction-selective circuit,10.5061/dryad.vq83bk3s8,5,5,True,official_file_listing_confirmed,910,6459809695,9,1_epsc_control_cell13_stim.txt,930,text/plain,True,copied
dryad_vq83bk3s8,Spatially displaced excitation contributes to the encoding of interrupted motion by the retinal direction-selective circuit,10.5061/dryad.vq83bk3s8,5,5,True,official_file_listing_confirmed,910,6459809695,10,1_epsc_control_cell13.abf,3847168,,True,copied
dryad_vq83bk3s8,Spatially displaced excitation contributes to the encoding of interrupted motion by the retinal direction-selective circuit,10.5061/dryad.vq83bk3s8,5,5,True,official_file_listing_confirmed,910,6459809695,11,1_epsc_control_cell14_stim.txt,1160,text/plain,True,copied
dryad_vq83bk3s8,Spatially displaced excitation contributes to the encoding of interrupted motion by the retinal direction-selective circuit,10.5061/dryad.vq83bk3s8,5,5,True,official_file_listing_confirmed,910,6459809695,12,1_epsc_control_cell14.abf,3847168,,True,copied
dryad_vq83bk3s8,Spatially displaced excitation contributes to the encoding of interrupted motion by the retinal direction-selective circuit,10.5061/dryad.vq83bk3s8,5,5,True,official_file_listing_confirmed,910,6459809695,13,1_epsc_control_cell15_stim.txt,1160,text/plain,True,copied
dryad_vq83bk3s8,Spatially displaced excitation contributes to the encoding of interrupted motion by the retinal direction-selective circuit,10.5061/dryad.vq83bk3s8,5,5,True,official_file_listing_confirmed,910,6459809695,14,1_epsc_control_cell15.abf,2887168,,True,copied
dryad_vq83bk3s8,Spatially displaced excitation contributes to the encoding of interrupted motion by the retinal direction-selective circuit,10.5061/dryad.vq83bk3s8,5,5,True,official_file_listing_confirmed,910,6459809695,15,1_epsc_control_cell2_stim.txt,696,text/plain,True,copied
dryad_vq83bk3s8,Spatially displaced excitation contributes to the encoding of interrupted motion by the retinal direction-selective circuit,10.5061/dryad.vq83bk3s8,5,5,True,official_file_listing_confirmed,910,6459809695,16,1_epsc_control_cell2.abf,2887168,,True,copied
dryad_vq83bk3s8,Spatially displaced excitation contributes to the encoding of interrupted motion by the retinal direction-selective circuit,10.5061/dryad.vq83bk3s8,5,5,True,official_file_listing_confirmed,910,6459809695,17,1_epsc_control_cell3_stim.txt,696,text/plain,True,copied
dryad_vq83bk3s8,Spatially displaced excitation contributes to the encoding of interrupted motion by the retinal direction-selective circuit,10.5061/dryad.vq83bk3s8,5,5,True,official_file_listing_confirmed,910,6459809695,18,1_epsc_control_cell3.abf,2887168,,True,copied
dryad_vq83bk3s8,Spatially displaced excitation contributes to the encoding of interrupted motion by the retinal direction-selective circuit,10.5061/dryad.vq83bk3s8,5,5,True,official_file_listing_confirmed,910,6459809695,19,1_epsc_control_cell4_stim.txt,696,text/plain,True,copied
dryad_vq83bk3s8,Spatially displaced excitation contributes to the encoding of interrupted motion by the retinal direction-selective circuit,10.5061/dryad.vq83bk3s8,5,5,True,official_file_listing_confirmed,910,6459809695,20,1_epsc_control_cell4.abf,2887168,,True,copied
dryad_vq83bk3s8,Spatially displaced excitation contributes to the encoding of interrupted motion by the retinal direction-selective circuit,10.5061/dryad.vq83bk3s8,5,5,True,official_file_listing_confirmed,910,6459809695,21,1_epsc_control_cell5_stim.txt,1160,text/plain,True,copied
dryad_vq83bk3s8,Spatially displaced excitation contributes to the encoding of interrupted motion by the retinal direction-selective circuit,10.5061/dryad.vq83bk3s8,5,5,True,official_file_listing_confirmed,910,6459809695,22,1_epsc_control_cell5.abf,2887168,,True,copied
dryad_vq83bk3s8,Spatially displaced excitation contributes to the encoding of interrupted motion by the retinal direction-selective circuit,10.5061/dryad.vq83bk3s8,5,5,True,official_file_listing_confirmed,910,6459809695,23,1_epsc_control_cell6_stim.txt,696,text/plain,True,copied
dryad_vq83bk3s8,Spatially displaced excitation contributes to the encoding of interrupted motion by the retinal direction-selective circuit,10.5061/dryad.vq83bk3s8,5,5,True,official_file_listing_confirmed,910,6459809695,24,1_epsc_control_cell6.abf,2887168,,True,copied
dryad_vq83bk3s8,Spatially displaced excitation contributes to the encoding of interrupted motion by the retinal direction-selective circuit,10.5061/dryad.vq83bk3s8,5,5,True,official_file_listing_confirmed,910,6459809695,25,1_epsc_control_cell7_stim.txt,696,text/plain,True,copied
dryad_vq83bk3s8,Spatially displaced excitation contributes to the encoding of interrupted motion by the retinal direction-selective circuit,10.5061/dryad.vq83bk3s8,5,5,True,official_file_listing_confirmed,910,6459809695,26,1_epsc_control_cell7.abf,2887168,,True,copied
dryad_vq83bk3s8,Spatially displaced excitation contributes to the encoding of interrupted motion by the retinal direction-selective circuit,10.5061/dryad.vq83bk3s8,5,5,True,official_file_listing_confirmed,910,6459809695,27,1_epsc_control_cell8_stim.txt,696,text/plain,True,copied
dryad_vq83bk3s8,Spatially displaced excitation contributes to the encoding of interrupted motion by the retinal direction-selective circuit,10.5061/dryad.vq83bk3s8,5,5,True,official_file_listing_confirmed,910,6459809695,28,1_epsc_control_cell8.abf,2887168,,True,copied
dryad_vq83bk3s8,Spatially displaced excitation contributes to the encoding of interrupted motion by the retinal direction-selective circuit,10.5061/dryad.vq83bk3s8,5,5,True,official_file_listing_confirmed,910,6459809695,29,1_epsc_control_cell9_stim.txt,696,text/plain,True,copied
dryad_vq83bk3s8,Spatially displaced excitation contributes to the encoding of interrupted motion by the retinal direction-selective circuit,10.5061/dryad.vq83bk3s8,5,5,True,official_file_listing_confirmed,910,6459809695,30,1_epsc_control_cell9.abf,2887168,,True,copied
dryad_vq83bk3s8,Spatially displaced excitation contributes to the encoding of interrupted motion by the retinal direction-selective circuit,10.5061/dryad.vq83bk3s8,5,5,True,official_file_listing_confirmed,910,6459809695,31,1_epsc_dhbegab_cell1_stim.txt,696,text/plain,True,copied
dryad_vq83bk3s8,Spatially displaced excitation contributes to the encoding of interrupted motion by the retinal direction-selective circuit,10.5061/dryad.vq83bk3s8,5,5,True,official_file_listing_confirmed,910,6459809695,32,1_epsc_dhbegab_cell1.abf,2887168,,True,copied
dryad_vq83bk3s8,Spatially displaced excitation contributes to the encoding of interrupted motion by the retinal direction-selective circuit,10.5061/dryad.vq83bk3s8,5,5,True,official_file_listing_confirmed,910,6459809695,33,1_epsc_dhbegab_cell10_stim.txt,696,text/plain,True,copied
dryad_vq83bk3s8,Spatially displaced excitation contributes to the encoding of interrupted motion by the retinal direction-selective circuit,10.5061/dryad.vq83bk3s8,5,5,True,official_file_listing_confirmed,910,6459809695,34,1_epsc_dhbegab_cell10.abf,2887168,,True,copied
dryad_vq83bk3s8,Spatially displaced excitation contributes to the encoding of interrupted motion by the retinal direction-selective circuit,10.5061/dryad.vq83bk3s8,5,5,True,official_file_listing_confirmed,910,6459809695,35,1_epsc_dhbegab_cell11_stim.txt,696,text/plain,True,copied
dryad_vq83bk3s8,Spatially displaced excitation contributes to the encoding of interrupted motion by the retinal direction-selective circuit,10.5061/dryad.vq83bk3s8,5,5,True,official_file_listing_confirmed,910,6459809695,36,1_epsc_dhbegab_cell11.abf,2887168,,True,copied
dryad_vq83bk3s8,Spatially displaced excitation contributes to the encoding of interrupted motion by the retinal direction-selective circuit,10.5061/dryad.vq83bk3s8,5,5,True,official_file_listing_confirmed,910,6459809695,37,1_epsc_dhbegab_cell12_stim.txt,1160,text/plain,True,copied
dryad_vq83bk3s8,Spatially displaced excitation contributes to the encoding of interrupted motion by the retinal direction-selective circuit,10.5061/dryad.vq83bk3s8,5,5,True,official_file_listing_confirmed,910,6459809695,38,1_epsc_dhbegab_cell12.abf,4807168,,True,copied
dryad_vq83bk3s8,Spatially displaced excitation contributes to the encoding of interrupted motion by the retinal direction-selective circuit,10.5061/dryad.vq83bk3s8,5,5,True,official_file_listing_confirmed,910,6459809695,39,1_epsc_dhbegab_cell13_stim.txt,930,text/plain,True,copied
dryad_vq83bk3s8,Spatially displaced excitation contributes to the encoding of interrupted motion by the retinal direction-selective circuit,10.5061/dryad.vq83bk3s8,5,5,True,official_file_listing_confirmed,910,6459809695,40,1_epsc_dhbegab_cell13.abf,3967488,,True,copied
dryad_vq83bk3s8,Spatially displaced excitation contributes to the encoding of interrupted motion by the retinal direction-selective circuit,10.5061/dryad.vq83bk3s8,5,5,True,official_file_listing_confirmed,910,6459809695,41,1_epsc_dhbegab_cell14_stim.txt,1160,text/plain,True,copied
dryad_vq83bk3s8,Spatially displaced excitation contributes to the encoding of interrupted motion by the retinal direction-selective circuit,10.5061/dryad.vq83bk3s8,5,5,True,official_file_listing_confirmed,910,6459809695,42,1_epsc_dhbegab_cell14.abf,2887168,,True,copied
dryad_vq83bk3s8,Spatially displaced excitation contributes to the encoding of interrupted motion by the retinal direction-selective circuit,10.5061/dryad.vq83bk3s8,5,5,True,official_file_listing_confirmed,910,6459809695,43,1_epsc_dhbegab_cell15_stim.txt,1160,text/plain,True,copied
dryad_vq83bk3s8,Spatially displaced excitation contributes to the encoding of interrupted motion by the retinal direction-selective circuit,10.5061/dryad.vq83bk3s8,5,5,True,official_file_listing_confirmed,910,6459809695,44,1_epsc_dhbegab_cell15.abf,2887168,,True,copied
dryad_vq83bk3s8,Spatially displaced excitation contributes to the encoding of interrupted motion by the retinal direction-selective circuit,10.5061/dryad.vq83bk3s8,5,5,True,official_file_listing_confirmed,910,6459809695,45,1_epsc_dhbegab_cell16_stim.txt,1160,text/plain,True,copied
dryad_vq83bk3s8,Spatially displaced excitation contributes to the encoding of interrupted motion by the retinal direction-selective circuit,10.5061/dryad.vq83bk3s8,5,5,True,official_file_listing_confirmed,910,6459809695,46,1_epsc_dhbegab_cell16.abf,5766144,,True,copied
dryad_vq83bk3s8,Spatially displaced excitation contributes to the encoding of interrupted motion by the retinal direction-selective circuit,10.5061/dryad.vq83bk3s8,5,5,True,official_file_listing_confirmed,910,6459809695,47,1_epsc_dhbegab_cell17_stim.txt,1160,text/plain,True,copied
dryad_vq83bk3s8,Spatially displaced excitation contributes to the encoding of interrupted motion by the retinal direction-selective circuit,10.5061/dryad.vq83bk3s8,5,5,True,official_file_listing_confirmed,910,6459809695,48,1_epsc_dhbegab_cell17.abf,2887168,,True,copied
dryad_vq83bk3s8,Spatially displaced excitation contributes to the encoding of interrupted motion by the retinal direction-selective circuit,10.5061/dryad.vq83bk3s8,5,5,True,official_file_listing_confirmed,910,6459809695,49,1_epsc_dhbegab_cell18_stim.txt,1160,text/plain,True,copied
dryad_vq83bk3s8,Spatially displaced excitation contributes to the encoding of interrupted motion by the retinal direction-selective circuit,10.5061/dryad.vq83bk3s8,5,5,True,official_file_listing_confirmed,910,6459809695,50,1_epsc_dhbegab_cell18.abf,2887168,,True,copied
dryad_vq83bk3s8,Spatially displaced excitation contributes to the encoding of interrupted motion by the retinal direction-selective circuit,10.5061/dryad.vq83bk3s8,5,5,True,official_file_listing_confirmed,910,6459809695,51,1_epsc_dhbegab_cell19_stim.txt,1160,text/plain,True,copied
dryad_vq83bk3s8,Spatially displaced excitation contributes to the encoding of interrupted motion by the retinal direction-selective circuit,10.5061/dryad.vq83bk3s8,5,5,True,official_file_listing_confirmed,910,6459809695,52,1_epsc_dhbegab_cell19.abf,2887168,,True,copied
dryad_vq83bk3s8,Spatially displaced excitation contributes to the encoding of interrupted motion by the retinal direction-selective circuit,10.5061/dryad.vq83bk3s8,5,5,True,official_file_listing_confirmed,910,6459809695,53,1_epsc_dhbegab_cell2_stim.txt,696,text/plain,True,copied
dryad_vq83bk3s8,Spatially displaced excitation contributes to the encoding of interrupted motion by the retinal direction-selective circuit,10.5061/dryad.vq83bk3s8,5,5,True,official_file_listing_confirmed,910,6459809695,54,1_epsc_dhbegab_cell2.abf,2887168,,True,copied
dryad_vq83bk3s8,Spatially displaced excitation contributes to the encoding of interrupted motion by the retinal direction-selective circuit,10.5061/dryad.vq83bk3s8,5,5,True,official_file_listing_confirmed,910,6459809695,55,1_epsc_dhbegab_cell20_stim.txt,695,text/plain,True,copied
dryad_vq83bk3s8,Spatially displaced excitation contributes to the encoding of interrupted motion by the retinal direction-selective circuit,10.5061/dryad.vq83bk3s8,5,5,True,official_file_listing_confirmed,910,6459809695,56,1_epsc_dhbegab_cell20.abf,5766144,,True,copied
dryad_vq83bk3s8,Spatially displaced excitation contributes to the encoding of interrupted motion by the retinal direction-selective circuit,10.5061/dryad.vq83bk3s8,5,5,True,official_file_listing_confirmed,910,6459809695,57,1_epsc_dhbegab_cell21_stim.txt,1160,text/plain,True,copied
dryad_vq83bk3s8,Spatially displaced excitation contributes to the encoding of interrupted motion by the retinal direction-selective circuit,10.5061/dryad.vq83bk3s8,5,5,True,official_file_listing_confirmed,910,6459809695,58,1_epsc_dhbegab_cell21.abf,2887168,,True,copied
dryad_vq83bk3s8,Spatially displaced excitation contributes to the encoding of interrupted motion by the retinal direction-selective circuit,10.5061/dryad.vq83bk3s8,5,5,True,official_file_listing_confirmed,910,6459809695,59,1_epsc_dhbegab_cell22_stim.txt,1160,text/plain,True,copied
dryad_vq83bk3s8,Spatially displaced excitation contributes to the encoding of interrupted motion by the retinal direction-selective circuit,10.5061/dryad.vq83bk3s8,5,5,True,official_file_listing_confirmed,910,6459809695,60,1_epsc_dhbegab_cell22.abf,2887168,,True,copied
dryad_vq83bk3s8,Spatially displaced excitation contributes to the encoding of interrupted motion by the retinal direction-selective circuit,10.5061/dryad.vq83bk3s8,5,5,True,official_file_listing_confirmed,910,6459809695,61,1_epsc_dhbegab_cell23_stim.txt,1160,text/plain,True,copied
dryad_vq83bk3s8,Spatially displaced excitation contributes to the encoding of interrupted motion by the retinal direction-selective circuit,10.5061/dryad.vq83bk3s8,5,5,True,official_file_listing_confirmed,910,6459809695,62,1_epsc_dhbegab_cell23.abf,2887168,,True,copied
dryad_vq83bk3s8,Spatially displaced excitation contributes to the encoding of interrupted motion by the retinal direction-selective circuit,10.5061/dryad.vq83bk3s8,5,5,True,official_file_listing_confirmed,910,6459809695,63,1_epsc_dhbegab_cell24_stim.txt,1160,text/plain,True,copied
dryad_vq83bk3s8,Spatially displaced excitation contributes to the encoding of interrupted motion by the retinal direction-selective circuit,10.5061/dryad.vq83bk3s8,5,5,True,official_file_listing_confirmed,910,6459809695,64,1_epsc_dhbegab_cell24.abf,2887168,,True,copied
dryad_vq83bk3s8,Spatially displaced excitation contributes to the encoding of interrupted motion by the retinal direction-selective circuit,10.5061/dryad.vq83bk3s8,5,5,True,official_file_listing_confirmed,910,6459809695,65,1_epsc_dhbegab_cell3_stim.txt,696,text/plain,True,copied
dryad_vq83bk3s8,Spatially displaced excitation contributes to the encoding of interrupted motion by the retinal direction-selective circuit,10.5061/dryad.vq83bk3s8,5,5,True,official_file_listing_confirmed,910,6459809695,66,1_epsc_dhbegab_cell3.abf,5766144,,True,copied
dryad_vq83bk3s8,Spatially displaced excitation contributes to the encoding of interrupted motion by the retinal direction-selective circuit,10.5061/dryad.vq83bk3s8,5,5,True,official_file_listing_confirmed,910,6459809695,67,1_epsc_dhbegab_cell4_stim.txt,696,text/plain,True,copied
dryad_vq83bk3s8,Spatially displaced excitation contributes to the encoding of interrupted motion by the retinal direction-selective circuit,10.5061/dryad.vq83bk3s8,5,5,True,official_file_listing_confirmed,910,6459809695,68,1_epsc_dhbegab_cell4.abf,2887168,,True,copied
dryad_vq83bk3s8,Spatially displaced excitation contributes to the encoding of interrupted motion by the retinal direction-selective circuit,10.5061/dryad.vq83bk3s8,5,5,True,official_file_listing_confirmed,910,6459809695,69,1_epsc_dhbegab_cell5_stim.txt,696,text/plain,True,copied
dryad_vq83bk3s8,Spatially displaced excitation contributes to the encoding of interrupted motion by the retinal direction-selective circuit,10.5061/dryad.vq83bk3s8,5,5,True,official_file_listing_confirmed,910,6459809695,70,1_epsc_dhbegab_cell5.abf,2887168,,True,copied
dryad_vq83bk3s8,Spatially displaced excitation contributes to the encoding of interrupted motion by the retinal direction-selective circuit,10.5061/dryad.vq83bk3s8,5,5,True,official_file_listing_confirmed,910,6459809695,71,1_epsc_dhbegab_cell6_stim.txt,696,text/plain,True,copied
dryad_vq83bk3s8,Spatially displaced excitation contributes to the encoding of interrupted motion by the retinal direction-selective circuit,10.5061/dryad.vq83bk3s8,5,5,True,official_file_listing_confirmed,910,6459809695,72,1_epsc_dhbegab_cell6.abf,2887168,,True,copied
dryad_vq83bk3s8,Spatially displaced excitation contributes to the encoding of interrupted motion by the retinal direction-selective circuit,10.5061/dryad.vq83bk3s8,5,5,True,official_file_listing_confirmed,910,6459809695,73,1_epsc_dhbegab_cell7_stim.txt,696,text/plain,True,copied
dryad_vq83bk3s8,Spatially displaced excitation contributes to the encoding of interrupted motion by the retinal direction-selective circuit,10.5061/dryad.vq83bk3s8,5,5,True,official_file_listing_confirmed,910,6459809695,74,1_epsc_dhbegab_cell7.abf,2887168,,True,copied
dryad_vq83bk3s8,Spatially displaced excitation contributes to the encoding of interrupted motion by the retinal direction-selective circuit,10.5061/dryad.vq83bk3s8,5,5,True,official_file_listing_confirmed,910,6459809695,75,1_epsc_dhbegab_cell8_stim.txt,696,text/plain,True,copied
dryad_vq83bk3s8,Spatially displaced excitation contributes to the encoding of interrupted motion by the retinal direction-selective circuit,10.5061/dryad.vq83bk3s8,5,5,True,official_file_listing_confirmed,910,6459809695,76,1_epsc_dhbegab_cell8.abf,2887168,,True,copied
dryad_vq83bk3s8,Spatially displaced excitation contributes to the encoding of interrupted motion by the retinal direction-selective circuit,10.5061/dryad.vq83bk3s8,5,5,True,official_file_listing_confirmed,910,6459809695,77,1_epsc_dhbegab_cell9_stim.txt,696,text/plain,True,copied
dryad_vq83bk3s8,Spatially displaced excitation contributes to the encoding of interrupted motion by the retinal direction-selective circuit,10.5061/dryad.vq83bk3s8,5,5,True,official_file_listing_confirmed,910,6459809695,78,1_epsc_dhbegab_cell9.abf,2887168,,True,copied
dryad_vq83bk3s8,Spatially displaced excitation contributes to the encoding of interrupted motion by the retinal direction-selective circuit,10.5061/dryad.vq83bk3s8,5,5,True,official_file_listing_confirmed,910,6459809695,79,1C_control_cell1.mat,1044,,True,copied
dryad_vq83bk3s8,Spatially displaced excitation contributes to the encoding of interrupted motion by the retinal direction-selective circuit,10.5061/dryad.vq83bk3s8,5,5,True,official_file_listing_confirmed,910,6459809695,80,1C_control_cell10.mat,1223,,True,copied
dryad_vq83bk3s8,Spatially displaced excitation contributes to the encoding of interrupted motion by the retinal direction-selective circuit,10.5061/dryad.vq83bk3s8,5,5,True,official_file_listing_confirmed,910,6459809695,81,1C_control_cell11.mat,2321,,True,copied
dryad_vq83bk3s8,Spatially displaced excitation contributes to the encoding of interrupted motion by the retinal direction-selective circuit,10.5061/dryad.vq83bk3s8,5,5,True,official_file_listing_confirmed,910,6459809695,82,1C_control_cell12.mat,1601,,True,copied
dryad_vq83bk3s8,Spatially displaced excitation contributes to the encoding of interrupted motion by the retinal direction-selective circuit,10.5061/dryad.vq83bk3s8,5,5,True,official_file_listing_confirmed,910,6459809695,83,1C_control_cell13.mat,946,,True,copied
dryad_vq83bk3s8,Spatially displaced excitation contributes to the encoding of interrupted motion by the retinal direction-selective circuit,10.5061/dryad.vq83bk3s8,5,5,True,official_file_listing_confirmed,910,6459809695,84,1C_control_cell14.mat,1304,,True,copied
dryad_vq83bk3s8,Spatially displaced excitation contributes to the encoding of interrupted motion by the retinal direction-selective circuit,10.5061/dryad.vq83bk3s8,5,5,True,official_file_listing_confirmed,910,6459809695,85,1C_control_cell15.mat,1172,,True,copied
dryad_vq83bk3s8,Spatially displaced excitation contributes to the encoding of interrupted motion by the retinal direction-selective circuit,10.5061/dryad.vq83bk3s8,5,5,True,official_file_listing_confirmed,910,6459809695,86,1C_control_cell16.mat,1059,,True,copied
dryad_vq83bk3s8,Spatially displaced excitation contributes to the encoding of interrupted motion by the retinal direction-selective circuit,10.5061/dryad.vq83bk3s8,5,5,True,official_file_listing_confirmed,910,6459809695,87,1C_control_cell17.mat,1523,,True,copied
dryad_vq83bk3s8,Spatially displaced excitation contributes to the encoding of interrupted motion by the retinal direction-selective circuit,10.5061/dryad.vq83bk3s8,5,5,True,official_file_listing_confirmed,910,6459809695,88,1C_control_cell18.mat,1278,,True,copied
dryad_vq83bk3s8,Spatially displaced excitation contributes to the encoding of interrupted motion by the retinal direction-selective circuit,10.5061/dryad.vq83bk3s8,5,5,True,official_file_listing_confirmed,910,6459809695,89,1C_control_cell19.mat,1514,,True,copied
dryad_vq83bk3s8,Spatially displaced excitation contributes to the encoding of interrupted motion by the retinal direction-selective circuit,10.5061/dryad.vq83bk3s8,5,5,True,official_file_listing_confirmed,910,6459809695,90,1C_control_cell2.mat,1387,,True,copied
dryad_vq83bk3s8,Spatially displaced excitation contributes to the encoding of interrupted motion by the retinal direction-selective circuit,10.5061/dryad.vq83bk3s8,5,5,True,official_file_listing_confirmed,910,6459809695,91,1C_control_cell20.mat,1371,,True,copied
dryad_vq83bk3s8,Spatially displaced excitation contributes to the encoding of interrupted motion by the retinal direction-selective circuit,10.5061/dryad.vq83bk3s8,5,5,True,official_file_listing_confirmed,910,6459809695,92,1C_control_cell21.mat,2012,,True,copied
dryad_vq83bk3s8,Spatially displaced excitation contributes to the encoding of interrupted motion by the retinal direction-selective circuit,10.5061/dryad.vq83bk3s8,5,5,True,official_file_listing_confirmed,910,6459809695,93,1C_control_cell22.mat,1265,,True,copied
dryad_vq83bk3s8,Spatially displaced excitation contributes to the encoding of interrupted motion by the retinal direction-selective circuit,10.5061/dryad.vq83bk3s8,5,5,True,official_file_listing_confirmed,910,6459809695,94,1C_control_cell23.mat,1184,,True,copied
dryad_vq83bk3s8,Spatially displaced excitation contributes to the encoding of interrupted motion by the retinal direction-selective circuit,10.5061/dryad.vq83bk3s8,5,5,True,official_file_listing_confirmed,910,6459809695,95,1C_control_cell24.mat,1474,,True,copied
dryad_vq83bk3s8,Spatially displaced excitation contributes to the encoding of interrupted motion by the retinal direction-selective circuit,10.5061/dryad.vq83bk3s8,5,5,True,official_file_listing_confirmed,910,6459809695,96,1C_control_cell25.mat,849,,True,copied
dryad_vq83bk3s8,Spatially displaced excitation contributes to the encoding of interrupted motion by the retinal direction-selective circuit,10.5061/dryad.vq83bk3s8,5,5,True,official_file_listing_confirmed,910,6459809695,97,1C_control_cell3.mat,2359,,True,copied
dryad_vq83bk3s8,Spatially displaced excitation contributes to the encoding of interrupted motion by the retinal direction-selective circuit,10.5061/dryad.vq83bk3s8,5,5,True,official_file_listing_confirmed,910,6459809695,98,1C_control_cell4.mat,1557,,True,copied
dryad_vq83bk3s8,Spatially displaced excitation contributes to the encoding of interrupted motion by the retinal direction-selective circuit,10.5061/dryad.vq83bk3s8,5,5,True,official_file_listing_confirmed,910,6459809695,99,1C_control_cell5.mat,2244,,True,copied
dryad_vq83bk3s8,Spatially displaced excitation contributes to the encoding of interrupted motion by the retinal direction-selective circuit,10.5061/dryad.vq83bk3s8,5,5,True,official_file_listing_confirmed,910,6459809695,100,1C_control_cell6.mat,1383,,True,copied
dryad_vq83bk3s8,Spatially displaced excitation contributes to the encoding of interrupted motion by the retinal direction-selective circuit,10.5061/dryad.vq83bk3s8,5,5,True,official_file_listing_confirmed,910,6459809695,101,1C_control_cell7.mat,2140,,True,copied
dryad_vq83bk3s8,Spatially displaced excitation contributes to the encoding of interrupted motion by the retinal direction-selective circuit,10.5061/dryad.vq83bk3s8,5,5,True,official_file_listing_confirmed,910,6459809695,102,1C_control_cell8.mat,1254,,True,copied
dryad_vq83bk3s8,Spatially displaced excitation contributes to the encoding of interrupted motion by the retinal direction-selective circuit,10.5061/dryad.vq83bk3s8,5,5,True,official_file_listing_confirmed,910,6459809695,103,1C_control_cell9.mat,1994,,True,copied
dryad_vq83bk3s8,Spatially displaced excitation contributes to the encoding of interrupted motion by the retinal direction-selective circuit,10.5061/dryad.vq83bk3s8,5,5,True,official_file_listing_confirmed,910,6459809695,104,1C_dhbegab_cell1.mat,2972,,True,copied
dryad_vq83bk3s8,Spatially displaced excitation contributes to the encoding of interrupted motion by the retinal direction-selective circuit,10.5061/dryad.vq83bk3s8,5,5,True,official_file_listing_confirmed,910,6459809695,105,1C_dhbegab_cell10.mat,1757,,True,copied
dryad_vq83bk3s8,Spatially displaced excitation contributes to the encoding of interrupted motion by the retinal direction-selective circuit,10.5061/dryad.vq83bk3s8,5,5,True,official_file_listing_confirmed,910,6459809695,106,1C_dhbegab_cell11.mat,1887,,True,copied
dryad_vq83bk3s8,Spatially displaced excitation contributes to the encoding of interrupted motion by the retinal direction-selective circuit,10.5061/dryad.vq83bk3s8,5,5,True,official_file_listing_confirmed,910,6459809695,107,1C_dhbegab_cell12.mat,3617,,True,copied
dryad_vq83bk3s8,Spatially displaced excitation contributes to the encoding of interrupted motion by the retinal direction-selective circuit,10.5061/dryad.vq83bk3s8,5,5,True,official_file_listing_confirmed,910,6459809695,108,1C_dhbegab_cell13.mat,3633,,True,copied
dryad_vq83bk3s8,Spatially displaced excitation contributes to the encoding of interrupted motion by the retinal direction-selective circuit,10.5061/dryad.vq83bk3s8,5,5,True,official_file_listing_confirmed,910,6459809695,109,1C_dhbegab_cell14.mat,1604,,True,copied
dryad_vq83bk3s8,Spatially displaced excitation contributes to the encoding of interrupted motion by the retinal direction-selective circuit,10.5061/dryad.vq83bk3s8,5,5,True,official_file_listing_confirmed,910,6459809695,110,1C_dhbegab_cell15.mat,953,,True,copied
dryad_vq83bk3s8,Spatially displaced excitation contributes to the encoding of interrupted motion by the retinal direction-selective circuit,10.5061/dryad.vq83bk3s8,5,5,True,official_file_listing_confirmed,910,6459809695,111,1C_dhbegab_cell16.mat,1669,,True,copied
dryad_vq83bk3s8,Spatially displaced excitation contributes to the encoding of interrupted motion by the retinal direction-selective circuit,10.5061/dryad.vq83bk3s8,5,5,True,official_file_listing_confirmed,910,6459809695,112,1C_dhbegab_cell17.mat,795,,True,copied
dryad_vq83bk3s8,Spatially displaced excitation contributes to the encoding of interrupted motion by the retinal direction-selective circuit,10.5061/dryad.vq83bk3s8,5,5,True,official_file_listing_confirmed,910,6459809695,113,1C_dhbegab_cell18.mat,1033,,True,copied
dryad_vq83bk3s8,Spatially displaced excitation contributes to the encoding of interrupted motion by the retinal direction-selective circuit,10.5061/dryad.vq83bk3s8,5,5,True,official_file_listing_confirmed,910,6459809695,114,1C_dhbegab_cell2.mat,1459,,True,copied
dryad_vq83bk3s8,Spatially displaced excitation contributes to the encoding of interrupted motion by the retinal direction-selective circuit,10.5061/dryad.vq83bk3s8,5,5,True,official_file_listing_confirmed,910,6459809695,115,1C_dhbegab_cell3.mat,1896,,True,copied
dryad_vq83bk3s8,Spatially displaced excitation contributes to the encoding of interrupted motion by the retinal direction-selective circuit,10.5061/dryad.vq83bk3s8,5,5,True,official_file_listing_confirmed,910,6459809695,116,1C_dhbegab_cell4.mat,1417,,True,copied
dryad_vq83bk3s8,Spatially displaced excitation contributes to the encoding of interrupted motion by the retinal direction-selective circuit,10.5061/dryad.vq83bk3s8,5,5,True,official_file_listing_confirmed,910,6459809695,117,1C_dhbegab_cell5.mat,927,,True,copied
dryad_vq83bk3s8,Spatially displaced excitation contributes to the encoding of interrupted motion by the retinal direction-selective circuit,10.5061/dryad.vq83bk3s8,5,5,True,official_file_listing_confirmed,910,6459809695,118,1C_dhbegab_cell6.mat,2719,,True,copied
dryad_vq83bk3s8,Spatially displaced excitation contributes to the encoding of interrupted motion by the retinal direction-selective circuit,10.5061/dryad.vq83bk3s8,5,5,True,official_file_listing_confirmed,910,6459809695,119,1C_dhbegab_cell7.mat,2073,,True,copied
dryad_vq83bk3s8,Spatially displaced excitation contributes to the encoding of interrupted motion by the retinal direction-selective circuit,10.5061/dryad.vq83bk3s8,5,5,True,official_file_listing_confirmed,910,6459809695,120,1C_dhbegab_cell8.mat,1675,,True,copied
dryad_vq83bk3s8,Spatially displaced excitation contributes to the encoding of interrupted motion by the retinal direction-selective circuit,10.5061/dryad.vq83bk3s8,5,5,True,official_file_listing_confirmed,910,6459809695,121,1C_dhbegab_cell9.mat,1975,,True,copied
dryad_vq83bk3s8,Spatially displaced excitation contributes to the encoding of interrupted motion by the retinal direction-selective circuit,10.5061/dryad.vq83bk3s8,5,5,True,official_file_listing_confirmed,910,6459809695,122,3_cell1_stim.txt,13068,text/plain,True,copied
dryad_vq83bk3s8,Spatially displaced excitation contributes to the encoding of interrupted motion by the retinal direction-selective circuit,10.5061/dryad.vq83bk3s8,5,5,True,official_file_listing_confirmed,910,6459809695,123,3_cell1.abf,20337152,,True,copied
dryad_vq83bk3s8,Spatially displaced excitation contributes to the encoding of interrupted motion by the retinal direction-selective circuit,10.5061/dryad.vq83bk3s8,5,5,True,official_file_listing_confirmed,910,6459809695,124,3_cell10_stim.txt,12744,text/plain,True,copied
dryad_vq83bk3s8,Spatially displaced excitation contributes to the encoding of interrupted motion by the retinal direction-selective circuit,10.5061/dryad.vq83bk3s8,5,5,True,official_file_listing_confirmed,910,6459809695,125,3_cell10.abf,19832832,,True,copied
dryad_vq83bk3s8,Spatially displaced excitation contributes to the encoding of interrupted motion by the retinal direction-selective circuit,10.5061/dryad.vq83bk3s8,5,5,True,official_file_listing_confirmed,910,6459809695,126,3_cell11_stim.txt,13068,text/plain,True,copied
dryad_vq83bk3s8,Spatially displaced excitation contributes to the encoding of interrupted motion by the retinal direction-selective circuit,10.5061/dryad.vq83bk3s8,5,5,True,official_file_listing_confirmed,910,6459809695,127,3_cell11.abf,20337152,,True,copied
dryad_vq83bk3s8,Spatially displaced excitation contributes to the encoding of interrupted motion by the retinal direction-selective circuit,10.5061/dryad.vq83bk3s8,5,5,True,official_file_listing_confirmed,910,6459809695,128,3_cell12_stim.txt,13068,text/plain,True,copied
dryad_vq83bk3s8,Spatially displaced excitation contributes to the encoding of interrupted motion by the retinal direction-selective circuit,10.5061/dryad.vq83bk3s8,5,5,True,official_file_listing_confirmed,910,6459809695,129,3_cell12.abf,20337152,,True,copied
dryad_vq83bk3s8,Spatially displaced excitation contributes to the encoding of interrupted motion by the retinal direction-selective circuit,10.5061/dryad.vq83bk3s8,5,5,True,official_file_listing_confirmed,910,6459809695,130,3_cell13_stim.txt,13068,text/plain,True,copied
dryad_vq83bk3s8,Spatially displaced excitation contributes to the encoding of interrupted motion by the retinal direction-selective circuit,10.5061/dryad.vq83bk3s8,5,5,True,official_file_listing_confirmed,910,6459809695,131,3_cell13.abf,20337152,,True,copied
dryad_vq83bk3s8,Spatially displaced excitation contributes to the encoding of interrupted motion by the retinal direction-selective circuit,10.5061/dryad.vq83bk3s8,5,5,True,official_file_listing_confirmed,910,6459809695,132,3_cell14_stim.txt,13068,text/plain,True,copied
dryad_vq83bk3s8,Spatially displaced excitation contributes to the encoding of interrupted motion by the retinal direction-selective circuit,10.5061/dryad.vq83bk3s8,5,5,True,official_file_listing_confirmed,910,6459809695,133,3_cell14.abf,20337152,,True,copied
dryad_vq83bk3s8,Spatially displaced excitation contributes to the encoding of interrupted motion by the retinal direction-selective circuit,10.5061/dryad.vq83bk3s8,5,5,True,official_file_listing_confirmed,910,6459809695,134,3_cell15_stim.txt,17424,text/plain,True,copied
dryad_vq83bk3s8,Spatially displaced excitation contributes to the encoding of interrupted motion by the retinal direction-selective circuit,10.5061/dryad.vq83bk3s8,5,5,True,official_file_listing_confirmed,910,6459809695,135,3_cell15.abf,27113984,,True,copied
dryad_vq83bk3s8,Spatially displaced excitation contributes to the encoding of interrupted motion by the retinal direction-selective circuit,10.5061/dryad.vq83bk3s8,5,5,True,official_file_listing_confirmed,910,6459809695,136,3_cell16_stim.txt,13068,text/plain,True,copied
dryad_vq83bk3s8,Spatially displaced excitation contributes to the encoding of interrupted motion by the retinal direction-selective circuit,10.5061/dryad.vq83bk3s8,5,5,True,official_file_listing_confirmed,910,6459809695,137,3_cell16.abf,20337152,,True,copied
dryad_vq83bk3s8,Spatially displaced excitation contributes to the encoding of interrupted motion by the retinal direction-selective circuit,10.5061/dryad.vq83bk3s8,5,5,True,official_file_listing_confirmed,910,6459809695,138,3_cell2_stim.txt,13068,text/plain,True,copied
dryad_vq83bk3s8,Spatially displaced excitation contributes to the encoding of interrupted motion by the retinal direction-selective circuit,10.5061/dryad.vq83bk3s8,5,5,True,official_file_listing_confirmed,910,6459809695,139,3_cell2.abf,20337152,,True,copied
dryad_vq83bk3s8,Spatially displaced excitation contributes to the encoding of interrupted motion by the retinal direction-selective circuit,10.5061/dryad.vq83bk3s8,5,5,True,official_file_listing_confirmed,910,6459809695,140,3_cell3_stim.txt,13068,text/plain,True,copied
dryad_vq83bk3s8,Spatially displaced excitation contributes to the encoding of interrupted motion by the retinal direction-selective circuit,10.5061/dryad.vq83bk3s8,5,5,True,official_file_listing_confirmed,910,6459809695,141,3_cell3.abf,20337152,,True,copied
dryad_vq83bk3s8,Spatially displaced excitation contributes to the encoding of interrupted motion by the retinal direction-selective circuit,10.5061/dryad.vq83bk3s8,5,5,True,official_file_listing_confirmed,910,6459809695,142,3_cell4_stim.txt,13068,text/plain,True,copied
dryad_vq83bk3s8,Spatially displaced excitation contributes to the encoding of interrupted motion by the retinal direction-selective circuit,10.5061/dryad.vq83bk3s8,5,5,True,official_file_listing_confirmed,910,6459809695,143,3_cell4.abf,20337152,,True,copied
dryad_vq83bk3s8,Spatially displaced excitation contributes to the encoding of interrupted motion by the retinal direction-selective circuit,10.5061/dryad.vq83bk3s8,5,5,True,official_file_listing_confirmed,910,6459809695,144,3_cell5_stim.txt,13068,text/plain,True,copied
dryad_vq83bk3s8,Spatially displaced excitation contributes to the encoding of interrupted motion by the retinal direction-selective circuit,10.5061/dryad.vq83bk3s8,5,5,True,official_file_listing_confirmed,910,6459809695,145,3_cell5.abf,20337152,,True,copied
dryad_vq83bk3s8,Spatially displaced excitation contributes to the encoding of interrupted motion by the retinal direction-selective circuit,10.5061/dryad.vq83bk3s8,5,5,True,official_file_listing_confirmed,910,6459809695,146,3_cell6_stim.txt,13068,text/plain,True,copied
dryad_vq83bk3s8,Spatially displaced excitation contributes to the encoding of interrupted motion by the retinal direction-selective circuit,10.5061/dryad.vq83bk3s8,5,5,True,official_file_listing_confirmed,910,6459809695,147,3_cell6.abf,20337152,,True,copied
dryad_vq83bk3s8,Spatially displaced excitation contributes to the encoding of interrupted motion by the retinal direction-selective circuit,10.5061/dryad.vq83bk3s8,5,5,True,official_file_listing_confirmed,910,6459809695,148,3_cell7_stim.txt,13068,text/plain,True,copied
dryad_vq83bk3s8,Spatially displaced excitation contributes to the encoding of interrupted motion by the retinal direction-selective circuit,10.5061/dryad.vq83bk3s8,5,5,True,official_file_listing_confirmed,910,6459809695,149,3_cell7.abf,20337152,,True,copied
dryad_vq83bk3s8,Spatially displaced excitation contributes to the encoding of interrupted motion by the retinal direction-selective circuit,10.5061/dryad.vq83bk3s8,5,5,True,official_file_listing_confirmed,910,6459809695,150,3_cell8_stim.txt,13068,text/plain,True,copied
dryad_vq83bk3s8,Spatially displaced excitation contributes to the encoding of interrupted motion by the retinal direction-selective circuit,10.5061/dryad.vq83bk3s8,5,5,True,official_file_listing_confirmed,910,6459809695,151,3_cell8.abf,20337152,,True,copied
dryad_vq83bk3s8,Spatially displaced excitation contributes to the encoding of interrupted motion by the retinal direction-selective circuit,10.5061/dryad.vq83bk3s8,5,5,True,official_file_listing_confirmed,910,6459809695,152,3_cell9_stim.txt,13068,text/plain,True,copied
dryad_vq83bk3s8,Spatially displaced excitation contributes to the encoding of interrupted motion by the retinal direction-selective circuit,10.5061/dryad.vq83bk3s8,5,5,True,official_file_listing_confirmed,910,6459809695,153,3_cell9.abf,20337152,,True,copied
dryad_vq83bk3s8,Spatially displaced excitation contributes to the encoding of interrupted motion by the retinal direction-selective circuit,10.5061/dryad.vq83bk3s8,5,5,True,official_file_listing_confirmed,910,6459809695,154,5C_dhbegab_cell1.mat,2221,,True,copied
dryad_vq83bk3s8,Spatially displaced excitation contributes to the encoding of interrupted motion by the retinal direction-selective circuit,10.5061/dryad.vq83bk3s8,5,5,True,official_file_listing_confirmed,910,6459809695,155,5C_dhbegab_cell10.mat,2148,,True,copied
dryad_vq83bk3s8,Spatially displaced excitation contributes to the encoding of interrupted motion by the retinal direction-selective circuit,10.5061/dryad.vq83bk3s8,5,5,True,official_file_listing_confirmed,910,6459809695,156,5C_dhbegab_cell11.mat,2702,,True,copied
dryad_vq83bk3s8,Spatially displaced excitation contributes to the encoding of interrupted motion by the retinal direction-selective circuit,10.5061/dryad.vq83bk3s8,5,5,True,official_file_listing_confirmed,910,6459809695,157,5C_dhbegab_cell12.mat,2855,,True,copied
dryad_vq83bk3s8,Spatially displaced excitation contributes to the encoding of interrupted motion by the retinal direction-selective circuit,10.5061/dryad.vq83bk3s8,5,5,True,official_file_listing_confirmed,910,6459809695,158,5C_dhbegab_cell13.mat,1987,,True,copied
dryad_vq83bk3s8,Spatially displaced excitation contributes to the encoding of interrupted motion by the retinal direction-selective circuit,10.5061/dryad.vq83bk3s8,5,5,True,official_file_listing_confirmed,910,6459809695,159,5C_dhbegab_cell14.mat,1811,,True,copied
dryad_vq83bk3s8,Spatially displaced excitation contributes to the encoding of interrupted motion by the retinal direction-selective circuit,10.5061/dryad.vq83bk3s8,5,5,True,official_file_listing_confirmed,910,6459809695,160,5C_dhbegab_cell2.mat,2256,,True,copied
dryad_vq83bk3s8,Spatially displaced excitation contributes to the encoding of interrupted motion by the retinal direction-selective circuit,10.5061/dryad.vq83bk3s8,5,5,True,official_file_listing_confirmed,910,6459809695,161,5C_dhbegab_cell3.mat,1925,,True,copied
dryad_vq83bk3s8,Spatially displaced excitation contributes to the encoding of interrupted motion by the retinal direction-selective circuit,10.5061/dryad.vq83bk3s8,5,5,True,official_file_listing_confirmed,910,6459809695,162,5C_dhbegab_cell4.mat,4256,,True,copied
dryad_vq83bk3s8,Spatially displaced excitation contributes to the encoding of interrupted motion by the retinal direction-selective circuit,10.5061/dryad.vq83bk3s8,5,5,True,official_file_listing_confirmed,910,6459809695,163,5C_dhbegab_cell5.mat,2309,,True,copied
dryad_vq83bk3s8,Spatially displaced excitation contributes to the encoding of interrupted motion by the retinal direction-selective circuit,10.5061/dryad.vq83bk3s8,5,5,True,official_file_listing_confirmed,910,6459809695,164,5C_dhbegab_cell6.mat,2266,,True,copied
dryad_vq83bk3s8,Spatially displaced excitation contributes to the encoding of interrupted motion by the retinal direction-selective circuit,10.5061/dryad.vq83bk3s8,5,5,True,official_file_listing_confirmed,910,6459809695,165,5C_dhbegab_cell7.mat,1377,,True,copied
dryad_vq83bk3s8,Spatially displaced excitation contributes to the encoding of interrupted motion by the retinal direction-selective circuit,10.5061/dryad.vq83bk3s8,5,5,True,official_file_listing_confirmed,910,6459809695,166,5C_dhbegab_cell8.mat,2585,,True,copied
dryad_vq83bk3s8,Spatially displaced excitation contributes to the encoding of interrupted motion by the retinal direction-selective circuit,10.5061/dryad.vq83bk3s8,5,5,True,official_file_listing_confirmed,910,6459809695,167,5C_dhbegab_cell9.mat,2054,,True,copied
dryad_vq83bk3s8,Spatially displaced excitation contributes to the encoding of interrupted motion by the retinal direction-selective circuit,10.5061/dryad.vq83bk3s8,5,5,True,official_file_listing_confirmed,910,6459809695,168,5C_ff_control_cell1.mat,3990,,True,copied
dryad_vq83bk3s8,Spatially displaced excitation contributes to the encoding of interrupted motion by the retinal direction-selective circuit,10.5061/dryad.vq83bk3s8,5,5,True,official_file_listing_confirmed,910,6459809695,169,5C_ff_control_cell10.mat,2863,,True,copied
dryad_vq83bk3s8,Spatially displaced excitation contributes to the encoding of interrupted motion by the retinal direction-selective circuit,10.5061/dryad.vq83bk3s8,5,5,True,official_file_listing_confirmed,910,6459809695,170,5C_ff_control_cell11.mat,2978,,True,copied
dryad_vq83bk3s8,Spatially displaced excitation contributes to the encoding of interrupted motion by the retinal direction-selective circuit,10.5061/dryad.vq83bk3s8,5,5,True,official_file_listing_confirmed,910,6459809695,171,5C_ff_control_cell12.mat,3370,,True,copied
dryad_vq83bk3s8,Spatially displaced excitation contributes to the encoding of interrupted motion by the retinal direction-selective circuit,10.5061/dryad.vq83bk3s8,5,5,True,official_file_listing_confirmed,910,6459809695,172,5C_ff_control_cell13.mat,2257,,True,copied
dryad_vq83bk3s8,Spatially displaced excitation contributes to the encoding of interrupted motion by the retinal direction-selective circuit,10.5061/dryad.vq83bk3s8,5,5,True,official_file_listing_confirmed,910,6459809695,173,5C_ff_control_cell14.mat,2828,,True,copied
dryad_vq83bk3s8,Spatially displaced excitation contributes to the encoding of interrupted motion by the retinal direction-selective circuit,10.5061/dryad.vq83bk3s8,5,5,True,official_file_listing_confirmed,910,6459809695,174,5C_ff_control_cell15.mat,3087,,True,copied
dryad_vq83bk3s8,Spatially displaced excitation contributes to the encoding of interrupted motion by the retinal direction-selective circuit,10.5061/dryad.vq83bk3s8,5,5,True,official_file_listing_confirmed,910,6459809695,175,5C_ff_control_cell16.mat,3516,,True,copied
dryad_vq83bk3s8,Spatially displaced excitation contributes to the encoding of interrupted motion by the retinal direction-selective circuit,10.5061/dryad.vq83bk3s8,5,5,True,official_file_listing_confirmed,910,6459809695,176,5C_ff_control_cell17.mat,3270,,True,copied
dryad_vq83bk3s8,Spatially displaced excitation contributes to the encoding of interrupted motion by the retinal direction-selective circuit,10.5061/dryad.vq83bk3s8,5,5,True,official_file_listing_confirmed,910,6459809695,177,5C_ff_control_cell18.mat,3053,,True,copied
dryad_vq83bk3s8,Spatially displaced excitation contributes to the encoding of interrupted motion by the retinal direction-selective circuit,10.5061/dryad.vq83bk3s8,5,5,True,official_file_listing_confirmed,910,6459809695,178,5C_ff_control_cell19.mat,3842,,True,copied
dryad_vq83bk3s8,Spatially displaced excitation contributes to the encoding of interrupted motion by the retinal direction-selective circuit,10.5061/dryad.vq83bk3s8,5,5,True,official_file_listing_confirmed,910,6459809695,179,5C_ff_control_cell2.mat,2515,,True,copied
dryad_vq83bk3s8,Spatially displaced excitation contributes to the encoding of interrupted motion by the retinal direction-selective circuit,10.5061/dryad.vq83bk3s8,5,5,True,official_file_listing_confirmed,910,6459809695,180,5C_ff_control_cell20.mat,1415,,True,copied
dryad_vq83bk3s8,Spatially displaced excitation contributes to the encoding of interrupted motion by the retinal direction-selective circuit,10.5061/dryad.vq83bk3s8,5,5,True,official_file_listing_confirmed,910,6459809695,181,5C_ff_control_cell21.mat,2472,,True,copied
dryad_vq83bk3s8,Spatially displaced excitation contributes to the encoding of interrupted motion by the retinal direction-selective circuit,10.5061/dryad.vq83bk3s8,5,5,True,official_file_listing_confirmed,910,6459809695,182,5C_ff_control_cell22.mat,3093,,True,copied
dryad_vq83bk3s8,Spatially displaced excitation contributes to the encoding of interrupted motion by the retinal direction-selective circuit,10.5061/dryad.vq83bk3s8,5,5,True,official_file_listing_confirmed,910,6459809695,183,5C_ff_control_cell23.mat,2399,,True,copied
dryad_vq83bk3s8,Spatially displaced excitation contributes to the encoding of interrupted motion by the retinal direction-selective circuit,10.5061/dryad.vq83bk3s8,5,5,True,official_file_listing_confirmed,910,6459809695,184,5C_ff_control_cell24.mat,2530,,True,copied
dryad_vq83bk3s8,Spatially displaced excitation contributes to the encoding of interrupted motion by the retinal direction-selective circuit,10.5061/dryad.vq83bk3s8,5,5,True,official_file_listing_confirmed,910,6459809695,185,5C_ff_control_cell25.mat,3217,,True,copied
dryad_vq83bk3s8,Spatially displaced excitation contributes to the encoding of interrupted motion by the retinal direction-selective circuit,10.5061/dryad.vq83bk3s8,5,5,True,official_file_listing_confirmed,910,6459809695,186,5C_ff_control_cell26.mat,4517,,True,copied
dryad_vq83bk3s8,Spatially displaced excitation contributes to the encoding of interrupted motion by the retinal direction-selective circuit,10.5061/dryad.vq83bk3s8,5,5,True,official_file_listing_confirmed,910,6459809695,187,5C_ff_control_cell27.mat,4465,,True,copied
dryad_vq83bk3s8,Spatially displaced excitation contributes to the encoding of interrupted motion by the retinal direction-selective circuit,10.5061/dryad.vq83bk3s8,5,5,True,official_file_listing_confirmed,910,6459809695,188,5C_ff_control_cell28.mat,2133,,True,copied
dryad_vq83bk3s8,Spatially displaced excitation contributes to the encoding of interrupted motion by the retinal direction-selective circuit,10.5061/dryad.vq83bk3s8,5,5,True,official_file_listing_confirmed,910,6459809695,189,5C_ff_control_cell29.mat,1464,,True,copied
dryad_vq83bk3s8,Spatially displaced excitation contributes to the encoding of interrupted motion by the retinal direction-selective circuit,10.5061/dryad.vq83bk3s8,5,5,True,official_file_listing_confirmed,910,6459809695,190,5C_ff_control_cell3.mat,3330,,True,copied
dryad_vq83bk3s8,Spatially displaced excitation contributes to the encoding of interrupted motion by the retinal direction-selective circuit,10.5061/dryad.vq83bk3s8,5,5,True,official_file_listing_confirmed,910,6459809695,191,5C_ff_control_cell30.mat,2712,,True,copied
dryad_vq83bk3s8,Spatially displaced excitation contributes to the encoding of interrupted motion by the retinal direction-selective circuit,10.5061/dryad.vq83bk3s8,5,5,True,official_file_listing_confirmed,910,6459809695,192,5C_ff_control_cell31.mat,2224,,True,copied
dryad_vq83bk3s8,Spatially displaced excitation contributes to the encoding of interrupted motion by the retinal direction-selective circuit,10.5061/dryad.vq83bk3s8,5,5,True,official_file_listing_confirmed,910,6459809695,193,5C_ff_control_cell32.mat,3747,,True,copied
dryad_vq83bk3s8,Spatially displaced excitation contributes to the encoding of interrupted motion by the retinal direction-selective circuit,10.5061/dryad.vq83bk3s8,5,5,True,official_file_listing_confirmed,910,6459809695,194,5C_ff_control_cell33.mat,2538,,True,copied
dryad_vq83bk3s8,Spatially displaced excitation contributes to the encoding of interrupted motion by the retinal direction-selective circuit,10.5061/dryad.vq83bk3s8,5,5,True,official_file_listing_confirmed,910,6459809695,195,5C_ff_control_cell34.mat,2943,,True,copied
dryad_vq83bk3s8,Spatially displaced excitation contributes to the encoding of interrupted motion by the retinal direction-selective circuit,10.5061/dryad.vq83bk3s8,5,5,True,official_file_listing_confirmed,910,6459809695,196,5C_ff_control_cell35.mat,4218,,True,copied
dryad_vq83bk3s8,Spatially displaced excitation contributes to the encoding of interrupted motion by the retinal direction-selective circuit,10.5061/dryad.vq83bk3s8,5,5,True,official_file_listing_confirmed,910,6459809695,197,5C_ff_control_cell36.mat,2809,,True,copied
dryad_vq83bk3s8,Spatially displaced excitation contributes to the encoding of interrupted motion by the retinal direction-selective circuit,10.5061/dryad.vq83bk3s8,5,5,True,official_file_listing_confirmed,910,6459809695,198,5C_ff_control_cell37.mat,2717,,True,copied
dryad_vq83bk3s8,Spatially displaced excitation contributes to the encoding of interrupted motion by the retinal direction-selective circuit,10.5061/dryad.vq83bk3s8,5,5,True,official_file_listing_confirmed,910,6459809695,199,5C_ff_control_cell38.mat,3601,,True,copied
dryad_vq83bk3s8,Spatially displaced excitation contributes to the encoding of interrupted motion by the retinal direction-selective circuit,10.5061/dryad.vq83bk3s8,5,5,True,official_file_listing_confirmed,910,6459809695,200,5C_ff_control_cell39.mat,5631,,True,copied
dryad_vq83bk3s8,Spatially displaced excitation contributes to the encoding of interrupted motion by the retinal direction-selective circuit,10.5061/dryad.vq83bk3s8,5,5,True,official_file_listing_confirmed,910,6459809695,201,5C_ff_control_cell4.mat,3100,,True,copied
dryad_vq83bk3s8,Spatially displaced excitation contributes to the encoding of interrupted motion by the retinal direction-selective circuit,10.5061/dryad.vq83bk3s8,5,5,True,official_file_listing_confirmed,910,6459809695,202,5C_ff_control_cell40.mat,8160,,True,copied
dryad_vq83bk3s8,Spatially displaced excitation contributes to the encoding of interrupted motion by the retinal direction-selective circuit,10.5061/dryad.vq83bk3s8,5,5,True,official_file_listing_confirmed,910,6459809695,203,5C_ff_control_cell41.mat,4540,,True,copied
dryad_vq83bk3s8,Spatially displaced excitation contributes to the encoding of interrupted motion by the retinal direction-selective circuit,10.5061/dryad.vq83bk3s8,5,5,True,official_file_listing_confirmed,910,6459809695,204,5C_ff_control_cell42.mat,6752,,True,copied
dryad_vq83bk3s8,Spatially displaced excitation contributes to the encoding of interrupted motion by the retinal direction-selective circuit,10.5061/dryad.vq83bk3s8,5,5,True,official_file_listing_confirmed,910,6459809695,205,5C_ff_control_cell43.mat,5162,,True,copied
dryad_vq83bk3s8,Spatially displaced excitation contributes to the encoding of interrupted motion by the retinal direction-selective circuit,10.5061/dryad.vq83bk3s8,5,5,True,official_file_listing_confirmed,910,6459809695,206,5C_ff_control_cell44.mat,7384,,True,copied
dryad_vq83bk3s8,Spatially displaced excitation contributes to the encoding of interrupted motion by the retinal direction-selective circuit,10.5061/dryad.vq83bk3s8,5,5,True,official_file_listing_confirmed,910,6459809695,207,5C_ff_control_cell45.mat,3482,,True,copied
dryad_vq83bk3s8,Spatially displaced excitation contributes to the encoding of interrupted motion by the retinal direction-selective circuit,10.5061/dryad.vq83bk3s8,5,5,True,official_file_listing_confirmed,910,6459809695,208,5C_ff_control_cell46.mat,2752,,True,copied
dryad_vq83bk3s8,Spatially displaced excitation contributes to the encoding of interrupted motion by the retinal direction-selective circuit,10.5061/dryad.vq83bk3s8,5,5,True,official_file_listing_confirmed,910,6459809695,209,5C_ff_control_cell47.mat,7314,,True,copied
dryad_vq83bk3s8,Spatially displaced excitation contributes to the encoding of interrupted motion by the retinal direction-selective circuit,10.5061/dryad.vq83bk3s8,5,5,True,official_file_listing_confirmed,910,6459809695,210,5C_ff_control_cell48.mat,4296,,True,copied
dryad_vq83bk3s8,Spatially displaced excitation contributes to the encoding of interrupted motion by the retinal direction-selective circuit,10.5061/dryad.vq83bk3s8,5,5,True,official_file_listing_confirmed,910,6459809695,211,5C_ff_control_cell5.mat,3328,,True,copied
dryad_vq83bk3s8,Spatially displaced excitation contributes to the encoding of interrupted motion by the retinal direction-selective circuit,10.5061/dryad.vq83bk3s8,5,5,True,official_file_listing_confirmed,910,6459809695,212,5C_ff_control_cell6.mat,2776,,True,copied
dryad_vq83bk3s8,Spatially displaced excitation contributes to the encoding of interrupted motion by the retinal direction-selective circuit,10.5061/dryad.vq83bk3s8,5,5,True,official_file_listing_confirmed,910,6459809695,213,5C_ff_control_cell7.mat,1921,,True,copied
dryad_vq83bk3s8,Spatially displaced excitation contributes to the encoding of interrupted motion by the retinal direction-selective circuit,10.5061/dryad.vq83bk3s8,5,5,True,official_file_listing_confirmed,910,6459809695,214,5C_ff_control_cell8.mat,2938,,True,copied
dryad_vq83bk3s8,Spatially displaced excitation contributes to the encoding of interrupted motion by the retinal direction-selective circuit,10.5061/dryad.vq83bk3s8,5,5,True,official_file_listing_confirmed,910,6459809695,215,5C_ff_control_cell9.mat,2381,,True,copied
dryad_vq83bk3s8,Spatially displaced excitation contributes to the encoding of interrupted motion by the retinal direction-selective circuit,10.5061/dryad.vq83bk3s8,5,5,True,official_file_listing_confirmed,910,6459809695,216,5C_occ_control_cell1.mat,3584,,True,copied
dryad_vq83bk3s8,Spatially displaced excitation contributes to the encoding of interrupted motion by the retinal direction-selective circuit,10.5061/dryad.vq83bk3s8,5,5,True,official_file_listing_confirmed,910,6459809695,217,5C_occ_control_cell10.mat,2337,,True,copied
dryad_vq83bk3s8,Spatially displaced excitation contributes to the encoding of interrupted motion by the retinal direction-selective circuit,10.5061/dryad.vq83bk3s8,5,5,True,official_file_listing_confirmed,910,6459809695,218,5C_occ_control_cell11.mat,2542,,True,copied
dryad_vq83bk3s8,Spatially displaced excitation contributes to the encoding of interrupted motion by the retinal direction-selective circuit,10.5061/dryad.vq83bk3s8,5,5,True,official_file_listing_confirmed,910,6459809695,219,5C_occ_control_cell12.mat,3681,,True,copied
dryad_vq83bk3s8,Spatially displaced excitation contributes to the encoding of interrupted motion by the retinal direction-selective circuit,10.5061/dryad.vq83bk3s8,5,5,True,official_file_listing_confirmed,910,6459809695,220,5C_occ_control_cell13.mat,2792,,True,copied
dryad_vq83bk3s8,Spatially displaced excitation contributes to the encoding of interrupted motion by the retinal direction-selective circuit,10.5061/dryad.vq83bk3s8,5,5,True,official_file_listing_confirmed,910,6459809695,221,5C_occ_control_cell14.mat,2148,,True,copied
dryad_vq83bk3s8,Spatially displaced excitation contributes to the encoding of interrupted motion by the retinal direction-selective circuit,10.5061/dryad.vq83bk3s8,5,5,True,official_file_listing_confirmed,910,6459809695,222,5C_occ_control_cell15.mat,2194,,True,copied
dryad_vq83bk3s8,Spatially displaced excitation contributes to the encoding of interrupted motion by the retinal direction-selective circuit,10.5061/dryad.vq83bk3s8,5,5,True,official_file_listing_confirmed,910,6459809695,223,5C_occ_control_cell16.mat,2307,,True,copied
dryad_vq83bk3s8,Spatially displaced excitation contributes to the encoding of interrupted motion by the retinal direction-selective circuit,10.5061/dryad.vq83bk3s8,5,5,True,official_file_listing_confirmed,910,6459809695,224,5C_occ_control_cell17.mat,1756,,True,copied
dryad_vq83bk3s8,Spatially displaced excitation contributes to the encoding of interrupted motion by the retinal direction-selective circuit,10.5061/dryad.vq83bk3s8,5,5,True,official_file_listing_confirmed,910,6459809695,225,5C_occ_control_cell18.mat,2404,,True,copied
dryad_vq83bk3s8,Spatially displaced excitation contributes to the encoding of interrupted motion by the retinal direction-selective circuit,10.5061/dryad.vq83bk3s8,5,5,True,official_file_listing_confirmed,910,6459809695,226,5C_occ_control_cell19.mat,1968,,True,copied
dryad_vq83bk3s8,Spatially displaced excitation contributes to the encoding of interrupted motion by the retinal direction-selective circuit,10.5061/dryad.vq83bk3s8,5,5,True,official_file_listing_confirmed,910,6459809695,227,5C_occ_control_cell2.mat,2712,,True,copied
dryad_vq83bk3s8,Spatially displaced excitation contributes to the encoding of interrupted motion by the retinal direction-selective circuit,10.5061/dryad.vq83bk3s8,5,5,True,official_file_listing_confirmed,910,6459809695,228,5C_occ_control_cell20.mat,2930,,True,copied
dryad_vq83bk3s8,Spatially displaced excitation contributes to the encoding of interrupted motion by the retinal direction-selective circuit,10.5061/dryad.vq83bk3s8,5,5,True,official_file_listing_confirmed,910,6459809695,229,5C_occ_control_cell21.mat,2674,,True,copied
dryad_vq83bk3s8,Spatially displaced excitation contributes to the encoding of interrupted motion by the retinal direction-selective circuit,10.5061/dryad.vq83bk3s8,5,5,True,official_file_listing_confirmed,910,6459809695,230,5C_occ_control_cell22.mat,3136,,True,copied
dryad_vq83bk3s8,Spatially displaced excitation contributes to the encoding of interrupted motion by the retinal direction-selective circuit,10.5061/dryad.vq83bk3s8,5,5,True,official_file_listing_confirmed,910,6459809695,231,5C_occ_control_cell23.mat,2494,,True,copied
dryad_vq83bk3s8,Spatially displaced excitation contributes to the encoding of interrupted motion by the retinal direction-selective circuit,10.5061/dryad.vq83bk3s8,5,5,True,official_file_listing_confirmed,910,6459809695,232,5C_occ_control_cell24.mat,3400,,True,copied
dryad_vq83bk3s8,Spatially displaced excitation contributes to the encoding of interrupted motion by the retinal direction-selective circuit,10.5061/dryad.vq83bk3s8,5,5,True,official_file_listing_confirmed,910,6459809695,233,5C_occ_control_cell25.mat,3073,,True,copied
dryad_vq83bk3s8,Spatially displaced excitation contributes to the encoding of interrupted motion by the retinal direction-selective circuit,10.5061/dryad.vq83bk3s8,5,5,True,official_file_listing_confirmed,910,6459809695,234,5C_occ_control_cell26.mat,2455,,True,copied
dryad_vq83bk3s8,Spatially displaced excitation contributes to the encoding of interrupted motion by the retinal direction-selective circuit,10.5061/dryad.vq83bk3s8,5,5,True,official_file_listing_confirmed,910,6459809695,235,5C_occ_control_cell27.mat,2821,,True,copied
dryad_vq83bk3s8,Spatially displaced excitation contributes to the encoding of interrupted motion by the retinal direction-selective circuit,10.5061/dryad.vq83bk3s8,5,5,True,official_file_listing_confirmed,910,6459809695,236,5C_occ_control_cell28.mat,1277,,True,copied
dryad_vq83bk3s8,Spatially displaced excitation contributes to the encoding of interrupted motion by the retinal direction-selective circuit,10.5061/dryad.vq83bk3s8,5,5,True,official_file_listing_confirmed,910,6459809695,237,5C_occ_control_cell29.mat,1756,,True,copied
dryad_vq83bk3s8,Spatially displaced excitation contributes to the encoding of interrupted motion by the retinal direction-selective circuit,10.5061/dryad.vq83bk3s8,5,5,True,official_file_listing_confirmed,910,6459809695,238,5C_occ_control_cell3.mat,4077,,True,copied
dryad_vq83bk3s8,Spatially displaced excitation contributes to the encoding of interrupted motion by the retinal direction-selective circuit,10.5061/dryad.vq83bk3s8,5,5,True,official_file_listing_confirmed,910,6459809695,239,5C_occ_control_cell30.mat,3693,,True,copied
dryad_vq83bk3s8,Spatially displaced excitation contributes to the encoding of interrupted motion by the retinal direction-selective circuit,10.5061/dryad.vq83bk3s8,5,5,True,official_file_listing_confirmed,910,6459809695,240,5C_occ_control_cell31.mat,2346,,True,copied
dryad_vq83bk3s8,Spatially displaced excitation contributes to the encoding of interrupted motion by the retinal direction-selective circuit,10.5061/dryad.vq83bk3s8,5,5,True,official_file_listing_confirmed,910,6459809695,241,5C_occ_control_cell32.mat,3335,,True,copied
dryad_vq83bk3s8,Spatially displaced excitation contributes to the encoding of interrupted motion by the retinal direction-selective circuit,10.5061/dryad.vq83bk3s8,5,5,True,official_file_listing_confirmed,910,6459809695,242,5C_occ_control_cell33.mat,2517,,True,copied
dryad_vq83bk3s8,Spatially displaced excitation contributes to the encoding of interrupted motion by the retinal direction-selective circuit,10.5061/dryad.vq83bk3s8,5,5,True,official_file_listing_confirmed,910,6459809695,243,5C_occ_control_cell34.mat,3244,,True,copied
dryad_vq83bk3s8,Spatially displaced excitation contributes to the encoding of interrupted motion by the retinal direction-selective circuit,10.5061/dryad.vq83bk3s8,5,5,True,official_file_listing_confirmed,910,6459809695,244,5C_occ_control_cell35.mat,4646,,True,copied
dryad_vq83bk3s8,Spatially displaced excitation contributes to the encoding of interrupted motion by the retinal direction-selective circuit,10.5061/dryad.vq83bk3s8,5,5,True,official_file_listing_confirmed,910,6459809695,245,5C_occ_control_cell36.mat,2527,,True,copied
dryad_vq83bk3s8,Spatially displaced excitation contributes to the encoding of interrupted motion by the retinal direction-selective circuit,10.5061/dryad.vq83bk3s8,5,5,True,official_file_listing_confirmed,910,6459809695,246,5C_occ_control_cell37.mat,8098,,True,copied
dryad_vq83bk3s8,Spatially displaced excitation contributes to the encoding of interrupted motion by the retinal direction-selective circuit,10.5061/dryad.vq83bk3s8,5,5,True,official_file_listing_confirmed,910,6459809695,247,5C_occ_control_cell38.mat,3478,,True,copied
dryad_vq83bk3s8,Spatially displaced excitation contributes to the encoding of interrupted motion by the retinal direction-selective circuit,10.5061/dryad.vq83bk3s8,5,5,True,official_file_listing_confirmed,910,6459809695,248,5C_occ_control_cell39.mat,3319,,True,copied
dryad_vq83bk3s8,Spatially displaced excitation contributes to the encoding of interrupted motion by the retinal direction-selective circuit,10.5061/dryad.vq83bk3s8,5,5,True,official_file_listing_confirmed,910,6459809695,249,5C_occ_control_cell4.mat,1935,,True,copied
dryad_vq83bk3s8,Spatially displaced excitation contributes to the encoding of interrupted motion by the retinal direction-selective circuit,10.5061/dryad.vq83bk3s8,5,5,True,official_file_listing_confirmed,910,6459809695,250,5C_occ_control_cell40.mat,9738,,True,copied
dryad_vq83bk3s8,Spatially displaced excitation contributes to the encoding of interrupted motion by the retinal direction-selective circuit,10.5061/dryad.vq83bk3s8,5,5,True,official_file_listing_confirmed,910,6459809695,251,5C_occ_control_cell41.mat,7157,,True,copied
dryad_vq83bk3s8,Spatially displaced excitation contributes to the encoding of interrupted motion by the retinal direction-selective circuit,10.5061/dryad.vq83bk3s8,5,5,True,official_file_listing_confirmed,910,6459809695,252,5C_occ_control_cell42.mat,3920,,True,copied
dryad_vq83bk3s8,Spatially displaced excitation contributes to the encoding of interrupted motion by the retinal direction-selective circuit,10.5061/dryad.vq83bk3s8,5,5,True,official_file_listing_confirmed,910,6459809695,253,5C_occ_control_cell43.mat,6388,,True,copied
dryad_vq83bk3s8,Spatially displaced excitation contributes to the encoding of interrupted motion by the retinal direction-selective circuit,10.5061/dryad.vq83bk3s8,5,5,True,official_file_listing_confirmed,910,6459809695,254,5C_occ_control_cell44.mat,4241,,True,copied
dryad_vq83bk3s8,Spatially displaced excitation contributes to the encoding of interrupted motion by the retinal direction-selective circuit,10.5061/dryad.vq83bk3s8,5,5,True,official_file_listing_confirmed,910,6459809695,255,5C_occ_control_cell45.mat,2368,,True,copied
dryad_vq83bk3s8,Spatially displaced excitation contributes to the encoding of interrupted motion by the retinal direction-selective circuit,10.5061/dryad.vq83bk3s8,5,5,True,official_file_listing_confirmed,910,6459809695,256,5C_occ_control_cell46.mat,2115,,True,copied
dryad_vq83bk3s8,Spatially displaced excitation contributes to the encoding of interrupted motion by the retinal direction-selective circuit,10.5061/dryad.vq83bk3s8,5,5,True,official_file_listing_confirmed,910,6459809695,257,5C_occ_control_cell47.mat,5349,,True,copied
dryad_vq83bk3s8,Spatially displaced excitation contributes to the encoding of interrupted motion by the retinal direction-selective circuit,10.5061/dryad.vq83bk3s8,5,5,True,official_file_listing_confirmed,910,6459809695,258,5C_occ_control_cell48.mat,4061,,True,copied
dryad_vq83bk3s8,Spatially displaced excitation contributes to the encoding of interrupted motion by the retinal direction-selective circuit,10.5061/dryad.vq83bk3s8,5,5,True,official_file_listing_confirmed,910,6459809695,259,5C_occ_control_cell5.mat,1757,,True,copied
dryad_vq83bk3s8,Spatially displaced excitation contributes to the encoding of interrupted motion by the retinal direction-selective circuit,10.5061/dryad.vq83bk3s8,5,5,True,official_file_listing_confirmed,910,6459809695,260,5C_occ_control_cell6.mat,1314,,True,copied
dryad_vq83bk3s8,Spatially displaced excitation contributes to the encoding of interrupted motion by the retinal direction-selective circuit,10.5061/dryad.vq83bk3s8,5,5,True,official_file_listing_confirmed,910,6459809695,261,5C_occ_control_cell7.mat,1279,,True,copied
dryad_vq83bk3s8,Spatially displaced excitation contributes to the encoding of interrupted motion by the retinal direction-selective circuit,10.5061/dryad.vq83bk3s8,5,5,True,official_file_listing_confirmed,910,6459809695,262,5C_occ_control_cell8.mat,2003,,True,copied
dryad_vq83bk3s8,Spatially displaced excitation contributes to the encoding of interrupted motion by the retinal direction-selective circuit,10.5061/dryad.vq83bk3s8,5,5,True,official_file_listing_confirmed,910,6459809695,263,5C_occ_control_cell9.mat,2467,,True,copied
dryad_vq83bk3s8,Spatially displaced excitation contributes to the encoding of interrupted motion by the retinal direction-selective circuit,10.5061/dryad.vq83bk3s8,5,5,True,official_file_listing_confirmed,910,6459809695,264,5D_control_cell1_stim.txt,1032,text/plain,True,copied
dryad_vq83bk3s8,Spatially displaced excitation contributes to the encoding of interrupted motion by the retinal direction-selective circuit,10.5061/dryad.vq83bk3s8,5,5,True,official_file_listing_confirmed,910,6459809695,265,5D_control_cell1.abf,2983424,,True,copied
dryad_vq83bk3s8,Spatially displaced excitation contributes to the encoding of interrupted motion by the retinal direction-selective circuit,10.5061/dryad.vq83bk3s8,5,5,True,official_file_listing_confirmed,910,6459809695,266,5D_control_cell10_stim.txt,1032,text/plain,True,copied
dryad_vq83bk3s8,Spatially displaced excitation contributes to the encoding of interrupted motion by the retinal direction-selective circuit,10.5061/dryad.vq83bk3s8,5,5,True,official_file_listing_confirmed,910,6459809695,267,5D_control_cell10.abf,2887168,,True,copied
dryad_vq83bk3s8,Spatially displaced excitation contributes to the encoding of interrupted motion by the retinal direction-selective circuit,10.5061/dryad.vq83bk3s8,5,5,True,official_file_listing_confirmed,910,6459809695,268,5D_control_cell11_stim.txt,1032,text/plain,True,copied
dryad_vq83bk3s8,Spatially displaced excitation contributes to the encoding of interrupted motion by the retinal direction-selective circuit,10.5061/dryad.vq83bk3s8,5,5,True,official_file_listing_confirmed,910,6459809695,269,5D_control_cell11.abf,2887168,,True,copied
dryad_vq83bk3s8,Spatially displaced excitation contributes to the encoding of interrupted motion by the retinal direction-selective circuit,10.5061/dryad.vq83bk3s8,5,5,True,official_file_listing_confirmed,910,6459809695,270,5D_control_cell12_stim.txt,1032,text/plain,True,copied
dryad_vq83bk3s8,Spatially displaced excitation contributes to the encoding of interrupted motion by the retinal direction-selective circuit,10.5061/dryad.vq83bk3s8,5,5,True,official_file_listing_confirmed,910,6459809695,271,5D_control_cell12.abf,2935296,,True,copied
dryad_vq83bk3s8,Spatially displaced excitation contributes to the encoding of interrupted motion by the retinal direction-selective circuit,10.5061/dryad.vq83bk3s8,5,5,True,official_file_listing_confirmed,910,6459809695,272,5D_control_cell13_stim.txt,1032,text/plain,True,copied
dryad_vq83bk3s8,Spatially displaced excitation contributes to the encoding of interrupted motion by the retinal direction-selective circuit,10.5061/dryad.vq83bk3s8,5,5,True,official_file_listing_confirmed,910,6459809695,273,5D_control_cell13.abf,2935296,,True,copied
dryad_vq83bk3s8,Spatially displaced excitation contributes to the encoding of interrupted motion by the retinal direction-selective circuit,10.5061/dryad.vq83bk3s8,5,5,True,official_file_listing_confirmed,910,6459809695,274,5D_control_cell14_stim.txt,1032,text/plain,True,copied
dryad_vq83bk3s8,Spatially displaced excitation contributes to the encoding of interrupted motion by the retinal direction-selective circuit,10.5061/dryad.vq83bk3s8,5,5,True,official_file_listing_confirmed,910,6459809695,275,5D_control_cell14.abf,2935296,,True,copied
dryad_vq83bk3s8,Spatially displaced excitation contributes to the encoding of interrupted motion by the retinal direction-selective circuit,10.5061/dryad.vq83bk3s8,5,5,True,official_file_listing_confirmed,910,6459809695,276,5D_control_cell15_stim.txt,1032,text/plain,True,copied
dryad_vq83bk3s8,Spatially displaced excitation contributes to the encoding of interrupted motion by the retinal direction-selective circuit,10.5061/dryad.vq83bk3s8,5,5,True,official_file_listing_confirmed,910,6459809695,277,5D_control_cell15.abf,2935296,,True,copied
dryad_vq83bk3s8,Spatially displaced excitation contributes to the encoding of interrupted motion by the retinal direction-selective circuit,10.5061/dryad.vq83bk3s8,5,5,True,official_file_listing_confirmed,910,6459809695,278,5D_control_cell16_stim.txt,1032,text/plain,True,copied
dryad_vq83bk3s8,Spatially displaced excitation contributes to the encoding of interrupted motion by the retinal direction-selective circuit,10.5061/dryad.vq83bk3s8,5,5,True,official_file_listing_confirmed,910,6459809695,279,5D_control_cell16.abf,5862400,,True,copied
dryad_vq83bk3s8,Spatially displaced excitation contributes to the encoding of interrupted motion by the retinal direction-selective circuit,10.5061/dryad.vq83bk3s8,5,5,True,official_file_listing_confirmed,910,6459809695,280,5D_control_cell17_stim.txt,1032,text/plain,True,copied
dryad_vq83bk3s8,Spatially displaced excitation contributes to the encoding of interrupted motion by the retinal direction-selective circuit,10.5061/dryad.vq83bk3s8,5,5,True,official_file_listing_confirmed,910,6459809695,281,5D_control_cell17.abf,5862400,,True,copied
dryad_vq83bk3s8,Spatially displaced excitation contributes to the encoding of interrupted motion by the retinal direction-selective circuit,10.5061/dryad.vq83bk3s8,5,5,True,official_file_listing_confirmed,910,6459809695,282,5D_control_cell18_stim.txt,1032,text/plain,True,copied
dryad_vq83bk3s8,Spatially displaced excitation contributes to the encoding of interrupted motion by the retinal direction-selective circuit,10.5061/dryad.vq83bk3s8,5,5,True,official_file_listing_confirmed,910,6459809695,283,5D_control_cell18.abf,2935296,,True,copied
dryad_vq83bk3s8,Spatially displaced excitation contributes to the encoding of interrupted motion by the retinal direction-selective circuit,10.5061/dryad.vq83bk3s8,5,5,True,official_file_listing_confirmed,910,6459809695,284,5D_control_cell19_stim.txt,1032,text/plain,True,copied
dryad_vq83bk3s8,Spatially displaced excitation contributes to the encoding of interrupted motion by the retinal direction-selective circuit,10.5061/dryad.vq83bk3s8,5,5,True,official_file_listing_confirmed,910,6459809695,285,5D_control_cell19.abf,2935296,,True,copied
dryad_vq83bk3s8,Spatially displaced excitation contributes to the encoding of interrupted motion by the retinal direction-selective circuit,10.5061/dryad.vq83bk3s8,5,5,True,official_file_listing_confirmed,910,6459809695,286,5D_control_cell2_stim.txt,1032,text/plain,True,copied
dryad_vq83bk3s8,Spatially displaced excitation contributes to the encoding of interrupted motion by the retinal direction-selective circuit,10.5061/dryad.vq83bk3s8,5,5,True,official_file_listing_confirmed,910,6459809695,287,5D_control_cell2.abf,2983424,,True,copied
dryad_vq83bk3s8,Spatially displaced excitation contributes to the encoding of interrupted motion by the retinal direction-selective circuit,10.5061/dryad.vq83bk3s8,5,5,True,official_file_listing_confirmed,910,6459809695,288,5D_control_cell3_stim.txt,1032,text/plain,True,copied
dryad_vq83bk3s8,Spatially displaced excitation contributes to the encoding of interrupted motion by the retinal direction-selective circuit,10.5061/dryad.vq83bk3s8,5,5,True,official_file_listing_confirmed,910,6459809695,289,5D_control_cell3.abf,2983424,,True,copied
dryad_vq83bk3s8,Spatially displaced excitation contributes to the encoding of interrupted motion by the retinal direction-selective circuit,10.5061/dryad.vq83bk3s8,5,5,True,official_file_listing_confirmed,910,6459809695,290,5D_control_cell4_stim.txt,1032,text/plain,True,copied
dryad_vq83bk3s8,Spatially displaced excitation contributes to the encoding of interrupted motion by the retinal direction-selective circuit,10.5061/dryad.vq83bk3s8,5,5,True,official_file_listing_confirmed,910,6459809695,291,5D_control_cell4.abf,2983424,,True,copied
dryad_vq83bk3s8,Spatially displaced excitation contributes to the encoding of interrupted motion by the retinal direction-selective circuit,10.5061/dryad.vq83bk3s8,5,5,True,official_file_listing_confirmed,910,6459809695,292,5D_control_cell5_stim.txt,1032,text/plain,True,copied
dryad_vq83bk3s8,Spatially displaced excitation contributes to the encoding of interrupted motion by the retinal direction-selective circuit,10.5061/dryad.vq83bk3s8,5,5,True,official_file_listing_confirmed,910,6459809695,293,5D_control_cell5.abf,2983424,,True,copied
dryad_vq83bk3s8,Spatially displaced excitation contributes to the encoding of interrupted motion by the retinal direction-selective circuit,10.5061/dryad.vq83bk3s8,5,5,True,official_file_listing_confirmed,910,6459809695,294,5D_control_cell6_stim.txt,1032,text/plain,True,copied
dryad_vq83bk3s8,Spatially displaced excitation contributes to the encoding of interrupted motion by the retinal direction-selective circuit,10.5061/dryad.vq83bk3s8,5,5,True,official_file_listing_confirmed,910,6459809695,295,5D_control_cell6.abf,2983424,,True,copied
dryad_vq83bk3s8,Spatially displaced excitation contributes to the encoding of interrupted motion by the retinal direction-selective circuit,10.5061/dryad.vq83bk3s8,5,5,True,official_file_listing_confirmed,910,6459809695,296,5D_control_cell7_stim.txt,1032,text/plain,True,copied
dryad_vq83bk3s8,Spatially displaced excitation contributes to the encoding of interrupted motion by the retinal direction-selective circuit,10.5061/dryad.vq83bk3s8,5,5,True,official_file_listing_confirmed,910,6459809695,297,5D_control_cell7.abf,2887168,,True,copied
dryad_vq83bk3s8,Spatially displaced excitation contributes to the encoding of interrupted motion by the retinal direction-selective circuit,10.5061/dryad.vq83bk3s8,5,5,True,official_file_listing_confirmed,910,6459809695,298,5D_control_cell8_stim.txt,1032,text/plain,True,copied
dryad_vq83bk3s8,Spatially displaced excitation contributes to the encoding of interrupted motion by the retinal direction-selective circuit,10.5061/dryad.vq83bk3s8,5,5,True,official_file_listing_confirmed,910,6459809695,299,5D_control_cell8.abf,2887168,,True,copied
dryad_vq83bk3s8,Spatially displaced excitation contributes to the encoding of interrupted motion by the retinal direction-selective circuit,10.5061/dryad.vq83bk3s8,5,5,True,official_file_listing_confirmed,910,6459809695,300,5D_control_cell9_stim.txt,1032,text/plain,True,copied
dryad_vq83bk3s8,Spatially displaced excitation contributes to the encoding of interrupted motion by the retinal direction-selective circuit,10.5061/dryad.vq83bk3s8,5,5,True,official_file_listing_confirmed,910,6459809695,301,5D_control_cell9.abf,2887168,,True,copied
dryad_vq83bk3s8,Spatially displaced excitation contributes to the encoding of interrupted motion by the retinal direction-selective circuit,10.5061/dryad.vq83bk3s8,5,5,True,official_file_listing_confirmed,910,6459809695,302,5D_dhbegab_cell1_stim.txt,1032,text/plain,True,copied
dryad_vq83bk3s8,Spatially displaced excitation contributes to the encoding of interrupted motion by the retinal direction-selective circuit,10.5061/dryad.vq83bk3s8,5,5,True,official_file_listing_confirmed,910,6459809695,303,5D_dhbegab_cell1.abf,2887168,,True,copied
dryad_vq83bk3s8,Spatially displaced excitation contributes to the encoding of interrupted motion by the retinal direction-selective circuit,10.5061/dryad.vq83bk3s8,5,5,True,official_file_listing_confirmed,910,6459809695,304,5D_dhbegab_cell10_stim.txt,1032,text/plain,True,copied
dryad_vq83bk3s8,Spatially displaced excitation contributes to the encoding of interrupted motion by the retinal direction-selective circuit,10.5061/dryad.vq83bk3s8,5,5,True,official_file_listing_confirmed,910,6459809695,305,5D_dhbegab_cell10.abf,2935296,,True,copied
dryad_vq83bk3s8,Spatially displaced excitation contributes to the encoding of interrupted motion by the retinal direction-selective circuit,10.5061/dryad.vq83bk3s8,5,5,True,official_file_listing_confirmed,910,6459809695,306,5D_dhbegab_cell11_stim.txt,1032,text/plain,True,copied
dryad_vq83bk3s8,Spatially displaced excitation contributes to the encoding of interrupted motion by the retinal direction-selective circuit,10.5061/dryad.vq83bk3s8,5,5,True,official_file_listing_confirmed,910,6459809695,307,5D_dhbegab_cell11.abf,2887168,,True,copied
dryad_vq83bk3s8,Spatially displaced excitation contributes to the encoding of interrupted motion by the retinal direction-selective circuit,10.5061/dryad.vq83bk3s8,5,5,True,official_file_listing_confirmed,910,6459809695,308,5D_dhbegab_cell12_stim.txt,1032,text/plain,True,copied
dryad_vq83bk3s8,Spatially displaced excitation contributes to the encoding of interrupted motion by the retinal direction-selective circuit,10.5061/dryad.vq83bk3s8,5,5,True,official_file_listing_confirmed,910,6459809695,309,5D_dhbegab_cell12.abf,2887168,,True,copied
dryad_vq83bk3s8,Spatially displaced excitation contributes to the encoding of interrupted motion by the retinal direction-selective circuit,10.5061/dryad.vq83bk3s8,5,5,True,official_file_listing_confirmed,910,6459809695,310,5D_dhbegab_cell13_stim.txt,1032,text/plain,True,copied
dryad_vq83bk3s8,Spatially displaced excitation contributes to the encoding of interrupted motion by the retinal direction-selective circuit,10.5061/dryad.vq83bk3s8,5,5,True,official_file_listing_confirmed,910,6459809695,311,5D_dhbegab_cell13.abf,2887168,,True,copied
dryad_vq83bk3s8,Spatially displaced excitation contributes to the encoding of interrupted motion by the retinal direction-selective circuit,10.5061/dryad.vq83bk3s8,5,5,True,official_file_listing_confirmed,910,6459809695,312,5D_dhbegab_cell2_stim.txt,1032,text/plain,True,copied
dryad_vq83bk3s8,Spatially displaced excitation contributes to the encoding of interrupted motion by the retinal direction-selective circuit,10.5061/dryad.vq83bk3s8,5,5,True,official_file_listing_confirmed,910,6459809695,313,5D_dhbegab_cell2.abf,2887168,,True,copied
dryad_vq83bk3s8,Spatially displaced excitation contributes to the encoding of interrupted motion by the retinal direction-selective circuit,10.5061/dryad.vq83bk3s8,5,5,True,official_file_listing_confirmed,910,6459809695,314,5D_dhbegab_cell3_stim.txt,1032,text/plain,True,copied
dryad_vq83bk3s8,Spatially displaced excitation contributes to the encoding of interrupted motion by the retinal direction-selective circuit,10.5061/dryad.vq83bk3s8,5,5,True,official_file_listing_confirmed,910,6459809695,315,5D_dhbegab_cell3.abf,2887168,,True,copied
dryad_vq83bk3s8,Spatially displaced excitation contributes to the encoding of interrupted motion by the retinal direction-selective circuit,10.5061/dryad.vq83bk3s8,5,5,True,official_file_listing_confirmed,910,6459809695,316,5D_dhbegab_cell4_stim.txt,1032,text/plain,True,copied
dryad_vq83bk3s8,Spatially displaced excitation contributes to the encoding of interrupted motion by the retinal direction-selective circuit,10.5061/dryad.vq83bk3s8,5,5,True,official_file_listing_confirmed,910,6459809695,317,5D_dhbegab_cell4.abf,2935296,,True,copied
dryad_vq83bk3s8,Spatially displaced excitation contributes to the encoding of interrupted motion by the retinal direction-selective circuit,10.5061/dryad.vq83bk3s8,5,5,True,official_file_listing_confirmed,910,6459809695,318,5D_dhbegab_cell5_stim.txt,1032,text/plain,True,copied
dryad_vq83bk3s8,Spatially displaced excitation contributes to the encoding of interrupted motion by the retinal direction-selective circuit,10.5061/dryad.vq83bk3s8,5,5,True,official_file_listing_confirmed,910,6459809695,319,5D_dhbegab_cell5.abf,2935296,,True,copied
dryad_vq83bk3s8,Spatially displaced excitation contributes to the encoding of interrupted motion by the retinal direction-selective circuit,10.5061/dryad.vq83bk3s8,5,5,True,official_file_listing_confirmed,910,6459809695,320,5D_dhbegab_cell6_stim.txt,1032,text/plain,True,copied
dryad_vq83bk3s8,Spatially displaced excitation contributes to the encoding of interrupted motion by the retinal direction-selective circuit,10.5061/dryad.vq83bk3s8,5,5,True,official_file_listing_confirmed,910,6459809695,321,5D_dhbegab_cell6.abf,2935296,,True,copied
dryad_vq83bk3s8,Spatially displaced excitation contributes to the encoding of interrupted motion by the retinal direction-selective circuit,10.5061/dryad.vq83bk3s8,5,5,True,official_file_listing_confirmed,910,6459809695,322,5D_dhbegab_cell7_stim.txt,1032,text/plain,True,copied
dryad_vq83bk3s8,Spatially displaced excitation contributes to the encoding of interrupted motion by the retinal direction-selective circuit,10.5061/dryad.vq83bk3s8,5,5,True,official_file_listing_confirmed,910,6459809695,323,5D_dhbegab_cell7.abf,2935296,,True,copied
dryad_vq83bk3s8,Spatially displaced excitation contributes to the encoding of interrupted motion by the retinal direction-selective circuit,10.5061/dryad.vq83bk3s8,5,5,True,official_file_listing_confirmed,910,6459809695,324,5D_dhbegab_cell8_stim.txt,1032,text/plain,True,copied
dryad_vq83bk3s8,Spatially displaced excitation contributes to the encoding of interrupted motion by the retinal direction-selective circuit,10.5061/dryad.vq83bk3s8,5,5,True,official_file_listing_confirmed,910,6459809695,325,5D_dhbegab_cell8.abf,5862400,,True,copied
dryad_vq83bk3s8,Spatially displaced excitation contributes to the encoding of interrupted motion by the retinal direction-selective circuit,10.5061/dryad.vq83bk3s8,5,5,True,official_file_listing_confirmed,910,6459809695,326,5D_dhbegab_cell9_stim.txt,1032,text/plain,True,copied
dryad_vq83bk3s8,Spatially displaced excitation contributes to the encoding of interrupted motion by the retinal direction-selective circuit,10.5061/dryad.vq83bk3s8,5,5,True,official_file_listing_confirmed,910,6459809695,327,5D_dhbegab_cell9.abf,5862400,,True,copied
dryad_vq83bk3s8,Spatially displaced excitation contributes to the encoding of interrupted motion by the retinal direction-selective circuit,10.5061/dryad.vq83bk3s8,5,5,True,official_file_listing_confirmed,910,6459809695,328,5E_bottomleft_cell1_on.mat,1897,,True,copied
dryad_vq83bk3s8,Spatially displaced excitation contributes to the encoding of interrupted motion by the retinal direction-selective circuit,10.5061/dryad.vq83bk3s8,5,5,True,official_file_listing_confirmed,910,6459809695,329,5E_bottomleft_cell10_off.mat,1724,,True,copied
dryad_vq83bk3s8,Spatially displaced excitation contributes to the encoding of interrupted motion by the retinal direction-selective circuit,10.5061/dryad.vq83bk3s8,5,5,True,official_file_listing_confirmed,910,6459809695,330,5E_bottomleft_cell10_on.mat,1664,,True,copied
dryad_vq83bk3s8,Spatially displaced excitation contributes to the encoding of interrupted motion by the retinal direction-selective circuit,10.5061/dryad.vq83bk3s8,5,5,True,official_file_listing_confirmed,910,6459809695,331,5E_bottomleft_cell2_on.mat,2231,,True,copied
dryad_vq83bk3s8,Spatially displaced excitation contributes to the encoding of interrupted motion by the retinal direction-selective circuit,10.5061/dryad.vq83bk3s8,5,5,True,official_file_listing_confirmed,910,6459809695,332,5E_bottomleft_cell3_off.mat,4257,,True,copied
dryad_vq83bk3s8,Spatially displaced excitation contributes to the encoding of interrupted motion by the retinal direction-selective circuit,10.5061/dryad.vq83bk3s8,5,5,True,official_file_listing_confirmed,910,6459809695,333,5E_bottomleft_cell3_on.mat,3687,,True,copied
dryad_vq83bk3s8,Spatially displaced excitation contributes to the encoding of interrupted motion by the retinal direction-selective circuit,10.5061/dryad.vq83bk3s8,5,5,True,official_file_listing_confirmed,910,6459809695,334,5E_bottomleft_cell4_off.mat,2970,,True,copied
dryad_vq83bk3s8,Spatially displaced excitation contributes to the encoding of interrupted motion by the retinal direction-selective circuit,10.5061/dryad.vq83bk3s8,5,5,True,official_file_listing_confirmed,910,6459809695,335,5E_bottomleft_cell4_on.mat,2913,,True,copied
dryad_vq83bk3s8,Spatially displaced excitation contributes to the encoding of interrupted motion by the retinal direction-selective circuit,10.5061/dryad.vq83bk3s8,5,5,True,official_file_listing_confirmed,910,6459809695,336,5E_bottomleft_cell5_off.mat,1846,,True,copied
dryad_vq83bk3s8,Spatially displaced excitation contributes to the encoding of interrupted motion by the retinal direction-selective circuit,10.5061/dryad.vq83bk3s8,5,5,True,official_file_listing_confirmed,910,6459809695,337,5E_bottomleft_cell5_on.mat,2487,,True,copied
dryad_vq83bk3s8,Spatially displaced excitation contributes to the encoding of interrupted motion by the retinal direction-selective circuit,10.5061/dryad.vq83bk3s8,5,5,True,official_file_listing_confirmed,910,6459809695,338,5E_bottomleft_cell6_off.mat,3973,,True,copied
dryad_vq83bk3s8,Spatially displaced excitation contributes to the encoding of interrupted motion by the retinal direction-selective circuit,10.5061/dryad.vq83bk3s8,5,5,True,official_file_listing_confirmed,910,6459809695,339,5E_bottomleft_cell6_on.mat,3445,,True,copied
dryad_vq83bk3s8,Spatially displaced excitation contributes to the encoding of interrupted motion by the retinal direction-selective circuit,10.5061/dryad.vq83bk3s8,5,5,True,official_file_listing_confirmed,910,6459809695,340,5E_bottomleft_cell7_off.mat,3593,,True,copied
dryad_vq83bk3s8,Spatially displaced excitation contributes to the encoding of interrupted motion by the retinal direction-selective circuit,10.5061/dryad.vq83bk3s8,5,5,True,official_file_listing_confirmed,910,6459809695,341,5E_bottomleft_cell7_on.mat,3775,,True,copied
dryad_vq83bk3s8,Spatially displaced excitation contributes to the encoding of interrupted motion by the retinal direction-selective circuit,10.5061/dryad.vq83bk3s8,5,5,True,official_file_listing_confirmed,910,6459809695,342,5E_bottomleft_cell8_off.mat,2278,,True,copied
dryad_vq83bk3s8,Spatially displaced excitation contributes to the encoding of interrupted motion by the retinal direction-selective circuit,10.5061/dryad.vq83bk3s8,5,5,True,official_file_listing_confirmed,910,6459809695,343,5E_bottomleft_cell8_on.mat,2398,,True,copied
dryad_vq83bk3s8,Spatially displaced excitation contributes to the encoding of interrupted motion by the retinal direction-selective circuit,10.5061/dryad.vq83bk3s8,5,5,True,official_file_listing_confirmed,910,6459809695,344,5E_bottomleft_cell9_off.mat,2620,,True,copied
dryad_vq83bk3s8,Spatially displaced excitation contributes to the encoding of interrupted motion by the retinal direction-selective circuit,10.5061/dryad.vq83bk3s8,5,5,True,official_file_listing_confirmed,910,6459809695,345,5E_bottomleft_cell9_on.mat,2465,,True,copied
dryad_vq83bk3s8,Spatially displaced excitation contributes to the encoding of interrupted motion by the retinal direction-selective circuit,10.5061/dryad.vq83bk3s8,5,5,True,official_file_listing_confirmed,910,6459809695,346,5E_bottomright_cell1_off.mat,3326,,True,copied
dryad_vq83bk3s8,Spatially displaced excitation contributes to the encoding of interrupted motion by the retinal direction-selective circuit,10.5061/dryad.vq83bk3s8,5,5,True,official_file_listing_confirmed,910,6459809695,347,5E_bottomright_cell1_on.mat,2591,,True,copied
dryad_vq83bk3s8,Spatially displaced excitation contributes to the encoding of interrupted motion by the retinal direction-selective circuit,10.5061/dryad.vq83bk3s8,5,5,True,official_file_listing_confirmed,910,6459809695,348,5E_bottomright_cell2_off.mat,1879,,True,copied
dryad_vq83bk3s8,Spatially displaced excitation contributes to the encoding of interrupted motion by the retinal direction-selective circuit,10.5061/dryad.vq83bk3s8,5,5,True,official_file_listing_confirmed,910,6459809695,349,5E_bottomright_cell2_on.mat,2739,,True,copied
dryad_vq83bk3s8,Spatially displaced excitation contributes to the encoding of interrupted motion by the retinal direction-selective circuit,10.5061/dryad.vq83bk3s8,5,5,True,official_file_listing_confirmed,910,6459809695,350,5E_bottomright_cell3_off.mat,1347,,True,copied
dryad_vq83bk3s8,Spatially displaced excitation contributes to the encoding of interrupted motion by the retinal direction-selective circuit,10.5061/dryad.vq83bk3s8,5,5,True,official_file_listing_confirmed,910,6459809695,351,5E_bottomright_cell4_off.mat,2473,,True,copied
dryad_vq83bk3s8,Spatially displaced excitation contributes to the encoding of interrupted motion by the retinal direction-selective circuit,10.5061/dryad.vq83bk3s8,5,5,True,official_file_listing_confirmed,910,6459809695,352,5E_bottomright_cell4_on.mat,3227,,True,copied
dryad_vq83bk3s8,Spatially displaced excitation contributes to the encoding of interrupted motion by the retinal direction-selective circuit,10.5061/dryad.vq83bk3s8,5,5,True,official_file_listing_confirmed,910,6459809695,353,5E_bottomright_cell5_off.mat,1379,,True,copied
dryad_vq83bk3s8,Spatially displaced excitation contributes to the encoding of interrupted motion by the retinal direction-selective circuit,10.5061/dryad.vq83bk3s8,5,5,True,official_file_listing_confirmed,910,6459809695,354,5E_bottomright_cell5_on.mat,1950,,True,copied
dryad_vq83bk3s8,Spatially displaced excitation contributes to the encoding of interrupted motion by the retinal direction-selective circuit,10.5061/dryad.vq83bk3s8,5,5,True,official_file_listing_confirmed,910,6459809695,355,5E_bottomright_cell6_off.mat,2247,,True,copied
dryad_vq83bk3s8,Spatially displaced excitation contributes to the encoding of interrupted motion by the retinal direction-selective circuit,10.5061/dryad.vq83bk3s8,5,5,True,official_file_listing_confirmed,910,6459809695,356,5E_bottomright_cell6_on.mat,2365,,True,copied
dryad_vq83bk3s8,Spatially displaced excitation contributes to the encoding of interrupted motion by the retinal direction-selective circuit,10.5061/dryad.vq83bk3s8,5,5,True,official_file_listing_confirmed,910,6459809695,357,5E_bottomright_cell7_off.mat,1663,,True,copied
dryad_vq83bk3s8,Spatially displaced excitation contributes to the encoding of interrupted motion by the retinal direction-selective circuit,10.5061/dryad.vq83bk3s8,5,5,True,official_file_listing_confirmed,910,6459809695,358,5E_bottomright_cell7_on.mat,1899,,True,copied
dryad_vq83bk3s8,Spatially displaced excitation contributes to the encoding of interrupted motion by the retinal direction-selective circuit,10.5061/dryad.vq83bk3s8,5,5,True,official_file_listing_confirmed,910,6459809695,359,5E_bottomright_cell8_off.mat,1272,,True,copied
dryad_vq83bk3s8,Spatially displaced excitation contributes to the encoding of interrupted motion by the retinal direction-selective circuit,10.5061/dryad.vq83bk3s8,5,5,True,official_file_listing_confirmed,910,6459809695,360,5E_bottomright_cell8_on.mat,1371,,True,copied
dryad_vq83bk3s8,Spatially displaced excitation contributes to the encoding of interrupted motion by the retinal direction-selective circuit,10.5061/dryad.vq83bk3s8,5,5,True,official_file_listing_confirmed,910,6459809695,361,5E_bottomright_cell9_off.mat,2170,,True,copied
dryad_vq83bk3s8,Spatially displaced excitation contributes to the encoding of interrupted motion by the retinal direction-selective circuit,10.5061/dryad.vq83bk3s8,5,5,True,official_file_listing_confirmed,910,6459809695,362,5E_bottomright_cell9_on.mat,3294,,True,copied
dryad_vq83bk3s8,Spatially displaced excitation contributes to the encoding of interrupted motion by the retinal direction-selective circuit,10.5061/dryad.vq83bk3s8,5,5,True,official_file_listing_confirmed,910,6459809695,363,5E_topleft_cell1_off.mat,1622,,True,copied
dryad_vq83bk3s8,Spatially displaced excitation contributes to the encoding of interrupted motion by the retinal direction-selective circuit,10.5061/dryad.vq83bk3s8,5,5,True,official_file_listing_confirmed,910,6459809695,364,5E_topleft_cell1_on.mat,1778,,True,copied
dryad_vq83bk3s8,Spatially displaced excitation contributes to the encoding of interrupted motion by the retinal direction-selective circuit,10.5061/dryad.vq83bk3s8,5,5,True,official_file_listing_confirmed,910,6459809695,365,5E_topleft_cell10_off.mat,2917,,True,copied
dryad_vq83bk3s8,Spatially displaced excitation contributes to the encoding of interrupted motion by the retinal direction-selective circuit,10.5061/dryad.vq83bk3s8,5,5,True,official_file_listing_confirmed,910,6459809695,366,5E_topleft_cell10_on.mat,2474,,True,copied
dryad_vq83bk3s8,Spatially displaced excitation contributes to the encoding of interrupted motion by the retinal direction-selective circuit,10.5061/dryad.vq83bk3s8,5,5,True,official_file_listing_confirmed,910,6459809695,367,5E_topleft_cell11_off.mat,2129,,True,copied
dryad_vq83bk3s8,Spatially displaced excitation contributes to the encoding of interrupted motion by the retinal direction-selective circuit,10.5061/dryad.vq83bk3s8,5,5,True,official_file_listing_confirmed,910,6459809695,368,5E_topleft_cell11_on.mat,2420,,True,copied
dryad_vq83bk3s8,Spatially displaced excitation contributes to the encoding of interrupted motion by the retinal direction-selective circuit,10.5061/dryad.vq83bk3s8,5,5,True,official_file_listing_confirmed,910,6459809695,369,5E_topleft_cell2_off.mat,5365,,True,copied
dryad_vq83bk3s8,Spatially displaced excitation contributes to the encoding of interrupted motion by the retinal direction-selective circuit,10.5061/dryad.vq83bk3s8,5,5,True,official_file_listing_confirmed,910,6459809695,370,5E_topleft_cell2_on.mat,3216,,True,copied
dryad_vq83bk3s8,Spatially displaced excitation contributes to the encoding of interrupted motion by the retinal direction-selective circuit,10.5061/dryad.vq83bk3s8,5,5,True,official_file_listing_confirmed,910,6459809695,371,5E_topleft_cell3_off.mat,5274,,True,copied
dryad_vq83bk3s8,Spatially displaced excitation contributes to the encoding of interrupted motion by the retinal direction-selective circuit,10.5061/dryad.vq83bk3s8,5,5,True,official_file_listing_confirmed,910,6459809695,372,5E_topleft_cell3_on.mat,4695,,True,copied
dryad_vq83bk3s8,Spatially displaced excitation contributes to the encoding of interrupted motion by the retinal direction-selective circuit,10.5061/dryad.vq83bk3s8,5,5,True,official_file_listing_confirmed,910,6459809695,373,5E_topleft_cell4_off.mat,3979,,True,copied
dryad_vq83bk3s8,Spatially displaced excitation contributes to the encoding of interrupted motion by the retinal direction-selective circuit,10.5061/dryad.vq83bk3s8,5,5,True,official_file_listing_confirmed,910,6459809695,374,5E_topleft_cell4_on.mat,5804,,True,copied
dryad_vq83bk3s8,Spatially displaced excitation contributes to the encoding of interrupted motion by the retinal direction-selective circuit,10.5061/dryad.vq83bk3s8,5,5,True,official_file_listing_confirmed,910,6459809695,375,5E_topleft_cell5_off.mat,2953,,True,copied
dryad_vq83bk3s8,Spatially displaced excitation contributes to the encoding of interrupted motion by the retinal direction-selective circuit,10.5061/dryad.vq83bk3s8,5,5,True,official_file_listing_confirmed,910,6459809695,376,5E_topleft_cell5_on.mat,2444,,True,copied
dryad_vq83bk3s8,Spatially displaced excitation contributes to the encoding of interrupted motion by the retinal direction-selective circuit,10.5061/dryad.vq83bk3s8,5,5,True,official_file_listing_confirmed,910,6459809695,377,5E_topleft_cell6_off.mat,3875,,True,copied
dryad_vq83bk3s8,Spatially displaced excitation contributes to the encoding of interrupted motion by the retinal direction-selective circuit,10.5061/dryad.vq83bk3s8,5,5,True,official_file_listing_confirmed,910,6459809695,378,5E_topleft_cell6_on.mat,4358,,True,copied
dryad_vq83bk3s8,Spatially displaced excitation contributes to the encoding of interrupted motion by the retinal direction-selective circuit,10.5061/dryad.vq83bk3s8,5,5,True,official_file_listing_confirmed,910,6459809695,379,5E_topleft_cell7_on.mat,2434,,True,copied
dryad_vq83bk3s8,Spatially displaced excitation contributes to the encoding of interrupted motion by the retinal direction-selective circuit,10.5061/dryad.vq83bk3s8,5,5,True,official_file_listing_confirmed,910,6459809695,380,5E_topleft_cell8_off.mat,3600,,True,copied
dryad_vq83bk3s8,Spatially displaced excitation contributes to the encoding of interrupted motion by the retinal direction-selective circuit,10.5061/dryad.vq83bk3s8,5,5,True,official_file_listing_confirmed,910,6459809695,381,5E_topleft_cell8_on.mat,3246,,True,copied
dryad_vq83bk3s8,Spatially displaced excitation contributes to the encoding of interrupted motion by the retinal direction-selective circuit,10.5061/dryad.vq83bk3s8,5,5,True,official_file_listing_confirmed,910,6459809695,382,5E_topleft_cell9_off.mat,2734,,True,copied
dryad_vq83bk3s8,Spatially displaced excitation contributes to the encoding of interrupted motion by the retinal direction-selective circuit,10.5061/dryad.vq83bk3s8,5,5,True,official_file_listing_confirmed,910,6459809695,383,5E_topleft_cell9_on.mat,2064,,True,copied
dryad_vq83bk3s8,Spatially displaced excitation contributes to the encoding of interrupted motion by the retinal direction-selective circuit,10.5061/dryad.vq83bk3s8,5,5,True,official_file_listing_confirmed,910,6459809695,384,5E_topright_cell1_off.mat,4055,,True,copied
dryad_vq83bk3s8,Spatially displaced excitation contributes to the encoding of interrupted motion by the retinal direction-selective circuit,10.5061/dryad.vq83bk3s8,5,5,True,official_file_listing_confirmed,910,6459809695,385,5E_topright_cell1_on.mat,2760,,True,copied
dryad_vq83bk3s8,Spatially displaced excitation contributes to the encoding of interrupted motion by the retinal direction-selective circuit,10.5061/dryad.vq83bk3s8,5,5,True,official_file_listing_confirmed,910,6459809695,386,5E_topright_cell2_off.mat,3147,,True,copied
dryad_vq83bk3s8,Spatially displaced excitation contributes to the encoding of interrupted motion by the retinal direction-selective circuit,10.5061/dryad.vq83bk3s8,5,5,True,official_file_listing_confirmed,910,6459809695,387,5E_topright_cell2_on.mat,2289,,True,copied
dryad_vq83bk3s8,Spatially displaced excitation contributes to the encoding of interrupted motion by the retinal direction-selective circuit,10.5061/dryad.vq83bk3s8,5,5,True,official_file_listing_confirmed,910,6459809695,388,5E_topright_cell3_on.mat,2611,,True,copied
dryad_vq83bk3s8,Spatially displaced excitation contributes to the encoding of interrupted motion by the retinal direction-selective circuit,10.5061/dryad.vq83bk3s8,5,5,True,official_file_listing_confirmed,910,6459809695,389,5E_topright_cell4_off.mat,1683,,True,copied
dryad_vq83bk3s8,Spatially displaced excitation contributes to the encoding of interrupted motion by the retinal direction-selective circuit,10.5061/dryad.vq83bk3s8,5,5,True,official_file_listing_confirmed,910,6459809695,390,5E_topright_cell4_on.mat,2255,,True,copied
dryad_vq83bk3s8,Spatially displaced excitation contributes to the encoding of interrupted motion by the retinal direction-selective circuit,10.5061/dryad.vq83bk3s8,5,5,True,official_file_listing_confirmed,910,6459809695,391,5E_topright_cell5_off.mat,2545,,True,copied
dryad_vq83bk3s8,Spatially displaced excitation contributes to the encoding of interrupted motion by the retinal direction-selective circuit,10.5061/dryad.vq83bk3s8,5,5,True,official_file_listing_confirmed,910,6459809695,392,5E_topright_cell5_on.mat,4061,,True,copied
dryad_vq83bk3s8,Spatially displaced excitation contributes to the encoding of interrupted motion by the retinal direction-selective circuit,10.5061/dryad.vq83bk3s8,5,5,True,official_file_listing_confirmed,910,6459809695,393,5E_topright_cell6_off.mat,2345,,True,copied
dryad_vq83bk3s8,Spatially displaced excitation contributes to the encoding of interrupted motion by the retinal direction-selective circuit,10.5061/dryad.vq83bk3s8,5,5,True,official_file_listing_confirmed,910,6459809695,394,5E_topright_cell6_on.mat,2855,,True,copied
dryad_vq83bk3s8,Spatially displaced excitation contributes to the encoding of interrupted motion by the retinal direction-selective circuit,10.5061/dryad.vq83bk3s8,5,5,True,official_file_listing_confirmed,910,6459809695,395,5E_topright_cell7_off.mat,1843,,True,copied
dryad_vq83bk3s8,Spatially displaced excitation contributes to the encoding of interrupted motion by the retinal direction-selective circuit,10.5061/dryad.vq83bk3s8,5,5,True,official_file_listing_confirmed,910,6459809695,396,5E_topright_cell7_on.mat,2256,,True,copied
dryad_vq83bk3s8,Spatially displaced excitation contributes to the encoding of interrupted motion by the retinal direction-selective circuit,10.5061/dryad.vq83bk3s8,5,5,True,official_file_listing_confirmed,910,6459809695,397,5E_topright_cell8_off.mat,1485,,True,copied
dryad_vq83bk3s8,Spatially displaced excitation contributes to the encoding of interrupted motion by the retinal direction-selective circuit,10.5061/dryad.vq83bk3s8,5,5,True,official_file_listing_confirmed,910,6459809695,398,5E_topright_cell8_on.mat,1865,,True,copied
dryad_vq83bk3s8,Spatially displaced excitation contributes to the encoding of interrupted motion by the retinal direction-selective circuit,10.5061/dryad.vq83bk3s8,5,5,True,official_file_listing_confirmed,910,6459809695,399,5E_topright_cell9_off.mat,1982,,True,copied
dryad_vq83bk3s8,Spatially displaced excitation contributes to the encoding of interrupted motion by the retinal direction-selective circuit,10.5061/dryad.vq83bk3s8,5,5,True,official_file_listing_confirmed,910,6459809695,400,5E_topright_cell9_on.mat,1756,,True,copied
dryad_vq83bk3s8,Spatially displaced excitation contributes to the encoding of interrupted motion by the retinal direction-selective circuit,10.5061/dryad.vq83bk3s8,5,5,True,official_file_listing_confirmed,910,6459809695,401,6_cell1_null_stim.mat,259,,True,copied
dryad_vq83bk3s8,Spatially displaced excitation contributes to the encoding of interrupted motion by the retinal direction-selective circuit,10.5061/dryad.vq83bk3s8,5,5,True,official_file_listing_confirmed,910,6459809695,402,6_cell1_null.mat,7118,,True,copied
dryad_vq83bk3s8,Spatially displaced excitation contributes to the encoding of interrupted motion by the retinal direction-selective circuit,10.5061/dryad.vq83bk3s8,5,5,True,official_file_listing_confirmed,910,6459809695,403,6_cell10_pref_stim.mat,292,,True,copied
dryad_vq83bk3s8,Spatially displaced excitation contributes to the encoding of interrupted motion by the retinal direction-selective circuit,10.5061/dryad.vq83bk3s8,5,5,True,official_file_listing_confirmed,910,6459809695,404,6_cell10_pref.mat,11381,,True,copied
dryad_vq83bk3s8,Spatially displaced excitation contributes to the encoding of interrupted motion by the retinal direction-selective circuit,10.5061/dryad.vq83bk3s8,5,5,True,official_file_listing_confirmed,910,6459809695,405,6_cell11_pref_stim.mat,295,,True,copied
dryad_vq83bk3s8,Spatially displaced excitation contributes to the encoding of interrupted motion by the retinal direction-selective circuit,10.5061/dryad.vq83bk3s8,5,5,True,official_file_listing_confirmed,910,6459809695,406,6_cell11_pref.mat,11844,,True,copied
dryad_vq83bk3s8,Spatially displaced excitation contributes to the encoding of interrupted motion by the retinal direction-selective circuit,10.5061/dryad.vq83bk3s8,5,5,True,official_file_listing_confirmed,910,6459809695,407,6_cell12_pref_stim.mat,244,,True,copied
dryad_vq83bk3s8,Spatially displaced excitation contributes to the encoding of interrupted motion by the retinal direction-selective circuit,10.5061/dryad.vq83bk3s8,5,5,True,official_file_listing_confirmed,910,6459809695,408,6_cell12_pref.mat,10695,,True,copied
dryad_vq83bk3s8,Spatially displaced excitation contributes to the encoding of interrupted motion by the retinal direction-selective circuit,10.5061/dryad.vq83bk3s8,5,5,True,official_file_listing_confirmed,910,6459809695,409,6_cell13_null_stim.mat,282,,True,copied
dryad_vq83bk3s8,Spatially displaced excitation contributes to the encoding of interrupted motion by the retinal direction-selective circuit,10.5061/dryad.vq83bk3s8,5,5,True,official_file_listing_confirmed,910,6459809695,410,6_cell13_null.mat,11215,,True,copied
dryad_vq83bk3s8,Spatially displaced excitation contributes to the encoding of interrupted motion by the retinal direction-selective circuit,10.5061/dryad.vq83bk3s8,5,5,True,official_file_listing_confirmed,910,6459809695,411,6_cell2_null_stim.mat,279,,True,copied
dryad_vq83bk3s8,Spatially displaced excitation contributes to the encoding of interrupted motion by the retinal direction-selective circuit,10.5061/dryad.vq83bk3s8,5,5,True,official_file_listing_confirmed,910,6459809695,412,6_cell2_null.mat,6241,,True,copied
dryad_vq83bk3s8,Spatially displaced excitation contributes to the encoding of interrupted motion by the retinal direction-selective circuit,10.5061/dryad.vq83bk3s8,5,5,True,official_file_listing_confirmed,910,6459809695,413,6_cell3_pref_null_stim.mat,349,,True,copied
dryad_vq83bk3s8,Spatially displaced excitation contributes to the encoding of interrupted motion by the retinal direction-selective circuit,10.5061/dryad.vq83bk3s8,5,5,True,official_file_listing_confirmed,910,6459809695,414,6_cell3_pref_null.mat,13514,,True,copied
dryad_vq83bk3s8,Spatially displaced excitation contributes to the encoding of interrupted motion by the retinal direction-selective circuit,10.5061/dryad.vq83bk3s8,5,5,True,official_file_listing_confirmed,910,6459809695,415,6_cell4_pref_null_stim.mat,347,,True,copied
dryad_vq83bk3s8,Spatially displaced excitation contributes to the encoding of interrupted motion by the retinal direction-selective circuit,10.5061/dryad.vq83bk3s8,5,5,True,official_file_listing_confirmed,910,6459809695,416,6_cell4_pref_null.mat,8953,,True,copied
dryad_vq83bk3s8,Spatially displaced excitation contributes to the encoding of interrupted motion by the retinal direction-selective circuit,10.5061/dryad.vq83bk3s8,5,5,True,official_file_listing_confirmed,910,6459809695,417,6_cell5_pref_null_stim.mat,346,,True,copied
dryad_vq83bk3s8,Spatially displaced excitation contributes to the encoding of interrupted motion by the retinal direction-selective circuit,10.5061/dryad.vq83bk3s8,5,5,True,official_file_listing_confirmed,910,6459809695,418,6_cell5_pref_null.mat,13450,,True,copied
dryad_vq83bk3s8,Spatially displaced excitation contributes to the encoding of interrupted motion by the retinal direction-selective circuit,10.5061/dryad.vq83bk3s8,5,5,True,official_file_listing_confirmed,910,6459809695,419,6_cell6_pref_null_stim.mat,345,,True,copied
dryad_vq83bk3s8,Spatially displaced excitation contributes to the encoding of interrupted motion by the retinal direction-selective circuit,10.5061/dryad.vq83bk3s8,5,5,True,official_file_listing_confirmed,910,6459809695,420,6_cell6_pref_null.mat,11327,,True,copied
dryad_vq83bk3s8,Spatially displaced excitation contributes to the encoding of interrupted motion by the retinal direction-selective circuit,10.5061/dryad.vq83bk3s8,5,5,True,official_file_listing_confirmed,910,6459809695,421,6_cell7_pref_null_stim.mat,350,,True,copied
dryad_vq83bk3s8,Spatially displaced excitation contributes to the encoding of interrupted motion by the retinal direction-selective circuit,10.5061/dryad.vq83bk3s8,5,5,True,official_file_listing_confirmed,910,6459809695,422,6_cell7_pref_null.mat,20270,,True,copied
dryad_vq83bk3s8,Spatially displaced excitation contributes to the encoding of interrupted motion by the retinal direction-selective circuit,10.5061/dryad.vq83bk3s8,5,5,True,official_file_listing_confirmed,910,6459809695,423,6_cell8_pref_null_stim.mat,347,,True,copied
dryad_vq83bk3s8,Spatially displaced excitation contributes to the encoding of interrupted motion by the retinal direction-selective circuit,10.5061/dryad.vq83bk3s8,5,5,True,official_file_listing_confirmed,910,6459809695,424,6_cell8_pref_null.mat,14268,,True,copied
dryad_vq83bk3s8,Spatially displaced excitation contributes to the encoding of interrupted motion by the retinal direction-selective circuit,10.5061/dryad.vq83bk3s8,5,5,True,official_file_listing_confirmed,910,6459809695,425,6_cell9_pref_null_stim.mat,344,,True,copied
dryad_vq83bk3s8,Spatially displaced excitation contributes to the encoding of interrupted motion by the retinal direction-selective circuit,10.5061/dryad.vq83bk3s8,5,5,True,official_file_listing_confirmed,910,6459809695,426,6_cell9_pref_null.mat,20917,,True,copied
dryad_vq83bk3s8,Spatially displaced excitation contributes to the encoding of interrupted motion by the retinal direction-selective circuit,10.5061/dryad.vq83bk3s8,5,5,True,official_file_listing_confirmed,910,6459809695,427,calcium_imaging_cell1_anterior_stimdirection.txt,1600,text/plain,True,copied
dryad_vq83bk3s8,Spatially displaced excitation contributes to the encoding of interrupted motion by the retinal direction-selective circuit,10.5061/dryad.vq83bk3s8,5,5,True,official_file_listing_confirmed,910,6459809695,428,calcium_imaging_cell1_anterior_voltagetrigger.csv,76234520,application/vnd.ms-excel,True,copied
dryad_vq83bk3s8,Spatially displaced excitation contributes to the encoding of interrupted motion by the retinal direction-selective circuit,10.5061/dryad.vq83bk3s8,5,5,True,official_file_listing_confirmed,910,6459809695,429,calcium_imaging_cell1_anterior.txt,74612,text/plain,True,copied
dryad_vq83bk3s8,Spatially displaced excitation contributes to the encoding of interrupted motion by the retinal direction-selective circuit,10.5061/dryad.vq83bk3s8,5,5,True,official_file_listing_confirmed,910,6459809695,430,calcium_imaging_cell1_posterior_stimdirection.txt,1032,text/plain,True,copied
dryad_vq83bk3s8,Spatially displaced excitation contributes to the encoding of interrupted motion by the retinal direction-selective circuit,10.5061/dryad.vq83bk3s8,5,5,True,official_file_listing_confirmed,910,6459809695,431,calcium_imaging_cell1_posterior_voltagetrigger.csv,48800213,application/vnd.ms-excel,True,copied
dryad_vq83bk3s8,Spatially displaced excitation contributes to the encoding of interrupted motion by the retinal direction-selective circuit,10.5061/dryad.vq83bk3s8,5,5,True,official_file_listing_confirmed,910,6459809695,432,calcium_imaging_cell1_posterior.txt,41626,text/plain,True,copied
dryad_vq83bk3s8,Spatially displaced excitation contributes to the encoding of interrupted motion by the retinal direction-selective circuit,10.5061/dryad.vq83bk3s8,5,5,True,official_file_listing_confirmed,910,6459809695,433,calcium_imaging_cell10_anterior_stimdirection.txt,1600,text/plain,True,copied
dryad_vq83bk3s8,Spatially displaced excitation contributes to the encoding of interrupted motion by the retinal direction-selective circuit,10.5061/dryad.vq83bk3s8,5,5,True,official_file_listing_confirmed,910,6459809695,434,calcium_imaging_cell10_anterior_voltagetrigger.csv,78923909,application/vnd.ms-excel,True,copied
dryad_vq83bk3s8,Spatially displaced excitation contributes to the encoding of interrupted motion by the retinal direction-selective circuit,10.5061/dryad.vq83bk3s8,5,5,True,official_file_listing_confirmed,910,6459809695,435,calcium_imaging_cell10_anterior.txt,77423,text/plain,True,copied
dryad_vq83bk3s8,Spatially displaced excitation contributes to the encoding of interrupted motion by the retinal direction-selective circuit,10.5061/dryad.vq83bk3s8,5,5,True,official_file_listing_confirmed,910,6459809695,436,calcium_imaging_cell10_posterior_stimdirection.txt,912,text/plain,True,copied
dryad_vq83bk3s8,Spatially displaced excitation contributes to the encoding of interrupted motion by the retinal direction-selective circuit,10.5061/dryad.vq83bk3s8,5,5,True,official_file_listing_confirmed,910,6459809695,437,calcium_imaging_cell10_posterior_voltagetrigger.csv,69685572,application/vnd.ms-excel,True,copied
dryad_vq83bk3s8,Spatially displaced excitation contributes to the encoding of interrupted motion by the retinal direction-selective circuit,10.5061/dryad.vq83bk3s8,5,5,True,official_file_listing_confirmed,910,6459809695,438,calcium_imaging_cell10_posterior.txt,139381,text/plain,True,copied
dryad_vq83bk3s8,Spatially displaced excitation contributes to the encoding of interrupted motion by the retinal direction-selective circuit,10.5061/dryad.vq83bk3s8,5,5,True,official_file_listing_confirmed,910,6459809695,439,calcium_imaging_cell11_anterior_stimdirection.txt,1600,text/plain,True,copied
dryad_vq83bk3s8,Spatially displaced excitation contributes to the encoding of interrupted motion by the retinal direction-selective circuit,10.5061/dryad.vq83bk3s8,5,5,True,official_file_listing_confirmed,910,6459809695,440,calcium_imaging_cell11_anterior_voltagetrigger.csv,77422763,application/vnd.ms-excel,True,copied
dryad_vq83bk3s8,Spatially displaced excitation contributes to the encoding of interrupted motion by the retinal direction-selective circuit,10.5061/dryad.vq83bk3s8,5,5,True,official_file_listing_confirmed,910,6459809695,441,calcium_imaging_cell11_anterior.txt,75959,text/plain,True,copied
dryad_vq83bk3s8,Spatially displaced excitation contributes to the encoding of interrupted motion by the retinal direction-selective circuit,10.5061/dryad.vq83bk3s8,5,5,True,official_file_listing_confirmed,910,6459809695,442,calcium_imaging_cell11_posterior_stimdirection.txt,912,text/plain,True,copied
dryad_vq83bk3s8,Spatially displaced excitation contributes to the encoding of interrupted motion by the retinal direction-selective circuit,10.5061/dryad.vq83bk3s8,5,5,True,official_file_listing_confirmed,910,6459809695,443,calcium_imaging_cell11_posterior_voltagetrigger.csv,68983616,application/vnd.ms-excel,True,copied
dryad_vq83bk3s8,Spatially displaced excitation contributes to the encoding of interrupted motion by the retinal direction-selective circuit,10.5061/dryad.vq83bk3s8,5,5,True,official_file_listing_confirmed,910,6459809695,444,calcium_imaging_cell11_posterior.txt,138137,text/plain,True,copied
dryad_vq83bk3s8,Spatially displaced excitation contributes to the encoding of interrupted motion by the retinal direction-selective circuit,10.5061/dryad.vq83bk3s8,5,5,True,official_file_listing_confirmed,910,6459809695,445,calcium_imaging_cell12_anterior_stimdirection.txt,1600,text/plain,True,copied
dryad_vq83bk3s8,Spatially displaced excitation contributes to the encoding of interrupted motion by the retinal direction-selective circuit,10.5061/dryad.vq83bk3s8,5,5,True,official_file_listing_confirmed,910,6459809695,446,calcium_imaging_cell12_anterior_voltagetrigger.csv,77876050,application/vnd.ms-excel,True,copied
dryad_vq83bk3s8,Spatially displaced excitation contributes to the encoding of interrupted motion by the retinal direction-selective circuit,10.5061/dryad.vq83bk3s8,5,5,True,official_file_listing_confirmed,910,6459809695,447,calcium_imaging_cell12_anterior.txt,76372,text/plain,True,copied
dryad_vq83bk3s8,Spatially displaced excitation contributes to the encoding of interrupted motion by the retinal direction-selective circuit,10.5061/dryad.vq83bk3s8,5,5,True,official_file_listing_confirmed,910,6459809695,448,calcium_imaging_cell12_posterior_stimdirection.txt,912,text/plain,True,copied
dryad_vq83bk3s8,Spatially displaced excitation contributes to the encoding of interrupted motion by the retinal direction-selective circuit,10.5061/dryad.vq83bk3s8,5,5,True,official_file_listing_confirmed,910,6459809695,449,calcium_imaging_cell12_posterior_voltagetrigger.csv,69067864,application/vnd.ms-excel,True,copied
dryad_vq83bk3s8,Spatially displaced excitation contributes to the encoding of interrupted motion by the retinal direction-selective circuit,10.5061/dryad.vq83bk3s8,5,5,True,official_file_listing_confirmed,910,6459809695,450,calcium_imaging_cell12_posterior.txt,138228,text/plain,True,copied
dryad_vq83bk3s8,Spatially displaced excitation contributes to the encoding of interrupted motion by the retinal direction-selective circuit,10.5061/dryad.vq83bk3s8,5,5,True,official_file_listing_confirmed,910,6459809695,451,calcium_imaging_cell2_anterior_stimdirection.txt,1600,text/plain,True,copied
dryad_vq83bk3s8,Spatially displaced excitation contributes to the encoding of interrupted motion by the retinal direction-selective circuit,10.5061/dryad.vq83bk3s8,5,5,True,official_file_listing_confirmed,910,6459809695,452,calcium_imaging_cell2_anterior_voltagetrigger.csv,77476723,application/vnd.ms-excel,True,copied
dryad_vq83bk3s8,Spatially displaced excitation contributes to the encoding of interrupted motion by the retinal direction-selective circuit,10.5061/dryad.vq83bk3s8,5,5,True,official_file_listing_confirmed,910,6459809695,453,calcium_imaging_cell2_anterior.txt,75996,text/plain,True,copied
dryad_vq83bk3s8,Spatially displaced excitation contributes to the encoding of interrupted motion by the retinal direction-selective circuit,10.5061/dryad.vq83bk3s8,5,5,True,official_file_listing_confirmed,910,6459809695,454,calcium_imaging_cell2_posterior_stimdirection.txt,1032,text/plain,True,copied
dryad_vq83bk3s8,Spatially displaced excitation contributes to the encoding of interrupted motion by the retinal direction-selective circuit,10.5061/dryad.vq83bk3s8,5,5,True,official_file_listing_confirmed,910,6459809695,455,calcium_imaging_cell2_posterior_voltagetrigger.csv,52048126,application/vnd.ms-excel,True,copied
dryad_vq83bk3s8,Spatially displaced excitation contributes to the encoding of interrupted motion by the retinal direction-selective circuit,10.5061/dryad.vq83bk3s8,5,5,True,official_file_listing_confirmed,910,6459809695,456,calcium_imaging_cell2_posterior.txt,44310,text/plain,True,copied
dryad_vq83bk3s8,Spatially displaced excitation contributes to the encoding of interrupted motion by the retinal direction-selective circuit,10.5061/dryad.vq83bk3s8,5,5,True,official_file_listing_confirmed,910,6459809695,457,calcium_imaging_cell3_anterior_stimdirection.txt,1600,text/plain,True,copied
dryad_vq83bk3s8,Spatially displaced excitation contributes to the encoding of interrupted motion by the retinal direction-selective circuit,10.5061/dryad.vq83bk3s8,5,5,True,official_file_listing_confirmed,910,6459809695,458,calcium_imaging_cell3_anterior_voltagetrigger.csv,77512318,application/vnd.ms-excel,True,copied
dryad_vq83bk3s8,Spatially displaced excitation contributes to the encoding of interrupted motion by the retinal direction-selective circuit,10.5061/dryad.vq83bk3s8,5,5,True,official_file_listing_confirmed,910,6459809695,459,calcium_imaging_cell3_anterior.txt,76013,text/plain,True,copied
dryad_vq83bk3s8,Spatially displaced excitation contributes to the encoding of interrupted motion by the retinal direction-selective circuit,10.5061/dryad.vq83bk3s8,5,5,True,official_file_listing_confirmed,910,6459809695,460,calcium_imaging_cell3_posterior_stimdirection.txt,1376,text/plain,True,copied
dryad_vq83bk3s8,Spatially displaced excitation contributes to the encoding of interrupted motion by the retinal direction-selective circuit,10.5061/dryad.vq83bk3s8,5,5,True,official_file_listing_confirmed,910,6459809695,461,calcium_imaging_cell3_posterior_voltagetrigger.csv,82892827,application/vnd.ms-excel,True,copied
dryad_vq83bk3s8,Spatially displaced excitation contributes to the encoding of interrupted motion by the retinal direction-selective circuit,10.5061/dryad.vq83bk3s8,5,5,True,official_file_listing_confirmed,910,6459809695,462,calcium_imaging_cell3_posterior.txt,70058,text/plain,True,copied
dryad_vq83bk3s8,Spatially displaced excitation contributes to the encoding of interrupted motion by the retinal direction-selective circuit,10.5061/dryad.vq83bk3s8,5,5,True,official_file_listing_confirmed,910,6459809695,463,calcium_imaging_cell4_anterior_stimdirection.txt,1600,text/plain,True,copied
dryad_vq83bk3s8,Spatially displaced excitation contributes to the encoding of interrupted motion by the retinal direction-selective circuit,10.5061/dryad.vq83bk3s8,5,5,True,official_file_listing_confirmed,910,6459809695,464,calcium_imaging_cell4_anterior_voltagetrigger.csv,75746997,application/vnd.ms-excel,True,copied
dryad_vq83bk3s8,Spatially displaced excitation contributes to the encoding of interrupted motion by the retinal direction-selective circuit,10.5061/dryad.vq83bk3s8,5,5,True,official_file_listing_confirmed,910,6459809695,465,calcium_imaging_cell4_anterior.txt,74169,text/plain,True,copied
dryad_vq83bk3s8,Spatially displaced excitation contributes to the encoding of interrupted motion by the retinal direction-selective circuit,10.5061/dryad.vq83bk3s8,5,5,True,official_file_listing_confirmed,910,6459809695,466,calcium_imaging_cell4_posterior_stimdirection.txt,1376,text/plain,True,copied
dryad_vq83bk3s8,Spatially displaced excitation contributes to the encoding of interrupted motion by the retinal direction-selective circuit,10.5061/dryad.vq83bk3s8,5,5,True,official_file_listing_confirmed,910,6459809695,467,calcium_imaging_cell4_posterior_voltagetrigger.csv,74085162,application/vnd.ms-excel,True,copied
dryad_vq83bk3s8,Spatially displaced excitation contributes to the encoding of interrupted motion by the retinal direction-selective circuit,10.5061/dryad.vq83bk3s8,5,5,True,official_file_listing_confirmed,910,6459809695,468,calcium_imaging_cell4_posterior.txt,62694,text/plain,True,copied
dryad_vq83bk3s8,Spatially displaced excitation contributes to the encoding of interrupted motion by the retinal direction-selective circuit,10.5061/dryad.vq83bk3s8,5,5,True,official_file_listing_confirmed,910,6459809695,469,calcium_imaging_cell5_anterior_stimdirection.txt,1600,text/plain,True,copied
dryad_vq83bk3s8,Spatially displaced excitation contributes to the encoding of interrupted motion by the retinal direction-selective circuit,10.5061/dryad.vq83bk3s8,5,5,True,official_file_listing_confirmed,910,6459809695,470,calcium_imaging_cell5_anterior_voltagetrigger.csv,77734866,application/vnd.ms-excel,True,copied
dryad_vq83bk3s8,Spatially displaced excitation contributes to the encoding of interrupted motion by the retinal direction-selective circuit,10.5061/dryad.vq83bk3s8,5,5,True,official_file_listing_confirmed,910,6459809695,471,calcium_imaging_cell5_anterior.txt,76218,text/plain,True,copied
dryad_vq83bk3s8,Spatially displaced excitation contributes to the encoding of interrupted motion by the retinal direction-selective circuit,10.5061/dryad.vq83bk3s8,5,5,True,official_file_listing_confirmed,910,6459809695,472,calcium_imaging_cell5_posterior_stimdirection.txt,912,text/plain,True,copied
dryad_vq83bk3s8,Spatially displaced excitation contributes to the encoding of interrupted motion by the retinal direction-selective circuit,10.5061/dryad.vq83bk3s8,5,5,True,official_file_listing_confirmed,910,6459809695,473,calcium_imaging_cell5_posterior_voltagetrigger.csv,77043901,application/vnd.ms-excel,True,copied
dryad_vq83bk3s8,Spatially displaced excitation contributes to the encoding of interrupted motion by the retinal direction-selective circuit,10.5061/dryad.vq83bk3s8,5,5,True,official_file_listing_confirmed,910,6459809695,474,calcium_imaging_cell5_posterior.txt,154223,text/plain,True,copied
dryad_vq83bk3s8,Spatially displaced excitation contributes to the encoding of interrupted motion by the retinal direction-selective circuit,10.5061/dryad.vq83bk3s8,5,5,True,official_file_listing_confirmed,910,6459809695,475,calcium_imaging_cell6_anterior_stimdirection.txt,1600,text/plain,True,copied
dryad_vq83bk3s8,Spatially displaced excitation contributes to the encoding of interrupted motion by the retinal direction-selective circuit,10.5061/dryad.vq83bk3s8,5,5,True,official_file_listing_confirmed,910,6459809695,476,calcium_imaging_cell6_anterior_voltagetrigger.csv,77302921,application/vnd.ms-excel,True,copied
dryad_vq83bk3s8,Spatially displaced excitation contributes to the encoding of interrupted motion by the retinal direction-selective circuit,10.5061/dryad.vq83bk3s8,5,5,True,official_file_listing_confirmed,910,6459809695,477,calcium_imaging_cell6_anterior.txt,75864,text/plain,True,copied
dryad_vq83bk3s8,Spatially displaced excitation contributes to the encoding of interrupted motion by the retinal direction-selective circuit,10.5061/dryad.vq83bk3s8,5,5,True,official_file_listing_confirmed,910,6459809695,478,calcium_imaging_cell6_posterior_stimdirection.txt,912,text/plain,True,copied
dryad_vq83bk3s8,Spatially displaced excitation contributes to the encoding of interrupted motion by the retinal direction-selective circuit,10.5061/dryad.vq83bk3s8,5,5,True,official_file_listing_confirmed,910,6459809695,479,calcium_imaging_cell6_posterior_voltagetrigger.csv,69861671,application/vnd.ms-excel,True,copied
dryad_vq83bk3s8,Spatially displaced excitation contributes to the encoding of interrupted motion by the retinal direction-selective circuit,10.5061/dryad.vq83bk3s8,5,5,True,official_file_listing_confirmed,910,6459809695,480,calcium_imaging_cell6_posterior.txt,139890,text/plain,True,copied
dryad_vq83bk3s8,Spatially displaced excitation contributes to the encoding of interrupted motion by the retinal direction-selective circuit,10.5061/dryad.vq83bk3s8,5,5,True,official_file_listing_confirmed,910,6459809695,481,calcium_imaging_cell7_anterior_stimdirection.txt,1600,text/plain,True,copied
dryad_vq83bk3s8,Spatially displaced excitation contributes to the encoding of interrupted motion by the retinal direction-selective circuit,10.5061/dryad.vq83bk3s8,5,5,True,official_file_listing_confirmed,910,6459809695,482,calcium_imaging_cell7_anterior_voltagetrigger.csv,77400618,application/vnd.ms-excel,True,copied
dryad_vq83bk3s8,Spatially displaced excitation contributes to the encoding of interrupted motion by the retinal direction-selective circuit,10.5061/dryad.vq83bk3s8,5,5,True,official_file_listing_confirmed,910,6459809695,483,calcium_imaging_cell7_anterior.txt,75877,text/plain,True,copied
dryad_vq83bk3s8,Spatially displaced excitation contributes to the encoding of interrupted motion by the retinal direction-selective circuit,10.5061/dryad.vq83bk3s8,5,5,True,official_file_listing_confirmed,910,6459809695,484,calcium_imaging_cell7_posterior_stimdirection.txt,912,text/plain,True,copied
dryad_vq83bk3s8,Spatially displaced excitation contributes to the encoding of interrupted motion by the retinal direction-selective circuit,10.5061/dryad.vq83bk3s8,5,5,True,official_file_listing_confirmed,910,6459809695,485,calcium_imaging_cell7_posterior_voltagetrigger.csv,72417763,application/vnd.ms-excel,True,copied
dryad_vq83bk3s8,Spatially displaced excitation contributes to the encoding of interrupted motion by the retinal direction-selective circuit,10.5061/dryad.vq83bk3s8,5,5,True,official_file_listing_confirmed,910,6459809695,486,calcium_imaging_cell7_posterior.txt,139381,text/plain,True,copied
dryad_vq83bk3s8,Spatially displaced excitation contributes to the encoding of interrupted motion by the retinal direction-selective circuit,10.5061/dryad.vq83bk3s8,5,5,True,official_file_listing_confirmed,910,6459809695,487,calcium_imaging_cell8_anterior_stimdirection.txt,1600,text/plain,True,copied
dryad_vq83bk3s8,Spatially displaced excitation contributes to the encoding of interrupted motion by the retinal direction-selective circuit,10.5061/dryad.vq83bk3s8,5,5,True,official_file_listing_confirmed,910,6459809695,488,calcium_imaging_cell8_anterior_voltagetrigger.csv,77617949,application/vnd.ms-excel,True,copied
dryad_vq83bk3s8,Spatially displaced excitation contributes to the encoding of interrupted motion by the retinal direction-selective circuit,10.5061/dryad.vq83bk3s8,5,5,True,official_file_listing_confirmed,910,6459809695,489,calcium_imaging_cell8_anterior.txt,76298,text/plain,True,copied
dryad_vq83bk3s8,Spatially displaced excitation contributes to the encoding of interrupted motion by the retinal direction-selective circuit,10.5061/dryad.vq83bk3s8,5,5,True,official_file_listing_confirmed,910,6459809695,490,calcium_imaging_cell8_posterior_stimdirection.txt,912,text/plain,True,copied
dryad_vq83bk3s8,Spatially displaced excitation contributes to the encoding of interrupted motion by the retinal direction-selective circuit,10.5061/dryad.vq83bk3s8,5,5,True,official_file_listing_confirmed,910,6459809695,491,calcium_imaging_cell8_posterior_voltagetrigger.csv,70226234,application/vnd.ms-excel,True,copied
dryad_vq83bk3s8,Spatially displaced excitation contributes to the encoding of interrupted motion by the retinal direction-selective circuit,10.5061/dryad.vq83bk3s8,5,5,True,official_file_listing_confirmed,910,6459809695,492,calcium_imaging_cell8_posterior.txt,140696,text/plain,True,copied
dryad_vq83bk3s8,Spatially displaced excitation contributes to the encoding of interrupted motion by the retinal direction-selective circuit,10.5061/dryad.vq83bk3s8,5,5,True,official_file_listing_confirmed,910,6459809695,493,calcium_imaging_cell9_anterior_stimdirection.txt,1600,text/plain,True,copied
dryad_vq83bk3s8,Spatially displaced excitation contributes to the encoding of interrupted motion by the retinal direction-selective circuit,10.5061/dryad.vq83bk3s8,5,5,True,official_file_listing_confirmed,910,6459809695,494,calcium_imaging_cell9_anterior_voltagetrigger.csv,77812977,application/vnd.ms-excel,True,copied
dryad_vq83bk3s8,Spatially displaced excitation contributes to the encoding of interrupted motion by the retinal direction-selective circuit,10.5061/dryad.vq83bk3s8,5,5,True,official_file_listing_confirmed,910,6459809695,495,calcium_imaging_cell9_anterior.txt,76357,text/plain,True,copied
dryad_vq83bk3s8,Spatially displaced excitation contributes to the encoding of interrupted motion by the retinal direction-selective circuit,10.5061/dryad.vq83bk3s8,5,5,True,official_file_listing_confirmed,910,6459809695,496,calcium_imaging_cell9_posterior_stimdirection.txt,912,text/plain,True,copied
dryad_vq83bk3s8,Spatially displaced excitation contributes to the encoding of interrupted motion by the retinal direction-selective circuit,10.5061/dryad.vq83bk3s8,5,5,True,official_file_listing_confirmed,910,6459809695,497,calcium_imaging_cell9_posterior_voltagetrigger.csv,69650780,application/vnd.ms-excel,True,copied
dryad_vq83bk3s8,Spatially displaced excitation contributes to the encoding of interrupted motion by the retinal direction-selective circuit,10.5061/dryad.vq83bk3s8,5,5,True,official_file_listing_confirmed,910,6459809695,498,calcium_imaging_cell9_posterior.txt,139471,text/plain,True,copied
dryad_vq83bk3s8,Spatially displaced excitation contributes to the encoding of interrupted motion by the retinal direction-selective circuit,10.5061/dryad.vq83bk3s8,5,5,True,official_file_listing_confirmed,910,6459809695,499,dendrites_cell1_1.tif,72386911,image/tiff,True,copied
dryad_vq83bk3s8,Spatially displaced excitation contributes to the encoding of interrupted motion by the retinal direction-selective circuit,10.5061/dryad.vq83bk3s8,5,5,True,official_file_listing_confirmed,910,6459809695,500,dendrites_cell1_2.tif,72386911,image/tiff,True,copied
dryad_vq83bk3s8,Spatially displaced excitation contributes to the encoding of interrupted motion by the retinal direction-selective circuit,10.5061/dryad.vq83bk3s8,5,5,True,official_file_listing_confirmed,910,6459809695,501,dendrites_cell10_1.tif,35553709,image/tiff,True,copied
dryad_vq83bk3s8,Spatially displaced excitation contributes to the encoding of interrupted motion by the retinal direction-selective circuit,10.5061/dryad.vq83bk3s8,5,5,True,official_file_listing_confirmed,910,6459809695,502,dendrites_cell10_2.tif,38436433,image/tiff,True,copied
dryad_vq83bk3s8,Spatially displaced excitation contributes to the encoding of interrupted motion by the retinal direction-selective circuit,10.5061/dryad.vq83bk3s8,5,5,True,official_file_listing_confirmed,910,6459809695,503,dendrites_cell11_1.tif,35553709,image/tiff,True,copied
dryad_vq83bk3s8,Spatially displaced excitation contributes to the encoding of interrupted motion by the retinal direction-selective circuit,10.5061/dryad.vq83bk3s8,5,5,True,official_file_listing_confirmed,910,6459809695,504,dendrites_cell11_2.tif,26905537,image/tiff,True,copied
dryad_vq83bk3s8,Spatially displaced excitation contributes to the encoding of interrupted motion by the retinal direction-selective circuit,10.5061/dryad.vq83bk3s8,5,5,True,official_file_listing_confirmed,910,6459809695,505,dendrites_cell11_3.tif,38436433,image/tiff,True,copied
dryad_vq83bk3s8,Spatially displaced excitation contributes to the encoding of interrupted motion by the retinal direction-selective circuit,10.5061/dryad.vq83bk3s8,5,5,True,official_file_listing_confirmed,910,6459809695,506,dendrites_cell12_1.tif,55732779,image/tiff,True,copied
dryad_vq83bk3s8,Spatially displaced excitation contributes to the encoding of interrupted motion by the retinal direction-selective circuit,10.5061/dryad.vq83bk3s8,5,5,True,official_file_listing_confirmed,910,6459809695,507,dendrites_cell12_2.tif,49006423,image/tiff,True,copied
dryad_vq83bk3s8,Spatially displaced excitation contributes to the encoding of interrupted motion by the retinal direction-selective circuit,10.5061/dryad.vq83bk3s8,5,5,True,official_file_listing_confirmed,910,6459809695,508,dendrites_cell12_3.tif,55732779,image/tiff,True,copied
dryad_vq83bk3s8,Spatially displaced excitation contributes to the encoding of interrupted motion by the retinal direction-selective circuit,10.5061/dryad.vq83bk3s8,5,5,True,official_file_listing_confirmed,910,6459809695,509,dendrites_cell13_1.tif,49967331,image/tiff,True,copied
dryad_vq83bk3s8,Spatially displaced excitation contributes to the encoding of interrupted motion by the retinal direction-selective circuit,10.5061/dryad.vq83bk3s8,5,5,True,official_file_listing_confirmed,910,6459809695,510,dendrites_cell13_2.tif,41319157,image/tiff,True,copied
dryad_vq83bk3s8,Spatially displaced excitation contributes to the encoding of interrupted motion by the retinal direction-selective circuit,10.5061/dryad.vq83bk3s8,5,5,True,official_file_listing_confirmed,910,6459809695,511,dendrites_cell13_3.tif,53810963,image/tiff,True,copied
dryad_vq83bk3s8,Spatially displaced excitation contributes to the encoding of interrupted motion by the retinal direction-selective circuit,10.5061/dryad.vq83bk3s8,5,5,True,official_file_listing_confirmed,910,6459809695,512,dendrites_cell14_1.tif,42280065,image/tiff,True,copied
dryad_vq83bk3s8,Spatially displaced excitation contributes to the encoding of interrupted motion by the retinal direction-selective circuit,10.5061/dryad.vq83bk3s8,5,5,True,official_file_listing_confirmed,910,6459809695,513,dendrites_cell14_2.tif,45162789,image/tiff,True,copied
dryad_vq83bk3s8,Spatially displaced excitation contributes to the encoding of interrupted motion by the retinal direction-selective circuit,10.5061/dryad.vq83bk3s8,5,5,True,official_file_listing_confirmed,910,6459809695,514,dendrites_cell15_1.tif,31710077,image/tiff,True,copied
dryad_vq83bk3s8,Spatially displaced excitation contributes to the encoding of interrupted motion by the retinal direction-selective circuit,10.5061/dryad.vq83bk3s8,5,5,True,official_file_listing_confirmed,910,6459809695,515,dendrites_cell15_2.tif,32670985,image/tiff,True,copied
dryad_vq83bk3s8,Spatially displaced excitation contributes to the encoding of interrupted motion by the retinal direction-selective circuit,10.5061/dryad.vq83bk3s8,5,5,True,official_file_listing_confirmed,910,6459809695,516,dendrites_cell15_3.tif,34592801,image/tiff,True,copied
dryad_vq83bk3s8,Spatially displaced excitation contributes to the encoding of interrupted motion by the retinal direction-selective circuit,10.5061/dryad.vq83bk3s8,5,5,True,official_file_listing_confirmed,910,6459809695,517,dendrites_cell16_1.tif,33631893,image/tiff,True,copied
dryad_vq83bk3s8,Spatially displaced excitation contributes to the encoding of interrupted motion by the retinal direction-selective circuit,10.5061/dryad.vq83bk3s8,5,5,True,official_file_listing_confirmed,910,6459809695,518,dendrites_cell16_2.tif,34592801,image/tiff,True,copied
dryad_vq83bk3s8,Spatially displaced excitation contributes to the encoding of interrupted motion by the retinal direction-selective circuit,10.5061/dryad.vq83bk3s8,5,5,True,official_file_listing_confirmed,910,6459809695,519,dendrites_cell17_1.tif,34592801,image/tiff,True,copied
dryad_vq83bk3s8,Spatially displaced excitation contributes to the encoding of interrupted motion by the retinal direction-selective circuit,10.5061/dryad.vq83bk3s8,5,5,True,official_file_listing_confirmed,910,6459809695,520,dendrites_cell17_2.tif,37475525,image/tiff,True,copied
dryad_vq83bk3s8,Spatially displaced excitation contributes to the encoding of interrupted motion by the retinal direction-selective circuit,10.5061/dryad.vq83bk3s8,5,5,True,official_file_listing_confirmed,910,6459809695,521,dendrites_cell17_3.tif,39397341,image/tiff,True,copied
dryad_vq83bk3s8,Spatially displaced excitation contributes to the encoding of interrupted motion by the retinal direction-selective circuit,10.5061/dryad.vq83bk3s8,5,5,True,official_file_listing_confirmed,910,6459809695,522,dendrites_cell19_1.tif,56693687,image/tiff,True,copied
dryad_vq83bk3s8,Spatially displaced excitation contributes to the encoding of interrupted motion by the retinal direction-selective circuit,10.5061/dryad.vq83bk3s8,5,5,True,official_file_listing_confirmed,910,6459809695,523,dendrites_cell19_2.tif,65341859,image/tiff,True,copied
dryad_vq83bk3s8,Spatially displaced excitation contributes to the encoding of interrupted motion by the retinal direction-selective circuit,10.5061/dryad.vq83bk3s8,5,5,True,official_file_listing_confirmed,910,6459809695,524,dendrites_cell19_3.tif,49006423,image/tiff,True,copied
dryad_vq83bk3s8,Spatially displaced excitation contributes to the encoding of interrupted motion by the retinal direction-selective circuit,10.5061/dryad.vq83bk3s8,5,5,True,official_file_listing_confirmed,910,6459809695,525,dendrites_cell2_1.tif,38816221,image/tiff,True,copied
dryad_vq83bk3s8,Spatially displaced excitation contributes to the encoding of interrupted motion by the retinal direction-selective circuit,10.5061/dryad.vq83bk3s8,5,5,True,official_file_listing_confirmed,910,6459809695,526,dendrites_cell2_2.tif,47208893,image/tiff,True,copied
dryad_vq83bk3s8,Spatially displaced excitation contributes to the encoding of interrupted motion by the retinal direction-selective circuit,10.5061/dryad.vq83bk3s8,5,5,True,official_file_listing_confirmed,910,6459809695,527,dendrites_cell20_1.tif,40358249,image/tiff,True,copied
dryad_vq83bk3s8,Spatially displaced excitation contributes to the encoding of interrupted motion by the retinal direction-selective circuit,10.5061/dryad.vq83bk3s8,5,5,True,official_file_listing_confirmed,910,6459809695,528,dendrites_cell20_2.tif,41319157,image/tiff,True,copied
dryad_vq83bk3s8,Spatially displaced excitation contributes to the encoding of interrupted motion by the retinal direction-selective circuit,10.5061/dryad.vq83bk3s8,5,5,True,official_file_listing_confirmed,910,6459809695,529,dendrites_cell20_3.tif,27866445,image/tiff,True,copied
dryad_vq83bk3s8,Spatially displaced excitation contributes to the encoding of interrupted motion by the retinal direction-selective circuit,10.5061/dryad.vq83bk3s8,5,5,True,official_file_listing_confirmed,910,6459809695,530,dendrites_cell21_1.tif,30749169,image/tiff,True,copied
dryad_vq83bk3s8,Spatially displaced excitation contributes to the encoding of interrupted motion by the retinal direction-selective circuit,10.5061/dryad.vq83bk3s8,5,5,True,official_file_listing_confirmed,910,6459809695,531,dendrites_cell21_2.tif,32670985,image/tiff,True,copied
dryad_vq83bk3s8,Spatially displaced excitation contributes to the encoding of interrupted motion by the retinal direction-selective circuit,10.5061/dryad.vq83bk3s8,5,5,True,official_file_listing_confirmed,910,6459809695,532,dendrites_cell21_3.tif,32670985,image/tiff,True,copied
dryad_vq83bk3s8,Spatially displaced excitation contributes to the encoding of interrupted motion by the retinal direction-selective circuit,10.5061/dryad.vq83bk3s8,5,5,True,official_file_listing_confirmed,910,6459809695,533,dendrites_cell21_4.tif,37475525,image/tiff,True,copied
dryad_vq83bk3s8,Spatially displaced excitation contributes to the encoding of interrupted motion by the retinal direction-selective circuit,10.5061/dryad.vq83bk3s8,5,5,True,official_file_listing_confirmed,910,6459809695,534,dendrites_cell21_5.tif,42280065,image/tiff,True,copied
dryad_vq83bk3s8,Spatially displaced excitation contributes to the encoding of interrupted motion by the retinal direction-selective circuit,10.5061/dryad.vq83bk3s8,5,5,True,official_file_listing_confirmed,910,6459809695,535,dendrites_cell22_1.tif,45162789,image/tiff,True,copied
dryad_vq83bk3s8,Spatially displaced excitation contributes to the encoding of interrupted motion by the retinal direction-selective circuit,10.5061/dryad.vq83bk3s8,5,5,True,official_file_listing_confirmed,910,6459809695,536,dendrites_cell22_2.tif,43240973,image/tiff,True,copied
dryad_vq83bk3s8,Spatially displaced excitation contributes to the encoding of interrupted motion by the retinal direction-selective circuit,10.5061/dryad.vq83bk3s8,5,5,True,official_file_listing_confirmed,910,6459809695,537,dendrites_cell22_3.tif,26905537,image/tiff,True,copied
dryad_vq83bk3s8,Spatially displaced excitation contributes to the encoding of interrupted motion by the retinal direction-selective circuit,10.5061/dryad.vq83bk3s8,5,5,True,official_file_listing_confirmed,910,6459809695,538,dendrites_cell22_4.tif,26905537,image/tiff,True,copied
dryad_vq83bk3s8,Spatially displaced excitation contributes to the encoding of interrupted motion by the retinal direction-selective circuit,10.5061/dryad.vq83bk3s8,5,5,True,official_file_listing_confirmed,910,6459809695,539,dendrites_cell22_5.tif,20179181,image/tiff,True,copied
dryad_vq83bk3s8,Spatially displaced excitation contributes to the encoding of interrupted motion by the retinal direction-selective circuit,10.5061/dryad.vq83bk3s8,5,5,True,official_file_listing_confirmed,910,6459809695,540,dendrites_cell23_1.tif,47084605,image/tiff,True,copied
dryad_vq83bk3s8,Spatially displaced excitation contributes to the encoding of interrupted motion by the retinal direction-selective circuit,10.5061/dryad.vq83bk3s8,5,5,True,official_file_listing_confirmed,910,6459809695,541,dendrites_cell23_2.tif,35553709,image/tiff,True,copied
dryad_vq83bk3s8,Spatially displaced excitation contributes to the encoding of interrupted motion by the retinal direction-selective circuit,10.5061/dryad.vq83bk3s8,5,5,True,official_file_listing_confirmed,910,6459809695,542,dendrites_cell23_3.tif,41319157,image/tiff,True,copied
dryad_vq83bk3s8,Spatially displaced excitation contributes to the encoding of interrupted motion by the retinal direction-selective circuit,10.5061/dryad.vq83bk3s8,5,5,True,official_file_listing_confirmed,910,6459809695,543,dendrites_cell23_4.tif,47084605,image/tiff,True,copied
dryad_vq83bk3s8,Spatially displaced excitation contributes to the encoding of interrupted motion by the retinal direction-selective circuit,10.5061/dryad.vq83bk3s8,5,5,True,official_file_listing_confirmed,910,6459809695,544,dendrites_cell24_1.tif,36514617,image/tiff,True,copied
dryad_vq83bk3s8,Spatially displaced excitation contributes to the encoding of interrupted motion by the retinal direction-selective circuit,10.5061/dryad.vq83bk3s8,5,5,True,official_file_listing_confirmed,910,6459809695,545,dendrites_cell24_2.tif,39397341,image/tiff,True,copied
dryad_vq83bk3s8,Spatially displaced excitation contributes to the encoding of interrupted motion by the retinal direction-selective circuit,10.5061/dryad.vq83bk3s8,5,5,True,official_file_listing_confirmed,910,6459809695,546,dendrites_cell24_3.tif,39397341,image/tiff,True,copied
dryad_vq83bk3s8,Spatially displaced excitation contributes to the encoding of interrupted motion by the retinal direction-selective circuit,10.5061/dryad.vq83bk3s8,5,5,True,official_file_listing_confirmed,910,6459809695,547,dendrites_cell24_4.tif,39397341,image/tiff,True,copied
dryad_vq83bk3s8,Spatially displaced excitation contributes to the encoding of interrupted motion by the retinal direction-selective circuit,10.5061/dryad.vq83bk3s8,5,5,True,official_file_listing_confirmed,910,6459809695,548,dendrites_cell25_1.tif,59576411,image/tiff,True,copied
dryad_vq83bk3s8,Spatially displaced excitation contributes to the encoding of interrupted motion by the retinal direction-selective circuit,10.5061/dryad.vq83bk3s8,5,5,True,official_file_listing_confirmed,910,6459809695,549,dendrites_cell25_2.tif,62459135,image/tiff,True,copied
dryad_vq83bk3s8,Spatially displaced excitation contributes to the encoding of interrupted motion by the retinal direction-selective circuit,10.5061/dryad.vq83bk3s8,5,5,True,official_file_listing_confirmed,910,6459809695,550,dendrites_cell26_1.tif,50928239,image/tiff,True,copied
dryad_vq83bk3s8,Spatially displaced excitation contributes to the encoding of interrupted motion by the retinal direction-selective circuit,10.5061/dryad.vq83bk3s8,5,5,True,official_file_listing_confirmed,910,6459809695,551,dendrites_cell26_2.tif,52850055,image/tiff,True,copied
dryad_vq83bk3s8,Spatially displaced excitation contributes to the encoding of interrupted motion by the retinal direction-selective circuit,10.5061/dryad.vq83bk3s8,5,5,True,official_file_listing_confirmed,910,6459809695,552,dendrites_cell26_3.tif,48045515,image/tiff,True,copied
dryad_vq83bk3s8,Spatially displaced excitation contributes to the encoding of interrupted motion by the retinal direction-selective circuit,10.5061/dryad.vq83bk3s8,5,5,True,official_file_listing_confirmed,910,6459809695,553,dendrites_cell27_1.tif,34592801,image/tiff,True,copied
dryad_vq83bk3s8,Spatially displaced excitation contributes to the encoding of interrupted motion by the retinal direction-selective circuit,10.5061/dryad.vq83bk3s8,5,5,True,official_file_listing_confirmed,910,6459809695,554,dendrites_cell27_2.tif,39397341,image/tiff,True,copied
dryad_vq83bk3s8,Spatially displaced excitation contributes to the encoding of interrupted motion by the retinal direction-selective circuit,10.5061/dryad.vq83bk3s8,5,5,True,official_file_listing_confirmed,910,6459809695,555,dendrites_cell27_3.tif,35553709,image/tiff,True,copied
dryad_vq83bk3s8,Spatially displaced excitation contributes to the encoding of interrupted motion by the retinal direction-selective circuit,10.5061/dryad.vq83bk3s8,5,5,True,official_file_listing_confirmed,910,6459809695,556,dendrites_cell27_4.tif,31710077,image/tiff,True,copied
dryad_vq83bk3s8,Spatially displaced excitation contributes to the encoding of interrupted motion by the retinal direction-selective circuit,10.5061/dryad.vq83bk3s8,5,5,True,official_file_listing_confirmed,910,6459809695,557,dendrites_cell28_1.tif,39397341,image/tiff,True,copied
dryad_vq83bk3s8,Spatially displaced excitation contributes to the encoding of interrupted motion by the retinal direction-selective circuit,10.5061/dryad.vq83bk3s8,5,5,True,official_file_listing_confirmed,910,6459809695,558,dendrites_cell28_2.tif,41319157,image/tiff,True,copied
dryad_vq83bk3s8,Spatially displaced excitation contributes to the encoding of interrupted motion by the retinal direction-selective circuit,10.5061/dryad.vq83bk3s8,5,5,True,official_file_listing_confirmed,910,6459809695,559,dendrites_cell28_3.tif,29788261,image/tiff,True,copied
dryad_vq83bk3s8,Spatially displaced excitation contributes to the encoding of interrupted motion by the retinal direction-selective circuit,10.5061/dryad.vq83bk3s8,5,5,True,official_file_listing_confirmed,910,6459809695,560,dendrites_cell28_4.tif,31710077,image/tiff,True,copied
dryad_vq83bk3s8,Spatially displaced excitation contributes to the encoding of interrupted motion by the retinal direction-selective circuit,10.5061/dryad.vq83bk3s8,5,5,True,official_file_listing_confirmed,910,6459809695,561,dendrites_cell29_1.tif,30749169,image/tiff,True,copied
dryad_vq83bk3s8,Spatially displaced excitation contributes to the encoding of interrupted motion by the retinal direction-selective circuit,10.5061/dryad.vq83bk3s8,5,5,True,official_file_listing_confirmed,910,6459809695,562,dendrites_cell29_2.tif,49006423,image/tiff,True,copied
dryad_vq83bk3s8,Spatially displaced excitation contributes to the encoding of interrupted motion by the retinal direction-selective circuit,10.5061/dryad.vq83bk3s8,5,5,True,official_file_listing_confirmed,910,6459809695,563,dendrites_cell29_3.tif,39397341,image/tiff,True,copied
dryad_vq83bk3s8,Spatially displaced excitation contributes to the encoding of interrupted motion by the retinal direction-selective circuit,10.5061/dryad.vq83bk3s8,5,5,True,official_file_listing_confirmed,910,6459809695,564,dendrites_cell3_1.tif,47208893,image/tiff,True,copied
dryad_vq83bk3s8,Spatially displaced excitation contributes to the encoding of interrupted motion by the retinal direction-selective circuit,10.5061/dryad.vq83bk3s8,5,5,True,official_file_listing_confirmed,910,6459809695,565,dendrites_cell3_2.tif,40914389,image/tiff,True,copied
dryad_vq83bk3s8,Spatially displaced excitation contributes to the encoding of interrupted motion by the retinal direction-selective circuit,10.5061/dryad.vq83bk3s8,5,5,True,official_file_listing_confirmed,910,6459809695,566,dendrites_cell3_3.tif,45110725,image/tiff,True,copied
dryad_vq83bk3s8,Spatially displaced excitation contributes to the encoding of interrupted motion by the retinal direction-selective circuit,10.5061/dryad.vq83bk3s8,5,5,True,official_file_listing_confirmed,910,6459809695,567,dendrites_cell30_1.tif,49967331,image/tiff,True,copied
dryad_vq83bk3s8,Spatially displaced excitation contributes to the encoding of interrupted motion by the retinal direction-selective circuit,10.5061/dryad.vq83bk3s8,5,5,True,official_file_listing_confirmed,910,6459809695,568,dendrites_cell30_2.tif,53810963,image/tiff,True,copied
dryad_vq83bk3s8,Spatially displaced excitation contributes to the encoding of interrupted motion by the retinal direction-selective circuit,10.5061/dryad.vq83bk3s8,5,5,True,official_file_listing_confirmed,910,6459809695,569,dendrites_cell30_3.tif,44201881,image/tiff,True,copied
dryad_vq83bk3s8,Spatially displaced excitation contributes to the encoding of interrupted motion by the retinal direction-selective circuit,10.5061/dryad.vq83bk3s8,5,5,True,official_file_listing_confirmed,910,6459809695,570,dendrites_cell31_1.tif,35553709,image/tiff,True,copied
dryad_vq83bk3s8,Spatially displaced excitation contributes to the encoding of interrupted motion by the retinal direction-selective circuit,10.5061/dryad.vq83bk3s8,5,5,True,official_file_listing_confirmed,910,6459809695,571,dendrites_cell31_2.tif,31710077,image/tiff,True,copied
dryad_vq83bk3s8,Spatially displaced excitation contributes to the encoding of interrupted motion by the retinal direction-selective circuit,10.5061/dryad.vq83bk3s8,5,5,True,official_file_listing_confirmed,910,6459809695,572,dendrites_cell31_3.tif,33631893,image/tiff,True,copied
dryad_vq83bk3s8,Spatially displaced excitation contributes to the encoding of interrupted motion by the retinal direction-selective circuit,10.5061/dryad.vq83bk3s8,5,5,True,official_file_listing_confirmed,910,6459809695,573,dendrites_cell31_4.tif,34592801,image/tiff,True,copied
dryad_vq83bk3s8,Spatially displaced excitation contributes to the encoding of interrupted motion by the retinal direction-selective circuit,10.5061/dryad.vq83bk3s8,5,5,True,official_file_listing_confirmed,910,6459809695,574,dendrites_cell4_1.tif,30423549,image/tiff,True,copied
dryad_vq83bk3s8,Spatially displaced excitation contributes to the encoding of interrupted motion by the retinal direction-selective circuit,10.5061/dryad.vq83bk3s8,5,5,True,official_file_listing_confirmed,910,6459809695,575,dendrites_cell4_2.tif,29374465,image/tiff,True,copied
dryad_vq83bk3s8,Spatially displaced excitation contributes to the encoding of interrupted motion by the retinal direction-selective circuit,10.5061/dryad.vq83bk3s8,5,5,True,official_file_listing_confirmed,910,6459809695,576,dendrites_cell5_1.tif,41963473,image/tiff,True,copied
dryad_vq83bk3s8,Spatially displaced excitation contributes to the encoding of interrupted motion by the retinal direction-selective circuit,10.5061/dryad.vq83bk3s8,5,5,True,official_file_listing_confirmed,910,6459809695,577,dendrites_cell5_2.tif,47208893,image/tiff,True,copied
dryad_vq83bk3s8,Spatially displaced excitation contributes to the encoding of interrupted motion by the retinal direction-selective circuit,10.5061/dryad.vq83bk3s8,5,5,True,official_file_listing_confirmed,910,6459809695,578,dendrites_cell5_3.tif,45110725,image/tiff,True,copied
dryad_vq83bk3s8,Spatially displaced excitation contributes to the encoding of interrupted motion by the retinal direction-selective circuit,10.5061/dryad.vq83bk3s8,5,5,True,official_file_listing_confirmed,910,6459809695,579,dendrites_cell6_1.tif,36718053,image/tiff,True,copied
dryad_vq83bk3s8,Spatially displaced excitation contributes to the encoding of interrupted motion by the retinal direction-selective circuit,10.5061/dryad.vq83bk3s8,5,5,True,official_file_listing_confirmed,910,6459809695,580,dendrites_cell6_2.tif,37767137,image/tiff,True,copied
dryad_vq83bk3s8,Spatially displaced excitation contributes to the encoding of interrupted motion by the retinal direction-selective circuit,10.5061/dryad.vq83bk3s8,5,5,True,official_file_listing_confirmed,910,6459809695,581,dendrites_cell6_3.tif,37767137,image/tiff,True,copied
dryad_vq83bk3s8,Spatially displaced excitation contributes to the encoding of interrupted motion by the retinal direction-selective circuit,10.5061/dryad.vq83bk3s8,5,5,True,official_file_listing_confirmed,910,6459809695,582,dendrites_cell7_1.tif,40914389,image/tiff,True,copied
dryad_vq83bk3s8,Spatially displaced excitation contributes to the encoding of interrupted motion by the retinal direction-selective circuit,10.5061/dryad.vq83bk3s8,5,5,True,official_file_listing_confirmed,910,6459809695,583,dendrites_cell7_2.tif,39865305,image/tiff,True,copied
dryad_vq83bk3s8,Spatially displaced excitation contributes to the encoding of interrupted motion by the retinal direction-selective circuit,10.5061/dryad.vq83bk3s8,5,5,True,official_file_listing_confirmed,910,6459809695,584,dendrites_cell8_1.tif,41963473,image/tiff,True,copied
dryad_vq83bk3s8,Spatially displaced excitation contributes to the encoding of interrupted motion by the retinal direction-selective circuit,10.5061/dryad.vq83bk3s8,5,5,True,official_file_listing_confirmed,910,6459809695,585,dendrites_cell8_2.tif,48257977,image/tiff,True,copied
dryad_vq83bk3s8,Spatially displaced excitation contributes to the encoding of interrupted motion by the retinal direction-selective circuit,10.5061/dryad.vq83bk3s8,5,5,True,official_file_listing_confirmed,910,6459809695,586,dendrites_cell9_1.tif,30749169,image/tiff,True,copied
dryad_vq83bk3s8,Spatially displaced excitation contributes to the encoding of interrupted motion by the retinal direction-selective circuit,10.5061/dryad.vq83bk3s8,5,5,True,official_file_listing_confirmed,910,6459809695,587,dendrites_cell9_2.tif,31710077,image/tiff,True,copied
dryad_vq83bk3s8,Spatially displaced excitation contributes to the encoding of interrupted motion by the retinal direction-selective circuit,10.5061/dryad.vq83bk3s8,5,5,True,official_file_listing_confirmed,910,6459809695,588,dendrites_cell9_3.tif,30749169,image/tiff,True,copied
dryad_vq83bk3s8,Spatially displaced excitation contributes to the encoding of interrupted motion by the retinal direction-selective circuit,10.5061/dryad.vq83bk3s8,5,5,True,official_file_listing_confirmed,910,6459809695,589,README_Ding_et_al_eLife.xlsx,11820,application/vnd.openxmlformats-officedocument.spreadsheetml.sheet,True,created
dryad_vq83bk3s8,Spatially displaced excitation contributes to the encoding of interrupted motion by the retinal direction-selective circuit,10.5061/dryad.vq83bk3s8,5,5,True,official_file_listing_confirmed,910,6459809695,590,S1_control_spikes_off_cell1.mat,1516,,True,copied
dryad_vq83bk3s8,Spatially displaced excitation contributes to the encoding of interrupted motion by the retinal direction-selective circuit,10.5061/dryad.vq83bk3s8,5,5,True,official_file_listing_confirmed,910,6459809695,591,S1_control_spikes_off_cell10.mat,1195,,True,copied
dryad_vq83bk3s8,Spatially displaced excitation contributes to the encoding of interrupted motion by the retinal direction-selective circuit,10.5061/dryad.vq83bk3s8,5,5,True,official_file_listing_confirmed,910,6459809695,592,S1_control_spikes_off_cell11.mat,1056,,True,copied
dryad_vq83bk3s8,Spatially displaced excitation contributes to the encoding of interrupted motion by the retinal direction-selective circuit,10.5061/dryad.vq83bk3s8,5,5,True,official_file_listing_confirmed,910,6459809695,593,S1_control_spikes_off_cell12.mat,924,,True,copied
dryad_vq83bk3s8,Spatially displaced excitation contributes to the encoding of interrupted motion by the retinal direction-selective circuit,10.5061/dryad.vq83bk3s8,5,5,True,official_file_listing_confirmed,910,6459809695,594,S1_control_spikes_off_cell13.mat,2134,,True,copied
dryad_vq83bk3s8,Spatially displaced excitation contributes to the encoding of interrupted motion by the retinal direction-selective circuit,10.5061/dryad.vq83bk3s8,5,5,True,official_file_listing_confirmed,910,6459809695,595,S1_control_spikes_off_cell14.mat,1089,,True,copied
dryad_vq83bk3s8,Spatially displaced excitation contributes to the encoding of interrupted motion by the retinal direction-selective circuit,10.5061/dryad.vq83bk3s8,5,5,True,official_file_listing_confirmed,910,6459809695,596,S1_control_spikes_off_cell15.mat,1963,,True,copied
dryad_vq83bk3s8,Spatially displaced excitation contributes to the encoding of interrupted motion by the retinal direction-selective circuit,10.5061/dryad.vq83bk3s8,5,5,True,official_file_listing_confirmed,910,6459809695,597,S1_control_spikes_off_cell16.mat,1600,,True,copied
dryad_vq83bk3s8,Spatially displaced excitation contributes to the encoding of interrupted motion by the retinal direction-selective circuit,10.5061/dryad.vq83bk3s8,5,5,True,official_file_listing_confirmed,910,6459809695,598,S1_control_spikes_off_cell17.mat,805,,True,copied
dryad_vq83bk3s8,Spatially displaced excitation contributes to the encoding of interrupted motion by the retinal direction-selective circuit,10.5061/dryad.vq83bk3s8,5,5,True,official_file_listing_confirmed,910,6459809695,599,S1_control_spikes_off_cell18.mat,1435,,True,copied
dryad_vq83bk3s8,Spatially displaced excitation contributes to the encoding of interrupted motion by the retinal direction-selective circuit,10.5061/dryad.vq83bk3s8,5,5,True,official_file_listing_confirmed,910,6459809695,600,S1_control_spikes_off_cell19.mat,770,,True,copied
dryad_vq83bk3s8,Spatially displaced excitation contributes to the encoding of interrupted motion by the retinal direction-selective circuit,10.5061/dryad.vq83bk3s8,5,5,True,official_file_listing_confirmed,910,6459809695,601,S1_control_spikes_off_cell2.mat,1141,,True,copied
dryad_vq83bk3s8,Spatially displaced excitation contributes to the encoding of interrupted motion by the retinal direction-selective circuit,10.5061/dryad.vq83bk3s8,5,5,True,official_file_listing_confirmed,910,6459809695,602,S1_control_spikes_off_cell3.mat,1947,,True,copied
dryad_vq83bk3s8,Spatially displaced excitation contributes to the encoding of interrupted motion by the retinal direction-selective circuit,10.5061/dryad.vq83bk3s8,5,5,True,official_file_listing_confirmed,910,6459809695,603,S1_control_spikes_off_cell4.mat,1258,,True,copied
dryad_vq83bk3s8,Spatially displaced excitation contributes to the encoding of interrupted motion by the retinal direction-selective circuit,10.5061/dryad.vq83bk3s8,5,5,True,official_file_listing_confirmed,910,6459809695,604,S1_control_spikes_off_cell5.mat,952,,True,copied
dryad_vq83bk3s8,Spatially displaced excitation contributes to the encoding of interrupted motion by the retinal direction-selective circuit,10.5061/dryad.vq83bk3s8,5,5,True,official_file_listing_confirmed,910,6459809695,605,S1_control_spikes_off_cell6.mat,2094,,True,copied
dryad_vq83bk3s8,Spatially displaced excitation contributes to the encoding of interrupted motion by the retinal direction-selective circuit,10.5061/dryad.vq83bk3s8,5,5,True,official_file_listing_confirmed,910,6459809695,606,S1_control_spikes_off_cell7.mat,1299,,True,copied
dryad_vq83bk3s8,Spatially displaced excitation contributes to the encoding of interrupted motion by the retinal direction-selective circuit,10.5061/dryad.vq83bk3s8,5,5,True,official_file_listing_confirmed,910,6459809695,607,S1_control_spikes_off_cell8.mat,1450,,True,copied
dryad_vq83bk3s8,Spatially displaced excitation contributes to the encoding of interrupted motion by the retinal direction-selective circuit,10.5061/dryad.vq83bk3s8,5,5,True,official_file_listing_confirmed,910,6459809695,608,S1_control_spikes_off_cell9.mat,1909,,True,copied
dryad_vq83bk3s8,Spatially displaced excitation contributes to the encoding of interrupted motion by the retinal direction-selective circuit,10.5061/dryad.vq83bk3s8,5,5,True,official_file_listing_confirmed,910,6459809695,609,S1_dhbegab_off_spikes_cell1.mat,1083,,True,copied
dryad_vq83bk3s8,Spatially displaced excitation contributes to the encoding of interrupted motion by the retinal direction-selective circuit,10.5061/dryad.vq83bk3s8,5,5,True,official_file_listing_confirmed,910,6459809695,610,S1_dhbegab_off_spikes_cell10.mat,1442,,True,copied
dryad_vq83bk3s8,Spatially displaced excitation contributes to the encoding of interrupted motion by the retinal direction-selective circuit,10.5061/dryad.vq83bk3s8,5,5,True,official_file_listing_confirmed,910,6459809695,611,S1_dhbegab_off_spikes_cell11.mat,1187,,True,copied
dryad_vq83bk3s8,Spatially displaced excitation contributes to the encoding of interrupted motion by the retinal direction-selective circuit,10.5061/dryad.vq83bk3s8,5,5,True,official_file_listing_confirmed,910,6459809695,612,S1_dhbegab_off_spikes_cell12.mat,1997,,True,copied
dryad_vq83bk3s8,Spatially displaced excitation contributes to the encoding of interrupted motion by the retinal direction-selective circuit,10.5061/dryad.vq83bk3s8,5,5,True,official_file_listing_confirmed,910,6459809695,613,S1_dhbegab_off_spikes_cell13.mat,808,,True,copied
dryad_vq83bk3s8,Spatially displaced excitation contributes to the encoding of interrupted motion by the retinal direction-selective circuit,10.5061/dryad.vq83bk3s8,5,5,True,official_file_listing_confirmed,910,6459809695,614,S1_dhbegab_off_spikes_cell14.mat,1045,,True,copied
dryad_vq83bk3s8,Spatially displaced excitation contributes to the encoding of interrupted motion by the retinal direction-selective circuit,10.5061/dryad.vq83bk3s8,5,5,True,official_file_listing_confirmed,910,6459809695,615,S1_dhbegab_off_spikes_cell2.mat,2483,,True,copied
dryad_vq83bk3s8,Spatially displaced excitation contributes to the encoding of interrupted motion by the retinal direction-selective circuit,10.5061/dryad.vq83bk3s8,5,5,True,official_file_listing_confirmed,910,6459809695,616,S1_dhbegab_off_spikes_cell3.mat,1424,,True,copied
dryad_vq83bk3s8,Spatially displaced excitation contributes to the encoding of interrupted motion by the retinal direction-selective circuit,10.5061/dryad.vq83bk3s8,5,5,True,official_file_listing_confirmed,910,6459809695,617,S1_dhbegab_off_spikes_cell4.mat,712,,True,copied
dryad_vq83bk3s8,Spatially displaced excitation contributes to the encoding of interrupted motion by the retinal direction-selective circuit,10.5061/dryad.vq83bk3s8,5,5,True,official_file_listing_confirmed,910,6459809695,618,S1_dhbegab_off_spikes_cell5.mat,2469,,True,copied
dryad_vq83bk3s8,Spatially displaced excitation contributes to the encoding of interrupted motion by the retinal direction-selective circuit,10.5061/dryad.vq83bk3s8,5,5,True,official_file_listing_confirmed,910,6459809695,619,S1_dhbegab_off_spikes_cell6.mat,2332,,True,copied
dryad_vq83bk3s8,Spatially displaced excitation contributes to the encoding of interrupted motion by the retinal direction-selective circuit,10.5061/dryad.vq83bk3s8,5,5,True,official_file_listing_confirmed,910,6459809695,620,S1_dhbegab_off_spikes_cell7.mat,1951,,True,copied
dryad_vq83bk3s8,Spatially displaced excitation contributes to the encoding of interrupted motion by the retinal direction-selective circuit,10.5061/dryad.vq83bk3s8,5,5,True,official_file_listing_confirmed,910,6459809695,621,S1_dhbegab_off_spikes_cell8.mat,1417,,True,copied
dryad_vq83bk3s8,Spatially displaced excitation contributes to the encoding of interrupted motion by the retinal direction-selective circuit,10.5061/dryad.vq83bk3s8,5,5,True,official_file_listing_confirmed,910,6459809695,622,S1_dhbegab_off_spikes_cell9.mat,2635,,True,copied
dryad_vq83bk3s8,Spatially displaced excitation contributes to the encoding of interrupted motion by the retinal direction-selective circuit,10.5061/dryad.vq83bk3s8,5,5,True,official_file_listing_confirmed,910,6459809695,623,S1H_cell1_stim.txt,17424,text/plain,True,copied
dryad_vq83bk3s8,Spatially displaced excitation contributes to the encoding of interrupted motion by the retinal direction-selective circuit,10.5061/dryad.vq83bk3s8,5,5,True,official_file_listing_confirmed,910,6459809695,624,S1H_cell1.abf,27113984,,True,copied
dryad_vq83bk3s8,Spatially displaced excitation contributes to the encoding of interrupted motion by the retinal direction-selective circuit,10.5061/dryad.vq83bk3s8,5,5,True,official_file_listing_confirmed,910,6459809695,625,S1H_cell10_stim.txt,13068,text/plain,True,copied
dryad_vq83bk3s8,Spatially displaced excitation contributes to the encoding of interrupted motion by the retinal direction-selective circuit,10.5061/dryad.vq83bk3s8,5,5,True,official_file_listing_confirmed,910,6459809695,626,S1H_cell10.abf,20337152,,True,copied
dryad_vq83bk3s8,Spatially displaced excitation contributes to the encoding of interrupted motion by the retinal direction-selective circuit,10.5061/dryad.vq83bk3s8,5,5,True,official_file_listing_confirmed,910,6459809695,627,S1H_cell11_stim.txt,13068,text/plain,True,copied
dryad_vq83bk3s8,Spatially displaced excitation contributes to the encoding of interrupted motion by the retinal direction-selective circuit,10.5061/dryad.vq83bk3s8,5,5,True,official_file_listing_confirmed,910,6459809695,628,S1H_cell11.abf,20337152,,True,copied
dryad_vq83bk3s8,Spatially displaced excitation contributes to the encoding of interrupted motion by the retinal direction-selective circuit,10.5061/dryad.vq83bk3s8,5,5,True,official_file_listing_confirmed,910,6459809695,629,S1H_cell12_stim.txt,13068,text/plain,True,copied
dryad_vq83bk3s8,Spatially displaced excitation contributes to the encoding of interrupted motion by the retinal direction-selective circuit,10.5061/dryad.vq83bk3s8,5,5,True,official_file_listing_confirmed,910,6459809695,630,S1H_cell12.abf,20337152,,True,copied
dryad_vq83bk3s8,Spatially displaced excitation contributes to the encoding of interrupted motion by the retinal direction-selective circuit,10.5061/dryad.vq83bk3s8,5,5,True,official_file_listing_confirmed,910,6459809695,631,S1H_cell13_stim.txt,8712,text/plain,True,copied
dryad_vq83bk3s8,Spatially displaced excitation contributes to the encoding of interrupted motion by the retinal direction-selective circuit,10.5061/dryad.vq83bk3s8,5,5,True,official_file_listing_confirmed,910,6459809695,632,S1H_cell13.abf,13559808,,True,copied
dryad_vq83bk3s8,Spatially displaced excitation contributes to the encoding of interrupted motion by the retinal direction-selective circuit,10.5061/dryad.vq83bk3s8,5,5,True,official_file_listing_confirmed,910,6459809695,633,S1H_cell2_stim.txt,13068,text/plain,True,copied
dryad_vq83bk3s8,Spatially displaced excitation contributes to the encoding of interrupted motion by the retinal direction-selective circuit,10.5061/dryad.vq83bk3s8,5,5,True,official_file_listing_confirmed,910,6459809695,634,S1H_cell2.abf,20337152,,True,copied
dryad_vq83bk3s8,Spatially displaced excitation contributes to the encoding of interrupted motion by the retinal direction-selective circuit,10.5061/dryad.vq83bk3s8,5,5,True,official_file_listing_confirmed,910,6459809695,635,S1H_cell3_stim.txt,13068,text/plain,True,copied
dryad_vq83bk3s8,Spatially displaced excitation contributes to the encoding of interrupted motion by the retinal direction-selective circuit,10.5061/dryad.vq83bk3s8,5,5,True,official_file_listing_confirmed,910,6459809695,636,S1H_cell3.abf,20337152,,True,copied
dryad_vq83bk3s8,Spatially displaced excitation contributes to the encoding of interrupted motion by the retinal direction-selective circuit,10.5061/dryad.vq83bk3s8,5,5,True,official_file_listing_confirmed,910,6459809695,637,S1H_cell4_stim.txt,13068,text/plain,True,copied
dryad_vq83bk3s8,Spatially displaced excitation contributes to the encoding of interrupted motion by the retinal direction-selective circuit,10.5061/dryad.vq83bk3s8,5,5,True,official_file_listing_confirmed,910,6459809695,638,S1H_cell4.abf,20337152,,True,copied
dryad_vq83bk3s8,Spatially displaced excitation contributes to the encoding of interrupted motion by the retinal direction-selective circuit,10.5061/dryad.vq83bk3s8,5,5,True,official_file_listing_confirmed,910,6459809695,639,S1H_cell5_stim.txt,8710,text/plain,True,copied
dryad_vq83bk3s8,Spatially displaced excitation contributes to the encoding of interrupted motion by the retinal direction-selective circuit,10.5061/dryad.vq83bk3s8,5,5,True,official_file_listing_confirmed,910,6459809695,640,S1H_cell5.abf,13559808,,True,copied
dryad_vq83bk3s8,Spatially displaced excitation contributes to the encoding of interrupted motion by the retinal direction-selective circuit,10.5061/dryad.vq83bk3s8,5,5,True,official_file_listing_confirmed,910,6459809695,641,S1H_cell6_stim.txt,13066,text/plain,True,copied
dryad_vq83bk3s8,Spatially displaced excitation contributes to the encoding of interrupted motion by the retinal direction-selective circuit,10.5061/dryad.vq83bk3s8,5,5,True,official_file_listing_confirmed,910,6459809695,642,S1H_cell6.abf,20337152,,True,copied
dryad_vq83bk3s8,Spatially displaced excitation contributes to the encoding of interrupted motion by the retinal direction-selective circuit,10.5061/dryad.vq83bk3s8,5,5,True,official_file_listing_confirmed,910,6459809695,643,S1H_cell7_stim.txt,13068,text/plain,True,copied
dryad_vq83bk3s8,Spatially displaced excitation contributes to the encoding of interrupted motion by the retinal direction-selective circuit,10.5061/dryad.vq83bk3s8,5,5,True,official_file_listing_confirmed,910,6459809695,644,S1H_cell7.abf,20337152,,True,copied
dryad_vq83bk3s8,Spatially displaced excitation contributes to the encoding of interrupted motion by the retinal direction-selective circuit,10.5061/dryad.vq83bk3s8,5,5,True,official_file_listing_confirmed,910,6459809695,645,S1H_cell8_stim.txt,13068,text/plain,True,copied
dryad_vq83bk3s8,Spatially displaced excitation contributes to the encoding of interrupted motion by the retinal direction-selective circuit,10.5061/dryad.vq83bk3s8,5,5,True,official_file_listing_confirmed,910,6459809695,646,S1H_cell8.abf,20337152,,True,copied
dryad_vq83bk3s8,Spatially displaced excitation contributes to the encoding of interrupted motion by the retinal direction-selective circuit,10.5061/dryad.vq83bk3s8,5,5,True,official_file_listing_confirmed,910,6459809695,647,S1H_cell9_stim.txt,13068,text/plain,True,copied
dryad_vq83bk3s8,Spatially displaced excitation contributes to the encoding of interrupted motion by the retinal direction-selective circuit,10.5061/dryad.vq83bk3s8,5,5,True,official_file_listing_confirmed,910,6459809695,648,S1H_cell9.abf,20337152,,True,copied
dryad_vq83bk3s8,Spatially displaced excitation contributes to the encoding of interrupted motion by the retinal direction-selective circuit,10.5061/dryad.vq83bk3s8,5,5,True,official_file_listing_confirmed,910,6459809695,649,S5B_dhbegab_cell1.mat,1350,,True,copied
dryad_vq83bk3s8,Spatially displaced excitation contributes to the encoding of interrupted motion by the retinal direction-selective circuit,10.5061/dryad.vq83bk3s8,5,5,True,official_file_listing_confirmed,910,6459809695,650,S5B_dhbegab_cell10.mat,2525,,True,copied
dryad_vq83bk3s8,Spatially displaced excitation contributes to the encoding of interrupted motion by the retinal direction-selective circuit,10.5061/dryad.vq83bk3s8,5,5,True,official_file_listing_confirmed,910,6459809695,651,S5B_dhbegab_cell11.mat,1247,,True,copied
dryad_vq83bk3s8,Spatially displaced excitation contributes to the encoding of interrupted motion by the retinal direction-selective circuit,10.5061/dryad.vq83bk3s8,5,5,True,official_file_listing_confirmed,910,6459809695,652,S5B_dhbegab_cell12.mat,1409,,True,copied
dryad_vq83bk3s8,Spatially displaced excitation contributes to the encoding of interrupted motion by the retinal direction-selective circuit,10.5061/dryad.vq83bk3s8,5,5,True,official_file_listing_confirmed,910,6459809695,653,S5B_dhbegab_cell13.mat,1739,,True,copied
dryad_vq83bk3s8,Spatially displaced excitation contributes to the encoding of interrupted motion by the retinal direction-selective circuit,10.5061/dryad.vq83bk3s8,5,5,True,official_file_listing_confirmed,910,6459809695,654,S5B_dhbegab_cell14.mat,2072,,True,copied
dryad_vq83bk3s8,Spatially displaced excitation contributes to the encoding of interrupted motion by the retinal direction-selective circuit,10.5061/dryad.vq83bk3s8,5,5,True,official_file_listing_confirmed,910,6459809695,655,S5B_dhbegab_cell2.mat,3757,,True,copied
dryad_vq83bk3s8,Spatially displaced excitation contributes to the encoding of interrupted motion by the retinal direction-selective circuit,10.5061/dryad.vq83bk3s8,5,5,True,official_file_listing_confirmed,910,6459809695,656,S5B_dhbegab_cell3.mat,2876,,True,copied
dryad_vq83bk3s8,Spatially displaced excitation contributes to the encoding of interrupted motion by the retinal direction-selective circuit,10.5061/dryad.vq83bk3s8,5,5,True,official_file_listing_confirmed,910,6459809695,657,S5B_dhbegab_cell4.mat,1794,,True,copied
dryad_vq83bk3s8,Spatially displaced excitation contributes to the encoding of interrupted motion by the retinal direction-selective circuit,10.5061/dryad.vq83bk3s8,5,5,True,official_file_listing_confirmed,910,6459809695,658,S5B_dhbegab_cell5.mat,2694,,True,copied
dryad_vq83bk3s8,Spatially displaced excitation contributes to the encoding of interrupted motion by the retinal direction-selective circuit,10.5061/dryad.vq83bk3s8,5,5,True,official_file_listing_confirmed,910,6459809695,659,S5B_dhbegab_cell6.mat,2171,,True,copied
dryad_vq83bk3s8,Spatially displaced excitation contributes to the encoding of interrupted motion by the retinal direction-selective circuit,10.5061/dryad.vq83bk3s8,5,5,True,official_file_listing_confirmed,910,6459809695,660,S5B_dhbegab_cell7.mat,4183,,True,copied
dryad_vq83bk3s8,Spatially displaced excitation contributes to the encoding of interrupted motion by the retinal direction-selective circuit,10.5061/dryad.vq83bk3s8,5,5,True,official_file_listing_confirmed,910,6459809695,661,S5B_dhbegab_cell8.mat,1214,,True,copied
dryad_vq83bk3s8,Spatially displaced excitation contributes to the encoding of interrupted motion by the retinal direction-selective circuit,10.5061/dryad.vq83bk3s8,5,5,True,official_file_listing_confirmed,910,6459809695,662,S5B_dhbegab_cell9.mat,2051,,True,copied
dryad_vq83bk3s8,Spatially displaced excitation contributes to the encoding of interrupted motion by the retinal direction-selective circuit,10.5061/dryad.vq83bk3s8,5,5,True,official_file_listing_confirmed,910,6459809695,663,S5B_ff_cell1.mat,5219,,True,copied
dryad_vq83bk3s8,Spatially displaced excitation contributes to the encoding of interrupted motion by the retinal direction-selective circuit,10.5061/dryad.vq83bk3s8,5,5,True,official_file_listing_confirmed,910,6459809695,664,S5B_ff_cell10.mat,4422,,True,copied
dryad_vq83bk3s8,Spatially displaced excitation contributes to the encoding of interrupted motion by the retinal direction-selective circuit,10.5061/dryad.vq83bk3s8,5,5,True,official_file_listing_confirmed,910,6459809695,665,S5B_ff_cell11.mat,1997,,True,copied
dryad_vq83bk3s8,Spatially displaced excitation contributes to the encoding of interrupted motion by the retinal direction-selective circuit,10.5061/dryad.vq83bk3s8,5,5,True,official_file_listing_confirmed,910,6459809695,666,S5B_ff_cell12.mat,3028,,True,copied
dryad_vq83bk3s8,Spatially displaced excitation contributes to the encoding of interrupted motion by the retinal direction-selective circuit,10.5061/dryad.vq83bk3s8,5,5,True,official_file_listing_confirmed,910,6459809695,667,S5B_ff_cell13.mat,2827,,True,copied
dryad_vq83bk3s8,Spatially displaced excitation contributes to the encoding of interrupted motion by the retinal direction-selective circuit,10.5061/dryad.vq83bk3s8,5,5,True,official_file_listing_confirmed,910,6459809695,668,S5B_ff_cell14.mat,5489,,True,copied
dryad_vq83bk3s8,Spatially displaced excitation contributes to the encoding of interrupted motion by the retinal direction-selective circuit,10.5061/dryad.vq83bk3s8,5,5,True,official_file_listing_confirmed,910,6459809695,669,S5B_ff_cell15.mat,4012,,True,copied
dryad_vq83bk3s8,Spatially displaced excitation contributes to the encoding of interrupted motion by the retinal direction-selective circuit,10.5061/dryad.vq83bk3s8,5,5,True,official_file_listing_confirmed,910,6459809695,670,S5B_ff_cell16.mat,6602,,True,copied
dryad_vq83bk3s8,Spatially displaced excitation contributes to the encoding of interrupted motion by the retinal direction-selective circuit,10.5061/dryad.vq83bk3s8,5,5,True,official_file_listing_confirmed,910,6459809695,671,S5B_ff_cell17.mat,2199,,True,copied
dryad_vq83bk3s8,Spatially displaced excitation contributes to the encoding of interrupted motion by the retinal direction-selective circuit,10.5061/dryad.vq83bk3s8,5,5,True,official_file_listing_confirmed,910,6459809695,672,S5B_ff_cell18.mat,2287,,True,copied
dryad_vq83bk3s8,Spatially displaced excitation contributes to the encoding of interrupted motion by the retinal direction-selective circuit,10.5061/dryad.vq83bk3s8,5,5,True,official_file_listing_confirmed,910,6459809695,673,S5B_ff_cell19.mat,4591,,True,copied
dryad_vq83bk3s8,Spatially displaced excitation contributes to the encoding of interrupted motion by the retinal direction-selective circuit,10.5061/dryad.vq83bk3s8,5,5,True,official_file_listing_confirmed,910,6459809695,674,S5B_ff_cell2.mat,5002,,True,copied
dryad_vq83bk3s8,Spatially displaced excitation contributes to the encoding of interrupted motion by the retinal direction-selective circuit,10.5061/dryad.vq83bk3s8,5,5,True,official_file_listing_confirmed,910,6459809695,675,S5B_ff_cell20.mat,4136,,True,copied
dryad_vq83bk3s8,Spatially displaced excitation contributes to the encoding of interrupted motion by the retinal direction-selective circuit,10.5061/dryad.vq83bk3s8,5,5,True,official_file_listing_confirmed,910,6459809695,676,S5B_ff_cell21.mat,4216,,True,copied
dryad_vq83bk3s8,Spatially displaced excitation contributes to the encoding of interrupted motion by the retinal direction-selective circuit,10.5061/dryad.vq83bk3s8,5,5,True,official_file_listing_confirmed,910,6459809695,677,S5B_ff_cell22.mat,1978,,True,copied
dryad_vq83bk3s8,Spatially displaced excitation contributes to the encoding of interrupted motion by the retinal direction-selective circuit,10.5061/dryad.vq83bk3s8,5,5,True,official_file_listing_confirmed,910,6459809695,678,S5B_ff_cell23.mat,3121,,True,copied
dryad_vq83bk3s8,Spatially displaced excitation contributes to the encoding of interrupted motion by the retinal direction-selective circuit,10.5061/dryad.vq83bk3s8,5,5,True,official_file_listing_confirmed,910,6459809695,679,S5B_ff_cell24.mat,4217,,True,copied
dryad_vq83bk3s8,Spatially displaced excitation contributes to the encoding of interrupted motion by the retinal direction-selective circuit,10.5061/dryad.vq83bk3s8,5,5,True,official_file_listing_confirmed,910,6459809695,680,S5B_ff_cell25.mat,3241,,True,copied
dryad_vq83bk3s8,Spatially displaced excitation contributes to the encoding of interrupted motion by the retinal direction-selective circuit,10.5061/dryad.vq83bk3s8,5,5,True,official_file_listing_confirmed,910,6459809695,681,S5B_ff_cell26.mat,2838,,True,copied
dryad_vq83bk3s8,Spatially displaced excitation contributes to the encoding of interrupted motion by the retinal direction-selective circuit,10.5061/dryad.vq83bk3s8,5,5,True,official_file_listing_confirmed,910,6459809695,682,S5B_ff_cell27.mat,2873,,True,copied
dryad_vq83bk3s8,Spatially displaced excitation contributes to the encoding of interrupted motion by the retinal direction-selective circuit,10.5061/dryad.vq83bk3s8,5,5,True,official_file_listing_confirmed,910,6459809695,683,S5B_ff_cell28.mat,2127,,True,copied
dryad_vq83bk3s8,Spatially displaced excitation contributes to the encoding of interrupted motion by the retinal direction-selective circuit,10.5061/dryad.vq83bk3s8,5,5,True,official_file_listing_confirmed,910,6459809695,684,S5B_ff_cell29.mat,4101,,True,copied
dryad_vq83bk3s8,Spatially displaced excitation contributes to the encoding of interrupted motion by the retinal direction-selective circuit,10.5061/dryad.vq83bk3s8,5,5,True,official_file_listing_confirmed,910,6459809695,685,S5B_ff_cell3.mat,2213,,True,copied
dryad_vq83bk3s8,Spatially displaced excitation contributes to the encoding of interrupted motion by the retinal direction-selective circuit,10.5061/dryad.vq83bk3s8,5,5,True,official_file_listing_confirmed,910,6459809695,686,S5B_ff_cell30.mat,2845,,True,copied
dryad_vq83bk3s8,Spatially displaced excitation contributes to the encoding of interrupted motion by the retinal direction-selective circuit,10.5061/dryad.vq83bk3s8,5,5,True,official_file_listing_confirmed,910,6459809695,687,S5B_ff_cell31.mat,3401,,True,copied
dryad_vq83bk3s8,Spatially displaced excitation contributes to the encoding of interrupted motion by the retinal direction-selective circuit,10.5061/dryad.vq83bk3s8,5,5,True,official_file_listing_confirmed,910,6459809695,688,S5B_ff_cell32.mat,4170,,True,copied
dryad_vq83bk3s8,Spatially displaced excitation contributes to the encoding of interrupted motion by the retinal direction-selective circuit,10.5061/dryad.vq83bk3s8,5,5,True,official_file_listing_confirmed,910,6459809695,689,S5B_ff_cell33.mat,2723,,True,copied
dryad_vq83bk3s8,Spatially displaced excitation contributes to the encoding of interrupted motion by the retinal direction-selective circuit,10.5061/dryad.vq83bk3s8,5,5,True,official_file_listing_confirmed,910,6459809695,690,S5B_ff_cell34.mat,6547,,True,copied
dryad_vq83bk3s8,Spatially displaced excitation contributes to the encoding of interrupted motion by the retinal direction-selective circuit,10.5061/dryad.vq83bk3s8,5,5,True,official_file_listing_confirmed,910,6459809695,691,S5B_ff_cell35.mat,3608,,True,copied
dryad_vq83bk3s8,Spatially displaced excitation contributes to the encoding of interrupted motion by the retinal direction-selective circuit,10.5061/dryad.vq83bk3s8,5,5,True,official_file_listing_confirmed,910,6459809695,692,S5B_ff_cell36.mat,4216,,True,copied
dryad_vq83bk3s8,Spatially displaced excitation contributes to the encoding of interrupted motion by the retinal direction-selective circuit,10.5061/dryad.vq83bk3s8,5,5,True,official_file_listing_confirmed,910,6459809695,693,S5B_ff_cell37.mat,3607,,True,copied
dryad_vq83bk3s8,Spatially displaced excitation contributes to the encoding of interrupted motion by the retinal direction-selective circuit,10.5061/dryad.vq83bk3s8,5,5,True,official_file_listing_confirmed,910,6459809695,694,S5B_ff_cell38.mat,4212,,True,copied
dryad_vq83bk3s8,Spatially displaced excitation contributes to the encoding of interrupted motion by the retinal direction-selective circuit,10.5061/dryad.vq83bk3s8,5,5,True,official_file_listing_confirmed,910,6459809695,695,S5B_ff_cell39.mat,5932,,True,copied
dryad_vq83bk3s8,Spatially displaced excitation contributes to the encoding of interrupted motion by the retinal direction-selective circuit,10.5061/dryad.vq83bk3s8,5,5,True,official_file_listing_confirmed,910,6459809695,696,S5B_ff_cell4.mat,4226,,True,copied
dryad_vq83bk3s8,Spatially displaced excitation contributes to the encoding of interrupted motion by the retinal direction-selective circuit,10.5061/dryad.vq83bk3s8,5,5,True,official_file_listing_confirmed,910,6459809695,697,S5B_ff_cell5.mat,3200,,True,copied
dryad_vq83bk3s8,Spatially displaced excitation contributes to the encoding of interrupted motion by the retinal direction-selective circuit,10.5061/dryad.vq83bk3s8,5,5,True,official_file_listing_confirmed,910,6459809695,698,S5B_ff_cell6.mat,2134,,True,copied
dryad_vq83bk3s8,Spatially displaced excitation contributes to the encoding of interrupted motion by the retinal direction-selective circuit,10.5061/dryad.vq83bk3s8,5,5,True,official_file_listing_confirmed,910,6459809695,699,S5B_ff_cell7.mat,2854,,True,copied
dryad_vq83bk3s8,Spatially displaced excitation contributes to the encoding of interrupted motion by the retinal direction-selective circuit,10.5061/dryad.vq83bk3s8,5,5,True,official_file_listing_confirmed,910,6459809695,700,S5B_ff_cell8.mat,4534,,True,copied
dryad_vq83bk3s8,Spatially displaced excitation contributes to the encoding of interrupted motion by the retinal direction-selective circuit,10.5061/dryad.vq83bk3s8,5,5,True,official_file_listing_confirmed,910,6459809695,701,S5B_ff_cell9.mat,3435,,True,copied
dryad_vq83bk3s8,Spatially displaced excitation contributes to the encoding of interrupted motion by the retinal direction-selective circuit,10.5061/dryad.vq83bk3s8,5,5,True,official_file_listing_confirmed,910,6459809695,702,S5B_occ_cell1.mat,2424,,True,copied
dryad_vq83bk3s8,Spatially displaced excitation contributes to the encoding of interrupted motion by the retinal direction-selective circuit,10.5061/dryad.vq83bk3s8,5,5,True,official_file_listing_confirmed,910,6459809695,703,S5B_occ_cell10.mat,3267,,True,copied
dryad_vq83bk3s8,Spatially displaced excitation contributes to the encoding of interrupted motion by the retinal direction-selective circuit,10.5061/dryad.vq83bk3s8,5,5,True,official_file_listing_confirmed,910,6459809695,704,S5B_occ_cell11.mat,2325,,True,copied
dryad_vq83bk3s8,Spatially displaced excitation contributes to the encoding of interrupted motion by the retinal direction-selective circuit,10.5061/dryad.vq83bk3s8,5,5,True,official_file_listing_confirmed,910,6459809695,705,S5B_occ_cell12.mat,1523,,True,copied
dryad_vq83bk3s8,Spatially displaced excitation contributes to the encoding of interrupted motion by the retinal direction-selective circuit,10.5061/dryad.vq83bk3s8,5,5,True,official_file_listing_confirmed,910,6459809695,706,S5B_occ_cell13.mat,1586,,True,copied
dryad_vq83bk3s8,Spatially displaced excitation contributes to the encoding of interrupted motion by the retinal direction-selective circuit,10.5061/dryad.vq83bk3s8,5,5,True,official_file_listing_confirmed,910,6459809695,707,S5B_occ_cell14.mat,2762,,True,copied
dryad_vq83bk3s8,Spatially displaced excitation contributes to the encoding of interrupted motion by the retinal direction-selective circuit,10.5061/dryad.vq83bk3s8,5,5,True,official_file_listing_confirmed,910,6459809695,708,S5B_occ_cell15.mat,2277,,True,copied
dryad_vq83bk3s8,Spatially displaced excitation contributes to the encoding of interrupted motion by the retinal direction-selective circuit,10.5061/dryad.vq83bk3s8,5,5,True,official_file_listing_confirmed,910,6459809695,709,S5B_occ_cell16.mat,2663,,True,copied
dryad_vq83bk3s8,Spatially displaced excitation contributes to the encoding of interrupted motion by the retinal direction-selective circuit,10.5061/dryad.vq83bk3s8,5,5,True,official_file_listing_confirmed,910,6459809695,710,S5B_occ_cell17.mat,1263,,True,copied
dryad_vq83bk3s8,Spatially displaced excitation contributes to the encoding of interrupted motion by the retinal direction-selective circuit,10.5061/dryad.vq83bk3s8,5,5,True,official_file_listing_confirmed,910,6459809695,711,S5B_occ_cell18.mat,1584,,True,copied
dryad_vq83bk3s8,Spatially displaced excitation contributes to the encoding of interrupted motion by the retinal direction-selective circuit,10.5061/dryad.vq83bk3s8,5,5,True,official_file_listing_confirmed,910,6459809695,712,S5B_occ_cell19.mat,3166,,True,copied
dryad_vq83bk3s8,Spatially displaced excitation contributes to the encoding of interrupted motion by the retinal direction-selective circuit,10.5061/dryad.vq83bk3s8,5,5,True,official_file_listing_confirmed,910,6459809695,713,S5B_occ_cell2.mat,5645,,True,copied
dryad_vq83bk3s8,Spatially displaced excitation contributes to the encoding of interrupted motion by the retinal direction-selective circuit,10.5061/dryad.vq83bk3s8,5,5,True,official_file_listing_confirmed,910,6459809695,714,S5B_occ_cell20.mat,2914,,True,copied
dryad_vq83bk3s8,Spatially displaced excitation contributes to the encoding of interrupted motion by the retinal direction-selective circuit,10.5061/dryad.vq83bk3s8,5,5,True,official_file_listing_confirmed,910,6459809695,715,S5B_occ_cell21.mat,3898,,True,copied
dryad_vq83bk3s8,Spatially displaced excitation contributes to the encoding of interrupted motion by the retinal direction-selective circuit,10.5061/dryad.vq83bk3s8,5,5,True,official_file_listing_confirmed,910,6459809695,716,S5B_occ_cell22.mat,1009,,True,copied
dryad_vq83bk3s8,Spatially displaced excitation contributes to the encoding of interrupted motion by the retinal direction-selective circuit,10.5061/dryad.vq83bk3s8,5,5,True,official_file_listing_confirmed,910,6459809695,717,S5B_occ_cell23.mat,2486,,True,copied
dryad_vq83bk3s8,Spatially displaced excitation contributes to the encoding of interrupted motion by the retinal direction-selective circuit,10.5061/dryad.vq83bk3s8,5,5,True,official_file_listing_confirmed,910,6459809695,718,S5B_occ_cell24.mat,1185,,True,copied
dryad_vq83bk3s8,Spatially displaced excitation contributes to the encoding of interrupted motion by the retinal direction-selective circuit,10.5061/dryad.vq83bk3s8,5,5,True,official_file_listing_confirmed,910,6459809695,719,S5B_occ_cell25.mat,2092,,True,copied
dryad_vq83bk3s8,Spatially displaced excitation contributes to the encoding of interrupted motion by the retinal direction-selective circuit,10.5061/dryad.vq83bk3s8,5,5,True,official_file_listing_confirmed,910,6459809695,720,S5B_occ_cell26.mat,2221,,True,copied
dryad_vq83bk3s8,Spatially displaced excitation contributes to the encoding of interrupted motion by the retinal direction-selective circuit,10.5061/dryad.vq83bk3s8,5,5,True,official_file_listing_confirmed,910,6459809695,721,S5B_occ_cell27.mat,2535,,True,copied
dryad_vq83bk3s8,Spatially displaced excitation contributes to the encoding of interrupted motion by the retinal direction-selective circuit,10.5061/dryad.vq83bk3s8,5,5,True,official_file_listing_confirmed,910,6459809695,722,S5B_occ_cell28.mat,1813,,True,copied
dryad_vq83bk3s8,Spatially displaced excitation contributes to the encoding of interrupted motion by the retinal direction-selective circuit,10.5061/dryad.vq83bk3s8,5,5,True,official_file_listing_confirmed,910,6459809695,723,S5B_occ_cell29.mat,2727,,True,copied
dryad_vq83bk3s8,Spatially displaced excitation contributes to the encoding of interrupted motion by the retinal direction-selective circuit,10.5061/dryad.vq83bk3s8,5,5,True,official_file_listing_confirmed,910,6459809695,724,S5B_occ_cell3.mat,3337,,True,copied
dryad_vq83bk3s8,Spatially displaced excitation contributes to the encoding of interrupted motion by the retinal direction-selective circuit,10.5061/dryad.vq83bk3s8,5,5,True,official_file_listing_confirmed,910,6459809695,725,S5B_occ_cell30.mat,1369,,True,copied
dryad_vq83bk3s8,Spatially displaced excitation contributes to the encoding of interrupted motion by the retinal direction-selective circuit,10.5061/dryad.vq83bk3s8,5,5,True,official_file_listing_confirmed,910,6459809695,726,S5B_occ_cell31.mat,2272,,True,copied
dryad_vq83bk3s8,Spatially displaced excitation contributes to the encoding of interrupted motion by the retinal direction-selective circuit,10.5061/dryad.vq83bk3s8,5,5,True,official_file_listing_confirmed,910,6459809695,727,S5B_occ_cell32.mat,3121,,True,copied
dryad_vq83bk3s8,Spatially displaced excitation contributes to the encoding of interrupted motion by the retinal direction-selective circuit,10.5061/dryad.vq83bk3s8,5,5,True,official_file_listing_confirmed,910,6459809695,728,S5B_occ_cell33.mat,3150,,True,copied
dryad_vq83bk3s8,Spatially displaced excitation contributes to the encoding of interrupted motion by the retinal direction-selective circuit,10.5061/dryad.vq83bk3s8,5,5,True,official_file_listing_confirmed,910,6459809695,729,S5B_occ_cell34.mat,4420,,True,copied
dryad_vq83bk3s8,Spatially displaced excitation contributes to the encoding of interrupted motion by the retinal direction-selective circuit,10.5061/dryad.vq83bk3s8,5,5,True,official_file_listing_confirmed,910,6459809695,730,S5B_occ_cell35.mat,1341,,True,copied
dryad_vq83bk3s8,Spatially displaced excitation contributes to the encoding of interrupted motion by the retinal direction-selective circuit,10.5061/dryad.vq83bk3s8,5,5,True,official_file_listing_confirmed,910,6459809695,731,S5B_occ_cell36.mat,4891,,True,copied
dryad_vq83bk3s8,Spatially displaced excitation contributes to the encoding of interrupted motion by the retinal direction-selective circuit,10.5061/dryad.vq83bk3s8,5,5,True,official_file_listing_confirmed,910,6459809695,732,S5B_occ_cell37.mat,1578,,True,copied
dryad_vq83bk3s8,Spatially displaced excitation contributes to the encoding of interrupted motion by the retinal direction-selective circuit,10.5061/dryad.vq83bk3s8,5,5,True,official_file_listing_confirmed,910,6459809695,733,S5B_occ_cell38.mat,3707,,True,copied
dryad_vq83bk3s8,Spatially displaced excitation contributes to the encoding of interrupted motion by the retinal direction-selective circuit,10.5061/dryad.vq83bk3s8,5,5,True,official_file_listing_confirmed,910,6459809695,734,S5B_occ_cell39.mat,2660,,True,copied
dryad_vq83bk3s8,Spatially displaced excitation contributes to the encoding of interrupted motion by the retinal direction-selective circuit,10.5061/dryad.vq83bk3s8,5,5,True,official_file_listing_confirmed,910,6459809695,735,S5B_occ_cell4.mat,1445,,True,copied
dryad_vq83bk3s8,Spatially displaced excitation contributes to the encoding of interrupted motion by the retinal direction-selective circuit,10.5061/dryad.vq83bk3s8,5,5,True,official_file_listing_confirmed,910,6459809695,736,S5B_occ_cell5.mat,1248,,True,copied
dryad_vq83bk3s8,Spatially displaced excitation contributes to the encoding of interrupted motion by the retinal direction-selective circuit,10.5061/dryad.vq83bk3s8,5,5,True,official_file_listing_confirmed,910,6459809695,737,S5B_occ_cell6.mat,2087,,True,copied
dryad_vq83bk3s8,Spatially displaced excitation contributes to the encoding of interrupted motion by the retinal direction-selective circuit,10.5061/dryad.vq83bk3s8,5,5,True,official_file_listing_confirmed,910,6459809695,738,S5B_occ_cell7.mat,1506,,True,copied
dryad_vq83bk3s8,Spatially displaced excitation contributes to the encoding of interrupted motion by the retinal direction-selective circuit,10.5061/dryad.vq83bk3s8,5,5,True,official_file_listing_confirmed,910,6459809695,739,S5B_occ_cell8.mat,2714,,True,copied
dryad_vq83bk3s8,Spatially displaced excitation contributes to the encoding of interrupted motion by the retinal direction-selective circuit,10.5061/dryad.vq83bk3s8,5,5,True,official_file_listing_confirmed,910,6459809695,740,S5B_occ_cell9.mat,1462,,True,copied
dryad_vq83bk3s8,Spatially displaced excitation contributes to the encoding of interrupted motion by the retinal direction-selective circuit,10.5061/dryad.vq83bk3s8,5,5,True,official_file_listing_confirmed,910,6459809695,741,S5D_occlusion_ipsc_cell1_stim.txt,1032,text/plain,True,copied
dryad_vq83bk3s8,Spatially displaced excitation contributes to the encoding of interrupted motion by the retinal direction-selective circuit,10.5061/dryad.vq83bk3s8,5,5,True,official_file_listing_confirmed,910,6459809695,742,S5D_occlusion_ipsc_cell1.abf,2983424,,True,copied
dryad_vq83bk3s8,Spatially displaced excitation contributes to the encoding of interrupted motion by the retinal direction-selective circuit,10.5061/dryad.vq83bk3s8,5,5,True,official_file_listing_confirmed,910,6459809695,743,S5D_occlusion_ipsc_cell10_stim.txt,1032,text/plain,True,copied
dryad_vq83bk3s8,Spatially displaced excitation contributes to the encoding of interrupted motion by the retinal direction-selective circuit,10.5061/dryad.vq83bk3s8,5,5,True,official_file_listing_confirmed,910,6459809695,744,S5D_occlusion_ipsc_cell10.abf,2983424,,True,copied
dryad_vq83bk3s8,Spatially displaced excitation contributes to the encoding of interrupted motion by the retinal direction-selective circuit,10.5061/dryad.vq83bk3s8,5,5,True,official_file_listing_confirmed,910,6459809695,745,S5D_occlusion_ipsc_cell11_stim.txt,1032,text/plain,True,copied
dryad_vq83bk3s8,Spatially displaced excitation contributes to the encoding of interrupted motion by the retinal direction-selective circuit,10.5061/dryad.vq83bk3s8,5,5,True,official_file_listing_confirmed,910,6459809695,746,S5D_occlusion_ipsc_cell11.abf,2983424,,True,copied
dryad_vq83bk3s8,Spatially displaced excitation contributes to the encoding of interrupted motion by the retinal direction-selective circuit,10.5061/dryad.vq83bk3s8,5,5,True,official_file_listing_confirmed,910,6459809695,747,S5D_occlusion_ipsc_cell12_stim.txt,1032,text/plain,True,copied
dryad_vq83bk3s8,Spatially displaced excitation contributes to the encoding of interrupted motion by the retinal direction-selective circuit,10.5061/dryad.vq83bk3s8,5,5,True,official_file_listing_confirmed,910,6459809695,748,S5D_occlusion_ipsc_cell12.abf,2983424,,True,copied
dryad_vq83bk3s8,Spatially displaced excitation contributes to the encoding of interrupted motion by the retinal direction-selective circuit,10.5061/dryad.vq83bk3s8,5,5,True,official_file_listing_confirmed,910,6459809695,749,S5D_occlusion_ipsc_cell13_stim.txt,1032,text/plain,True,copied
dryad_vq83bk3s8,Spatially displaced excitation contributes to the encoding of interrupted motion by the retinal direction-selective circuit,10.5061/dryad.vq83bk3s8,5,5,True,official_file_listing_confirmed,910,6459809695,750,S5D_occlusion_ipsc_cell13.abf,2983424,,True,copied
dryad_vq83bk3s8,Spatially displaced excitation contributes to the encoding of interrupted motion by the retinal direction-selective circuit,10.5061/dryad.vq83bk3s8,5,5,True,official_file_listing_confirmed,910,6459809695,751,S5D_occlusion_ipsc_cell14_stim.txt,1032,text/plain,True,copied
dryad_vq83bk3s8,Spatially displaced excitation contributes to the encoding of interrupted motion by the retinal direction-selective circuit,10.5061/dryad.vq83bk3s8,5,5,True,official_file_listing_confirmed,910,6459809695,752,S5D_occlusion_ipsc_cell14.abf,2983424,,True,copied
dryad_vq83bk3s8,Spatially displaced excitation contributes to the encoding of interrupted motion by the retinal direction-selective circuit,10.5061/dryad.vq83bk3s8,5,5,True,official_file_listing_confirmed,910,6459809695,753,S5D_occlusion_ipsc_cell15_stim.txt,1032,text/plain,True,copied
dryad_vq83bk3s8,Spatially displaced excitation contributes to the encoding of interrupted motion by the retinal direction-selective circuit,10.5061/dryad.vq83bk3s8,5,5,True,official_file_listing_confirmed,910,6459809695,754,S5D_occlusion_ipsc_cell15.abf,2983424,,True,copied
dryad_vq83bk3s8,Spatially displaced excitation contributes to the encoding of interrupted motion by the retinal direction-selective circuit,10.5061/dryad.vq83bk3s8,5,5,True,official_file_listing_confirmed,910,6459809695,755,S5D_occlusion_ipsc_cell16_stim.txt,1032,text/plain,True,copied
dryad_vq83bk3s8,Spatially displaced excitation contributes to the encoding of interrupted motion by the retinal direction-selective circuit,10.5061/dryad.vq83bk3s8,5,5,True,official_file_listing_confirmed,910,6459809695,756,S5D_occlusion_ipsc_cell16.abf,2983424,,True,copied
dryad_vq83bk3s8,Spatially displaced excitation contributes to the encoding of interrupted motion by the retinal direction-selective circuit,10.5061/dryad.vq83bk3s8,5,5,True,official_file_listing_confirmed,910,6459809695,757,S5D_occlusion_ipsc_cell17_stim.txt,1032,text/plain,True,copied
dryad_vq83bk3s8,Spatially displaced excitation contributes to the encoding of interrupted motion by the retinal direction-selective circuit,10.5061/dryad.vq83bk3s8,5,5,True,official_file_listing_confirmed,910,6459809695,758,S5D_occlusion_ipsc_cell17.abf,2887168,,True,copied
dryad_vq83bk3s8,Spatially displaced excitation contributes to the encoding of interrupted motion by the retinal direction-selective circuit,10.5061/dryad.vq83bk3s8,5,5,True,official_file_listing_confirmed,910,6459809695,759,S5D_occlusion_ipsc_cell18_stim.txt,1032,text/plain,True,copied
dryad_vq83bk3s8,Spatially displaced excitation contributes to the encoding of interrupted motion by the retinal direction-selective circuit,10.5061/dryad.vq83bk3s8,5,5,True,official_file_listing_confirmed,910,6459809695,760,S5D_occlusion_ipsc_cell18.abf,2887168,,True,copied
dryad_vq83bk3s8,Spatially displaced excitation contributes to the encoding of interrupted motion by the retinal direction-selective circuit,10.5061/dryad.vq83bk3s8,5,5,True,official_file_listing_confirmed,910,6459809695,761,S5D_occlusion_ipsc_cell19_stim.txt,1032,text/plain,True,copied
dryad_vq83bk3s8,Spatially displaced excitation contributes to the encoding of interrupted motion by the retinal direction-selective circuit,10.5061/dryad.vq83bk3s8,5,5,True,official_file_listing_confirmed,910,6459809695,762,S5D_occlusion_ipsc_cell19.abf,2887168,,True,copied
dryad_vq83bk3s8,Spatially displaced excitation contributes to the encoding of interrupted motion by the retinal direction-selective circuit,10.5061/dryad.vq83bk3s8,5,5,True,official_file_listing_confirmed,910,6459809695,763,S5D_occlusion_ipsc_cell2_stim.txt,1032,text/plain,True,copied
dryad_vq83bk3s8,Spatially displaced excitation contributes to the encoding of interrupted motion by the retinal direction-selective circuit,10.5061/dryad.vq83bk3s8,5,5,True,official_file_listing_confirmed,910,6459809695,764,S5D_occlusion_ipsc_cell2.abf,2983424,,True,copied
dryad_vq83bk3s8,Spatially displaced excitation contributes to the encoding of interrupted motion by the retinal direction-selective circuit,10.5061/dryad.vq83bk3s8,5,5,True,official_file_listing_confirmed,910,6459809695,765,S5D_occlusion_ipsc_cell20_stim.txt,1032,text/plain,True,copied
dryad_vq83bk3s8,Spatially displaced excitation contributes to the encoding of interrupted motion by the retinal direction-selective circuit,10.5061/dryad.vq83bk3s8,5,5,True,official_file_listing_confirmed,910,6459809695,766,S5D_occlusion_ipsc_cell20.abf,5767168,,True,copied
dryad_vq83bk3s8,Spatially displaced excitation contributes to the encoding of interrupted motion by the retinal direction-selective circuit,10.5061/dryad.vq83bk3s8,5,5,True,official_file_listing_confirmed,910,6459809695,767,S5D_occlusion_ipsc_cell3_stim.txt,1032,text/plain,True,copied
dryad_vq83bk3s8,Spatially displaced excitation contributes to the encoding of interrupted motion by the retinal direction-selective circuit,10.5061/dryad.vq83bk3s8,5,5,True,official_file_listing_confirmed,910,6459809695,768,S5D_occlusion_ipsc_cell3.abf,2983424,,True,copied
dryad_vq83bk3s8,Spatially displaced excitation contributes to the encoding of interrupted motion by the retinal direction-selective circuit,10.5061/dryad.vq83bk3s8,5,5,True,official_file_listing_confirmed,910,6459809695,769,S5D_occlusion_ipsc_cell4_stim.txt,1032,text/plain,True,copied
dryad_vq83bk3s8,Spatially displaced excitation contributes to the encoding of interrupted motion by the retinal direction-selective circuit,10.5061/dryad.vq83bk3s8,5,5,True,official_file_listing_confirmed,910,6459809695,770,S5D_occlusion_ipsc_cell4.abf,2983424,,True,copied
dryad_vq83bk3s8,Spatially displaced excitation contributes to the encoding of interrupted motion by the retinal direction-selective circuit,10.5061/dryad.vq83bk3s8,5,5,True,official_file_listing_confirmed,910,6459809695,771,S5D_occlusion_ipsc_cell5_stim.txt,1032,text/plain,True,copied
dryad_vq83bk3s8,Spatially displaced excitation contributes to the encoding of interrupted motion by the retinal direction-selective circuit,10.5061/dryad.vq83bk3s8,5,5,True,official_file_listing_confirmed,910,6459809695,772,S5D_occlusion_ipsc_cell5.abf,2983424,,True,copied
dryad_vq83bk3s8,Spatially displaced excitation contributes to the encoding of interrupted motion by the retinal direction-selective circuit,10.5061/dryad.vq83bk3s8,5,5,True,official_file_listing_confirmed,910,6459809695,773,S5D_occlusion_ipsc_cell6_stim.txt,1032,text/plain,True,copied
dryad_vq83bk3s8,Spatially displaced excitation contributes to the encoding of interrupted motion by the retinal direction-selective circuit,10.5061/dryad.vq83bk3s8,5,5,True,official_file_listing_confirmed,910,6459809695,774,S5D_occlusion_ipsc_cell6.abf,2983424,,True,copied
dryad_vq83bk3s8,Spatially displaced excitation contributes to the encoding of interrupted motion by the retinal direction-selective circuit,10.5061/dryad.vq83bk3s8,5,5,True,official_file_listing_confirmed,910,6459809695,775,S5D_occlusion_ipsc_cell7_stim.txt,1032,text/plain,True,copied
dryad_vq83bk3s8,Spatially displaced excitation contributes to the encoding of interrupted motion by the retinal direction-selective circuit,10.5061/dryad.vq83bk3s8,5,5,True,official_file_listing_confirmed,910,6459809695,776,S5D_occlusion_ipsc_cell7.abf,2983424,,True,copied
dryad_vq83bk3s8,Spatially displaced excitation contributes to the encoding of interrupted motion by the retinal direction-selective circuit,10.5061/dryad.vq83bk3s8,5,5,True,official_file_listing_confirmed,910,6459809695,777,S5D_occlusion_ipsc_cell8_stim.txt,1032,text/plain,True,copied
dryad_vq83bk3s8,Spatially displaced excitation contributes to the encoding of interrupted motion by the retinal direction-selective circuit,10.5061/dryad.vq83bk3s8,5,5,True,official_file_listing_confirmed,910,6459809695,778,S5D_occlusion_ipsc_cell8.abf,2983424,,True,copied
dryad_vq83bk3s8,Spatially displaced excitation contributes to the encoding of interrupted motion by the retinal direction-selective circuit,10.5061/dryad.vq83bk3s8,5,5,True,official_file_listing_confirmed,910,6459809695,779,S5D_occlusion_ipsc_cell9_stim.txt,1032,text/plain,True,copied
dryad_vq83bk3s8,Spatially displaced excitation contributes to the encoding of interrupted motion by the retinal direction-selective circuit,10.5061/dryad.vq83bk3s8,5,5,True,official_file_listing_confirmed,910,6459809695,780,S5D_occlusion_ipsc_cell9.abf,2983424,,True,copied
dryad_vq83bk3s8,Spatially displaced excitation contributes to the encoding of interrupted motion by the retinal direction-selective circuit,10.5061/dryad.vq83bk3s8,5,5,True,official_file_listing_confirmed,910,6459809695,781,S5E_dhbegab_cell1.mat,5456,,True,copied
dryad_vq83bk3s8,Spatially displaced excitation contributes to the encoding of interrupted motion by the retinal direction-selective circuit,10.5061/dryad.vq83bk3s8,5,5,True,official_file_listing_confirmed,910,6459809695,782,S5E_dhbegab_cell10.mat,2780,,True,copied
dryad_vq83bk3s8,Spatially displaced excitation contributes to the encoding of interrupted motion by the retinal direction-selective circuit,10.5061/dryad.vq83bk3s8,5,5,True,official_file_listing_confirmed,910,6459809695,783,S5E_dhbegab_cell11.mat,2104,,True,copied
dryad_vq83bk3s8,Spatially displaced excitation contributes to the encoding of interrupted motion by the retinal direction-selective circuit,10.5061/dryad.vq83bk3s8,5,5,True,official_file_listing_confirmed,910,6459809695,784,S5E_dhbegab_cell2.mat,3865,,True,copied
dryad_vq83bk3s8,Spatially displaced excitation contributes to the encoding of interrupted motion by the retinal direction-selective circuit,10.5061/dryad.vq83bk3s8,5,5,True,official_file_listing_confirmed,910,6459809695,785,S5E_dhbegab_cell3.mat,5678,,True,copied
dryad_vq83bk3s8,Spatially displaced excitation contributes to the encoding of interrupted motion by the retinal direction-selective circuit,10.5061/dryad.vq83bk3s8,5,5,True,official_file_listing_confirmed,910,6459809695,786,S5E_dhbegab_cell4.mat,1613,,True,copied
dryad_vq83bk3s8,Spatially displaced excitation contributes to the encoding of interrupted motion by the retinal direction-selective circuit,10.5061/dryad.vq83bk3s8,5,5,True,official_file_listing_confirmed,910,6459809695,787,S5E_dhbegab_cell5.mat,5590,,True,copied
dryad_vq83bk3s8,Spatially displaced excitation contributes to the encoding of interrupted motion by the retinal direction-selective circuit,10.5061/dryad.vq83bk3s8,5,5,True,official_file_listing_confirmed,910,6459809695,788,S5E_dhbegab_cell6.mat,5154,,True,copied
dryad_vq83bk3s8,Spatially displaced excitation contributes to the encoding of interrupted motion by the retinal direction-selective circuit,10.5061/dryad.vq83bk3s8,5,5,True,official_file_listing_confirmed,910,6459809695,789,S5E_dhbegab_cell7.mat,8141,,True,copied
dryad_vq83bk3s8,Spatially displaced excitation contributes to the encoding of interrupted motion by the retinal direction-selective circuit,10.5061/dryad.vq83bk3s8,5,5,True,official_file_listing_confirmed,910,6459809695,790,S5E_dhbegab_cell8.mat,2848,,True,copied
dryad_vq83bk3s8,Spatially displaced excitation contributes to the encoding of interrupted motion by the retinal direction-selective circuit,10.5061/dryad.vq83bk3s8,5,5,True,official_file_listing_confirmed,910,6459809695,791,S5E_dhbegab_cell9.mat,2514,,True,copied
dryad_vq83bk3s8,Spatially displaced excitation contributes to the encoding of interrupted motion by the retinal direction-selective circuit,10.5061/dryad.vq83bk3s8,5,5,True,official_file_listing_confirmed,910,6459809695,792,S5F_control_cell1_stim.txt,1032,text/plain,True,copied
dryad_vq83bk3s8,Spatially displaced excitation contributes to the encoding of interrupted motion by the retinal direction-selective circuit,10.5061/dryad.vq83bk3s8,5,5,True,official_file_listing_confirmed,910,6459809695,793,S5F_control_cell1.abf,2983424,,True,copied
dryad_vq83bk3s8,Spatially displaced excitation contributes to the encoding of interrupted motion by the retinal direction-selective circuit,10.5061/dryad.vq83bk3s8,5,5,True,official_file_listing_confirmed,910,6459809695,794,S5F_control_cell10_stim.txt,1032,text/plain,True,copied
dryad_vq83bk3s8,Spatially displaced excitation contributes to the encoding of interrupted motion by the retinal direction-selective circuit,10.5061/dryad.vq83bk3s8,5,5,True,official_file_listing_confirmed,910,6459809695,795,S5F_control_cell10.abf,2983424,,True,copied
dryad_vq83bk3s8,Spatially displaced excitation contributes to the encoding of interrupted motion by the retinal direction-selective circuit,10.5061/dryad.vq83bk3s8,5,5,True,official_file_listing_confirmed,910,6459809695,796,S5F_control_cell11_stim.txt,1032,text/plain,True,copied
dryad_vq83bk3s8,Spatially displaced excitation contributes to the encoding of interrupted motion by the retinal direction-selective circuit,10.5061/dryad.vq83bk3s8,5,5,True,official_file_listing_confirmed,910,6459809695,797,S5F_control_cell11.abf,3079168,,True,copied
dryad_vq83bk3s8,Spatially displaced excitation contributes to the encoding of interrupted motion by the retinal direction-selective circuit,10.5061/dryad.vq83bk3s8,5,5,True,official_file_listing_confirmed,910,6459809695,798,S5F_control_cell12_stim.txt,1032,text/plain,True,copied
dryad_vq83bk3s8,Spatially displaced excitation contributes to the encoding of interrupted motion by the retinal direction-selective circuit,10.5061/dryad.vq83bk3s8,5,5,True,official_file_listing_confirmed,910,6459809695,799,S5F_control_cell12.abf,2887168,,True,copied
dryad_vq83bk3s8,Spatially displaced excitation contributes to the encoding of interrupted motion by the retinal direction-selective circuit,10.5061/dryad.vq83bk3s8,5,5,True,official_file_listing_confirmed,910,6459809695,800,S5F_control_cell13_stim.txt,1032,text/plain,True,copied
dryad_vq83bk3s8,Spatially displaced excitation contributes to the encoding of interrupted motion by the retinal direction-selective circuit,10.5061/dryad.vq83bk3s8,5,5,True,official_file_listing_confirmed,910,6459809695,801,S5F_control_cell13.abf,2887168,,True,copied
dryad_vq83bk3s8,Spatially displaced excitation contributes to the encoding of interrupted motion by the retinal direction-selective circuit,10.5061/dryad.vq83bk3s8,5,5,True,official_file_listing_confirmed,910,6459809695,802,S5F_control_cell14_stim.txt,1032,text/plain,True,copied
dryad_vq83bk3s8,Spatially displaced excitation contributes to the encoding of interrupted motion by the retinal direction-selective circuit,10.5061/dryad.vq83bk3s8,5,5,True,official_file_listing_confirmed,910,6459809695,803,S5F_control_cell14.abf,2887168,,True,copied
dryad_vq83bk3s8,Spatially displaced excitation contributes to the encoding of interrupted motion by the retinal direction-selective circuit,10.5061/dryad.vq83bk3s8,5,5,True,official_file_listing_confirmed,910,6459809695,804,S5F_control_cell2_stim.txt,1032,text/plain,True,copied
dryad_vq83bk3s8,Spatially displaced excitation contributes to the encoding of interrupted motion by the retinal direction-selective circuit,10.5061/dryad.vq83bk3s8,5,5,True,official_file_listing_confirmed,910,6459809695,805,S5F_control_cell2.abf,2983424,,True,copied
dryad_vq83bk3s8,Spatially displaced excitation contributes to the encoding of interrupted motion by the retinal direction-selective circuit,10.5061/dryad.vq83bk3s8,5,5,True,official_file_listing_confirmed,910,6459809695,806,S5F_control_cell3_stim.txt,1032,text/plain,True,copied
dryad_vq83bk3s8,Spatially displaced excitation contributes to the encoding of interrupted motion by the retinal direction-selective circuit,10.5061/dryad.vq83bk3s8,5,5,True,official_file_listing_confirmed,910,6459809695,807,S5F_control_cell3.abf,2983424,,True,copied
dryad_vq83bk3s8,Spatially displaced excitation contributes to the encoding of interrupted motion by the retinal direction-selective circuit,10.5061/dryad.vq83bk3s8,5,5,True,official_file_listing_confirmed,910,6459809695,808,S5F_control_cell4_stim.txt,1032,text/plain,True,copied
dryad_vq83bk3s8,Spatially displaced excitation contributes to the encoding of interrupted motion by the retinal direction-selective circuit,10.5061/dryad.vq83bk3s8,5,5,True,official_file_listing_confirmed,910,6459809695,809,S5F_control_cell4.abf,2983424,,True,copied
dryad_vq83bk3s8,Spatially displaced excitation contributes to the encoding of interrupted motion by the retinal direction-selective circuit,10.5061/dryad.vq83bk3s8,5,5,True,official_file_listing_confirmed,910,6459809695,810,S5F_control_cell5_stim.txt,1032,text/plain,True,copied
dryad_vq83bk3s8,Spatially displaced excitation contributes to the encoding of interrupted motion by the retinal direction-selective circuit,10.5061/dryad.vq83bk3s8,5,5,True,official_file_listing_confirmed,910,6459809695,811,S5F_control_cell5.abf,2983424,,True,copied
dryad_vq83bk3s8,Spatially displaced excitation contributes to the encoding of interrupted motion by the retinal direction-selective circuit,10.5061/dryad.vq83bk3s8,5,5,True,official_file_listing_confirmed,910,6459809695,812,S5F_control_cell6_stim.txt,1032,text/plain,True,copied
dryad_vq83bk3s8,Spatially displaced excitation contributes to the encoding of interrupted motion by the retinal direction-selective circuit,10.5061/dryad.vq83bk3s8,5,5,True,official_file_listing_confirmed,910,6459809695,813,S5F_control_cell6.abf,2983424,,True,copied
dryad_vq83bk3s8,Spatially displaced excitation contributes to the encoding of interrupted motion by the retinal direction-selective circuit,10.5061/dryad.vq83bk3s8,5,5,True,official_file_listing_confirmed,910,6459809695,814,S5F_control_cell7_stim.txt,1032,text/plain,True,copied
dryad_vq83bk3s8,Spatially displaced excitation contributes to the encoding of interrupted motion by the retinal direction-selective circuit,10.5061/dryad.vq83bk3s8,5,5,True,official_file_listing_confirmed,910,6459809695,815,S5F_control_cell7.abf,2983424,,True,copied
dryad_vq83bk3s8,Spatially displaced excitation contributes to the encoding of interrupted motion by the retinal direction-selective circuit,10.5061/dryad.vq83bk3s8,5,5,True,official_file_listing_confirmed,910,6459809695,816,S5F_control_cell8_stim.txt,1032,text/plain,True,copied
dryad_vq83bk3s8,Spatially displaced excitation contributes to the encoding of interrupted motion by the retinal direction-selective circuit,10.5061/dryad.vq83bk3s8,5,5,True,official_file_listing_confirmed,910,6459809695,817,S5F_control_cell8.abf,2983424,,True,copied
dryad_vq83bk3s8,Spatially displaced excitation contributes to the encoding of interrupted motion by the retinal direction-selective circuit,10.5061/dryad.vq83bk3s8,5,5,True,official_file_listing_confirmed,910,6459809695,818,S5F_control_cell9_stim.txt,1032,text/plain,True,copied
dryad_vq83bk3s8,Spatially displaced excitation contributes to the encoding of interrupted motion by the retinal direction-selective circuit,10.5061/dryad.vq83bk3s8,5,5,True,official_file_listing_confirmed,910,6459809695,819,S5F_control_cell9.abf,2983424,,True,copied
dryad_vq83bk3s8,Spatially displaced excitation contributes to the encoding of interrupted motion by the retinal direction-selective circuit,10.5061/dryad.vq83bk3s8,5,5,True,official_file_listing_confirmed,910,6459809695,820,S5F_gabazine_cell1_stim.txt,1032,text/plain,True,copied
dryad_vq83bk3s8,Spatially displaced excitation contributes to the encoding of interrupted motion by the retinal direction-selective circuit,10.5061/dryad.vq83bk3s8,5,5,True,official_file_listing_confirmed,910,6459809695,821,S5F_gabazine_cell1.abf,2887168,,True,copied
dryad_vq83bk3s8,Spatially displaced excitation contributes to the encoding of interrupted motion by the retinal direction-selective circuit,10.5061/dryad.vq83bk3s8,5,5,True,official_file_listing_confirmed,910,6459809695,822,S5F_gabazine_cell2_stim.txt,1032,text/plain,True,copied
dryad_vq83bk3s8,Spatially displaced excitation contributes to the encoding of interrupted motion by the retinal direction-selective circuit,10.5061/dryad.vq83bk3s8,5,5,True,official_file_listing_confirmed,910,6459809695,823,S5F_gabazine_cell2.abf,2887168,,True,copied
dryad_vq83bk3s8,Spatially displaced excitation contributes to the encoding of interrupted motion by the retinal direction-selective circuit,10.5061/dryad.vq83bk3s8,5,5,True,official_file_listing_confirmed,910,6459809695,824,S5F_gabazine_cell3_stim.txt,1032,text/plain,True,copied
dryad_vq83bk3s8,Spatially displaced excitation contributes to the encoding of interrupted motion by the retinal direction-selective circuit,10.5061/dryad.vq83bk3s8,5,5,True,official_file_listing_confirmed,910,6459809695,825,S5F_gabazine_cell3.abf,2887168,,True,copied
dryad_vq83bk3s8,Spatially displaced excitation contributes to the encoding of interrupted motion by the retinal direction-selective circuit,10.5061/dryad.vq83bk3s8,5,5,True,official_file_listing_confirmed,910,6459809695,826,S5F_gabazine_cell4_stim.txt,1032,text/plain,True,copied
dryad_vq83bk3s8,Spatially displaced excitation contributes to the encoding of interrupted motion by the retinal direction-selective circuit,10.5061/dryad.vq83bk3s8,5,5,True,official_file_listing_confirmed,910,6459809695,827,S5F_gabazine_cell4.abf,2935296,,True,copied
dryad_vq83bk3s8,Spatially displaced excitation contributes to the encoding of interrupted motion by the retinal direction-selective circuit,10.5061/dryad.vq83bk3s8,5,5,True,official_file_listing_confirmed,910,6459809695,828,S5F_gabazine_cell5_stim.txt,1032,text/plain,True,copied
dryad_vq83bk3s8,Spatially displaced excitation contributes to the encoding of interrupted motion by the retinal direction-selective circuit,10.5061/dryad.vq83bk3s8,5,5,True,official_file_listing_confirmed,910,6459809695,829,S5F_gabazine_cell5.abf,2887168,,True,copied
dryad_vq83bk3s8,Spatially displaced excitation contributes to the encoding of interrupted motion by the retinal direction-selective circuit,10.5061/dryad.vq83bk3s8,5,5,True,official_file_listing_confirmed,910,6459809695,830,S5F_gabazine_cell6_stim.txt,1032,text/plain,True,copied
dryad_vq83bk3s8,Spatially displaced excitation contributes to the encoding of interrupted motion by the retinal direction-selective circuit,10.5061/dryad.vq83bk3s8,5,5,True,official_file_listing_confirmed,910,6459809695,831,S5F_gabazine_cell6.abf,2887168,,True,copied
dryad_vq83bk3s8,Spatially displaced excitation contributes to the encoding of interrupted motion by the retinal direction-selective circuit,10.5061/dryad.vq83bk3s8,5,5,True,official_file_listing_confirmed,910,6459809695,832,S5F_gabazine_cell7_stim.txt,1032,text/plain,True,copied
dryad_vq83bk3s8,Spatially displaced excitation contributes to the encoding of interrupted motion by the retinal direction-selective circuit,10.5061/dryad.vq83bk3s8,5,5,True,official_file_listing_confirmed,910,6459809695,833,S5F_gabazine_cell7.abf,2887168,,True,copied
dryad_vq83bk3s8,Spatially displaced excitation contributes to the encoding of interrupted motion by the retinal direction-selective circuit,10.5061/dryad.vq83bk3s8,5,5,True,official_file_listing_confirmed,910,6459809695,834,S5F_gabazine_cell8_stim.txt,1032,text/plain,True,copied
dryad_vq83bk3s8,Spatially displaced excitation contributes to the encoding of interrupted motion by the retinal direction-selective circuit,10.5061/dryad.vq83bk3s8,5,5,True,official_file_listing_confirmed,910,6459809695,835,S5F_gabazine_cell8.abf,2887168,,True,copied
dryad_vq83bk3s8,Spatially displaced excitation contributes to the encoding of interrupted motion by the retinal direction-selective circuit,10.5061/dryad.vq83bk3s8,5,5,True,official_file_listing_confirmed,910,6459809695,836,S5G_control_cell1_stim.txt,1032,text/plain,True,copied
dryad_vq83bk3s8,Spatially displaced excitation contributes to the encoding of interrupted motion by the retinal direction-selective circuit,10.5061/dryad.vq83bk3s8,5,5,True,official_file_listing_confirmed,910,6459809695,837,S5G_control_cell1.abf,2983424,,True,copied
dryad_vq83bk3s8,Spatially displaced excitation contributes to the encoding of interrupted motion by the retinal direction-selective circuit,10.5061/dryad.vq83bk3s8,5,5,True,official_file_listing_confirmed,910,6459809695,838,S5G_control_cell10_stim.txt,1032,text/plain,True,copied
dryad_vq83bk3s8,Spatially displaced excitation contributes to the encoding of interrupted motion by the retinal direction-selective circuit,10.5061/dryad.vq83bk3s8,5,5,True,official_file_listing_confirmed,910,6459809695,839,S5G_control_cell10.abf,2983424,,True,copied
dryad_vq83bk3s8,Spatially displaced excitation contributes to the encoding of interrupted motion by the retinal direction-selective circuit,10.5061/dryad.vq83bk3s8,5,5,True,official_file_listing_confirmed,910,6459809695,840,S5G_control_cell11_stim.txt,1032,text/plain,True,copied
dryad_vq83bk3s8,Spatially displaced excitation contributes to the encoding of interrupted motion by the retinal direction-selective circuit,10.5061/dryad.vq83bk3s8,5,5,True,official_file_listing_confirmed,910,6459809695,841,S5G_control_cell11.abf,3079168,,True,copied
dryad_vq83bk3s8,Spatially displaced excitation contributes to the encoding of interrupted motion by the retinal direction-selective circuit,10.5061/dryad.vq83bk3s8,5,5,True,official_file_listing_confirmed,910,6459809695,842,S5G_control_cell12_stim.txt,1032,text/plain,True,copied
dryad_vq83bk3s8,Spatially displaced excitation contributes to the encoding of interrupted motion by the retinal direction-selective circuit,10.5061/dryad.vq83bk3s8,5,5,True,official_file_listing_confirmed,910,6459809695,843,S5G_control_cell12.abf,2887168,,True,copied
dryad_vq83bk3s8,Spatially displaced excitation contributes to the encoding of interrupted motion by the retinal direction-selective circuit,10.5061/dryad.vq83bk3s8,5,5,True,official_file_listing_confirmed,910,6459809695,844,S5G_control_cell13_stim.txt,1032,text/plain,True,copied
dryad_vq83bk3s8,Spatially displaced excitation contributes to the encoding of interrupted motion by the retinal direction-selective circuit,10.5061/dryad.vq83bk3s8,5,5,True,official_file_listing_confirmed,910,6459809695,845,S5G_control_cell13.abf,2887168,,True,copied
dryad_vq83bk3s8,Spatially displaced excitation contributes to the encoding of interrupted motion by the retinal direction-selective circuit,10.5061/dryad.vq83bk3s8,5,5,True,official_file_listing_confirmed,910,6459809695,846,S5G_control_cell2_stim.txt,1032,text/plain,True,copied
dryad_vq83bk3s8,Spatially displaced excitation contributes to the encoding of interrupted motion by the retinal direction-selective circuit,10.5061/dryad.vq83bk3s8,5,5,True,official_file_listing_confirmed,910,6459809695,847,S5G_control_cell2.abf,2983424,,True,copied
dryad_vq83bk3s8,Spatially displaced excitation contributes to the encoding of interrupted motion by the retinal direction-selective circuit,10.5061/dryad.vq83bk3s8,5,5,True,official_file_listing_confirmed,910,6459809695,848,S5G_control_cell3_stim.txt,1032,text/plain,True,copied
dryad_vq83bk3s8,Spatially displaced excitation contributes to the encoding of interrupted motion by the retinal direction-selective circuit,10.5061/dryad.vq83bk3s8,5,5,True,official_file_listing_confirmed,910,6459809695,849,S5G_control_cell3.abf,2983424,,True,copied
dryad_vq83bk3s8,Spatially displaced excitation contributes to the encoding of interrupted motion by the retinal direction-selective circuit,10.5061/dryad.vq83bk3s8,5,5,True,official_file_listing_confirmed,910,6459809695,850,S5G_control_cell4_stim.txt,1032,text/plain,True,copied
dryad_vq83bk3s8,Spatially displaced excitation contributes to the encoding of interrupted motion by the retinal direction-selective circuit,10.5061/dryad.vq83bk3s8,5,5,True,official_file_listing_confirmed,910,6459809695,851,S5G_control_cell4.abf,2983424,,True,copied
dryad_vq83bk3s8,Spatially displaced excitation contributes to the encoding of interrupted motion by the retinal direction-selective circuit,10.5061/dryad.vq83bk3s8,5,5,True,official_file_listing_confirmed,910,6459809695,852,S5G_control_cell5_stim.txt,1032,text/plain,True,copied
dryad_vq83bk3s8,Spatially displaced excitation contributes to the encoding of interrupted motion by the retinal direction-selective circuit,10.5061/dryad.vq83bk3s8,5,5,True,official_file_listing_confirmed,910,6459809695,853,S5G_control_cell5.abf,2983424,,True,copied
dryad_vq83bk3s8,Spatially displaced excitation contributes to the encoding of interrupted motion by the retinal direction-selective circuit,10.5061/dryad.vq83bk3s8,5,5,True,official_file_listing_confirmed,910,6459809695,854,S5G_control_cell6_stim.txt,1032,text/plain,True,copied
dryad_vq83bk3s8,Spatially displaced excitation contributes to the encoding of interrupted motion by the retinal direction-selective circuit,10.5061/dryad.vq83bk3s8,5,5,True,official_file_listing_confirmed,910,6459809695,855,S5G_control_cell6.abf,2983424,,True,copied
dryad_vq83bk3s8,Spatially displaced excitation contributes to the encoding of interrupted motion by the retinal direction-selective circuit,10.5061/dryad.vq83bk3s8,5,5,True,official_file_listing_confirmed,910,6459809695,856,S5G_control_cell7_stim.txt,1032,text/plain,True,copied
dryad_vq83bk3s8,Spatially displaced excitation contributes to the encoding of interrupted motion by the retinal direction-selective circuit,10.5061/dryad.vq83bk3s8,5,5,True,official_file_listing_confirmed,910,6459809695,857,S5G_control_cell7.abf,2983424,,True,copied
dryad_vq83bk3s8,Spatially displaced excitation contributes to the encoding of interrupted motion by the retinal direction-selective circuit,10.5061/dryad.vq83bk3s8,5,5,True,official_file_listing_confirmed,910,6459809695,858,S5G_control_cell8_stim.txt,1032,text/plain,True,copied
dryad_vq83bk3s8,Spatially displaced excitation contributes to the encoding of interrupted motion by the retinal direction-selective circuit,10.5061/dryad.vq83bk3s8,5,5,True,official_file_listing_confirmed,910,6459809695,859,S5G_control_cell8.abf,2983424,,True,copied
dryad_vq83bk3s8,Spatially displaced excitation contributes to the encoding of interrupted motion by the retinal direction-selective circuit,10.5061/dryad.vq83bk3s8,5,5,True,official_file_listing_confirmed,910,6459809695,860,S5G_control_cell9_stim.txt,1032,text/plain,True,copied
dryad_vq83bk3s8,Spatially displaced excitation contributes to the encoding of interrupted motion by the retinal direction-selective circuit,10.5061/dryad.vq83bk3s8,5,5,True,official_file_listing_confirmed,910,6459809695,861,S5G_control_cell9.abf,2983424,,True,copied
dryad_vq83bk3s8,Spatially displaced excitation contributes to the encoding of interrupted motion by the retinal direction-selective circuit,10.5061/dryad.vq83bk3s8,5,5,True,official_file_listing_confirmed,910,6459809695,862,S5G_dhbe_cell1_stim.txt,1032,text/plain,True,copied
dryad_vq83bk3s8,Spatially displaced excitation contributes to the encoding of interrupted motion by the retinal direction-selective circuit,10.5061/dryad.vq83bk3s8,5,5,True,official_file_listing_confirmed,910,6459809695,863,S5G_dhbe_cell1.abf,2887168,,True,copied
dryad_vq83bk3s8,Spatially displaced excitation contributes to the encoding of interrupted motion by the retinal direction-selective circuit,10.5061/dryad.vq83bk3s8,5,5,True,official_file_listing_confirmed,910,6459809695,864,S5G_dhbe_cell2_stim.txt,1032,text/plain,True,copied
dryad_vq83bk3s8,Spatially displaced excitation contributes to the encoding of interrupted motion by the retinal direction-selective circuit,10.5061/dryad.vq83bk3s8,5,5,True,official_file_listing_confirmed,910,6459809695,865,S5G_dhbe_cell2.abf,5767168,,True,copied
dryad_vq83bk3s8,Spatially displaced excitation contributes to the encoding of interrupted motion by the retinal direction-selective circuit,10.5061/dryad.vq83bk3s8,5,5,True,official_file_listing_confirmed,910,6459809695,866,S5G_dhbe_cell3_stim.txt,1032,text/plain,True,copied
dryad_vq83bk3s8,Spatially displaced excitation contributes to the encoding of interrupted motion by the retinal direction-selective circuit,10.5061/dryad.vq83bk3s8,5,5,True,official_file_listing_confirmed,910,6459809695,867,S5G_dhbe_cell3.abf,2887168,,True,copied
dryad_vq83bk3s8,Spatially displaced excitation contributes to the encoding of interrupted motion by the retinal direction-selective circuit,10.5061/dryad.vq83bk3s8,5,5,True,official_file_listing_confirmed,910,6459809695,868,S5G_dhbe_cell4_stim.txt,1032,text/plain,True,copied
dryad_vq83bk3s8,Spatially displaced excitation contributes to the encoding of interrupted motion by the retinal direction-selective circuit,10.5061/dryad.vq83bk3s8,5,5,True,official_file_listing_confirmed,910,6459809695,869,S5G_dhbe_cell4.abf,2935296,,True,copied
dryad_vq83bk3s8,Spatially displaced excitation contributes to the encoding of interrupted motion by the retinal direction-selective circuit,10.5061/dryad.vq83bk3s8,5,5,True,official_file_listing_confirmed,910,6459809695,870,S5G_dhbe_cell5_stim.txt,1032,text/plain,True,copied
dryad_vq83bk3s8,Spatially displaced excitation contributes to the encoding of interrupted motion by the retinal direction-selective circuit,10.5061/dryad.vq83bk3s8,5,5,True,official_file_listing_confirmed,910,6459809695,871,S5G_dhbe_cell5.abf,1927168,,True,copied
dryad_vq83bk3s8,Spatially displaced excitation contributes to the encoding of interrupted motion by the retinal direction-selective circuit,10.5061/dryad.vq83bk3s8,5,5,True,official_file_listing_confirmed,910,6459809695,872,S5G_dhbe_cell6_stim.txt,1032,text/plain,True,copied
dryad_vq83bk3s8,Spatially displaced excitation contributes to the encoding of interrupted motion by the retinal direction-selective circuit,10.5061/dryad.vq83bk3s8,5,5,True,official_file_listing_confirmed,910,6459809695,873,S5G_dhbe_cell6.abf,2887168,,True,copied
dryad_vq83bk3s8,Spatially displaced excitation contributes to the encoding of interrupted motion by the retinal direction-selective circuit,10.5061/dryad.vq83bk3s8,5,5,True,official_file_listing_confirmed,910,6459809695,874,S5G_dhbe_cell7_stim.txt,1032,text/plain,True,copied
dryad_vq83bk3s8,Spatially displaced excitation contributes to the encoding of interrupted motion by the retinal direction-selective circuit,10.5061/dryad.vq83bk3s8,5,5,True,official_file_listing_confirmed,910,6459809695,875,S5G_dhbe_cell7.abf,2887168,,True,copied
dryad_vq83bk3s8,Spatially displaced excitation contributes to the encoding of interrupted motion by the retinal direction-selective circuit,10.5061/dryad.vq83bk3s8,5,5,True,official_file_listing_confirmed,910,6459809695,876,S5G_dhbe_cell8_stim.txt,1032,text/plain,True,copied
dryad_vq83bk3s8,Spatially displaced excitation contributes to the encoding of interrupted motion by the retinal direction-selective circuit,10.5061/dryad.vq83bk3s8,5,5,True,official_file_listing_confirmed,910,6459809695,877,S5G_dhbe_cell8.abf,2887168,,True,copied
dryad_vq83bk3s8,Spatially displaced excitation contributes to the encoding of interrupted motion by the retinal direction-selective circuit,10.5061/dryad.vq83bk3s8,5,5,True,official_file_listing_confirmed,910,6459809695,878,S5H_cell1.mat,3396,,True,copied
dryad_vq83bk3s8,Spatially displaced excitation contributes to the encoding of interrupted motion by the retinal direction-selective circuit,10.5061/dryad.vq83bk3s8,5,5,True,official_file_listing_confirmed,910,6459809695,879,S5H_cell2.mat,1739,,True,copied
dryad_vq83bk3s8,Spatially displaced excitation contributes to the encoding of interrupted motion by the retinal direction-selective circuit,10.5061/dryad.vq83bk3s8,5,5,True,official_file_listing_confirmed,910,6459809695,880,S5H_cell3.mat,4656,,True,copied
dryad_vq83bk3s8,Spatially displaced excitation contributes to the encoding of interrupted motion by the retinal direction-selective circuit,10.5061/dryad.vq83bk3s8,5,5,True,official_file_listing_confirmed,910,6459809695,881,S5H_cell4.mat,6284,,True,copied
dryad_vq83bk3s8,Spatially displaced excitation contributes to the encoding of interrupted motion by the retinal direction-selective circuit,10.5061/dryad.vq83bk3s8,5,5,True,official_file_listing_confirmed,910,6459809695,882,S5H_cell5.mat,3331,,True,copied
dryad_vq83bk3s8,Spatially displaced excitation contributes to the encoding of interrupted motion by the retinal direction-selective circuit,10.5061/dryad.vq83bk3s8,5,5,True,official_file_listing_confirmed,910,6459809695,883,S5H_cell6.mat,4692,,True,copied
dryad_vq83bk3s8,Spatially displaced excitation contributes to the encoding of interrupted motion by the retinal direction-selective circuit,10.5061/dryad.vq83bk3s8,5,5,True,official_file_listing_confirmed,910,6459809695,884,S5H_cell7.mat,2973,,True,copied
dryad_vq83bk3s8,Spatially displaced excitation contributes to the encoding of interrupted motion by the retinal direction-selective circuit,10.5061/dryad.vq83bk3s8,5,5,True,official_file_listing_confirmed,910,6459809695,885,S5H_cell8.mat,5184,,True,copied
dryad_vq83bk3s8,Spatially displaced excitation contributes to the encoding of interrupted motion by the retinal direction-selective circuit,10.5061/dryad.vq83bk3s8,5,5,True,official_file_listing_confirmed,910,6459809695,886,S5I_cell1.mat,4015,,True,copied
dryad_vq83bk3s8,Spatially displaced excitation contributes to the encoding of interrupted motion by the retinal direction-selective circuit,10.5061/dryad.vq83bk3s8,5,5,True,official_file_listing_confirmed,910,6459809695,887,S5I_cell2.mat,3884,,True,copied
dryad_vq83bk3s8,Spatially displaced excitation contributes to the encoding of interrupted motion by the retinal direction-selective circuit,10.5061/dryad.vq83bk3s8,5,5,True,official_file_listing_confirmed,910,6459809695,888,S5I_cell3.mat,2466,,True,copied
dryad_vq83bk3s8,Spatially displaced excitation contributes to the encoding of interrupted motion by the retinal direction-selective circuit,10.5061/dryad.vq83bk3s8,5,5,True,official_file_listing_confirmed,910,6459809695,889,S5I_cell4.mat,1844,,True,copied
dryad_vq83bk3s8,Spatially displaced excitation contributes to the encoding of interrupted motion by the retinal direction-selective circuit,10.5061/dryad.vq83bk3s8,5,5,True,official_file_listing_confirmed,910,6459809695,890,S5I_cell5.mat,2611,,True,copied
dryad_vq83bk3s8,Spatially displaced excitation contributes to the encoding of interrupted motion by the retinal direction-selective circuit,10.5061/dryad.vq83bk3s8,5,5,True,official_file_listing_confirmed,910,6459809695,891,S5I_cell6.mat,1832,,True,copied
dryad_vq83bk3s8,Spatially displaced excitation contributes to the encoding of interrupted motion by the retinal direction-selective circuit,10.5061/dryad.vq83bk3s8,5,5,True,official_file_listing_confirmed,910,6459809695,892,S5I_cell7.mat,6414,,True,copied
dryad_vq83bk3s8,Spatially displaced excitation contributes to the encoding of interrupted motion by the retinal direction-selective circuit,10.5061/dryad.vq83bk3s8,5,5,True,official_file_listing_confirmed,910,6459809695,893,S5I_cell8.mat,3238,,True,copied
dryad_vq83bk3s8,Spatially displaced excitation contributes to the encoding of interrupted motion by the retinal direction-selective circuit,10.5061/dryad.vq83bk3s8,5,5,True,official_file_listing_confirmed,910,6459809695,894,S5J_cell1.mat,1471,,True,copied
dryad_vq83bk3s8,Spatially displaced excitation contributes to the encoding of interrupted motion by the retinal direction-selective circuit,10.5061/dryad.vq83bk3s8,5,5,True,official_file_listing_confirmed,910,6459809695,895,S5J_cell2.mat,1109,,True,copied
dryad_vq83bk3s8,Spatially displaced excitation contributes to the encoding of interrupted motion by the retinal direction-selective circuit,10.5061/dryad.vq83bk3s8,5,5,True,official_file_listing_confirmed,910,6459809695,896,S5J_cell3.mat,1361,,True,copied
dryad_vq83bk3s8,Spatially displaced excitation contributes to the encoding of interrupted motion by the retinal direction-selective circuit,10.5061/dryad.vq83bk3s8,5,5,True,official_file_listing_confirmed,910,6459809695,897,S5J_cell4.mat,771,,True,copied
dryad_vq83bk3s8,Spatially displaced excitation contributes to the encoding of interrupted motion by the retinal direction-selective circuit,10.5061/dryad.vq83bk3s8,5,5,True,official_file_listing_confirmed,910,6459809695,898,S5J_cell5.mat,1133,,True,copied
dryad_vq83bk3s8,Spatially displaced excitation contributes to the encoding of interrupted motion by the retinal direction-selective circuit,10.5061/dryad.vq83bk3s8,5,5,True,official_file_listing_confirmed,910,6459809695,899,S5J_cell6.mat,1900,,True,copied
dryad_vq83bk3s8,Spatially displaced excitation contributes to the encoding of interrupted motion by the retinal direction-selective circuit,10.5061/dryad.vq83bk3s8,5,5,True,official_file_listing_confirmed,910,6459809695,900,S5J_cell7.mat,1149,,True,copied
dryad_vq83bk3s8,Spatially displaced excitation contributes to the encoding of interrupted motion by the retinal direction-selective circuit,10.5061/dryad.vq83bk3s8,5,5,True,official_file_listing_confirmed,910,6459809695,901,S5J_cell8.mat,976,,True,copied
dryad_vq83bk3s8,Spatially displaced excitation contributes to the encoding of interrupted motion by the retinal direction-selective circuit,10.5061/dryad.vq83bk3s8,5,5,True,official_file_listing_confirmed,910,6459809695,902,S5J_cell9.mat,1175,,True,copied
dryad_vq83bk3s8,Spatially displaced excitation contributes to the encoding of interrupted motion by the retinal direction-selective circuit,10.5061/dryad.vq83bk3s8,5,5,True,official_file_listing_confirmed,910,6459809695,903,S5K_cell1.mat,2558,,True,copied
dryad_vq83bk3s8,Spatially displaced excitation contributes to the encoding of interrupted motion by the retinal direction-selective circuit,10.5061/dryad.vq83bk3s8,5,5,True,official_file_listing_confirmed,910,6459809695,904,S5K_cell2.mat,1706,,True,copied
dryad_vq83bk3s8,Spatially displaced excitation contributes to the encoding of interrupted motion by the retinal direction-selective circuit,10.5061/dryad.vq83bk3s8,5,5,True,official_file_listing_confirmed,910,6459809695,905,S5K_cell3.mat,2013,,True,copied
dryad_vq83bk3s8,Spatially displaced excitation contributes to the encoding of interrupted motion by the retinal direction-selective circuit,10.5061/dryad.vq83bk3s8,5,5,True,official_file_listing_confirmed,910,6459809695,906,S5K_cell4.mat,3200,,True,copied
dryad_vq83bk3s8,Spatially displaced excitation contributes to the encoding of interrupted motion by the retinal direction-selective circuit,10.5061/dryad.vq83bk3s8,5,5,True,official_file_listing_confirmed,910,6459809695,907,S5K_cell5.mat,1208,,True,copied
dryad_vq83bk3s8,Spatially displaced excitation contributes to the encoding of interrupted motion by the retinal direction-selective circuit,10.5061/dryad.vq83bk3s8,5,5,True,official_file_listing_confirmed,910,6459809695,908,S5K_cell6.mat,2342,,True,copied
dryad_vq83bk3s8,Spatially displaced excitation contributes to the encoding of interrupted motion by the retinal direction-selective circuit,10.5061/dryad.vq83bk3s8,5,5,True,official_file_listing_confirmed,910,6459809695,909,S5K_cell7.mat,2928,,True,copied
dryad_vq83bk3s8,Spatially displaced excitation contributes to the encoding of interrupted motion by the retinal direction-selective circuit,10.5061/dryad.vq83bk3s8,5,5,True,official_file_listing_confirmed,910,6459809695,910,S5K_cell8.mat,2615,,True,copied
dryad_vx0k6djwf,Amacrine cells differentially balance zebrafish colour circuits in the central and peripheral retina,10.5061/dryad.vx0k6djwf,5,5,True,official_file_listing_confirmed,5,1599090854,1,AC_data.h5,327283620,,True,copied
dryad_vx0k6djwf,Amacrine cells differentially balance zebrafish colour circuits in the central and peripheral retina,10.5061/dryad.vx0k6djwf,5,5,True,official_file_listing_confirmed,5,1599090854,2,BCs_GCaMP3_5_paired.h5,121860976,,True,copied
dryad_vx0k6djwf,Amacrine cells differentially balance zebrafish colour circuits in the central and peripheral retina,10.5061/dryad.vx0k6djwf,5,5,True,official_file_listing_confirmed,5,1599090854,3,BCs_GCaMP8_Central.h5,565085800,,True,copied
dryad_vx0k6djwf,Amacrine cells differentially balance zebrafish colour circuits in the central and peripheral retina,10.5061/dryad.vx0k6djwf,5,5,True,official_file_listing_confirmed,5,1599090854,4,BCs_GCaMP8_Peripheral.h5,584858116,,True,copied
dryad_vx0k6djwf,Amacrine cells differentially balance zebrafish colour circuits in the central and peripheral retina,10.5061/dryad.vx0k6djwf,5,5,True,official_file_listing_confirmed,5,1599090854,5,README.md,2342,,True,copied
dryad_w3r228143,Photoreceptor loss does not recruit neutrophils despite strong microglial activation,10.5061/dryad.w3r228143,5,5,True,official_file_listing_confirmed,2,9123577630,1,Lesion_paper_data.zip,9123575986,application/x-zip-compressed,True,copied
dryad_w3r228143,Photoreceptor loss does not recruit neutrophils despite strong microglial activation,10.5061/dryad.w3r228143,5,5,True,official_file_listing_confirmed,2,9123577630,2,README.md,1644,text/markdown,True,created
dryad_wdbrv15rj,Natural disease history of a canine model of oligogenic RPGRIP1-cone-rod dystrophy establishes variable effects of previously and newly mapped modifier loci,10.5061/dryad.wdbrv15rj,5,5,True,official_file_listing_confirmed,19,212240699756,1,KM10_R1_001.fastq.gz,27260980935,application/x-gzip,True,copied
dryad_wdbrv15rj,Natural disease history of a canine model of oligogenic RPGRIP1-cone-rod dystrophy establishes variable effects of previously and newly mapped modifier loci,10.5061/dryad.wdbrv15rj,5,5,True,official_file_listing_confirmed,19,212240699756,2,KM10_R2_001.fastq.gz,27851859920,application/x-gzip,True,copied
dryad_wdbrv15rj,Natural disease history of a canine model of oligogenic RPGRIP1-cone-rod dystrophy establishes variable effects of previously and newly mapped modifier loci,10.5061/dryad.wdbrv15rj,5,5,True,official_file_listing_confirmed,19,212240699756,3,KM11_R1_001.fastq.gz,19552576097,application/x-gzip,True,copied
dryad_wdbrv15rj,Natural disease history of a canine model of oligogenic RPGRIP1-cone-rod dystrophy establishes variable effects of previously and newly mapped modifier loci,10.5061/dryad.wdbrv15rj,5,5,True,official_file_listing_confirmed,19,212240699756,4,KM11_R2_001.fastq.gz,19975837794,application/x-gzip,True,copied
dryad_wdbrv15rj,Natural disease history of a canine model of oligogenic RPGRIP1-cone-rod dystrophy establishes variable effects of previously and newly mapped modifier loci,10.5061/dryad.wdbrv15rj,5,5,True,official_file_listing_confirmed,19,212240699756,5,KM3_R1_001.fastq.gz,2707182834,application/x-gzip,True,copied
dryad_wdbrv15rj,Natural disease history of a canine model of oligogenic RPGRIP1-cone-rod dystrophy establishes variable effects of previously and newly mapped modifier loci,10.5061/dryad.wdbrv15rj,5,5,True,official_file_listing_confirmed,19,212240699756,6,KM3_R2_001.fastq.gz,2838707967,application/x-gzip,True,copied
dryad_wdbrv15rj,Natural disease history of a canine model of oligogenic RPGRIP1-cone-rod dystrophy establishes variable effects of previously and newly mapped modifier loci,10.5061/dryad.wdbrv15rj,5,5,True,official_file_listing_confirmed,19,212240699756,7,KM32_R1_001.fastq.gz,21768818661,application/x-gzip,True,copied
dryad_wdbrv15rj,Natural disease history of a canine model of oligogenic RPGRIP1-cone-rod dystrophy establishes variable effects of previously and newly mapped modifier loci,10.5061/dryad.wdbrv15rj,5,5,True,official_file_listing_confirmed,19,212240699756,8,KM32_R2_001.fastq.gz,22470554926,application/x-gzip,True,copied
dryad_wdbrv15rj,Natural disease history of a canine model of oligogenic RPGRIP1-cone-rod dystrophy establishes variable effects of previously and newly mapped modifier loci,10.5061/dryad.wdbrv15rj,5,5,True,official_file_listing_confirmed,19,212240699756,9,KM35_R1_001.fastq.gz,19575682524,application/x-gzip,True,copied
dryad_wdbrv15rj,Natural disease history of a canine model of oligogenic RPGRIP1-cone-rod dystrophy establishes variable effects of previously and newly mapped modifier loci,10.5061/dryad.wdbrv15rj,5,5,True,official_file_listing_confirmed,19,212240699756,10,KM35_R2_001.fastq.gz,20187724521,application/x-gzip,True,copied
dryad_wdbrv15rj,Natural disease history of a canine model of oligogenic RPGRIP1-cone-rod dystrophy establishes variable effects of previously and newly mapped modifier loci,10.5061/dryad.wdbrv15rj,5,5,True,official_file_listing_confirmed,19,212240699756,11,KM41_R1_001.fastq.gz,7794864879,application/x-gzip,True,copied
dryad_wdbrv15rj,Natural disease history of a canine model of oligogenic RPGRIP1-cone-rod dystrophy establishes variable effects of previously and newly mapped modifier loci,10.5061/dryad.wdbrv15rj,5,5,True,official_file_listing_confirmed,19,212240699756,12,KM41_R2_001.fastq.gz,8206468629,application/x-gzip,True,copied
dryad_wdbrv15rj,Natural disease history of a canine model of oligogenic RPGRIP1-cone-rod dystrophy establishes variable effects of previously and newly mapped modifier loci,10.5061/dryad.wdbrv15rj,5,5,True,official_file_listing_confirmed,19,212240699756,13,KM42_R1_001.fastq.gz,3267091261,application/x-gzip,True,copied
dryad_wdbrv15rj,Natural disease history of a canine model of oligogenic RPGRIP1-cone-rod dystrophy establishes variable effects of previously and newly mapped modifier loci,10.5061/dryad.wdbrv15rj,5,5,True,official_file_listing_confirmed,19,212240699756,14,KM42_R2_001.fastq.gz,3407202151,application/x-gzip,True,copied
dryad_wdbrv15rj,Natural disease history of a canine model of oligogenic RPGRIP1-cone-rod dystrophy establishes variable effects of previously and newly mapped modifier loci,10.5061/dryad.wdbrv15rj,5,5,True,official_file_listing_confirmed,19,212240699756,15,KM5_R1_001.fastq.gz,2597838301,application/x-gzip,True,copied
dryad_wdbrv15rj,Natural disease history of a canine model of oligogenic RPGRIP1-cone-rod dystrophy establishes variable effects of previously and newly mapped modifier loci,10.5061/dryad.wdbrv15rj,5,5,True,official_file_listing_confirmed,19,212240699756,16,KM5_R2_001.fastq.gz,2735669435,application/x-gzip,True,copied
dryad_wdbrv15rj,Natural disease history of a canine model of oligogenic RPGRIP1-cone-rod dystrophy establishes variable effects of previously and newly mapped modifier loci,10.5061/dryad.wdbrv15rj,5,5,True,official_file_listing_confirmed,19,212240699756,17,Miyadera.R.Samples.tfam,631,,True,copied
dryad_wdbrv15rj,Natural disease history of a canine model of oligogenic RPGRIP1-cone-rod dystrophy establishes variable effects of previously and newly mapped modifier loci,10.5061/dryad.wdbrv15rj,5,5,True,official_file_listing_confirmed,19,212240699756,18,Miyadera.R.Samples.tped,41636091,,True,copied
dryad_wdbrv15rj,Natural disease history of a canine model of oligogenic RPGRIP1-cone-rod dystrophy establishes variable effects of previously and newly mapped modifier loci,10.5061/dryad.wdbrv15rj,5,5,True,official_file_listing_confirmed,19,212240699756,19,README.txt,2199,text/plain,True,copied
dryad_wstqjq2n5,Data from: Spectral inference reveals principal cone-integration rules of the zebrafish inner retina,10.5061/dryad.wstqjq2n5,4,4,True,official_file_listing_confirmed,4,310559523,1,AllMeanTraces.csv,286882427,application/vnd.ms-excel,True,copied
dryad_wstqjq2n5,Data from: Spectral inference reveals principal cone-integration rules of the zebrafish inner retina,10.5061/dryad.wstqjq2n5,4,4,True,official_file_listing_confirmed,4,310559523,2,Info_for_csvs.txt,601,text/plain,True,copied
dryad_wstqjq2n5,Data from: Spectral inference reveals principal cone-integration rules of the zebrafish inner retina,10.5061/dryad.wstqjq2n5,4,4,True,official_file_listing_confirmed,4,310559523,3,Key_panels_in_IgorPro_Format.zip,15286617,application/x-zip-compressed,True,copied
dryad_wstqjq2n5,Data from: Spectral inference reveals principal cone-integration rules of the zebrafish inner retina,10.5061/dryad.wstqjq2n5,4,4,True,official_file_listing_confirmed,4,310559523,4,MetaDataAndWeights.csv,8389878,application/vnd.ms-excel,True,copied
dryad_x95x69pmq,Robust cone-mediated signaling persists late into rod photoreceptor degeneration,10.5061/dryad.x95x69pmq,5,5,True,official_file_listing_confirmed,20,5658900002,1,1257838NPRE_5M_20xz003.nd2,132472832,,True,copied
dryad_x95x69pmq,Robust cone-mediated signaling persists late into rod photoreceptor degeneration,10.5061/dryad.x95x69pmq,5,5,True,official_file_listing_confirmed,20,5658900002,2,1257838NPRE_5M_60xz004.nd2,84230144,,True,copied
dryad_x95x69pmq,Robust cone-mediated signaling persists late into rod photoreceptor degeneration,10.5061/dryad.x95x69pmq,5,5,True,official_file_listing_confirmed,20,5658900002,3,1274991L2LE_1M_20xz.nd2,113586176,,True,copied
dryad_x95x69pmq,Robust cone-mediated signaling persists late into rod photoreceptor degeneration,10.5061/dryad.x95x69pmq,5,5,True,official_file_listing_confirmed,20,5658900002,4,1274991L2LE_1M_60xz_2042.nd2,755363840,,True,copied
dryad_x95x69pmq,Robust cone-mediated signaling persists late into rod photoreceptor degeneration,10.5061/dryad.x95x69pmq,5,5,True,official_file_listing_confirmed,20,5658900002,5,2019-10-10-0_1257838NPLEMEA_5M_60xz001.nd2,642416640,,True,copied
dryad_x95x69pmq,Robust cone-mediated signaling persists late into rod photoreceptor degeneration,10.5061/dryad.x95x69pmq,5,5,True,official_file_listing_confirmed,20,5658900002,6,2020_11_19_LE_leftover_1M_60xz005.nd2,286027776,,True,copied
dryad_x95x69pmq,Robust cone-mediated signaling persists late into rod photoreceptor degeneration,10.5061/dryad.x95x69pmq,5,5,True,official_file_listing_confirmed,20,5658900002,7,2020_12_16_LE_leftover_WT_60xz001.nd2,288129024,,True,copied
dryad_x95x69pmq,Robust cone-mediated signaling persists late into rod photoreceptor degeneration,10.5061/dryad.x95x69pmq,5,5,True,official_file_listing_confirmed,20,5658900002,8,2020-05-19-0_7M_20xz005.nd2,157655040,,True,copied
dryad_x95x69pmq,Robust cone-mediated signaling persists late into rod photoreceptor degeneration,10.5061/dryad.x95x69pmq,5,5,True,official_file_listing_confirmed,20,5658900002,9,2020-05-19-0_7M_60xz006.nd2,126214144,,True,copied
dryad_x95x69pmq,Robust cone-mediated signaling persists late into rod photoreceptor degeneration,10.5061/dryad.x95x69pmq,5,5,True,official_file_listing_confirmed,20,5658900002,10,2020-05-19-0_7M_Cngb1KO_60xz001.nd2,247967744,,True,copied
dryad_x95x69pmq,Robust cone-mediated signaling persists late into rod photoreceptor degeneration,10.5061/dryad.x95x69pmq,5,5,True,official_file_listing_confirmed,20,5658900002,11,2020-12-16-0_WT_RE_20xz003.nd2,193310720,,True,copied
dryad_x95x69pmq,Robust cone-mediated signaling persists late into rod photoreceptor degeneration,10.5061/dryad.x95x69pmq,5,5,True,official_file_listing_confirmed,20,5658900002,12,2020-12-16-0_WT_RE_60xz004.nd2,201703424,,True,copied
dryad_x95x69pmq,Robust cone-mediated signaling persists late into rod photoreceptor degeneration,10.5061/dryad.x95x69pmq,5,5,True,official_file_listing_confirmed,20,5658900002,13,2021_01_07_LE_leftover_3M_60xz007.nd2,155746304,,True,copied
dryad_x95x69pmq,Robust cone-mediated signaling persists late into rod photoreceptor degeneration,10.5061/dryad.x95x69pmq,5,5,True,official_file_listing_confirmed,20,5658900002,14,2021-01-07-0_3M_RE_20xz.nd2,218488832,,True,copied
dryad_x95x69pmq,Robust cone-mediated signaling persists late into rod photoreceptor degeneration,10.5061/dryad.x95x69pmq,5,5,True,official_file_listing_confirmed,20,5658900002,15,2021-01-07-0_3M_RE_60xz002.nd2,226881536,,True,copied
dryad_x95x69pmq,Robust cone-mediated signaling persists late into rod photoreceptor degeneration,10.5061/dryad.x95x69pmq,5,5,True,official_file_listing_confirmed,20,5658900002,16,9M_2021_10_08_0_20xz_nozoom003.nd2,119955456,,True,copied
dryad_x95x69pmq,Robust cone-mediated signaling persists late into rod photoreceptor degeneration,10.5061/dryad.x95x69pmq,5,5,True,official_file_listing_confirmed,20,5658900002,17,9M_2021_10_08_0_4xz.nd2,768401408,,True,copied
dryad_x95x69pmq,Robust cone-mediated signaling persists late into rod photoreceptor degeneration,10.5061/dryad.x95x69pmq,5,5,True,official_file_listing_confirmed,20,5658900002,18,9M_mops_20xz001.nd2,537288704,,True,copied
dryad_x95x69pmq,Robust cone-mediated signaling persists late into rod photoreceptor degeneration,10.5061/dryad.x95x69pmq,5,5,True,official_file_listing_confirmed,20,5658900002,19,README.rtf,1570,text/rtf,True,copied
dryad_x95x69pmq,Robust cone-mediated signaling persists late into rod photoreceptor degeneration,10.5061/dryad.x95x69pmq,5,5,True,official_file_listing_confirmed,20,5658900002,20,WT_1274991L2LE1_mOPS500_20xz.nd2,403058688,,True,copied
dryad_xgxd254pk,"Supporting information for: Discrimination ability of central visual field testing using stimulus size I, II, and III and relationship with macular ganglion cell thickness in chiasmal compression",10.5061/dryad.xgxd254pk,5,5,True,official_file_listing_confirmed,2,42482,1,DISCRIMINATION.ABILITY.SUPPORTING_INFORMATION3.xlsx,39543,application/vnd.openxmlformats-officedocument.spreadsheetml.sheet,True,created
dryad_xgxd254pk,"Supporting information for: Discrimination ability of central visual field testing using stimulus size I, II, and III and relationship with macular ganglion cell thickness in chiasmal compression",10.5061/dryad.xgxd254pk,5,5,True,official_file_listing_confirmed,2,42482,2,README.md,2939,text/markdown,True,copied
dryad_xpnvx0kb6,"Data from: Oxidative stress in the retina and retinal pigment epithelium (RPE): role of aging, and DJ-1",10.5061/dryad.xpnvx0kb6,9,9,True,official_file_listing_confirmed,118,453212274,1,Dryad_Read_me.docx,20481,application/vnd.openxmlformats-officedocument.wordprocessingml.document,True,created
dryad_xpnvx0kb6,"Data from: Oxidative stress in the retina and retinal pigment epithelium (RPE): role of aging, and DJ-1",10.5061/dryad.xpnvx0kb6,9,9,True,official_file_listing_confirmed,118,453212274,2,Fig.1A-C57BL_NaIO3_-exp2_LM_Phall_10.3_Merg_Proc_ch00.tif,6458376,image/tiff,True,copied
dryad_xpnvx0kb6,"Data from: Oxidative stress in the retina and retinal pigment epithelium (RPE): role of aging, and DJ-1",10.5061/dryad.xpnvx0kb6,9,9,True,official_file_listing_confirmed,118,453212274,3,Fig.1A-C57BL_NaIO3_IP_IV-Phall_LM_IP20.1_Merg_Proc_ch00.tif,5471216,image/tiff,True,copied
dryad_xpnvx0kb6,"Data from: Oxidative stress in the retina and retinal pigment epithelium (RPE): role of aging, and DJ-1",10.5061/dryad.xpnvx0kb6,9,9,True,official_file_listing_confirmed,118,453212274,4,Fig.1A-C57BL_NaIO3_IP_IV-Phall_LM_IVC15.2_Merg_Proc_ch00.tif,7156252,image/tiff,True,copied
dryad_xpnvx0kb6,"Data from: Oxidative stress in the retina and retinal pigment epithelium (RPE): role of aging, and DJ-1",10.5061/dryad.xpnvx0kb6,9,9,True,official_file_listing_confirmed,118,453212274,5,Fig.1A-C57BL_PBS_-exp2_LM_Phall_3380_Merg_Proc_ch00.tif,8723552,image/tiff,True,copied
dryad_xpnvx0kb6,"Data from: Oxidative stress in the retina and retinal pigment epithelium (RPE): role of aging, and DJ-1",10.5061/dryad.xpnvx0kb6,9,9,True,official_file_listing_confirmed,118,453212274,6,Fig.1A-DJ-1_KO_NaIO3_IV_IVD10.2_Merg_Proc_ch00.tif,5970552,image/tiff,True,copied
dryad_xpnvx0kb6,"Data from: Oxidative stress in the retina and retinal pigment epithelium (RPE): role of aging, and DJ-1",10.5061/dryad.xpnvx0kb6,9,9,True,official_file_listing_confirmed,118,453212274,7,Fig.1A-DJ-1_KO_NaIO3_IV_IVD20.2_Merg_Proc_ch00.tif,7104228,image/tiff,True,copied
dryad_xpnvx0kb6,"Data from: Oxidative stress in the retina and retinal pigment epithelium (RPE): role of aging, and DJ-1",10.5061/dryad.xpnvx0kb6,9,9,True,official_file_listing_confirmed,118,453212274,8,Fig.1A-DJ-1_KO_PBS2_LM_Phall_10x-01_Merg_ProcSnapshot_ch00.tif,1111780,image/tiff,True,copied
dryad_xpnvx0kb6,"Data from: Oxidative stress in the retina and retinal pigment epithelium (RPE): role of aging, and DJ-1",10.5061/dryad.xpnvx0kb6,9,9,True,official_file_listing_confirmed,118,453212274,9,Fig.1A-DJKO_NaIO3_IP_IV-Phall_LM_IVD15.2_Merg_Proc_ch00.tif,6727488,image/tiff,True,copied
dryad_xpnvx0kb6,"Data from: Oxidative stress in the retina and retinal pigment epithelium (RPE): role of aging, and DJ-1",10.5061/dryad.xpnvx0kb6,9,9,True,official_file_listing_confirmed,118,453212274,10,Fig.1B-1150-01.tif,10967812,image/tiff,True,copied
dryad_xpnvx0kb6,"Data from: Oxidative stress in the retina and retinal pigment epithelium (RPE): role of aging, and DJ-1",10.5061/dryad.xpnvx0kb6,9,9,True,official_file_listing_confirmed,118,453212274,11,Fig.1B-1152-01.tif,8581154,image/tiff,True,copied
dryad_xpnvx0kb6,"Data from: Oxidative stress in the retina and retinal pigment epithelium (RPE): role of aging, and DJ-1",10.5061/dryad.xpnvx0kb6,9,9,True,official_file_listing_confirmed,118,453212274,12,Fig.1B-1155-Experiment-90-Extended_Depth_of_Focus-12-Unsharp_Mask-13.tif,13008562,image/tiff,True,copied
dryad_xpnvx0kb6,"Data from: Oxidative stress in the retina and retinal pigment epithelium (RPE): role of aging, and DJ-1",10.5061/dryad.xpnvx0kb6,9,9,True,official_file_listing_confirmed,118,453212274,13,Fig.1B-646-01.tif,12420868,image/tiff,True,copied
dryad_xpnvx0kb6,"Data from: Oxidative stress in the retina and retinal pigment epithelium (RPE): role of aging, and DJ-1",10.5061/dryad.xpnvx0kb6,9,9,True,official_file_listing_confirmed,118,453212274,14,Fig.1B-787.tif,12595506,image/tiff,True,copied
dryad_xpnvx0kb6,"Data from: Oxidative stress in the retina and retinal pigment epithelium (RPE): role of aging, and DJ-1",10.5061/dryad.xpnvx0kb6,9,9,True,official_file_listing_confirmed,118,453212274,15,Fig.1B-791-01.tif,12488918,image/tiff,True,copied
dryad_xpnvx0kb6,"Data from: Oxidative stress in the retina and retinal pigment epithelium (RPE): role of aging, and DJ-1",10.5061/dryad.xpnvx0kb6,9,9,True,official_file_listing_confirmed,118,453212274,16,Fig.1B-834.4.tif,12434164,image/tiff,True,copied
dryad_xpnvx0kb6,"Data from: Oxidative stress in the retina and retinal pigment epithelium (RPE): role of aging, and DJ-1",10.5061/dryad.xpnvx0kb6,9,9,True,official_file_listing_confirmed,118,453212274,17,Fig.1B-993-01.tif,11104816,image/tiff,True,copied
dryad_xpnvx0kb6,"Data from: Oxidative stress in the retina and retinal pigment epithelium (RPE): role of aging, and DJ-1",10.5061/dryad.xpnvx0kb6,9,9,True,official_file_listing_confirmed,118,453212274,18,Fig.1C-RPE_degenerated_area_(FM).pzfx,21192,application/x-graphpad-prism-pzfx,True,copied
dryad_xpnvx0kb6,"Data from: Oxidative stress in the retina and retinal pigment epithelium (RPE): role of aging, and DJ-1",10.5061/dryad.xpnvx0kb6,9,9,True,official_file_listing_confirmed,118,453212274,19,Fig.1D-Measurement_of_degeneration_area.xlsx,938872,application/vnd.openxmlformats-officedocument.spreadsheetml.sheet,True,copied
dryad_xpnvx0kb6,"Data from: Oxidative stress in the retina and retinal pigment epithelium (RPE): role of aging, and DJ-1",10.5061/dryad.xpnvx0kb6,9,9,True,official_file_listing_confirmed,118,453212274,20,Fig.2A-GFAP-C3_01_Merg_Proc.tif,1868256,image/tiff,True,copied
dryad_xpnvx0kb6,"Data from: Oxidative stress in the retina and retinal pigment epithelium (RPE): role of aging, and DJ-1",10.5061/dryad.xpnvx0kb6,9,9,True,official_file_listing_confirmed,118,453212274,21,Fig.2A-GFAP-C57-6.4.1_01_Merg_Proc.tif,2805416,image/tiff,True,copied
dryad_xpnvx0kb6,"Data from: Oxidative stress in the retina and retinal pigment epithelium (RPE): role of aging, and DJ-1",10.5061/dryad.xpnvx0kb6,9,9,True,official_file_listing_confirmed,118,453212274,22,Fig.2A-GFAP-DJ62.1.5_02_Merg_Proc.tif,762420,image/tiff,True,copied
dryad_xpnvx0kb6,"Data from: Oxidative stress in the retina and retinal pigment epithelium (RPE): role of aging, and DJ-1",10.5061/dryad.xpnvx0kb6,9,9,True,official_file_listing_confirmed,118,453212274,23,Fig.2A-GFAP-DJ7_03_Merg_Proc.tif,2178804,image/tiff,True,copied
dryad_xpnvx0kb6,"Data from: Oxidative stress in the retina and retinal pigment epithelium (RPE): role of aging, and DJ-1",10.5061/dryad.xpnvx0kb6,9,9,True,official_file_listing_confirmed,118,453212274,24,Fig.2A-GFAP-DJ75.4.2_01_Merg_Proc.tif,1205036,image/tiff,True,copied
dryad_xpnvx0kb6,"Data from: Oxidative stress in the retina and retinal pigment epithelium (RPE): role of aging, and DJ-1",10.5061/dryad.xpnvx0kb6,9,9,True,official_file_listing_confirmed,118,453212274,25,Fig.2A-GFAP-DJ75.4.3_01_Merg_Proc.tif,1271884,image/tiff,True,copied
dryad_xpnvx0kb6,"Data from: Oxidative stress in the retina and retinal pigment epithelium (RPE): role of aging, and DJ-1",10.5061/dryad.xpnvx0kb6,9,9,True,official_file_listing_confirmed,118,453212274,26,Fig.2A-GFAP-IVC10.2_02_Merg_Proc.tif,1622784,image/tiff,True,copied
dryad_xpnvx0kb6,"Data from: Oxidative stress in the retina and retinal pigment epithelium (RPE): role of aging, and DJ-1",10.5061/dryad.xpnvx0kb6,9,9,True,official_file_listing_confirmed,118,453212274,27,Fig.2A-GFAP-IVCPBS1_01_Merg_Proc.tif,1495120,image/tiff,True,copied
dryad_xpnvx0kb6,"Data from: Oxidative stress in the retina and retinal pigment epithelium (RPE): role of aging, and DJ-1",10.5061/dryad.xpnvx0kb6,9,9,True,official_file_listing_confirmed,118,453212274,28,Fig.2B-NR-C3_02_Merg_Proc.tif,3354476,image/tiff,True,copied
dryad_xpnvx0kb6,"Data from: Oxidative stress in the retina and retinal pigment epithelium (RPE): role of aging, and DJ-1",10.5061/dryad.xpnvx0kb6,9,9,True,official_file_listing_confirmed,118,453212274,29,Fig.2B-NR-C576.4.2_01_Merg_Proc.tif,5579812,image/tiff,True,copied
dryad_xpnvx0kb6,"Data from: Oxidative stress in the retina and retinal pigment epithelium (RPE): role of aging, and DJ-1",10.5061/dryad.xpnvx0kb6,9,9,True,official_file_listing_confirmed,118,453212274,30,Fig.2B-NR-CPBS1_01_Merg_Proc.tif,6115996,image/tiff,True,copied
dryad_xpnvx0kb6,"Data from: Oxidative stress in the retina and retinal pigment epithelium (RPE): role of aging, and DJ-1",10.5061/dryad.xpnvx0kb6,9,9,True,official_file_listing_confirmed,118,453212274,31,Fig.2B-NR-DJ44.2.3_02_Merg_Proc.tif,6609412,image/tiff,True,copied
dryad_xpnvx0kb6,"Data from: Oxidative stress in the retina and retinal pigment epithelium (RPE): role of aging, and DJ-1",10.5061/dryad.xpnvx0kb6,9,9,True,official_file_listing_confirmed,118,453212274,32,Fig.2B-NR-DJ62.1.5_03_Merg_Proc.tif,6262824,image/tiff,True,copied
dryad_xpnvx0kb6,"Data from: Oxidative stress in the retina and retinal pigment epithelium (RPE): role of aging, and DJ-1",10.5061/dryad.xpnvx0kb6,9,9,True,official_file_listing_confirmed,118,453212274,33,Fig.2B-NR-DJ7_02_Merg_Proc.tif,8321048,image/tiff,True,copied
dryad_xpnvx0kb6,"Data from: Oxidative stress in the retina and retinal pigment epithelium (RPE): role of aging, and DJ-1",10.5061/dryad.xpnvx0kb6,9,9,True,official_file_listing_confirmed,118,453212274,34,Fig.2B-NR-DJ75.4.3_02_Merg_Proc.tif,3728132,image/tiff,True,copied
dryad_xpnvx0kb6,"Data from: Oxidative stress in the retina and retinal pigment epithelium (RPE): role of aging, and DJ-1",10.5061/dryad.xpnvx0kb6,9,9,True,official_file_listing_confirmed,118,453212274,35,Fig.2B-NR-IVC10.2_01_Merg_Proc.tif,6834664,image/tiff,True,copied
dryad_xpnvx0kb6,"Data from: Oxidative stress in the retina and retinal pigment epithelium (RPE): role of aging, and DJ-1",10.5061/dryad.xpnvx0kb6,9,9,True,official_file_listing_confirmed,118,453212274,36,Fig.2C-AGE_DJ75.4.3_02_Merging_Processed001_ch01.tif,1957640,image/tiff,True,copied
dryad_xpnvx0kb6,"Data from: Oxidative stress in the retina and retinal pigment epithelium (RPE): role of aging, and DJ-1",10.5061/dryad.xpnvx0kb6,9,9,True,official_file_listing_confirmed,118,453212274,37,Fig.2C-AGE_IVC10.4_02_Merging_Processed001_ch01.tif,1510636,image/tiff,True,copied
dryad_xpnvx0kb6,"Data from: Oxidative stress in the retina and retinal pigment epithelium (RPE): role of aging, and DJ-1",10.5061/dryad.xpnvx0kb6,9,9,True,official_file_listing_confirmed,118,453212274,38,Fig.2C-AGE-C2_01_Merg.tif,2941252,image/tiff,True,copied
dryad_xpnvx0kb6,"Data from: Oxidative stress in the retina and retinal pigment epithelium (RPE): role of aging, and DJ-1",10.5061/dryad.xpnvx0kb6,9,9,True,official_file_listing_confirmed,118,453212274,39,Fig.2C-AGE-c6.4.1_01_Merg.tif,1543056,image/tiff,True,copied
dryad_xpnvx0kb6,"Data from: Oxidative stress in the retina and retinal pigment epithelium (RPE): role of aging, and DJ-1",10.5061/dryad.xpnvx0kb6,9,9,True,official_file_listing_confirmed,118,453212274,40,Fig.2C-AGE-DJ44.2.3_002_Merg.tif,2372000,image/tiff,True,copied
dryad_xpnvx0kb6,"Data from: Oxidative stress in the retina and retinal pigment epithelium (RPE): role of aging, and DJ-1",10.5061/dryad.xpnvx0kb6,9,9,True,official_file_listing_confirmed,118,453212274,41,Fig.2C-AGE-DJ7_01_Merg.tif,2079820,image/tiff,True,copied
dryad_xpnvx0kb6,"Data from: Oxidative stress in the retina and retinal pigment epithelium (RPE): role of aging, and DJ-1",10.5061/dryad.xpnvx0kb6,9,9,True,official_file_listing_confirmed,118,453212274,42,Fig.2C-AGE-ivcpbs2_01_Merg.tif,2124096,image/tiff,True,copied
dryad_xpnvx0kb6,"Data from: Oxidative stress in the retina and retinal pigment epithelium (RPE): role of aging, and DJ-1",10.5061/dryad.xpnvx0kb6,9,9,True,official_file_listing_confirmed,118,453212274,43,Fig.2C-AGE.lif_Dj3_01_Merg_Proc_R&B.tif,1874488,image/tiff,True,copied
dryad_xpnvx0kb6,"Data from: Oxidative stress in the retina and retinal pigment epithelium (RPE): role of aging, and DJ-1",10.5061/dryad.xpnvx0kb6,9,9,True,official_file_listing_confirmed,118,453212274,44,Fig.2D-Nile_Red.pzfx,102198,application/x-graphpad-prism-pzfx,True,copied
dryad_xpnvx0kb6,"Data from: Oxidative stress in the retina and retinal pigment epithelium (RPE): role of aging, and DJ-1",10.5061/dryad.xpnvx0kb6,9,9,True,official_file_listing_confirmed,118,453212274,45,Fig.2E-Age-quant_Two-way_anova.pzfx,28240,application/x-graphpad-prism-pzfx,True,copied
dryad_xpnvx0kb6,"Data from: Oxidative stress in the retina and retinal pigment epithelium (RPE): role of aging, and DJ-1",10.5061/dryad.xpnvx0kb6,9,9,True,official_file_listing_confirmed,118,453212274,46,Fig.3A-Two-way_anova_qPCR_analysis_-_all_gene_Retina_aging.pzfx,108590,application/x-graphpad-prism-pzfx,True,copied
dryad_xpnvx0kb6,"Data from: Oxidative stress in the retina and retinal pigment epithelium (RPE): role of aging, and DJ-1",10.5061/dryad.xpnvx0kb6,9,9,True,official_file_listing_confirmed,118,453212274,47,Fig.3B-qPCR_analysis_-_Prdx1-RPE-aging.pzfx,14536,application/x-graphpad-prism-pzfx,True,copied
dryad_xpnvx0kb6,"Data from: Oxidative stress in the retina and retinal pigment epithelium (RPE): role of aging, and DJ-1",10.5061/dryad.xpnvx0kb6,9,9,True,official_file_listing_confirmed,118,453212274,48,Fig.3B-qPCR_analysis_-_SOD2_RPE_aging.pzfx,14583,application/x-graphpad-prism-pzfx,True,copied
dryad_xpnvx0kb6,"Data from: Oxidative stress in the retina and retinal pigment epithelium (RPE): role of aging, and DJ-1",10.5061/dryad.xpnvx0kb6,9,9,True,official_file_listing_confirmed,118,453212274,49,Fig.3B-qPCR_analysis-_Nrf2_RPE_aging.pzfx,15766,application/x-graphpad-prism-pzfx,True,copied
dryad_xpnvx0kb6,"Data from: Oxidative stress in the retina and retinal pigment epithelium (RPE): role of aging, and DJ-1",10.5061/dryad.xpnvx0kb6,9,9,True,official_file_listing_confirmed,118,453212274,50,Fig.3B-qPCR_analysis-_SOD1_RPE_aging.pzfx,75889,application/x-graphpad-prism-pzfx,True,copied
dryad_xpnvx0kb6,"Data from: Oxidative stress in the retina and retinal pigment epithelium (RPE): role of aging, and DJ-1",10.5061/dryad.xpnvx0kb6,9,9,True,official_file_listing_confirmed,118,453212274,51,Fig.3C-Two-way_anova_qPCR_analysis_-_all_gene_RETINA_3mo.pzfx,102500,application/x-graphpad-prism-pzfx,True,copied
dryad_xpnvx0kb6,"Data from: Oxidative stress in the retina and retinal pigment epithelium (RPE): role of aging, and DJ-1",10.5061/dryad.xpnvx0kb6,9,9,True,official_file_listing_confirmed,118,453212274,52,Fig.3D-Two-way_anova_qPCR_analysis_-_all_gene_RPE_3mo.pzfx,101189,application/x-graphpad-prism-pzfx,True,copied
dryad_xpnvx0kb6,"Data from: Oxidative stress in the retina and retinal pigment epithelium (RPE): role of aging, and DJ-1",10.5061/dryad.xpnvx0kb6,9,9,True,official_file_listing_confirmed,118,453212274,53,Fig.3E-Two-way_anova_qPCR_analysis_-_all_gene_Retina_15mo.pzfx,108528,application/x-graphpad-prism-pzfx,True,copied
dryad_xpnvx0kb6,"Data from: Oxidative stress in the retina and retinal pigment epithelium (RPE): role of aging, and DJ-1",10.5061/dryad.xpnvx0kb6,9,9,True,official_file_listing_confirmed,118,453212274,54,Fig.3F-Two-way_anova_qPCR_analysis_-_all_gene_RPE_15mo.pzfx,99460,application/x-graphpad-prism-pzfx,True,copied
dryad_xpnvx0kb6,"Data from: Oxidative stress in the retina and retinal pigment epithelium (RPE): role of aging, and DJ-1",10.5061/dryad.xpnvx0kb6,9,9,True,official_file_listing_confirmed,118,453212274,55,Fig.4A-Bactin_C57_ret_lane1to4-3mo_lane5to8-15mo.tif,415008,image/tiff,True,copied
dryad_xpnvx0kb6,"Data from: Oxidative stress in the retina and retinal pigment epithelium (RPE): role of aging, and DJ-1",10.5061/dryad.xpnvx0kb6,9,9,True,official_file_listing_confirmed,118,453212274,56,Fig.4A-Bactin_DJKO_ret_lane1to4-3mo_lane5to7-15mo.tif,415968,image/tiff,True,copied
dryad_xpnvx0kb6,"Data from: Oxidative stress in the retina and retinal pigment epithelium (RPE): role of aging, and DJ-1",10.5061/dryad.xpnvx0kb6,9,9,True,official_file_listing_confirmed,118,453212274,57,Fig.4A-DJ1-C57_ret_lane1to4-3mo_lane5to7-15mo.tif,577516,image/tiff,True,copied
dryad_xpnvx0kb6,"Data from: Oxidative stress in the retina and retinal pigment epithelium (RPE): role of aging, and DJ-1",10.5061/dryad.xpnvx0kb6,9,9,True,official_file_listing_confirmed,118,453212274,58,Fig.4A-DJ1-DJKO_ret_lane1to4-3mo_lane5to7-15mo.tif,404420,image/tiff,True,copied
dryad_xpnvx0kb6,"Data from: Oxidative stress in the retina and retinal pigment epithelium (RPE): role of aging, and DJ-1",10.5061/dryad.xpnvx0kb6,9,9,True,official_file_listing_confirmed,118,453212274,59,Fig.4A-Prdx1-C57_ret_lane1to4-3mo_lane5to8-15mo.tif,605540,image/tiff,True,copied
dryad_xpnvx0kb6,"Data from: Oxidative stress in the retina and retinal pigment epithelium (RPE): role of aging, and DJ-1",10.5061/dryad.xpnvx0kb6,9,9,True,official_file_listing_confirmed,118,453212274,60,Fig.4A-Prdx1-DJKO_ret_lane1to4-3mo_lane5to7-15mo.tif,685704,image/tiff,True,copied
dryad_xpnvx0kb6,"Data from: Oxidative stress in the retina and retinal pigment epithelium (RPE): role of aging, and DJ-1",10.5061/dryad.xpnvx0kb6,9,9,True,official_file_listing_confirmed,118,453212274,61,Fig.4A-SOD1-C57_ret_lane1to4-3mo_lane5to8-15mo.tif,602968,image/tiff,True,copied
dryad_xpnvx0kb6,"Data from: Oxidative stress in the retina and retinal pigment epithelium (RPE): role of aging, and DJ-1",10.5061/dryad.xpnvx0kb6,9,9,True,official_file_listing_confirmed,118,453212274,62,Fig.4A-SOD1-DJKO_ret_lane1to4-3mo_5to7-15mo.tif,658232,image/tiff,True,copied
dryad_xpnvx0kb6,"Data from: Oxidative stress in the retina and retinal pigment epithelium (RPE): role of aging, and DJ-1",10.5061/dryad.xpnvx0kb6,9,9,True,official_file_listing_confirmed,118,453212274,63,Fig.4B-WB_REt-SOD1-DJ1-Prdx1-aging-10-3-19.pzfx,73303,application/x-graphpad-prism-pzfx,True,copied
dryad_xpnvx0kb6,"Data from: Oxidative stress in the retina and retinal pigment epithelium (RPE): role of aging, and DJ-1",10.5061/dryad.xpnvx0kb6,9,9,True,official_file_listing_confirmed,118,453212274,64,Fig.4C-Bactin-C57_RPE_lane1to4-3mo_lane5to7-15mo.tif,543240,image/tiff,True,copied
dryad_xpnvx0kb6,"Data from: Oxidative stress in the retina and retinal pigment epithelium (RPE): role of aging, and DJ-1",10.5061/dryad.xpnvx0kb6,9,9,True,official_file_listing_confirmed,118,453212274,65,Fig.4C-bactin-DJKO_RPE_lane1to3-3mo_lane4to7-15mo.tif,194408,image/tiff,True,copied
dryad_xpnvx0kb6,"Data from: Oxidative stress in the retina and retinal pigment epithelium (RPE): role of aging, and DJ-1",10.5061/dryad.xpnvx0kb6,9,9,True,official_file_listing_confirmed,118,453212274,66,Fig.4C-DJ1-C57_RPE_lane1to4-3mo_lane5to7-15mo.tif,508616,image/tiff,True,copied
dryad_xpnvx0kb6,"Data from: Oxidative stress in the retina and retinal pigment epithelium (RPE): role of aging, and DJ-1",10.5061/dryad.xpnvx0kb6,9,9,True,official_file_listing_confirmed,118,453212274,67,Fig.4C-DJ1-DJKO_RPE_lane1to3-3mo_lane4to7-15mo.tif,487908,image/tiff,True,copied
dryad_xpnvx0kb6,"Data from: Oxidative stress in the retina and retinal pigment epithelium (RPE): role of aging, and DJ-1",10.5061/dryad.xpnvx0kb6,9,9,True,official_file_listing_confirmed,118,453212274,68,Fig.4C-Prdx1-C57-RPE-lane1to4-3mo_lane5to7-15mo.tif,545144,image/tiff,True,copied
dryad_xpnvx0kb6,"Data from: Oxidative stress in the retina and retinal pigment epithelium (RPE): role of aging, and DJ-1",10.5061/dryad.xpnvx0kb6,9,9,True,official_file_listing_confirmed,118,453212274,69,Fig.4C-Prdx1-DJKO_RPE_lane1to3-3mo_lane4to7-15mo.tif,448372,image/tiff,True,copied
dryad_xpnvx0kb6,"Data from: Oxidative stress in the retina and retinal pigment epithelium (RPE): role of aging, and DJ-1",10.5061/dryad.xpnvx0kb6,9,9,True,official_file_listing_confirmed,118,453212274,70,Fig.4C-sod1-C57_RPE_lane1to4-3mo_lane5to7-15mo.tif,553608,image/tiff,True,copied
dryad_xpnvx0kb6,"Data from: Oxidative stress in the retina and retinal pigment epithelium (RPE): role of aging, and DJ-1",10.5061/dryad.xpnvx0kb6,9,9,True,official_file_listing_confirmed,118,453212274,71,Fig.4C-sod1-DJKO_RPE_lane1to3-3mo_lane4to7-15mo.tif,399992,image/tiff,True,copied
dryad_xpnvx0kb6,"Data from: Oxidative stress in the retina and retinal pigment epithelium (RPE): role of aging, and DJ-1",10.5061/dryad.xpnvx0kb6,9,9,True,official_file_listing_confirmed,118,453212274,72,Fig.4D-WB-RPE-SOD1-Prdx1-Dj1_quant_10-9-19.pzfx,67825,application/x-graphpad-prism-pzfx,True,copied
dryad_xpnvx0kb6,"Data from: Oxidative stress in the retina and retinal pigment epithelium (RPE): role of aging, and DJ-1",10.5061/dryad.xpnvx0kb6,9,9,True,official_file_listing_confirmed,118,453212274,73,Figure_legends.docx,18335,application/vnd.openxmlformats-officedocument.wordprocessingml.document,True,copied
dryad_xpnvx0kb6,"Data from: Oxidative stress in the retina and retinal pigment epithelium (RPE): role of aging, and DJ-1",10.5061/dryad.xpnvx0kb6,9,9,True,official_file_listing_confirmed,118,453212274,74,KO_PBS___KO_NaIO3_retina.csv,557783,text/csv,True,copied
dryad_xpnvx0kb6,"Data from: Oxidative stress in the retina and retinal pigment epithelium (RPE): role of aging, and DJ-1",10.5061/dryad.xpnvx0kb6,9,9,True,official_file_listing_confirmed,118,453212274,75,KO_PBS___KO_NaIO3_RPE.csv,506985,text/csv,True,copied
dryad_xpnvx0kb6,"Data from: Oxidative stress in the retina and retinal pigment epithelium (RPE): role of aging, and DJ-1",10.5061/dryad.xpnvx0kb6,9,9,True,official_file_listing_confirmed,118,453212274,76,List_of_samples_in_figures.docx,15520,application/vnd.openxmlformats-officedocument.wordprocessingml.document,True,copied
dryad_xpnvx0kb6,"Data from: Oxidative stress in the retina and retinal pigment epithelium (RPE): role of aging, and DJ-1",10.5061/dryad.xpnvx0kb6,9,9,True,official_file_listing_confirmed,118,453212274,77,Suppl._Fig1-Degenerated_Area_quantied,898352,application/octet-stream,True,copied
dryad_xpnvx0kb6,"Data from: Oxidative stress in the retina and retinal pigment epithelium (RPE): role of aging, and DJ-1",10.5061/dryad.xpnvx0kb6,9,9,True,official_file_listing_confirmed,118,453212274,78,Suppl._Fig2-C57&DJ-1KO_NaIO3_exp-_Phall_HM_IVC15.2-01_Proc_ch00.tif,288784,image/tiff,True,copied
dryad_xpnvx0kb6,"Data from: Oxidative stress in the retina and retinal pigment epithelium (RPE): role of aging, and DJ-1",10.5061/dryad.xpnvx0kb6,9,9,True,official_file_listing_confirmed,118,453212274,79,Suppl._Fig2-C57&DJ-1KO_NaIO3_exp-_Phall_HM_IVD10.3-01_Proc_ch00.tif,334284,image/tiff,True,copied
dryad_xpnvx0kb6,"Data from: Oxidative stress in the retina and retinal pigment epithelium (RPE): role of aging, and DJ-1",10.5061/dryad.xpnvx0kb6,9,9,True,official_file_listing_confirmed,118,453212274,80,Suppl._Fig2-C57&DJ-1KO_NaIO3_exp-_Phall_HM_IVD15.2-05_Proc_ch00.tif,335996,image/tiff,True,copied
dryad_xpnvx0kb6,"Data from: Oxidative stress in the retina and retinal pigment epithelium (RPE): role of aging, and DJ-1",10.5061/dryad.xpnvx0kb6,9,9,True,official_file_listing_confirmed,118,453212274,81,Suppl._Fig2-C57BL_NaIO3_exp-_Phall_HM_3376-02_Processed001_ch00.tif,813200,image/tiff,True,copied
dryad_xpnvx0kb6,"Data from: Oxidative stress in the retina and retinal pigment epithelium (RPE): role of aging, and DJ-1",10.5061/dryad.xpnvx0kb6,9,9,True,official_file_listing_confirmed,118,453212274,82,Suppl._Fig2-C57BL_NaIO3_exp-_Phall_HM_3404-11_Processed001Snapshot1_ch00.tif,987322,image/tiff,True,copied
dryad_xpnvx0kb6,"Data from: Oxidative stress in the retina and retinal pigment epithelium (RPE): role of aging, and DJ-1",10.5061/dryad.xpnvx0kb6,9,9,True,official_file_listing_confirmed,118,453212274,83,Suppl._Fig2-C57BL_NaIO3_exp-_Phall_HM_3407-03_Processed001_ch00.tif,812476,image/tiff,True,copied
dryad_xpnvx0kb6,"Data from: Oxidative stress in the retina and retinal pigment epithelium (RPE): role of aging, and DJ-1",10.5061/dryad.xpnvx0kb6,9,9,True,official_file_listing_confirmed,118,453212274,84,Suppl._Fig2-DJ-1_KO_NaIO3_exp-Phall_HM_3363-04_Processed001_s0_ch00.tif,814760,image/tiff,True,copied
dryad_xpnvx0kb6,"Data from: Oxidative stress in the retina and retinal pigment epithelium (RPE): role of aging, and DJ-1",10.5061/dryad.xpnvx0kb6,9,9,True,official_file_listing_confirmed,118,453212274,85,Suppl._Fig2-DJ-1_KO_NaIO3_exp-Phall_HM_3364-02_Processed001_ch00.tif,815164,image/tiff,True,copied
dryad_xpnvx0kb6,"Data from: Oxidative stress in the retina and retinal pigment epithelium (RPE): role of aging, and DJ-1",10.5061/dryad.xpnvx0kb6,9,9,True,official_file_listing_confirmed,118,453212274,86,Suppl._Fig3-TB-1152-3mo-naio3-dj.tif,6295592,image/tiff,True,copied
dryad_xpnvx0kb6,"Data from: Oxidative stress in the retina and retinal pigment epithelium (RPE): role of aging, and DJ-1",10.5061/dryad.xpnvx0kb6,9,9,True,official_file_listing_confirmed,118,453212274,87,Suppl._Fig3-TB-1155-15mo-pbs_dj.tif,36737860,image/tiff,True,copied
dryad_xpnvx0kb6,"Data from: Oxidative stress in the retina and retinal pigment epithelium (RPE): role of aging, and DJ-1",10.5061/dryad.xpnvx0kb6,9,9,True,official_file_listing_confirmed,118,453212274,88,Suppl._Fig3-TB-642-3mo-pbs_dj.tif,14026484,image/tiff,True,copied
dryad_xpnvx0kb6,"Data from: Oxidative stress in the retina and retinal pigment epithelium (RPE): role of aging, and DJ-1",10.5061/dryad.xpnvx0kb6,9,9,True,official_file_listing_confirmed,118,453212274,89,Suppl._Fig3-TB-646-3mo-pbs.tif,19770840,image/tiff,True,copied
dryad_xpnvx0kb6,"Data from: Oxidative stress in the retina and retinal pigment epithelium (RPE): role of aging, and DJ-1",10.5061/dryad.xpnvx0kb6,9,9,True,official_file_listing_confirmed,118,453212274,90,Suppl._Fig3-TB-694-3mo-naio3.tif,19960660,image/tiff,True,copied
dryad_xpnvx0kb6,"Data from: Oxidative stress in the retina and retinal pigment epithelium (RPE): role of aging, and DJ-1",10.5061/dryad.xpnvx0kb6,9,9,True,official_file_listing_confirmed,118,453212274,91,Suppl._Fig3-TB-787-15mo-naio3.tif,19874292,image/tiff,True,copied
dryad_xpnvx0kb6,"Data from: Oxidative stress in the retina and retinal pigment epithelium (RPE): role of aging, and DJ-1",10.5061/dryad.xpnvx0kb6,9,9,True,official_file_listing_confirmed,118,453212274,92,Suppl._Fig3-TB-791-15mo-naio3_dj.tif,21179472,image/tiff,True,copied
dryad_xpnvx0kb6,"Data from: Oxidative stress in the retina and retinal pigment epithelium (RPE): role of aging, and DJ-1",10.5061/dryad.xpnvx0kb6,9,9,True,official_file_listing_confirmed,118,453212274,93,Suppl._Fig3-TB-993-15mo-pbs.tif,19871480,image/tiff,True,copied
dryad_xpnvx0kb6,"Data from: Oxidative stress in the retina and retinal pigment epithelium (RPE): role of aging, and DJ-1",10.5061/dryad.xpnvx0kb6,9,9,True,official_file_listing_confirmed,118,453212274,94,Suppl._Fig4-GS-C2_sec2_C2_sec2_Merg_Proc.tif,1211080,image/tiff,True,copied
dryad_xpnvx0kb6,"Data from: Oxidative stress in the retina and retinal pigment epithelium (RPE): role of aging, and DJ-1",10.5061/dryad.xpnvx0kb6,9,9,True,official_file_listing_confirmed,118,453212274,95,Suppl._Fig4-GS-C6.4.1_sec1_C6.4.1_sec1_Merg_Proc.tif,1311992,image/tiff,True,copied
dryad_xpnvx0kb6,"Data from: Oxidative stress in the retina and retinal pigment epithelium (RPE): role of aging, and DJ-1",10.5061/dryad.xpnvx0kb6,9,9,True,official_file_listing_confirmed,118,453212274,96,Suppl._Fig4-GS-DJ3_sec1_DJ3_sec1_Merg_Proc.tif,1757080,image/tiff,True,copied
dryad_xpnvx0kb6,"Data from: Oxidative stress in the retina and retinal pigment epithelium (RPE): role of aging, and DJ-1",10.5061/dryad.xpnvx0kb6,9,9,True,official_file_listing_confirmed,118,453212274,97,Suppl._Fig4-GS-DJ7_sec1_DJ7_sec1_Merg_Proc.tif,1361828,image/tiff,True,copied
dryad_xpnvx0kb6,"Data from: Oxidative stress in the retina and retinal pigment epithelium (RPE): role of aging, and DJ-1",10.5061/dryad.xpnvx0kb6,9,9,True,official_file_listing_confirmed,118,453212274,98,Suppl._Fig4-GS-DJ75.4.2_sec2_DJ75.4.2_sec2_Merg_Proc.tif,1071980,image/tiff,True,copied
dryad_xpnvx0kb6,"Data from: Oxidative stress in the retina and retinal pigment epithelium (RPE): role of aging, and DJ-1",10.5061/dryad.xpnvx0kb6,9,9,True,official_file_listing_confirmed,118,453212274,99,Suppl._Fig4-GS-Dj75.4.3sec4_Dj75.4.3_sec4_Merg_Proc.tif,867720,image/tiff,True,copied
dryad_xpnvx0kb6,"Data from: Oxidative stress in the retina and retinal pigment epithelium (RPE): role of aging, and DJ-1",10.5061/dryad.xpnvx0kb6,9,9,True,official_file_listing_confirmed,118,453212274,100,Suppl._Fig4-GS-IVC10.8sec1_IVC10.8_sec1_Merg_Proc.tif,1395184,image/tiff,True,copied
dryad_xpnvx0kb6,"Data from: Oxidative stress in the retina and retinal pigment epithelium (RPE): role of aging, and DJ-1",10.5061/dryad.xpnvx0kb6,9,9,True,official_file_listing_confirmed,118,453212274,101,Suppl._Fig4-GS-IVCPBS1sec1_IVCPBS1_sec1_Merg_Proc.tif,1049936,image/tiff,True,copied
dryad_xpnvx0kb6,"Data from: Oxidative stress in the retina and retinal pigment epithelium (RPE): role of aging, and DJ-1",10.5061/dryad.xpnvx0kb6,9,9,True,official_file_listing_confirmed,118,453212274,102,Suppl._Fig5-Nrf2-3DNa1_01_Merg_Proc.tif,4234860,image/tiff,True,copied
dryad_xpnvx0kb6,"Data from: Oxidative stress in the retina and retinal pigment epithelium (RPE): role of aging, and DJ-1",10.5061/dryad.xpnvx0kb6,9,9,True,official_file_listing_confirmed,118,453212274,103,Suppl._Fig5-Nrf2-C2_01_Merg_Proc.tif,4143240,image/tiff,True,copied
dryad_xpnvx0kb6,"Data from: Oxidative stress in the retina and retinal pigment epithelium (RPE): role of aging, and DJ-1",10.5061/dryad.xpnvx0kb6,9,9,True,official_file_listing_confirmed,118,453212274,104,Suppl._Fig5-Nrf2-C6.4.2_02_Merg_Proc.tif,8032136,image/tiff,True,copied
dryad_xpnvx0kb6,"Data from: Oxidative stress in the retina and retinal pigment epithelium (RPE): role of aging, and DJ-1",10.5061/dryad.xpnvx0kb6,9,9,True,official_file_listing_confirmed,118,453212274,105,Suppl._Fig5-Nrf2-DJ2_02_Merg_Proc.tif,4431840,image/tiff,True,copied
dryad_xpnvx0kb6,"Data from: Oxidative stress in the retina and retinal pigment epithelium (RPE): role of aging, and DJ-1",10.5061/dryad.xpnvx0kb6,9,9,True,official_file_listing_confirmed,118,453212274,106,Suppl._Fig5-Nrf2-DJ44.2.2_02_Merg_Proc.tif,4460036,image/tiff,True,copied
dryad_xpnvx0kb6,"Data from: Oxidative stress in the retina and retinal pigment epithelium (RPE): role of aging, and DJ-1",10.5061/dryad.xpnvx0kb6,9,9,True,official_file_listing_confirmed,118,453212274,107,Suppl._Fig5-Nrf2-DJ7_01_Merg_Proc.tif,10404832,image/tiff,True,copied
dryad_xpnvx0kb6,"Data from: Oxidative stress in the retina and retinal pigment epithelium (RPE): role of aging, and DJ-1",10.5061/dryad.xpnvx0kb6,9,9,True,official_file_listing_confirmed,118,453212274,108,Suppl._Fig5-Nrf2-IVC10.7_02_Merg_Proc.tif,8385248,image/tiff,True,copied
dryad_xpnvx0kb6,"Data from: Oxidative stress in the retina and retinal pigment epithelium (RPE): role of aging, and DJ-1",10.5061/dryad.xpnvx0kb6,9,9,True,official_file_listing_confirmed,118,453212274,109,Suppl._Fig5-Nrf2-IVCPBS2_02_Merg_Proc.tif,1077752,image/tiff,True,copied
dryad_xpnvx0kb6,"Data from: Oxidative stress in the retina and retinal pigment epithelium (RPE): role of aging, and DJ-1",10.5061/dryad.xpnvx0kb6,9,9,True,official_file_listing_confirmed,118,453212274,110,Supplemental_Table_S4.docx,19560,application/vnd.openxmlformats-officedocument.wordprocessingml.document,True,copied
dryad_xpnvx0kb6,"Data from: Oxidative stress in the retina and retinal pigment epithelium (RPE): role of aging, and DJ-1",10.5061/dryad.xpnvx0kb6,9,9,True,official_file_listing_confirmed,118,453212274,111,WT_NaIO3___KO_NaIO3_retina.csv,573237,text/csv,True,copied
dryad_xpnvx0kb6,"Data from: Oxidative stress in the retina and retinal pigment epithelium (RPE): role of aging, and DJ-1",10.5061/dryad.xpnvx0kb6,9,9,True,official_file_listing_confirmed,118,453212274,112,WT_NaIO3___KO_NaIO3_RPE.csv,531429,text/csv,True,copied
dryad_xpnvx0kb6,"Data from: Oxidative stress in the retina and retinal pigment epithelium (RPE): role of aging, and DJ-1",10.5061/dryad.xpnvx0kb6,9,9,True,official_file_listing_confirmed,118,453212274,113,WT_PBS___KO_NaIO3_retina.csv,558344,text/csv,True,copied
dryad_xpnvx0kb6,"Data from: Oxidative stress in the retina and retinal pigment epithelium (RPE): role of aging, and DJ-1",10.5061/dryad.xpnvx0kb6,9,9,True,official_file_listing_confirmed,118,453212274,114,WT_PBS___KO_NaIO3_RPE.csv,533091,text/csv,True,copied
dryad_xpnvx0kb6,"Data from: Oxidative stress in the retina and retinal pigment epithelium (RPE): role of aging, and DJ-1",10.5061/dryad.xpnvx0kb6,9,9,True,official_file_listing_confirmed,118,453212274,115,WT_PBS___KO_PBS_retina.csv,562098,text/csv,True,copied
dryad_xpnvx0kb6,"Data from: Oxidative stress in the retina and retinal pigment epithelium (RPE): role of aging, and DJ-1",10.5061/dryad.xpnvx0kb6,9,9,True,official_file_listing_confirmed,118,453212274,116,WT_PBS___KO_PBS_RPE.csv,529142,text/csv,True,copied
dryad_xpnvx0kb6,"Data from: Oxidative stress in the retina and retinal pigment epithelium (RPE): role of aging, and DJ-1",10.5061/dryad.xpnvx0kb6,9,9,True,official_file_listing_confirmed,118,453212274,117,WT_PBS___WT_NaIO3_retina.csv,568523,text/csv,True,copied
dryad_xpnvx0kb6,"Data from: Oxidative stress in the retina and retinal pigment epithelium (RPE): role of aging, and DJ-1",10.5061/dryad.xpnvx0kb6,9,9,True,official_file_listing_confirmed,118,453212274,118,WT_PBS___WT_NaIO3_RPE.csv,540353,text/csv,True,copied
dryad_xwdbrv1kd,GTPBP2 in-frame deletion in a canine model with progressive retinal degeneration,10.5061/dryad.xwdbrv1kd,7,7,True,official_file_listing_confirmed,11,199231877370,1,GEB_PRA.tfam,196,,True,copied
dryad_xwdbrv1kd,GTPBP2 in-frame deletion in a canine model with progressive retinal degeneration,10.5061/dryad.xwdbrv1kd,7,7,True,official_file_listing_confirmed,11,199231877370,2,GEB_PRA.tped,13366907,,True,copied
dryad_xwdbrv1kd,GTPBP2 in-frame deletion in a canine model with progressive retinal degeneration,10.5061/dryad.xwdbrv1kd,7,7,True,official_file_listing_confirmed,11,199231877370,3,GEB113_R1_001.fastq.gz,25962586571,application/x-gzip,True,copied
dryad_xwdbrv1kd,GTPBP2 in-frame deletion in a canine model with progressive retinal degeneration,10.5061/dryad.xwdbrv1kd,7,7,True,official_file_listing_confirmed,11,199231877370,4,GEB113_R2_001.fastq.gz,26100227748,application/x-gzip,True,copied
dryad_xwdbrv1kd,GTPBP2 in-frame deletion in a canine model with progressive retinal degeneration,10.5061/dryad.xwdbrv1kd,7,7,True,official_file_listing_confirmed,11,199231877370,5,GEB128_R1_001.fastq.gz,22598340455,application/x-gzip,True,copied
dryad_xwdbrv1kd,GTPBP2 in-frame deletion in a canine model with progressive retinal degeneration,10.5061/dryad.xwdbrv1kd,7,7,True,official_file_listing_confirmed,11,199231877370,6,GEB128_R2_001.fastq.gz,22934553810,application/x-gzip,True,copied
dryad_xwdbrv1kd,GTPBP2 in-frame deletion in a canine model with progressive retinal degeneration,10.5061/dryad.xwdbrv1kd,7,7,True,official_file_listing_confirmed,11,199231877370,7,GEB129_R1_001.fastq.gz,25606647289,application/x-gzip,True,copied
dryad_xwdbrv1kd,GTPBP2 in-frame deletion in a canine model with progressive retinal degeneration,10.5061/dryad.xwdbrv1kd,7,7,True,official_file_listing_confirmed,11,199231877370,8,GEB129_R2_001.fastq.gz,26016674657,application/x-gzip,True,copied
dryad_xwdbrv1kd,GTPBP2 in-frame deletion in a canine model with progressive retinal degeneration,10.5061/dryad.xwdbrv1kd,7,7,True,official_file_listing_confirmed,11,199231877370,9,GEB130_R1_001.fastq.gz,24718298325,application/x-gzip,True,copied
dryad_xwdbrv1kd,GTPBP2 in-frame deletion in a canine model with progressive retinal degeneration,10.5061/dryad.xwdbrv1kd,7,7,True,official_file_listing_confirmed,11,199231877370,10,GEB130_R2_001.fastq.gz,25281179689,application/x-gzip,True,copied
dryad_xwdbrv1kd,GTPBP2 in-frame deletion in a canine model with progressive retinal degeneration,10.5061/dryad.xwdbrv1kd,7,7,True,official_file_listing_confirmed,11,199231877370,11,README.md,1723,text/markdown,True,copied
dryad_young_adult_uv_transmission,Individual variation in the transmission of ultraviolet radiation in the young adult eye.,10.5061/dryad.hg000c2,1,1,True,official_file_listing_confirmed,1,11730,1,UV Data-Hammond.xlsx,11730,application/vnd.openxmlformats-officedocument.spreadsheetml.sheet,True,created
dryad_z08kprrk3,Data from: A naturally occurring canine model of syndromic congenital microphthalmia,10.5061/dryad.z08kprrk3,8,8,True,official_file_listing_confirmed,5,26446366374,1,MICR_PWD_GWAS.tfam,976,,True,copied
dryad_z08kprrk3,Data from: A naturally occurring canine model of syndromic congenital microphthalmia,10.5061/dryad.z08kprrk3,8,8,True,official_file_listing_confirmed,5,26446366374,2,MICR_PWD_GWAS.tped,60187743,,True,copied
dryad_z08kprrk3,Data from: A naturally occurring canine model of syndromic congenital microphthalmia,10.5061/dryad.z08kprrk3,8,8,True,official_file_listing_confirmed,5,26446366374,3,MICR_PWD_R1.fastq.gz,12894791747,application/x-gzip,True,copied
dryad_z08kprrk3,Data from: A naturally occurring canine model of syndromic congenital microphthalmia,10.5061/dryad.z08kprrk3,8,8,True,official_file_listing_confirmed,5,26446366374,4,MICR_PWD_R2.fastq.gz,13491384409,application/x-gzip,True,copied
dryad_z08kprrk3,Data from: A naturally occurring canine model of syndromic congenital microphthalmia,10.5061/dryad.z08kprrk3,8,8,True,official_file_listing_confirmed,5,26446366374,5,README.md,1499,text/markdown,True,created
dryad_z08kprrk6,Frameshift variant in AMPD2 in Cirneco dell’ Etna with retinopathy and tremors,10.5061/dryad.z08kprrk6,4,4,True,official_file_listing_confirmed,7,123431491592,1,CIRN_PENN.tfam,176,,True,copied
dryad_z08kprrk6,Frameshift variant in AMPD2 in Cirneco dell’ Etna with retinopathy and tremors,10.5061/dryad.z08kprrk6,4,4,True,official_file_listing_confirmed,7,123431491592,2,CIRN_PENN.tped,15868144,,True,copied
dryad_z08kprrk6,Frameshift variant in AMPD2 in Cirneco dell’ Etna with retinopathy and tremors,10.5061/dryad.z08kprrk6,4,4,True,official_file_listing_confirmed,7,123431491592,3,README.md,1581,text/markdown,True,created
dryad_z08kprrk6,Frameshift variant in AMPD2 in Cirneco dell’ Etna with retinopathy and tremors,10.5061/dryad.z08kprrk6,4,4,True,official_file_listing_confirmed,7,123431491592,4,VB259_R1.fastq.gz,36537213274,application/x-gzip,True,copied
dryad_z08kprrk6,Frameshift variant in AMPD2 in Cirneco dell’ Etna with retinopathy and tremors,10.5061/dryad.z08kprrk6,4,4,True,official_file_listing_confirmed,7,123431491592,5,VB259_R2.fastq.gz,37404980093,application/x-gzip,True,copied
dryad_z08kprrk6,Frameshift variant in AMPD2 in Cirneco dell’ Etna with retinopathy and tremors,10.5061/dryad.z08kprrk6,4,4,True,official_file_listing_confirmed,7,123431491592,6,VB260_R1.fastq.gz,25313218877,application/x-gzip,True,copied
dryad_z08kprrk6,Frameshift variant in AMPD2 in Cirneco dell’ Etna with retinopathy and tremors,10.5061/dryad.z08kprrk6,4,4,True,official_file_listing_confirmed,7,123431491592,7,VB260_R2.fastq.gz,24160209447,application/x-gzip,True,copied
dryad_z8w9ghx9c,Accuracy of intraocular lens calculation formulas in cataract patients with steep corneal curvature,10.5061/dryad.z8w9ghx9c,3,3,True,official_file_listing_confirmed,1,47104,1,PONE-D-20-16063R1_Original_Data.xls,47104,application/vnd.ms-excel,True,copied
dryad_z8w9ghx9f,Inflation test on eye globe for: Experimental evaluation of stiffening effect induced by UVA/riboflavin corneal cross-linking using intact porcine eye globes,10.5061/dryad.z8w9ghx9f,4,4,True,official_file_listing_confirmed,15,384697,1,eye1_stressvsstrain.xlsx,24643,application/vnd.openxmlformats-officedocument.spreadsheetml.sheet,True,created
dryad_z8w9ghx9f,Inflation test on eye globe for: Experimental evaluation of stiffening effect induced by UVA/riboflavin corneal cross-linking using intact porcine eye globes,10.5061/dryad.z8w9ghx9f,4,4,True,official_file_listing_confirmed,15,384697,2,EYE1_target_curve_before_after_CXL.xlsx,17602,application/vnd.openxmlformats-officedocument.spreadsheetml.sheet,True,created
dryad_z8w9ghx9f,Inflation test on eye globe for: Experimental evaluation of stiffening effect induced by UVA/riboflavin corneal cross-linking using intact porcine eye globes,10.5061/dryad.z8w9ghx9f,4,4,True,official_file_listing_confirmed,15,384697,3,eye2_stressvsstrain.xlsx,24430,application/vnd.openxmlformats-officedocument.spreadsheetml.sheet,True,created
dryad_z8w9ghx9f,Inflation test on eye globe for: Experimental evaluation of stiffening effect induced by UVA/riboflavin corneal cross-linking using intact porcine eye globes,10.5061/dryad.z8w9ghx9f,4,4,True,official_file_listing_confirmed,15,384697,4,EYE2_target_curve_before_after_CXL.xlsx,17595,application/vnd.openxmlformats-officedocument.spreadsheetml.sheet,True,created
dryad_z8w9ghx9f,Inflation test on eye globe for: Experimental evaluation of stiffening effect induced by UVA/riboflavin corneal cross-linking using intact porcine eye globes,10.5061/dryad.z8w9ghx9f,4,4,True,official_file_listing_confirmed,15,384697,5,eye3_stressvsstrain.xlsx,24414,application/vnd.openxmlformats-officedocument.spreadsheetml.sheet,True,created
dryad_z8w9ghx9f,Inflation test on eye globe for: Experimental evaluation of stiffening effect induced by UVA/riboflavin corneal cross-linking using intact porcine eye globes,10.5061/dryad.z8w9ghx9f,4,4,True,official_file_listing_confirmed,15,384697,6,EYE3_target_curve_before_after_CXL.xlsx,17213,application/vnd.openxmlformats-officedocument.spreadsheetml.sheet,True,created
dryad_z8w9ghx9f,Inflation test on eye globe for: Experimental evaluation of stiffening effect induced by UVA/riboflavin corneal cross-linking using intact porcine eye globes,10.5061/dryad.z8w9ghx9f,4,4,True,official_file_listing_confirmed,15,384697,7,eye4_stressvsstrain.xlsx,24561,application/vnd.openxmlformats-officedocument.spreadsheetml.sheet,True,created
dryad_z8w9ghx9f,Inflation test on eye globe for: Experimental evaluation of stiffening effect induced by UVA/riboflavin corneal cross-linking using intact porcine eye globes,10.5061/dryad.z8w9ghx9f,4,4,True,official_file_listing_confirmed,15,384697,8,EYE4_target_curve_before_after_CXL.xlsx,17600,application/vnd.openxmlformats-officedocument.spreadsheetml.sheet,True,created
dryad_z8w9ghx9f,Inflation test on eye globe for: Experimental evaluation of stiffening effect induced by UVA/riboflavin corneal cross-linking using intact porcine eye globes,10.5061/dryad.z8w9ghx9f,4,4,True,official_file_listing_confirmed,15,384697,9,eye5_stressvsstrain.xlsx,24921,application/vnd.openxmlformats-officedocument.spreadsheetml.sheet,True,created
dryad_z8w9ghx9f,Inflation test on eye globe for: Experimental evaluation of stiffening effect induced by UVA/riboflavin corneal cross-linking using intact porcine eye globes,10.5061/dryad.z8w9ghx9f,4,4,True,official_file_listing_confirmed,15,384697,10,EYE5_target_curve_before_after_CXL.xlsx,17487,application/vnd.openxmlformats-officedocument.spreadsheetml.sheet,True,created
dryad_z8w9ghx9f,Inflation test on eye globe for: Experimental evaluation of stiffening effect induced by UVA/riboflavin corneal cross-linking using intact porcine eye globes,10.5061/dryad.z8w9ghx9f,4,4,True,official_file_listing_confirmed,15,384697,11,eye6_stressvsstrain.xlsx,22816,application/vnd.openxmlformats-officedocument.spreadsheetml.sheet,True,created
dryad_z8w9ghx9f,Inflation test on eye globe for: Experimental evaluation of stiffening effect induced by UVA/riboflavin corneal cross-linking using intact porcine eye globes,10.5061/dryad.z8w9ghx9f,4,4,True,official_file_listing_confirmed,15,384697,12,EYE6_target_curve_before_after_CXL.xlsx,16570,application/vnd.openxmlformats-officedocument.spreadsheetml.sheet,True,created
dryad_z8w9ghx9f,Inflation test on eye globe for: Experimental evaluation of stiffening effect induced by UVA/riboflavin corneal cross-linking using intact porcine eye globes,10.5061/dryad.z8w9ghx9f,4,4,True,official_file_listing_confirmed,15,384697,13,eye7_stressvsstrain.xlsx,24844,application/vnd.openxmlformats-officedocument.spreadsheetml.sheet,True,created
dryad_z8w9ghx9f,Inflation test on eye globe for: Experimental evaluation of stiffening effect induced by UVA/riboflavin corneal cross-linking using intact porcine eye globes,10.5061/dryad.z8w9ghx9f,4,4,True,official_file_listing_confirmed,15,384697,14,EYE7_target_cuve_before_after_CXL.xlsx,17487,application/vnd.openxmlformats-officedocument.spreadsheetml.sheet,True,created
dryad_z8w9ghx9f,Inflation test on eye globe for: Experimental evaluation of stiffening effect induced by UVA/riboflavin corneal cross-linking using intact porcine eye globes,10.5061/dryad.z8w9ghx9f,4,4,True,official_file_listing_confirmed,15,384697,15,Tangent_(Et)_vs_stress_curve.xlsx,92514,application/vnd.openxmlformats-officedocument.spreadsheetml.sheet,True,created
dryad_z8w9ghxpp,ApoM-bound S1P acts via endothelial S1PR1 to suppress choroidal neovascularization and vascular leak,10.5061/dryad.z8w9ghxpp,11,11,True,official_file_listing_confirmed,47,4159288366,1,FIF2e_3e_S1P_conc_Apom-fc_kinetics_IP(left)_SC(right).pzfx,171191,application/x-graphpad-prism-pzfx,True,copied
dryad_z8w9ghxpp,ApoM-bound S1P acts via endothelial S1PR1 to suppress choroidal neovascularization and vascular leak,10.5061/dryad.z8w9ghxpp,11,11,True,official_file_listing_confirmed,47,4159288366,2,FIG1a_SET10_SET12_CNV_APOMKO_10x.zip,319452275,application/zip,True,copied
dryad_z8w9ghxpp,ApoM-bound S1P acts via endothelial S1PR1 to suppress choroidal neovascularization and vascular leak,10.5061/dryad.z8w9ghxpp,11,11,True,official_file_listing_confirmed,47,4159288366,3,FIG1b_011024_CNV_APOM_KO_lesion_pooled.pzfx,101883,application/x-graphpad-prism-pzfx,True,copied
dryad_z8w9ghxpp,ApoM-bound S1P acts via endothelial S1PR1 to suppress choroidal neovascularization and vascular leak,10.5061/dryad.z8w9ghxpp,11,11,True,official_file_listing_confirmed,47,4159288366,4,FIG1c_030424_SET14_ApomTG_CNV_10X.zip,268909243,application/zip,True,copied
dryad_z8w9ghxpp,ApoM-bound S1P acts via endothelial S1PR1 to suppress choroidal neovascularization and vascular leak,10.5061/dryad.z8w9ghxpp,11,11,True,official_file_listing_confirmed,47,4159288366,5,FIG1d_030524_set14_apomtg_cnv.pzfx,75810,application/x-graphpad-prism-pzfx,True,copied
dryad_z8w9ghxpp,ApoM-bound S1P acts via endothelial S1PR1 to suppress choroidal neovascularization and vascular leak,10.5061/dryad.z8w9ghxpp,11,11,True,official_file_listing_confirmed,47,4159288366,6,FIG1e_112822_SET5_SET11_ECKO_10X.zip,245740213,application/zip,True,copied
dryad_z8w9ghxpp,ApoM-bound S1P acts via endothelial S1PR1 to suppress choroidal neovascularization and vascular leak,10.5061/dryad.z8w9ghxpp,11,11,True,official_file_listing_confirmed,47,4159288366,7,FIG1f_SET5_SET11_092023_s1p1ecko_cnv_lesion.pzfx,19015,application/x-graphpad-prism-pzfx,True,copied
dryad_z8w9ghxpp,ApoM-bound S1P acts via endothelial S1PR1 to suppress choroidal neovascularization and vascular leak,10.5061/dryad.z8w9ghxpp,11,11,True,official_file_listing_confirmed,47,4159288366,8,FIG1g_010324_CNV_SET13_ECTG_10x.zip,388491835,application/zip,True,copied
dryad_z8w9ghxpp,ApoM-bound S1P acts via endothelial S1PR1 to suppress choroidal neovascularization and vascular leak,10.5061/dryad.z8w9ghxpp,11,11,True,official_file_listing_confirmed,47,4159288366,9,FIG1h_SET13_011624_ectg_cnv_quant.pzfx,17851,application/x-graphpad-prism-pzfx,True,copied
dryad_z8w9ghxpp,ApoM-bound S1P acts via endothelial S1PR1 to suppress choroidal neovascularization and vascular leak,10.5061/dryad.z8w9ghxpp,11,11,True,official_file_listing_confirmed,47,4159288366,10,FIG2a__raw_WB_IP_veh(3_lanes_from_left)_apom-fc(4_lanes_right)_one_fc_control_24.01.09_11.21.03_PUB_600.tif,3034616,image/tiff,True,copied
dryad_z8w9ghxpp,ApoM-bound S1P acts via endothelial S1PR1 to suppress choroidal neovascularization and vascular leak,10.5061/dryad.z8w9ghxpp,11,11,True,official_file_listing_confirmed,47,4159288366,11,FIG2a_wb_ip_72hr.tif,694168,image/tiff,True,copied
dryad_z8w9ghxpp,ApoM-bound S1P acts via endothelial S1PR1 to suppress choroidal neovascularization and vascular leak,10.5061/dryad.z8w9ghxpp,11,11,True,official_file_listing_confirmed,47,4159288366,12,FIG2b_WB_QUANT_APOMFC.pzfx,13868,application/x-graphpad-prism-pzfx,True,copied
dryad_z8w9ghxpp,ApoM-bound S1P acts via endothelial S1PR1 to suppress choroidal neovascularization and vascular leak,10.5061/dryad.z8w9ghxpp,11,11,True,official_file_listing_confirmed,47,4159288366,13,FIG2c_WB_endogenous_APOM_QUANT.pzfx,15188,application/x-graphpad-prism-pzfx,True,copied
dryad_z8w9ghxpp,ApoM-bound S1P acts via endothelial S1PR1 to suppress choroidal neovascularization and vascular leak,10.5061/dryad.z8w9ghxpp,11,11,True,official_file_listing_confirmed,47,4159288366,14,FIG2d_091224_apom_intensity_wt_IP.pzfx,16493,application/x-graphpad-prism-pzfx,True,copied
dryad_z8w9ghxpp,ApoM-bound S1P acts via endothelial S1PR1 to suppress choroidal neovascularization and vascular leak,10.5061/dryad.z8w9ghxpp,11,11,True,official_file_listing_confirmed,47,4159288366,15,Fig2d_SC(left)_IP(right)_law_wb_data_24.08.13_11.17.29_S2_F01_PUB_600.tif,3034612,image/tiff,True,copied
dryad_z8w9ghxpp,ApoM-bound S1P acts via endothelial S1PR1 to suppress choroidal neovascularization and vascular leak,10.5061/dryad.z8w9ghxpp,11,11,True,official_file_listing_confirmed,47,4159288366,16,Fig2g_raw_data_ApoM-Fc_sma_ib4_hoechst.20x_070_5L_2_c1-3c1_2_3.tif,807004,image/tiff,True,copied
dryad_z8w9ghxpp,ApoM-bound S1P acts via endothelial S1PR1 to suppress choroidal neovascularization and vascular leak,10.5061/dryad.z8w9ghxpp,11,11,True,official_file_listing_confirmed,47,4159288366,17,fig2g_raw_data_VEH_sma_ib4_hoechst.tif,807004,image/tiff,True,copied
dryad_z8w9ghxpp,ApoM-bound S1P acts via endothelial S1PR1 to suppress choroidal neovascularization and vascular leak,10.5061/dryad.z8w9ghxpp,11,11,True,official_file_listing_confirmed,47,4159288366,18,FIG2h_APOM-Fc.pzfx,13676,application/x-graphpad-prism-pzfx,True,copied
dryad_z8w9ghxpp,ApoM-bound S1P acts via endothelial S1PR1 to suppress choroidal neovascularization and vascular leak,10.5061/dryad.z8w9ghxpp,11,11,True,official_file_listing_confirmed,47,4159288366,19,FIG2h.zip,69312784,application/zip,True,copied
dryad_z8w9ghxpp,ApoM-bound S1P acts via endothelial S1PR1 to suppress choroidal neovascularization and vascular leak,10.5061/dryad.z8w9ghxpp,11,11,True,official_file_listing_confirmed,47,4159288366,20,Fig3a_raw_wb_4veh(lane1-4)_4ApoMFc(lane5-8)_positive_control.tif,3045944,image/tiff,True,copied
dryad_z8w9ghxpp,ApoM-bound S1P acts via endothelial S1PR1 to suppress choroidal neovascularization and vascular leak,10.5061/dryad.z8w9ghxpp,11,11,True,official_file_listing_confirmed,47,4159288366,21,Fig3a_wb_sc_72hr.tif,133816,image/tiff,True,copied
dryad_z8w9ghxpp,ApoM-bound S1P acts via endothelial S1PR1 to suppress choroidal neovascularization and vascular leak,10.5061/dryad.z8w9ghxpp,11,11,True,official_file_listing_confirmed,47,4159288366,22,Fig3b_111824_sc_apom-fc_wb_quant.pzfx,15274,application/x-graphpad-prism-pzfx,True,copied
dryad_z8w9ghxpp,ApoM-bound S1P acts via endothelial S1PR1 to suppress choroidal neovascularization and vascular leak,10.5061/dryad.z8w9ghxpp,11,11,True,official_file_listing_confirmed,47,4159288366,23,Fig3c_111824_sc_apom_exp_endo_wb_quant.pzfx,13935,application/x-graphpad-prism-pzfx,True,copied
dryad_z8w9ghxpp,ApoM-bound S1P acts via endothelial S1PR1 to suppress choroidal neovascularization and vascular leak,10.5061/dryad.z8w9ghxpp,11,11,True,official_file_listing_confirmed,47,4159288366,24,Fig3d_090424_Apomfc_intensity_plasma_sc.pzfx,34654,application/x-graphpad-prism-pzfx,True,copied
dryad_z8w9ghxpp,ApoM-bound S1P acts via endothelial S1PR1 to suppress choroidal neovascularization and vascular leak,10.5061/dryad.z8w9ghxpp,11,11,True,official_file_listing_confirmed,47,4159288366,25,Fig3d_wb_SC(left)_IP(right).tif,3034612,image/tiff,True,copied
dryad_z8w9ghxpp,ApoM-bound S1P acts via endothelial S1PR1 to suppress choroidal neovascularization and vascular leak,10.5061/dryad.z8w9ghxpp,11,11,True,official_file_listing_confirmed,47,4159288366,26,Fig3g.zip,209643517,application/zip,True,copied
dryad_z8w9ghxpp,ApoM-bound S1P acts via endothelial S1PR1 to suppress choroidal neovascularization and vascular leak,10.5061/dryad.z8w9ghxpp,11,11,True,official_file_listing_confirmed,47,4159288366,27,Fig3h_apom-fc_sc_cnv_quant.pzfx,80470,application/x-graphpad-prism-pzfx,True,copied
dryad_z8w9ghxpp,ApoM-bound S1P acts via endothelial S1PR1 to suppress choroidal neovascularization and vascular leak,10.5061/dryad.z8w9ghxpp,11,11,True,official_file_listing_confirmed,47,4159288366,28,FIG4b_061224_CNV_SET16_SET19_10X.zip,676442428,application/zip,True,copied
dryad_z8w9ghxpp,ApoM-bound S1P acts via endothelial S1PR1 to suppress choroidal neovascularization and vascular leak,10.5061/dryad.z8w9ghxpp,11,11,True,official_file_listing_confirmed,47,4159288366,29,FIG4c_100224_cnv16_19_pooled_apomFC_vegf_quant.pzfx,25738,application/x-graphpad-prism-pzfx,True,copied
dryad_z8w9ghxpp,ApoM-bound S1P acts via endothelial S1PR1 to suppress choroidal neovascularization and vascular leak,10.5061/dryad.z8w9ghxpp,11,11,True,official_file_listing_confirmed,47,4159288366,30,FIG4d_100724_SET16_19_S1P_CONC.pzfx,152363,application/x-graphpad-prism-pzfx,True,copied
dryad_z8w9ghxpp,ApoM-bound S1P acts via endothelial S1PR1 to suppress choroidal neovascularization and vascular leak,10.5061/dryad.z8w9ghxpp,11,11,True,official_file_listing_confirmed,47,4159288366,31,Fig4f.zip,21749403,application/zip,True,copied
dryad_z8w9ghxpp,ApoM-bound S1P acts via endothelial S1PR1 to suppress choroidal neovascularization and vascular leak,10.5061/dryad.z8w9ghxpp,11,11,True,official_file_listing_confirmed,47,4159288366,32,FIG4g_FFA_SET19_CNV.pzfx,19114,application/x-graphpad-prism-pzfx,True,copied
dryad_z8w9ghxpp,ApoM-bound S1P acts via endothelial S1PR1 to suppress choroidal neovascularization and vascular leak,10.5061/dryad.z8w9ghxpp,11,11,True,official_file_listing_confirmed,47,4159288366,33,FIG4i_image.zip,7544108,application/zip,True,copied
dryad_z8w9ghxpp,ApoM-bound S1P acts via endothelial S1PR1 to suppress choroidal neovascularization and vascular leak,10.5061/dryad.z8w9ghxpp,11,11,True,official_file_listing_confirmed,47,4159288366,34,Fig4j_Quant.zip,119021048,application/zip,True,copied
dryad_z8w9ghxpp,ApoM-bound S1P acts via endothelial S1PR1 to suppress choroidal neovascularization and vascular leak,10.5061/dryad.z8w9ghxpp,11,11,True,official_file_listing_confirmed,47,4159288366,35,FIG4j_VASCULAR_LEAK_TD.pzfx,15534,application/x-graphpad-prism-pzfx,True,copied
dryad_z8w9ghxpp,ApoM-bound S1P acts via endothelial S1PR1 to suppress choroidal neovascularization and vascular leak,10.5061/dryad.z8w9ghxpp,11,11,True,official_file_listing_confirmed,47,4159288366,36,README.md,10644,text/markdown,True,created
dryad_z8w9ghxpp,ApoM-bound S1P acts via endothelial S1PR1 to suppress choroidal neovascularization and vascular leak,10.5061/dryad.z8w9ghxpp,11,11,True,official_file_listing_confirmed,47,4159288366,37,SupFig4b_apom_fc_tm_wb_exp_quant.pzfx,14085,application/x-graphpad-prism-pzfx,True,copied
dryad_z8w9ghxpp,ApoM-bound S1P acts via endothelial S1PR1 to suppress choroidal neovascularization and vascular leak,10.5061/dryad.z8w9ghxpp,11,11,True,official_file_listing_confirmed,47,4159288366,38,Suppl_FIG1a_091823_apomko_cnv_erg_20x.zip,768003147,application/zip,True,copied
dryad_z8w9ghxpp,ApoM-bound S1P acts via endothelial S1PR1 to suppress choroidal neovascularization and vascular leak,10.5061/dryad.z8w9ghxpp,11,11,True,official_file_listing_confirmed,47,4159288366,39,Suppl_Fig1b_091923_cnv_set10_erg_cnv_lesions.pzfx,16946,application/x-graphpad-prism-pzfx,True,copied
dryad_z8w9ghxpp,ApoM-bound S1P acts via endothelial S1PR1 to suppress choroidal neovascularization and vascular leak,10.5061/dryad.z8w9ghxpp,11,11,True,official_file_listing_confirmed,47,4159288366,40,Suppl_FIG1c_SET3_SET14_CNV_SKRBCKO_10X.zip,194595703,application/zip,True,copied
dryad_z8w9ghxpp,ApoM-bound S1P acts via endothelial S1PR1 to suppress choroidal neovascularization and vascular leak,10.5061/dryad.z8w9ghxpp,11,11,True,official_file_listing_confirmed,47,4159288366,41,Suppl_FIG1d_092223_CNV_Sphkko_quant.pzfx,17638,application/x-graphpad-prism-pzfx,True,copied
dryad_z8w9ghxpp,ApoM-bound S1P acts via endothelial S1PR1 to suppress choroidal neovascularization and vascular leak,10.5061/dryad.z8w9ghxpp,11,11,True,official_file_listing_confirmed,47,4159288366,42,Suppl_Fig2a.zip,494466890,application/zip,True,copied
dryad_z8w9ghxpp,ApoM-bound S1P acts via endothelial S1PR1 to suppress choroidal neovascularization and vascular leak,10.5061/dryad.z8w9ghxpp,11,11,True,official_file_listing_confirmed,47,4159288366,43,Suppl_FIG2b_SET2_ECTKO_22-09-22.pzfx,13407,,True,copied
dryad_z8w9ghxpp,ApoM-bound S1P acts via endothelial S1PR1 to suppress choroidal neovascularization and vascular leak,10.5061/dryad.z8w9ghxpp,11,11,True,official_file_listing_confirmed,47,4159288366,44,Suppl_FIG3b_CNV_SET18_CNV_10X.zip,357344156,application/zip,True,copied
dryad_z8w9ghxpp,ApoM-bound S1P acts via endothelial S1PR1 to suppress choroidal neovascularization and vascular leak,10.5061/dryad.z8w9ghxpp,11,11,True,official_file_listing_confirmed,47,4159288366,45,Suppl_FIG3c_081424_CNV_SET18.pzfx,45097,application/x-graphpad-prism-pzfx,True,copied
dryad_z8w9ghxpp,ApoM-bound S1P acts via endothelial S1PR1 to suppress choroidal neovascularization and vascular leak,10.5061/dryad.z8w9ghxpp,11,11,True,official_file_listing_confirmed,47,4159288366,46,Suppl_FIG3d_SET18_S1P_CONC.pzfx,37106,application/x-graphpad-prism-pzfx,True,copied
dryad_z8w9ghxpp,ApoM-bound S1P acts via endothelial S1PR1 to suppress choroidal neovascularization and vascular leak,10.5061/dryad.z8w9ghxpp,11,11,True,official_file_listing_confirmed,47,4159288366,47,suppl_fig4_a_raw_wb.tif,3022860,image/tiff,True,copied
dryad_zebrafish_crystallin_lens,Zebrafish Crystallin Cataract Lens-Image Dataset,10.5061/dryad.f4qrfj730,4,4,True,official_file_listing_confirmed,2,4451422309,1,Posner_EER_Lens_Images_2024.zip,4451420166,application/zip,True,copied
dryad_zebrafish_crystallin_lens,Zebrafish Crystallin Cataract Lens-Image Dataset,10.5061/dryad.f4qrfj730,4,4,True,official_file_listing_confirmed,2,4451422309,2,README.md,2143,text/markdown,True,copied
dryad_zebrafish_rpe_phagocytosis,Zebrafish RPE Phagocytosis Dataset,10.5061/dryad.76hdr7t64,3,3,True,official_file_listing_confirmed,2,6627585574,1,Dataset_.zip,6627545507,application/x-zip-compressed,True,copied
dryad_zebrafish_rpe_phagocytosis,Zebrafish RPE Phagocytosis Dataset,10.5061/dryad.76hdr7t64,3,3,True,official_file_listing_confirmed,2,6627585574,2,README.md,40067,text/markdown,True,created
dryad_zebrafish_thrb_photoreceptors,Thyroid hormone receptor beta mutations alter photoreceptor development and function in Danio rerio (zebrafish),10.5061/dryad.msbcc2fvr,2,2,True,official_file_listing_confirmed,8,543268,1,3BP_Het_Larvae.xlsx,65465,application/vnd.openxmlformats-officedocument.spreadsheetml.sheet,True,copied
dryad_zebrafish_thrb_photoreceptors,Thyroid hormone receptor beta mutations alter photoreceptor development and function in Danio rerio (zebrafish),10.5061/dryad.msbcc2fvr,2,2,True,official_file_listing_confirmed,8,543268,2,3BP_Mutant_Larvae.xlsx,60439,application/vnd.openxmlformats-officedocument.spreadsheetml.sheet,True,copied
dryad_zebrafish_thrb_photoreceptors,Thyroid hormone receptor beta mutations alter photoreceptor development and function in Danio rerio (zebrafish),10.5061/dryad.msbcc2fvr,2,2,True,official_file_listing_confirmed,8,543268,3,6BP_1_Het_Larvae.xlsx,80091,application/vnd.openxmlformats-officedocument.spreadsheetml.sheet,True,copied
dryad_zebrafish_thrb_photoreceptors,Thyroid hormone receptor beta mutations alter photoreceptor development and function in Danio rerio (zebrafish),10.5061/dryad.msbcc2fvr,2,2,True,official_file_listing_confirmed,8,543268,4,6BP_1_Mutant_Larvae.xlsx,66830,application/vnd.openxmlformats-officedocument.spreadsheetml.sheet,True,copied
dryad_zebrafish_thrb_photoreceptors,Thyroid hormone receptor beta mutations alter photoreceptor development and function in Danio rerio (zebrafish),10.5061/dryad.msbcc2fvr,2,2,True,official_file_listing_confirmed,8,543268,5,Het_Adult.xlsx,59975,application/vnd.openxmlformats-officedocument.spreadsheetml.sheet,True,copied
dryad_zebrafish_thrb_photoreceptors,Thyroid hormone receptor beta mutations alter photoreceptor development and function in Danio rerio (zebrafish),10.5061/dryad.msbcc2fvr,2,2,True,official_file_listing_confirmed,8,543268,6,Mutant_Adult.xlsx,66454,application/vnd.openxmlformats-officedocument.spreadsheetml.sheet,True,copied
dryad_zebrafish_thrb_photoreceptors,Thyroid hormone receptor beta mutations alter photoreceptor development and function in Danio rerio (zebrafish),10.5061/dryad.msbcc2fvr,2,2,True,official_file_listing_confirmed,8,543268,7,WT_Adult.xlsx,64643,application/vnd.openxmlformats-officedocument.spreadsheetml.sheet,True,copied
dryad_zebrafish_thrb_photoreceptors,Thyroid hormone receptor beta mutations alter photoreceptor development and function in Danio rerio (zebrafish),10.5061/dryad.msbcc2fvr,2,2,True,official_file_listing_confirmed,8,543268,8,WT_Larvae.xlsx,79371,application/vnd.openxmlformats-officedocument.spreadsheetml.sheet,True,copied
dryad_zkh1893nt,Glaucoma-associated optineurin mutations increase transcellular degradation of mitochondria in a vertebrate optic nerve,10.5061/dryad.zkh1893nt,7,7,True,official_file_listing_confirmed,32,130554606106,1,Figure_1.zip,653958546,application/zip,True,copied
dryad_zkh1893nt,Glaucoma-associated optineurin mutations increase transcellular degradation of mitochondria in a vertebrate optic nerve,10.5061/dryad.zkh1893nt,7,7,True,official_file_listing_confirmed,32,130554606106,2,Figure_2_part_1.zip,593102718,application/zip,True,copied
dryad_zkh1893nt,Glaucoma-associated optineurin mutations increase transcellular degradation of mitochondria in a vertebrate optic nerve,10.5061/dryad.zkh1893nt,7,7,True,official_file_listing_confirmed,32,130554606106,3,Figure_2_part_2.zip,7391144526,application/zip,True,copied
dryad_zkh1893nt,Glaucoma-associated optineurin mutations increase transcellular degradation of mitochondria in a vertebrate optic nerve,10.5061/dryad.zkh1893nt,7,7,True,official_file_listing_confirmed,32,130554606106,4,Figure_2_part_3.zip,7065997602,application/zip,True,copied
dryad_zkh1893nt,Glaucoma-associated optineurin mutations increase transcellular degradation of mitochondria in a vertebrate optic nerve,10.5061/dryad.zkh1893nt,7,7,True,official_file_listing_confirmed,32,130554606106,5,Figure_3.zip,7263781082,application/zip,True,copied
dryad_zkh1893nt,Glaucoma-associated optineurin mutations increase transcellular degradation of mitochondria in a vertebrate optic nerve,10.5061/dryad.zkh1893nt,7,7,True,official_file_listing_confirmed,32,130554606106,6,Figure_4_part_1.zip,5258170025,application/zip,True,copied
dryad_zkh1893nt,Glaucoma-associated optineurin mutations increase transcellular degradation of mitochondria in a vertebrate optic nerve,10.5061/dryad.zkh1893nt,7,7,True,official_file_listing_confirmed,32,130554606106,7,Figure_4_part_2.zip,4077712717,application/zip,True,copied
dryad_zkh1893nt,Glaucoma-associated optineurin mutations increase transcellular degradation of mitochondria in a vertebrate optic nerve,10.5061/dryad.zkh1893nt,7,7,True,official_file_listing_confirmed,32,130554606106,8,Figure_4_part_3.zip,3750643486,application/zip,True,copied
dryad_zkh1893nt,Glaucoma-associated optineurin mutations increase transcellular degradation of mitochondria in a vertebrate optic nerve,10.5061/dryad.zkh1893nt,7,7,True,official_file_listing_confirmed,32,130554606106,9,Figure_5_part_1.zip,52756682,application/zip,True,copied
dryad_zkh1893nt,Glaucoma-associated optineurin mutations increase transcellular degradation of mitochondria in a vertebrate optic nerve,10.5061/dryad.zkh1893nt,7,7,True,official_file_listing_confirmed,32,130554606106,10,Figure_5_part_2.zip,7890700646,application/zip,True,copied
dryad_zkh1893nt,Glaucoma-associated optineurin mutations increase transcellular degradation of mitochondria in a vertebrate optic nerve,10.5061/dryad.zkh1893nt,7,7,True,official_file_listing_confirmed,32,130554606106,11,Figure_5_part_3.zip,7868742727,application/zip,True,copied
dryad_zkh1893nt,Glaucoma-associated optineurin mutations increase transcellular degradation of mitochondria in a vertebrate optic nerve,10.5061/dryad.zkh1893nt,7,7,True,official_file_listing_confirmed,32,130554606106,12,Figure_6.zip,2453376035,application/zip,True,copied
dryad_zkh1893nt,Glaucoma-associated optineurin mutations increase transcellular degradation of mitochondria in a vertebrate optic nerve,10.5061/dryad.zkh1893nt,7,7,True,official_file_listing_confirmed,32,130554606106,13,JeongEtAl_2025_Analysis_part_1.zip,5025098179,application/zip,True,copied
dryad_zkh1893nt,Glaucoma-associated optineurin mutations increase transcellular degradation of mitochondria in a vertebrate optic nerve,10.5061/dryad.zkh1893nt,7,7,True,official_file_listing_confirmed,32,130554606106,14,JeongEtAl_2025_Analysis_part_2.zip,4884535417,application/zip,True,copied
dryad_zkh1893nt,Glaucoma-associated optineurin mutations increase transcellular degradation of mitochondria in a vertebrate optic nerve,10.5061/dryad.zkh1893nt,7,7,True,official_file_listing_confirmed,32,130554606106,15,JeongEtAl_2025_Analysis_part_3.zip,3310146959,application/zip,True,copied
dryad_zkh1893nt,Glaucoma-associated optineurin mutations increase transcellular degradation of mitochondria in a vertebrate optic nerve,10.5061/dryad.zkh1893nt,7,7,True,official_file_listing_confirmed,32,130554606106,16,JeongEtAl_2025_Analysis_part_4.zip,7035374889,application/zip,True,copied
dryad_zkh1893nt,Glaucoma-associated optineurin mutations increase transcellular degradation of mitochondria in a vertebrate optic nerve,10.5061/dryad.zkh1893nt,7,7,True,official_file_listing_confirmed,32,130554606106,17,JeongEtAl_2025_Analysis_part_5.zip,6218906033,application/zip,True,copied
dryad_zkh1893nt,Glaucoma-associated optineurin mutations increase transcellular degradation of mitochondria in a vertebrate optic nerve,10.5061/dryad.zkh1893nt,7,7,True,official_file_listing_confirmed,32,130554606106,18,JeongEtAl_2025_excel.csv,39115,text/csv,True,copied
dryad_zkh1893nt,Glaucoma-associated optineurin mutations increase transcellular degradation of mitochondria in a vertebrate optic nerve,10.5061/dryad.zkh1893nt,7,7,True,official_file_listing_confirmed,32,130554606106,19,Movies.zip,607692805,application/zip,True,copied
dryad_zkh1893nt,Glaucoma-associated optineurin mutations increase transcellular degradation of mitochondria in a vertebrate optic nerve,10.5061/dryad.zkh1893nt,7,7,True,official_file_listing_confirmed,32,130554606106,20,README.md,20633,text/markdown,True,copied
dryad_zkh1893nt,Glaucoma-associated optineurin mutations increase transcellular degradation of mitochondria in a vertebrate optic nerve,10.5061/dryad.zkh1893nt,7,7,True,official_file_listing_confirmed,32,130554606106,21,Sup_Figure_1.zip,3850825903,application/zip,True,copied
dryad_zkh1893nt,Glaucoma-associated optineurin mutations increase transcellular degradation of mitochondria in a vertebrate optic nerve,10.5061/dryad.zkh1893nt,7,7,True,official_file_listing_confirmed,32,130554606106,22,Sup_Figure_2_part_1.zip,6785756274,application/zip,True,copied
dryad_zkh1893nt,Glaucoma-associated optineurin mutations increase transcellular degradation of mitochondria in a vertebrate optic nerve,10.5061/dryad.zkh1893nt,7,7,True,official_file_listing_confirmed,32,130554606106,23,Sup_Figure_2_part_2.zip,7483903068,application/zip,True,copied
dryad_zkh1893nt,Glaucoma-associated optineurin mutations increase transcellular degradation of mitochondria in a vertebrate optic nerve,10.5061/dryad.zkh1893nt,7,7,True,official_file_listing_confirmed,32,130554606106,24,Sup_Figure_2_part_3.zip,3113443017,application/zip,True,copied
dryad_zkh1893nt,Glaucoma-associated optineurin mutations increase transcellular degradation of mitochondria in a vertebrate optic nerve,10.5061/dryad.zkh1893nt,7,7,True,official_file_listing_confirmed,32,130554606106,25,Sup_Figure_2_part_4.zip,7588348263,application/zip,True,copied
dryad_zkh1893nt,Glaucoma-associated optineurin mutations increase transcellular degradation of mitochondria in a vertebrate optic nerve,10.5061/dryad.zkh1893nt,7,7,True,official_file_listing_confirmed,32,130554606106,26,Sup_Figure_3_part_1.zip,2078145725,application/zip,True,copied
dryad_zkh1893nt,Glaucoma-associated optineurin mutations increase transcellular degradation of mitochondria in a vertebrate optic nerve,10.5061/dryad.zkh1893nt,7,7,True,official_file_listing_confirmed,32,130554606106,27,Sup_Figure_3_part_2.zip,5249541304,application/zip,True,copied
dryad_zkh1893nt,Glaucoma-associated optineurin mutations increase transcellular degradation of mitochondria in a vertebrate optic nerve,10.5061/dryad.zkh1893nt,7,7,True,official_file_listing_confirmed,32,130554606106,28,Sup_Figure_3_part_3.zip,4544730898,application/zip,True,copied
dryad_zkh1893nt,Glaucoma-associated optineurin mutations increase transcellular degradation of mitochondria in a vertebrate optic nerve,10.5061/dryad.zkh1893nt,7,7,True,official_file_listing_confirmed,32,130554606106,29,Sup_Figure_3_part_4.zip,1373367909,application/zip,True,copied
dryad_zkh1893nt,Glaucoma-associated optineurin mutations increase transcellular degradation of mitochondria in a vertebrate optic nerve,10.5061/dryad.zkh1893nt,7,7,True,official_file_listing_confirmed,32,130554606106,30,Sup_Figure_3_part_5.zip,1291462396,application/zip,True,copied
dryad_zkh1893nt,Glaucoma-associated optineurin mutations increase transcellular degradation of mitochondria in a vertebrate optic nerve,10.5061/dryad.zkh1893nt,7,7,True,official_file_listing_confirmed,32,130554606106,31,Sup_Figure_4_part_1.zip,526815855,application/zip,True,copied
dryad_zkh1893nt,Glaucoma-associated optineurin mutations increase transcellular degradation of mitochondria in a vertebrate optic nerve,10.5061/dryad.zkh1893nt,7,7,True,official_file_listing_confirmed,32,130554606106,32,Sup_Figure_4_part_2.zip,5266364672,application/zip,True,copied
dryad_zs7h44jd9,Data for: Impact of alpha crystallin loss on zebrafish lens development,10.5061/dryad.zs7h44jd9,4,4,True,official_file_listing_confirmed,2,1795641506,1,Larval_and_eye_images.zip,1795639448,application/zip,True,copied
dryad_zs7h44jd9,Data for: Impact of alpha crystallin loss on zebrafish lens development,10.5061/dryad.zs7h44jd9,4,4,True,official_file_listing_confirmed,2,1795641506,2,README.md,2058,,True,created
