record_id,canonical_name,dataset_doi,source_version,source_title,expected_file_count,expected_bytes,source_data_origin,population_scope,population_evidence,file_review_level,structure_summary,data_granularity,plausible_model_use,evidence_basis,model_use_decision,headline_catalog_included,reason,related_catalog_record_ids_or_names,confidence,review_date
dryad_5xfad_retina_dlgn,5xFAD Retina and dLGN Disease-Model Dataset,10.5061/dryad.dbrv15fbk,2,Influence of amyloid pathology on retina and dLGN in 5xFAD mouse model,2,108816,nonhuman_or_nonhuman_derived,mouse,"Influence of amyloid pathology on retina and dLGN in 5xFAD mouse model Alzheimer’s disease (AD) is a neurodegenerative disorder characterized by the formation of amyloid beta plaques and neurofibrillary tangles that leads to decreased quality of life due to behavioral, motor, and cognitive impairments.",complete_current_deposit_structurally_inspected,"complete_small_deposit_structure_reviewed: text=1, xlsx_workbook=1","mouse observations, tissues, images, signals, or sequences",Not applicable under the human-only screening boundary.,"Official Dryad title/abstract/methods identify mouse; current file listing reviewed (complete_small_deposit_structure_reviewed: text=1, xlsx_workbook=1).",excluded_nonhuman_or_nonhuman_derived,False,Influence of amyloid pathology on retina and dLGN in 5xFAD mouse model is explicitly mouse; no separable human participant or human-derived component is documented.,,high,2026-08-02
dryad_acanthamoeba_keratitis_transcriptome,Human conjunctival transcriptome in Acanthamoeba keratitis: An exploratory study,10.5061/dryad.k3j9kd5fx,4,Data from: Human conjunctival transcriptome in Acanthamoeba keratitis: An exploratory study,4,5160475,human_participant_or_patient_data,human_participant_or_patient_data,Data from: Human conjunctival transcriptome in Acanthamoeba keratitis: An exploratory study The host conjunctival transcriptome of 9 patients with Acanthamoeba keratitis (AK) is compared to the conjunctival transcriptome of 13 patients with keratitis and no identified pathogen.,complete_current_deposit_structurally_inspected,"complete_small_deposit_structure_reviewed: delimited_table=2, text=2",sample-by-gene conjunctival RNA count matrix with 22-sample metadata,keratitis-group expression classification or biomarker evaluation,"Official Dryad title/abstract/methods and complete structural inspection; named deposited files include conj_transcriptome_metadata.csv, conj_transcriptome_stringtie2_counts_md5-9660d96d.csv, ENSG_ID2Name.txt, README.md.",included_human_or_human_derived_model_resource,True,"The deposit documents sample-by-gene conjunctival RNA count matrix with 22-sample metadata, providing structured human-derived inputs and/or targets for keratitis-group expression classification or biomarker evaluation.",,high,2026-08-02
dryad_amd_zinc_complement,AMD Zinc Complement Dataset,10.5061/dryad.3gq6t,1,Data from: Zinc supplementation inhibits complement activation in age-related macular degeneration,2,62634,human_participant_or_patient_data,human_participant_or_patient_data,Data from: Zinc supplementation inhibits complement activation in age-related macular degeneration Age-related macular degeneration (AMD) is the leading cause of blindness in the Western world.,complete_current_deposit_structurally_inspected,"complete_small_deposit_structure_reviewed: text=1, xls_workbook=1","72 participant longitudinal complement, genotype, visual-acuity, and treatment measurements",treatment-response or complement-activation prediction,"Official Dryad title/abstract/methods and complete structural inspection; named deposited files include README_for_Zinc supplementation inhibits complement activation in age-related macular degeneration.txt, Zinc supplementation inhibits complement activation in age-related macular degeneration.xls.",included_human_or_human_derived_model_resource,True,"The deposit documents 72 participant longitudinal complement, genotype, visual-acuity, and treatment measurements, providing structured human-derived inputs and/or targets for treatment-response or complement-activation prediction.",,high,2026-08-02
dryad_angle_closure_rabbit,Expression of matrix Metalloproteinases-2 and aquaporin-1 in corneoscleral junction after angle-closure in rabbits,10.5061/dryad.ks48tt4,1,Data from: Expression of matrix Metalloproteinases-2 and aquaporin-1 in corneoscleral junction after angle-closure in rabbits,21,133769410,nonhuman_or_nonhuman_derived,rabbit,Data from: Expression of matrix Metalloproteinases-2 and aquaporin-1 in corneoscleral junction after angle-closure in rabbits Background: To investigate the expression of Matrix Metalloproteinases 2 and aquaporin-1 in corneoscleral junction and explore the mechanism of trabecular damageafter angle-closure.,complete_official_file_listing,official_current_version_file_listing_reviewed,"rabbit observations, tissues, images, signals, or sequences",Not applicable under the human-only screening boundary.,Official Dryad title/abstract/methods identify rabbit; current file listing reviewed (official_current_version_file_listing_reviewed).,excluded_nonhuman_or_nonhuman_derived,False,Data from: Expression of matrix Metalloproteinases-2 and aquaporin-1 in corneoscleral junction after angle-closure in rabbits is explicitly rabbit; no separable human participant or human-derived component is documented.,,high,2026-08-02
dryad_aoslo_rpe,AOSLO RPE Cell Morphometry and Cone Mosaic Dataset,10.5061/dryad.b41j15h,1,"Data from: Human retinal pigment epithelium: in vivo cell morphometry, multispectral autofluorescence, and relationship to cone mosaic",20,84397437,human_participant_or_patient_data,human_participant_or_patient_data,"Data from: Human retinal pigment epithelium: in vivo cell morphometry, multispectral autofluorescence, and relationship to cone mosaic Purpose: To characterize in vivo morphometry and multispectral autofluorescence of the retinal pigment epithelial (RPE) cell mosaic and its relationship to cone cell topography across the macula.",complete_current_deposit_structurally_inspected,"complete_small_deposit_structure_reviewed: text=10, zip_archive=10",participant/eye AOSLO image archives and RPE/cone morphometry,retinal cell-morphometry or image-analysis evaluation,"Official Dryad title/abstract/methods and official current-version file listing; named deposited files include NOR011.zip, NOR025.zip, NOR047.zip, NOR053.zip.",included_human_or_human_derived_model_resource,True,"The deposit documents participant/eye AOSLO image archives and RPE/cone morphometry, providing structured human-derived inputs and/or targets for retinal cell-morphometry or image-analysis evaluation.",,medium,2026-08-02
dryad_bariatric_ophthalmology,Bariatric Surgery Ophthalmic Evaluation Dataset,10.5061/dryad.1g6vm34,1,"Data from: Ophthalmologic evaluation of severely obese patients undergoing bariatric surgery: a pilot, monocentric, prospective, open-label study",1,32456,human_participant_or_patient_data,human_participant_or_patient_data,Conclusions: The results of this study suggest that obese patients may have a greater susceptibility to develop glaucomatous optic nerve head damage and age-related macular degeneration.,complete_current_deposit_structurally_inspected,complete_small_deposit_structure_reviewed: xlsx_workbook=1,57-patient baseline and follow-up ophthalmic/OCT workbook,longitudinal retinal-thickness or risk regression,Official Dryad title/abstract/methods and complete structural inspection; named deposited files include Completedataset.xlsx.,included_human_or_human_derived_model_resource,True,"The deposit documents 57-patient baseline and follow-up ophthalmic/OCT workbook, providing structured human-derived inputs and/or targets for longitudinal retinal-thickness or risk regression.",,high,2026-08-02
dryad_bbs1_retinal_degeneration,BBS1 Retinal Degeneration Mouse Dataset,10.5061/dryad.2rbnzs7jm,6,"Ectopic expression of BBS1 rescues male infertility, but not retinal degeneration, in a BBS1 mouse model",1,58847,nonhuman_or_nonhuman_derived,mouse,"Ectopic expression of BBS1 rescues male infertility, but not retinal degeneration, in a BBS1 mouse model Bardet-Biedl syndrome (BBS) is a rare ciliopathy for which there are no current effective treatments.",complete_current_deposit_structurally_inspected,complete_small_deposit_structure_reviewed: xlsx_workbook=1,"mouse observations, tissues, images, signals, or sequences",Not applicable under the human-only screening boundary.,Official Dryad title/abstract/methods identify mouse; current file listing reviewed (complete_small_deposit_structure_reviewed: xlsx_workbook=1).,excluded_nonhuman_or_nonhuman_derived,False,"Ectopic expression of BBS1 rescues male infertility, but not retinal degeneration, in a BBS1 mouse model  is explicitly mouse; no separable human participant or human-derived component is documented.",,high,2026-08-02
dryad_biocular_eye_tracking,Bi-Ocular Vertebrate Eye-Tracking Dataset,10.5061/dryad.84hc0,1,Data from: A novel system for bi-ocular eye-tracking in vertebrates with laterally placed eyes,2,108554,nonhuman_or_nonhuman_derived,bird,Data from: A novel system for bi-ocular eye-tracking in vertebrates with laterally placed eyes 1.,complete_current_deposit_structurally_inspected,complete_small_deposit_structure_reviewed: xlsx_workbook=2,"bird observations, tissues, images, signals, or sequences",Not applicable under the human-only screening boundary.,Official Dryad title/abstract/methods identify bird; current file listing reviewed (complete_small_deposit_structure_reviewed: xlsx_workbook=2).,excluded_nonhuman_or_nonhuman_derived,False,Data from: A novel system for bi-ocular eye-tracking in vertebrates with laterally placed eyes is explicitly bird; no separable human participant or human-derived component is documented.,,high,2026-08-02
dryad_brvo_bevacizumab_multimodal,BRVO Bevacizumab Multimodal Dataset,10.5061/dryad.3cp54,1,"Data from: Analysis of potential ischemic effect of intravitreal bevacizumab on unaffected retina in treatment-naïve macular edema due to branch retinal vein occlusion: a prospective, interventional case-series",3,61440336,human_participant_or_patient_data,human_participant_or_patient_data,"Data from: Analysis of potential ischemic effect of intravitreal bevacizumab on unaffected retina in treatment-naïve macular edema due to branch retinal vein occlusion: a prospective, interventional case-series",complete_current_deposit_structurally_inspected,complete_small_deposit_structure_reviewed: file_type_confirmed=3,"eye-level OCT, fluorescein, and mfERG archives from a BRVO treatment cohort",multimodal retinal measurement or treatment-response modeling,"Official Dryad title/abstract/methods and official current-version file listing; named deposited files include 20160827Fluorescein.rar, 20160827mfERG.rar, 20160827OCT.rar.",included_human_or_human_derived_model_resource,True,"The deposit documents eye-level OCT, fluorescein, and mfERG archives from a BRVO treatment cohort, providing structured human-derived inputs and/or targets for multimodal retinal measurement or treatment-response modeling.",,medium,2026-08-02
dryad_canine_pra_cea_genotypes,Canine PRA and CEA Genotype Dataset,10.5061/dryad.6djh9w17c,5,Data for: Global frequency analyses of canine progressive rod-cone degeneration–progressive retinal atrophy and collie eye anomaly using commercial genetic testing data,2,5825605,nonhuman_or_nonhuman_derived,canine,"Data for: Global frequency analyses of canine progressive rod-cone degeneration–progressive retinal atrophy and collie eye anomaly using commercial genetic testing data Hundreds of genetic variants associated with canine traits and disorders have been identified, with commercial tests offered.",complete_current_deposit_structurally_inspected,"complete_small_deposit_structure_reviewed: text=1, xlsx_workbook=1","canine observations, tissues, images, signals, or sequences",Not applicable under the human-only screening boundary.,"Official Dryad title/abstract/methods identify canine; current file listing reviewed (complete_small_deposit_structure_reviewed: text=1, xlsx_workbook=1).",excluded_nonhuman_or_nonhuman_derived,False,Data for: Global frequency analyses of canine progressive rod-cone degeneration–progressive retinal atrophy and collie eye anomaly using commercial genetic testing data is explicitly canine; no separable human participant or human-derived component is documented.,,high,2026-08-02
dryad_clcc1_retinitis_pigmentosa,CLCC1 Retinitis Pigmentosa Genomics Dataset,10.5061/dryad.3vv31qq,1,Data from: Mutation in the intracellular chloride channel CLCC1 associated with autosomal recessive retinitis pigmentosa,1,36607394,mixed_with_separable_human_component,mixed_with_separable_human_component,"Data from: Mutation in the intracellular chloride channel CLCC1 associated with autosomal recessive retinitis pigmentosa We identified a homozygous missense alteration (c.75C>A, p.D25E) in CLCC1, encoding a presumptive intracellular chloride channel highly expressed in the retina, associated with autosomal recessive retinitis pigmentosa (arRP) in eight consanguineous families of Pakistani descent.",complete_current_deposit_structurally_inspected,complete_small_deposit_structure_reviewed: zip_archive=1,family-level human VCFs and genotype workbook,variant prioritization or genotype-phenotype analysis,Official Dryad title/abstract/methods and complete structural inspection; named deposited files include Raw data.zip.,included_human_or_human_derived_model_resource,True,"The deposit documents family-level human VCFs and genotype workbook, providing structured human-derived inputs and/or targets for variant prioritization or genotype-phenotype analysis.",,high,2026-08-02
dryad_cone_synapse_computation,Cone Photoreceptor Synapse Dataset,10.5061/dryad.0p2ngf25g,8,Mechanisms of simultaneous linear and nonlinear computations at the mammalian cone photoreceptor synapse,4,11191747623,nonhuman_or_nonhuman_derived,ground_squirrel,"Using super-resolution microscopy and tracking vesicle fusion and postsynaptic response at the quantal level in the thirteen-lined ground squirrel, Ictidomys tridecemlineatus , we show that certain bipolar cell types respond to individual fusion events in the stream while other types respond to degrees of locally coincident events, creating a gradient across tiers that are increasingly nonlinear.",complete_official_file_listing,official_current_version_file_listing_reviewed,"ground squirrel observations, tissues, images, signals, or sequences",Not applicable under the human-only screening boundary.,Official Dryad title/abstract/methods identify ground squirrel; current file listing reviewed (official_current_version_file_listing_reviewed).,excluded_nonhuman_or_nonhuman_derived,False,Mechanisms of simultaneous linear and nonlinear computations at the mammalian cone photoreceptor synapse is explicitly ground squirrel; no separable human participant or human-derived component is documented.,,high,2026-08-02
dryad_congenital_cataract_sight_restoration,Congenital Cataract Sight Restoration Dataset,10.5061/dryad.0gb5mkm9b,13,Postural stability and optic flow sensitivity following sight restoration from congenital bilateral cataracts,11,31105,human_participant_or_patient_data,human_participant_or_patient_data,Postural stability and optic flow sensitivity following sight restoration from congenital bilateral cataracts Vision is crucial for maintaining balance and facilitating locomotion.,complete_current_deposit_structurally_inspected,complete_small_deposit_structure_reviewed: text=11,participant/trial behavioral and demographic text tables,visual-rehabilitation performance modeling,"Official Dryad title/abstract/methods and complete structural inspection; named deposited files include demographics_cataract.txt, developmental.txt, ethiopian_controls_exp1.txt, ethiopian_controls_exp2.txt.",included_human_or_human_derived_model_resource,True,"The deposit documents participant/trial behavioral and demographic text tables, providing structured human-derived inputs and/or targets for visual-rehabilitation performance modeling.",,high,2026-08-02
dryad_congenital_glaucoma_wes,Identification of novel variants in LTBP2 and PXDN using whole-exome sequencing in developmental and congenital glaucoma,10.5061/dryad.k7455,1,Data from: Identification of novel variants in LTBP2 and PXDN using whole-exome sequencing in developmental and congenital glaucoma,4,442116648,human_participant_or_patient_data,human_participant_or_patient_data,Data from: Identification of novel variants in LTBP2 and PXDN using whole-exome sequencing in developmental and congenital glaucoma,complete_official_file_listing,official_current_version_file_listing_reviewed,individual human exome variant-difference files,rare-variant filtering or congenital-glaucoma genetics evaluation,"Official Dryad title/abstract/methods and official current-version file listing; named deposited files include DNA12-14956.hcdiffs.txt, DNA13-07602.hcdiffs.txt, DNA13-07606.hcdiffs.txt, DNA13-07610.hcdiffs.txt.",included_human_or_human_derived_model_resource,True,"The deposit documents individual human exome variant-difference files, providing structured human-derived inputs and/or targets for rare-variant filtering or congenital-glaucoma genetics evaluation.",,medium,2026-08-02
dryad_cornea_oct_pentacam,Corneal OCT and Pentacam Tomography Dataset,10.5061/dryad.tht76hf0c,5,Dataset for RSOS-211108,1,383898834,human_participant_or_patient_data,human_participant_or_patient_data,Dataset for RSOS-211108,complete_official_file_listing,official_current_version_file_listing_reviewed,participant-eye corneal OCT/Scheimpflug image data with segmentation workflow,corneal image segmentation or measurement modeling,Official Dryad title/abstract/methods and official current-version file listing; named deposited files include OCT_.zip.,included_human_or_human_derived_model_resource,True,"The deposit documents participant-eye corneal OCT/Scheimpflug image data with segmentation workflow, providing structured human-derived inputs and/or targets for corneal image segmentation or measurement modeling.",,medium,2026-08-02
dryad_corneal_biomechanics_prostaglandin,Changes in corneal biomechanical properties after long-term topical prostaglandin therapy,10.5061/dryad.d35s0,1,Data from: Changes in corneal biomechanical properties after long-term topical prostaglandin therapy,1,55426,human_participant_or_patient_data,human_participant_or_patient_data,Data from: Changes in corneal biomechanical properties after long-term topical prostaglandin therapy,complete_current_deposit_structurally_inspected,complete_small_deposit_structure_reviewed: xlsx_workbook=1,patient-eye Corvis biomechanical measurement workbook,therapy-associated biomechanics regression,Official Dryad title/abstract/methods and complete structural inspection; named deposited files include Na Wu-corvis primary data.xlsx.,included_human_or_human_derived_model_resource,True,"The deposit documents patient-eye Corvis biomechanical measurement workbook, providing structured human-derived inputs and/or targets for therapy-associated biomechanics regression.",,high,2026-08-02
dryad_corneal_conjunctivitis_biomarker,Corneal Conjunctivitis Biomarker Dataset,10.5061/dryad.4j0zpc8mm,3,Data from: Biomarker detection and validation for corneal involvement in patients with acute infectious conjunctivitis: A multi-country study,4,8983041,human_participant_or_patient_data,human_participant_or_patient_data,"The dataset includes raw transcriptomic counts, sample metadata, and gene mapping files, enabling replication and further exploration of the findings.",complete_current_deposit_structurally_inspected,"complete_small_deposit_structure_reviewed: delimited_table=2, text=1, zip_archive=1",sample-by-gene count matrix plus 58-sample metadata,corneal-involvement biomarker classification,"Official Dryad title/abstract/methods and complete structural inspection; named deposited files include biomarker_detection_count_data_md5-9b4b21f9.csv, biomarker_detection_sample_table_md5-7bd7fef2.csv, ENSG_ID2Name.txt.zip, README.md.",included_human_or_human_derived_model_resource,True,"The deposit documents sample-by-gene count matrix plus 58-sample metadata, providing structured human-derived inputs and/or targets for corneal-involvement biomarker classification.",,high,2026-08-02
dryad_corneal_laser_procedure,Corneal Laser Procedure for safety and efficacy in vision improvement,10.5061/dryad.m905qfv2r,8,Corneal Laser Procedure for safety and efficacy in vision improvement,3,76650,human_participant_or_patient_data,human_participant_or_patient_data,"Corneal Laser Procedure for safety and efficacy in vision improvement Purpose: To determine the safety and efficacy of corneal photovitrification (CPV), a corneal laser procedure, for vision improvement in patients with neovascular age-related macular degeneration (nAMD) and other retinal disorders involving central vision loss.",complete_current_deposit_structurally_inspected,"complete_small_deposit_structure_reviewed: text=1, xls_workbook=2",72-eye longitudinal acuity and potential-acuity measurements,post-procedure visual-outcome regression,"Official Dryad title/abstract/methods and complete structural inspection; named deposited files include F1000Rearch_Dataset_1_-_Devenyi_et_al_-_Corneal_laser_procedure.xls, F1000Rearch_Dataset_2_-_Devenyi_et_al_-_Corneal_laser_procedure.xls, README.txt.",included_human_or_human_derived_model_resource,True,"The deposit documents 72-eye longitudinal acuity and potential-acuity measurements, providing structured human-derived inputs and/or targets for post-procedure visual-outcome regression.",,high,2026-08-02
dryad_crvo_vegf_tortuosity,CRVO Retinal Tortuosity and VEGF Dataset,10.5061/dryad.5dn13,1,Data from: Significant correlation between retinal venous tortuosity and aqueous vascular endothelial growth factor concentration in eyes with central retinal vein occlusion,1,18399,human_participant_or_patient_data,human_participant_or_patient_data,Data from: Significant correlation between retinal venous tortuosity and aqueous vascular endothelial growth factor concentration in eyes with central retinal vein occlusion Purpose: To determine whether the degree of venous tortuosity is significantly correlated with the aqueous vascular endothelial growth factor (VEGF) concentration in eyes with a central retinal vein occlusion (CRVO).,complete_current_deposit_structurally_inspected,complete_small_deposit_structure_reviewed: xlsx_workbook=1,"eye-level vessel-tortuosity, VEGF, thickness, and acuity measurements",biomarker association or prediction,Official Dryad title/abstract/methods and complete structural inspection; named deposited files include CRVO tortuosity Data English.xlsx.,included_human_or_human_derived_model_resource,True,"The deposit documents eye-level vessel-tortuosity, VEGF, thickness, and acuity measurements, providing structured human-derived inputs and/or targets for biomarker association or prediction.",,high,2026-08-02
dryad_d12d9f,Excitatory neurotransmission activates compartmentalized calcium transients in Müller glia without affecting lateral process motility,10.6078/d12d9f,4,Excitatory neurotransmission activates compartmentalized calcium transients in Müller glia without affecting lateral process motility,16,704982604,nonhuman_or_nonhuman_derived,mouse,"Here we explore this phenomenon in Müller glia, which are specialized radial astroglia that are the predominant glial type of the vertebrate retina.",complete_official_file_listing,official_current_version_file_listing_reviewed,"mouse observations, tissues, images, signals, or sequences",Not applicable under the human-only screening boundary.,Official Dryad title/abstract/methods identify mouse; current file listing reviewed (official_current_version_file_listing_reviewed).,excluded_nonhuman_or_nonhuman_derived,False,Excitatory neurotransmission activates compartmentalized calcium transients in Müller glia without affecting lateral process motility is explicitly mouse; no separable human participant or human-derived component is documented.,,high,2026-08-02
dryad_d1895r,Directed Evolution of AAV for Efficient Gene Delivery to Canine and Primate Retina - Raw counts of variants from deep sequencing,10.6078/d1895r,1,Directed Evolution of AAV for Efficient Gene Delivery to Canine and Primate Retina - Raw counts of variants from deep sequencing,3,180261221,nonhuman_or_nonhuman_derived,canine,Directed Evolution of AAV for Efficient Gene Delivery to Canine and Primate Retina - Raw counts of variants from deep sequencing Efficient AAV-mediated gene delivery remains a significant obstacle to effective retinal gene therapies.,complete_official_file_listing,official_current_version_file_listing_reviewed,"canine observations, tissues, images, signals, or sequences",Not applicable under the human-only screening boundary.,Official Dryad title/abstract/methods identify canine; current file listing reviewed (official_current_version_file_listing_reviewed).,excluded_nonhuman_or_nonhuman_derived,False,Directed Evolution of AAV for Efficient Gene Delivery to Canine and Primate Retina - Raw counts of variants from deep sequencing is explicitly canine; no separable human participant or human-derived component is documented.,,high,2026-08-02
dryad_d1zd5s,Single cell transcriptomic analyses reveal the impact of bHLH factors on human retinal organoid development,10.5068/d1zd5s,9,Single cell transcriptomic analyses reveal the impact of bHLH factors on human retinal organoid development,4,43985647,human_participants_or_human_derived_biological_material,human_participants_or_human_derived_biological_material,"Single-cell transcriptome analyses identify three states of proliferating retinal progenitors: pre-neurogenic, neurogenic, and cell cycle-exiting progenitors.",complete_current_deposit_structurally_inspected,"complete_small_deposit_structure_reviewed: file_type_confirmed=3, text=1",human retinal-organoid single-cell gene-by-barcode matrices,cell-state clustering or expression-model evaluation,"Official Dryad title/abstract/methods and complete structural inspection; named deposited files include AEP_filtered_gene_bc_matrices_h5.h5, DATASET_Readme.txt, GFP_filtered_gene_bc_matrices_h5.h5, NEP_filtered_gene_bc_matrices_h5.h5.",included_human_or_human_derived_model_resource,True,"The deposit documents human retinal-organoid single-cell gene-by-barcode matrices, providing structured human-derived inputs and/or targets for cell-state clustering or expression-model evaluation.",,high,2026-08-02
dryad_diabetes_retinal_capillary,Diabetes Retinal Capillary Rarefaction Dataset,10.5061/dryad.58791,1,Data from: Retinal capillary rarefaction in patients with type 2 diabetes mellitus,1,54983,human_participant_or_patient_data,human_participant_or_patient_data,Data from: Retinal capillary rarefaction in patients with type 2 diabetes mellitus,complete_current_deposit_structurally_inspected,complete_small_deposit_structure_reviewed: file_type_confirmed=1,patient-level retinal-capillary study dataset,diabetes-associated capillary measurement prediction,Official Dryad title/abstract/methods and complete structural inspection; named deposited files include PlosOne_beb.sav.,included_human_or_human_derived_model_resource,True,"The deposit documents patient-level retinal-capillary study dataset, providing structured human-derived inputs and/or targets for diabetes-associated capillary measurement prediction.",,high,2026-08-02
dryad_diabetic_retinopathy_renal,Diabetic Retinopathy and Renal Function Dataset,10.5061/dryad.6kg1sd7,1,Data from: Association of diabetic retinopathy and diabetic macular edema with renal function in southern Chinese patients with type 2 diabetes mellitus: a single-center observational study,1,202240,human_participant_or_patient_data,human_participant_or_patient_data,"So we aimed to study the correlation between stage of DR and DME with stage of eGFR (estimated glomerular filtration rate) and stage of UACR (urine albumin to creatinine ratio), and to explore the systemic risk factors for DR and DME.",complete_current_deposit_structurally_inspected,complete_small_deposit_structure_reviewed: file_type_confirmed=1,"413-patient diabetic retinopathy, renal-stage, and systemic measurement dataset",DR/DME risk classification,Official Dryad title/abstract/methods and complete structural inspection; named deposited files include datas.et.,included_human_or_human_derived_model_resource,True,"The deposit documents 413-patient diabetic retinopathy, renal-stage, and systemic measurement dataset, providing structured human-derived inputs and/or targets for DR/DME risk classification.",,high,2026-08-02
dryad_dome_shaped_macula,Observational study of clinical characteristics of dome-shaped macula in Chinese Han with high myopia at Zhongshan Ophthalmic Center,10.5061/dryad.h544560,1,Data from: Observational study of clinical characteristics of dome-shaped macula in Chinese Han with high myopia at Zhongshan Ophthalmic Center,2,589392,human_participant_or_patient_data,human_participant_or_patient_data,"In highly myopic eyes without macular complications, the best corrected visual acuity is significantly worse in patients with DSM (P=0.002), and the ratio between subfoveal and parafoveal choroidal thickness (S/PCT) is significantly elevated in patients with DSM (P=0.021).",complete_current_deposit_structurally_inspected,"complete_small_deposit_structure_reviewed: file_type_confirmed=1, xlsx_workbook=1",multi-sheet high-myopia clinical database with thousands of observation rows,dome-shaped-macula phenotype classification,"Official Dryad title/abstract/methods and complete structural inspection; named deposited files include high myopia database.xlsx, README_for_high myopia database.docx.",included_human_or_human_derived_model_resource,True,"The deposit documents multi-sheet high-myopia clinical database with thousands of observation rows, providing structured human-derived inputs and/or targets for dome-shaped-macula phenotype classification.",,high,2026-08-02
dryad_dry_eye_nlrp3,Dry Eye NLRP3 Ocular Surface Dataset,10.5061/dryad.7vn28,1,Data from: Upregulation of NLRP3 inflammasome in the tears and ocular surface of dry eye patients,1,283622,human_participant_or_patient_data,human_participant_or_patient_data,"IL-18 mRNA expression levels were significantly upregulated in the SSDE (relative 2.97-fold upregulation, p=0.001) and NSSDE (relative 2.05-fold upregulation, p=0.001) groups compared with the controls; tear IL-18 concentrations were also significantly increased in the SSDE (p<0.001) and NSSDE (p<0.05) groups.",complete_current_deposit_structurally_inspected,complete_small_deposit_structure_reviewed: zip_archive=1,patient tear/ocular-surface inflammatory assay data,dry-eye biomarker classification,Official Dryad title/abstract/methods and complete structural inspection; named deposited files include Niu et al.plos one raw data.zip.,included_human_or_human_derived_model_resource,True,"The deposit documents patient tear/ocular-surface inflammatory assay data, providing structured human-derived inputs and/or targets for dry-eye biomarker classification.",,high,2026-08-02
dryad_eye_care_quality_of_life,Utility index and vision related quality of life in patients awaiting specialist eye care,10.5061/dryad.h44j0zpv3,7,Utility index and vision related quality of life in patients awaiting specialist eye care,2,95224,human_participant_or_patient_data,human_participant_or_patient_data,"We derived a utility index (VFQ-UI) from the patients’ responses, then calculated the correlation between this index and waiting time and compared utility across demographic subgroups stratified by age, sex, and care setting.",complete_current_deposit_structurally_inspected,"complete_small_deposit_structure_reviewed: text=1, xlsx_workbook=1","individual questionnaire, demographics, waiting-time, and utility records",vision-related quality-of-life regression,"Official Dryad title/abstract/methods and complete structural inspection; named deposited files include Dataset_VFQ-Utility_ageRANGE.xlsx, README.md.",included_human_or_human_derived_model_resource,True,"The deposit documents individual questionnaire, demographics, waiting-time, and utility records, providing structured human-derived inputs and/or targets for vision-related quality-of-life regression.",,high,2026-08-02
dryad_eye_head_visual_selection,Eye and Head Visual Selection Dataset,10.5061/dryad.33kh1,1,Data from: Eye and head movements are complementary in visual selection,1,82791,human_aggregate_visual_behavior_summary,human_aggregate_visual_behavior_summary,"These results are consistent with a nested system in which the head favours exploration of unknown regions, while the eye exploits what can be seen with finer-scale saccades.",complete_current_deposit_structurally_inspected,complete_small_deposit_structure_reviewed: xlsx_workbook=1,aggregate angular-distribution and horizontal-bias summaries,None: no participant/trial-level ophthalmic ML task is exposed,Official Dryad source metadata and file listing; complete_small_deposit_structure_reviewed: xlsx_workbook=1.,excluded_not_suitable_for_model_training_or_evaluation,False,The structurally inspected workbook contains aggregate visual-selection summaries; it is generic behavior research rather than an ophthalmic observation-level resource.,,high,2026-08-02
dryad_functional_oct_alzheimer,Functional OCT Retinal Response Dataset,10.5061/dryad.msbcc2ftc,6,A practical approach to functional optical coherence tomography shows abnormal retinal responses in Alzheimer’s disease,1,843520297,human_participant_or_patient_data,human_participant_or_patient_data,"A practical approach to functional optical coherence tomography shows abnormal retinal responses in Alzheimer’s disease Spectral-domain optical coherence tomography (SD-OCT) is an accessible clinical tool for measuring structural changes to the retina, and increasingly as a biomarker for brain-predominant neurodegenerative diseases like Alzheimer’s.",complete_official_file_listing,official_current_version_file_listing_reviewed,human functional-OCT study archive,Alzheimer-related retinal-response classification,Official Dryad title/abstract/methods and official current-version file listing; named deposited files include OCT__FOR_DRYAD_2020-03MAR-08.rar.,included_human_or_human_derived_model_resource,True,"The deposit documents human functional-OCT study archive, providing structured human-derived inputs and/or targets for Alzheimer-related retinal-response classification.",,medium,2026-08-02
dryad_fundus_venous_pulsation,Fundus Venous Pulsation Sequence Dataset,10.5061/dryad.56f1h,1,Data from: Quantitative analysis of fundus-image sequences reveals phase of spontaneous venous pulsations,2,118583295,human_participant_or_patient_data,human_participant_or_patient_data,Data from: Quantitative analysis of fundus-image sequences reveals phase of spontaneous venous pulsations,complete_official_file_listing,official_current_version_file_listing_reviewed,human fundus-video sequences with venous-pulsation measurements,pulsation phase or sequence-analysis evaluation,"Official Dryad title/abstract/methods and official current-version file listing; named deposited files include Movies_Raw.zip, README_for_Movies_Raw.txt.",included_human_or_human_derived_model_resource,True,"The deposit documents human fundus-video sequences with venous-pulsation measurements, providing structured human-derived inputs and/or targets for pulsation phase or sequence-analysis evaluation.",,medium,2026-08-02
dryad_fungal_keratitis_azole_assay,Phase-dependent differential in vitro and ex vivo susceptibility of Aspergillus flavus and Fusarium keratoplasticum to azole antifungals,10.5061/dryad.bk3j9kdjf,3,Data from: Phase-dependent differential in vitro and ex vivo susceptibility of Aspergillus flavus and Fusarium keratoplasticum to azole antifungals,3,4025,nonhuman_or_nonhuman_derived,porcine_or_ex_vivo_porcine,Data from: Phase-dependent differential in vitro and ex vivo susceptibility of Aspergillus flavus and Fusarium keratoplasticum to azole antifungals Fungal keratitis (FK) is an invasive infection of the cornea primarily associated with Aspergillus and Fusarium species.,complete_current_deposit_structurally_inspected,"complete_small_deposit_structure_reviewed: delimited_table=2, text=1","porcine or ex vivo porcine observations, tissues, images, signals, or sequences",Not applicable under the human-only screening boundary.,Official Dryad title/abstract/methods identify porcine or ex vivo porcine; current file listing reviewed (official_current_version_file_listing_reviewed).,excluded_nonhuman_or_nonhuman_derived,False,Data from: Phase-dependent differential in vitro and ex vivo susceptibility of Aspergillus flavus and Fusarium keratoplasticum to azole antifungals is explicitly porcine or ex vivo porcine; no separable human participant or human-derived component is documented.,,high,2026-08-02
dryad_fungal_keratitis_cci,CCI.net fungal keratitis cases dataset,10.5061/dryad.8931zcrw5,8,CCI.net fungal keratitis cases dataset,2,258765397,human_participant_or_patient_data,human_participant_or_patient_data,CCI.net fungal keratitis cases dataset Patients diagnosed with FK were enrolled from three cities in China between April 2015 and June 2022.,complete_official_file_listing,official_current_version_file_listing_reviewed,human fungal-keratitis case dataset,case phenotype or outcome prediction,"Official Dryad title/abstract/methods and official current-version file listing; named deposited files include CCI_net_dataset.zip, README.md.",included_human_or_human_derived_model_resource,True,"The deposit documents human fungal-keratitis case dataset, providing structured human-derived inputs and/or targets for case phenotype or outcome prediction.",,medium,2026-08-02
dryad_ga_biofeedback,Biofeedback fixation training in the rehabilitation of patients suffering from geographic atrophy,10.5061/dryad.ngf1vhj81,5,Data from: Biofeedback fixation training in the rehabilitation of patients suffering from geographic atrophy,2,10256,human_participant_or_patient_data,human_participant_or_patient_data,Data from: Biofeedback fixation training in the rehabilitation of patients suffering from geographic atrophy,complete_current_deposit_structurally_inspected,"complete_small_deposit_structure_reviewed: delimited_table=1, text=1",geographic-atrophy patient fixation-training records,rehabilitation-response modeling,"Official Dryad title/abstract/methods and official current-version file listing; named deposited files include AMD-Biofeedback_dataset_final.csv, README.md.",included_human_or_human_derived_model_resource,True,"The deposit documents geographic-atrophy patient fixation-training records, providing structured human-derived inputs and/or targets for rehabilitation-response modeling.",,medium,2026-08-02
dryad_gca_optic_nerve_dwi,GCA Optic Nerve Diffusion MRI Dataset,10.5061/dryad.59zw3r2bk,4,Utility of standard diffusion-weighted magnetic resonance imaging for the identification of ischemic optic neuropathy in giant cell arteritis,2,695487,human_participant_or_patient_data,human_participant_or_patient_data,Statistical quality criteria and inter-rater reliability (IRR) were calculated.,complete_current_deposit_structurally_inspected,"complete_small_deposit_structure_reviewed: text=1, xlsx_workbook=1",patient imaging/clinical feature workbook for ischemic optic neuropathy,GCA-related optic-neuropathy classification,"Official Dryad title/abstract/methods and official current-version file listing; named deposited files include Data_Rep_GCA_DWI_final.xlsx, README_file.txt.",included_human_or_human_derived_model_resource,True,"The deposit documents patient imaging/clinical feature workbook for ischemic optic neuropathy, providing structured human-derived inputs and/or targets for GCA-related optic-neuropathy classification.",,medium,2026-08-02
dryad_gcc_glaucoma,Glaucoma Ganglion Cell Complex Clinical Dataset,10.5061/dryad.xwdbrv1tn,3,Diagnostic capability of ganglion cell complex thickness via spectral domain optical coherence tomography in glaucoma,2,12543,human_participant_or_patient_data,human_participant_or_patient_data,Diagnostic capability of ganglion cell complex thickness via spectral domain optical coherence tomography in glaucoma,complete_current_deposit_structurally_inspected,"complete_small_deposit_structure_reviewed: file_type_confirmed=1, text=1",glaucoma/control ganglion-cell-complex measurement dataset,glaucoma classification,"Official Dryad title/abstract/methods and official current-version file listing; named deposited files include Dataset-_GCC_research.sav, README.md.",included_human_or_human_derived_model_resource,True,"The deposit documents glaucoma/control ganglion-cell-complex measurement dataset, providing structured human-derived inputs and/or targets for glaucoma classification.",,medium,2026-08-02
dryad_glaucoma_lhon_mitochondrial,Glaucoma and LHON Mitochondrial Function Dataset,10.5061/dryad.2k4v4,1,Data from: Measurement of systemic mitochondrial function in advanced primary open-angle glaucoma and Leber hereditary optic neuropathy,1,14688,human_participant_or_patient_data,human_participant_or_patient_data,Data from: Measurement of systemic mitochondrial function in advanced primary open-angle glaucoma and Leber hereditary optic neuropathy Primary Open Angle Glaucoma (POAG) is a common neurodegenerative disease characterized by the selective and gradual loss of retinal ganglion cells (RGCs).,complete_current_deposit_structurally_inspected,complete_small_deposit_structure_reviewed: file_type_confirmed=1,patient systemic mitochondrial-function measurements,glaucoma/LHON biomarker classification,Official Dryad title/abstract/methods and official current-version file listing; named deposited files include PLOS_ONE_Measurement of systemic mitochondrial function.rar.,included_human_or_human_derived_model_resource,True,"The deposit documents patient systemic mitochondrial-function measurements, providing structured human-derived inputs and/or targets for glaucoma/LHON biomarker classification.",,medium,2026-08-02
dryad_glaucoma_rnfl_vf,RNFL and Visual-Field Glaucoma Diagnosis Dataset,10.5061/dryad.q6ft5,1,Data from: Development of machine learning models for diagnosis of glaucoma,1,12461,human_participant_or_patient_data,human_participant_or_patient_data,Data from: Development of machine learning models for diagnosis of glaucoma,complete_current_deposit_structurally_inspected,complete_small_deposit_structure_reviewed: zip_archive=1,glaucoma diagnostic dataset with RNFL and visual-field features,glaucoma diagnosis,Official Dryad title/abstract/methods and official current-version file listing; named deposited files include dataset.zip.,included_human_or_human_derived_model_resource,True,"The deposit documents glaucoma diagnostic dataset with RNFL and visual-field features, providing structured human-derived inputs and/or targets for glaucoma diagnosis.",,medium,2026-08-02
dryad_glaucoma_tears_mirna,Glaucoma Tear miRNA Dataset,10.5061/dryad.bcc2fqzj1,3,miRNAs in primary open-angle glaucoma and ocular hypertension,2,69620,human_participant_or_patient_data,human_participant_or_patient_data,"miRNAs in primary open-angle glaucoma and ocular hypertension Glaucoma is a chronic neurodegenerative disease, which is the leading cause of irreversible blindness worldwide.",complete_current_deposit_structurally_inspected,"complete_small_deposit_structure_reviewed: delimited_table=1, text=1","96-row, one-column normalized miRNA table; no deposited sample map, class label, or usable expression matrix documented",Not established from the deposited table alone.,"Official source describes a human glaucoma biomarker study, but complete structural inspection found only norm_data.csv (96 rows, one column) plus README.",excluded_insufficient_model_use_evidence,False,"The study enrolled human cases and controls, but the available one-column normalized table does not demonstrate sample-level predictors linked to outcomes or labels needed to define an ML task.",,high,2026-08-02
dryad_htr1b_mouse_retina,<em>Htr1b</em> is necessary for normal retinal function in mice,10.5061/dryad.bk3j9kdps,7,Data from: Htr1b is necessary for normal retinal function in mice,5,113358,nonhuman_or_nonhuman_derived,mouse,"Data from: Htr1b is necessary for normal retinal function in mice Introduction: Serotonin (5-HT) is a neurotransmitter that is involved in retinal development, physiology, and vision, yet the specific contribution of individual 5-HT receptors to retinal function is poorly characterized.",complete_current_deposit_structurally_inspected,"complete_small_deposit_structure_reviewed: text=1, xlsx_workbook=4","mouse observations, tissues, images, signals, or sequences",Not applicable under the human-only screening boundary.,Official Dryad title/abstract/methods identify mouse; current file listing reviewed (official_current_version_file_listing_reviewed).,excluded_nonhuman_or_nonhuman_derived,False,Data from: <em>Htr1b</em> is necessary for normal retinal function in mice is explicitly mouse; no separable human participant or human-derived component is documented.,,high,2026-08-02
dryad_human_foveal_cones,Human foveal cone photoreceptor topography and its dependence on eye length,10.5061/dryad.nh0fp1b,1,Data from: Human foveal cone photoreceptor topography and its dependence on eye length,1,33268162,human_participant_or_patient_data,human_participant_or_patient_data,We used a new generation Adaptive Optics Scanning Laser Ophthalmoscope to image cones at and near the fovea in 28 eyes of 16 subjects.,complete_current_deposit_structurally_inspected,complete_small_deposit_structure_reviewed: zip_archive=1,human foveal cone topography data,cone-density or eye-length regression,Official Dryad title/abstract/methods and official current-version file listing; named deposited files include HUMAN_FOVEAL_CONES.zip.,included_human_or_human_derived_model_resource,True,"The deposit documents human foveal cone topography data, providing structured human-derived inputs and/or targets for cone-density or eye-length regression.",,medium,2026-08-02
dryad_huntingtons_retinal_oct,Is retina affected in Huntington's disease? Is optical coherence tomography a good biomarker?,10.5061/dryad.ncjsxksxr,5,Data from: Is retina affected in Huntington's disease? Is optical coherence tomography a good biomarker?,2,24663,human_participant_or_patient_data,human_participant_or_patient_data,"Prospective cross-sectional measurement of peripapillary retinal nerve fiber layer thickness (RNFL) and total macular volume (TMV) measured by spectral domain optical coherence tomography (OCT) of retina, Pelli-Robson Contrast Sensitivity test, Farnsworth 15 Hue Color discrimination test, and Unified Huntington’s disease Rating Scale (UHDRS).",complete_current_deposit_structurally_inspected,"complete_small_deposit_structure_reviewed: delimited_table=1, text=1",177-row human retinal-OCT clinical table,Huntington-related retinal biomarker classification,"Official Dryad title/abstract/methods and official current-version file listing; named deposited files include data.csv, README.md.",included_human_or_human_derived_model_resource,True,"The deposit documents 177-row human retinal-OCT clinical table, providing structured human-derived inputs and/or targets for Huntington-related retinal biomarker classification.",,medium,2026-08-02
dryad_icmr_eye_see_cataract,ICMR EYE SEE Cataract and Sun Exposure Dataset,10.5061/dryad.5qfttdz19,6,Association of cataract and sun exposure in geographically diverse populations of India: the case study. first report of the ICMR-EYE SEE study group,2,2438708,human_participant_or_patient_data,human_participant_or_patient_data,"Design: Population based cross sectional study during 2010-2016 Participants: People aged > 40 years residing in randomly sampled villages were enumerated (12021) and 9735 (81%) underwent ophthalmic evaluation from plains, hilly and coastal regions (3595, 3231, 2909 respectively) Methods: A detailed questionnaire-based interview about outdoor activity in present, past and remote past, usage of sun protective measures, exposure to smoke, and detailed ophthalmic examination including assessment of",complete_current_deposit_structurally_inspected,"complete_small_deposit_structure_reviewed: text=1, zip_archive=1",participant/eye cataract and sun-exposure survey data,cataract-risk prediction,"Official Dryad title/abstract/methods and official current-version file listing; named deposited files include Instructions.txt, UVR-cataract-analysis.zip.",included_human_or_human_derived_model_resource,True,"The deposit documents participant/eye cataract and sun-exposure survey data, providing structured human-derived inputs and/or targets for cataract-risk prediction.",,medium,2026-08-02
dryad_ird_mouse_proteome,Retinal proteome profiling of inherited retinal degeneration across three different mouse models suggests common drug targets in retinitis pigmentosa,10.5061/dryad.c2fqz61pc,4,Retinal proteome profiling of inherited retinal degeneration across three different mouse models suggests common drug targets in retinitis pigmentosa,19,7826521,nonhuman_or_nonhuman_derived,mouse,Retinal proteome profiling of inherited retinal degeneration across three different mouse models suggests common drug targets in retinitis pigmentosa Inherited retinal degenerations (IRDs) are a leading cause of blindness among the population of young people in the developed world.,complete_current_deposit_structurally_inspected,"complete_small_deposit_structure_reviewed: delimited_table=18, text=1","mouse observations, tissues, images, signals, or sequences",Not applicable under the human-only screening boundary.,Official Dryad title/abstract/methods identify mouse; current file listing reviewed (official_current_version_file_listing_reviewed).,excluded_nonhuman_or_nonhuman_derived,False,Retinal proteome profiling of inherited retinal degeneration across three different mouse models suggests common drug targets in retinitis pigmentosa is explicitly mouse; no separable human participant or human-derived component is documented.,,high,2026-08-02
dryad_iris_surface_features,Iris Surface Features Dataset,10.5061/dryad.0kt87,1,Data from: Analysis of iris surface features in populations of diverse ancestry,1,155993,human_participant_or_patient_data,human_participant_or_patient_data,"Data from: Analysis of iris surface features in populations of diverse ancestry There are many textural elements that can be found in the human eye, including Fuchs’ crypts, Wolfflin nodules, pigment spots, contraction furrows and conjunctival melanosis.",complete_current_deposit_structurally_inspected,complete_small_deposit_structure_reviewed: xlsx_workbook=1,"1,464 human iris-feature/genotype observation rows",iris-trait classification or association modeling,Official Dryad title/abstract/methods and official current-version file listing; named deposited files include Iris features data.xlsx.,included_human_or_human_derived_model_resource,True,"The deposit documents 1,464 human iris-feature/genotype observation rows, providing structured human-derived inputs and/or targets for iris-trait classification or association modeling.",dryad_sbcc2fr6n (same publication DOI; overlap unresolved),medium,2026-08-02
dryad_j0707ztm,Early removal of senescent cells protects retinal ganglion cells loss in experimental ocular hypertension,10.6075/j0707ztm,4,Early removal of senescent cells protects retinal ganglion cells loss in experimental ocular hypertension,1,313138,nonhuman_or_nonhuman_derived,mouse,"In the current study, we demonstrated in a transgenic mouse model that early removal of senescent cells induced upon elevated intraocular pressure (IOP) protects unaffected RGCs from senescence and apoptosis.",complete_current_deposit_structurally_inspected,complete_small_deposit_structure_reviewed: xlsx_workbook=1,"mouse observations, tissues, images, signals, or sequences",Not applicable under the human-only screening boundary.,Official Dryad title/abstract/methods identify mouse; current file listing reviewed (official_current_version_file_listing_reviewed).,excluded_nonhuman_or_nonhuman_derived,False,Early removal of  senescent cells protects retinal ganglion cells loss in experimental ocular hypertension is explicitly mouse; no separable human participant or human-derived component is documented.,,high,2026-08-02
dryad_karachi_cataract_outcomes,Karachi Cataract Surgery Quality Dataset,10.5061/dryad.7q5c7,1,Data from: Gendered disparities in quality of cataract surgery in a marginalised population in Pakistan: the Karachi marine fishing communities eye and general health survey,1,8591,human_participant_or_patient_data,human_participant_or_patient_data,"Overall, 65.5% of the operated eyes had some form of visual loss (presenting visual acuity [PVA] < 6/12).",complete_current_deposit_structurally_inspected,complete_small_deposit_structure_reviewed: delimited_table=1,human cataract-surgery outcome survey table,surgical-quality or outcome prediction,Official Dryad title/abstract/methods and official current-version file listing; named deposited files include KarachiFishing_PlosOne.csv.,included_human_or_human_derived_model_resource,True,"The deposit documents human cataract-surgery outcome survey table, providing structured human-derived inputs and/or targets for surgical-quality or outcome prediction.",,medium,2026-08-02
dryad_lens_fluorescence_twins,Long-term development of lens fluorescence in a twin cohort: Heritability and effects of age and lifestyle,10.5061/dryad.mcvdnck22,4,Long-term development of lens fluorescence in a twin cohort: Heritability and effects of age and lifestyle,1,19907,human_participant_or_patient_data,human_participant_or_patient_data,Long-term development of lens fluorescence in a twin cohort: Heritability and effects of age and lifestyle,complete_current_deposit_structurally_inspected,complete_small_deposit_structure_reviewed: xlsx_workbook=1,twin-level longitudinal lens-fluorescence and lifestyle data,lens-fluorescence regression,Official Dryad title/abstract/methods and official current-version file listing; named deposited files include Data_for_repository_paper_1_v3.xlsx.,included_human_or_human_derived_model_resource,True,"The deposit documents twin-level longitudinal lens-fluorescence and lifestyle data, providing structured human-derived inputs and/or targets for lens-fluorescence regression.",,medium,2026-08-02
dryad_lvpei_cataract_outcomes,LVPEI Cataract Surgery Outcome Dataset,10.5061/dryad.71hp4,1,"Data from: Cataract surgery visual outcomes and associated risk factors in secondary level eye care centers of L V Prasad Eye Institute, India",1,452222,human_participant_or_patient_data,human_participant_or_patient_data,Intraoperative complications were seen in 29 eyes (1.4%).,complete_current_deposit_structurally_inspected,complete_small_deposit_structure_reviewed: file_type_confirmed=1,individual cataract-surgery outcome records,postoperative visual-outcome prediction,Official Dryad title/abstract/methods and official current-version file listing; named deposited files include Outcome_data.dta.,included_human_or_human_derived_model_resource,True,"The deposit documents individual cataract-surgery outcome records, providing structured human-derived inputs and/or targets for postoperative visual-outcome prediction.",,medium,2026-08-02
dryad_macaque_cone_ratio,Rhesus macaque cone ratio heritability,10.5061/dryad.gf1vhhmsc,4,Rhesus macaque cone ratio heritability,3,492530,nonhuman_or_nonhuman_derived,nonhuman_primate,"Rhesus macaque cone ratio heritability A defining feature of catarrhine primates is uniform trichromacy – the ability to distinguish red (long; L), green (medium; M), and blue (short; S) wavelengths of light.",complete_current_deposit_structurally_inspected,"complete_small_deposit_structure_reviewed: delimited_table=2, text=1","nonhuman primate observations, tissues, images, signals, or sequences",Not applicable under the human-only screening boundary.,Official Dryad title/abstract/methods identify nonhuman primate; current file listing reviewed (official_current_version_file_listing_reviewed).,excluded_nonhuman_or_nonhuman_derived,False,Rhesus macaque cone ratio heritability is explicitly nonhuman primate; no separable human participant or human-derived component is documented.,,high,2026-08-02
dryad_moorfields_amd_1_2_year,One and two year visual outcomes from the Moorfields age-related macular degeneration database: a retrospective cohort study and an open science resource,10.5061/dryad.97r9289,4,Data from: One and two year visual outcomes from the Moorfields age-related macular degeneration database: a retrospective cohort study and an open science resource,2,3343064,human_participant_or_patient_data,human_participant_or_patient_data,"Data from: One and two year visual outcomes from the Moorfields age-related macular degeneration database: a retrospective cohort study and an open science resource Objectives: To analyse treatment outcomes and share clinical data from a large, single-center, well-curated database (8174 eyes / 6664 patients with 120,756 single entries) of patients with neovascular age related macular degeneration (AMD) treated with anti-vascular endothelial growth factor (VEGF).",complete_current_deposit_structurally_inspected,"complete_small_deposit_structure_reviewed: delimited_table=1, text=1",longitudinal Moorfields nAMD eye/visit outcomes,one/two-year visual-outcome prediction,"Official Dryad title/abstract/methods and official current-version file listing; named deposited files include Moorfields_AMD_Database_1.csv, README_for_Moorfields_AMD_Database_1.rtf.",included_human_or_human_derived_model_resource,True,"The deposit documents longitudinal Moorfields nAMD eye/visit outcomes, providing structured human-derived inputs and/or targets for one/two-year visual-outcome prediction.",dryad_moorfields_namd_fellow_eye; dryad_namd_oct_quant; dryad_namd_visual_prediction (officially confirmed overlapping Moorfields AMD cohort),medium,2026-08-02
dryad_moorfields_namd_fellow_eye,Moorfields nAMD Fellow-Eye Dataset,10.5061/dryad.4mw6m906b,7,Data from: The Moorfields AMD database report 2 - fellow eye involvement with neovascular age-related macular degeneration,2,15505168,human_participant_or_patient_data,human_participant_or_patient_data,"Data from: The Moorfields AMD database report 2 - fellow eye involvement with neovascular age-related macular degeneration Background/Aims: Neovascular age-related macular degeneration (nAMD) is frequently bilateral, and previous reports on ‘fellow eyes’’ have assumed sequential treatment after a period of treatment of the first eye only.",complete_current_deposit_structurally_inspected,"complete_small_deposit_structure_reviewed: delimited_table=1, text=1",Moorfields nAMD patient/eye fellow-eye outcome records,fellow-eye conversion prediction,"Official Dryad title/abstract/methods and official current-version file listing; named deposited files include Moorfields_AMD_Database_2_readme.rtf, Moorfields_AMD_Database_2.csv.",included_human_or_human_derived_model_resource,True,"The deposit documents Moorfields nAMD patient/eye fellow-eye outcome records, providing structured human-derived inputs and/or targets for fellow-eye conversion prediction.",dryad_moorfields_amd_1_2_year; dryad_namd_oct_quant; dryad_namd_visual_prediction (officially confirmed overlapping Moorfields AMD cohort); dryad_namd_ten_year_survival (Moorfields link unresolved),medium,2026-08-02
dryad_mouse_all_optical_retina,All-Optical Retinal Degeneration Mouse Dataset,10.5061/dryad.7q37g6b,1,Data from: All-optical recording and stimulation of retinal neurons in vivo in retinal degeneration mice,2,221621774,nonhuman_or_nonhuman_derived,mouse,"Data from: All-optical recording and stimulation of retinal neurons in vivo in retinal degeneration mice Here we demonstrate the application of a method that could accelerate the development of novel therapies by allowing direct and repeatable visualization of cellular function in the living eye, to study loss of vision in animal models of retinal disease, as well as evaluate the time course of retinal function following therapeutic intervention.",complete_official_file_listing,official_current_version_file_listing_reviewed,"mouse observations, tissues, images, signals, or sequences",Not applicable under the human-only screening boundary.,Official Dryad title/abstract/methods identify mouse; current file listing reviewed (official_current_version_file_listing_reviewed).,excluded_nonhuman_or_nonhuman_derived,False,Data from: All-optical recording and stimulation of retinal neurons in vivo in retinal degeneration mice is explicitly mouse; no separable human participant or human-derived component is documented.,,high,2026-08-02
dryad_mouse_oct_beam_tilt,Quantifying the influence of optical coherence tomography beam tilt in the normal adult mouse retina,10.5061/dryad.95x69p8th,3,Quantifying the influence of optical coherence tomography beam tilt in the normal adult mouse retina,2,4704522143,nonhuman_or_nonhuman_derived,mouse,Quantifying the influence of optical coherence tomography beam tilt in the normal adult mouse retina Parallel microstructures within the retina – like retinal nerve fiber layer (RNFL) axons – differentially reflect light depending on its angle.,complete_official_file_listing,official_current_version_file_listing_reviewed,"mouse observations, tissues, images, signals, or sequences",Not applicable under the human-only screening boundary.,Official Dryad title/abstract/methods identify mouse; current file listing reviewed (official_current_version_file_listing_reviewed).,excluded_nonhuman_or_nonhuman_derived,False,Quantifying the influence of optical coherence tomography beam tilt in the normal adult mouse retina is explicitly mouse; no separable human participant or human-derived component is documented.,,high,2026-08-02
dryad_mouse_pupil_masking_retinal_deg,Pupil and masking responses to light as functional measures of retinal degeneration in mice Mus Musculus,10.5061/dryad.9kd51c5g5,2,Pupil and masking responses to light as functional measures of retinal degeneration in mice Mus Musculus,3,52159706,nonhuman_or_nonhuman_derived,mouse,Pupil and masking responses to light as functional measures of retinal degeneration in mice Mus Musculus Background: Pre-clinical testing of retinal pathology and treatment efficacy depends on reliable and valid measures of retinal function.,complete_current_deposit_structurally_inspected,complete_small_deposit_structure_reviewed: file_type_confirmed=3,"mouse observations, tissues, images, signals, or sequences",Not applicable under the human-only screening boundary.,Official Dryad title/abstract/methods identify mouse; current file listing reviewed (official_current_version_file_listing_reviewed).,excluded_nonhuman_or_nonhuman_derived,False,Pupil and masking responses to light as functional measures of retinal degeneration in mice Mus Musculus is explicitly mouse; no separable human participant or human-derived component is documented.,,high,2026-08-02
dryad_myopia_glaucoma_visual_field,Myopia and Glaucoma Visual Field Prognosis Dataset,10.5061/dryad.1n50q,1,Data from: Axial myopia is associated with visual field prognosis of primary open-angle glaucoma,1,77824,human_participant_or_patient_data,human_participant_or_patient_data,"Myopia was divided into: mild myopia (-2.99 diopter [D], 0), moderate myopia (-5.99, 3.00 D), marked myopia (-9.00, -6.00 D) and non-myopia (0 D or more).",complete_current_deposit_structurally_inspected,complete_small_deposit_structure_reviewed: xls_workbook=1,glaucoma patient visual-field prognosis table,visual-field progression prediction,Official Dryad title/abstract/methods and official current-version file listing; named deposited files include Data from Axial Myopia is asscoiated with Visual Field Prognosis of Primary Open-angle Glaucoma.xls.,included_human_or_human_derived_model_resource,True,"The deposit documents glaucoma patient visual-field prognosis table, providing structured human-derived inputs and/or targets for visual-field progression prediction.",,medium,2026-08-02
dryad_namd_12_year_survival,Insights from survival analyses during 12 years of anti-VEGF therapy for neovascular age-related macular degeneration,10.5061/dryad.nvx0k6dqg,5,Insights from survival analyses during 12 years of anti-VEGF therapy for neovascular age-related macular degeneration,4,20325759,human_participant_or_patient_data,human_participant_or_patient_data,"Insights from survival analyses during 12 years of anti-VEGF therapy for neovascular age-related macular degeneration Importance : While multiple imputation models for missing data and use of mixed effects models generally provide better outcome estimates than using only observed data or last observation carried forward in clinical trials, such approaches usually cannot be applied to visual outcomes from retrospective analyses of clinical practice settings, so-called real-world outcomes.",complete_current_deposit_structurally_inspected,"complete_small_deposit_structure_reviewed: delimited_table=1, file_type_confirmed=1, text=2","7,802-eye longitudinal anti-VEGF survival/outcome table",time-to-visual-outcome survival modeling,"Official Dryad title/abstract/methods and official current-version file listing; named deposited files include 201025_anonymisation_SOP.docx, 201025_R_code_for_analysis.R, MEH_AMD_survivaloutcomes_database.csv, README_for_Moorfields_AMD_Database.rtf.",included_human_or_human_derived_model_resource,True,"The deposit documents 7,802-eye longitudinal anti-VEGF survival/outcome table, providing structured human-derived inputs and/or targets for time-to-visual-outcome survival modeling.",,medium,2026-08-02
dryad_namd_oct_longitudinal,Quantifying changes on optical coherence tomography in eyes receiving treatment for neovascular age-related macular degeneration,10.5061/dryad.8cz8w9h0v,11,Data from: Quantifying changes on optical coherence tomography in eyes receiving treatment for neovascular age-related macular degeneration,2,15711999,human_participant_or_patient_data,human_participant_or_patient_data,Data from: Quantifying changes on optical coherence tomography in eyes receiving treatment for neovascular age-related macular degeneration Purpose Application of artificial intelligence (AI) to macular optical coherence tomography (OCT) scans to segment and quantify volumetric change of anatomical and pathological features during intravitreal treatment for neovascular age-related macular degeneration (AMD).,complete_current_deposit_structurally_inspected,"complete_small_deposit_structure_reviewed: delimited_table=1, text=1",longitudinal nAMD eye OCT measurement table,OCT trajectory prediction,"Official Dryad title/abstract/methods and official current-version file listing; named deposited files include AMD_longitudinal_MEH_v4.csv, README.md.",included_human_or_human_derived_model_resource,True,"The deposit documents longitudinal nAMD eye OCT measurement table, providing structured human-derived inputs and/or targets for OCT trajectory prediction.",,medium,2026-08-02
dryad_namd_oct_quant,Moorfields nAMD Quantitative OCT Biomarker Dataset,10.5061/dryad.2rbnzs7m4,6,Quantitative analysis of optical coherence tomography for neovascular age-related macular degeneration using deep learning,2,707701,human_participant_or_patient_data,human_participant_or_patient_data,"Quantitative analysis of optical coherence tomography for neovascular age-related macular degeneration using deep learning Purpose: To apply a deep learning algorithm for automated, objective, and comprehensive quantification of optical coherence tomography (OCT) scans to a large real-world dataset of eyes with neovascular age-related macular degeneration (AMD), and make the raw segmentation output data openly available for further research.",complete_current_deposit_structurally_inspected,"complete_small_deposit_structure_reviewed: delimited_table=1, text=1",baseline nAMD eye quantitative-OCT clinical table,nAMD visual-outcome prediction,"Official Dryad title/abstract/methods and official current-version file listing; named deposited files include AMD_baseline.csv, readme.txt.",included_human_or_human_derived_model_resource,True,"The deposit documents baseline nAMD eye quantitative-OCT clinical table, providing structured human-derived inputs and/or targets for nAMD visual-outcome prediction.",dryad_moorfields_amd_1_2_year; dryad_moorfields_namd_fellow_eye (officially confirmed overlapping Moorfields AMD cohort),medium,2026-08-02
dryad_namd_ten_year_survival,Ten-year survival trends of neovascular age-related macular degeneration at first presentation,10.5061/dryad.9cnp5hqfm,11,Data from: Ten-year survival trends of neovascular age-related macular degeneration at first presentation,4,1045599,human_participant_or_patient_data,human_participant_or_patient_data,"Data from: Ten-year survival trends of neovascular age-related macular degeneration at first presentation Background: To describe 10-year trends in visual outcomes, anatomical outcomes, and treatment burden of patients receiving anti-vascular endothelial growth factor (VEGF) therapy for neovascular age-related macular degeneration (nAMD).",complete_current_deposit_structurally_inspected,"complete_small_deposit_structure_reviewed: delimited_table=1, text=3","longitudinal nAMD patient/eye visual, thickness, and injection records",ten-year survival or visual-outcome prediction,"Official Dryad title/abstract/methods and official current-version file listing; named deposited files include anon_annualoutcomes.R, anon_survivalcurve.R, Moorfields_AMD_Database_10_years_readme.rtf, Moorfields_AMD_Database_10_years.csv.",included_human_or_human_derived_model_resource,True,"The deposit documents longitudinal nAMD patient/eye visual, thickness, and injection records, providing structured human-derived inputs and/or targets for ten-year survival or visual-outcome prediction.","dryad_moorfields_namd_fellow_eye (Moorfields relationship is unresolved, not a duplicate finding)",medium,2026-08-02
dryad_namd_visual_prediction,Moorfields nAMD Visual-Change Prediction Dataset,10.5061/dryad.573n5tb5d,4,Predicting incremental and future visual change in neovascular age-related macular degeneration using deep learning,3,1498898,human_participant_or_patient_data,human_participant_or_patient_data,"Predicting incremental and future visual change in neovascular age-related macular degeneration using deep learning Purpose To evaluate the predictive utility of quantitative imaging biomarkers, acquired automatically from optical coherence tomography (OCT) scans, of cross-sectional and future visual outcomes of patients with neovascular age-related macular degeneration (AMD) starting anti-vascular endothelial growth factor (VEGF) therapy.",complete_current_deposit_structurally_inspected,"complete_small_deposit_structure_reviewed: delimited_table=1, text=2",nAMD patient/eye longitudinal prediction dataframe,future visual-change prediction,"Official Dryad title/abstract/methods and official current-version file listing; named deposited files include dataframe.csv, R_code_for_analysis.R, README.rtf.",included_human_or_human_derived_model_resource,True,"The deposit documents nAMD patient/eye longitudinal prediction dataframe, providing structured human-derived inputs and/or targets for future visual-change prediction.",dryad_moorfields_amd_1_2_year; dryad_moorfields_namd_fellow_eye (officially confirmed overlapping Moorfields AMD cohort),medium,2026-08-02
dryad_nhp_trachoma_immunity,Nonhuman Primate Trachoma Immune Dataset,10.5061/dryad.69p8cz982,3,Multimodal mucosal and systemic immune characterization of a non-human primate trachoma model highlights the critical role of local immunity during acute phase disease,2,1715551877,nonhuman_or_nonhuman_derived,nonhuman_primate,Multimodal mucosal and systemic immune characterization of a non-human primate trachoma model highlights the critical role of local immunity during acute phase disease Trachoma is a leading cause of infection-related blindness worldwide.,complete_official_file_listing,official_current_version_file_listing_reviewed,"nonhuman primate observations, tissues, images, signals, or sequences",Not applicable under the human-only screening boundary.,Official Dryad title/abstract/methods identify nonhuman primate; current file listing reviewed (official_current_version_file_listing_reviewed).,excluded_nonhuman_or_nonhuman_derived,False,Multimodal mucosal and systemic immune characterization of a non-human primate trachoma model highlights the critical role of local immunity during acute phase disease  is explicitly nonhuman primate; no separable human participant or human-derived component is documented.,,high,2026-08-02
dryad_nigeria_cataract_services,Nigeria Cataract Services Dataset,10.5061/dryad.13bp2,1,Data from: Changing patterns of cataract services in North-West Nigeria: 2005–2016,2,418304,human_participant_or_patient_data,human_participant_or_patient_data,"The CSR in Sokoto state increased from 272 (1005 operations) in 2006, to 596 (2799 operations) in 2014.",complete_current_deposit_structurally_inspected,"complete_small_deposit_structure_reviewed: file_type_confirmed=1, xls_workbook=1",Wurno population-survey workbook for persons aged 50+ with cataract-service observations,cataract blindness/coverage or service-outcome modeling,"Official Dryad title/abstract/methods and official current-version file listing; named deposited files include README_for_Wurno zone Sokoto Nigeria_2005.doc, Wurno zone Sokoto Nigeria_2005.xls.",included_human_or_human_derived_model_resource,True,"The deposit documents Wurno population-survey workbook for persons aged 50+ with cataract-service observations, providing structured human-derived inputs and/or targets for cataract blindness/coverage or service-outcome modeling.",,high,2026-08-02
dryad_ocular_chemical_injuries_shanghai,Clinical characteristics of patients hospitalized for ocular chemical injuries in Shanghai from 2012 to 2017,10.5061/dryad.9707661,3,Clinical characteristics of patients hospitalized for ocular chemical injuries in Shanghai from 2012 to 2017,1,25035,human_participant_or_patient_data,human_participant_or_patient_data,"Conclusion: We elaborate the clinical characteristics and outcomes of patients with ocular chemical injuries in Jinshan District, Shanghai.",complete_current_deposit_structurally_inspected,complete_small_deposit_structure_reviewed: xlsx_workbook=1,hospitalized-patient ocular chemical-injury clinical table,injury phenotype or outcome prediction,Official Dryad title/abstract/methods and official current-version file listing; named deposited files include Data.xlsx.,included_human_or_human_derived_model_resource,True,"The deposit documents hospitalized-patient ocular chemical-injury clinical table, providing structured human-derived inputs and/or targets for injury phenotype or outcome prediction.",,medium,2026-08-02
dryad_ocular_gvhd_mouse,Ocular graft vs host disease mouse model,10.5061/dryad.k6djh9w8z,5,Ocular graft vs host disease mouse model,2,119708,nonhuman_or_nonhuman_derived,mouse,Ocular graft vs host disease mouse model Ocular graft versus host disease (OGvHD) develops in nearly 50% of patients after allogeneic hematopoietic stem cell transplantation (HSCT) and frequently manifests as dry eye disease (DED).,complete_current_deposit_structurally_inspected,"complete_small_deposit_structure_reviewed: text=1, xlsx_workbook=1","mouse observations, tissues, images, signals, or sequences",Not applicable under the human-only screening boundary.,Official Dryad title/abstract/methods identify mouse; current file listing reviewed (official_current_version_file_listing_reviewed).,excluded_nonhuman_or_nonhuman_derived,False,Ocular graft vs host disease mouse model is explicitly mouse; no separable human participant or human-derived component is documented.,,high,2026-08-02
dryad_ocular_surface_amr,Ocular Surface AMR Keratitis Dataset,10.5061/dryad.6t1g1jx9s,7,Comparison of antimicrobial resistance genes on the ocular surface of patients with corneal infections in California and Malawi,3,12880,human_participant_or_patient_data,human_participant_or_patient_data,"Conclusions: As determined by RNA-seq, ocular surface AMR gene mutations are common in patients with infectious keratitis.",complete_current_deposit_structurally_inspected,"complete_small_deposit_structure_reviewed: delimited_table=2, text=1",97 patient-level ocular-surface AMR count profiles with metadata,AMR-class prediction,"Official Dryad title/abstract/methods and official current-version file listing; named deposited files include CAPRICORN_Malawi_UCSF_counts_cpm_per_patient_AMR_classes.csv, CAPRICORN_Malawi_UCSF_manuscript_data_share_metadata.csv, README.md.",included_human_or_human_derived_model_resource,True,"The deposit documents 97 patient-level ocular-surface AMR count profiles with metadata, providing structured human-derived inputs and/or targets for AMR-class prediction.",,medium,2026-08-02
dryad_optic_neuritis_metacontrast,Dichoptic metacontrast masking functions to infer transmission delay in optic neuritis,10.5061/dryad.cp4j7,1,Data from: Dichoptic metacontrast masking functions to infer transmission delay in optic neuritis,1,309018,human_participant_or_patient_data,human_participant_or_patient_data,Data from: Dichoptic metacontrast masking functions to infer transmission delay in optic neuritis Optic neuritis (ON) has detrimental effects on the transmission of neuronal signals generated at the earliest stages of visual information processing.,complete_current_deposit_structurally_inspected,complete_small_deposit_structure_reviewed: zip_archive=1,human participant psychophysical masking-function matrices,optic-neuritis transmission-delay estimation,Official Dryad title/abstract/methods and official current-version file listing; named deposited files include MetacontrastOpticNeuritis.zip.,included_human_or_human_derived_model_resource,True,"The deposit documents human participant psychophysical masking-function matrices, providing structured human-derived inputs and/or targets for optic-neuritis transmission-delay estimation.",,medium,2026-08-02
dryad_pediatric_corneal_endothelium,Corneal endothelial morphology of healthy myopic Malaysian children of Chinese ethnicity aged 8-9 years and its association with axial length,10.5061/dryad.hhmgqnkjc,5,Corneal endothelial morphology of healthy myopic Malaysian children of Chinese ethnicity aged 8-9 years and its association with axial length,2,19455,human_participant_or_patient_data,human_participant_or_patient_data,Background: To examine the morphology of corneal endothelium cells in healthy Chinese Malaysian school children with emmetropia and mild to moderate myopia and its association with axial length.,complete_current_deposit_structurally_inspected,"complete_small_deposit_structure_reviewed: text=1, xlsx_workbook=1",child eye-level corneal-endothelial and axial-length measurements,endothelial-morphology regression,"Official Dryad title/abstract/methods and official current-version file listing; named deposited files include F1000_ECD_raw_data_submitted.xlsx, README.txt.",included_human_or_human_derived_model_resource,True,"The deposit documents child eye-level corneal-endothelial and axial-length measurements, providing structured human-derived inputs and/or targets for endothelial-morphology regression.",,medium,2026-08-02
dryad_pediatric_myopia_longitudinal,Axial length elongation and myopia incidence increase in primary school-age children: 3-year follow-up study,10.5061/dryad.d4mb3pn,3,Data from: Axial length elongation and myopia incidence increase in primary school-age children: 3-year follow-up study,1,155656,human_participant_or_patient_data,human_participant_or_patient_data,Effect strategies are needed to control AL elongation.,complete_current_deposit_structurally_inspected,complete_small_deposit_structure_reviewed: xlsx_workbook=1,child-level three-year axial-length/myopia follow-up table,myopia-onset or elongation prediction,Official Dryad title/abstract/methods and official current-version file listing; named deposited files include Data3.xlsx.,included_human_or_human_derived_model_resource,True,"The deposit documents child-level three-year axial-length/myopia follow-up table, providing structured human-derived inputs and/or targets for myopia-onset or elongation prediction.",,medium,2026-08-02
dryad_pediatric_optical_quality,Intra- and intersession repeatability of an optical quality and intraocular scattering measurement system in children,10.5061/dryad.bm8nv,1,Data from: Intra- and intersession repeatability of an optical quality and intraocular scattering measurement system in children,1,53725,human_participant_or_patient_data,human_participant_or_patient_data,"An optical quality analysis system (OQAS) was used to measure optical quality parameters, including modulation transfer function cutoff frequency (MTFcutoff), Strehl ratio (SR), OQAS values (OV) at 3 different contrasts and objective scatter index (OSI).",complete_current_deposit_structurally_inspected,complete_small_deposit_structure_reviewed: xlsx_workbook=1,child eye/session optical-quality and scattering measurements,repeatability or optical-quality regression,Official Dryad title/abstract/methods and official current-version file listing; named deposited files include data-Optical Quality Measurement in Children-1.xlsx.,included_human_or_human_derived_model_resource,True,"The deposit documents child eye/session optical-quality and scattering measurements, providing structured human-derived inputs and/or targets for repeatability or optical-quality regression.",,medium,2026-08-02
dryad_pediatric_secondary_iol,Pediatric Secondary IOL Outcome Dataset,10.5061/dryad.5t9d1,1,Data from: Long-term visual outcomes of secondary intraocular lens implantation in children with congenital cataract,1,21814,human_participant_or_patient_data,human_participant_or_patient_data,"Laterality, type of cataract (total or partial opacity), sex, age at primary and secondary surgeries, visual axis opacity (VAO), compliance with amblyopia therapy, postoperative ocular complications, refractive error, ocular alignment, and best corrected visual acuity (BCVA) at last follow-up were recorded; potential factors that might have affected the visual results were evaluated.",complete_current_deposit_structurally_inspected,complete_small_deposit_structure_reviewed: xlsx_workbook=1,child eye-level secondary-IOL surgery and long-term visual outcomes,pediatric surgical-outcome prediction,Official Dryad title/abstract/methods and official current-version file listing; named deposited files include Data for secondary IOL implantation.xlsx.,included_human_or_human_derived_model_resource,True,"The deposit documents child eye-level secondary-IOL surgery and long-term visual outcomes, providing structured human-derived inputs and/or targets for pediatric surgical-outcome prediction.",,medium,2026-08-02
dryad_pg4f4qrwf,Genotype-phenotype associations in CRB1 bi-allelic patients: a novel mutation and a systematic review,10.5061/dryad.pg4f4qrwf,4,Genotype-phenotype associations in CRB1 bi-allelic patients: a novel mutation and a systematic review,5,79049,human_related_literature_or_database_analysis,human_related_literature_or_database_analysis,"Genotype-phenotype associations in CRB1 bi-allelic patients: a novel mutation and a systematic review Purpose : Searched for novel bi-allelic CRB1 mutations, then analyzed the CRB1 literature at the genotypic and phenotypic levels from 439 patients worldwide.",complete_current_deposit_structurally_inspected,"complete_small_deposit_structure_reviewed: delimited_table=1, text=4",systematic-review and literature-curated genotype-phenotype table,None: literature/meta-analysis output is outside the boundary,Official Dryad source metadata and file listing; official_current_version_file_listing_reviewed.,excluded_analysis_only,False,"The deposit combines a systematic review of published CRB1 cases with an analysis table, rather than releasing a reusable primary participant dataset.",,high,2026-08-02
dryad_pk0p2ngzh,Morphometric analysis of retinal ganglionic cells (3D confocal images) analyzed using filament tracer from Imaris software,10.5061/dryad.pk0p2ngzh,6,Morphometric analysis of retinal ganglionic cells (3D confocal images) analyzed using filament tracer from Imaris software,12,37594711764,nonhuman_or_nonhuman_derived,mole_rat,Morphometric analysis of retinal ganglionic cells (3D confocal images) analyzed using filament tracer from Imaris software This dataset contains high-resolution 3D confocal microscopy images of retinal ganglion cells (RGCs) from the retina of mole-rat models Fukomys mechowii and Fukomys anselli .,complete_official_file_listing,official_current_version_file_listing_reviewed,"mole rat observations, tissues, images, signals, or sequences",Not applicable under the human-only screening boundary.,Official Dryad title/abstract/methods identify mole rat; current file listing reviewed (official_current_version_file_listing_reviewed).,excluded_nonhuman_or_nonhuman_derived,False,Morphometric analysis of retinal ganglionic cells (3D confocal images) analyzed using filament tracer from Imaris software is explicitly mole rat; no separable human participant or human-derived component is documented.,,high,2026-08-02
dryad_pk31jt2,Data from: Low incidence of choroidal neovascularization following subthreshold diode micropulse laser (SDM) in high-risk AMD,10.5061/dryad.pk31jt2,1,Data from: Low incidence of choroidal neovascularization following subthreshold diode micropulse laser (SDM) in high-risk AMD,1,64398,human_participant_or_patient_data,human_participant_or_patient_data,Data from: Low incidence of choroidal neovascularization following subthreshold diode micropulse laser (SDM) in high-risk AMD Purpose: To determine the incidence of new choroidal neovascularization (CNV) in eyes with dry age-related macular degeneration (AMD) following subthreshold diode micropulse laser (SDM).,complete_current_deposit_structurally_inspected,complete_small_deposit_structure_reviewed: xlsx_workbook=1,552-row high-risk AMD laser-treatment clinical workbook,CNV-risk or treatment-outcome prediction,Official Dryad title/abstract/methods and official current-version file listing; named deposited files include CNV study Updated Excel Dryad  .xlsx.,included_human_or_human_derived_model_resource,True,"The deposit documents 552-row high-risk AMD laser-treatment clinical workbook, providing structured human-derived inputs and/or targets for CNV-risk or treatment-outcome prediction.",,medium,2026-08-02
dryad_pnvx0k6hv,Time trends and associated factors of axial length in 4 and 5 year-olds children in Shanghai from 2013 to 2019,10.5061/dryad.pnvx0k6hv,3,Time trends and associated factors of axial length in 4 and 5 year-olds children in Shanghai from 2013 to 2019,1,177499,human_participant_or_patient_data,human_participant_or_patient_data,Time trends and associated factors of axial length in 4 and 5 year-olds children in Shanghai from 2013 to 2019,complete_current_deposit_structurally_inspected,complete_small_deposit_structure_reviewed: xlsx_workbook=1,two large child axial-length observation tables,axial-length trend prediction,Official Dryad title/abstract/methods and official current-version file listing; named deposited files include Data.xlsx.,included_human_or_human_derived_model_resource,True,"The deposit documents two large child axial-length observation tables, providing structured human-derived inputs and/or targets for axial-length trend prediction.",,medium,2026-08-02
dryad_preeclampsia_ocular_octa,Plane wave ultrasound and OCT angiography of the eye in preeclampsia,10.5061/dryad.j0zpc86kg,4,Plane wave ultrasound and OCT angiography of the eye in preeclampsia,2,52502,human_participant_or_patient_data,human_participant_or_patient_data,Plane wave ultrasound and OCT angiography of the eye in preeclampsia,complete_current_deposit_structurally_inspected,"complete_small_deposit_structure_reviewed: file_type_confirmed=1, text=1",human preeclampsia eye ultrasound/OCTA measurement dataset,preeclampsia-related ocular biomarker modeling,"Official Dryad title/abstract/methods and official current-version file listing; named deposited files include PE_ran.sav, README.md.",included_human_or_human_derived_model_resource,True,"The deposit documents human preeclampsia eye ultrasound/OCTA measurement dataset, providing structured human-derived inputs and/or targets for preeclampsia-related ocular biomarker modeling.",,medium,2026-08-02
dryad_primate_on_dsgc,Primate ON Direction-Selective Ganglion Cell Dataset,10.5061/dryad.47d7wm3kx,4,An ON-type direction selective ganglion cell in primate retina,13,64655258350,nonhuman_or_nonhuman_derived,nonhuman_primate,"An ON-type direction selective ganglion cell in primate retina To maintain a stable and clear image of the world, our eyes reflexively follow the direction in which a visual scene is moving.",complete_official_file_listing,official_current_version_file_listing_reviewed,"nonhuman primate observations, tissues, images, signals, or sequences",Not applicable under the human-only screening boundary.,Official Dryad title/abstract/methods identify nonhuman primate; current file listing reviewed (official_current_version_file_listing_reviewed).,excluded_nonhuman_or_nonhuman_derived,False,An ON-type direction selective ganglion cell in primate retina is explicitly nonhuman primate; no separable human participant or human-derived component is documented.,,high,2026-08-02
dryad_prpf31_gene_augmentation,Gene augmentation prevents retinal degeneration in a CRISPR/Cas9-based mouse model of PRPF31 retinitis pigmentosa,10.5061/dryad.bcc2fqzf1,6,Gene augmentation prevents retinal degeneration in a CRISPR/Cas9-based mouse model of PRPF31 retinitis pigmentosa,39,265506337,nonhuman_or_nonhuman_derived,nonhuman_primate,The official deposit is a mouse-model study; its FASTQ files do not document a separable human component.,complete_official_file_listing,official_current_version_file_listing_reviewed,"nonhuman primate observations, tissues, images, signals, or sequences",Not applicable under the human-only screening boundary.,Official Dryad title/abstract/methods identify nonhuman primate; current file listing reviewed (official_current_version_file_listing_reviewed).,excluded_nonhuman_or_nonhuman_derived,False,Gene augmentation prevents retinal degeneration in a CRISPR/Cas9-based mouse model of PRPF31 retinitis pigmentosa is explicitly nonhuman primate; no separable human participant or human-derived component is documented.,,high,2026-08-02
dryad_pvd_diagnostic_oct,"Accuracy of biomicroscopy, ultrasonography and spectral-domain OCT in detection of complete posterior vitreous detachment",10.5061/dryad.h44j0zpnp,8,"Accuracy of biomicroscopy, ultrasonography and spectral-domain OCT in detection of complete posterior vitreous detachment",2,68301,human_participant_or_patient_data,human_participant_or_patient_data,"Accuracy of biomicroscopy, ultrasonography and spectral-domain OCT in detection of complete posterior vitreous detachment Purpose : To evaluate the accuracy of pre-operative biomicroscopy (BM), ultrasonography (US), and spectral domain optical coherence tomography (SD-OCT) for determining complete posterior vitreous detachment (PVD) confirmed by intraoperative findings of triamcinolone acetonide-assisted pars plana vitrectomy (PPV).",complete_current_deposit_structurally_inspected,"complete_small_deposit_structure_reviewed: text=1, xls_workbook=1","patient-eye biomicroscopy, ultrasound, and OCT diagnostic table",complete-PVD diagnostic classification,"Official Dryad title/abstract/methods and official current-version file listing; named deposited files include Accuracy_of_BM_US_and_SD_OCT_in_detection_of_complete_PVD.xls, README.md.",included_human_or_human_derived_model_resource,True,"The deposit documents patient-eye biomicroscopy, ultrasound, and OCT diagnostic table, providing structured human-derived inputs and/or targets for complete-PVD diagnostic classification.",,medium,2026-08-02
dryad_pzgmsbcfw,Anti-vegf therapy in diabetic macular oedema patients over four years,10.5061/dryad.pzgmsbcfw,9,Anti-vegf therapy in diabetic macular oedema patients over four years,2,5116953,human_participant_or_patient_data,human_participant_or_patient_data,"Cox proportional hazards modelling identified injection number (hazard ratio [HR] = 1.18), male gender (HR = 1.13), and baseline VA (HR = 1.09) as independent predictors to reach a favourable visual outcome of more than 70 Early Treatment Diabetic Retinopathy Study (ETDRS) letters.",complete_current_deposit_structurally_inspected,"complete_small_deposit_structure_reviewed: delimited_table=1, text=1","40,281-row diabetic-macular-oedema treatment visit table",anti-VEGF visual/outcome prediction,"Official Dryad title/abstract/methods and official current-version file listing; named deposited files include 200319_DMO_report1_anonymised.csv, r_code_for_analysis.R.",included_human_or_human_derived_model_resource,True,"The deposit documents 40,281-row diabetic-macular-oedema treatment visit table, providing structured human-derived inputs and/or targets for anti-VEGF visual/outcome prediction.",,medium,2026-08-02
dryad_pzgmsbcmk,Two-photon calcium recordings of cones,10.5061/dryad.pzgmsbcmk,3,Two-photon calcium recordings of cones,13,873473805,nonhuman_or_nonhuman_derived,zebrafish,"Two-photon calcium recordings of cones For colour vision, retinal circuits separate information about intensity and wavelength.",complete_official_file_listing,official_current_version_file_listing_reviewed,"zebrafish observations, tissues, images, signals, or sequences",Not applicable under the human-only screening boundary.,Official Dryad title/abstract/methods identify zebrafish; current file listing reviewed (official_current_version_file_listing_reviewed).,excluded_nonhuman_or_nonhuman_derived,False,Two-photon calcium recordings of cones is explicitly zebrafish; no separable human participant or human-derived component is documented.,,high,2026-08-02
dryad_q6rv0kz3,Asymmetric retinal direction tuning predicts optokinetic eye movements across stimulus conditions,10.7272/q6rv0kz3,6,Asymmetric retinal direction tuning predicts optokinetic eye movements across stimulus conditions,19,692655940,nonhuman_or_nonhuman_derived,mouse,How oDSGC activity is integrated centrally to generate behavior remains unknown.,complete_official_file_listing,official_current_version_file_listing_reviewed,"mouse observations, tissues, images, signals, or sequences",Not applicable under the human-only screening boundary.,Official Dryad title/abstract/methods identify mouse; current file listing reviewed (official_current_version_file_listing_reviewed).,excluded_nonhuman_or_nonhuman_derived,False,Asymmetric retinal direction tuning predicts optokinetic eye movements across stimulus conditions is explicitly mouse; no separable human participant or human-derived component is documented.,,high,2026-08-02
dryad_q6w37t8b,10x Lacrimal Gland scRNA seq data matrix,10.7272/q6w37t8b,1,10x Lacrimal Gland scRNA seq data matrix,6,15610092,nonhuman_or_nonhuman_derived,mouse,10x Lacrimal Gland scRNA seq data matrix Isolated Lacrimal gland for Single Cell RNA sequence data from E16 and P4 mice.,complete_official_file_listing,official_current_version_file_listing_reviewed,"mouse observations, tissues, images, signals, or sequences",Not applicable under the human-only screening boundary.,Official Dryad title/abstract/methods identify mouse; current file listing reviewed (official_current_version_file_listing_reviewed).,excluded_nonhuman_or_nonhuman_derived,False,10x Lacrimal Gland scRNA seq data matrix is explicitly mouse; no separable human participant or human-derived component is documented.,,high,2026-08-02
dryad_q83bk3jnw,Disease parameters following ocular herpes simplex virus type 1 infection are similar in male and female BALB/C mice,10.5061/dryad.q83bk3jnw,4,Disease parameters following ocular herpes simplex virus type 1 infection are similar in male and female BALB/C mice,7,4289591,nonhuman_or_nonhuman_derived,mouse,Disease parameters following ocular herpes simplex virus type 1 infection are similar in male and female BALB/C mice Sex-related differences in the incidence or severity of infection have been described for multiple viruses.,complete_official_file_listing,official_current_version_file_listing_reviewed,"mouse observations, tissues, images, signals, or sequences",Not applicable under the human-only screening boundary.,Official Dryad title/abstract/methods identify mouse; current file listing reviewed (official_current_version_file_listing_reviewed).,excluded_nonhuman_or_nonhuman_derived,False,Disease parameters following ocular herpes simplex virus type 1 infection are similar in male and female BALB/C mice is explicitly mouse; no separable human participant or human-derived component is documented.,,high,2026-08-02
dryad_qfttdz0dr,Association of APOE gene polymorphisms with primary open angle glaucoma in Brazilian patients,10.5061/dryad.qfttdz0dr,3,Association of APOE gene polymorphisms with primary open angle glaucoma in Brazilian patients,1,59357,human_participant_or_patient_data,human_participant_or_patient_data,Association of APOE gene polymorphisms with primary open angle glaucoma in Brazilian patients,complete_current_deposit_structurally_inspected,complete_small_deposit_structure_reviewed: xlsx_workbook=1,Brazilian glaucoma case/control APOE genotype and clinical workbook,glaucoma genetic-risk classification,Official Dryad title/abstract/methods and official current-version file listing; named deposited files include Occhiutto_ML_et_al._APOE_Glaucoma_anonymized_data.xlsx.,included_human_or_human_derived_model_resource,True,"The deposit documents Brazilian glaucoma case/control APOE genotype and clinical workbook, providing structured human-derived inputs and/or targets for glaucoma genetic-risk classification.",,medium,2026-08-02
dryad_r4xgxd2nt,Restoration of cone circuit functionality in the regenerating adult zebrafish retina,10.5061/dryad.r4xgxd2nt,6,Restoration of cone circuit functionality in the regenerating adult zebrafish retina,6,3340308791,nonhuman_or_nonhuman_derived,zebrafish,"Restoration of cone circuit functionality in the regenerating adult zebrafish retina Unlike humans, teleosts like zebrafish exhibit robust retinal regeneration after injury from endogenous stem cells.",complete_official_file_listing,official_current_version_file_listing_reviewed,"zebrafish observations, tissues, images, signals, or sequences",Not applicable under the human-only screening boundary.,Official Dryad title/abstract/methods identify zebrafish; current file listing reviewed (official_current_version_file_listing_reviewed).,excluded_nonhuman_or_nonhuman_derived,False,Restoration of cone circuit functionality in the regenerating adult zebrafish retina is explicitly zebrafish; no separable human participant or human-derived component is documented.,,high,2026-08-02
dryad_r7s04,"Data from: Prevalence of depression, anxiety, adjustment disorders, and somatoform disorders in patients with age-related macular degeneration in Germany",10.5061/dryad.r7s04,1,"Data from: Prevalence of depression, anxiety, adjustment disorders, and somatoform disorders in patients with age-related macular degeneration in Germany",1,1253376,human_participant_or_patient_data,human_participant_or_patient_data,"Data from: Prevalence of depression, anxiety, adjustment disorders, and somatoform disorders in patients with age-related macular degeneration in Germany Aims: The purpose of this study was to analyze the prevalence of depression, anxiety, adjustment disorders, and somatoform disorders in patients diagnosed with age-related macular degeneration (AMD) in Germany.",complete_current_deposit_structurally_inspected,complete_small_deposit_structure_reviewed: xls_workbook=1,matched AMD/control patient records from primary-care practices,AMD-associated mental-health risk classification,Official Dryad title/abstract/methods and official current-version file listing; named deposited files include macula.xls.,included_human_or_human_derived_model_resource,True,"The deposit documents matched AMD/control patient records from primary-care practices, providing structured human-derived inputs and/or targets for AMD-associated mental-health risk classification.",,medium,2026-08-02
dryad_r7sqv9sqs,Deletion in CACNA1F gene causes X-linked progressive retinal atrophy in English Cocker Spaniel dogs,10.5061/dryad.r7sqv9sqs,4,Deletion in CACNA1F gene causes X-linked progressive retinal atrophy in English Cocker Spaniel dogs,11,139241181282,nonhuman_or_nonhuman_derived,canine,Deletion in CACNA1F gene causes X-linked progressive retinal atrophy in English Cocker Spaniel dogs Progressive retinal atrophy (PRA) was diagnosed in four related male English Cocker Spaniels (ECS) between the ages of 3 and 4 years.,complete_official_file_listing,official_current_version_file_listing_reviewed,"canine observations, tissues, images, signals, or sequences",Not applicable under the human-only screening boundary.,Official Dryad title/abstract/methods identify canine; current file listing reviewed (official_current_version_file_listing_reviewed).,excluded_nonhuman_or_nonhuman_derived,False,Deletion in <em>CACNA1F</em> gene causes X-linked progressive retinal atrophy in English Cocker Spaniel dogs is explicitly canine; no separable human participant or human-derived component is documented.,,high,2026-08-02
dryad_rao_multiomics,Data and code from: Fatty acid metabolism reprograms immune microenvironment in retinal artery occlusion: Multi-Omics analysis highlights immunometabolic crosstalk,10.5061/dryad.98sf7m0wt,4,Data and code from: Fatty acid metabolism reprograms immune microenvironment in retinal artery occlusion: Multi-Omics analysis highlights immunometabolic crosstalk,4,19138637,human_participants_or_human_derived_biological_material,human_participants_or_human_derived_biological_material,Data and code from: Fatty acid metabolism reprograms immune microenvironment in retinal artery occlusion: Multi-Omics analysis highlights immunometabolic crosstalk This dataset contains integrated multi-omics data from a study investigating fatty acid metabolism and immune dysregulation in retinal artery occlusion (RAO).,complete_current_deposit_structurally_inspected,"complete_small_deposit_structure_reviewed: text=1, zip_archive=3","serum metabolomics, PBMC transcriptomics, and immune profiles for 132 people",retinal-artery-occlusion biomarker classification,"Official Dryad title/abstract/methods and official current-version file listing; named deposited files include Fatty_acid_metabolomics_code_and_related_data.zip, Joint_analysis_code_of_metabolomics_and_transcriptomics_and_related_data.zip, README.md, Transcriptomics_codes_and_related_data.zip.",included_human_or_human_derived_model_resource,True,"The deposit documents serum metabolomics, PBMC transcriptomics, and immune profiles for 132 people, providing structured human-derived inputs and/or targets for retinal-artery-occlusion biomarker classification.",,medium,2026-08-02
dryad_ravi_cataract_outcomes,RAVI Cataract Surgery Outcome Dataset,10.5061/dryad.4p55b,1,Data from: Outcomes of cataract surgery in urban and rural population in the South Indian State of Andhra Pradesh: Rapid Assessment of Visual Impairment (RAVI) Project,1,1216284,human_participant_or_patient_data,human_participant_or_patient_data,Blindness and moderate Visual Impairment (MVI) was defined as presenting VA <6/60 and <6/18 to 6/60 in the better eye respectively.,complete_current_deposit_structurally_inspected,complete_small_deposit_structure_reviewed: file_type_confirmed=1,RAVI survey eye-level cataract-surgery outcome records,postoperative visual-outcome prediction,Official Dryad title/abstract/methods and official current-version file listing; named deposited files include AP RAVI_Outcomes_gee.dta.,included_human_or_human_derived_model_resource,True,"The deposit documents RAVI survey eye-level cataract-surgery outcome records, providing structured human-derived inputs and/or targets for postoperative visual-outcome prediction.",,medium,2026-08-02
dryad_retinal_explant_metabolomics,NMR spectroscopy-based metabolomics of organotypic retinal explants,10.5061/dryad.c2fqz61hr,4,NMR spectroscopy-based metabolomics of organotypic retinal explants,2,9581295,nonhuman_or_nonhuman_derived,mouse,"NMR spectroscopy-based metabolomics of organotypic retinal explants The retina consumes massive amounts of energy, yet its metabolism and substrate exploitation remain poorly understood.",complete_official_file_listing,official_current_version_file_listing_reviewed,"mouse observations, tissues, images, signals, or sequences",Not applicable under the human-only screening boundary.,Official Dryad title/abstract/methods identify mouse; current file listing reviewed (official_current_version_file_listing_reviewed).,excluded_nonhuman_or_nonhuman_derived,False,NMR spectroscopy-based metabolomics of organotypic retinal explants is explicitly mouse; no separable human participant or human-derived component is documented.,,high,2026-08-02
dryad_retinal_prosthesis_navigation,Visual and non-visual navigation in blind patients with a retinal prosthesis,10.5061/dryad.c6147,1,Data from: Visual and non-visual navigation in blind patients with a retinal prosthesis,1,42615,human_participant_or_patient_data,human_participant_or_patient_data,Data from: Visual and non-visual navigation in blind patients with a retinal prosthesis,complete_current_deposit_structurally_inspected,complete_small_deposit_structure_reviewed: xlsx_workbook=1,participant/trial navigation performance workbook from retinal-prosthesis recipients and controls,device-assisted navigation performance modeling,Official Dryad title/abstract/methods and official current-version file listing; named deposited files include SGKPGSRLDCMN_dataset.xlsx.,included_human_or_human_derived_model_resource,True,"The deposit documents participant/trial navigation performance workbook from retinal-prosthesis recipients and controls, providing structured human-derived inputs and/or targets for device-assisted navigation performance modeling.",,high,2026-08-02
dryad_retinal_pufa_aging_mouse,Retinal polyunsaturated fatty acid supplementation reverses aging-related vision decline in mice,10.5061/dryad.gxd25480h,5,Retinal polyunsaturated fatty acid supplementation reverses aging-related vision decline in mice,14,13798287,nonhuman_or_nonhuman_derived,mouse,"Retinal polyunsaturated fatty acid supplementation reverses aging-related vision decline in mice The retina is uniquely enriched in polyunsaturated fatty acids (PUFAs), primarily localized in cell membranes, where they govern membrane biophysical properties.",complete_official_file_listing,official_current_version_file_listing_reviewed,"mouse observations, tissues, images, signals, or sequences",Not applicable under the human-only screening boundary.,Official Dryad title/abstract/methods identify mouse; current file listing reviewed (official_current_version_file_listing_reviewed).,excluded_nonhuman_or_nonhuman_derived,False,Retinal polyunsaturated fatty acid supplementation reverses aging-related vision decline in mice is explicitly mouse; no separable human participant or human-derived component is documented.,,high,2026-08-02
dryad_retinal_vasomotion,Retinal Laser Speckle Vasomotion Dataset,10.5061/dryad.163mp,1,Data from: Rat retinal vasomotion assessed by laser speckle imaging,1,1111189442,nonhuman_or_nonhuman_derived,rat,Data from: Rat retinal vasomotion assessed by laser speckle imaging Vasomotion is spontaneous or induced rhythmic changes in vascular tone or vessel diameter that lead to rhythmic changes in flow.,complete_official_file_listing,official_current_version_file_listing_reviewed,"rat observations, tissues, images, signals, or sequences",Not applicable under the human-only screening boundary.,Official Dryad title/abstract/methods identify rat; current file listing reviewed (official_current_version_file_listing_reviewed).,excluded_nonhuman_or_nonhuman_derived,False,Data from: Rat retinal vasomotion assessed by laser speckle imaging is explicitly rat; no separable human participant or human-derived component is documented.,,high,2026-08-02
dryad_retinal_vein_cannulation,Autonomous Retinal Vein Cannulation Data and Code,10.5061/dryad.3ffbg79zd,5,Data and code from: Deep learning-based autonomous retinal vein cannulation in ex vivo porcine eyes,7,7511466011,nonhuman_or_nonhuman_derived,porcine_or_ex_vivo_porcine,The official abstract describes autonomous cannulation experiments in ex vivo porcine eyes.,complete_official_file_listing,official_current_version_file_listing_reviewed,"porcine or ex vivo porcine observations, tissues, images, signals, or sequences",Not applicable under the human-only screening boundary.,Official Dryad title/abstract/methods identify porcine or ex vivo porcine; current file listing reviewed (official_current_version_file_listing_reviewed).,excluded_nonhuman_or_nonhuman_derived,False,Data and code from: Deep learning-based autonomous retinal vein cannulation in ex vivo porcine eyes is explicitly porcine or ex vivo porcine; no separable human participant or human-derived component is documented.,,high,2026-08-02
dryad_rhesus_maculopathy_metabolomics,Rhesus Maculopathy Metabolomics Dataset,10.5061/dryad.7pvmcvf8d,8,Plasma metabolomes of aged rhesus macaques with and without maculopathies,2,659872,nonhuman_or_nonhuman_derived,nonhuman_primate,"Plasma metabolomes of aged rhesus macaques with and without maculopathies Mitochondrial dysfunction is associated with aging and age-related macular degeneration (AMD), but human studies have limited access to ocular tissues, and mouse models do not recapitulate AMD features such as drusen.",complete_official_file_listing,official_current_version_file_listing_reviewed,"nonhuman primate observations, tissues, images, signals, or sequences",Not applicable under the human-only screening boundary.,Official Dryad title/abstract/methods identify nonhuman primate; current file listing reviewed (official_current_version_file_listing_reviewed).,excluded_nonhuman_or_nonhuman_derived,False,Plasma metabolomes of aged rhesus macaques with and without maculopathies is explicitly nonhuman primate; no separable human participant or human-derived component is documented.,,high,2026-08-02
dryad_rn38r,"Data from: Do picture-based charts overestimate visual acuity? Comparison of Kay Pictures, Lea Symbols, HOTV and Keeler logMAR charts with Sloan Letters in adults and children",10.5061/dryad.rn38r,1,"Data from: Do picture-based charts overestimate visual acuity? Comparison of Kay Pictures, Lea Symbols, HOTV and Keeler logMAR charts with Sloan Letters in adults and children",1,17348,human_participant_or_patient_data,human_participant_or_patient_data,"In a separate group of 25 adults, we compared the VA from individual Kay Picture optotypes with uncrowded Landolt C VA measurements.",complete_current_deposit_structurally_inspected,complete_small_deposit_structure_reviewed: xlsx_workbook=1,adult/child eye-level visual-acuity chart trial data,chart-to-chart acuity calibration,Official Dryad title/abstract/methods and official current-version file listing; named deposited files include data submission.xlsx.,included_human_or_human_derived_model_resource,True,"The deposit documents adult/child eye-level visual-acuity chart trial data, providing structured human-derived inputs and/or targets for chart-to-chart acuity calibration.",,medium,2026-08-02
dryad_rn8pk0p70,Socioeconomic status and decreasing incidence of ocular injuries in Bosnia and Herzegovina,10.5061/dryad.rn8pk0p70,11,Socioeconomic status and decreasing incidence of ocular injuries in Bosnia and Herzegovina,3,142972,human_participant_or_patient_data,human_participant_or_patient_data,"Poor final BCVA was associated with lower ocular trauma score (OTS) (p=0.000), poor initial BCVA (p=0.000), penetrating injuries of cornea (p=0.004) and sclera (p=0.001), Zone III injuries (p=0.000), intraocular foreign body presence (p=0.000), cataract (p=0.002), retinal detachment (p=0.001), endophthalmitis (p=0.000) and vitreous hemorrhage (p=0.010).",complete_current_deposit_structurally_inspected,"complete_small_deposit_structure_reviewed: file_type_confirmed=2, text=1","hospitalized ocular-injury patient demographics, injury features, and visual outcomes",final-BCVA outcome classification,"Official Dryad title/abstract/methods and official current-version file listing; named deposited files include DATA_SES_and_decreasing_incidence_of_ocular_injuries_in_B_H.dta, README.docx, README.md.",included_human_or_human_derived_model_resource,True,"The deposit documents hospitalized ocular-injury patient demographics, injury features, and visual outcomes, providing structured human-derived inputs and/or targets for final-BCVA outcome classification.",,medium,2026-08-02
dryad_rn8pk0pdp,"Detection of SARS-CoV-2 in conjunctival secretion and tears in patients with COVID-19 in a tertiary care centre, South India",10.5061/dryad.rn8pk0pdp,6,"Detection of SARS-CoV-2 in conjunctival secretion and tears in patients with COVID-19 in a tertiary care centre, South India",2,21964,human_participant_or_patient_data,human_participant_or_patient_data,"Detection of SARS-CoV-2 in conjunctival secretion and tears in patients with COVID-19 in a tertiary care centre, South India Aims and objectives : The purpose of this study is to detect the presence of SAR-CoV-2 viral RNA in conjunctival secretions of COVID-19 patients and to compare the RT-PCR positivity rate for SARS-CoV-2 in conjunctival and nasopharyngeal swabs.",complete_current_deposit_structurally_inspected,"complete_small_deposit_structure_reviewed: text=1, xlsx_workbook=1",80 COVID-19 patient conjunctival-swab and clinical observation records,conjunctival SARS-CoV-2 positivity prediction,"Official Dryad title/abstract/methods and official current-version file listing; named deposited files include data_sheet.xlsx.xlsx, README_file.txt.txt.",included_human_or_human_derived_model_resource,True,"The deposit documents 80 COVID-19 patient conjunctival-swab and clinical observation records, providing structured human-derived inputs and/or targets for conjunctival SARS-CoV-2 positivity prediction.",,medium,2026-08-02
dryad_rn8pk0pmm,The c.119-123dup5bp mutation in human gamma-C-crystallin destabilizes the protein and activates the unfolded protein response to cause highly variable cataracts,10.5061/dryad.rn8pk0pmm,3,The c.119-123dup5bp mutation in human gamma-C-crystallin destabilizes the protein and activates the unfolded protein response to cause highly variable cataracts,38,33285472018,nonhuman_or_nonhuman_derived,mouse,"The title foregrounds a human CRYGC mutation, but the official methods and deposited FASTQ/qPCR files describe a transgenic mouse model.",complete_official_file_listing,official_current_version_file_listing_reviewed,"mouse observations, tissues, images, signals, or sequences",Not applicable under the human-only screening boundary.,Official Dryad title/abstract/methods identify mouse; current file listing reviewed (official_current_version_file_listing_reviewed).,excluded_nonhuman_or_nonhuman_derived,False,The c.119-123dup5bp mutation in human gamma-C-crystallin destabilizes the protein and activates the unfolded protein response to cause highly variable cataracts is explicitly mouse; no separable human participant or human-derived component is documented.,,high,2026-08-02
dryad_rod_cone_dystrophy_genes,Rod-Cone Dystrophy Gene Association Dataset,10.5061/dryad.59zw3r2b7,7,Analysis of rod-cone dystrophy genes reveals unique mutational patterns,3,69576,human_related_literature_or_database_analysis,human_related_literature_or_database_analysis,Analysis of rod-cone dystrophy genes reveals unique mutational patterns Background Rod-cone dystrophy (RCD) is the most common inherited retinal disease that is characterised by the progressive degeneration of retinal photoreceptors.,complete_official_file_listing,official_current_version_file_listing_reviewed,deduplicated HGMD/LOVD mutation association analysis table,None: external-database analysis output is outside the boundary,Official Dryad source metadata and file listing; official_current_version_file_listing_reviewed.,excluded_analysis_only,False,"The records are deduplicated public-database mutation associations used for gene-level analysis, not deposited participant-, sample-, or sequence-level observations.",,high,2026-08-02
dryad_rop_plane_wave_doppler,ROP Plane-Wave Doppler Dataset,10.5061/dryad.612jm649r,4,Data from: Plane wave Doppler determination of blood flow in retinopathy of prematurity,2,33701,human_participant_or_patient_data,human_participant_or_patient_data,"During the exam, the probe was placed in a viral barrier sheath (Sheathes3D; Sheathing Technologies, Inc., Morgan Hill, CA) filled with a cm of water, and coupled to the upper eyelid with GenTeal (Alcon Laboratories, Inc., Fort Worth, TX) gel with minimal pressure.",complete_current_deposit_structurally_inspected,"complete_small_deposit_structure_reviewed: file_type_confirmed=1, text=1",infant eye plane-wave Doppler blood-flow dataset,ROP-related flow measurement modeling,"Official Dryad title/abstract/methods and official current-version file listing; named deposited files include README.md, ROP_by_exam_shared2.sav.",included_human_or_human_derived_model_resource,True,"The deposit documents infant eye plane-wave Doppler blood-flow dataset, providing structured human-derived inputs and/or targets for ROP-related flow measurement modeling.",,medium,2026-08-02
dryad_rpgr_cone_rod_wes,RPGR Cone-Rod Dystrophy WES Dataset,10.5061/dryad.5qfttdz5d,2,WES of the proband with a novel RPGR mutation,2,4478935663,human_participant_or_patient_data,human_participant_or_patient_data,A mammalian expression vector (AAV-MCS) with mutated retinitis pigmentosa GTPase regulator ( RPGR ) sequence was expressed in HEK293T cells.,complete_official_file_listing,official_current_version_file_listing_reviewed,human proband paired-end exome reads,variant calling or rare-variant evaluation,"Official Dryad title/abstract/methods and official current-version file listing; named deposited files include XLW44_S4_L001_R1_001.fastq.gz, XLW44_S4_L001_R2_001.fastq.gz.",included_human_or_human_derived_model_resource,True,"The deposit documents human proband paired-end exome reads, providing structured human-derived inputs and/or targets for variant calling or rare-variant evaluation.",,medium,2026-08-02
dryad_rs2qp,Data from: Inhibition decorrelates visual feature representations in the inner retina,10.5061/dryad.rs2qp,2,Data from: Inhibition decorrelates visual feature representations in the inner retina,12,15143685677,nonhuman_or_nonhuman_derived,mouse,"Mouse bipolar cell types have been described at great anatomical and genetic detail, but a similarly deep understanding of their functional diversity is lacking.",complete_official_file_listing,official_current_version_file_listing_reviewed,"mouse observations, tissues, images, signals, or sequences",Not applicable under the human-only screening boundary.,Official Dryad title/abstract/methods identify mouse; current file listing reviewed (official_current_version_file_listing_reviewed).,excluded_nonhuman_or_nonhuman_derived,False,Data from: Inhibition decorrelates visual feature representations in the inner retina is explicitly mouse; no separable human participant or human-derived component is documented.,,high,2026-08-02
dryad_rv15dv4bv,Late gene therapy limits the restoration of retinal function in a mouse model of retinitis pigmentosa,10.5061/dryad.rv15dv4bv,5,Late gene therapy limits the restoration of retinal function in a mouse model of retinitis pigmentosa,104,13737601388,nonhuman_or_nonhuman_derived,mouse,Late gene therapy limits the restoration of retinal function in a mouse model of retinitis pigmentosa Retinitis pigmentosa is an inherited photoreceptor degeneration that begins with rod loss followed by cone loss.,complete_official_file_listing,official_current_version_file_listing_reviewed,"mouse observations, tissues, images, signals, or sequences",Not applicable under the human-only screening boundary.,Official Dryad title/abstract/methods identify mouse; current file listing reviewed (official_current_version_file_listing_reviewed).,excluded_nonhuman_or_nonhuman_derived,False,Late gene therapy limits the restoration of retinal function in a mouse model of retinitis pigmentosa is explicitly mouse; no separable human participant or human-derived component is documented.,,high,2026-08-02
dryad_s1rn8pkhb,Transcriptional responses in a mouse model of silicone wire embolization induced acute retinal artery Ischemia and Reperfusion,10.5061/dryad.s1rn8pkhb,6,Transcriptional responses in a mouse model of silicone wire embolization induced acute retinal artery Ischemia and Reperfusion,2,7907110,nonhuman_or_nonhuman_derived,mouse,Transcriptional responses in a mouse model of silicone wire embolization induced acute retinal artery Ischemia and Reperfusion Acute retinal ischemia and ischemia-reperfusion injury are the primary causes of retinal neural cell death and vision loss in retinal artery occlusion (RAO).,complete_official_file_listing,official_current_version_file_listing_reviewed,"mouse observations, tissues, images, signals, or sequences",Not applicable under the human-only screening boundary.,Official Dryad title/abstract/methods identify mouse; current file listing reviewed (official_current_version_file_listing_reviewed).,excluded_nonhuman_or_nonhuman_derived,False,Transcriptional responses in a mouse model of silicone wire embolization induced acute retinal artery Ischemia and Reperfusion is explicitly mouse; no separable human participant or human-derived component is documented.,,high,2026-08-02
dryad_sbcc2fr6n,Exploring phenotypic diversity of pigmented traits and iris features in Pakistani population,10.5061/dryad.sbcc2fr6n,7,Exploring phenotypic diversity of pigmented traits and iris features in Pakistani population,2,3176392,human_participant_or_patient_data,human_participant_or_patient_data,"Exploring phenotypic diversity of pigmented traits and iris features in Pakistani population Phenotypic variations of eye color, skin color, and iris surface features have been well-explored in certain populations.",complete_current_deposit_structurally_inspected,"complete_small_deposit_structure_reviewed: file_type_confirmed=1, xlsx_workbook=1","514-volunteer iris/skin phenotype, demographic, and image-derived feature records",iris-feature classification,"Official Dryad title/abstract/methods and official current-version file listing; named deposited files include data_set-SALIHA_BASHIR-DRYAD_REPOSITORY.xlsx, README-DATASET-SALIHA-DRYADREPOSITORY_(1).pdf.",included_human_or_human_derived_model_resource,True,"The deposit documents 514-volunteer iris/skin phenotype, demographic, and image-derived feature records, providing structured human-derived inputs and/or targets for iris-feature classification.",dryad_iris_surface_features (same publication DOI; overlap unresolved),medium,2026-08-02
dryad_sbcc2fr7r,Gender and age-related differences of ccular biometric parameters in patients undergoing cataract surgery in Bosnia and Herzegovina,10.5061/dryad.sbcc2fr7r,8,Gender and age-related differences of ccular biometric parameters in patients undergoing cataract surgery in Bosnia and Herzegovina,2,301336,human_participant_or_patient_data,human_participant_or_patient_data,"The mean axial length (AL), anterior chamber depth (ACD), lens thickness (LT), and mean keratometry were 23.46±1.18mm, 3.17±0.40mm, 4.54±0.48mm, 43.42±1.55D respectively.",complete_current_deposit_structurally_inspected,"complete_small_deposit_structure_reviewed: text=1, xls_workbook=1",cataract-surgery patient ocular-biometry table,age/sex biometric regression,"Official Dryad title/abstract/methods and official current-version file listing; named deposited files include Gender_and_Age_Related_Differences_of_Ocular_Biometric_Parameters.xls, README.md.",included_human_or_human_derived_model_resource,True,"The deposit documents cataract-surgery patient ocular-biometry table, providing structured human-derived inputs and/or targets for age/sex biometric regression.",,medium,2026-08-02
dryad_sf7m0cggh,Robust semi-automatic vessel tracing in the human retinal image by an instance segmentation neural network,10.5061/dryad.sf7m0cggh,9,Robust semi-automatic vessel tracing in the human retinal image by an instance segmentation neural network,5,117131,annotation_layer_derived_from_human_data,annotation_layer_derived_from_human_data,InSegNN separates and labels individual vascular trees and enables 25 tracing each tree throughout its branching.,complete_official_file_listing,official_current_version_file_listing_reviewed,retinal-vessel trace annotations/results derived from human DRIVE fundus images,"Meaningful vessel-tracing annotation layer for segmentation evaluation, but retain as a derived/alternate-source relationship rather than an independent canonical record.",Official Dryad metadata/file names and complete structural inspection; relationship audit confirms a derived_from DRIVE edge.,excluded_relationship_only_resource,False,"The deposit is a valuable annotation/result layer but is explicitly tied to DRIVE trace files; represent it as an alternate derived annotation source, not a standalone canonical dataset.",drive / DRIVE: Digital Retinal Images for Vessel Extraction (officially documented derived annotation layer),high,2026-08-02
dryad_shanghai_myopia_2014_2018,"Age-related change of axial length, spherical equivalent, prevalence of myopia and high myopia in school-age children in Shanghai: 2014 to 2018",10.5061/dryad.c2fqz615c,4,"Age-related change of axial length, spherical equivalent, prevalence of myopia and high myopia in school-age children in Shanghai: 2014 to 2018",2,2318884,human_participant_or_patient_data,human_participant_or_patient_data,"Age-related change of axial length, spherical equivalent, prevalence of myopia and high myopia in school-age children in Shanghai: 2014 to 2018",complete_current_deposit_structurally_inspected,"complete_small_deposit_structure_reviewed: file_type_confirmed=1, xls_workbook=1",schoolchild repeated cross-sectional axial-length and refraction observations,myopia prevalence or progression modeling,"Official Dryad title/abstract/methods and official current-version file listing; named deposited files include DATA.xls, README.docx.",included_human_or_human_derived_model_resource,True,"The deposit documents schoolchild repeated cross-sectional axial-length and refraction observations, providing structured human-derived inputs and/or targets for myopia prevalence or progression modeling.",,medium,2026-08-02
dryad_sn02v6x2x,Data from: Corneal laser procedure for vision improvement in patients with late stage dry age-related macular degeneration,10.5061/dryad.sn02v6x2x,4,Data from: Corneal laser procedure for vision improvement in patients with late stage dry age-related macular degeneration,1,253440,human_participant_or_patient_data,human_participant_or_patient_data,"Data from: Corneal laser procedure for vision improvement in patients with late stage dry age-related macular degeneration Purpose: To determine the safety and efficacy of corneal photovitrification (CPV), a new corneal laser procedure, for vision improvement in patients with late-stage dry age-related macular degeneration (AMD).",complete_current_deposit_structurally_inspected,complete_small_deposit_structure_reviewed: xls_workbook=1,32-eye/17-patient longitudinal late-AMD corneal-laser outcome workbook,visual-outcome prediction,Official Dryad title/abstract/methods and official current-version file listing; named deposited files include F1000Research_Dataset_1_-_Corneal_laser_procedure_-_with_age_ranges.xls.,included_human_or_human_derived_model_resource,True,"The deposit documents 32-eye/17-patient longitudinal late-AMD corneal-laser outcome workbook, providing structured human-derived inputs and/or targets for visual-outcome prediction.",,medium,2026-08-02
dryad_spata7_canine_retinal_degeneration,Canine SPATA7 Retinal Degeneration Dataset,10.5061/dryad.3tx95x6n6,4,"Data from: Two genes, one culprit - a functional candidate validation of a SPATA7 deletion in dogs with day blindness/retinal degeneration",5,34380282367,nonhuman_or_nonhuman_derived,canine,"Data from: Two genes, one culprit - a functional candidate validation of a SPATA7 deletion in dogs with day blindness/retinal degeneration Inherited retinal diseases (IRDs) are a diverse group of disorders that share common vision deficit ranging from early onset blindness to seInherited retinal diseases (IRDs) are a diverse group of disorders that share common vision deficit ranging from early onset blindness to severe and progressive blindness occurring in later years.",complete_official_file_listing,official_current_version_file_listing_reviewed,"canine observations, tissues, images, signals, or sequences",Not applicable under the human-only screening boundary.,Official Dryad title/abstract/methods identify canine; current file listing reviewed (official_current_version_file_listing_reviewed).,excluded_nonhuman_or_nonhuman_derived,False,"Data from: Two genes, one culprit - a functional candidate validation of a <em>SPATA7</em> deletion in dogs with day blindness/retinal degeneration is explicitly canine; no separable human participant or human-derived component is documented.",,high,2026-08-02
dryad_stargardt_wes,Stargardt Disease WES Variant Dataset,10.5061/dryad.0qk7f,1,Data from: Identification of genetic defects in 33 probands with Stargardt disease by WES-based bioinformatics gene panel analysis,1,284937,human_participant_or_patient_data,human_participant_or_patient_data,"Data from: Identification of genetic defects in 33 probands with Stargardt disease by WES-based bioinformatics gene panel analysis Stargardt disease (STGD) is the most common hereditary macular degeneration in juveniles, with loss of central vision occurring in the first or second decade of life.",complete_current_deposit_structurally_inspected,complete_small_deposit_structure_reviewed: xlsx_workbook=1,33-proband Stargardt WES variant table,Stargardt variant prioritization,Official Dryad title/abstract/methods and official current-version file listing; named deposited files include All variants of five known STGD genes in 33 patients by WES.xlsx.,included_human_or_human_derived_model_resource,True,"The deposit documents 33-proband Stargardt WES variant table, providing structured human-derived inputs and/or targets for Stargardt variant prioritization.",,medium,2026-08-02
dryad_subretinal_fibrosis_adora2a,Inactivation of adenosine receptor 2A suppresses endothelial-to-mesenchymal transition and inhibits subretinal fibrosis in mice,10.5061/dryad.hx3ffbgmv,6,Data from: Inactivation of adenosine receptor 2A suppresses endothelial-to-mesenchymal transition and inhibits subretinal fibrosis in mice,45,10972741,nonhuman_or_nonhuman_derived,mouse,"Data from: Inactivation of adenosine receptor 2A suppresses endothelial-to-mesenchymal transition and inhibits subretinal fibrosis in mice The introduction of anti-vascular endothelial growth factor therapy has had a substantial impact on the treatment of choroidal neovascularization (CNV) in patients with neovascular age-related macular degeneration (nAMD), the leading cause of vision loss in older adults.",complete_official_file_listing,official_current_version_file_listing_reviewed,"mouse observations, tissues, images, signals, or sequences",Not applicable under the human-only screening boundary.,Official Dryad title/abstract/methods identify mouse; current file listing reviewed (official_current_version_file_listing_reviewed).,excluded_nonhuman_or_nonhuman_derived,False,Data from: Inactivation of adenosine receptor 2A suppresses endothelial-to-mesenchymal transition and inhibits subretinal fibrosis in mice is explicitly mouse; no separable human participant or human-derived component is documented.,,high,2026-08-02
dryad_subretinal_robot,Head-Mounted Robot Subretinal Injection Dataset,10.5061/dryad.w0vt4b91w,4,Data and code from: Head-mounted surgical robots are an enabling technology for subretinal injections,2,2480715881,nonhuman_or_nonhuman_derived,porcine_or_ex_vivo_porcine,The official source describes robotic subretinal-injection experiments using ex vivo porcine eyes.,complete_official_file_listing,official_current_version_file_listing_reviewed,"porcine or ex vivo porcine observations, tissues, images, signals, or sequences",Not applicable under the human-only screening boundary.,Official Dryad title/abstract/methods identify porcine or ex vivo porcine; current file listing reviewed (official_current_version_file_listing_reviewed).,excluded_nonhuman_or_nonhuman_derived,False,Data and code from: Head-mounted surgical robots are an enabling technology for subretinal injections is explicitly porcine or ex vivo porcine; no separable human participant or human-derived component is documented.,,high,2026-08-02
dryad_taizhou_cataract_outdoors,The association of outdoor activity and age-related cataract in a rural population of Taizhou Eye Study: phase 1 report,10.5061/dryad.gt410,1,Data from: The association of outdoor activity and age-related cataract in a rural population of Taizhou Eye Study: phase 1 report,1,1358848,human_participant_or_patient_data,human_participant_or_patient_data,"The prevalence of cortical, nuclear and posterior subcapsular cataract were assessed separately for the risk factors and its association with outdoor activity.",complete_current_deposit_structurally_inspected,complete_small_deposit_structure_reviewed: xls_workbook=1,"rural-population cataract, outdoor-activity, and clinical observation table",cataract-risk prediction,Official Dryad title/abstract/methods and official current-version file listing; named deposited files include new PONE-D-15-08786 original data set.xls.,included_human_or_human_derived_model_resource,True,"The deposit documents rural-population cataract, outdoor-activity, and clinical observation table, providing structured human-derived inputs and/or targets for cataract-risk prediction.",,medium,2026-08-02
dryad_tb2rbp0cq,Serial block face scanning electron micrographs of mouse outer retina,10.5061/dryad.tb2rbp0cq,4,Serial block face scanning electron micrographs of mouse outer retina,358,5051903547,nonhuman_or_nonhuman_derived,mouse,Serial block face scanning electron micrographs of mouse outer retina Serial block face images of outer mouse retina were obtained using an Apreo VS scanning electron microscope (Thermo Scientific).,complete_official_file_listing,official_current_version_file_listing_reviewed,"mouse observations, tissues, images, signals, or sequences",Not applicable under the human-only screening boundary.,Official Dryad title/abstract/methods identify mouse; current file listing reviewed (official_current_version_file_listing_reviewed).,excluded_nonhuman_or_nonhuman_derived,False,Serial block face scanning electron micrographs of mouse outer retina is explicitly mouse; no separable human participant or human-derived component is documented.,,high,2026-08-02
dryad_tb_uveitis_ifn,Type 1 interferon-inducible gene expression in QuantiFERON Gold TB-positive uveitis: a tool to stratify a high versus low risk of active tuberculosis?,10.5061/dryad.8jk03jd,1,Data from: Type 1 interferon-inducible gene expression in QuantiFERON Gold TB-positive uveitis: a tool to stratify a high versus low risk of active tuberculosis?,1,52469,human_participant_or_patient_data,human_participant_or_patient_data,Data from: Type 1 interferon-inducible gene expression in QuantiFERON Gold TB-positive uveitis: a tool to stratify a high versus low risk of active tuberculosis?,complete_current_deposit_structurally_inspected,complete_small_deposit_structure_reviewed: xlsx_workbook=1,uveitis participant interferon-gene-expression and clinical risk data,active-TB risk stratification,Official Dryad title/abstract/methods and official current-version file listing; named deposited files include Type I IFN gene signature - a tool to stratify high vs low-risk TB uveitis?.xlsx.,included_human_or_human_derived_model_resource,True,"The deposit documents uveitis participant interferon-gene-expression and clinical risk data, providing structured human-derived inputs and/or targets for active-TB risk stratification.",,medium,2026-08-02
dryad_tdz08kq8t,"Sphingosine-1-phosphate signaling regulates the ability of Müller glia to become neurogenic, proliferating progenitor-like cells",10.5061/dryad.tdz08kq8t,8,"Sphingosine-1-phosphate signaling regulates the ability of Müller glia to become neurogenic, proliferating progenitor-like cells",22,2018076463,nonhuman_or_nonhuman_derived,chick,"Sphingosine-1-phosphate signaling regulates the ability of Müller glia to become neurogenic, proliferating progenitor-like cells The purpose of these studies is to investigate how Sphingosine-1-phosphate (S1P) signaling regulates glial phenotype, dedifferentiation of Müller glia (MG), reprogramming into proliferating MG-derived progenitor cells (MGPCs), and neuronal differentiation of the progeny of MGPCs in the chick retina.",complete_official_file_listing,official_current_version_file_listing_reviewed,"chick observations, tissues, images, signals, or sequences",Not applicable under the human-only screening boundary.,Official Dryad title/abstract/methods identify chick; current file listing reviewed (official_current_version_file_listing_reviewed).,excluded_nonhuman_or_nonhuman_derived,False,"Sphingosine-1-phosphate signaling regulates the ability of Müller glia to become neurogenic, proliferating progenitor-like cells is explicitly chick; no separable human participant or human-derived component is documented.",,high,2026-08-02
dryad_tmpg4f4vb,Effects of capsular tension ring on surgical outcomes of premium intraocular lens in patients with suspected zonular weakness,10.5061/dryad.tmpg4f4vb,5,Effects of capsular tension ring on surgical outcomes of premium intraocular lens in patients with suspected zonular weakness,1,17642,human_participant_or_patient_data,human_participant_or_patient_data,"Manifest refraction, refractive astigmatism, visual acuity, and degree of IOL decentration and tilt measured using swept-source anterior segment optical coherence tomography were analyzed.",complete_current_deposit_structurally_inspected,complete_small_deposit_structure_reviewed: xlsx_workbook=1,patient-eye capsular-tension-ring surgery outcome workbook,IOL surgical-outcome prediction,Official Dryad title/abstract/methods and official current-version file listing; named deposited files include Miyoshi_data.xlsx.,included_human_or_human_derived_model_resource,True,"The deposit documents patient-eye capsular-tension-ring surgery outcome workbook, providing structured human-derived inputs and/or targets for IOL surgical-outcome prediction.",,medium,2026-08-02
dryad_toric_iol_incision,Toric Intraocular Lens Incision Outcome Dataset,10.5061/dryad.01n20,1,Data from: Clinical efficacy of implantation of toric intraocular lenses with different incision positions: a comparative study of steep-axis incision and non-steep-axis incision,1,65825,human_participant_or_patient_data,human_participant_or_patient_data,Data from: Clinical efficacy of implantation of toric intraocular lenses with different incision positions: a comparative study of steep-axis incision and non-steep-axis incision Background: To compare the clinical outcomes after implantation of AcrySof Toric IOLs with different clear corneal incisions.,complete_current_deposit_structurally_inspected,complete_small_deposit_structure_reviewed: xlsx_workbook=1,patient-eye toric-IOL incision and postoperative outcome table,postoperative refractive-outcome prediction,Official Dryad title/abstract/methods and official current-version file listing; named deposited files include toric data.xlsx.,included_human_or_human_derived_model_resource,True,"The deposit documents patient-eye toric-IOL incision and postoperative outcome table, providing structured human-derived inputs and/or targets for postoperative refractive-outcome prediction.",,medium,2026-08-02
dryad_uveal_melanoma_coog2,COOG2.1 Uveal Melanoma Prognostic Dataset,10.5061/dryad.n8pk0p340,2,15-gene expression profile and PRAME as an integrated prognostic test for uveal melanoma: First report of Collaborative Ocular Oncology Group Study No. 2 (COOG2.1),2,84124,human_participant_or_patient_data,human_participant_or_patient_data,15-gene expression profile and PRAME as an integrated prognostic test for uveal melanoma: First report of Collaborative Ocular Oncology Group Study No.,complete_current_deposit_structurally_inspected,"complete_small_deposit_structure_reviewed: delimited_table=1, text=1","1,577-subject uveal-melanoma gene-expression, PRAME, clinical, and follow-up records",metastasis-risk prediction,"Official Dryad title/abstract/methods and official current-version file listing; named deposited files include COOG2.1_Data.csv, README.md.",included_human_or_human_derived_model_resource,True,"The deposit documents 1,577-subject uveal-melanoma gene-expression, PRAME, clinical, and follow-up records, providing structured human-derived inputs and/or targets for metastasis-risk prediction.",,medium,2026-08-02
dryad_uveitis_vitreous_biomarkers,Uveitis Vitreous Biomarker Dataset,10.5061/dryad.597ch,1,Data from: Comprehensive analysis of vitreous specimens for uveitis classification: a prospective multicentre observational study,1,74836,human_participant_or_patient_data,human_participant_or_patient_data,"Conclusions: Uveitis aetiologies had distinct vitreous biomarker profiles, especially of infiltrating lymphocytes., Analyses of CD4/CD8 ratio, T- and B-lymphocyte subset, and pathogen DNA in vitreous samples have good safety profiles and high diagnostic value for uveitis classification.",complete_current_deposit_structurally_inspected,complete_small_deposit_structure_reviewed: xlsx_workbook=1,"234-eye vitreous biomarker, pathogen, uveitis-etiology, and visual-outcome table",uveitis etiology classification,Official Dryad title/abstract/methods and official current-version file listing; named deposited files include low data BMJ.xlsx.,included_human_or_human_derived_model_resource,True,"The deposit documents 234-eye vitreous biomarker, pathogen, uveitis-etiology, and visual-outcome table, providing structured human-derived inputs and/or targets for uveitis etiology classification.",,medium,2026-08-02
dryad_v6wwpzh1b,Data from: Micropulse transscleral cyclophotocoagulation results in secondary glaucoma,10.5061/dryad.v6wwpzh1b,4,Data from: Micropulse transscleral cyclophotocoagulation results in secondary glaucoma,2,14771,human_participant_or_patient_data,human_participant_or_patient_data,"The reduction in IOP was found to be significant (p = 0.004) at the end of the follow-up time, and the success rate was 72% according to our results.",complete_current_deposit_structurally_inspected,"complete_small_deposit_structure_reviewed: text=1, xlsx_workbook=1",secondary-glaucoma treatment outcome workbook,post-treatment pressure/outcome prediction,"Official Dryad title/abstract/methods and official current-version file listing; named deposited files include Data_Dryad.xlsx, README.md.",included_human_or_human_derived_model_resource,True,"The deposit documents secondary-glaucoma treatment outcome workbook, providing structured human-derived inputs and/or targets for post-treatment pressure/outcome prediction.",,medium,2026-08-02
dryad_v9p0b,Data from: Retinal capillary rarefaction in patients with untreated mild-moderate hypertension,10.5061/dryad.v9p0b,1,Data from: Retinal capillary rarefaction in patients with untreated mild-moderate hypertension,1,34844,human_participant_or_patient_data,human_participant_or_patient_data,"Data from: Retinal capillary rarefaction in patients with untreated mild-moderate hypertension Background: Microvascular rarefaction influences peripheral vascular resistance, perfusion and metabolism by affecting blood pressure and flow pattern.",complete_current_deposit_structurally_inspected,complete_small_deposit_structure_reviewed: file_type_confirmed=1,hypertensive patient retinal-capillary measurement dataset,hypertension-associated capillary prediction,Official Dryad title/abstract/methods and official current-version file listing; named deposited files include CapillaryRarefactionFinalsav.sav.,included_human_or_human_derived_model_resource,True,"The deposit documents hypertensive patient retinal-capillary measurement dataset, providing structured human-derived inputs and/or targets for hypertension-associated capillary prediction.",,medium,2026-08-02
dryad_vkh_apoe,VKH APOE Transcriptomics and Proteomics Dataset,10.5061/dryad.37pvmcvzx,3,Data from: Bulk-seq results from peripheral blood mononuclear cells (PBMCs) of VKH patients and proteomic profiling of shAPOE-transduced HMC3 cells were employed to uncover potential downstream targets of APOE,5,68879258875,human_participants_or_human_derived_biological_material,human_participants_or_human_derived_biological_material,Clinical data were integrated to enhance the overall credibility and accuracy of the findings.,complete_official_file_listing,official_current_version_file_listing_reviewed,VKH patient PBMC bulk-seq plus human-derived and cell-assay multi-omics resources,uveitis biomarker discovery/evaluation,"Official Dryad title/abstract/methods and official current-version file listing; named deposited files include Differentially_expressed_genes_ratio.csv, Differentially_expressed_proteins.csv, Proteomics.zip, README.md.",included_human_or_human_derived_model_resource,True,"The deposit documents VKH patient PBMC bulk-seq plus human-derived and cell-assay multi-omics resources, providing structured human-derived inputs and/or targets for uveitis biomarker discovery/evaluation.",,medium,2026-08-02
dryad_vq83bk3s8,Spatially displaced excitation contributes to the encoding of interrupted motion by the retinal direction-selective circuit,10.5061/dryad.vq83bk3s8,5,Spatially displaced excitation contributes to the encoding of interrupted motion by the retinal direction-selective circuit,910,6459809695,nonhuman_or_nonhuman_derived,nonhuman_or_nonhuman_derived,The associated eLife article identifies mouse as the research organism and describes the mouse On-Off direction-selective ganglion cell circuit.,complete_official_file_listing,official_current_version_file_listing_reviewed,"nonhuman or nonhuman derived observations, tissues, images, signals, or sequences",Not applicable under the human-only screening boundary.,Official Dryad title/abstract/methods identify nonhuman or nonhuman derived; current file listing reviewed (official_current_version_file_listing_reviewed).,excluded_nonhuman_or_nonhuman_derived,False,Spatially displaced excitation contributes to the encoding of interrupted motion by the retinal direction-selective circuit is explicitly nonhuman or nonhuman derived; no separable human participant or human-derived component is documented.,,high,2026-08-02
dryad_vx0k6djwf,Amacrine cells differentially balance zebrafish colour circuits in the central and peripheral retina,10.5061/dryad.vx0k6djwf,5,Amacrine cells differentially balance zebrafish colour circuits in the central and peripheral retina,5,1599090854,nonhuman_or_nonhuman_derived,zebrafish,"Amacrine cells differentially balance zebrafish colour circuits in the central and peripheral retina In vertebrate vision, the feature-extracting circuits of the inner retina are driven by photoreceptors whose outputs are already pre-processed.",complete_official_file_listing,official_current_version_file_listing_reviewed,"zebrafish observations, tissues, images, signals, or sequences",Not applicable under the human-only screening boundary.,Official Dryad title/abstract/methods identify zebrafish; current file listing reviewed (official_current_version_file_listing_reviewed).,excluded_nonhuman_or_nonhuman_derived,False,Amacrine cells differentially balance zebrafish colour circuits in the central and peripheral retina is explicitly zebrafish; no separable human participant or human-derived component is documented.,,high,2026-08-02
dryad_w3r228143,Photoreceptor loss does not recruit neutrophils despite strong microglial activation,10.5061/dryad.w3r228143,5,Photoreceptor loss does not recruit neutrophils despite strong microglial activation,2,9123577630,nonhuman_or_nonhuman_derived,mouse,"In this study, we deploy fluorescence adaptive optics scanning light ophthalmoscopy (AOSLO) to study microglia and neutrophils in mice.",complete_official_file_listing,official_current_version_file_listing_reviewed,"mouse observations, tissues, images, signals, or sequences",Not applicable under the human-only screening boundary.,Official Dryad title/abstract/methods identify mouse; current file listing reviewed (official_current_version_file_listing_reviewed).,excluded_nonhuman_or_nonhuman_derived,False,Photoreceptor loss does not recruit neutrophils despite strong microglial activation is explicitly mouse; no separable human participant or human-derived component is documented.,,high,2026-08-02
dryad_wdbrv15rj,Natural disease history of a canine model of oligogenic RPGRIP1-cone-rod dystrophy establishes variable effects of previously and newly mapped modifier loci,10.5061/dryad.wdbrv15rj,5,Natural disease history of a canine model of oligogenic RPGRIP1-cone-rod dystrophy establishes variable effects of previously and newly mapped modifier loci,19,212240699756,nonhuman_or_nonhuman_derived,canine,Natural disease history of a canine model of oligogenic RPGRIP1-cone-rod dystrophy establishes variable effects of previously and newly mapped modifier loci Canine model of RPGRIP1-cone-rod dystrophy (CRD) was originally identified as a monogenic autosomal recessive disease characterized by early-onset blindness in a research colony.,complete_official_file_listing,official_current_version_file_listing_reviewed,"canine observations, tissues, images, signals, or sequences",Not applicable under the human-only screening boundary.,Official Dryad title/abstract/methods identify canine; current file listing reviewed (official_current_version_file_listing_reviewed).,excluded_nonhuman_or_nonhuman_derived,False,Natural disease history of a canine model of oligogenic RPGRIP1-cone-rod dystrophy establishes variable effects of previously and newly mapped modifier loci is explicitly canine; no separable human participant or human-derived component is documented.,,high,2026-08-02
dryad_wstqjq2n5,Data from: Spectral inference reveals principal cone-integration rules of the zebrafish inner retina,10.5061/dryad.wstqjq2n5,4,Data from: Spectral inference reveals principal cone-integration rules of the zebrafish inner retina,4,310559523,nonhuman_or_nonhuman_derived,zebrafish,"Data from: Spectral inference reveals principal cone-integration rules of the zebrafish inner retina In the vertebrate retina, bipolar cells integrate the signals from different cone types at two main sites: directly, via dendritic inputs in the outer retina, and indirectly, via axonal inputs in the inner retina.",complete_official_file_listing,official_current_version_file_listing_reviewed,"zebrafish observations, tissues, images, signals, or sequences",Not applicable under the human-only screening boundary.,Official Dryad title/abstract/methods identify zebrafish; current file listing reviewed (official_current_version_file_listing_reviewed).,excluded_nonhuman_or_nonhuman_derived,False,Data from: Spectral inference reveals principal cone-integration rules of the zebrafish inner retina is explicitly zebrafish; no separable human participant or human-derived component is documented.,,high,2026-08-02
dryad_x95x69pmq,Robust cone-mediated signaling persists late into rod photoreceptor degeneration,10.5061/dryad.x95x69pmq,5,Robust cone-mediated signaling persists late into rod photoreceptor degeneration,20,5658900002,nonhuman_or_nonhuman_derived,mouse,Robust cone-mediated signaling persists late into rod photoreceptor degeneration Rod photoreceptor degeneration causes deterioration in the morphology and physiology of cone photoreceptors along with changes in retinal circuits.,complete_official_file_listing,official_current_version_file_listing_reviewed,"mouse observations, tissues, images, signals, or sequences",Not applicable under the human-only screening boundary.,Official Dryad title/abstract/methods identify mouse; current file listing reviewed (official_current_version_file_listing_reviewed).,excluded_nonhuman_or_nonhuman_derived,False,Robust cone-mediated signaling persists late into rod photoreceptor degeneration is explicitly mouse; no separable human participant or human-derived component is documented.,,high,2026-08-02
dryad_xgxd254pk,"Supporting information for: Discrimination ability of central visual field testing using stimulus size I, II, and III and relationship with macular ganglion cell thickness in chiasmal compression",10.5061/dryad.xgxd254pk,5,"Supporting information for: Discrimination ability of central visual field testing using stimulus size I, II, and III and relationship with macular ganglion cell thickness in chiasmal compression",2,42482,human_participant_or_patient_data,human_participant_or_patient_data,"Supporting information for: Discrimination ability of central visual field testing using stimulus size I, II, and III and relationship with macular ganglion cell thickness in chiasmal compression",complete_current_deposit_structurally_inspected,"complete_small_deposit_structure_reviewed: text=1, xlsx_workbook=1",60 patient/control eye visual-field sensitivities and macular-ganglion-cell measurements,chiasmal-compression classification or structure-function regression,"Official Dryad title/abstract/methods and official current-version file listing; named deposited files include DISCRIMINATION.ABILITY.SUPPORTING_INFORMATION3.xlsx, README.md.",included_human_or_human_derived_model_resource,True,"The deposit documents 60 patient/control eye visual-field sensitivities and macular-ganglion-cell measurements, providing structured human-derived inputs and/or targets for chiasmal-compression classification or structure-function regression.",,high,2026-08-02
dryad_xpnvx0kb6,"Data from: Oxidative stress in the retina and retinal pigment epithelium (RPE): role of aging, and DJ-1",10.5061/dryad.xpnvx0kb6,9,"Data from: Oxidative stress in the retina and retinal pigment epithelium (RPE): role of aging, and DJ-1",118,453212274,nonhuman_or_nonhuman_derived,mouse,"Data from: Oxidative stress in the retina and retinal pigment epithelium (RPE): role of aging, and DJ-1 High levels of oxidative radicals generated by daily light exposure and high metabolic rate suggest that the antioxidant machinery of the retina and retinal pigment epithelium (RPE) is crucial for their survival.",complete_official_file_listing,official_current_version_file_listing_reviewed,"mouse observations, tissues, images, signals, or sequences",Not applicable under the human-only screening boundary.,Official Dryad title/abstract/methods identify mouse; current file listing reviewed (official_current_version_file_listing_reviewed).,excluded_nonhuman_or_nonhuman_derived,False,"Data from: Oxidative stress in the retina and retinal pigment epithelium (RPE): role of aging, and DJ-1 is explicitly mouse; no separable human participant or human-derived component is documented.",,high,2026-08-02
dryad_xwdbrv1kd,GTPBP2 in-frame deletion in a canine model with progressive retinal degeneration,10.5061/dryad.xwdbrv1kd,7,GTPBP2 in-frame deletion in a canine model with progressive retinal degeneration,11,199231877370,nonhuman_or_nonhuman_derived,canine,"GTPBP2 in-frame deletion in a canine model with progressive retinal degeneration Progressive retinal atrophy (PRA), caused by aberrant functioning of rod/cone photoreceptors leads to blindness.",complete_official_file_listing,official_current_version_file_listing_reviewed,"canine observations, tissues, images, signals, or sequences",Not applicable under the human-only screening boundary.,Official Dryad title/abstract/methods identify canine; current file listing reviewed (official_current_version_file_listing_reviewed).,excluded_nonhuman_or_nonhuman_derived,False,GTPBP2 in-frame deletion in a canine model with progressive retinal degeneration is explicitly canine; no separable human participant or human-derived component is documented.,,high,2026-08-02
dryad_young_adult_uv_transmission,Individual variation in the transmission of ultraviolet radiation in the young adult eye.,10.5061/dryad.hg000c2,1,Data from: Individual variation in the transmission of ultraviolet radiation in the young adult eye.,1,11730,human_participant_or_patient_data,human_participant_or_patient_data,"Objectives: Data obtained mostly from animal models and ex vivo samples show that a small portion of ultraviolet light (UV, 300-400 nm) penetrates the cornea and crystalline lens and impinges on the human retina.",complete_current_deposit_structurally_inspected,complete_small_deposit_structure_reviewed: xlsx_workbook=1,young-adult eye ultraviolet-transmission measurements,ocular UV-transmission regression,Official Dryad title/abstract/methods and official current-version file listing; named deposited files include UV Data-Hammond.xlsx.,included_human_or_human_derived_model_resource,True,"The deposit documents young-adult eye ultraviolet-transmission measurements, providing structured human-derived inputs and/or targets for ocular UV-transmission regression.",,medium,2026-08-02
dryad_z08kprrk3,Data from: A naturally occurring canine model of syndromic congenital microphthalmia,10.5061/dryad.z08kprrk3,8,Data from: A naturally occurring canine model of syndromic congenital microphthalmia,5,26446366374,nonhuman_or_nonhuman_derived,canine,"Data from: A naturally occurring canine model of syndromic congenital microphthalmia In humans, the prevalence of congenital microphthalmia is estimated to be 0.2 to 3.0 every 10,000 individuals, with non-ocular involvement reported in ~80% of cases.",complete_official_file_listing,official_current_version_file_listing_reviewed,"canine observations, tissues, images, signals, or sequences",Not applicable under the human-only screening boundary.,Official Dryad title/abstract/methods identify canine; current file listing reviewed (official_current_version_file_listing_reviewed).,excluded_nonhuman_or_nonhuman_derived,False,Data from: A naturally occurring canine model of syndromic congenital microphthalmia  is explicitly canine; no separable human participant or human-derived component is documented.,,high,2026-08-02
dryad_z08kprrk6,Frameshift variant in AMPD2 in Cirneco dell’ Etna with retinopathy and tremors,10.5061/dryad.z08kprrk6,4,Frameshift variant in AMPD2 in Cirneco dell’ Etna with retinopathy and tremors,7,123431491592,nonhuman_or_nonhuman_derived,canine,"A litter of four Cirneco dogs, all males, show signs of retinal degeneration, along with tremors and signs that could be described preliminarily as atypical seizures or paroxysmal dyskinesias.",complete_official_file_listing,official_current_version_file_listing_reviewed,"canine observations, tissues, images, signals, or sequences",Not applicable under the human-only screening boundary.,Official Dryad title/abstract/methods identify canine; current file listing reviewed (official_current_version_file_listing_reviewed).,excluded_nonhuman_or_nonhuman_derived,False,Frameshift variant in AMPD2 in Cirneco dell’ Etna with retinopathy and tremors is explicitly canine; no separable human participant or human-derived component is documented.,,high,2026-08-02
dryad_z8w9ghx9c,Accuracy of intraocular lens calculation formulas in cataract patients with steep corneal curvature,10.5061/dryad.z8w9ghx9c,3,Accuracy of intraocular lens calculation formulas in cataract patients with steep corneal curvature,1,47104,human_participant_or_patient_data,human_participant_or_patient_data,Objective refraction results were assessed at one month postoperatively.,complete_current_deposit_structurally_inspected,complete_small_deposit_structure_reviewed: xls_workbook=1,cataract patient-eye biometry and IOL-formula outcome table,IOL power-error prediction,Official Dryad title/abstract/methods and official current-version file listing; named deposited files include PONE-D-20-16063R1_Original_Data.xls.,included_human_or_human_derived_model_resource,True,"The deposit documents cataract patient-eye biometry and IOL-formula outcome table, providing structured human-derived inputs and/or targets for IOL power-error prediction.",,medium,2026-08-02
dryad_z8w9ghx9f,Inflation test on eye globe for: Experimental evaluation of stiffening effect induced by UVA/riboflavin corneal cross-linking using intact porcine eye globes,10.5061/dryad.z8w9ghx9f,4,Inflation test on eye globe for: Experimental evaluation of stiffening effect induced by UVA/riboflavin corneal cross-linking using intact porcine eye globes,15,384697,nonhuman_or_nonhuman_derived,porcine_or_ex_vivo_porcine,Inflation test on eye globe for: Experimental evaluation of stiffening effect induced by UVA/riboflavin corneal cross-linking using intact porcine eye globes UVA/riboflavin corneal cross-linking (CXL) is a common used approach to treat progressive keratoconus.,complete_official_file_listing,official_current_version_file_listing_reviewed,"porcine or ex vivo porcine observations, tissues, images, signals, or sequences",Not applicable under the human-only screening boundary.,Official Dryad title/abstract/methods identify porcine or ex vivo porcine; current file listing reviewed (official_current_version_file_listing_reviewed).,excluded_nonhuman_or_nonhuman_derived,False,Inflation test on eye globe for: Experimental evaluation of stiffening effect induced by UVA/riboflavin corneal cross-linking using intact porcine eye globes is explicitly porcine or ex vivo porcine; no separable human participant or human-derived component is documented.,,high,2026-08-02
dryad_z8w9ghxpp,ApoM-bound S1P acts via endothelial S1PR1 to suppress choroidal neovascularization and vascular leak,10.5061/dryad.z8w9ghxpp,11,ApoM-bound S1P acts via endothelial S1PR1 to suppress choroidal neovascularization and vascular leak,47,4159288366,nonhuman_or_nonhuman_derived,mouse,ApoM-bound S1P acts via endothelial S1PR1 to suppress choroidal neovascularization and vascular leak Neovascular age-related macular degeneration (nAMD) is a major cause of vision loss in the elderly.,complete_official_file_listing,official_current_version_file_listing_reviewed,"mouse observations, tissues, images, signals, or sequences",Not applicable under the human-only screening boundary.,Official Dryad title/abstract/methods identify mouse; current file listing reviewed (official_current_version_file_listing_reviewed).,excluded_nonhuman_or_nonhuman_derived,False,ApoM-bound S1P acts via endothelial S1PR1 to suppress choroidal neovascularization and vascular leak is explicitly mouse; no separable human participant or human-derived component is documented.,,high,2026-08-02
dryad_zebrafish_crystallin_lens,Zebrafish Crystallin Cataract Lens-Image Dataset,10.5061/dryad.f4qrfj730,4,"Loss of alpha Ba-crystallin, but not alpha A-crystallin, increases age-related cataract in the zebrafish lens",2,4451422309,nonhuman_or_nonhuman_derived,zebrafish,"Loss of alpha Ba-crystallin, but not alpha A-crystallin, increases age-related cataract in the zebrafish lens The vertebrate eye lens is an unusual organ in that most of its cells lack nuclei and the ability to replace aging protein.",complete_official_file_listing,official_current_version_file_listing_reviewed,"zebrafish observations, tissues, images, signals, or sequences",Not applicable under the human-only screening boundary.,Official Dryad title/abstract/methods identify zebrafish; current file listing reviewed (official_current_version_file_listing_reviewed).,excluded_nonhuman_or_nonhuman_derived,False,"Loss of alpha Ba-crystallin, but not alpha A-crystallin, increases age-related cataract in the zebrafish lens is explicitly zebrafish; no separable human participant or human-derived component is documented.",,high,2026-08-02
dryad_zebrafish_rpe_phagocytosis,Zebrafish RPE Phagocytosis Dataset,10.5061/dryad.76hdr7t64,3,Data from: Phagocytosed photoreceptor outer segment particles within the retinal pigment epithelium show diurnal rhythmicity and variation between cone subtypes in larval zebrafish,2,6627585574,nonhuman_or_nonhuman_derived,zebrafish,"Data from: Phagocytosed photoreceptor outer segment particles within the retinal pigment epithelium show diurnal rhythmicity and variation between cone subtypes in larval zebrafish During phagocytosis of retinal rod and cone outer segments (OSs) by the retinal pigment epithelium (RPE), RPE bites off and internalizes the oldest parts of the OS tips to prevent the accumulation of harmful compounds in the photoreceptors.",complete_official_file_listing,official_current_version_file_listing_reviewed,"zebrafish observations, tissues, images, signals, or sequences",Not applicable under the human-only screening boundary.,Official Dryad title/abstract/methods identify zebrafish; current file listing reviewed (official_current_version_file_listing_reviewed).,excluded_nonhuman_or_nonhuman_derived,False,Data from: Phagocytosed photoreceptor outer segment particles within the retinal pigment epithelium show diurnal rhythmicity and variation between cone subtypes in larval zebrafish is explicitly zebrafish; no separable human participant or human-derived component is documented.,,high,2026-08-02
dryad_zebrafish_thrb_photoreceptors,Thyroid hormone receptor beta mutations alter photoreceptor development and function in Danio rerio (zebrafish),10.5061/dryad.msbcc2fvr,2,Data from: Thyroid hormone receptor beta mutations alter photoreceptor development and function in Danio rerio (zebrafish),8,543268,nonhuman_or_nonhuman_derived,zebrafish,"Data from: Thyroid hormone receptor beta mutations alter photoreceptor development and function in Danio rerio (zebrafish) We investigate mutations in trβ2 , a splice variant of thrb , identifying changes in function, structure, and behavior in larval and adult zebrafish retinas.",complete_official_file_listing,official_current_version_file_listing_reviewed,"zebrafish observations, tissues, images, signals, or sequences",Not applicable under the human-only screening boundary.,Official Dryad title/abstract/methods identify zebrafish; current file listing reviewed (official_current_version_file_listing_reviewed).,excluded_nonhuman_or_nonhuman_derived,False,Data from: Thyroid hormone receptor beta mutations alter photoreceptor development and function in Danio rerio (zebrafish) is explicitly zebrafish; no separable human participant or human-derived component is documented.,,high,2026-08-02
dryad_zkh1893nt,Glaucoma-associated optineurin mutations increase transcellular degradation of mitochondria in a vertebrate optic nerve,10.5061/dryad.zkh1893nt,7,Glaucoma-associated optineurin mutations increase transcellular degradation of mitochondria in a vertebrate optic nerve,32,130554606106,nonhuman_or_nonhuman_derived,xenopus,Glaucoma-associated optineurin mutations increase transcellular degradation of mitochondria in a vertebrate optic nerve We previously described a process whereby mitochondria shed by retinal ganglion cell (RGC) axons are transferred to and degraded by surrounding astrocytes in the optic nerve head of mice.,complete_official_file_listing,official_current_version_file_listing_reviewed,"xenopus observations, tissues, images, signals, or sequences",Not applicable under the human-only screening boundary.,Official Dryad title/abstract/methods identify xenopus; current file listing reviewed (official_current_version_file_listing_reviewed).,excluded_nonhuman_or_nonhuman_derived,False,Glaucoma-associated optineurin mutations increase transcellular degradation of mitochondria in a vertebrate optic nerve is explicitly xenopus; no separable human participant or human-derived component is documented.,,high,2026-08-02
dryad_zs7h44jd9,Data for: Impact of alpha crystallin loss on zebrafish lens development,10.5061/dryad.zs7h44jd9,4,Data for: Impact of alpha crystallin loss on zebrafish lens development,2,1795641506,nonhuman_or_nonhuman_derived,zebrafish,"Data for: Impact of alpha crystallin loss on zebrafish lens development The α -crystallin small heat shock proteins contribute to the transparency and refractive properties of the vertebrate eye lens and prevent the protein aggregation that would otherwise produce lens cataracts, the leading cause of human blindness.",complete_official_file_listing,official_current_version_file_listing_reviewed,"zebrafish observations, tissues, images, signals, or sequences",Not applicable under the human-only screening boundary.,Official Dryad title/abstract/methods identify zebrafish; current file listing reviewed (official_current_version_file_listing_reviewed).,excluded_nonhuman_or_nonhuman_derived,False,Data for: Impact of alpha crystallin loss on zebrafish lens development is explicitly zebrafish; no separable human participant or human-derived component is documented.,,high,2026-08-02
