doi,title,decision,reason,matched_existing_record,relationship_type,confidence
10.15146/r36w24,Análise de imagens de fundo de olho para detecção de retinopatia diabética,needs_manual_review,CC0 feature-table derivative of Kaggle diabetic-retinopathy images; verify upstream redistribution/derivative scope and whether it adds a sufficiently distinct tabular task.,eyepacs,derived_from_existing_source,medium
10.25338/b8fp72,Data: Phenotypic trait differences between Iris pseudacorus in native and introduced ranges support greater capacity of invasive populations to withstand sea level rise,exclude,Plant genus Iris search collision; not an ocular resource.,,,high
10.25338/b8p62h,"Data for: Effects of physical impairments on fitness correlates of the white-footed mouse, Peromyscus leucopus",exclude,Unrelated keyword search hit; not an eye or ophthalmology data resource.,,,high
10.25338/b8wh0q,Data from: Germination niche breadth of invasive Iris pseudacorus (L.) suggests continued recruitment from seeds with climate warming,exclude,Plant genus Iris search collision; not an ocular resource.,,,high
10.25349/d9gp7f,Data for: Intrinsic spin Hall torque in a moiré Chern magnet,exclude,Unrelated keyword search hit; not an eye or ophthalmology data resource.,,,high
10.25349/d9j62b,"Analysis data for ""The effect of agricultural land retirement on pesticide use""",exclude,Unrelated keyword search hit; not an eye or ophthalmology data resource.,,,high
10.25349/d9jc8b,Imaging orbital ferromagnetism in a moire Chern insulator,exclude,"Physics, astronomy, or software use of ?orbit?; not an ocular-orbit resource.",,,high
10.25349/d9k330,Measures and models of visual acuity in epipelagic and mesopelagic teleosts and elasmobranchs,exclude,Unrelated keyword search hit; not an eye or ophthalmology data resource.,,,high
10.25349/d9r626,Data from: Quantum disordered ground state in the triangular-lattice magnet NaRuO2,exclude,Unrelated keyword search hit; not an eye or ophthalmology data resource.,,,high
10.5061/dryad.01n20,Data from: Clinical efficacy of implantation of toric intraocular lenses with different incision positions: a comparative study of steep-axis incision and non-steep-axis incision,include,"Public CC0 Dryad release; official metadata identifies direct ocular, retinal, corneal, lens, or visual-system scientific data.",,,high
10.5061/dryad.02v6wwqjh,Dataset for: Multi-organ acute and delayed effects following exposure to neutron radiation,exclude,Unrelated keyword search hit; not an eye or ophthalmology data resource.,,,high
10.5061/dryad.08kprr5h8,Data from: Refillable intraocular drug-eluting implant,include,"Public CC0 Dryad release; official metadata identifies direct ocular, retinal, corneal, lens, or visual-system scientific data.",,,high
10.5061/dryad.0cfxpnwcs,Stable and accurate orbital-free density functional theory powered by machine learning,exclude,"Physics, astronomy, or software use of ?orbit?; not an ocular-orbit resource.",,,high
10.5061/dryad.0fg8g9h,Data from: Conserved visual sensitivities across divergent lizard lineages that differ in an ultraviolet sexual signal,exclude,Unrelated keyword search hit; not an eye or ophthalmology data resource.,,,high
10.5061/dryad.0gb5mkkxn,Data from: Presence of same-sex kin promotes explorative behavior in subadult cichlid fish,exclude,Unrelated keyword search hit; not an eye or ophthalmology data resource.,,,high
10.5061/dryad.0gb5mkm9b,Postural stability and optic flow sensitivity following sight restoration from congenital bilateral cataracts,needs_manual_review,"Post-cataract visual-restoration experiment is ophthalmically relevant, but supplied metadata does not clearly establish the reusable data contents or catalog fit.",,,medium
10.5061/dryad.0gb5mkmbc,A curated database of milky sea observations from 1600 to present,exclude,Unrelated keyword search hit; not an eye or ophthalmology data resource.,,,high
10.5061/dryad.0kt87,Data from: Analysis of iris surface features in populations of diverse ancestry,include,"Public CC0 Dryad release; official metadata identifies direct ocular, retinal, corneal, lens, or visual-system scientific data.",,,high
10.5061/dryad.0n5f66n,Data from: Spondyloarthritis in the Democratic Republic of the Congo: a prospective hospital-based study,exclude,Unrelated keyword search hit; not an eye or ophthalmology data resource.,,,high
10.5061/dryad.0p2ngf25g,Mechanisms of simultaneous linear and nonlinear computations at the mammalian cone photoreceptor synapse,include,"Public CC0 Dryad release; official metadata identifies direct ocular, retinal, corneal, lens, or visual-system scientific data.",,,high
10.5061/dryad.0p2ngf2bd,Data from: The effect of sampling methods on the validity and reliability of the estimation of the orbital stability of human gait,exclude,Unrelated keyword search hit; not an eye or ophthalmology data resource.,,,high
10.5061/dryad.0p7vm,Data from: Development of an extracorporeal perfusion device for small animal free flaps,exclude,Unrelated keyword search hit; not an eye or ophthalmology data resource.,,,high
10.5061/dryad.0qk7f,Data from: Identification of genetic defects in 33 probands with Stargardt disease by WES-based bioinformatics gene panel analysis,include,"Public CC0 Dryad release; official metadata identifies direct ocular, retinal, corneal, lens, or visual-system scientific data.",,,high
10.5061/dryad.0vt4b8h0d,A historic global ground-based monthly seasonal aerosol climatology based in AERONET data: a database 1993-2013,exclude,Unrelated keyword search hit; not an eye or ophthalmology data resource.,,,high
10.5061/dryad.0vt4b8hbz,Data and code from: Sub-surface deformation of individual fingerprint ridges during tactile interactions,exclude,"Paper, review, or software/code release without a distinct reusable eye-data resource.",,,high
10.5061/dryad.0zpc866zm,"A comparative study on the stability of the furfural molecule on the low index Ni, Pd and Pt surfaces",exclude,Unrelated keyword search hit; not an eye or ophthalmology data resource.,,,high
10.5061/dryad.0zpc86769,Direct magnetic imaging of fractional Chern insulators in twisted MoTe2,exclude,Unrelated keyword search hit; not an eye or ophthalmology data resource.,,,high
10.5061/dryad.12751,Data from: Microsaccadic sampling of moving image information provides Drosophila hyperacute vision,exclude,Unrelated keyword search hit; not an eye or ophthalmology data resource.,,,high
10.5061/dryad.12jm63z04,Multivesicular Release LIF Spike Data,exclude,Unrelated keyword search hit; not an eye or ophthalmology data resource.,,,high
10.5061/dryad.12jm63z62,Melanopsin-mediated amplification of cone signals in the human visual cortex,exclude,Vision/behaviour search hit without direct ocular or ophthalmic data in the repository metadata.,,,high
10.5061/dryad.13bp2,Data from: Changing patterns of cataract services in North-West Nigeria: 2005–2016,include,"Public CC0 Dryad release; official metadata identifies direct ocular, retinal, corneal, lens, or visual-system scientific data.",,,high
10.5061/dryad.144h1s1,"Data from: Extraocular motoneuron pools develop along a dorsoventral axis in zebrafish, Danio rerio",include,"Public CC0 Dryad release; official metadata identifies direct ocular, retinal, corneal, lens, or visual-system scientific data.",,,high
10.5061/dryad.163mp,Data from: Rat retinal vasomotion assessed by laser speckle imaging,include,"Public CC0 Dryad release; official metadata identifies direct ocular, retinal, corneal, lens, or visual-system scientific data.",,,high
10.5061/dryad.18931zd2t,Data for: Prediction in cultured cortical neural networks,exclude,Unrelated keyword search hit; not an eye or ophthalmology data resource.,,,high
10.5061/dryad.18931zd46,Additional morphometrical and ecological data collected during the 2018 expedition of the UMMZ in Nicaragua,exclude,Unrelated keyword search hit; not an eye or ophthalmology data resource.,,,high
10.5061/dryad.1c05010,Data from: Perceived shift of the centres of contracting and expanding optic flow fields: different biases in the lower-right and upper-right visual quadrants,exclude,Unrelated keyword search hit; not an eye or ophthalmology data resource.,,,high
10.5061/dryad.1c59zw3sc,Data from: Insights in the diagnosis of a retinal arteriovenous malformation,needs_manual_review,"Retinal arteriovenous-malformation diagnostic release appears relevant, but supplied metadata is insufficient to distinguish reusable study data from a minimal case-report supplement.",,,medium
10.5061/dryad.1d64r,Data from: Infection with Haemoproteus iwa affects vector movement in a hippoboscid fly – frigatebird system,exclude,Unrelated keyword search hit; not an eye or ophthalmology data resource.,,,high
10.5061/dryad.1dm02,Data from: Identifying the core components of emotional intelligence: evidence from amplitude of low-frequency fluctuations during resting state,exclude,Unrelated keyword search hit; not an eye or ophthalmology data resource.,,,high
10.5061/dryad.1f1rc,Data from: Error-robust modes of the retinal population code,include,"Public CC0 Dryad release; official metadata identifies direct ocular, retinal, corneal, lens, or visual-system scientific data.",,,high
10.5061/dryad.1g1jwstzs,Comparison of allosteric signaling in DnaK and BiP using mutual information between simulated residue conformations,exclude,Unrelated keyword search hit; not an eye or ophthalmology data resource.,,,high
10.5061/dryad.1g1jwsv8g,"Data from: North American barn swallows pair, mate, and interact assortatively",exclude,Unrelated keyword search hit; not an eye or ophthalmology data resource.,,,high
10.5061/dryad.1g1jwsv9d,Retinal calcium waves coordinate uniform tissue patterning of the Drosophila eye,include,"Public CC0 Dryad release; official metadata identifies direct ocular, retinal, corneal, lens, or visual-system scientific data.",,,high
10.5061/dryad.1g23q,Data from: Diagnostic value of transthoracic echocardiography in patients with coarctation of aorta: the Chinese experience in 53 patients studied between 2008 and 2012 in one major medical center,exclude,Unrelated keyword search hit; not an eye or ophthalmology data resource.,,,high
10.5061/dryad.1g6vm34,"Data from: Ophthalmologic evaluation of severely obese patients undergoing bariatric surgery: a pilot, monocentric, prospective, open-label study",include,"Public CC0 Dryad release; official metadata identifies direct ocular, retinal, corneal, lens, or visual-system scientific data.",,,high
10.5061/dryad.1gm77f6,Data from: Number of neighbors instead of group size significantly affects individual vigilance levels in large animal aggregations,exclude,Unrelated keyword search hit; not an eye or ophthalmology data resource.,,,high
10.5061/dryad.1h272,Data from: The opsin genes of Amazonian cichlids,exclude,Unrelated keyword search hit; not an eye or ophthalmology data resource.,,,high
10.5061/dryad.1j1f3,Data from: Sexual dimorphism and retinal mosaic diversification following the evolution of a violet receptor in butterflies,exclude,Retina term is not sufficient here to establish a distinct reusable eye-data resource from the supplied metadata.,,,high
10.5061/dryad.1jwstqk8h,Supplementary data from: Early vertebrate biomineralisation and eye structure determined by synchrotron X-ray analyses of Silurian jawless fish,include,"Public CC0 Dryad release; official metadata identifies direct ocular, retinal, corneal, lens, or visual-system scientific data.",,,high
10.5061/dryad.1kf36,Data from: Dendritic network structure and dispersal affect temporal dynamics of diversity and species persistence,exclude,Unrelated keyword search hit; not an eye or ophthalmology data resource.,,,high
10.5061/dryad.1kv63,Data from: Loss of reproductive output caused by an invasive species,exclude,Unrelated keyword search hit; not an eye or ophthalmology data resource.,,,high
10.5061/dryad.1n50q,Data from: Axial myopia is associated with visual field prognosis of primary open-angle glaucoma,include,"Public CC0 Dryad release; official metadata identifies direct ocular, retinal, corneal, lens, or visual-system scientific data.",,,high
10.5061/dryad.1pj40,Data from: A qualitative study exploring the health literacy issues in the care of Chinese American immigrants with diabetes,exclude,Unrelated keyword search hit; not an eye or ophthalmology data resource.,,,high
10.5061/dryad.1qh4c,"Data from: The core planar cell polarity gene, Vangl2, directs adult corneal epithelial cell alignment and migration",include,"Public CC0 Dryad release; official metadata identifies direct ocular, retinal, corneal, lens, or visual-system scientific data.",,,high
10.5061/dryad.1rn8pk0wz,"Functional and ecomorphological evolution of orbit shape in Mesozoic archosaurs is driven by body size and diet: Geometric morphometric data, 3D models (stl files), FEA models (Hypermesh, Abaqus files)",exclude,Unrelated keyword search hit; not an eye or ophthalmology data resource.,,,high
10.5061/dryad.1rn8pk11k,Data from: Current-induced switching of a van der Waals ferromagnet at room temperature,exclude,Unrelated keyword search hit; not an eye or ophthalmology data resource.,,,high
10.5061/dryad.1rn8pk13p,Supplementary data from: 2'-O-Galloylhyperin prevents tissue remodeling in thyroid eye disease: prospects as a thyrotropin receptor antagonist,needs_manual_review,"Thyroid-eye-disease supplement is relevant, but supplied metadata does not describe reusable data contents well enough for automatic inclusion.",,,medium
10.5061/dryad.1v8kj,Data from: Nocturnality in Synapsids predates the origin of mammals by over 100 million years,exclude,Unrelated keyword search hit; not an eye or ophthalmology data resource.,,,high
10.5061/dryad.1vhhmgqp7,The functional organization of excitation and inhibition in the dendritic arbors of retinal direction-selective ganglion cells,include,"Public CC0 Dryad release; official metadata identifies direct ocular, retinal, corneal, lens, or visual-system scientific data.",,,high
10.5061/dryad.1zcrjdfq7,"Eye size and investment in frogs and toads correlate with adult habitat, activity pattern and breeding ecology",include,"Public CC0 Dryad release; official metadata identifies direct ocular, retinal, corneal, lens, or visual-system scientific data.",,,high
10.5061/dryad.21705km,Data from: Convergent evolution of body color between sympatric freshwater fishes via different visual sensory evolution,include,"Public CC0 Dryad release; official metadata identifies direct ocular, retinal, corneal, lens, or visual-system scientific data.",,,high
10.5061/dryad.224h5kr,Data from: Pest suppression in cultivar mixtures is influenced by neighbor-specific plant-plant communication,exclude,Unrelated keyword search hit; not an eye or ophthalmology data resource.,,,high
10.5061/dryad.2280gb5qw,Data from: Are acute and acclimated thermal effects on metabolic rate modulated by cell size? A comparison between diploid and triploid zebrafish larvae,exclude,Unrelated keyword search hit; not an eye or ophthalmology data resource.,,,high
10.5061/dryad.2306t,Data from: Shear-induced orientational dynamics and spatial heterogeneity in suspensions of motile phytoplankton,exclude,Unrelated keyword search hit; not an eye or ophthalmology data resource.,,,high
10.5061/dryad.23rj4pm,Data from: Bumblebee visual allometry results in locally improved resolution and globally improved sensitivity,include,"Public CC0 Dryad release; official metadata identifies direct ocular, retinal, corneal, lens, or visual-system scientific data.",,,high
10.5061/dryad.245j1p8,Data from: Predicted tracking error triggers catch-up saccades during smooth pursuit,exclude,Unrelated keyword search hit; not an eye or ophthalmology data resource.,,,high
10.5061/dryad.246qg,Data from: Transformation of stimulus correlations by the retina,include,"Public CC0 Dryad release; official metadata identifies direct ocular, retinal, corneal, lens, or visual-system scientific data.",,,high
10.5061/dryad.24732,Data from: Near absence of differential gene expression in the retina of rainbow trout after exposure to a magnetic pulse: implications for magnetoreception,include,"Public CC0 Dryad release; official metadata identifies direct ocular, retinal, corneal, lens, or visual-system scientific data.",,,high
10.5061/dryad.2547d7wpr,Quantum interference between spin-orbit split partial waves in the F+HD→HF+D reaction,exclude,"Physics, astronomy, or software use of ?orbit?; not an ocular-orbit resource.",,,high
10.5061/dryad.26530,Data from: Macroevolutionary and morphofunctional patterns in theropod skulls: a morphometric approach,exclude,Unrelated keyword search hit; not an eye or ophthalmology data resource.,,,high
10.5061/dryad.27812c7,Data from: Reconstruction of larval origins based on genetic relatedness and biophysical modeling,exclude,Unrelated keyword search hit; not an eye or ophthalmology data resource.,,,high
10.5061/dryad.27m63,Data from: Vascular patterns in iguanas and other squamates: blood vessels and sites of thermal exchange,include,"Public CC0 Dryad release; official metadata identifies direct ocular, retinal, corneal, lens, or visual-system scientific data.",,,high
10.5061/dryad.27sk4,Data from: Patients’ subjective assessment of the duration of cataract surgery: a case series,exclude,"Ocular keyword hit, but title/metadata does not establish a distinct reusable eye or ophthalmology data resource.",,,high
10.5061/dryad.280gb5mtf,Multiple rod layers increase the speed and sensitivity of vision in nocturnal reef fishes,include,"Public CC0 Dryad release; official metadata identifies direct ocular, retinal, corneal, lens, or visual-system scientific data.",,,high
10.5061/dryad.280gb5mxc,"Structural, electronic, and magnetic properties of CrTe2",exclude,Unrelated keyword search hit; not an eye or ophthalmology data resource.,,,high
10.5061/dryad.29j22tt,Data from: Visual approach computation in feeding hoverflies,exclude,Vision/behaviour search hit without direct ocular or ophthalmic data in the repository metadata.,,,high
10.5061/dryad.2fqz612kr,Parallel CRISPR-Cas9 screens clarify impacts of p53 on screen performance,exclude,Unrelated keyword search hit; not an eye or ophthalmology data resource.,,,high
10.5061/dryad.2fqz612mk,"Data from: Global vegetation patterns of the past 140,000 years",exclude,Unrelated keyword search hit; not an eye or ophthalmology data resource.,,,high
10.5061/dryad.2fqz612r4,Factors associated with coronary heart disease in COPD patients and controls,exclude,Unrelated keyword search hit; not an eye or ophthalmology data resource.,,,high
10.5061/dryad.2fqz612x7,Eccentric orbits may enhance the habitability of Earth-like exoplanets,exclude,"Physics, astronomy, or software use of ?orbit?; not an ocular-orbit resource.",,,high
10.5061/dryad.2gn8c,Data from: Oxidative stress-mediated NFκB phosphorylation upregulates p62/SQSTM1 and promotes retinal pigmented epithelial cell survival through increased autophagy,include,"Public CC0 Dryad release; official metadata identifies direct ocular, retinal, corneal, lens, or visual-system scientific data.",,,high
10.5061/dryad.2jm63xskb,Ventral motion parallax enhances fruit fly steering to visual sideslip,exclude,Unrelated keyword search hit; not an eye or ophthalmology data resource.,,,high
10.5061/dryad.2jm63xt1s,"Data from: Comprehensive first principles study on CO and NO gas adsorption effects on the structural, electronic, and optical properties of ASiSn nanoribbons",exclude,Unrelated keyword search hit; not an eye or ophthalmology data resource.,,,high
10.5061/dryad.2jm63xt35,Type I hair cells of striolar and central zones in vestibular organs are essential for head stability and postural control,exclude,Unrelated keyword search hit; not an eye or ophthalmology data resource.,,,high
10.5061/dryad.2jn03,Data from: The flashlight fish Anomalops katoptron uses bioluminescent light to detect prey in the dark,include,"Public CC0 Dryad release; official metadata identifies direct ocular, retinal, corneal, lens, or visual-system scientific data.",,,high
10.5061/dryad.2k4v4,Data from: Measurement of systemic mitochondrial function in advanced primary open-angle glaucoma and Leber hereditary optic neuropathy,include,"Public CC0 Dryad release; official metadata identifies direct ocular, retinal, corneal, lens, or visual-system scientific data.",,,high
10.5061/dryad.2rbnzs7jm,"Ectopic expression of BBS1 rescues male infertility, but not retinal degeneration, in a BBS1 mouse model",include,"Public CC0 Dryad release; official metadata identifies direct ocular, retinal, corneal, lens, or visual-system scientific data.",,,high
10.5061/dryad.2rbnzs7m4,Quantitative analysis of optical coherence tomography for neovascular age-related macular degeneration using deep learning,exclude,Exact Dryad DOI already cataloged; exclude duplicate record.,dryad_namd_oct_quant,exact_duplicate,high
10.5061/dryad.2v6wwq02w,Data from: Structural and mechanical properties facilitate shock wave damping by helmet-like orbital hoods in snapping shrimp,exclude,"Physics, astronomy, or software use of ?orbit?; not an ocular-orbit resource.",,,high
10.5061/dryad.2v7m744,Data from: Longitudinal optic neuritis-unrelated visual evoked potential changes in NMO spectrum disorders,include,"Public CC0 Dryad release; official metadata identifies direct ocular, retinal, corneal, lens, or visual-system scientific data.",,,high
10.5061/dryad.2z34tmpnc,Visual pursuit behavior in mice maintains the pursued prey on the retinal region with least optic flow,include,"Public CC0 Dryad release; official metadata identifies direct ocular, retinal, corneal, lens, or visual-system scientific data.",,,high
10.5061/dryad.2z34tmpqk,Optogenetic activation of visual thalamus generates artificial visual percepts,exclude,Unrelated keyword search hit; not an eye or ophthalmology data resource.,,,high
10.5061/dryad.2z34tmprn,Data for: Social assessment of miscanthus cultivation in Croatia: Assessing farmers’ preferences and willingness to cultivate the crop,exclude,Unrelated keyword search hit; not an eye or ophthalmology data resource.,,,high
10.5061/dryad.31726,Data from: A basal lithostrotian titanosaur (Dinosauria: Sauropoda) with a complete skull: implications for the evolution and paleobiology of Titanosauria,exclude,Unrelated keyword search hit; not an eye or ophthalmology data resource.,,,high
10.5061/dryad.31zcrjdh6,Data from: Evaluation of the Laguerre-Gaussian mode purity produced by 3D-printed microwave spiral phase plates,exclude,Unrelated keyword search hit; not an eye or ophthalmology data resource.,,,high
10.5061/dryad.31zcrjdmr,Data from: Informing conservation strategies with museum genomics: Long-term effects of past anthropogenic persecution on the elusive European wildcat,exclude,Unrelated keyword search hit; not an eye or ophthalmology data resource.,,,high
10.5061/dryad.31zcrjdpb,Proton-transporting heliorhodopsins from marine giant viruses,exclude,Unrelated keyword search hit; not an eye or ophthalmology data resource.,,,high
10.5061/dryad.32j0040,Data from: The evolution of iris colour in relation to nocturnality in owls,include,"Public CC0 Dryad release; official metadata identifies direct ocular, retinal, corneal, lens, or visual-system scientific data.",,,high
10.5061/dryad.33kh1,Data from: Eye and head movements are complementary in visual selection,include,"Public CC0 Dryad release; official metadata identifies direct ocular, retinal, corneal, lens, or visual-system scientific data.",,,high
10.5061/dryad.349h0,Data from: Testing the applicability of a benthic foraminiferal-based transfer function for the reconstruction of paleowater depth changes in Rhodes (Greece) during the early Pleistocene,exclude,Unrelated keyword search hit; not an eye or ophthalmology data resource.,,,high
10.5061/dryad.34jb6,Data from: Three decades of cultural evolution in Savannah sparrow songs,exclude,Unrelated keyword search hit; not an eye or ophthalmology data resource.,,,high
10.5061/dryad.34tmpg4wn,Data from: Neural categorization of visual words of alphabetic and non-alphabetic languages,exclude,Vision/behaviour search hit without direct ocular or ophthalmic data in the repository metadata.,,,high
10.5061/dryad.37hb7,Data from: Contrast circulation time to assess right ventricular dysfunction in pulmonary embolism: a retrospective pilot study,exclude,Unrelated keyword search hit; not an eye or ophthalmology data resource.,,,high
10.5061/dryad.37pvmcvzx,Data from: Bulk-seq results from peripheral blood mononuclear cells (PBMCs) of VKH patients and proteomic profiling of shAPOE-transduced HMC3 cells were employed to uncover potential downstream targets of APOE,include,"Public CC0 Dryad release; official metadata identifies direct ocular, retinal, corneal, lens, or visual-system scientific data.",,,high
10.5061/dryad.38889,Data from: Unravelling species boundaries in the Aspergillus viridinutans complex (section Fumigati): opportunistic human and animal pathogens capable of interspecific hybridization,exclude,Unrelated keyword search hit; not an eye or ophthalmology data resource.,,,high
10.5061/dryad.3b65k44,Data from: Reverting ontogeny: rapid phenotypic plasticity of color vision in cichlid fish,include,"Public CC0 Dryad release; official metadata identifies direct ocular, retinal, corneal, lens, or visual-system scientific data.",,,high
10.5061/dryad.3bk3j9kdn,Data from: Redirection of ambient light improves predator detection in a diurnal fish,exclude,Unrelated keyword search hit; not an eye or ophthalmology data resource.,,,high
10.5061/dryad.3cp54,"Data from: Analysis of potential ischemic effect of intravitreal bevacizumab on unaffected retina in treatment-naïve macular edema due to branch retinal vein occlusion: a prospective, interventional case-series",include,"Public CC0 Dryad release; official metadata identifies direct ocular, retinal, corneal, lens, or visual-system scientific data.",,,high
10.5061/dryad.3d7c900,Data from: Soluble hexamethyl-substituted subphthalocyanine as a dopant-free hole transport material for planar perovskite solar cells,exclude,Unrelated keyword search hit; not an eye or ophthalmology data resource.,,,high
10.5061/dryad.3f863,Data from: Moving in groups: how density and unpredictable motion affect predation risk,exclude,Unrelated keyword search hit; not an eye or ophthalmology data resource.,,,high
10.5061/dryad.3ffbg79zd,Data and code from: Deep learning-based autonomous retinal vein cannulation in ex vivo porcine eyes,exclude,Exact Dryad DOI already cataloged; exclude duplicate record.,dryad_retinal_vein_cannulation,exact_duplicate,high
10.5061/dryad.3gq6t,Data from: Zinc supplementation inhibits complement activation in age-related macular degeneration,include,"Public CC0 Dryad release; official metadata identifies direct ocular, retinal, corneal, lens, or visual-system scientific data.",,,high
10.5061/dryad.3h3k08d,Data from: Changes in subjective experience elicited by direct stimulation of the human orbitofrontal cortex,exclude,"Physics, astronomy, or software use of ?orbit?; not an ocular-orbit resource.",,,high
10.5061/dryad.3j9kd51h2,Data from: Association of venous outflow profiles and successful vessel reperfusion after thrombectomy,exclude,Unrelated keyword search hit; not an eye or ophthalmology data resource.,,,high
10.5061/dryad.3j9kd51ms,High within-clutch repeatability of eggshell phenotype in Barn Swallows (Hirundo rustica erythrogaster) despite less maculated last-laid eggs,exclude,Unrelated keyword search hit; not an eye or ophthalmology data resource.,,,high
10.5061/dryad.3j9kd51rz,Exploring the potential of biphenylamine and triphenylamine-based sensitizers for enhanced efficiency more than 8% in dye-sensitized solar cells,exclude,Unrelated keyword search hit; not an eye or ophthalmology data resource.,,,high
10.5061/dryad.3j9kd51tm,Preprocessed behavioral data from: Volitional spatial attention is lateralized in crows,exclude,Unrelated keyword search hit; not an eye or ophthalmology data resource.,,,high
10.5061/dryad.3j9kd51vs,Lightning data for Jupiter's stealth superstorms in 2021-2022,exclude,Unrelated keyword search hit; not an eye or ophthalmology data resource.,,,high
10.5061/dryad.3jn35,"Data from: Stress response, gut microbial diversity, and sexual signals correlate with social interactions",exclude,Unrelated keyword search hit; not an eye or ophthalmology data resource.,,,high
10.5061/dryad.3jt35,Data from: Sectional relationships in the Eurasian bearded iris (subgen. Iris) based on phylogenetic analyses of sequence data,exclude,Unrelated keyword search hit; not an eye or ophthalmology data resource.,,,high
10.5061/dryad.3q7p2,Data from: Co-expression of two subtypes of melatonin receptor on rat M1-type intrinsically photosensitive retinal ganglion cells,include,"Public CC0 Dryad release; official metadata identifies direct ocular, retinal, corneal, lens, or visual-system scientific data.",,,high
10.5061/dryad.3r2280gwt,Data from: Choosing tight-binding models for accurate optoelectronic responses,exclude,Unrelated keyword search hit; not an eye or ophthalmology data resource.,,,high
10.5061/dryad.3r2280gxj,Data from: MFRP is a molecular hub that organizes the apical membrane of RPE cells by engaging in interactions with specific proteins and lipids,include,"Public CC0 Dryad release; official metadata identifies direct ocular, retinal, corneal, lens, or visual-system scientific data.",,,high
10.5061/dryad.3td7f,Data from: Sharpening coarse-to-fine stereo vision by perceptual learning: asymmetric transfer across the spatial frequency spectrum,exclude,Unrelated keyword search hit; not an eye or ophthalmology data resource.,,,high
10.5061/dryad.3tx95x6n6,"Data from: Two genes, one culprit - a functional candidate validation of a SPATA7 deletion in dogs with day blindness/retinal degeneration",include,"Public CC0 Dryad release; official metadata identifies direct ocular, retinal, corneal, lens, or visual-system scientific data.",,,high
10.5061/dryad.3tx95x6s3,Development of xanthone derivatives as effective broad-spectrum antimicrobials: Disrupting cell wall and inhibiting DNA synthesis,exclude,Unrelated keyword search hit; not an eye or ophthalmology data resource.,,,high
10.5061/dryad.3vv31qq,Data from: Mutation in the intracellular chloride channel CLCC1 associated with autosomal recessive retinitis pigmentosa,include,"Public CC0 Dryad release; official metadata identifies direct ocular, retinal, corneal, lens, or visual-system scientific data.",,,high
10.5061/dryad.3xsj3txbr,Microhabitat partitioning correlates with opsin gene expression in coral reef cardinalfishes (Apogonidae),include,"Public CC0 Dryad release; official metadata identifies direct ocular, retinal, corneal, lens, or visual-system scientific data.",,,high
10.5061/dryad.40br385,Data from: Always a price to pay: hibernation at low temperatures comes with a trade-off between energy savings and telomere damage,exclude,Unrelated keyword search hit; not an eye or ophthalmology data resource.,,,high
10.5061/dryad.41ns1rnr9,Depth-dependent microskeletal features modify light harvesting in Turbinaria reniformis corals,exclude,Unrelated keyword search hit; not an eye or ophthalmology data resource.,,,high
10.5061/dryad.41r04,Data from: Multi-segmented arthropods from the middle Cambrian of British Columbia (Canada),exclude,Unrelated keyword search hit; not an eye or ophthalmology data resource.,,,high
10.5061/dryad.43vk5fm,Data from: Deep-sea ostracod faunal dynamics in a marginal sea: Biotic response to oxygen variability and mid-Pleistocene global changes,exclude,Unrelated keyword search hit; not an eye or ophthalmology data resource.,,,high
10.5061/dryad.444s1,Data from: UV wavelengths experienced during development affect larval newt visual sensitivity and predation efficiency,include,"Public CC0 Dryad release; official metadata identifies direct ocular, retinal, corneal, lens, or visual-system scientific data.",,,high
10.5061/dryad.44j0zpcpj,Data from: Tunable anti-ambipolar vertical bilayer organic electrochemical transistor enable neuromorphic retinal pathway,exclude,Retina term is not sufficient here to establish a distinct reusable eye-data resource from the supplied metadata.,,,high
10.5061/dryad.44mt9,Data from: Are pollinators the agents of selection on flower colour and size in irises?,exclude,Unrelated keyword search hit; not an eye or ophthalmology data resource.,,,high
10.5061/dryad.475bv7s,Data from: Predation selects for smaller eye size in a vertebrate: effects of environmental conditions and sex,include,"Public CC0 Dryad release; official metadata identifies direct ocular, retinal, corneal, lens, or visual-system scientific data.",,,high
10.5061/dryad.47d7wm3dt,Influence of COVID‑19 on the prognosis and medication compliance of glaucoma patients in the Nile Delta Region,include,"Public CC0 Dryad release; official metadata identifies direct ocular, retinal, corneal, lens, or visual-system scientific data.",,,high
10.5061/dryad.47d7wm3fc,Data for: Evolutionary history limits species' ability to match color sensitivity to available habitat light,exclude,Unrelated keyword search hit; not an eye or ophthalmology data resource.,,,high
10.5061/dryad.47d7wm3kx,An ON-type direction selective ganglion cell in primate retina,include,"Public CC0 Dryad release; official metadata identifies direct ocular, retinal, corneal, lens, or visual-system scientific data.",,,high
10.5061/dryad.47d7wm3mw,Animal histological images for in vivo maximum tolerated dose and toxicity,exclude,Unrelated keyword search hit; not an eye or ophthalmology data resource.,,,high
10.5061/dryad.47d7wm3tz,Cone bipolar cell synapses generate transient versus sustained signals in parallel ON pathways of the mouse retina,include,"Public CC0 Dryad release; official metadata identifies direct ocular, retinal, corneal, lens, or visual-system scientific data.",,,high
10.5061/dryad.47mq9,Data from: Fish prey change strategy with the direction of a threat,exclude,Unrelated keyword search hit; not an eye or ophthalmology data resource.,,,high
10.5061/dryad.482tn,Data from: Geometry of wave-formed orbital ripples in coarse sand,exclude,"Physics, astronomy, or software use of ?orbit?; not an ocular-orbit resource.",,,high
10.5061/dryad.4ch10,Data from: Using matrix and tensor factorizations for the single-trial analysis of population spike trains,exclude,Unrelated keyword search hit; not an eye or ophthalmology data resource.,,,high
10.5061/dryad.4d0631b,Data from: Spatiotemporal and gender-specific parasitism in two species of gobiid fish,exclude,Unrelated keyword search hit; not an eye or ophthalmology data resource.,,,high
10.5061/dryad.4fn70,Data from: The effect of Speed of Processing training on microsaccade magnitude,include,"Public CC0 Dryad release; official metadata identifies direct ocular, retinal, corneal, lens, or visual-system scientific data.",,,high
10.5061/dryad.4g048,Data from: Unmapped sequencing reads identify additional candidate genes linked to magnetoreception in rainbow trout,exclude,Unrelated keyword search hit; not an eye or ophthalmology data resource.,,,high
10.5061/dryad.4gv6t,Data from: The geomagnetic environment in which sea turtle eggs incubate affects subsequent magnetic navigation behavior of hatchlings,exclude,Unrelated keyword search hit; not an eye or ophthalmology data resource.,,,high
10.5061/dryad.4j0zpc8mm,Data from: Biomarker detection and validation for corneal involvement in patients with acute infectious conjunctivitis: A multi-country study,include,"Public CC0 Dryad release; official metadata identifies direct ocular, retinal, corneal, lens, or visual-system scientific data.",,,high
10.5061/dryad.4mw6m906b,Data from: The Moorfields AMD database report 2 - fellow eye involvement with neovascular age-related macular degeneration,include,"Public CC0 Dryad release; official metadata identifies direct ocular, retinal, corneal, lens, or visual-system scientific data.",dryad_namd_oct_quant;dryad_namd_visual_prediction,shared_source_cohort_distinct_outcome_task,high
10.5061/dryad.4mw6m90bx,"Supporting CT Data for: Two exceptionally preserved juvenile specimens of Gorgosaurus libratus (Tyrannosauridae, Albertosaurinae) provide new insight into the timing of ontogenetic changes in tyrannosaurids",exclude,Unrelated keyword search hit; not an eye or ophthalmology data resource.,,,high
10.5061/dryad.4mw6m90d7,Ocular lens morphology is influenced by ecology and metamorphosis in frogs and toads,include,"Public CC0 Dryad release; official metadata identifies direct ocular, retinal, corneal, lens, or visual-system scientific data.",,,high
10.5061/dryad.4mw6m90gv,Microgeographic population structuring in a genus of California trapdoor spiders and discovery of an enigmatic new species (Euctenizidae: Promyrmekiaphila korematsui sp. nov.),exclude,Unrelated keyword search hit; not an eye or ophthalmology data resource.,,,high
10.5061/dryad.4n15b,Data from: Neutral and selective processes drive population differentiation for Iris hexagona,exclude,Plant genus Iris search collision; not an ocular resource.,,,high
10.5061/dryad.4p2781m,Data from: Molecular evidence for the paraphyly of Scolecophidia and its evolutionary implications,exclude,Unrelated keyword search hit; not an eye or ophthalmology data resource.,,,high
10.5061/dryad.4p55b,Data from: Outcomes of cataract surgery in urban and rural population in the South Indian State of Andhra Pradesh: Rapid Assessment of Visual Impairment (RAVI) Project,include,"Public CC0 Dryad release; official metadata identifies direct ocular, retinal, corneal, lens, or visual-system scientific data.",,,high
10.5061/dryad.4q3d3,Data from: Duration of cord clamping and neonatal outcomes in very preterm infants,exclude,Unrelated keyword search hit; not an eye or ophthalmology data resource.,,,high
10.5061/dryad.4qrfj6qd1,Data from: Assembling microbial communities: a genomic analysis of a natural experiment in neotropical bamboo internodes,exclude,Unrelated keyword search hit; not an eye or ophthalmology data resource.,,,high
10.5061/dryad.4qrfj6qhr,Data from: Validation of surface wave spectral measurements from velocity profiling floats,exclude,Unrelated keyword search hit; not an eye or ophthalmology data resource.,,,high
10.5061/dryad.4qrfj6qm8,Larval salamander retinal population data in response to natural movies from the Chicago Motion Database,include,"Public CC0 Dryad release; official metadata identifies direct ocular, retinal, corneal, lens, or visual-system scientific data.",,,high
10.5061/dryad.4tmpg4f99,Structural modulation of π-conjugated linkers in D-π-A dyes based on Triphenylamine dicyanovinylene framework to explore the NLO properties,exclude,Unrelated keyword search hit; not an eye or ophthalmology data resource.,,,high
10.5061/dryad.4v131,Data from: Optimizing mouse surgery with online rectal temperature monitoring and preoperative heat supply. Effects on post-ischemic acute kidney injury.,exclude,Unrelated keyword search hit; not an eye or ophthalmology data resource.,,,high
10.5061/dryad.4xgxd2593,The cell adhesion molecule Sdk1 shapes assembly of a retinal circuit that detects localized edges,include,"Public CC0 Dryad release; official metadata identifies direct ocular, retinal, corneal, lens, or visual-system scientific data.",,,high
10.5061/dryad.4xgxd25jf,Signatures of a spin-active interface and locally enhanced Zeeman field in a superconductor-chiral material heterostructure,exclude,Unrelated keyword search hit; not an eye or ophthalmology data resource.,,,high
10.5061/dryad.4xgxd25rg,Data from: In-orbit test of the weak equivalence principle with atom interferometry,exclude,"Physics, astronomy, or software use of ?orbit?; not an ocular-orbit resource.",,,high
10.5061/dryad.515n9k9,Data from: Timing of perineuronal nets development in the zebra finch song control system correlates with developmental song learning,exclude,Unrelated keyword search hit; not an eye or ophthalmology data resource.,,,high
10.5061/dryad.56bq0m1,Data from: Effect of arsenate substitution on phosphate repository of cell: a computational study,exclude,Unrelated keyword search hit; not an eye or ophthalmology data resource.,,,high
10.5061/dryad.56f1h,Data from: Quantitative analysis of fundus-image sequences reveals phase of spontaneous venous pulsations,include,"Public CC0 Dryad release; official metadata identifies direct ocular, retinal, corneal, lens, or visual-system scientific data.",,,high
10.5061/dryad.56g7v08,Data from: Theoretical conditions for the coexistence of viral strains with differences in phenotypic traits: a bifurcation analysis,exclude,Unrelated keyword search hit; not an eye or ophthalmology data resource.,,,high
10.5061/dryad.573n5tb5d,Predicting incremental and future visual change in neovascular age-related macular degeneration using deep learning,exclude,Exact Dryad DOI already cataloged; exclude duplicate record.,dryad_namd_visual_prediction,exact_duplicate,high
10.5061/dryad.573n5tbfv,Data from: Adverse events associated with risdiplam use,exclude,Unrelated keyword search hit; not an eye or ophthalmology data resource.,,,high
10.5061/dryad.575p1,"Data from: Broad-scale genetic patterns of New Zealand abalone, Haliotis iris, across a distribution spanning 13° latitude and major oceanic water masses",exclude,Unrelated keyword search hit; not an eye or ophthalmology data resource.,,,high
10.5061/dryad.576m2,Data from: Cytoskeletal stability and metabolic alterations in primary human macrophages in long-term microgravity,exclude,Unrelated keyword search hit; not an eye or ophthalmology data resource.,,,high
10.5061/dryad.58791,Data from: Retinal capillary rarefaction in patients with type 2 diabetes mellitus,include,"Public CC0 Dryad release; official metadata identifies direct ocular, retinal, corneal, lens, or visual-system scientific data.",,,high
10.5061/dryad.58gn0,Data from: Light sensing by opsins and fungal ecology: NOP-1 modulates entry into sexual reproduction in response to environmental cues,exclude,Unrelated keyword search hit; not an eye or ophthalmology data resource.,,,high
10.5061/dryad.591gf,"Data from: Identification, visualization and clonal analysis of intestinal stem cells in fish",exclude,Unrelated keyword search hit; not an eye or ophthalmology data resource.,,,high
10.5061/dryad.597ch,Data from: Comprehensive analysis of vitreous specimens for uveitis classification: a prospective multicentre observational study,include,"Public CC0 Dryad release; official metadata identifies direct ocular, retinal, corneal, lens, or visual-system scientific data.",,,high
10.5061/dryad.59zw3r233,Data from: Elovanoids counteract oligomeric β-Amyloid-induced gene expression and protect photoreceptors,include,"Public CC0 Dryad release; official metadata identifies direct ocular, retinal, corneal, lens, or visual-system scientific data.",,,high
10.5061/dryad.59zw3r28t,"Dataset for: Conservation genomics of federally endangered Texella harvester species (Arachnida, Opiliones, Phalangodidae) from cave and karst habitats of central Texas",exclude,Unrelated keyword search hit; not an eye or ophthalmology data resource.,,,high
10.5061/dryad.59zw3r2b7,Analysis of rod-cone dystrophy genes reveals unique mutational patterns,include,"Public CC0 Dryad release; official metadata identifies direct ocular, retinal, corneal, lens, or visual-system scientific data.",,,high
10.5061/dryad.59zw3r2bh,Data for: The Martian atmospheric waves perturbation Datasets (MAWPD) version 2.0,exclude,Unrelated keyword search hit; not an eye or ophthalmology data resource.,,,high
10.5061/dryad.59zw3r2bk,Utility of standard diffusion-weighted magnetic resonance imaging for the identification of ischemic optic neuropathy in giant cell arteritis,include,"Public CC0 Dryad release; official metadata identifies direct ocular, retinal, corneal, lens, or visual-system scientific data.",,,high
10.5061/dryad.59zw3r2dr,Out-of-plane ferroelectricity and robust magnetoelectricity in quasi two-dimensional materials,exclude,Unrelated keyword search hit; not an eye or ophthalmology data resource.,,,high
10.5061/dryad.5bc8vd7,Data from: Zebrafish differentially process colour across visual space to match natural scenes,include,"Public CC0 Dryad release; official metadata identifies direct ocular, retinal, corneal, lens, or visual-system scientific data.",,,high
10.5061/dryad.5dn13,Data from: Significant correlation between retinal venous tortuosity and aqueous vascular endothelial growth factor concentration in eyes with central retinal vein occlusion,include,"Public CC0 Dryad release; official metadata identifies direct ocular, retinal, corneal, lens, or visual-system scientific data.",,,high
10.5061/dryad.5ds04gg,Data from: Local weather and body condition influence habitat use and movements on land of molting female southern elephant seals (Mirounga leonina),exclude,Unrelated keyword search hit; not an eye or ophthalmology data resource.,,,high
10.5061/dryad.5gb05,Data from: Predator perspective drives geographic variation in frequency-dependent polymorphism,exclude,Unrelated keyword search hit; not an eye or ophthalmology data resource.,,,high
10.5061/dryad.5hqbzkh29,Maternal gut microbiota in pregnancy dictates offspring metabolic phenotype,exclude,Unrelated keyword search hit; not an eye or ophthalmology data resource.,,,high
10.5061/dryad.5k0s6,Data from: Epistatic interactions influence terrestrial-marine functional shifts in cetacean rhodopsin,exclude,Unrelated keyword search hit; not an eye or ophthalmology data resource.,,,high
10.5061/dryad.5qfttdz19,Association of cataract and sun exposure in geographically diverse populations of India: the case study. first report of the ICMR-EYE SEE study group,include,"Public CC0 Dryad release; official metadata identifies direct ocular, retinal, corneal, lens, or visual-system scientific data.",,,high
10.5061/dryad.5qfttdz32,Reconstructing cranial evolution in an extinct hominin,exclude,Unrelated keyword search hit; not an eye or ophthalmology data resource.,,,high
10.5061/dryad.5qfttdz5d,WES of the proband with a novel RPGR mutation,include,"Public CC0 Dryad release; official metadata identifies direct ocular, retinal, corneal, lens, or visual-system scientific data.",,,high
10.5061/dryad.5t9d1,Data from: Long-term visual outcomes of secondary intraocular lens implantation in children with congenital cataract,include,"Public CC0 Dryad release; official metadata identifies direct ocular, retinal, corneal, lens, or visual-system scientific data.",,,high
10.5061/dryad.5tb2rbp1k,Data from: Novel roles of chloroquine and hydroxychloroquine in Graves’ orbitopathy therapy by targeting orbital fibroblasts,include,"Public CC0 Dryad release; official metadata identifies direct ocular, retinal, corneal, lens, or visual-system scientific data.",,,high
10.5061/dryad.5x69p8d52,Data from: Awake responses suggest inefficient dense coding in the mouse retina,exclude,Retina term is not sufficient here to establish a distinct reusable eye-data resource from the supplied metadata.,,,high
10.5061/dryad.5x69p8dbg,Charge trapping for controllable persistent luminescence in organics,exclude,Unrelated keyword search hit; not an eye or ophthalmology data resource.,,,high
10.5061/dryad.5x69p8dkg,Data from: Toward weather-based forecasting of annual seed production in six European forest tree species,exclude,Unrelated keyword search hit; not an eye or ophthalmology data resource.,,,high
10.5061/dryad.612jm649r,Data from: Plane wave Doppler determination of blood flow in retinopathy of prematurity,include,"Public CC0 Dryad release; official metadata identifies direct ocular, retinal, corneal, lens, or visual-system scientific data.",,,high
10.5061/dryad.612jm64km,Orbital dependent Coulomb drag in electron-hole bilayer graphene heterostructures,exclude,Unrelated keyword search hit; not an eye or ophthalmology data resource.,,,high
10.5061/dryad.61dr5,"Data from: Avian cephalic vascular anatomy, sites of thermal exchange, and the rete ophthalmicum",include,"Public CC0 Dryad release; official metadata identifies direct ocular, retinal, corneal, lens, or visual-system scientific data.",,,high
10.5061/dryad.61f4v,Data from: Performance of Encounternet tags: field tests of miniaturized proximity loggers for use on small animals,exclude,Unrelated keyword search hit; not an eye or ophthalmology data resource.,,,high
10.5061/dryad.626tf4f,Data from: Z-DNA and Z-RNA in human disease,exclude,Unrelated keyword search hit; not an eye or ophthalmology data resource.,,,high
10.5061/dryad.65f2k,Data from: Hummingbirds control hovering flight by stabilizing visual motion,exclude,Unrelated keyword search hit; not an eye or ophthalmology data resource.,,,high
10.5061/dryad.66t1g1jzh,The post-embryonic ontogeny of the early Cambrian trilobite Estaingia bilobata from South Australia: trunk development and phylogenetic implications,exclude,Unrelated keyword search hit; not an eye or ophthalmology data resource.,,,high
10.5061/dryad.66t1g1k1x,Examples of misclassified images of papilledema severity by the Deep Learning System,include,"Public CC0 Dryad release; official metadata identifies direct ocular, retinal, corneal, lens, or visual-system scientific data.",,,high
10.5061/dryad.676tf,Data from: The role of regional survivor incumbency in the evolutionary recovery of calcareous nannoplankton from the Cretaceous/Paleogene (K/Pg) mass extinction,exclude,Unrelated keyword search hit; not an eye or ophthalmology data resource.,,,high
10.5061/dryad.67fs3bs,"Data from: A new echimyid genus (Rodentia, Caviomorpha) in Central Argentina: uncovered diversity of a Brazilian group of mammals in the Pleistocene",exclude,Unrelated keyword search hit; not an eye or ophthalmology data resource.,,,high
10.5061/dryad.69p8cz982,Multimodal mucosal and systemic immune characterization of a non-human primate trachoma model highlights the critical role of local immunity during acute phase disease,include,"Public CC0 Dryad release; official metadata identifies direct ocular, retinal, corneal, lens, or visual-system scientific data.",,,high
10.5061/dryad.6c7p5,Data from: Historical environment is reflected in modern population genetics and biogeography of an island endemic lizard (Xantusia riversiana reticulata),exclude,Unrelated keyword search hit; not an eye or ophthalmology data resource.,,,high
10.5061/dryad.6cn04,"Data from: Genomic collinearity and the genetic architecture of floral differences between the homoploid hybrid species I. nelsonii and one of its progenitors, I. hexagona",exclude,Unrelated keyword search hit; not an eye or ophthalmology data resource.,,,high
10.5061/dryad.6cp6f,Data from: Controlled iris radiance in a diurnal fish looking at prey,include,"Public CC0 Dryad release; official metadata identifies direct ocular, retinal, corneal, lens, or visual-system scientific data.",,,high
10.5061/dryad.6djh9w0zs,RNAseq raw counts FLCN positive vs. FLCN negative renal proximal tubular epithelial cells (RPTEC),exclude,Unrelated keyword search hit; not an eye or ophthalmology data resource.,,,high
10.5061/dryad.6djh9w17c,Data for: Global frequency analyses of canine progressive rod-cone degeneration–progressive retinal atrophy and collie eye anomaly using commercial genetic testing data,include,"Public CC0 Dryad release; official metadata identifies direct ocular, retinal, corneal, lens, or visual-system scientific data.",,,high
10.5061/dryad.6djh9w17p,Sucrose-preferring gut microbes prevent host obesity by producing exopolysaccharides,exclude,Unrelated keyword search hit; not an eye or ophthalmology data resource.,,,high
10.5061/dryad.6djh9w1hw,Data from: Revisiting the charge-density-wave superlattice of 1 T -TiSe 2,exclude,Unrelated keyword search hit; not an eye or ophthalmology data resource.,,,high
10.5061/dryad.6hdr7sqxx,International consensus guidance for management of myasthenia gravis,exclude,Unrelated keyword search hit; not an eye or ophthalmology data resource.,,,high
10.5061/dryad.6hdr7sr73,"Adsorption of N, He, and Ne on CGe nanoribbons for sensing and optoelectronic applications",exclude,Unrelated keyword search hit; not an eye or ophthalmology data resource.,,,high
10.5061/dryad.6kg1sd7,Data from: Association of diabetic retinopathy and diabetic macular edema with renal function in southern Chinese patients with type 2 diabetes mellitus: a single-center observational study,include,"Public CC0 Dryad release; official metadata identifies direct ocular, retinal, corneal, lens, or visual-system scientific data.",,,high
10.5061/dryad.6m3n9,Data from: Pigmented anatomy in Carboniferous cyclostomes and the evolution of the vertebrate eye,include,"Public CC0 Dryad release; official metadata identifies direct ocular, retinal, corneal, lens, or visual-system scientific data.",,,high
10.5061/dryad.6np02kb,Pinopsin evolved as the ancestral dim-light visual opsin in vertebrates,include,"Public CC0 Dryad release; official metadata identifies direct ocular, retinal, corneal, lens, or visual-system scientific data.",,,high
10.5061/dryad.6pm50,Data from: Design of cinnamaldehyde amino acid Schiff base compounds based on the quantitative structure–activity relationship,exclude,Unrelated keyword search hit; not an eye or ophthalmology data resource.,,,high
10.5061/dryad.6ss2t,"Data from: Temporal population genetic instability in range edge Western Toads, Anaxyrus boreas",exclude,Unrelated keyword search hit; not an eye or ophthalmology data resource.,,,high
10.5061/dryad.6t1g1jx9s,Comparison of antimicrobial resistance genes on the ocular surface of patients with corneal infections in California and Malawi,include,"Public CC0 Dryad release; official metadata identifies direct ocular, retinal, corneal, lens, or visual-system scientific data.",,,high
10.5061/dryad.6wwpzgn2p,Dual receptive fields underlying target and wide-field motion sensitivity in looming sensitive descending neurons,exclude,Unrelated keyword search hit; not an eye or ophthalmology data resource.,,,high
10.5061/dryad.707kc,Data from: Identification of the Beagle 2 lander on Mars,exclude,Unrelated keyword search hit; not an eye or ophthalmology data resource.,,,high
10.5061/dryad.70rxwdc7h,"Data from: A new species in Iris section Pseudoregelia (Iridaceae) from Gansu, China",exclude,Plant genus Iris search collision; not an ocular resource.,,,high
10.5061/dryad.70rxwdc95,Data for: Transient shifts in Bering Sea shelf phytoplankton size structure in response to wind-induced mixing,exclude,Unrelated keyword search hit; not an eye or ophthalmology data resource.,,,high
10.5061/dryad.71hp4,"Data from: Cataract surgery visual outcomes and associated risk factors in secondary level eye care centers of L V Prasad Eye Institute, India",include,"Public CC0 Dryad release; official metadata identifies direct ocular, retinal, corneal, lens, or visual-system scientific data.",,,high
10.5061/dryad.72fg9,Data from: Phylogeny of haemosporidian blood parasites revealed by a multi-gene approach,exclude,Unrelated keyword search hit; not an eye or ophthalmology data resource.,,,high
10.5061/dryad.73n5tb38p,Spectrophotometric determination of LAP photoinitiator radicalization in ophthalmic applications,needs_manual_review,"Ophthalmic-materials release is relevant, but supplied metadata does not establish an eye-data modality or a reusable resource beyond article-support data.",,,medium
10.5061/dryad.75r59p2,Data from: Optical coherence tomography is highly sensitive in detecting prior optic neuritis,include,"Public CC0 Dryad release; official metadata identifies direct ocular, retinal, corneal, lens, or visual-system scientific data.",,,high
10.5061/dryad.76hdr7t64,Data from: Phagocytosed photoreceptor outer segment particles within the retinal pigment epithelium show diurnal rhythmicity and variation between cone subtypes in larval zebrafish,include,"Public CC0 Dryad release; official metadata identifies direct ocular, retinal, corneal, lens, or visual-system scientific data.",,,high
10.5061/dryad.79cnp5hw7,Distinct type II opsins in the eye decode light properties for background adaptation and behavioural background preference,include,"Public CC0 Dryad release; official metadata identifies direct ocular, retinal, corneal, lens, or visual-system scientific data.",,,high
10.5061/dryad.79cnp5hz8,Sound files of the climbing trees of squirrels,exclude,Unrelated keyword search hit; not an eye or ophthalmology data resource.,,,high
10.5061/dryad.79cnp5j4h,Data from: Carrier density crossover and quasiparticle mass enhancement in a doped 5d Mott insulator,exclude,Unrelated keyword search hit; not an eye or ophthalmology data resource.,,,high
10.5061/dryad.7h44j0zrp,Charts of TGA and FTIR of biopolemers and their resulted AgNPs,exclude,Unrelated keyword search hit; not an eye or ophthalmology data resource.,,,high
10.5061/dryad.7h44j0zt7,Genetic mechanisms and correlational selection structure trait variation in a coral snake mimic,exclude,Unrelated keyword search hit; not an eye or ophthalmology data resource.,,,high
10.5061/dryad.7m07n0r,"Data from: Bony labyrinth morphometry reveals hidden diversity in lungless salamanders (Family Plethodontidae): structural correlates of ecology, development, and vision in the inner ear",exclude,Unrelated keyword search hit; not an eye or ophthalmology data resource.,,,high
10.5061/dryad.7m0cfxq9r,Understanding decision making factors influencing referrals to vision rehabilitation services at a tertiary medical center,exclude,Unrelated keyword search hit; not an eye or ophthalmology data resource.,,,high
10.5061/dryad.7pvmcvf8d,Plasma metabolomes of aged rhesus macaques with and without maculopathies,include,"Public CC0 Dryad release; official metadata identifies direct ocular, retinal, corneal, lens, or visual-system scientific data.",,,high
10.5061/dryad.7q37g6b,Data from: All-optical recording and stimulation of retinal neurons in vivo in retinal degeneration mice,include,"Public CC0 Dryad release; official metadata identifies direct ocular, retinal, corneal, lens, or visual-system scientific data.",,,high
10.5061/dryad.7q5c7,Data from: Gendered disparities in quality of cataract surgery in a marginalised population in Pakistan: the Karachi marine fishing communities eye and general health survey,include,"Public CC0 Dryad release; official metadata identifies direct ocular, retinal, corneal, lens, or visual-system scientific data.",,,high
10.5061/dryad.7r7n7,Data from: Spike-triggered covariance analysis reveals phenomenological diversity of contrast adaptation in the retina,exclude,Retina term is not sufficient here to establish a distinct reusable eye-data resource from the supplied metadata.,,,high
10.5061/dryad.7sqv9s4pm,Data from: Zebrafish retinal ganglion cells asymmetrically encode spectral and temporal information across visual space,include,"Public CC0 Dryad release; official metadata identifies direct ocular, retinal, corneal, lens, or visual-system scientific data.",,,high
10.5061/dryad.7t3h6,Data from: A qualitative study of stakeholder views regarding participation in locally commissioned enhanced optometric services,exclude,Unrelated keyword search hit; not an eye or ophthalmology data resource.,,,high
10.5061/dryad.7t7d9,Data from: Abandoning sex: multiple origins of asexuality in the ciliate Tetrahymena,exclude,Unrelated keyword search hit; not an eye or ophthalmology data resource.,,,high
10.5061/dryad.7vn28,Data from: Upregulation of NLRP3 inflammasome in the tears and ocular surface of dry eye patients,include,"Public CC0 Dryad release; official metadata identifies direct ocular, retinal, corneal, lens, or visual-system scientific data.",,,high
10.5061/dryad.7wm37pvt0,Distinct synaptic transfer functions in same-type photoreceptors,include,"Public CC0 Dryad release; official metadata identifies direct ocular, retinal, corneal, lens, or visual-system scientific data.",,,high
10.5061/dryad.80gb5mkpj,Data from: Functional genetic diversity in an exploited marine species and its relevance to fisheries management,exclude,Unrelated keyword search hit; not an eye or ophthalmology data resource.,,,high
10.5061/dryad.84hc0,Data from: A novel system for bi-ocular eye-tracking in vertebrates with laterally placed eyes,include,"Public CC0 Dryad release; official metadata identifies direct ocular, retinal, corneal, lens, or visual-system scientific data.",,,high
10.5061/dryad.857n9,Data from: Copy number variation and expression analysis reveals a nonorthologous pinta gene family member involved in butterfly vision,include,"Public CC0 Dryad release; official metadata identifies direct ocular, retinal, corneal, lens, or visual-system scientific data.",,,high
10.5061/dryad.866t1g23p,TIGER: A tdTomato in-vivo genome-editing reporter mouse for investigating precision-editor delivery approaches,exclude,Unrelated keyword search hit; not an eye or ophthalmology data resource.,,,high
10.5061/dryad.86f1m6g,Data from: Refining eligibility criteria for amyotrophic lateral sclerosis clinical trials,exclude,Unrelated keyword search hit; not an eye or ophthalmology data resource.,,,high
10.5061/dryad.8824sd0,Data from: Cattle affect regeneration of the palm species Attalea princeps in a Bolivian forest-savanna mosaic,exclude,Unrelated keyword search hit; not an eye or ophthalmology data resource.,,,high
10.5061/dryad.8931zcrw5,CCI.net fungal keratitis cases dataset,include,"Public CC0 Dryad release; official metadata identifies direct ocular, retinal, corneal, lens, or visual-system scientific data.",,,high
10.5061/dryad.8931zcs04,Compounding heterochrony shapes the salamander visual system across adaptive zones,exclude,Unrelated keyword search hit; not an eye or ophthalmology data resource.,,,high
10.5061/dryad.8931zcs1b,"Data from: A novel Imatinib analog inhibitor of chronic myeloid leukemia: design, synthesis, and characterization. Explanation of its folded conformation",exclude,Unrelated keyword search hit; not an eye or ophthalmology data resource.,,,high
10.5061/dryad.8cz8w9gmw,Dynamics of gaze control during prey capture in freely moving mice,include,"Public CC0 Dryad release; official metadata identifies direct ocular, retinal, corneal, lens, or visual-system scientific data.",,,high
10.5061/dryad.8cz8w9grb,Doryteuthis pealeii embyronic transcriptome individual stages 16-27 pooled and annotation,exclude,Unrelated keyword search hit; not an eye or ophthalmology data resource.,,,high
10.5061/dryad.8cz8w9h0v,Data from: Quantifying changes on optical coherence tomography in eyes receiving treatment for neovascular age-related macular degeneration,include,"Public CC0 Dryad release; official metadata identifies direct ocular, retinal, corneal, lens, or visual-system scientific data.",,,high
10.5061/dryad.8fh42,Data from: Floral colour change in the eyes of pollinators: testing possible constraints and correlated evolution,exclude,"Ocular keyword hit, but title/metadata does not establish a distinct reusable eye or ophthalmology data resource.",,,high
10.5061/dryad.8gtht76pd,Find the Food First: An Omnivorous Sensory Morphotype Predates Biomechanical Specialization for Plant Based Diets in Phyllostomid Bats,exclude,Unrelated keyword search hit; not an eye or ophthalmology data resource.,,,high
10.5061/dryad.8jk03jd,Data from: Type 1 interferon-inducible gene expression in QuantiFERON Gold TB-positive uveitis: a tool to stratify a high versus low risk of active tuberculosis?,include,"Public CC0 Dryad release; official metadata identifies direct ocular, retinal, corneal, lens, or visual-system scientific data.",,,high
10.5061/dryad.8jt2694,Data from: Synopsis and taxonomic revision of three genera in the snake tribe Sonorini,exclude,Unrelated keyword search hit; not an eye or ophthalmology data resource.,,,high
10.5061/dryad.8k7jd,Data from: Expansion and diversification of the MSDIN family of cyclic peptide genes in the poisonous agarics Amanita phalloides and A. bisporigera,exclude,Unrelated keyword search hit; not an eye or ophthalmology data resource.,,,high
10.5061/dryad.8kb87,Data from: Direct and indirect causal effects of heterozygosity on fitness-related traits in Alpine ibex,exclude,Unrelated keyword search hit; not an eye or ophthalmology data resource.,,,high
10.5061/dryad.8m2g3,Data from: Eye coding mechanisms in early human face event-related potentials,exclude,"Ocular keyword hit, but title/metadata does not establish a distinct reusable eye or ophthalmology data resource.",,,high
10.5061/dryad.8nv72,Data from: Individual variation in cone photoreceptor density in house sparrows: implications for between-individual differences in visual resolution and chromatic contrast,include,"Public CC0 Dryad release; official metadata identifies direct ocular, retinal, corneal, lens, or visual-system scientific data.",,,high
10.5061/dryad.8pk0p2p1v,Data from: CMR study comparing antiplatelet therapies in STEMI patients,exclude,Unrelated keyword search hit; not an eye or ophthalmology data resource.,,,high
10.5061/dryad.8sf7m0cwq,Epidermal club cell densities in fathead minnows: assessment of method and application to a case study,exclude,Unrelated keyword search hit; not an eye or ophthalmology data resource.,,,high
10.5061/dryad.8sf7m0czv,EMG dataset for gesture recognition with arm translation,exclude,Unrelated keyword search hit; not an eye or ophthalmology data resource.,,,high
10.5061/dryad.8th5m,Data from: Phenotypic plasticity in response to environmental heterogeneity contributes to fluctuating asymmetry in plants: first empirical evidence,exclude,Unrelated keyword search hit; not an eye or ophthalmology data resource.,,,high
10.5061/dryad.931zcrjrq,Data for: Probing visual sensitivity and attention in mice using reverse correlation,exclude,Unrelated keyword search hit; not an eye or ophthalmology data resource.,,,high
10.5061/dryad.95x69p8th,Quantifying the influence of optical coherence tomography beam tilt in the normal adult mouse retina,include,"Public CC0 Dryad release; official metadata identifies direct ocular, retinal, corneal, lens, or visual-system scientific data.",,,high
10.5061/dryad.95x69p8vx,Hybrid electromagnetic toroidal vortices,exclude,Unrelated keyword search hit; not an eye or ophthalmology data resource.,,,high
10.5061/dryad.963hr,Data from: A large and phylogenetically diverse class of type 1 opsins lacking a canonical retinal binding site,exclude,Retina term is not sufficient here to establish a distinct reusable eye-data resource from the supplied metadata.,,,high
10.5061/dryad.9707661,Clinical characteristics of patients hospitalized for ocular chemical injuries in Shanghai from 2012 to 2017,include,"Public CC0 Dryad release; official metadata identifies direct ocular, retinal, corneal, lens, or visual-system scientific data.",,,high
10.5061/dryad.97r9289,Data from: One and two year visual outcomes from the Moorfields age-related macular degeneration database: a retrospective cohort study and an open science resource,include,"Public CC0 Dryad release; official metadata identifies direct ocular, retinal, corneal, lens, or visual-system scientific data.",dryad_namd_oct_quant;dryad_namd_visual_prediction,shared_source_cohort_distinct_outcome_task,high
10.5061/dryad.98sf7m0dv,Correlation between internal pudendal artery stenosis and erectile dysfunction in patients with suspected coronary artery disease,exclude,Unrelated keyword search hit; not an eye or ophthalmology data resource.,,,high
10.5061/dryad.98sf7m0wt,Data and code from: Fatty acid metabolism reprograms immune microenvironment in retinal artery occlusion: Multi-Omics analysis highlights immunometabolic crosstalk,include,"Public CC0 Dryad release; official metadata identifies direct ocular, retinal, corneal, lens, or visual-system scientific data.",,,high
10.5061/dryad.9cnp5hqfm,Data from: Ten-year survival trends of neovascular age-related macular degeneration at first presentation,include,"Public CC0 Dryad release; official metadata identifies direct ocular, retinal, corneal, lens, or visual-system scientific data.",dryad_namd_oct_quant;dryad_namd_visual_prediction,shared_source_cohort_distinct_outcome_task,high
10.5061/dryad.9cnp5hqkq,Opponent processing in the retinal mosaic of nymphalid butterflies,include,"Public CC0 Dryad release; official metadata identifies direct ocular, retinal, corneal, lens, or visual-system scientific data.",,,high
10.5061/dryad.9cnp5hqmn,"Integrated plasma proteomic and single-cell immune signaling network signatures demarcate mild, moderate, and severe COVID-19",exclude,Unrelated keyword search hit; not an eye or ophthalmology data resource.,,,high
10.5061/dryad.9cnp5hqvt,Behaviorally designed training leads to more diverse hiring,exclude,Unrelated keyword search hit; not an eye or ophthalmology data resource.,,,high
10.5061/dryad.9cp3j,Data from: The chinchilla as a novel animal model of pregnancy,exclude,Unrelated keyword search hit; not an eye or ophthalmology data resource.,,,high
10.5061/dryad.9fh1s,Data from: Does the aquatic invertebrate nipple array prevent bubble adhesion?: an experiment using nanopillar sheets,exclude,Unrelated keyword search hit; not an eye or ophthalmology data resource.,,,high
10.5061/dryad.9fq7q,Data from: A new species of Allophryne (Anura: Allophrynidae) from the Atlantic Rain Forest biome of eastern Brazil,exclude,Unrelated keyword search hit; not an eye or ophthalmology data resource.,,,high
10.5061/dryad.9kd51c5g5,Pupil and masking responses to light as functional measures of retinal degeneration in mice Mus Musculus,include,"Public CC0 Dryad release; official metadata identifies direct ocular, retinal, corneal, lens, or visual-system scientific data.",,,high
10.5061/dryad.9s4mw6mc9,Data from: Automatic segmentation of multiple cardiovascular structures from cardiac computed tomography angiography images using deep learning,exclude,Unrelated keyword search hit; not an eye or ophthalmology data resource.,,,high
10.5061/dryad.9t0r6,Data from: Fine-scale belowground species associations in temperate grassland,exclude,Unrelated keyword search hit; not an eye or ophthalmology data resource.,,,high
10.5061/dryad.b2rbnzsbd,Data from: Divergent selection on flowering phenology but not on floral morphology between two closely related orchids,exclude,Unrelated keyword search hit; not an eye or ophthalmology data resource.,,,high
10.5061/dryad.b2t22,Data from: Visual receptive field properties of neurons in the mouse lateral geniculate nucleus,exclude,Unrelated keyword search hit; not an eye or ophthalmology data resource.,,,high
10.5061/dryad.b41j15h,"Data from: Human retinal pigment epithelium: in vivo cell morphometry, multispectral autofluorescence, and relationship to cone mosaic",exclude,Exact Dryad DOI already cataloged; exclude duplicate record.,dryad_aoslo_rpe,exact_duplicate,high
10.5061/dryad.b5mkkwh9x,Data from: Extending the climatological concept of ‘Detection and Attribution’ to global change ecology in the Anthropocene,exclude,Unrelated keyword search hit; not an eye or ophthalmology data resource.,,,high
10.5061/dryad.b5mkkwhfb,Whole genome resequencing reveals signatures of rapid selection in a virus affected commercial fishery,exclude,Unrelated keyword search hit; not an eye or ophthalmology data resource.,,,high
10.5061/dryad.b5mkkwhjw,Data from: Short-latency preference for faces in the primate superior colliculus,exclude,Unrelated keyword search hit; not an eye or ophthalmology data resource.,,,high
10.5061/dryad.b68b048,Data from: Body coloration and mechanisms of colour production in Archelosauria: the case of deirocheline turtles,exclude,Unrelated keyword search hit; not an eye or ophthalmology data resource.,,,high
10.5061/dryad.b81n1,Data from: Downregulation of autophagy is associated with severe ischemia-reperfusion-induced acute kidney injury in overexpressing C-reactive protein mice,exclude,Unrelated keyword search hit; not an eye or ophthalmology data resource.,,,high
10.5061/dryad.b971k,Data from: Rab6 is required for multiple apical transport pathways but not the basolateral transport pathway in Drosophila photoreceptors,include,"Public CC0 Dryad release; official metadata identifies direct ocular, retinal, corneal, lens, or visual-system scientific data.",,,high
10.5061/dryad.bb502,Data from: The need for speed: global optic flow speed influences steering,exclude,Unrelated keyword search hit; not an eye or ophthalmology data resource.,,,high
10.5061/dryad.bcc2fqzbx,Knowledge and awareness of Covid-19 in eye care,exclude,"Ocular keyword hit, but title/metadata does not establish a distinct reusable eye or ophthalmology data resource.",,,high
10.5061/dryad.bcc2fqzf1,Gene augmentation prevents retinal degeneration in a CRISPR/Cas9-based mouse model of PRPF31 retinitis pigmentosa,include,"Public CC0 Dryad release; official metadata identifies direct ocular, retinal, corneal, lens, or visual-system scientific data.",,,high
10.5061/dryad.bcc2fqzj1,miRNAs in primary open-angle glaucoma and ocular hypertension,include,"Public CC0 Dryad release; official metadata identifies direct ocular, retinal, corneal, lens, or visual-system scientific data.",,,high
10.5061/dryad.bcc2fqzjz,Neural mechanisms to incorporate visual counterevidence in self movement estimation,exclude,Vision/behaviour search hit without direct ocular or ophthalmic data in the repository metadata.,,,high
10.5061/dryad.bcc2fqzpz,Compromised 2-start zigzag chromatin folding in immature mouse retina cells driven by irregularly spaced nucleosomes with short DNA linkers,include,"Public CC0 Dryad release; official metadata identifies direct ocular, retinal, corneal, lens, or visual-system scientific data.",,,high
10.5061/dryad.bg79cnpb4,GABAA presynaptic inhibition regulates the gain and kinetics of retinal output neurons,include,"Public CC0 Dryad release; official metadata identifies direct ocular, retinal, corneal, lens, or visual-system scientific data.",,,high
10.5061/dryad.bj1514fn,Data from: Multiple Quaternary refugia in the eastern Guiana Shield revealed by comparative phylogeography of 12 frog species,exclude,Unrelated keyword search hit; not an eye or ophthalmology data resource.,,,high
10.5061/dryad.bk3j9kdbq,Supplemental material for: Validation of intraluminal filling defect length to identify carotid free-floating thrombus in patients with stroke/TIA,exclude,Unrelated keyword search hit; not an eye or ophthalmology data resource.,,,high
10.5061/dryad.bk3j9kdbv,Bulk and amino acid nitrogen specific isotope data from particulate organic matter and mesozooplankton (1000-2000 µm) from the Mekong River plume and southern South China Sea,exclude,Unrelated keyword search hit; not an eye or ophthalmology data resource.,,,high
10.5061/dryad.bk3j9kdgk,"Circadian rhythm entrainment of the jewel wasp, Nasonia vitripennis, by antagonistic interactions of multiple spectral inputs",exclude,Unrelated keyword search hit; not an eye or ophthalmology data resource.,,,high
10.5061/dryad.bk3j9kdjf,Data from: Phase-dependent differential in vitro and ex vivo susceptibility of Aspergillus flavus and Fusarium keratoplasticum to azole antifungals,include,"Public CC0 Dryad release; official metadata identifies direct ocular, retinal, corneal, lens, or visual-system scientific data.",,,high
10.5061/dryad.bk3j9kdkm,Multinational evaluation of genetic diversity indicators for the Kunming-Montreal Global Biodiversity Framework,exclude,Unrelated keyword search hit; not an eye or ophthalmology data resource.,,,high
10.5061/dryad.bk3j9kdps,Data from: Htr1b is necessary for normal retinal function in mice,include,"Public CC0 Dryad release; official metadata identifies direct ocular, retinal, corneal, lens, or visual-system scientific data.",,,high
10.5061/dryad.bm8nv,Data from: Intra- and intersession repeatability of an optical quality and intraocular scattering measurement system in children,include,"Public CC0 Dryad release; official metadata identifies direct ocular, retinal, corneal, lens, or visual-system scientific data.",,,high
10.5061/dryad.bn987,"Data from: Reliability and minimum detectable change of temporal-spatial, kinematic, and dynamic stability measures during perturbed gait",exclude,Unrelated keyword search hit; not an eye or ophthalmology data resource.,,,high
10.5061/dryad.bnzs7h4q1,Data from: Scheduled feeding improves behavioral outcomes and reduces inflammation in a mouse model of fragile X syndrome,exclude,Unrelated keyword search hit; not an eye or ophthalmology data resource.,,,high
10.5061/dryad.bs41q,Data from: Evolution of a complex phenotype with biphasic ontogeny: contribution of development versus function and climatic variation to skull modularity in toads,exclude,Unrelated keyword search hit; not an eye or ophthalmology data resource.,,,high
10.5061/dryad.bs632,Data from: Complexity of possibly gapped histogram and analysis of histogram,exclude,Unrelated keyword search hit; not an eye or ophthalmology data resource.,,,high
10.5061/dryad.bvq83bk88,Data from: A concise review on antimicrobial peptides for prevention and treatment of dental caries,exclude,Unrelated keyword search hit; not an eye or ophthalmology data resource.,,,high
10.5061/dryad.c2fqz615c,"Age-related change of axial length, spherical equivalent, prevalence of myopia and high myopia in school-age children in Shanghai: 2014 to 2018",include,"Public CC0 Dryad release; official metadata identifies direct ocular, retinal, corneal, lens, or visual-system scientific data.",,,high
10.5061/dryad.c2fqz61hr,NMR spectroscopy-based metabolomics of organotypic retinal explants,include,"Public CC0 Dryad release; official metadata identifies direct ocular, retinal, corneal, lens, or visual-system scientific data.",,,high
10.5061/dryad.c2fqz61hs,Data for: Bioinspired Lubricity from Surface Gel Layers,exclude,Unrelated keyword search hit; not an eye or ophthalmology data resource.,,,high
10.5061/dryad.c2fqz61pc,Retinal proteome profiling of inherited retinal degeneration across three different mouse models suggests common drug targets in retinitis pigmentosa,include,"Public CC0 Dryad release; official metadata identifies direct ocular, retinal, corneal, lens, or visual-system scientific data.",,,high
10.5061/dryad.c4t44,Data from: The effects of climate warming and disturbance on the colonization potential of ornamental alien plant species,exclude,Unrelated keyword search hit; not an eye or ophthalmology data resource.,,,high
10.5061/dryad.c59zw3rhd,Data from: The effects of hybridization and parasite infection on predation survival and behaviour of endangered landlocked salmon – implications for genetic rescue,exclude,Unrelated keyword search hit; not an eye or ophthalmology data resource.,,,high
10.5061/dryad.c6147,Data from: Visual and non-visual navigation in blind patients with a retinal prosthesis,include,"Public CC0 Dryad release; official metadata identifies direct ocular, retinal, corneal, lens, or visual-system scientific data.",,,high
10.5061/dryad.c7p60,Data from: Pushing the limits of photoreception in twilight conditions: The rod-like cone retina of the deep-sea pearlsides,include,"Public CC0 Dryad release; official metadata identifies direct ocular, retinal, corneal, lens, or visual-system scientific data.",,,high
10.5061/dryad.cf860,Data from: miR-17-3p exacerbates oxidative damage in human retinal pigment epithelial cells,include,"Public CC0 Dryad release; official metadata identifies direct ocular, retinal, corneal, lens, or visual-system scientific data.",,,high
10.5061/dryad.cn58f,Data from: A convex formulation for magnetic particle imaging x-space reconstruction,exclude,Unrelated keyword search hit; not an eye or ophthalmology data resource.,,,high
10.5061/dryad.cnp5hqc8x,Data from: To hatch and hatch not: Rejecting the hypothesis that heterochrony in vestibular mechanosensing explains poor escape-hatching success of Agalychnis spurrelli in snake attacks compared with its congener A. callidryas,exclude,Unrelated keyword search hit; not an eye or ophthalmology data resource.,,,high
10.5061/dryad.cnp5hqcdd,Recent replenishment of aliphatic organics on Ceres from a large subsurface reservoir,exclude,Unrelated keyword search hit; not an eye or ophthalmology data resource.,,,high
10.5061/dryad.cp0p5,Data from: The morphometrics of “masculinity” in human faces,exclude,Unrelated keyword search hit; not an eye or ophthalmology data resource.,,,high
10.5061/dryad.cp4j7,Data from: Dichoptic metacontrast masking functions to infer transmission delay in optic neuritis,include,"Public CC0 Dryad release; official metadata identifies direct ocular, retinal, corneal, lens, or visual-system scientific data.",,,high
10.5061/dryad.cq5kp20f,Data from: The evolution of cranial form and function in theropod dinosaurs: insights from geometric morphometrics,exclude,Unrelated keyword search hit; not an eye or ophthalmology data resource.,,,high
10.5061/dryad.cq612,Data from: Canine brachycephaly is associated with a retrotransposon-mediated missplicing of SMOC2,exclude,Unrelated keyword search hit; not an eye or ophthalmology data resource.,,,high
10.5061/dryad.crjdfn3gg,Microtubule networks in zebrafish hair cells facilitate presynapse transport and fusion during development,exclude,Unrelated keyword search hit; not an eye or ophthalmology data resource.,,,high
10.5061/dryad.cs604,Data from: Evidence accumulation and choice maintenance are dissociated in human perceptual decision making,exclude,Vision/behaviour search hit without direct ocular or ophthalmic data in the repository metadata.,,,high
10.5061/dryad.cvdncjtcw,Python code for Titan's spin state,exclude,"Paper, review, or software/code release without a distinct reusable eye-data resource.",,,high
10.5061/dryad.cz8w9gj61,Data from: Neuropeptide signalling shapes feeding and reproductive behaviours in male C. elegans,exclude,Unrelated keyword search hit; not an eye or ophthalmology data resource.,,,high
10.5061/dryad.cz8w9gj6f,Variability due to climate and chemistry in observations of oxygenated Earth-analogue exoplanets: Simulations and results,exclude,Unrelated keyword search hit; not an eye or ophthalmology data resource.,,,high
10.5061/dryad.d1k3b,Data from: Repeated eye reduction events reveal multiple pathways to degeneration in a family of marine snails,include,"Public CC0 Dryad release; official metadata identifies direct ocular, retinal, corneal, lens, or visual-system scientific data.",,,high
10.5061/dryad.d2547d82g,Demographics for all four breeds of broiler chickens,exclude,Unrelated keyword search hit; not an eye or ophthalmology data resource.,,,high
10.5061/dryad.d35s0,Data from: Changes in corneal biomechanical properties after long-term topical prostaglandin therapy,include,"Public CC0 Dryad release; official metadata identifies direct ocular, retinal, corneal, lens, or visual-system scientific data.",,,high
10.5061/dryad.d4mb3pn,Data from: Axial length elongation and myopia incidence increase in primary school-age children: 3-year follow-up study,include,"Public CC0 Dryad release; official metadata identifies direct ocular, retinal, corneal, lens, or visual-system scientific data.",,,high
10.5061/dryad.d51c5b057,Inelastic scattering of electrons in water from first principles: Cross sections and inelastic mean free path for use in Monte Carlo track-structure simulations of biological damage,exclude,Unrelated keyword search hit; not an eye or ophthalmology data resource.,,,high
10.5061/dryad.d51c5b0hd,Data from: A combinatorial synthetic strategy for developing genome-editing protein-delivery agents targeting mouse retina,include,"Public CC0 Dryad release; official metadata identifies direct ocular, retinal, corneal, lens, or visual-system scientific data.",,,high
10.5061/dryad.d7wm37pxf,Data from: Superposed epoch analysis of the energetic electron flux variations during CIRs measured by BD-IES,exclude,Unrelated keyword search hit; not an eye or ophthalmology data resource.,,,high
10.5061/dryad.d9v38,Data from: The functional diversity of retinal ganglion cells in the mouse,include,"Public CC0 Dryad release; official metadata identifies direct ocular, retinal, corneal, lens, or visual-system scientific data.",,,high
10.5061/dryad.dbrv15f9c,"Data from: Iris luojiensis (Iridaceae), a new species from Southwest China",exclude,Plant genus Iris search collision; not an ocular resource.,,,high
10.5061/dryad.dbrv15fbk,Influence of amyloid pathology on retina and dLGN in 5xFAD mouse model,include,"Public CC0 Dryad release; official metadata identifies direct ocular, retinal, corneal, lens, or visual-system scientific data.",,,high
10.5061/dryad.dc1s8h3,Data from: Inbreeding reduces long-term growth of Alpine ibex populations,exclude,Unrelated keyword search hit; not an eye or ophthalmology data resource.,,,high
10.5061/dryad.dk3q0,Data from: Th2 cytokines inhibit lymphangiogenesis,exclude,Unrelated keyword search hit; not an eye or ophthalmology data resource.,,,high
10.5061/dryad.dncjsxkvk,Inference of nonlinear receptive field subunits with spike-triggered clustering,exclude,Unrelated keyword search hit; not an eye or ophthalmology data resource.,,,high
10.5061/dryad.dncjsxkwn,Longitudinal changes in the retinal microstructures of eyes with chiasmal compression,include,"Public CC0 Dryad release; official metadata identifies direct ocular, retinal, corneal, lens, or visual-system scientific data.",,,high
10.5061/dryad.dncjsxm6d,Observation of a Chern insulator in crystalline ABCA-tetralayer graphene with spin-orbit coupling,exclude,"Physics, astronomy, or software use of ?orbit?; not an ocular-orbit resource.",,,high
10.5061/dryad.dp062,Data from: Feeding the enemy: loss of nectar and nectaries to herbivores reduces tepal damage and increases pollinator attraction in Iris bulleyana,exclude,Plant genus Iris search collision; not an ocular resource.,,,high
10.5061/dryad.dp4kt5t,Data from: Daytime eyeshine contributes to pupil camouflage in a cryptobenthic marine fish,include,"Public CC0 Dryad release; official metadata identifies direct ocular, retinal, corneal, lens, or visual-system scientific data.",,,high
10.5061/dryad.dv41ns253,"Retrieval of Ar, N2, O, and CO in the Martian thermosphere using dayglow limb observations by EMM EMUS",exclude,Unrelated keyword search hit; not an eye or ophthalmology data resource.,,,high
10.5061/dryad.dz08kps7j,No-touch vs conventional vein harvesting in coronary artery bypass grafting: 3-year follow-up dataset from the multi-center randomized PATENCY trial,exclude,Unrelated keyword search hit; not an eye or ophthalmology data resource.,,,high
10.5061/dryad.dz08kps8h,Improved methane mitigation potential and modulated methane cycling microbial communities in arable soil by compost addition,exclude,Unrelated keyword search hit; not an eye or ophthalmology data resource.,,,high
10.5061/dryad.f1vhhmh0k,Evidence that long-distance dispersal of aquatic invertebrates by ducks increases with propagule size,exclude,Unrelated keyword search hit; not an eye or ophthalmology data resource.,,,high
10.5061/dryad.f1vhhmh6z,Data from: A pulsar-helium star compact binary system formed by common envelope evolution,exclude,Unrelated keyword search hit; not an eye or ophthalmology data resource.,,,high
10.5061/dryad.f1vhhmhb8,Data from: Phenotypic variation of lake charr ( Salvelinus namaycush ) in North America,exclude,Unrelated keyword search hit; not an eye or ophthalmology data resource.,,,high
10.5061/dryad.f4qrfj6wp,Emergence of a geometric pattern of cell fates from tissue-scale mechanics in the Drosophila eye,include,"Public CC0 Dryad release; official metadata identifies direct ocular, retinal, corneal, lens, or visual-system scientific data.",,,high
10.5061/dryad.f4qrfj730,"Loss of alpha Ba-crystallin, but not alpha A-crystallin, increases age-related cataract in the zebrafish lens",include,"Public CC0 Dryad release; official metadata identifies direct ocular, retinal, corneal, lens, or visual-system scientific data.",,,high
10.5061/dryad.f5q10,Data from: A bird-like skull in a Triassic diapsid reptile increases heterogeneity of the morphological and phylogenetic radiation of Diapsida,exclude,Unrelated keyword search hit; not an eye or ophthalmology data resource.,,,high
10.5061/dryad.f7m0cfxzb,Phylogenetically under‐dispersed gut microbiomes are not correlated with host genomic heterozygosity in a genetically diverse reptile community,exclude,Unrelated keyword search hit; not an eye or ophthalmology data resource.,,,high
10.5061/dryad.f7m0cfz72,Code from: The retinal age gap: An affordable and highly accessible biomarker for population-wide disease screening across the globe,exclude,"Paper, review, or software/code release without a distinct reusable eye-data resource.",,,high
10.5061/dryad.fbg79cnt2,Summer land surface temperature from MODIS Aqua and Terra satellites for Houston in 2014 and Phoenix in 2003 at 1km resolution,exclude,Unrelated keyword search hit; not an eye or ophthalmology data resource.,,,high
10.5061/dryad.fbg79cp80,Using optical flow temporal interpolation of satellite imagery to assist multi-sensor global cloud product composites,exclude,Unrelated keyword search hit; not an eye or ophthalmology data resource.,,,high
10.5061/dryad.ffbg79csj,Data for the effect of optic flow cues on honeybee flight control in wind,exclude,Vision/behaviour search hit without direct ocular or ophthalmic data in the repository metadata.,,,high
10.5061/dryad.ffbg79d50,Eye saccades align optic flow with retinal specializations during object pursuit in freely moving ferrets,include,"Public CC0 Dryad release; official metadata identifies direct ocular, retinal, corneal, lens, or visual-system scientific data.",,,high
10.5061/dryad.fn2z34v57,An annually resolved 5700-years storm archive reveals drivers of Caribbean cyclone frequency,exclude,Unrelated keyword search hit; not an eye or ophthalmology data resource.,,,high
10.5061/dryad.fq48q,Data from: The genetic architecture of floral traits in Iris hexagona and Iris fulva,exclude,Plant genus Iris search collision; not an ocular resource.,,,high
10.5061/dryad.fqz612jpc,Orbit Image Analysis: an open-source whole slide image analysis tool,exclude,"Physics, astronomy, or software use of ?orbit?; not an ocular-orbit resource.",,,high
10.5061/dryad.fqz612jzm,Data from: Foraging mode constrains the evolution of cephalic horns in lizards and snakes,exclude,Unrelated keyword search hit; not an eye or ophthalmology data resource.,,,high
10.5061/dryad.fqz612k5z,Coherent control of optical spin–orbit interactions,exclude,Unrelated keyword search hit; not an eye or ophthalmology data resource.,,,high
10.5061/dryad.fttdz092b,DQ-1 Aerosols and Carbon Dioxide Lidar detects orbital data on power plant emissions,exclude,"Physics, astronomy, or software use of ?orbit?; not an ocular-orbit resource.",,,high
10.5061/dryad.fttdz0933,Data from: Development and patterning of a highly versatile visual system in spiders,include,"Public CC0 Dryad release; official metadata identifies direct ocular, retinal, corneal, lens, or visual-system scientific data.",,,high
10.5061/dryad.fxpnvx0vw,"A bibliometric analysis of systematic reviews and meta-analyses in ophthalmology, from 2000 to 2020",exclude,"Paper, review, or software/code release without a distinct reusable eye-data resource.",,,high
10.5061/dryad.g183842,Data from: Changes in Eocene plant diversity and composition of the vegetation: the lacustrine archive of Messel (Germany),exclude,Unrelated keyword search hit; not an eye or ophthalmology data resource.,,,high
10.5061/dryad.g4q6pv3,Data from: Of puzzles and pavements: a quantitative exploration of leaf epidermal cell shape,exclude,Unrelated keyword search hit; not an eye or ophthalmology data resource.,,,high
10.5061/dryad.g66247g,Data from: Boundary strength analysis: combining colour pattern geometry and coloured patch visual properties for use in predicting behaviour and fitness,exclude,Unrelated keyword search hit; not an eye or ophthalmology data resource.,,,high
10.5061/dryad.g79cnp622,Data from: A Saturn-mass free-floating-planet event,exclude,Unrelated keyword search hit; not an eye or ophthalmology data resource.,,,high
10.5061/dryad.g79cnp64g,Visual attention-related processes in desert locusts' collective-motion related decision making,exclude,Vision/behaviour search hit without direct ocular or ophthalmic data in the repository metadata.,,,high
10.5061/dryad.gb5mkkwzx,Seed dormancy types and germination response of 15 plant species in temperate montane peatlands,exclude,Unrelated keyword search hit; not an eye or ophthalmology data resource.,,,high
10.5061/dryad.gf1vhhmsc,Rhesus macaque cone ratio heritability,include,"Public CC0 Dryad release; official metadata identifies direct ocular, retinal, corneal, lens, or visual-system scientific data.",,,high
10.5061/dryad.gf1vhhn2x,Characterization of postsynaptic glutamate transporter functionality in the zebrafish retinal first synapse across different wavelengths,include,"Public CC0 Dryad release; official metadata identifies direct ocular, retinal, corneal, lens, or visual-system scientific data.",,,high
10.5061/dryad.ghx3ffbws,HIDRA simulations and post-processing scripts for JGR: SP manuscript: characterization of N+ abundances in the terrestrial polar wind using the multiscale atmosphere-geospace environment,exclude,Unrelated keyword search hit; not an eye or ophthalmology data resource.,,,high
10.5061/dryad.gmsbcc2p2,"Simple and complex, sexually dimorphic retinal mosaic of fritillary butterflies",include,"Public CC0 Dryad release; official metadata identifies direct ocular, retinal, corneal, lens, or visual-system scientific data.",,,high
10.5061/dryad.gmsbcc2rj,"Data from: Rearing in strontium-enriched water induces vaterite otoliths in the Japanese rice fish, Oryzias latipes",exclude,Unrelated keyword search hit; not an eye or ophthalmology data resource.,,,high
10.5061/dryad.gqnk98stm,"Data from: Allometric brain reduction in an insular, dwarfed population of black-tailed deer",exclude,Unrelated keyword search hit; not an eye or ophthalmology data resource.,,,high
10.5061/dryad.gt410,Data from: The association of outdoor activity and age-related cataract in a rural population of Taizhou Eye Study: phase 1 report,include,"Public CC0 Dryad release; official metadata identifies direct ocular, retinal, corneal, lens, or visual-system scientific data.",,,high
10.5061/dryad.gtht76hn6,Tracking wildlife energy dynamics with unoccupied aircraft systems and 3-dimensional photogrammetry,exclude,Unrelated keyword search hit; not an eye or ophthalmology data resource.,,,high
10.5061/dryad.gv5k2j3,Data from: S-cone photoreceptors in the primate retina are functionally distinct from L and M cones,include,"Public CC0 Dryad release; official metadata identifies direct ocular, retinal, corneal, lens, or visual-system scientific data.",,,high
10.5061/dryad.gxd2547q0,Supporting data for: Risk factors common to leading eye health conditions and major non-communicable diseases: A rapid review and commentary,exclude,"Paper, review, or software/code release without a distinct reusable eye-data resource.",,,high
10.5061/dryad.gxd25480h,Retinal polyunsaturated fatty acid supplementation reverses aging-related vision decline in mice,include,"Public CC0 Dryad release; official metadata identifies direct ocular, retinal, corneal, lens, or visual-system scientific data.",,,high
10.5061/dryad.h18931zr2,Circuit mechanisms underlying embryonic retinal waves,include,"Public CC0 Dryad release; official metadata identifies direct ocular, retinal, corneal, lens, or visual-system scientific data.",,,high
10.5061/dryad.h18931zxf,Caecilians maintain a functional long-wavelength-sensitive cone opsin gene despite signatures of relaxed selection and more than 200 million years of fossoriality,include,"Public CC0 Dryad release; official metadata identifies direct ocular, retinal, corneal, lens, or visual-system scientific data.",,,high
10.5061/dryad.h2j2466,Data from: Cytoskeleton structure and total methylation of mouse cardiac and lung tissue during space flight,exclude,Unrelated keyword search hit; not an eye or ophthalmology data resource.,,,high
10.5061/dryad.h44j0zpnp,"Accuracy of biomicroscopy, ultrasonography and spectral-domain OCT in detection of complete posterior vitreous detachment",include,"Public CC0 Dryad release; official metadata identifies direct ocular, retinal, corneal, lens, or visual-system scientific data.",,,high
10.5061/dryad.h44j0zpv3,Utility index and vision related quality of life in patients awaiting specialist eye care,include,"Public CC0 Dryad release; official metadata identifies direct ocular, retinal, corneal, lens, or visual-system scientific data.",,,high
10.5061/dryad.h544560,Data from: Observational study of clinical characteristics of dome-shaped macula in Chinese Han with high myopia at Zhongshan Ophthalmic Center,include,"Public CC0 Dryad release; official metadata identifies direct ocular, retinal, corneal, lens, or visual-system scientific data.",,,high
10.5061/dryad.h5m04,"Data from: A new species of burnetiid (Therapsida, Burnetiamorpha) from the early Wuchiapingian of South Africa and implications for the evolutionary ecology of the family Burnetiidae.",exclude,Unrelated keyword search hit; not an eye or ophthalmology data resource.,,,high
10.5061/dryad.h70rxwdjd,Data from: Landscape genetic analysis suggests stronger effects of past than current landscape structure on genetic patterns of Primula veris,exclude,Unrelated keyword search hit; not an eye or ophthalmology data resource.,,,high
10.5061/dryad.h70rxwdtn,Data from: Light-sensitive Ca2+ signaling in the mammalian choroid,include,"Public CC0 Dryad release; official metadata identifies direct ocular, retinal, corneal, lens, or visual-system scientific data.",,,high
10.5061/dryad.h70rxwdvs,Immunostaining images from CRC patients stained with AGR2 and SGTA antibodies,exclude,Unrelated keyword search hit; not an eye or ophthalmology data resource.,,,high
10.5061/dryad.h70rxwdzk,Data from: Deep peptide recognition profiling decodes TCR specificity and enables disease-associated antigen discovery,exclude,Unrelated keyword search hit; not an eye or ophthalmology data resource.,,,high
10.5061/dryad.h9w0vt4s2,Tadpoles rely on mechanosensory stimuli for communication when visual capabilities are poor,exclude,Unrelated keyword search hit; not an eye or ophthalmology data resource.,,,high
10.5061/dryad.hc8037v,Image-derived models of cell organization changes during differentiation and drug treatments,exclude,Unrelated keyword search hit; not an eye or ophthalmology data resource.,,,high
10.5061/dryad.hdr7sqvdz,A survey of small-scale waves and wave-like phenomena in Jupiter's atmosphere detected by JunoCam,exclude,Unrelated keyword search hit; not an eye or ophthalmology data resource.,,,high
10.5061/dryad.hdr7sqvnz,Data from: Comparative LCA studies of simulated HMF-biorefineries from maize and miscanthus as an example of first- and second-generation biomass as a tool for process development,exclude,Unrelated keyword search hit; not an eye or ophthalmology data resource.,,,high
10.5061/dryad.hf50r,Data from: An extracellular biochemical screen reveals that FLRTs and Unc5s mediate neuronal subtype recognition in the retina,include,"Public CC0 Dryad release; official metadata identifies direct ocular, retinal, corneal, lens, or visual-system scientific data.",,,high
10.5061/dryad.hg000c2,Data from: Individual variation in the transmission of ultraviolet radiation in the young adult eye.,include,"Public CC0 Dryad release; official metadata identifies direct ocular, retinal, corneal, lens, or visual-system scientific data.",,,high
10.5061/dryad.hhmgqnkdc,Self-organised criticality models,exclude,Unrelated keyword search hit; not an eye or ophthalmology data resource.,,,high
10.5061/dryad.hhmgqnkjc,Corneal endothelial morphology of healthy myopic Malaysian children of Chinese ethnicity aged 8-9 years and its association with axial length,include,"Public CC0 Dryad release; official metadata identifies direct ocular, retinal, corneal, lens, or visual-system scientific data.",,,high
10.5061/dryad.hn0dt,Data from: Assessing niche conservatism using a multiproxy approach: dietary ecology of extinct and extant spotted hyenas,exclude,Unrelated keyword search hit; not an eye or ophthalmology data resource.,,,high
10.5061/dryad.hp60p89,Data from: Human macular Müller cells rely more on serine biosynthesis to combat oxidative stress than those from the periphery,include,"Public CC0 Dryad release; official metadata identifies direct ocular, retinal, corneal, lens, or visual-system scientific data.",,,high
10.5061/dryad.ht76hdr9z,Influence of polydimethylsiloxane substrate stiffness on corneal epithelial cells,include,"Public CC0 Dryad release; official metadata identifies direct ocular, retinal, corneal, lens, or visual-system scientific data.",,,high
10.5061/dryad.hx3ffbgmv,Data from: Inactivation of adenosine receptor 2A suppresses endothelial-to-mesenchymal transition and inhibits subretinal fibrosis in mice,include,"Public CC0 Dryad release; official metadata identifies direct ocular, retinal, corneal, lens, or visual-system scientific data.",,,high
10.5061/dryad.j0zpc86kg,Plane wave ultrasound and OCT angiography of the eye in preeclampsia,include,"Public CC0 Dryad release; official metadata identifies direct ocular, retinal, corneal, lens, or visual-system scientific data.",,,high
10.5061/dryad.j2641,Data from: Modeling angle-resolved photoemission of graphene and black phosphorus nano structures,exclude,Unrelated keyword search hit; not an eye or ophthalmology data resource.,,,high
10.5061/dryad.j3tx95xqc,Data from: Immediate genetic augmentation and enhanced habitat connectivity are required to secure the future of an iconic endangered freshwater fish population,exclude,Unrelated keyword search hit; not an eye or ophthalmology data resource.,,,high
10.5061/dryad.j3tx95xs2,Segmentations of 3D electron microscopy image volume from an albino mouse dorsal lateral geniculate nucleus,exclude,Unrelated keyword search hit; not an eye or ophthalmology data resource.,,,high
10.5061/dryad.j58b5t4,Data from: Sexual selection in complex communities: integrating interspecific reproductive interference in structured populations,exclude,Unrelated keyword search hit; not an eye or ophthalmology data resource.,,,high
10.5061/dryad.j6823nt,Data from: Does population structure predict the rate of speciation? A comparative test across Australia's most diverse vertebrate radiation,exclude,Unrelated keyword search hit; not an eye or ophthalmology data resource.,,,high
10.5061/dryad.j9kd51cds,Systematics of Lepidothrix manakins (Aves: Passeriformes: Pipridae) using RADcap markers,exclude,Unrelated keyword search hit; not an eye or ophthalmology data resource.,,,high
10.5061/dryad.j9kd51crg,Photopic flicker optoretinography captures the light-driven length modulation of photoreceptors during phototransduction,include,"Public CC0 Dryad release; official metadata identifies direct ocular, retinal, corneal, lens, or visual-system scientific data.",,,high
10.5061/dryad.j9kd51ct4,Data from: Divergence of visual morphology and opsin expression in an African cichlid linked with turbidity,include,"Public CC0 Dryad release; official metadata identifies direct ocular, retinal, corneal, lens, or visual-system scientific data.",,,high
10.5061/dryad.jdfn2z3fm,Data for: Attributes of CloudSat identified echo objects,exclude,Unrelated keyword search hit; not an eye or ophthalmology data resource.,,,high
10.5061/dryad.jf150,"Data from: To keep on track during flight, fruitflies discount the skyward view",exclude,Unrelated keyword search hit; not an eye or ophthalmology data resource.,,,high
10.5061/dryad.jf715,"Data from: The tetrapod fauna of the upper Permian Naobaogou Formation of China: a new species of Elginia (Parareptilia, Pareiasauria)",exclude,Unrelated keyword search hit; not an eye or ophthalmology data resource.,,,high
10.5061/dryad.jh8j7,Data from: Albinism in phylogenetically and geographically distinct populations of Astyanax cavefish arises through the same loss-of-function Oca2 allele,include,"Public CC0 Dryad release; official metadata identifies direct ocular, retinal, corneal, lens, or visual-system scientific data.",,,high
10.5061/dryad.jh9w0vt88,Data from: Behavioural red-light sensitivity in fish according to the optomotor response,exclude,Unrelated keyword search hit; not an eye or ophthalmology data resource.,,,high
10.5061/dryad.jk68b,Data from: Potential role of Cyr61 induced degeneration of human Müller cells in diabetic retinopathy,exclude,Unrelated keyword search hit; not an eye or ophthalmology data resource.,,,high
10.5061/dryad.jm63xsjbm,Genotype and individual data for genetic structure in Louisiana Iris species reveals patterns of recent and historical admixture,exclude,Plant genus Iris search collision; not an ocular resource.,,,high
10.5061/dryad.jm63xsjn0,Data from: Addressing grand ecological challenges in aquatic ecosystems: How can mesocosms be used to advance solutions?,exclude,Unrelated keyword search hit; not an eye or ophthalmology data resource.,,,high
10.5061/dryad.jsxksn0br,Geographic and temporal morphological stasis in the latest Cretaceous ammonoid Discoscaphites iris from the U.S. Gulf and Atlantic Coastal Plains,exclude,Unrelated keyword search hit; not an eye or ophthalmology data resource.,,,high
10.5061/dryad.jsxksn0f5,Data for: Higher water loss on Earth-like exoplanets in eccentric orbits,exclude,"Physics, astronomy, or software use of ?orbit?; not an ocular-orbit resource.",,,high
10.5061/dryad.jwstqjqgc,Non-invasive investigation of the morphology and optical properties of the upside-down jellyfish Cassiopea with optical coherence tomography,exclude,Unrelated keyword search hit; not an eye or ophthalmology data resource.,,,high
10.5061/dryad.k0p51,Data from: Pollination mitigates cucumber yield gaps more than pesticide and fertilizer use in tropical smallholder gardens,exclude,Unrelated keyword search hit; not an eye or ophthalmology data resource.,,,high
10.5061/dryad.k1r85,Data from: On potential ocular artefacts in infant electroencephalogram: a reply to comments by Köster,exclude,"Ocular keyword hit, but title/metadata does not establish a distinct reusable eye or ophthalmology data resource.",,,high
10.5061/dryad.k3j9kd576,"Data from: Brine driven destruction of clay minerals in Gale crater, Mars",exclude,Unrelated keyword search hit; not an eye or ophthalmology data resource.,,,high
10.5061/dryad.k3j9kd5fx,Data from: Human conjunctival transcriptome in Acanthamoeba keratitis: An exploratory study,include,"Public CC0 Dryad release; official metadata identifies direct ocular, retinal, corneal, lens, or visual-system scientific data.",,,high
10.5061/dryad.k3j9kd5jj,"Data from: A pan-European citizen science study shows population size, climate and land use are related to biased morph ratios in the heterostylous plant Primula veris",exclude,Unrelated keyword search hit; not an eye or ophthalmology data resource.,,,high
10.5061/dryad.k3r485h,Data from: The RNA-binding protein Celf1 post-transcriptionally regulates p27Kip1 and Dnase2b to control fiber cell nuclear degradation in lens development,include,"Public CC0 Dryad release; official metadata identifies direct ocular, retinal, corneal, lens, or visual-system scientific data.",,,high
10.5061/dryad.k6djh9w37,"Data from: Visual system development of the spotted unicornfish, Naso brevirostris (Acanthuridae)",include,"Public CC0 Dryad release; official metadata identifies direct ocular, retinal, corneal, lens, or visual-system scientific data.",,,high
10.5061/dryad.k6djh9w8z,Ocular graft vs host disease mouse model,include,"Public CC0 Dryad release; official metadata identifies direct ocular, retinal, corneal, lens, or visual-system scientific data.",,,high
10.5061/dryad.k7455,Data from: Identification of novel variants in LTBP2 and PXDN using whole-exome sequencing in developmental and congenital glaucoma,include,"Public CC0 Dryad release; official metadata identifies direct ocular, retinal, corneal, lens, or visual-system scientific data.",,,high
10.5061/dryad.k98sf7mm6,Data from: View invariant representations in ancestral cortex,exclude,Unrelated keyword search hit; not an eye or ophthalmology data resource.,,,high
10.5061/dryad.kb5cb,Data from: Motion dazzle: a locust's eye view,exclude,"Ocular keyword hit, but title/metadata does not establish a distinct reusable eye or ophthalmology data resource.",,,high
10.5061/dryad.kc041,Data from: Whole-body photoreceptor networks are independent of ‘lenses’ in brittle stars,needs_manual_review,Brittle-star whole-body photoreceptor study is eye-adjacent; manually confirm whether the release is a reusable eye/vision dataset rather than general comparative biology.,,,medium
10.5061/dryad.kd51c5bhj,Ocular and extraocular expression of opsins reveals evolutionary trends underlying visual and non-visual functions in bivalves (Pteriomorphia),needs_manual_review,Bivalve opsin-expression study is eye-adjacent; manually confirm data scope and usefulness as an ocular scientific resource.,,,medium
10.5061/dryad.kj424,Data from: Stimulus discriminability may bias value-based probabilistic learning,exclude,Unrelated keyword search hit; not an eye or ophthalmology data resource.,,,high
10.5061/dryad.kk73p,Data from: Genetic diversity is largely unpredictable but scales with museum occurrences in a species-rich clade of Australian lizards,exclude,Unrelated keyword search hit; not an eye or ophthalmology data resource.,,,high
10.5061/dryad.kkwh70scg,Data from: Positive spatial and temporal density-dependence drive early reproductive economy-of-scale effects of masting in a European old-growth forest community,exclude,Unrelated keyword search hit; not an eye or ophthalmology data resource.,,,high
10.5061/dryad.kkwh70shq,Eye size across avian lineages covaries with participation in a specialized foraging behavior,include,"Public CC0 Dryad release; official metadata identifies direct ocular, retinal, corneal, lens, or visual-system scientific data.",,,high
10.5061/dryad.kprr4xh29,"Data from: Floral trait differentiation in Anacamptis coriophora: phenotypic selection on scents, but not on colour",exclude,Unrelated keyword search hit; not an eye or ophthalmology data resource.,,,high
10.5061/dryad.kprr4xhdz,Code and data used for reproducing calculations of lunar crustal thermal evolution and zircon resetting during a tidal heating event,exclude,Unrelated keyword search hit; not an eye or ophthalmology data resource.,,,high
10.5061/dryad.kprr4xhk3,Conserved optical adaptations enable amphibious vision in compound eyes,include,"Public CC0 Dryad release; official metadata identifies direct ocular, retinal, corneal, lens, or visual-system scientific data.",,,high
10.5061/dryad.kprr4xhkt,Data from: Autoantibody landscapes in Long COVID with neurological symptoms show heterogeneity without a shared disease signature,exclude,Unrelated keyword search hit; not an eye or ophthalmology data resource.,,,high
10.5061/dryad.kq230,"Data from: Variable light environments induce plastic spectral tuning by regional opsin coexpression in the African cichlid fish, Metriaclima zebra",include,"Public CC0 Dryad release; official metadata identifies direct ocular, retinal, corneal, lens, or visual-system scientific data.",,,high
10.5061/dryad.ks48tt4,Data from: Expression of matrix Metalloproteinases-2 and aquaporin-1 in corneoscleral junction after angle-closure in rabbits,include,"Public CC0 Dryad release; official metadata identifies direct ocular, retinal, corneal, lens, or visual-system scientific data.",,,high
10.5061/dryad.ks824,Data from: Evolution of iris colour in relation to cavity nesting and parental care in passerine birds,include,"Public CC0 Dryad release; official metadata identifies direct ocular, retinal, corneal, lens, or visual-system scientific data.",,,high
10.5061/dryad.ksn02v7cg,Microlensing events indicate that super-Earth exoplanets are common in Jupiter-like orbits,exclude,"Physics, astronomy, or software use of ?orbit?; not an ocular-orbit resource.",,,high
10.5061/dryad.kv3j7,"Data from: Cambrian origin of the CYP27C1-mediated vitamin A1-to-A2 switch, a key mechanism of vertebrate sensory plasticity",include,"Public CC0 Dryad release; official metadata identifies direct ocular, retinal, corneal, lens, or visual-system scientific data.",,,high
10.5061/dryad.kwh70rz8j,"Sonification of the atmospheric carbon record over the past 800,000 years",exclude,Unrelated keyword search hit; not an eye or ophthalmology data resource.,,,high
10.5061/dryad.m0cfxppck,Data from: Gross primary productivity from leaf-age-dependent light use efficiency (LA-LUE) model over pantropical evergreen broadleaved forests,exclude,Unrelated keyword search hit; not an eye or ophthalmology data resource.,,,high
10.5061/dryad.m0cfxppdj,"Lanes, clusters, lines of Sight: Modelling diagnostic eyecare clinics to improve patient flow",include,"Public CC0 Dryad release; official metadata identifies direct ocular, retinal, corneal, lens, or visual-system scientific data.",,,high
10.5061/dryad.m37pvmdj2,Data from: Pollinator community composition and pollen resource use in calcareous grasslands under different landscape contexts across Europe,exclude,Unrelated keyword search hit; not an eye or ophthalmology data resource.,,,high
10.5061/dryad.m63xsj431,"Data from: Metataxonomy and pigments analyses unravel microbial diversity and the relevance of retinal-based photoheterotrophy at different salinities in the Odiel Salterns (SW, Spain)",exclude,Retina term is not sufficient here to establish a distinct reusable eye-data resource from the supplied metadata.,,,high
10.5061/dryad.m63xsj48x,Low-dose biliatresone treatment of pregnant mice causes subclinical biliary disease in their offspring: Evidence for a spectrum of neonatal injury,exclude,Unrelated keyword search hit; not an eye or ophthalmology data resource.,,,high
10.5061/dryad.m63xsj4dp,CanineHD 230 K BeadChip data from Miniature Dachshunds,exclude,Unrelated keyword search hit; not an eye or ophthalmology data resource.,,,high
10.5061/dryad.m905qftxg,Stable resource polymorphism along the benthic littoral-pelagic axis in an invasive crayfish,exclude,Unrelated keyword search hit; not an eye or ophthalmology data resource.,,,high
10.5061/dryad.m905qfv2r,Corneal Laser Procedure for safety and efficacy in vision improvement,include,"Public CC0 Dryad release; official metadata identifies direct ocular, retinal, corneal, lens, or visual-system scientific data.",,,high
10.5061/dryad.m905qfv6q,Data from: Vestigial organs alter fossil placements in an ancient group of terrestrial chelicerates,exclude,Unrelated keyword search hit; not an eye or ophthalmology data resource.,,,high
10.5061/dryad.mcvdnck22,Long-term development of lens fluorescence in a twin cohort: Heritability and effects of age and lifestyle,include,"Public CC0 Dryad release; official metadata identifies direct ocular, retinal, corneal, lens, or visual-system scientific data.",,,high
10.5061/dryad.mh4f7n3,Data from: SK2 channels in cerebellar Purkinje cells contribute to excitability modulation in motor learning-specific memory traces,exclude,Unrelated keyword search hit; not an eye or ophthalmology data resource.,,,high
10.5061/dryad.mk4r5,Data from: Effects of nicotine on corneal wound healing following acute alkali burn,include,"Public CC0 Dryad release; official metadata identifies direct ocular, retinal, corneal, lens, or visual-system scientific data.",,,high
10.5061/dryad.msbcc2ftc,A practical approach to functional optical coherence tomography shows abnormal retinal responses in Alzheimer’s disease,exclude,Exact Dryad DOI already cataloged; exclude duplicate record.,dryad_functional_oct_alzheimer,exact_duplicate,high
10.5061/dryad.msbcc2fvr,Data from: Thyroid hormone receptor beta mutations alter photoreceptor development and function in Danio rerio (zebrafish),include,"Public CC0 Dryad release; official metadata identifies direct ocular, retinal, corneal, lens, or visual-system scientific data.",,,high
10.5061/dryad.msbcc2gb7,Data from: Poison frogs rely on vision for homing in natural environments,exclude,Unrelated keyword search hit; not an eye or ophthalmology data resource.,,,high
10.5061/dryad.mt64k,Data from: Vascular patterns in the heads of crocodilians: blood vessels and sites of thermal exchange,exclude,Unrelated keyword search hit; not an eye or ophthalmology data resource.,,,high
10.5061/dryad.mv711kb,"Data from: Field observations of turbulence, sand suspension and cross-shore transport under spilling and plunging breakers",exclude,Unrelated keyword search hit; not an eye or ophthalmology data resource.,,,high
10.5061/dryad.mw6m9062w,Artificial space weathering to mimic solar wind enhances the toxicity of lunar dust simulants in human lung cells,exclude,Unrelated keyword search hit; not an eye or ophthalmology data resource.,,,high
10.5061/dryad.n276d,Data from: Population genomics analyses of European ibex species show lower diversity and higher inbreeding in reintroduced populations,exclude,Unrelated keyword search hit; not an eye or ophthalmology data resource.,,,high
10.5061/dryad.n2d7d,Data from: Testing for homologies in the axial skeleton of primitive echinoderms,exclude,Unrelated keyword search hit; not an eye or ophthalmology data resource.,,,high
10.5061/dryad.n34h180,Data from: Combined transcriptome and metabolome analysis identifies defence responses in spider-mite infested pepper,exclude,Unrelated keyword search hit; not an eye or ophthalmology data resource.,,,high
10.5061/dryad.n7140,"Data from: The hawk-eyed songbird: retinal morphology, eye shape, and visual fields of an aerial insectivore",exclude,Retina term is not sufficient here to establish a distinct reusable eye-data resource from the supplied metadata.,,,high
10.5061/dryad.n8pk0p340,15-gene expression profile and PRAME as an integrated prognostic test for uveal melanoma: First report of Collaborative Ocular Oncology Group Study No. 2 (COOG2.1),exclude,Exact Dryad DOI already cataloged; exclude duplicate record.,dryad_uveal_melanoma_coog2,exact_duplicate,high
10.5061/dryad.n8pk0p354,Data from: Body posture aftereffects - Does viewing slouched bodies change people's perception of normal posture?,exclude,Unrelated keyword search hit; not an eye or ophthalmology data resource.,,,high
10.5061/dryad.ncjsxksxr,Data from: Is retina affected in Huntington's disease? Is optical coherence tomography a good biomarker?,include,"Public CC0 Dryad release; official metadata identifies direct ocular, retinal, corneal, lens, or visual-system scientific data.",,,high
10.5061/dryad.nf94810,Data from: Visual modelling supports the potential for prey detection by means of diurnal active photolocation in a small cryptobenthic fish,exclude,Unrelated keyword search hit; not an eye or ophthalmology data resource.,,,high
10.5061/dryad.ngf1vhj81,Data from: Biofeedback fixation training in the rehabilitation of patients suffering from geographic atrophy,include,"Public CC0 Dryad release; official metadata identifies direct ocular, retinal, corneal, lens, or visual-system scientific data.",,,high
10.5061/dryad.nh0fp1b,Data from: Human foveal cone photoreceptor topography and its dependence on eye length,include,"Public CC0 Dryad release; official metadata identifies direct ocular, retinal, corneal, lens, or visual-system scientific data.",,,high
10.5061/dryad.ns1rn8q1f,Data from: Beware of the impact of land use legacy on genetic connectivity: A case study of the long-lived perennial Primula veris,exclude,Unrelated keyword search hit; not an eye or ophthalmology data resource.,,,high
10.5061/dryad.nv892mp,"Data from: Peripheral synucleinopathy in a DJ1 patient with Parkinson disease, cataracts, and hearing loss",include,"Public CC0 Dryad release; official metadata identifies direct ocular, retinal, corneal, lens, or visual-system scientific data.",,,high
10.5061/dryad.nvx0k6dnw,"Weda, a new genus with two new species of Euphorbiaceae-Crotonoideae from Halmahera (North Moluccas, Indonesia) and phylogenetic relationships of the Australasian tribe Ricinocarpeae",exclude,Unrelated keyword search hit; not an eye or ophthalmology data resource.,,,high
10.5061/dryad.nvx0k6dqg,Insights from survival analyses during 12 years of anti-VEGF therapy for neovascular age-related macular degeneration,include,"Public CC0 Dryad release; official metadata identifies direct ocular, retinal, corneal, lens, or visual-system scientific data.",dryad_namd_oct_quant;dryad_namd_visual_prediction,shared_source_cohort_distinct_outcome_task,high
10.5061/dryad.nvx0k6dr3,"The visual ecology of Holocentridae, a nocturnal coral reef fish family with a deep-sea-like multibank retina",include,"Public CC0 Dryad release; official metadata identifies direct ocular, retinal, corneal, lens, or visual-system scientific data.",,,high
10.5061/dryad.nzs7h44vf,Data for: Photosystems in the eye-like organelles of heterotrophic warnowiid dinoflagellates,exclude,"Ocular keyword hit, but title/metadata does not establish a distinct reusable eye or ophthalmology data resource.",,,high
10.5061/dryad.p1qq2r1,Data from: Comparison of the efficacy and safety of drug therapies for macular edema secondary to central retinal vein occlusion,include,"Public CC0 Dryad release; official metadata identifies direct ocular, retinal, corneal, lens, or visual-system scientific data.",,,high
10.5061/dryad.p2ngf1vm7,How do red-eyed treefrog embryos sense motion in predator attacks? Assessing the role of vestibular mechanoreception,exclude,"Ocular keyword hit, but title/metadata does not establish a distinct reusable eye or ophthalmology data resource.",,,high
10.5061/dryad.p2ngf1vrg,"Intracranial aneurysm risk scores, hemodynamics and vessel wall enhancement values",exclude,Unrelated keyword search hit; not an eye or ophthalmology data resource.,,,high
10.5061/dryad.p2ngf1vt5,Site impacts nutrient translocation efficiency in intra- and interspecies miscanthus hybrids on marginal lands,exclude,Unrelated keyword search hit; not an eye or ophthalmology data resource.,,,high
10.5061/dryad.p2ngf1w0v,Data from: Interannual and seasonal changes in the south seasonal polar cap of Mars: Observations from MY 28-31 using MARCI,exclude,Unrelated keyword search hit; not an eye or ophthalmology data resource.,,,high
10.5061/dryad.p7n02t0,Data from: Return to work after ischemic stroke in young adults: a registry-based follow-up study,exclude,Unrelated keyword search hit; not an eye or ophthalmology data resource.,,,high
10.5061/dryad.p8cz8w9k3,Data from: Flower phenology as a disruptor of the fruiting dynamics in temperate oak species,exclude,Unrelated keyword search hit; not an eye or ophthalmology data resource.,,,high
10.5061/dryad.p8cz8w9z8,"Russian olive distribution and invasion dynamics along the Powder River, Montana and Wyoming, USA",exclude,Unrelated keyword search hit; not an eye or ophthalmology data resource.,,,high
10.5061/dryad.pc866t21r,Semaphorin 3f and post-embryonic regulation of retinal progenitors,include,"Public CC0 Dryad release; official metadata identifies direct ocular, retinal, corneal, lens, or visual-system scientific data.",,,high
10.5061/dryad.pg4f4qrnr,Avian color expression and perception: Is there a carotenoid link?,include,"Public CC0 Dryad release; official metadata identifies direct ocular, retinal, corneal, lens, or visual-system scientific data.",,,high
10.5061/dryad.pg4f4qrqp,Nucleotide sequences in Procambarus clarkii,exclude,Unrelated keyword search hit; not an eye or ophthalmology data resource.,,,high
10.5061/dryad.pg4f4qrwf,Genotype-phenotype associations in CRB1 bi-allelic patients: a novel mutation and a systematic review,include,"Public CC0 Dryad release; official metadata identifies direct ocular, retinal, corneal, lens, or visual-system scientific data.",,,high
10.5061/dryad.pg4f4qs4d,Structural analysis of rhodopsin states in megabody complexes,include,"Public CC0 Dryad release; official metadata identifies direct ocular, retinal, corneal, lens, or visual-system scientific data.",,,high
10.5061/dryad.pk0p2ngrv,Data from: Precise control of neural activity using dynamically optimized electrical stimulation,exclude,Unrelated keyword search hit; not an eye or ophthalmology data resource.,,,high
10.5061/dryad.pk0p2ngzh,Morphometric analysis of retinal ganglionic cells (3D confocal images) analyzed using filament tracer from Imaris software,include,"Public CC0 Dryad release; official metadata identifies direct ocular, retinal, corneal, lens, or visual-system scientific data.",,,high
10.5061/dryad.pk31jt2,Data from: Low incidence of choroidal neovascularization following subthreshold diode micropulse laser (SDM) in high-risk AMD,include,"Public CC0 Dryad release; official metadata identifies direct ocular, retinal, corneal, lens, or visual-system scientific data.",,,high
10.5061/dryad.pnvx0k6hv,Time trends and associated factors of axial length in 4 and 5 year-olds children in Shanghai from 2013 to 2019,include,"Public CC0 Dryad release; official metadata identifies direct ocular, retinal, corneal, lens, or visual-system scientific data.",,,high
10.5061/dryad.pr11m,Data from: Prevalence of coronary artery disease evaluated by coronary CT angiography in women with mammographically detected breast arterial calcifications,exclude,Unrelated keyword search hit; not an eye or ophthalmology data resource.,,,high
10.5061/dryad.prr4xgxtd,Data from: Functional differences between the extraordinary eyes of deep-sea hyperiid amphipods,include,"Public CC0 Dryad release; official metadata identifies direct ocular, retinal, corneal, lens, or visual-system scientific data.",,,high
10.5061/dryad.pt532,Data from: Three-dimensional camouflage: exploiting photons to conceal form,exclude,Unrelated keyword search hit; not an eye or ophthalmology data resource.,,,high
10.5061/dryad.pzgmsbcfw,Anti-vegf therapy in diabetic macular oedema patients over four years,include,"Public CC0 Dryad release; official metadata identifies direct ocular, retinal, corneal, lens, or visual-system scientific data.",,,high
10.5061/dryad.pzgmsbcmk,Two-photon calcium recordings of cones,include,"Public CC0 Dryad release; official metadata identifies direct ocular, retinal, corneal, lens, or visual-system scientific data.",,,high
10.5061/dryad.q1t87,Data from: Post-glacial habitat release and incipient speciation in the genus Delphinus,exclude,Unrelated keyword search hit; not an eye or ophthalmology data resource.,,,high
10.5061/dryad.q2bvq83vg,Predictably manipulating photoreceptor light responses to reveal their role in downstream visual responses,include,"Public CC0 Dryad release; official metadata identifies direct ocular, retinal, corneal, lens, or visual-system scientific data.",,,high
10.5061/dryad.q5553,Data from: Dietary carotenoid availability affects avian color discrimination,exclude,Unrelated keyword search hit; not an eye or ophthalmology data resource.,,,high
10.5061/dryad.q6ft5,Data from: Development of machine learning models for diagnosis of glaucoma,exclude,Exact Dryad DOI already cataloged; exclude duplicate record.,dryad_glaucoma_rnfl_vf,exact_duplicate,high
10.5061/dryad.q83bk3jkq,AAV gene therapy encoding equine IL10,exclude,Unrelated keyword search hit; not an eye or ophthalmology data resource.,,,high
10.5061/dryad.q83bk3jnw,Disease parameters following ocular herpes simplex virus type 1 infection are similar in male and female BALB/C mice,include,"Public CC0 Dryad release; official metadata identifies direct ocular, retinal, corneal, lens, or visual-system scientific data.",,,high
10.5061/dryad.qfttdz0dr,Association of APOE gene polymorphisms with primary open angle glaucoma in Brazilian patients,include,"Public CC0 Dryad release; official metadata identifies direct ocular, retinal, corneal, lens, or visual-system scientific data.",,,high
10.5061/dryad.qfttdz0vh,Data from: Nanophysiology approach reveals diversity in calcium microdomains across Zebrafish retinal bipolar ribbon synapses,include,"Public CC0 Dryad release; official metadata identifies direct ocular, retinal, corneal, lens, or visual-system scientific data.",,,high
10.5061/dryad.qg1p0,Data from: Integrating Bayesian genomic cline analyses and association mapping of morphological and ecological traits to dissect reproductive isolation and introgression in a Louisiana Iris hybrid zone,exclude,Unrelated keyword search hit; not an eye or ophthalmology data resource.,,,high
10.5061/dryad.qjq2bvqhb,Sex differences in behavioural and anatomical estimates of visual acuity in the green swordtail Xiphophorus helleri,include,"Public CC0 Dryad release; official metadata identifies direct ocular, retinal, corneal, lens, or visual-system scientific data.",,,high
10.5061/dryad.qk300,Data from: Coral snakes predict the evolution of mimicry across New World snakes,exclude,Unrelated keyword search hit; not an eye or ophthalmology data resource.,,,high
10.5061/dryad.qn54m,Data from: Comprehensive diagnosis of PCDD/F emission from three hazardous waste incinerators,exclude,Unrelated keyword search hit; not an eye or ophthalmology data resource.,,,high
10.5061/dryad.qnk98sfdx,Alternative responses by two species of jumping spiders to unpalatability and toxicity in prey,exclude,Unrelated keyword search hit; not an eye or ophthalmology data resource.,,,high
10.5061/dryad.qp244,"Data from: The diversity of floral temperature patterns, and their use by pollinators",exclude,Unrelated keyword search hit; not an eye or ophthalmology data resource.,,,high
10.5061/dryad.qp499,Data from: The application of optical coherence tomography to image subsurface tissue structure of Antarctic krill Euphausia superba,exclude,Unrelated keyword search hit; not an eye or ophthalmology data resource.,,,high
10.5061/dryad.qv3811j,"Data from: More is less: net gain in species richness, but biotic homogenization over 140 years",exclude,Unrelated keyword search hit; not an eye or ophthalmology data resource.,,,high
10.5061/dryad.qv9s4mwq5,Data from: Coherent evolution of superexchange interaction in seconds long optical clock spectroscopy,exclude,Unrelated keyword search hit; not an eye or ophthalmology data resource.,,,high
10.5061/dryad.qz612jmt7,An advancement in developmental and reproductive toxicity (DART) risk assessment: evaluation of a bioactivity and exposure-based NAM toolbox,exclude,Unrelated keyword search hit; not an eye or ophthalmology data resource.,,,high
10.5061/dryad.r07bc,Data from: Transcription factors involved in retinogenesis are co-opted by the circadian clock following photoreceptor differentiation,include,"Public CC0 Dryad release; official metadata identifies direct ocular, retinal, corneal, lens, or visual-system scientific data.",,,high
10.5061/dryad.r1921,Data from: Collective behaviour in vertebrates: a sensory perspective,needs_manual_review,Broad sensory-perspective release; manually confirm direct eye/ophthalmic data and reusable contents.,,,medium
10.5061/dryad.r1h8gm4,Data from: Metabolically similar cohorts of bacteria exhibit strong co-occurrence patterns with diet items and eukaryotic microbes in lizard guts,exclude,Unrelated keyword search hit; not an eye or ophthalmology data resource.,,,high
10.5061/dryad.r1vp879,"Data from: Biallelic SQSTM1 mutations in early-onset, variably progressive neurodegeneration",exclude,Unrelated keyword search hit; not an eye or ophthalmology data resource.,,,high
10.5061/dryad.r2280gbc4,"Differential perceptions of teamwork, focused work and perceived productivity as an effect of desk characteristics within a workplace layout",exclude,Unrelated keyword search hit; not an eye or ophthalmology data resource.,,,high
10.5061/dryad.r2280gbj2,Visual opsin gene expression evolution in the adaptive radiation of cichlid fishes of Lake Tanganyika,include,"Public CC0 Dryad release; official metadata identifies direct ocular, retinal, corneal, lens, or visual-system scientific data.",,,high
10.5061/dryad.r2280gbpw,Effect of verbal interference and response hand on hemisphere asymmetries in sad facial expression processing,exclude,Unrelated keyword search hit; not an eye or ophthalmology data resource.,,,high
10.5061/dryad.r2280gbqt,Data from: Biogeography and diversification patterns in the Irano-Turanian biodiversity hotspot inferred from a molecular phylogeny of the subendemic Iris subgenus Scorpiris (Iridaceae),exclude,Plant genus Iris search collision; not an ocular resource.,,,high
10.5061/dryad.r4xgxd2nt,Restoration of cone circuit functionality in the regenerating adult zebrafish retina,include,"Public CC0 Dryad release; official metadata identifies direct ocular, retinal, corneal, lens, or visual-system scientific data.",,,high
10.5061/dryad.r4xgxd2qb,Data from: The seasonal cycles of tropical sea surface temperature from Earth's axial tilt and orbital eccentricity,exclude,Unrelated keyword search hit; not an eye or ophthalmology data resource.,,,high
10.5061/dryad.r5m20,Data from: Grazing-induced shifts in community functional composition and soil nutrient availability in Tibetan alpine meadows,exclude,Unrelated keyword search hit; not an eye or ophthalmology data resource.,,,high
10.5061/dryad.r6h8dr2,Data from: Long-lived metabolic enzymes in the crystalline lens identified by pulse-labeling of mice and mass spectrometry,include,"Public CC0 Dryad release; official metadata identifies direct ocular, retinal, corneal, lens, or visual-system scientific data.",,,high
10.5061/dryad.r7s04,"Data from: Prevalence of depression, anxiety, adjustment disorders, and somatoform disorders in patients with age-related macular degeneration in Germany",include,"Public CC0 Dryad release; official metadata identifies direct ocular, retinal, corneal, lens, or visual-system scientific data.",,,high
10.5061/dryad.r7sqv9s86,Data from: An uncommon cause of carotid artery dissection: Fabry disease.,exclude,Unrelated keyword search hit; not an eye or ophthalmology data resource.,,,high
10.5061/dryad.r7sqv9s9g,The relationship between glucose control & cognitive function in people with diabetes after a lacunar stroke: supplementary material,exclude,Unrelated keyword search hit; not an eye or ophthalmology data resource.,,,high
10.5061/dryad.r7sqv9sh8,Plant community compositional stability over 40 years in a Fraser River Estuary tidal freshwater marsh,exclude,Unrelated keyword search hit; not an eye or ophthalmology data resource.,,,high
10.5061/dryad.r7sqv9sqs,Deletion in CACNA1F gene causes X-linked progressive retinal atrophy in English Cocker Spaniel dogs,include,"Public CC0 Dryad release; official metadata identifies direct ocular, retinal, corneal, lens, or visual-system scientific data.",,,high
10.5061/dryad.rbnzs7hft,Motor recalibration of visual and saccadic maps,include,"Public CC0 Dryad release; official metadata identifies direct ocular, retinal, corneal, lens, or visual-system scientific data.",,,high
10.5061/dryad.rfj6q57g5,Data for: Multi-LEO satellite stereo winds,exclude,Unrelated keyword search hit; not an eye or ophthalmology data resource.,,,high
10.5061/dryad.rfj6q57r7,Data from: Chondrite parent bodies as escaped satellites of proto-planetary embryos,exclude,Unrelated keyword search hit; not an eye or ophthalmology data resource.,,,high
10.5061/dryad.rjdfn2zqb,Data from: A galactic cosmic ray cavity in Earth-Moon space,exclude,Unrelated keyword search hit; not an eye or ophthalmology data resource.,,,high
10.5061/dryad.rn38r,"Data from: Do picture-based charts overestimate visual acuity? Comparison of Kay Pictures, Lea Symbols, HOTV and Keeler logMAR charts with Sloan Letters in adults and children",include,"Public CC0 Dryad release; official metadata identifies direct ocular, retinal, corneal, lens, or visual-system scientific data.",,,high
10.5061/dryad.rn745,"Data from: Evolutionary history inferred from the de novo assembly of a non-model organism, the blue-eyed black lemur",exclude,"Ocular keyword hit, but title/metadata does not establish a distinct reusable eye or ophthalmology data resource.",,,high
10.5061/dryad.rn8pk0p70,Socioeconomic status and decreasing incidence of ocular injuries in Bosnia and Herzegovina,include,"Public CC0 Dryad release; official metadata identifies direct ocular, retinal, corneal, lens, or visual-system scientific data.",,,high
10.5061/dryad.rn8pk0pdp,"Detection of SARS-CoV-2 in conjunctival secretion and tears in patients with COVID-19 in a tertiary care centre, South India",include,"Public CC0 Dryad release; official metadata identifies direct ocular, retinal, corneal, lens, or visual-system scientific data.",,,high
10.5061/dryad.rn8pk0pmm,The c.119-123dup5bp mutation in human gamma-C-crystallin destabilizes the protein and activates the unfolded protein response to cause highly variable cataracts,include,"Public CC0 Dryad release; official metadata identifies direct ocular, retinal, corneal, lens, or visual-system scientific data.",,,high
10.5061/dryad.rr4xgxdc4,Cephalopod retinal development shows vertebrate-like mechanisms of neurogenesis: Multiple sequence alignments and phylogenetic trees,include,"Public CC0 Dryad release; official metadata identifies direct ocular, retinal, corneal, lens, or visual-system scientific data.",,,high
10.5061/dryad.rr4xgxdg6,Data from: Interactions between circuit architecture and plasticity in a closed-loop cerebellar system,exclude,Unrelated keyword search hit; not an eye or ophthalmology data resource.,,,high
10.5061/dryad.rs2qp,Data from: Inhibition decorrelates visual feature representations in the inner retina,include,"Public CC0 Dryad release; official metadata identifies direct ocular, retinal, corneal, lens, or visual-system scientific data.",,,high
10.5061/dryad.rt8bj147,Data from: Immune response increases predation risk,exclude,Unrelated keyword search hit; not an eye or ophthalmology data resource.,,,high
10.5061/dryad.rv15dv4bv,Late gene therapy limits the restoration of retinal function in a mouse model of retinitis pigmentosa,include,"Public CC0 Dryad release; official metadata identifies direct ocular, retinal, corneal, lens, or visual-system scientific data.",,,high
10.5061/dryad.rv15dv4hb,Data from: Asymmetric distribution of color-opponent response types across mouse visual cortex supports superior color vision in the sky,exclude,Vision/behaviour search hit without direct ocular or ophthalmic data in the repository metadata.,,,high
10.5061/dryad.rv15dv4p6,Data from: Zeolitic imidazolate frameworks (ZIF-8) as a carrier in a topical ocular delivery system for the treatment of ocular diseases,include,"Public CC0 Dryad release; official metadata identifies direct ocular, retinal, corneal, lens, or visual-system scientific data.",,,high
10.5061/dryad.rxwdbrvcr,Luna 20 spinel-bearing lithic fragments,exclude,Unrelated keyword search hit; not an eye or ophthalmology data resource.,,,high
10.5061/dryad.s1rn8pkhb,Transcriptional responses in a mouse model of silicone wire embolization induced acute retinal artery Ischemia and Reperfusion,include,"Public CC0 Dryad release; official metadata identifies direct ocular, retinal, corneal, lens, or visual-system scientific data.",,,high
10.5061/dryad.s1rn8pkk5,Data from: Multi-fluid MHD study of the disappearing solar wind event observed by MAVEN: Effects of solar wind density,exclude,Unrelated keyword search hit; not an eye or ophthalmology data resource.,,,high
10.5061/dryad.s1rn8pkpv,Data and code from: Thermodynamics and melting of a quantum quasicrystal,exclude,"Paper, review, or software/code release without a distinct reusable eye-data resource.",,,high
10.5061/dryad.s46t627,Data from: An aposematic colour-polymorphic moth seen through the eyes of conspecifics and predators - sensitivity and colour discrimination in a tiger moth,exclude,"Ocular keyword hit, but title/metadata does not establish a distinct reusable eye or ophthalmology data resource.",,,high
10.5061/dryad.s4mw6m9b0,Evolutionary insights into Felidae iris color through ancestral state reconstruction,include,"Public CC0 Dryad release; official metadata identifies direct ocular, retinal, corneal, lens, or visual-system scientific data.",,,high
10.5061/dryad.s502854,Data from: Exploring the visual world of fossilized and modern fungus gnat eyes (Diptera: Keroplatidae) with X-ray microtomography,include,"Public CC0 Dryad release; official metadata identifies direct ocular, retinal, corneal, lens, or visual-system scientific data.",,,high
10.5061/dryad.s7h44j1dh,Data from: Field-free deterministic switching of all-van der Waals spin-orbit torque system above room temperature,exclude,"Physics, astronomy, or software use of ?orbit?; not an ocular-orbit resource.",,,high
10.5061/dryad.s9b6070,Data from: Unravelling the distinctive craniomandibular morphology of the Plio‐Pleistocene Eumysops in the evolutionary setting of South American octodontoid rodents (Hystricomorpha),exclude,Unrelated keyword search hit; not an eye or ophthalmology data resource.,,,high
10.5061/dryad.sbcc2fr2h,Collective detection based on visual information in animal groups,exclude,Unrelated keyword search hit; not an eye or ophthalmology data resource.,,,high
10.5061/dryad.sbcc2fr5b,Data from: A phylogenetic study to assess the link between biome specialisation and diversification in swallowtail butterflies,exclude,Unrelated keyword search hit; not an eye or ophthalmology data resource.,,,high
10.5061/dryad.sbcc2fr6n,Exploring phenotypic diversity of pigmented traits and iris features in Pakistani population,include,"Public CC0 Dryad release; official metadata identifies direct ocular, retinal, corneal, lens, or visual-system scientific data.",,,high
10.5061/dryad.sbcc2fr7b,Guppies (Poecilia reticulata) are deceived by visual illusions during obstacle negotiation,exclude,Unrelated keyword search hit; not an eye or ophthalmology data resource.,,,high
10.5061/dryad.sbcc2fr7r,Gender and age-related differences of ccular biometric parameters in patients undergoing cataract surgery in Bosnia and Herzegovina,include,"Public CC0 Dryad release; official metadata identifies direct ocular, retinal, corneal, lens, or visual-system scientific data.",,,high
10.5061/dryad.sd845,Data from: Determining population structure and hybridization for two iris species,exclude,Plant genus Iris search collision; not an ocular resource.,,,high
10.5061/dryad.sf7m0cggh,Robust semi-automatic vessel tracing in the human retinal image by an instance segmentation neural network,include,"Public CC0 Dryad release; official metadata identifies direct ocular, retinal, corneal, lens, or visual-system scientific data.",,,high
10.5061/dryad.sf85s,"Data from: Two new species of Ichthyosaurus from the lowermost Jurassic (Hettangian) of Somerset, England",exclude,Unrelated keyword search hit; not an eye or ophthalmology data resource.,,,high
10.5061/dryad.sj3tx968w,The origin of blinking in both mudskippers and tetrapods is linked to life on land,include,"Public CC0 Dryad release; official metadata identifies direct ocular, retinal, corneal, lens, or visual-system scientific data.",,,high
10.5061/dryad.sj3tx96fq,Data from: Temporal power of a cycling sprinter: Experiments & effective time theory,exclude,Unrelated keyword search hit; not an eye or ophthalmology data resource.,,,high
10.5061/dryad.sm12c,Data from: Genetic basis for red coloration in birds,exclude,Unrelated keyword search hit; not an eye or ophthalmology data resource.,,,high
10.5061/dryad.sn02v6x2x,Data from: Corneal laser procedure for vision improvement in patients with late stage dry age-related macular degeneration,include,"Public CC0 Dryad release; official metadata identifies direct ocular, retinal, corneal, lens, or visual-system scientific data.",,,high
10.5061/dryad.sn42f,Data from: Colour misbinding during motion rivalry,exclude,Unrelated keyword search hit; not an eye or ophthalmology data resource.,,,high
10.5061/dryad.sn69s,"Data from: Image based modelling of lateral magma flow: the Basement Sill, Antarctica",exclude,Unrelated keyword search hit; not an eye or ophthalmology data resource.,,,high
10.5061/dryad.sqv9s4nhj,Data from: Evaluating the roles of signaling and camouflage in the evolution of iris color in Tyranni passerines,include,"Public CC0 Dryad release; official metadata identifies direct ocular, retinal, corneal, lens, or visual-system scientific data.",,,high
10.5061/dryad.stqjq2c0j,"Lesion evolution and neurodegeneration in RVCL-S, a monogenic microvasculopathy",exclude,Unrelated keyword search hit; not an eye or ophthalmology data resource.,,,high
10.5061/dryad.sxksn036z,Centroid values of aerosol optical properties for 8 sub-types based in AERONET inversion data (1993–2018),exclude,Unrelated keyword search hit; not an eye or ophthalmology data resource.,,,high
10.5061/dryad.t0p2f2c,Data from: Cardinalfishes (Apogonidae) show visual system adaptations typical of nocturnally and diurnally active fish,include,"Public CC0 Dryad release; official metadata identifies direct ocular, retinal, corneal, lens, or visual-system scientific data.",,,high
10.5061/dryad.t1g1jwt3r,Representations of color and form in mouse visual cortex,exclude,Vision/behaviour search hit without direct ocular or ophthalmic data in the repository metadata.,,,high
10.5061/dryad.t4b8gtj77,Data from: An essential experimental control for functional connectivity mapping with optogenetics,exclude,Unrelated keyword search hit; not an eye or ophthalmology data resource.,,,high
10.5061/dryad.t6dg1,Data from: Misuse of bird digital distribution maps creates reversed spatial diversity patterns in the Amazon,exclude,Unrelated keyword search hit; not an eye or ophthalmology data resource.,,,high
10.5061/dryad.t749b,Data from: Are flatfishes (Pleuronectiformes) monophyletic?,exclude,Unrelated keyword search hit; not an eye or ophthalmology data resource.,,,high
10.5061/dryad.t8011,Data from: Real-time modulation of perceptual eye dominance in humans,include,"Public CC0 Dryad release; official metadata identifies direct ocular, retinal, corneal, lens, or visual-system scientific data.",,,high
10.5061/dryad.t960f,Data from: Determination of the genetic architecture underlying short wavelength sensitivity in Lake Malawi cichlids,include,"Public CC0 Dryad release; official metadata identifies direct ocular, retinal, corneal, lens, or visual-system scientific data.",,,high
10.5061/dryad.t9n4n3p,"An investigation of antihypertensive class, dementia, and cognitive decline",exclude,Unrelated keyword search hit; not an eye or ophthalmology data resource.,,,high
10.5061/dryad.tb2rbp0cq,Serial block face scanning electron micrographs of mouse outer retina,include,"Public CC0 Dryad release; official metadata identifies direct ocular, retinal, corneal, lens, or visual-system scientific data.",,,high
10.5061/dryad.tdz08kq4d,Descending neurons of the hoverfly respond to pursuits of artificial targets,exclude,Unrelated keyword search hit; not an eye or ophthalmology data resource.,,,high
10.5061/dryad.tdz08kq8t,"Sphingosine-1-phosphate signaling regulates the ability of Müller glia to become neurogenic, proliferating progenitor-like cells",include,"Public CC0 Dryad release; official metadata identifies direct ocular, retinal, corneal, lens, or visual-system scientific data.",,,high
10.5061/dryad.tdz08kqb1,Data from: Unravelling the difference in craniofacial morphology of Yucatan miniature and standard pigs during postnatal ontogeny,exclude,Unrelated keyword search hit; not an eye or ophthalmology data resource.,,,high
10.5061/dryad.th8334d,Data from: Evolutionary signatures of photoreceptor transmutation in geckos reveal potential adaptation and convergence with snakes,include,"Public CC0 Dryad release; official metadata identifies direct ocular, retinal, corneal, lens, or visual-system scientific data.",,,high
10.5061/dryad.tht76hf0c,Dataset for RSOS-211108,exclude,Exact Dryad DOI already cataloged; exclude duplicate record.,dryad_cornea_oct_pentacam,exact_duplicate,high
10.5061/dryad.tht76hf10,Deep sequencing data for document titled: Rolling circle RNA synthesis catalysed by RNA,exclude,Unrelated keyword search hit; not an eye or ophthalmology data resource.,,,high
10.5061/dryad.tht76hfc8,Engineered virus-like particles for transient delivery of prime editor ribonucleoprotein complexes in vivo,exclude,Unrelated keyword search hit; not an eye or ophthalmology data resource.,,,high
10.5061/dryad.tmpg4f4vb,Effects of capsular tension ring on surgical outcomes of premium intraocular lens in patients with suspected zonular weakness,include,"Public CC0 Dryad release; official metadata identifies direct ocular, retinal, corneal, lens, or visual-system scientific data.",,,high
10.5061/dryad.tmpg4f5f9,Data from: Spatial biases in visual feature representation of mouse dorsal lateral geniculate nucleus boutons,exclude,Unrelated keyword search hit; not an eye or ophthalmology data resource.,,,high
10.5061/dryad.tn70pf1,Data from: Shortwave sand transport in the shallow surf zone,exclude,Unrelated keyword search hit; not an eye or ophthalmology data resource.,,,high
10.5061/dryad.tp24j18,Data from: Response to short-term deprivation of the human adult visual cortex measured with 7T BOLD,exclude,Vision/behaviour search hit without direct ocular or ophthalmic data in the repository metadata.,,,high
10.5061/dryad.tq0gt,Data from: Using hidden Markov models to improve quantifying physical activity in accelerometer data – a simulation study,exclude,Unrelated keyword search hit; not an eye or ophthalmology data resource.,,,high
10.5061/dryad.tq63tp2,"Data from: Metabolism and foraging strategies of mid-latitude mesozooplankton during cyanobacterial blooms as revealed by fatty acids, amino acids and their stable carbon isotopes",exclude,Unrelated keyword search hit; not an eye or ophthalmology data resource.,,,high
10.5061/dryad.tqjq2bw21,"Optomotor response (eye movment) and avoidance responses (locomotor activity) of crabs Neohelice granulata for LP-lesioned, control lesioned and control crabs",include,"Public CC0 Dryad release; official metadata identifies direct ocular, retinal, corneal, lens, or visual-system scientific data.",,,high
10.5061/dryad.tqjq2bwbj,Data from: Engineered nucleocytosolic vehicles for loading of programmable editors,exclude,Unrelated keyword search hit; not an eye or ophthalmology data resource.,,,high
10.5061/dryad.tqjq2bwc6,Data from: Emergent Rashba spin-orbit coupling in bulk gold with buried network of nanoscale interfaces,exclude,"Physics, astronomy, or software use of ?orbit?; not an ocular-orbit resource.",,,high
10.5061/dryad.tx95x6b4m,Data of top 50 most cited articles about COVID-19 and the complications of COVID-19,exclude,Unrelated keyword search hit; not an eye or ophthalmology data resource.,,,high
10.5061/dryad.v15dv41vz,Attention and distraction in the modular visual system of a jumping spider,exclude,Vision/behaviour search hit without direct ocular or ophthalmic data in the repository metadata.,,,high
10.5061/dryad.v18jj97,"Data from: Flow, flux and feeding in freshwater mussels",exclude,Unrelated keyword search hit; not an eye or ophthalmology data resource.,,,high
10.5061/dryad.v2n78h0,Data from: Losing the trait without losing the signal: evolutionary shifts in communicative colour signalling,exclude,Unrelated keyword search hit; not an eye or ophthalmology data resource.,,,high
10.5061/dryad.v3s00,Data from: The evolution of complexity in the visual systems of stomatopods: insights from transcriptomics,include,"Public CC0 Dryad release; official metadata identifies direct ocular, retinal, corneal, lens, or visual-system scientific data.",,,high
10.5061/dryad.v41ns1s3p,Landscape diversity is correlated with satellite-sensed primary productivity in North America,exclude,Unrelated keyword search hit; not an eye or ophthalmology data resource.,,,high
10.5061/dryad.v4455hc,Data from: Systematic review on barriers and enablers for access to diabetic retinopathy screening services in different income settings,exclude,"Paper, review, or software/code release without a distinct reusable eye-data resource.",,,high
10.5061/dryad.v6st3,Data from: From cellular characteristics to disease diagnosis: uncovering phenotypes with supercells,exclude,Unrelated keyword search hit; not an eye or ophthalmology data resource.,,,high
10.5061/dryad.v6wwpzgs5,‘The last channel’: Vision at the temporal margin of the field,include,"Public CC0 Dryad release; official metadata identifies direct ocular, retinal, corneal, lens, or visual-system scientific data.",,,high
10.5061/dryad.v6wwpzh1b,Data from: Micropulse transscleral cyclophotocoagulation results in secondary glaucoma,include,"Public CC0 Dryad release; official metadata identifies direct ocular, retinal, corneal, lens, or visual-system scientific data.",,,high
10.5061/dryad.v6wwpzh23,"Supporting materials and data from: Hypotheses concerning global magnetospheric convection, magnetosphere-Ionosphere coupling, and auroral activity at Uranus",exclude,Unrelated keyword search hit; not an eye or ophthalmology data resource.,,,high
10.5061/dryad.v9p0b,Data from: Retinal capillary rarefaction in patients with untreated mild-moderate hypertension,include,"Public CC0 Dryad release; official metadata identifies direct ocular, retinal, corneal, lens, or visual-system scientific data.",,,high
10.5061/dryad.vhhmgqnvf,Multiple sequence alignments and phylogenetic trees from: Co-option of the limb patterning program in cephalopod eye development,include,"Public CC0 Dryad release; official metadata identifies direct ocular, retinal, corneal, lens, or visual-system scientific data.",,,high
10.5061/dryad.vhhmgqp2c,Data from: Light environment and seasonal variation in the visual system of the red shiner (Cyprinella lutrensis),include,"Public CC0 Dryad release; official metadata identifies direct ocular, retinal, corneal, lens, or visual-system scientific data.",,,high
10.5061/dryad.vk62410,Data from: Epidemiology of NMOSD in Sweden from 1987-2013: a nationwide population-based study,exclude,Unrelated keyword search hit; not an eye or ophthalmology data resource.,,,high
10.5061/dryad.vp825,Data from: Lateralization in alpha-band oscillations predicts the locus and spatial distribution of attention,exclude,Unrelated keyword search hit; not an eye or ophthalmology data resource.,,,high
10.5061/dryad.vq83bk3s8,Spatially displaced excitation contributes to the encoding of interrupted motion by the retinal direction-selective circuit,include,"Public CC0 Dryad release; official metadata identifies direct ocular, retinal, corneal, lens, or visual-system scientific data.",,,high
10.5061/dryad.vq83bk3z8,Imaging dataset from: Longitudinal tracking of acute kidney injury reveals injury propagation along the nephron,exclude,Unrelated keyword search hit; not an eye or ophthalmology data resource.,,,high
10.5061/dryad.vq83bk429,Data and code from: 3D-SOCS: synchronized video capture for posture estimation,exclude,"Paper, review, or software/code release without a distinct reusable eye-data resource.",,,high
10.5061/dryad.vq83bk46x,The oral and lower airway microbiota and coronary heart disease in COPD patients and controls,exclude,Unrelated keyword search hit; not an eye or ophthalmology data resource.,,,high
10.5061/dryad.vx0k6djwf,Amacrine cells differentially balance zebrafish colour circuits in the central and peripheral retina,include,"Public CC0 Dryad release; official metadata identifies direct ocular, retinal, corneal, lens, or visual-system scientific data.",,,high
10.5061/dryad.vx0k6dk1k,Mars Reconnaissance Orbiter (MRO) Mars Color Imager (MARCI) north seasonal cap original movies Mars years 28 to 35,exclude,Unrelated keyword search hit; not an eye or ophthalmology data resource.,,,high
10.5061/dryad.vx0k6dk5m,Data from: Gene flow blurs species boundaries in the Juncus ensifolius – saximontanus (Poales: Juncaceae) species complex,exclude,Unrelated keyword search hit; not an eye or ophthalmology data resource.,,,high
10.5061/dryad.w0vt4b8n3,Fovea-like photoreceptor specialisations underlie single UV-cone driven prey capture behaviour in zebrafish,include,"Public CC0 Dryad release; official metadata identifies direct ocular, retinal, corneal, lens, or visual-system scientific data.",,,high
10.5061/dryad.w0vt4b8w1,Evolution along allometric lines of least resistance: Morphological differentiation in Pristurus geckos,exclude,Unrelated keyword search hit; not an eye or ophthalmology data resource.,,,high
10.5061/dryad.w0vt4b91w,Data and code from: Head-mounted surgical robots are an enabling technology for subretinal injections,exclude,Exact Dryad DOI already cataloged; exclude duplicate record.,dryad_subretinal_robot,exact_duplicate,high
10.5061/dryad.w3r2280tq,The power of vision: Calibration of auditory space after sight restoration from congenital cataracts,include,"Public CC0 Dryad release; official metadata identifies direct ocular, retinal, corneal, lens, or visual-system scientific data.",,,high
10.5061/dryad.w3r228143,Photoreceptor loss does not recruit neutrophils despite strong microglial activation,include,"Public CC0 Dryad release; official metadata identifies direct ocular, retinal, corneal, lens, or visual-system scientific data.",,,high
10.5061/dryad.wdbrv15kp,Data from: A snapping shrimp has the fastest vision of any aquatic animal,exclude,Unrelated keyword search hit; not an eye or ophthalmology data resource.,,,high
10.5061/dryad.wdbrv15rj,Natural disease history of a canine model of oligogenic RPGRIP1-cone-rod dystrophy establishes variable effects of previously and newly mapped modifier loci,include,"Public CC0 Dryad release; official metadata identifies direct ocular, retinal, corneal, lens, or visual-system scientific data.",,,high
10.5061/dryad.wm37pvmq8,Raw data for the article: A Cryptochrome adopts distinct moon- and sunlight states and functions as sun- versus moonlight interpreter in monthly oscillator entrainment,exclude,Unrelated keyword search hit; not an eye or ophthalmology data resource.,,,high
10.5061/dryad.wpzgmsbnb,"Win some, lose some: mesocosm communities maintain community productivity despite lower phosphorus availability because of increased species diversity",exclude,Unrelated keyword search hit; not an eye or ophthalmology data resource.,,,high
10.5061/dryad.wstqjq2n5,Data from: Spectral inference reveals principal cone-integration rules of the zebrafish inner retina,include,"Public CC0 Dryad release; official metadata identifies direct ocular, retinal, corneal, lens, or visual-system scientific data.",,,high
10.5061/dryad.wstqjq2vg,CO and H2S-adsorbed 1D AlSi structures for gas sensing applications,exclude,Unrelated keyword search hit; not an eye or ophthalmology data resource.,,,high
10.5061/dryad.wwpzgmssx,Comprehensive study for SNARE involved in the post-Golgi transport in Drosophila photoreceptors,include,"Public CC0 Dryad release; official metadata identifies direct ocular, retinal, corneal, lens, or visual-system scientific data.",,,high
10.5061/dryad.x0k6djhf8,In the corner of the eye: camouflaging motion in the peripheral visual field,include,"Public CC0 Dryad release; official metadata identifies direct ocular, retinal, corneal, lens, or visual-system scientific data.",,,high
10.5061/dryad.x0k6djhrk,Phylogenetic and recombination analysis of adenovirus isolates reveals discordance between serotype and phylogeny: Multiple sequence alignments,exclude,Unrelated keyword search hit; not an eye or ophthalmology data resource.,,,high
10.5061/dryad.x3ffbg7dz,Data from: Induced phenological avoidance: a neglected defense mechanism against seed predation in plants,exclude,Unrelated keyword search hit; not an eye or ophthalmology data resource.,,,high
10.5061/dryad.x3ffbg7nn,"Progress in understanding middle Eocene nassellarian (Radiolaria, Polycystinea) diversity; new insights from the western equatorial Atlantic Ocean",exclude,Unrelated keyword search hit; not an eye or ophthalmology data resource.,,,high
10.5061/dryad.x3ffbg7wt,"Data from: Taxonomic corrections and new records for vascular plants of Kyrgyzstan, 6",exclude,Unrelated keyword search hit; not an eye or ophthalmology data resource.,,,high
10.5061/dryad.x69p8czhv,eNOS/NO and their role in modifying the vascular barrier in retinopathy - Source data,include,"Public CC0 Dryad release; official metadata identifies direct ocular, retinal, corneal, lens, or visual-system scientific data.",,,high
10.5061/dryad.x95x69pmq,Robust cone-mediated signaling persists late into rod photoreceptor degeneration,include,"Public CC0 Dryad release; official metadata identifies direct ocular, retinal, corneal, lens, or visual-system scientific data.",,,high
10.5061/dryad.xd2547dkc,Flash sequence duration,exclude,Unrelated keyword search hit; not an eye or ophthalmology data resource.,,,high
10.5061/dryad.xgxd254d1,Systemic paralogy and function of retinal determination network homologs in arachnids,include,"Public CC0 Dryad release; official metadata identifies direct ocular, retinal, corneal, lens, or visual-system scientific data.",,,high
10.5061/dryad.xgxd254pk,"Supporting information for: Discrimination ability of central visual field testing using stimulus size I, II, and III and relationship with macular ganglion cell thickness in chiasmal compression",include,"Public CC0 Dryad release; official metadata identifies direct ocular, retinal, corneal, lens, or visual-system scientific data.",,,high
10.5061/dryad.xgxd254w6,Data from: Photodynamic therapy with infracyanine green induces keratocyte depopulation in the normal equine cornea,include,"Public CC0 Dryad release; official metadata identifies direct ocular, retinal, corneal, lens, or visual-system scientific data.",,,high
10.5061/dryad.xpnvx0kb6,"Data from: Oxidative stress in the retina and retinal pigment epithelium (RPE): role of aging, and DJ-1",include,"Public CC0 Dryad release; official metadata identifies direct ocular, retinal, corneal, lens, or visual-system scientific data.",,,high
10.5061/dryad.xsj3tx9gx,"Datasets for neuronal imaging, extracellular recordings and behavioral rig code",exclude,Unrelated keyword search hit; not an eye or ophthalmology data resource.,,,high
10.5061/dryad.xwdbrv1f6,"Ecological specialization, rather than the island effect, explains morphological diversification in an ancient radiation of geckos",exclude,Unrelated keyword search hit; not an eye or ophthalmology data resource.,,,high
10.5061/dryad.xwdbrv1jh,"The conservation genetics of Iris lacustris (Dwarf Lake Iris), a Great Lakes endemic",exclude,Plant genus Iris search collision; not an ocular resource.,,,high
10.5061/dryad.xwdbrv1kd,GTPBP2 in-frame deletion in a canine model with progressive retinal degeneration,include,"Public CC0 Dryad release; official metadata identifies direct ocular, retinal, corneal, lens, or visual-system scientific data.",,,high
10.5061/dryad.xwdbrv1tn,Diagnostic capability of ganglion cell complex thickness via spectral domain optical coherence tomography in glaucoma,exclude,Exact Dryad DOI already cataloged; exclude duplicate record.,dryad_gcc_glaucoma,exact_duplicate,high
10.5061/dryad.z08kprrg3,"Data from: Feeding ecology of Ellochelon vaigiensis (Quoy & Gaimard, 1825) living in the Mekong Delta, Vietnam",exclude,Unrelated keyword search hit; not an eye or ophthalmology data resource.,,,high
10.5061/dryad.z08kprrk3,Data from: A naturally occurring canine model of syndromic congenital microphthalmia,include,"Public CC0 Dryad release; official metadata identifies direct ocular, retinal, corneal, lens, or visual-system scientific data.",,,high
10.5061/dryad.z08kprrk6,Frameshift variant in AMPD2 in Cirneco dell’ Etna with retinopathy and tremors,include,"Public CC0 Dryad release; official metadata identifies direct ocular, retinal, corneal, lens, or visual-system scientific data.",,,high
10.5061/dryad.z08kprrm1,Data from: Quantifying a light-induced energetic change in bacteriorhodopsin by force spectroscopy,exclude,Unrelated keyword search hit; not an eye or ophthalmology data resource.,,,high
10.5061/dryad.z612jm67f,Feeding behaviour is the main driver for microparticle intake in mangrove crabs,exclude,Unrelated keyword search hit; not an eye or ophthalmology data resource.,,,high
10.5061/dryad.z612jm68q,Chemical-genetic interrogation of RNA polymerase mutants reveals structure-function relationships and physiological tradeoffs,exclude,Unrelated keyword search hit; not an eye or ophthalmology data resource.,,,high
10.5061/dryad.z8w9ghx9c,Accuracy of intraocular lens calculation formulas in cataract patients with steep corneal curvature,include,"Public CC0 Dryad release; official metadata identifies direct ocular, retinal, corneal, lens, or visual-system scientific data.",,,high
10.5061/dryad.z8w9ghx9f,Inflation test on eye globe for: Experimental evaluation of stiffening effect induced by UVA/riboflavin corneal cross-linking using intact porcine eye globes,include,"Public CC0 Dryad release; official metadata identifies direct ocular, retinal, corneal, lens, or visual-system scientific data.",,,high
10.5061/dryad.z8w9ghxpp,ApoM-bound S1P acts via endothelial S1PR1 to suppress choroidal neovascularization and vascular leak,include,"Public CC0 Dryad release; official metadata identifies direct ocular, retinal, corneal, lens, or visual-system scientific data.",,,high
10.5061/dryad.z8w9ghxs8,Exact kinetic propagators for coherent state complex Langevin simulations,exclude,Unrelated keyword search hit; not an eye or ophthalmology data resource.,,,high
10.5061/dryad.zcrjdfngp,Data from: Behavior shapes retinal motion statistics during natural locomotion,include,"Public CC0 Dryad release; official metadata identifies direct ocular, retinal, corneal, lens, or visual-system scientific data.",,,high
10.5061/dryad.zcrjdfnpb,Data from: Plasticity in hydraulic architecture: Riparian trees respond to increased temperatures with genotype-specific adjustments to leaf traits,exclude,Unrelated keyword search hit; not an eye or ophthalmology data resource.,,,high
10.5061/dryad.zkh18938j,Data from: Integration of genomics and transcriptomics predicts diabetic retinopathy susceptibility genes,include,"Public CC0 Dryad release; official metadata identifies direct ocular, retinal, corneal, lens, or visual-system scientific data.",,,high
10.5061/dryad.zkh1893nt,Glaucoma-associated optineurin mutations increase transcellular degradation of mitochondria in a vertebrate optic nerve,include,"Public CC0 Dryad release; official metadata identifies direct ocular, retinal, corneal, lens, or visual-system scientific data.",,,high
10.5061/dryad.zpc866tfb,Brief mindfulness coaching enhances selective attention in medical scientists: A pilot study,exclude,Unrelated keyword search hit; not an eye or ophthalmology data resource.,,,high
10.5061/dryad.zpc866tfn,Data from: Rise and diversification of chondrichthyans in the Paleozoic,exclude,Unrelated keyword search hit; not an eye or ophthalmology data resource.,,,high
10.5061/dryad.zs7h44jd9,Data for: Impact of alpha crystallin loss on zebrafish lens development,include,"Public CC0 Dryad release; official metadata identifies direct ocular, retinal, corneal, lens, or visual-system scientific data.",,,high
10.5061/dryad.zw3r2285w,Geometric structure and electronic properties of boron-substituted silicene,exclude,Unrelated keyword search hit; not an eye or ophthalmology data resource.,,,high
10.5061/dryad.zw3r228km,Seeing in the deep: evolution of the opsin gene expression in Bermin crater lake cichlids,include,"Public CC0 Dryad release; official metadata identifies direct ocular, retinal, corneal, lens, or visual-system scientific data.",,,high
10.5068/d10m4s,Van Allen Probes MagEIS sensor response functions,exclude,Unrelated keyword search hit; not an eye or ophthalmology data resource.,,,high
10.5068/d1208q,Data from: Specifying high-altitude electrons using low-altitude LEO systems: the SHELLS model,exclude,Unrelated keyword search hit; not an eye or ophthalmology data resource.,,,high
10.5068/d1zd5s,Single cell transcriptomic analyses reveal the impact of bHLH factors on human retinal organoid development,include,"Public CC0 Dryad release; official metadata identifies direct ocular, retinal, corneal, lens, or visual-system scientific data.",,,high
10.6075/j0707ztm,Early removal of senescent cells protects retinal ganglion cells loss in experimental ocular hypertension,include,"Public CC0 Dryad release; official metadata identifies direct ocular, retinal, corneal, lens, or visual-system scientific data.",,,high
10.6078/d12d9f,Excitatory neurotransmission activates compartmentalized calcium transients in Müller glia without affecting lateral process motility,include,"Public CC0 Dryad release; official metadata identifies direct ocular, retinal, corneal, lens, or visual-system scientific data.",,,high
10.6078/d1895r,Directed Evolution of AAV for Efficient Gene Delivery to Canine and Primate Retina - Raw counts of variants from deep sequencing,include,"Public CC0 Dryad release; official metadata identifies direct ocular, retinal, corneal, lens, or visual-system scientific data.",,,high
10.6078/d18t35,"Data from: Idiosyncratic perception: a link between acuity, perceived position and apparent size",include,"Public CC0 Dryad release; official metadata identifies direct ocular, retinal, corneal, lens, or visual-system scientific data.",,,high
10.6078/d1dx1p,Data from: Precession modulation of the South Pacific westerly wind belt over the past million years,exclude,Unrelated keyword search hit; not an eye or ophthalmology data resource.,,,high
10.6078/d1h13d,"Phylogeny of species, infraspecific taxa, and forms in Iris subgenus Xiphium (Iridaceae) that have centers of diversity in the Mediterranean Basin biodiversity hotspot",exclude,Plant genus Iris search collision; not an ocular resource.,,,high
10.6078/d1n41x,Data from: Probing lithium mobility at a solid electrolyte surface,exclude,Unrelated keyword search hit; not an eye or ophthalmology data resource.,,,high
10.6078/d1vb0g,Data and code associated with: Two annual cycles of the Pacific cold tongue under orbital precession,exclude,Unrelated keyword search hit; not an eye or ophthalmology data resource.,,,high
10.6078/d1xt19,Simulated antihydrogen orbits in an octupole-based Minimum-B trap,exclude,"Physics, astronomy, or software use of ?orbit?; not an ocular-orbit resource.",,,high
10.6086/d12x00,Signature of a pair of Majorana zero modes in superconducting gold surface states,exclude,Unrelated keyword search hit; not an eye or ophthalmology data resource.,,,high
10.7272/q6513wg4,Data for: Distinguishing externally- from saccade-induced motion in visual cortex,exclude,Vision/behaviour search hit without direct ocular or ophthalmic data in the repository metadata.,,,high
10.7272/q6cv4fx3,Single center series of boys with recurrent strokes and rotational vertebral arteriopathy: Supplemental Table,exclude,Unrelated keyword search hit; not an eye or ophthalmology data resource.,,,high
10.7272/q6rf5rzx,Retinofugal projections from melanopsin-expressing retinal ganglion cells revealed by intraocular injections of Cre-dependent virus,include,"Public CC0 Dryad release; official metadata identifies direct ocular, retinal, corneal, lens, or visual-system scientific data.",,,high
10.7272/q6rv0kz3,Asymmetric retinal direction tuning predicts optokinetic eye movements across stimulus conditions,include,"Public CC0 Dryad release; official metadata identifies direct ocular, retinal, corneal, lens, or visual-system scientific data.",,,high
10.7272/q6w37t8b,10x Lacrimal Gland scRNA seq data matrix,include,"Public CC0 Dryad release; official metadata identifies direct ocular, retinal, corneal, lens, or visual-system scientific data.",,,high
10.7280/d11h3x,Annual Ice Velocity of the Greenland Ice Sheet (2010-2017),exclude,Unrelated keyword search hit; not an eye or ophthalmology data resource.,,,high
10.7280/d1595v,Annual Ice Velocity of the Greenland Ice Sheet (2001-2010),exclude,Unrelated keyword search hit; not an eye or ophthalmology data resource.,,,high
10.7280/d1gw91,Annual Ice Velocity of the Greenland Ice Sheet (1991-2000),exclude,Unrelated keyword search hit; not an eye or ophthalmology data resource.,,,high
10.7280/d1mm37,Annual Ice Velocity of the Greenland Ice Sheet (1972-1990),exclude,Unrelated keyword search hit; not an eye or ophthalmology data resource.,,,high
10.7291/d18x0d,Code to track coupled orbital-rotational evolution of a planet and satellite,exclude,"Physics, astronomy, or software use of ?orbit?; not an ocular-orbit resource.",,,high
10.7291/d1fq18,Increased frequency of extreme precipitation events in the North Atlantic during the PETM: Observations and theory,exclude,Unrelated keyword search hit; not an eye or ophthalmology data resource.,,,high
10.7291/d1v10q,Population-specific vulnerability to ocean change in a multi-stressor environment,exclude,Unrelated keyword search hit; not an eye or ophthalmology data resource.,,,high
10.7291/d1zm3n,Inferring Mimas' spatial distribution of tidal heating from its long-wavelength topography,exclude,Unrelated keyword search hit; not an eye or ophthalmology data resource.,,,high
