doi,title,original_query_hits,initial_decision,matched_existing_record,relationship_type,final_decision,final_catalog_slug,reason,review_stage,official_source_url
10.15146/r36w24,Análise de imagens de fundo de olho para detecção de retinopatia diabética,"[""\""diabetic retinopathy\""""]",needs_manual_review,eyepacs,derived_from_existing_source,excluded_duplicate_or_upstream_terms,,The three feature CSVs are a derivative of Kaggle diabetic-retinopathy images; the deposit does not establish upstream redistribution terms or a sufficiently distinct independent resource.,deferred_resolution,https://doi.org/10.15146/r36w24
10.25338/b8fp72,Data: Phenotypic trait differences between Iris pseudacorus in native and introduced ranges support greater capacity of invasive populations to withstand sea level rise,"[""iris""]",exclude,,,excluded_out_of_scope_or_false_positive,,Plant genus Iris search collision; not an ocular resource.,broad_screen,https://doi.org/10.25338/b8fp72
10.25338/b8p62h,"Data for: Effects of physical impairments on fitness correlates of the white-footed mouse, Peromyscus leucopus","[""cataract""]",exclude,,,excluded_out_of_scope_or_false_positive,,Unrelated keyword search hit; not an eye or ophthalmology data resource.,broad_screen,https://doi.org/10.25338/b8p62h
10.25338/b8wh0q,Data from: Germination niche breadth of invasive Iris pseudacorus (L.) suggests continued recruitment from seeds with climate warming,"[""iris""]",exclude,,,excluded_out_of_scope_or_false_positive,,Plant genus Iris search collision; not an ocular resource.,broad_screen,https://doi.org/10.25338/b8wh0q
10.25349/d9gp7f,Data for: Intrinsic spin Hall torque in a moiré Chern magnet,"[""orbit""]",exclude,,,excluded_out_of_scope_or_false_positive,,Unrelated keyword search hit; not an eye or ophthalmology data resource.,broad_screen,https://doi.org/10.25349/d9gp7f
10.25349/d9j62b,"Analysis data for ""The effect of agricultural land retirement on pesticide use""","[""iris""]",exclude,,,excluded_out_of_scope_or_false_positive,,Unrelated keyword search hit; not an eye or ophthalmology data resource.,broad_screen,https://doi.org/10.25349/d9j62b
10.25349/d9jc8b,Imaging orbital ferromagnetism in a moire Chern insulator,"[""orbit""]",exclude,,,excluded_out_of_scope_or_false_positive,,"Physics, astronomy, or software use of ?orbit?; not an ocular-orbit resource.",broad_screen,https://doi.org/10.25349/d9jc8b
10.25349/d9k330,Measures and models of visual acuity in epipelagic and mesopelagic teleosts and elasmobranchs,"[""retinal""]",exclude,,,excluded_out_of_scope_or_false_positive,,Unrelated keyword search hit; not an eye or ophthalmology data resource.,broad_screen,https://doi.org/10.25349/d9k330
10.25349/d9r626,Data from: Quantum disordered ground state in the triangular-lattice magnet NaRuO2,"[""orbit""]",exclude,,,excluded_out_of_scope_or_false_positive,,Unrelated keyword search hit; not an eye or ophthalmology data resource.,broad_screen,https://doi.org/10.25349/d9r626
10.5061/dryad.01n20,Data from: Clinical efficacy of implantation of toric intraocular lenses with different incision positions: a comparative study of steep-axis incision and non-steep-axis incision,"[""cataract"", ""corneal"", ""ophthalmology""]",include,,,included_new_record,dryad_toric_iol_incision,Human toric-IOL surgical outcome table directly supports cataract-surgery outcome analysis.,scope_screen_a,https://doi.org/10.5061/dryad.01n20
10.5061/dryad.02v6wwqjh,Dataset for: Multi-organ acute and delayed effects following exposure to neutron radiation,"[""cataract""]",exclude,,,excluded_out_of_scope_or_false_positive,,Unrelated keyword search hit; not an eye or ophthalmology data resource.,broad_screen,https://doi.org/10.5061/dryad.02v6wwqjh
10.5061/dryad.08kprr5h8,Data from: Refillable intraocular drug-eluting implant,"[""cataract"", ""ocular"", ""ophthalmic"", ""ophthalmology""]",include,,,excluded_insufficient_reusable_ophthalmic_data,,Figure-labelled raw values support an intraocular-device paper; no distinct reusable ocular data object.,strict_screen_a,https://doi.org/10.5061/dryad.08kprr5h8
10.5061/dryad.0cfxpnwcs,Stable and accurate orbital-free density functional theory powered by machine learning,"[""orbit""]",exclude,,,excluded_out_of_scope_or_false_positive,,"Physics, astronomy, or software use of ?orbit?; not an ocular-orbit resource.",broad_screen,https://doi.org/10.5061/dryad.0cfxpnwcs
10.5061/dryad.0fg8g9h,Data from: Conserved visual sensitivities across divergent lizard lineages that differ in an ultraviolet sexual signal,"[""retinal""]",exclude,,,excluded_out_of_scope_or_false_positive,,Unrelated keyword search hit; not an eye or ophthalmology data resource.,broad_screen,https://doi.org/10.5061/dryad.0fg8g9h
10.5061/dryad.0gb5mkkxn,Data from: Presence of same-sex kin promotes explorative behavior in subadult cichlid fish,"[""iris""]",exclude,,,excluded_out_of_scope_or_false_positive,,Unrelated keyword search hit; not an eye or ophthalmology data resource.,broad_screen,https://doi.org/10.5061/dryad.0gb5mkkxn
10.5061/dryad.0gb5mkm9b,Postural stability and optic flow sensitivity following sight restoration from congenital bilateral cataracts,"[""cataract""]",needs_manual_review,,,included_new_record,dryad_congenital_cataract_sight_restoration,"Eleven named experiment tables, analysis scripts, demographics, and README form a distinct human visual-restoration dataset after congenital cataract surgery.",deferred_resolution,https://doi.org/10.5061/dryad.0gb5mkm9b
10.5061/dryad.0gb5mkmbc,A curated database of milky sea observations from 1600 to present,"[""orbit""]",exclude,,,excluded_out_of_scope_or_false_positive,,Unrelated keyword search hit; not an eye or ophthalmology data resource.,broad_screen,https://doi.org/10.5061/dryad.0gb5mkmbc
10.5061/dryad.0kt87,Data from: Analysis of iris surface features in populations of diverse ancestry,"[""iris"", ""ophthalmology""]",include,,,included_new_record,dryad_iris_surface_features,Individual human iris-feature records are directly reusable for iris biometrics and phenotype classification.,scope_screen_a,https://doi.org/10.5061/dryad.0kt87
10.5061/dryad.0n5f66n,Data from: Spondyloarthritis in the Democratic Republic of the Congo: a prospective hospital-based study,"[""uveitis""]",exclude,,,excluded_out_of_scope_or_false_positive,,Unrelated keyword search hit; not an eye or ophthalmology data resource.,broad_screen,https://doi.org/10.5061/dryad.0n5f66n
10.5061/dryad.0p2ngf25g,Mechanisms of simultaneous linear and nonlinear computations at the mammalian cone photoreceptor synapse,"[""retina""]",include,,,included_new_record,dryad_cone_synapse_computation,Ground-squirrel cone-synapse recordings are a well-defined retinal physiology resource relevant to photoreceptor mechanism studies.,scope_screen_a,https://doi.org/10.5061/dryad.0p2ngf25g
10.5061/dryad.0p2ngf2bd,Data from: The effect of sampling methods on the validity and reliability of the estimation of the orbital stability of human gait,"[""orbit""]",exclude,,,excluded_out_of_scope_or_false_positive,,Unrelated keyword search hit; not an eye or ophthalmology data resource.,broad_screen,https://doi.org/10.5061/dryad.0p2ngf2bd
10.5061/dryad.0p7vm,Data from: Development of an extracorporeal perfusion device for small animal free flaps,"[""angiography""]",exclude,,,excluded_out_of_scope_or_false_positive,,Unrelated keyword search hit; not an eye or ophthalmology data resource.,broad_screen,https://doi.org/10.5061/dryad.0p7vm
10.5061/dryad.0qk7f,Data from: Identification of genetic defects in 33 probands with Stargardt disease by WES-based bioinformatics gene panel analysis,"[""macular"", ""ophthalmic"", ""retinal""]",include,,,included_new_record,dryad_stargardt_wes,The 33-proband Stargardt variant table is a direct inherited-retinal-disease genomics resource.,scope_screen_a,https://doi.org/10.5061/dryad.0qk7f
10.5061/dryad.0vt4b8h0d,A historic global ground-based monthly seasonal aerosol climatology based in AERONET data: a database 1993-2013,"[""iris""]",exclude,,,excluded_out_of_scope_or_false_positive,,Unrelated keyword search hit; not an eye or ophthalmology data resource.,broad_screen,https://doi.org/10.5061/dryad.0vt4b8h0d
10.5061/dryad.0vt4b8hbz,Data and code from: Sub-surface deformation of individual fingerprint ridges during tactile interactions,"[""\""optical coherence tomography\""""]",exclude,,,excluded_insufficient_reusable_ophthalmic_data,,"Paper, review, or software/code release without a distinct reusable eye-data resource.",broad_screen,https://doi.org/10.5061/dryad.0vt4b8hbz
10.5061/dryad.0zpc866zm,"A comparative study on the stability of the furfural molecule on the low index Ni, Pd and Pt surfaces","[""orbit""]",exclude,,,excluded_out_of_scope_or_false_positive,,Unrelated keyword search hit; not an eye or ophthalmology data resource.,broad_screen,https://doi.org/10.5061/dryad.0zpc866zm
10.5061/dryad.0zpc86769,Direct magnetic imaging of  fractional Chern insulators in twisted MoTe2,"[""orbit""]",exclude,,,excluded_out_of_scope_or_false_positive,,Unrelated keyword search hit; not an eye or ophthalmology data resource.,broad_screen,https://doi.org/10.5061/dryad.0zpc86769
10.5061/dryad.12751,Data from: Microsaccadic sampling of moving image information provides Drosophila hyperacute vision,"[""\""retinal image\"""", ""retinal""]",exclude,,,excluded_out_of_scope_or_false_positive,,Unrelated keyword search hit; not an eye or ophthalmology data resource.,broad_screen,https://doi.org/10.5061/dryad.12751
10.5061/dryad.12jm63z04,Multivesicular Release LIF Spike Data,"[""retinal""]",exclude,,,excluded_out_of_scope_or_false_positive,,Unrelated keyword search hit; not an eye or ophthalmology data resource.,broad_screen,https://doi.org/10.5061/dryad.12jm63z04
10.5061/dryad.12jm63z62,Melanopsin-mediated amplification of cone signals in the human visual cortex,"[""retina"", ""retinal""]",exclude,,,excluded_out_of_scope_or_false_positive,,Vision/behaviour search hit without direct ocular or ophthalmic data in the repository metadata.,broad_screen,https://doi.org/10.5061/dryad.12jm63z62
10.5061/dryad.13bp2,Data from: Changing patterns of cataract services in North-West Nigeria: 2005–2016,"[""cataract""]",include,,,included_new_record,dryad_nigeria_cataract_services,The documented Nigerian cataract-service survey is direct human ophthalmic epidemiology data.,scope_screen_a,https://doi.org/10.5061/dryad.13bp2
10.5061/dryad.144h1s1,"Data from: Extraocular motoneuron pools develop along a dorsoventral axis in zebrafish, Danio rerio","[""orbit""]",include,,,excluded_out_of_scope_or_false_positive,,Zebrafish extraocular motoneuron developmental figure archives are basic neurodevelopmental research rather than a translational ocular resource.,scope_screen_a,https://doi.org/10.5061/dryad.144h1s1
10.5061/dryad.163mp,Data from: Rat retinal vasomotion assessed by laser speckle imaging,"[""retinal""]",include,,,included_new_record,dryad_retinal_vasomotion,Rat retinal laser-speckle measurements are a defined ocular vascular-imaging method resource.,scope_screen_a,https://doi.org/10.5061/dryad.163mp
10.5061/dryad.18931zd2t,Data for: Prediction in cultured cortical neural networks,"[""retinal""]",exclude,,,excluded_out_of_scope_or_false_positive,,Unrelated keyword search hit; not an eye or ophthalmology data resource.,broad_screen,https://doi.org/10.5061/dryad.18931zd2t
10.5061/dryad.18931zd46,Additional morphometrical and ecological data collected during the 2018 expedition of the UMMZ in Nicaragua,"[""iris""]",exclude,,,excluded_out_of_scope_or_false_positive,,Unrelated keyword search hit; not an eye or ophthalmology data resource.,broad_screen,https://doi.org/10.5061/dryad.18931zd46
10.5061/dryad.1c05010,Data from: Perceived shift of the centres of contracting and expanding optic flow fields: different biases in the lower-right and upper-right visual quadrants,"[""\""visual field\""""]",exclude,,,excluded_out_of_scope_or_false_positive,,Unrelated keyword search hit; not an eye or ophthalmology data resource.,broad_screen,https://doi.org/10.5061/dryad.1c05010
10.5061/dryad.1c59zw3sc,Data from: Insights in the diagnosis of a retinal arteriovenous malformation,"[""\""anterior segment\"""", ""angiography"", ""macular"", ""ophthalmology"", ""orbit"", ""retinal""]",needs_manual_review,,,excluded_insufficient_reusable_ophthalmic_data,,"The deposit documents one 15-year-old case report with ophthalmic images, so it is an insufficiently characterized case supplement rather than a reusable cohort resource.",deferred_resolution,https://doi.org/10.5061/dryad.1c59zw3sc
10.5061/dryad.1d64r,Data from: Infection with Haemoproteus iwa affects vector movement in a hippoboscid fly – frigatebird system,"[""iris""]",exclude,,,excluded_out_of_scope_or_false_positive,,Unrelated keyword search hit; not an eye or ophthalmology data resource.,broad_screen,https://doi.org/10.5061/dryad.1d64r
10.5061/dryad.1dm02,Data from: Identifying the core components of emotional intelligence: evidence from amplitude of low-frequency fluctuations during resting state,"[""orbit""]",exclude,,,excluded_out_of_scope_or_false_positive,,Unrelated keyword search hit; not an eye or ophthalmology data resource.,broad_screen,https://doi.org/10.5061/dryad.1dm02
10.5061/dryad.1f1rc,Data from: Error-robust modes of the retinal population code,"[""retina"", ""retinal""]",include,,,excluded_out_of_scope_or_false_positive,,Salamander retinal population coding is general visual neuroscience without a stated ophthalmic disease or translational imaging use.,scope_screen_a,https://doi.org/10.5061/dryad.1f1rc
10.5061/dryad.1g1jwstzs,Comparison of allosteric signaling in DnaK and BiP using mutual information between simulated residue conformations,"[""iris""]",exclude,,,excluded_out_of_scope_or_false_positive,,Unrelated keyword search hit; not an eye or ophthalmology data resource.,broad_screen,https://doi.org/10.5061/dryad.1g1jwstzs
10.5061/dryad.1g1jwsv8g,"Data from: North American barn swallows pair, mate, and interact assortatively","[""iris""]",exclude,,,excluded_out_of_scope_or_false_positive,,Unrelated keyword search hit; not an eye or ophthalmology data resource.,broad_screen,https://doi.org/10.5061/dryad.1g1jwsv8g
10.5061/dryad.1g1jwsv9d,Retinal calcium waves coordinate uniform tissue patterning of the Drosophila eye,"[""retinal""]",include,,,excluded_insufficient_reusable_ophthalmic_data,,"Workbook set is organized solely as article figure panels, without a separately documented reusable data object.",strict_screen_a,https://doi.org/10.5061/dryad.1g1jwsv9d
10.5061/dryad.1g23q,Data from: Diagnostic value of transthoracic echocardiography in patients with coarctation of aorta: the Chinese experience in 53 patients studied between 2008 and 2012 in one major medical center,"[""angiography""]",exclude,,,excluded_out_of_scope_or_false_positive,,Unrelated keyword search hit; not an eye or ophthalmology data resource.,broad_screen,https://doi.org/10.5061/dryad.1g23q
10.5061/dryad.1g6vm34,"Data from: Ophthalmologic evaluation of severely obese patients undergoing bariatric surgery: a pilot, monocentric, prospective, open-label study","[""\""optical coherence tomography\"""", ""macular"", ""ophthalmology"", ""retinal""]",include,,,included_new_record,dryad_bariatric_ophthalmology,Longitudinal human ophthalmic and OCT measurements in the bariatric cohort are directly reusable clinical data.,scope_screen_a,https://doi.org/10.5061/dryad.1g6vm34
10.5061/dryad.1gm77f6,Data from: Number of neighbors instead of group size significantly affects individual vigilance levels in large animal aggregations,"[""\""visual field\""""]",exclude,,,excluded_out_of_scope_or_false_positive,,Unrelated keyword search hit; not an eye or ophthalmology data resource.,broad_screen,https://doi.org/10.5061/dryad.1gm77f6
10.5061/dryad.1h272,Data from: The opsin genes of Amazonian cichlids,"[""retinal""]",exclude,,,excluded_out_of_scope_or_false_positive,,Unrelated keyword search hit; not an eye or ophthalmology data resource.,broad_screen,https://doi.org/10.5061/dryad.1h272
10.5061/dryad.1j1f3,Data from: Sexual dimorphism and retinal mosaic diversification following the evolution of a violet receptor in butterflies,"[""retinal""]",exclude,,,excluded_insufficient_reusable_ophthalmic_data,,Retina term is not sufficient here to establish a distinct reusable eye-data resource from the supplied metadata.,broad_screen,https://doi.org/10.5061/dryad.1j1f3
10.5061/dryad.1jwstqk8h,Supplementary data from: Early vertebrate biomineralisation and eye structure determined by synchrotron X-ray analyses of Silurian jawless fish,"[""retinal""]",include,,,excluded_insufficient_reusable_ophthalmic_data,,"Deposit contains only a supplementary-information PDF and README for fossil research, not reusable ocular data.",strict_screen_a,https://doi.org/10.5061/dryad.1jwstqk8h
10.5061/dryad.1kf36,Data from: Dendritic network structure and dispersal affect temporal dynamics of diversity and species persistence,"[""glaucoma""]",exclude,,,excluded_out_of_scope_or_false_positive,,Unrelated keyword search hit; not an eye or ophthalmology data resource.,broad_screen,https://doi.org/10.5061/dryad.1kf36
10.5061/dryad.1kv63,Data from: Loss of reproductive output caused by an invasive species,"[""iris""]",exclude,,,excluded_out_of_scope_or_false_positive,,Unrelated keyword search hit; not an eye or ophthalmology data resource.,broad_screen,https://doi.org/10.5061/dryad.1kv63
10.5061/dryad.1n50q,Data from: Axial myopia is associated with visual field prognosis of primary open-angle glaucoma,"[""\""visual field\"""", ""glaucoma"", ""perimetry""]",include,,,included_new_record,dryad_myopia_glaucoma_visual_field,The 270-eye glaucoma visual-field dataset directly supports prognosis and progression analysis.,scope_screen_a,https://doi.org/10.5061/dryad.1n50q
10.5061/dryad.1pj40,Data from: A qualitative study exploring the health literacy issues in the care of Chinese American immigrants with diabetes,"[""iris""]",exclude,,,excluded_out_of_scope_or_false_positive,,Unrelated keyword search hit; not an eye or ophthalmology data resource.,broad_screen,https://doi.org/10.5061/dryad.1pj40
10.5061/dryad.1qh4c,"Data from: The core planar cell polarity gene, Vangl2, directs adult corneal epithelial cell alignment and migration","[""cornea"", ""corneal""]",include,,,excluded_insufficient_reusable_ophthalmic_data,,"Prism/figure files are paper-specific supporting materials, not a distinct corneal data resource.",strict_screen_a,https://doi.org/10.5061/dryad.1qh4c
10.5061/dryad.1rn8pk0wz,"Functional and ecomorphological evolution of orbit shape in Mesozoic archosaurs is driven by body size and diet: Geometric morphometric data, 3D models (stl files), FEA models (Hypermesh, Abaqus files)","[""orbit""]",exclude,,,excluded_out_of_scope_or_false_positive,,Unrelated keyword search hit; not an eye or ophthalmology data resource.,broad_screen,https://doi.org/10.5061/dryad.1rn8pk0wz
10.5061/dryad.1rn8pk11k,Data from: Current-induced switching of a van der Waals ferromagnet at room temperature,"[""orbit""]",exclude,,,excluded_out_of_scope_or_false_positive,,Unrelated keyword search hit; not an eye or ophthalmology data resource.,broad_screen,https://doi.org/10.5061/dryad.1rn8pk11k
10.5061/dryad.1rn8pk13p,Supplementary data from: 2'-O-Galloylhyperin prevents tissue remodeling in thyroid eye disease: prospects as a thyrotropin receptor antagonist,"[""\""thyroid eye\"""", ""orbit""]",needs_manual_review,,,excluded_insufficient_reusable_ophthalmic_data,,A small generic Data.zip/README supplementary deposit does not identify a distinct reusable thyroid-eye-disease dataset beyond article support.,deferred_resolution,https://doi.org/10.5061/dryad.1rn8pk13p
10.5061/dryad.1v8kj,Data from: Nocturnality in Synapsids predates the origin of mammals by over 100 million years,"[""orbit""]",exclude,,,excluded_out_of_scope_or_false_positive,,Unrelated keyword search hit; not an eye or ophthalmology data resource.,broad_screen,https://doi.org/10.5061/dryad.1v8kj
10.5061/dryad.1vhhmgqp7,The functional organization of excitation and inhibition in the dendritic arbors of retinal direction-selective ganglion cells,"[""retinal""]",include,,,excluded_insufficient_reusable_ophthalmic_data,,Figure-source spreadsheets are article support files without a separately described reusable retinal resource.,strict_screen_a,https://doi.org/10.5061/dryad.1vhhmgqp7
10.5061/dryad.1zcrjdfq7,"Eye size and investment in frogs and toads correlate with adult habitat, activity pattern and breeding ecology","[""corneal""]",include,,,excluded_out_of_scope_or_false_positive,,"Anuran eye-size ecology is comparative morphology without a clear ophthalmic modality, disease mechanism, or clinical method use.",scope_screen_a,https://doi.org/10.5061/dryad.1zcrjdfq7
10.5061/dryad.21705km,Data from: Convergent evolution of body color between sympatric freshwater fishes via different visual sensory evolution,"[""iris""]",include,,,excluded_insufficient_reusable_ophthalmic_data,,"Files are phylogenetic contigs for fish colour evolution, not direct ocular measurements or annotations.",strict_screen_a,https://doi.org/10.5061/dryad.21705km
10.5061/dryad.224h5kr,Data from: Pest suppression in cultivar mixtures is influenced by neighbor-specific plant-plant communication,"[""iris""]",exclude,,,excluded_out_of_scope_or_false_positive,,Unrelated keyword search hit; not an eye or ophthalmology data resource.,broad_screen,https://doi.org/10.5061/dryad.224h5kr
10.5061/dryad.2280gb5qw,Data from: Are acute and acclimated thermal effects on metabolic rate modulated by cell size? A comparison between diploid and triploid zebrafish larvae,"[""iris""]",exclude,,,excluded_out_of_scope_or_false_positive,,Unrelated keyword search hit; not an eye or ophthalmology data resource.,broad_screen,https://doi.org/10.5061/dryad.2280gb5qw
10.5061/dryad.2306t,Data from: Shear-induced orientational dynamics and spatial heterogeneity  in suspensions of motile phytoplankton,"[""orbit""]",exclude,,,excluded_out_of_scope_or_false_positive,,Unrelated keyword search hit; not an eye or ophthalmology data resource.,broad_screen,https://doi.org/10.5061/dryad.2306t
10.5061/dryad.23rj4pm,Data from: Bumblebee visual allometry results in locally improved resolution and globally improved sensitivity,"[""\""visual field\""""]",include,,,excluded_out_of_scope_or_false_positive,,Bumblebee visual allometry is comparative insect-eye ecology rather than an ophthalmic or translational ocular resource.,scope_screen_a,https://doi.org/10.5061/dryad.23rj4pm
10.5061/dryad.245j1p8,Data from: Predicted tracking error triggers catch-up saccades during smooth pursuit,"[""retinal""]",exclude,,,excluded_out_of_scope_or_false_positive,,Unrelated keyword search hit; not an eye or ophthalmology data resource.,broad_screen,https://doi.org/10.5061/dryad.245j1p8
10.5061/dryad.246qg,Data from: Transformation of stimulus correlations by the retina,"[""retina"", ""retinal""]",include,,,excluded_out_of_scope_or_false_positive,,Retinal responses to artificial/natural stimuli in salamander are general visual-neuroscience data without a translational ocular use.,scope_screen_a,https://doi.org/10.5061/dryad.246qg
10.5061/dryad.24732,Data from: Near absence of differential gene expression in the retina of rainbow trout after exposure to a magnetic pulse: implications for magnetoreception,"[""retina""]",include,,,excluded_out_of_scope_or_false_positive,,"Rainbow-trout retinal magnetoreception transcriptomics is comparative sensory biology, not an ophthalmic disease or method resource.",scope_screen_a,https://doi.org/10.5061/dryad.24732
10.5061/dryad.2547d7wpr,Quantum interference between spin-orbit split partial waves in the F+HD→HF+D reaction,"[""orbit""]",exclude,,,excluded_out_of_scope_or_false_positive,,"Physics, astronomy, or software use of ?orbit?; not an ocular-orbit resource.",broad_screen,https://doi.org/10.5061/dryad.2547d7wpr
10.5061/dryad.26530,Data from: Macroevolutionary and morphofunctional patterns in theropod skulls: a morphometric approach,"[""orbit""]",exclude,,,excluded_out_of_scope_or_false_positive,,Unrelated keyword search hit; not an eye or ophthalmology data resource.,broad_screen,https://doi.org/10.5061/dryad.26530
10.5061/dryad.27812c7,Data from: Reconstruction of larval origins based on genetic relatedness and biophysical modeling,"[""iris""]",exclude,,,excluded_out_of_scope_or_false_positive,,Unrelated keyword search hit; not an eye or ophthalmology data resource.,broad_screen,https://doi.org/10.5061/dryad.27812c7
10.5061/dryad.27m63,Data from: Vascular patterns in iguanas and other squamates: blood vessels and sites of thermal exchange,"[""orbit""]",include,,,excluded_out_of_scope_or_false_positive,,General iguana head vascular CT deposit is not an ocular resource despite eye-adjacent anatomy.,strict_screen_a,https://doi.org/10.5061/dryad.27m63
10.5061/dryad.27sk4,Data from: Patients’ subjective assessment of the duration of cataract surgery: a case series,"[""cataract""]",exclude,,,excluded_insufficient_reusable_ophthalmic_data,,"Ocular keyword hit, but title/metadata does not establish a distinct reusable eye or ophthalmology data resource.",broad_screen,https://doi.org/10.5061/dryad.27sk4
10.5061/dryad.280gb5mtf,Multiple rod layers increase the speed and sensitivity of vision in nocturnal reef fishes,"[""retina"", ""retinal""]",include,,,excluded_out_of_scope_or_false_positive,,Reef-fish multibank-retina measurements are comparative visual ecology without a clear translational ophthalmic application.,scope_screen_a,https://doi.org/10.5061/dryad.280gb5mtf
10.5061/dryad.280gb5mxc,"Structural, electronic, and magnetic properties of CrTe2","[""orbit""]",exclude,,,excluded_out_of_scope_or_false_positive,,Unrelated keyword search hit; not an eye or ophthalmology data resource.,broad_screen,https://doi.org/10.5061/dryad.280gb5mxc
10.5061/dryad.29j22tt,Data from: Visual approach computation in feeding hoverflies,"[""retinal""]",exclude,,,excluded_out_of_scope_or_false_positive,,Vision/behaviour search hit without direct ocular or ophthalmic data in the repository metadata.,broad_screen,https://doi.org/10.5061/dryad.29j22tt
10.5061/dryad.2fqz612kr,Parallel CRISPR-Cas9 screens clarify impacts of p53 on screen performance,"[""retinal""]",exclude,,,excluded_out_of_scope_or_false_positive,,Unrelated keyword search hit; not an eye or ophthalmology data resource.,broad_screen,https://doi.org/10.5061/dryad.2fqz612kr
10.5061/dryad.2fqz612mk,"Data from: Global vegetation patterns of the past 140,000 years","[""orbit""]",exclude,,,excluded_out_of_scope_or_false_positive,,Unrelated keyword search hit; not an eye or ophthalmology data resource.,broad_screen,https://doi.org/10.5061/dryad.2fqz612mk
10.5061/dryad.2fqz612r4,Factors associated with coronary heart disease in COPD patients and controls,"[""angiography""]",exclude,,,excluded_out_of_scope_or_false_positive,,Unrelated keyword search hit; not an eye or ophthalmology data resource.,broad_screen,https://doi.org/10.5061/dryad.2fqz612r4
10.5061/dryad.2fqz612x7,Eccentric orbits may enhance the habitability of Earth-like exoplanets,"[""orbit""]",exclude,,,excluded_out_of_scope_or_false_positive,,"Physics, astronomy, or software use of ?orbit?; not an ocular-orbit resource.",broad_screen,https://doi.org/10.5061/dryad.2fqz612x7
10.5061/dryad.2gn8c,Data from: Oxidative stress-mediated NFκB phosphorylation upregulates p62/SQSTM1 and promotes retinal pigmented epithelial cell survival through increased autophagy,"[""macular"", ""retina"", ""retinal""]",include,,,excluded_insufficient_reusable_ophthalmic_data,,The sole generic supporting-data archive contains paper-associated assays and slides without a separately defined reusable RPE resource.,deferred_resolution,https://doi.org/10.5061/dryad.2gn8c
10.5061/dryad.2jm63xskb,Ventral motion parallax enhances fruit fly steering to visual sideslip,"[""\""visual field\""""]",exclude,,,excluded_out_of_scope_or_false_positive,,Unrelated keyword search hit; not an eye or ophthalmology data resource.,broad_screen,https://doi.org/10.5061/dryad.2jm63xskb
10.5061/dryad.2jm63xt1s,"Data from: Comprehensive first principles study on CO and NO gas adsorption effects on the structural, electronic, and optical properties of ASiSn nanoribbons","[""orbit""]",exclude,,,excluded_out_of_scope_or_false_positive,,Unrelated keyword search hit; not an eye or ophthalmology data resource.,broad_screen,https://doi.org/10.5061/dryad.2jm63xt1s
10.5061/dryad.2jm63xt35,Type I hair cells of striolar and central zones in vestibular organs are essential for head stability and postural control,"[""ocular""]",exclude,,,excluded_out_of_scope_or_false_positive,,Unrelated keyword search hit; not an eye or ophthalmology data resource.,broad_screen,https://doi.org/10.5061/dryad.2jm63xt35
10.5061/dryad.2jn03,Data from: The flashlight fish Anomalops katoptron uses bioluminescent light to detect prey in the dark,"[""ocular""]",include,,,excluded_out_of_scope_or_false_positive,,Flashlight-fish blink and light-organ data concern animal foraging behavior rather than an ophthalmic modality or disease mechanism.,scope_screen_a,https://doi.org/10.5061/dryad.2jn03
10.5061/dryad.2k4v4,Data from: Measurement of systemic mitochondrial function in advanced primary open-angle glaucoma and Leber hereditary optic neuropathy,"[""glaucoma"", ""retinal""]",include,,,included_new_record,dryad_glaucoma_lhon_mitochondrial,Systemic mitochondrial-function measurements are directly linked to human glaucoma and LHON disease mechanisms.,scope_screen_a,https://doi.org/10.5061/dryad.2k4v4
10.5061/dryad.2rbnzs7jm,"Ectopic expression of BBS1 rescues male infertility, but not retinal degeneration, in a BBS1 mouse model ","[""\""optical coherence tomography\"""", ""retinal""]",include,,,included_new_record,dryad_bbs1_retinal_degeneration,"BBS1 mouse data include retinal-degeneration and OCT phenotypes, making it a direct disease-mechanism resource.",scope_screen_a,https://doi.org/10.5061/dryad.2rbnzs7jm
10.5061/dryad.2rbnzs7m4,Quantitative analysis of optical coherence tomography for neovascular age-related macular degeneration using deep learning,"[""\""optical coherence tomography\"""", ""macular"", ""ophthalmology"", ""retina"", ""retinal""]",exclude,dryad_namd_oct_quant,exact_duplicate,existing_catalog_record,,Exact Dryad DOI already cataloged as dryad_namd_oct_quant.,broad_screen_exact_catalog_doi_match,https://doi.org/10.5061/dryad.2rbnzs7m4
10.5061/dryad.2v6wwq02w,Data from: Structural and mechanical properties facilitate shock wave damping by helmet-like orbital hoods in snapping shrimp,"[""orbit""]",exclude,,,excluded_out_of_scope_or_false_positive,,"Physics, astronomy, or software use of ?orbit?; not an ocular-orbit resource.",broad_screen,https://doi.org/10.5061/dryad.2v6wwq02w
10.5061/dryad.2v7m744,Data from: Longitudinal optic neuritis-unrelated visual evoked potential changes in NMO spectrum disorders,"[""ophthalmology""]",include,,,excluded_insufficient_reusable_ophthalmic_data,,"Deposit provides only supplemental-figure PDFs, with no reusable VEP table or signal archive.",strict_screen_a,https://doi.org/10.5061/dryad.2v7m744
10.5061/dryad.2z34tmpnc,Visual pursuit behavior in mice maintains the pursued prey on the retinal region with least optic flow,"[""\""visual field\"""", ""corneal"", ""ocular"", ""retina"", ""retinal""]",include,,,excluded_out_of_scope_or_false_positive,,"Mouse prey-pursuit reconstruction is non-ocular behavior/vision research, not a defined ophthalmic imaging or disease resource.",scope_screen_a,https://doi.org/10.5061/dryad.2z34tmpnc
10.5061/dryad.2z34tmpqk,Optogenetic activation of visual thalamus generates artificial visual percepts,"[""retina""]",exclude,,,excluded_out_of_scope_or_false_positive,,Unrelated keyword search hit; not an eye or ophthalmology data resource.,broad_screen,https://doi.org/10.5061/dryad.2z34tmpqk
10.5061/dryad.2z34tmprn,Data for: Social assessment of miscanthus cultivation in Croatia: Assessing farmers’ preferences and willingness to cultivate the crop,"[""iris""]",exclude,,,excluded_out_of_scope_or_false_positive,,Unrelated keyword search hit; not an eye or ophthalmology data resource.,broad_screen,https://doi.org/10.5061/dryad.2z34tmprn
10.5061/dryad.31726,Data from: A basal lithostrotian titanosaur (Dinosauria: Sauropoda) with a complete skull: implications for the evolution and paleobiology of Titanosauria,"[""orbit""]",exclude,,,excluded_out_of_scope_or_false_positive,,Unrelated keyword search hit; not an eye or ophthalmology data resource.,broad_screen,https://doi.org/10.5061/dryad.31726
10.5061/dryad.31zcrjdh6,Data from: Evaluation of the Laguerre-Gaussian mode purity produced by 3D-printed microwave spiral phase plates,"[""orbit""]",exclude,,,excluded_out_of_scope_or_false_positive,,Unrelated keyword search hit; not an eye or ophthalmology data resource.,broad_screen,https://doi.org/10.5061/dryad.31zcrjdh6
10.5061/dryad.31zcrjdmr,Data from: Informing conservation strategies with museum genomics: Long-term effects of past anthropogenic persecution on the elusive European wildcat,"[""iris""]",exclude,,,excluded_out_of_scope_or_false_positive,,Unrelated keyword search hit; not an eye or ophthalmology data resource.,broad_screen,https://doi.org/10.5061/dryad.31zcrjdmr
10.5061/dryad.31zcrjdpb,Proton-transporting heliorhodopsins from marine giant viruses,"[""retinal""]",exclude,,,excluded_out_of_scope_or_false_positive,,Unrelated keyword search hit; not an eye or ophthalmology data resource.,broad_screen,https://doi.org/10.5061/dryad.31zcrjdpb
10.5061/dryad.32j0040,Data from: The evolution of iris colour in relation to nocturnality in owls,"[""iris""]",include,,,excluded_out_of_scope_or_false_positive,,Owl iris-colour evolution is comparative ecology rather than ocular biometrics or translational ophthalmology.,scope_screen_a,https://doi.org/10.5061/dryad.32j0040
10.5061/dryad.33kh1,Data from: Eye and head movements are complementary in visual selection,"[""\""visual field\""""]",include,,,included_new_record,dryad_eye_head_visual_selection,The human gaze-contingent experiment provides a defined eye-tracking research object for ocular-motor measurement.,scope_screen_a,https://doi.org/10.5061/dryad.33kh1
10.5061/dryad.349h0,Data from: Testing the applicability of a benthic foraminiferal-based transfer function for the reconstruction of paleowater depth changes in Rhodes (Greece) during the early Pleistocene,"[""orbit""]",exclude,,,excluded_out_of_scope_or_false_positive,,Unrelated keyword search hit; not an eye or ophthalmology data resource.,broad_screen,https://doi.org/10.5061/dryad.349h0
10.5061/dryad.34jb6,Data from: Three decades of cultural evolution in Savannah sparrow songs,"[""iris""]",exclude,,,excluded_out_of_scope_or_false_positive,,Unrelated keyword search hit; not an eye or ophthalmology data resource.,broad_screen,https://doi.org/10.5061/dryad.34jb6
10.5061/dryad.34tmpg4wn,Data from: Neural categorization of visual words of alphabetic and non-alphabetic languages,"[""orbit""]",exclude,,,excluded_out_of_scope_or_false_positive,,Vision/behaviour search hit without direct ocular or ophthalmic data in the repository metadata.,broad_screen,https://doi.org/10.5061/dryad.34tmpg4wn
10.5061/dryad.37hb7,Data from: Contrast circulation time to assess right ventricular dysfunction in pulmonary embolism:  a retrospective pilot study,"[""angiography""]",exclude,,,excluded_out_of_scope_or_false_positive,,Unrelated keyword search hit; not an eye or ophthalmology data resource.,broad_screen,https://doi.org/10.5061/dryad.37hb7
10.5061/dryad.37pvmcvzx,Data from: Bulk-seq results from peripheral blood mononuclear cells (PBMCs) of VKH patients and proteomic profiling of shAPOE-transduced HMC3 cells were employed to uncover potential downstream targets of APOE,"[""uveitis""]",include,,,included_new_record,dryad_vkh_apoe,VKH PBMC transcriptomics and proteomics are a direct translational uveitis biomarker resource.,scope_screen_a,https://doi.org/10.5061/dryad.37pvmcvzx
10.5061/dryad.38889,Data from: Unravelling species boundaries in the Aspergillus viridinutans complex (section Fumigati): opportunistic human and animal pathogens capable of interspecific hybridization,"[""orbit""]",exclude,,,excluded_out_of_scope_or_false_positive,,Unrelated keyword search hit; not an eye or ophthalmology data resource.,broad_screen,https://doi.org/10.5061/dryad.38889
10.5061/dryad.3b65k44,Data from: Reverting ontogeny: rapid phenotypic plasticity of color vision in cichlid fish,"[""retina""]",include,,,excluded_out_of_scope_or_false_positive,,Cichlid opsin-expression plasticity is comparative visual biology without a specified ophthalmic disease or method application.,scope_screen_a,https://doi.org/10.5061/dryad.3b65k44
10.5061/dryad.3bk3j9kdn,Data from: Redirection of ambient light improves predator detection in a diurnal fish,"[""iris"", ""ocular""]",exclude,,,excluded_out_of_scope_or_false_positive,,Unrelated keyword search hit; not an eye or ophthalmology data resource.,broad_screen,https://doi.org/10.5061/dryad.3bk3j9kdn
10.5061/dryad.3cp54,"Data from: Analysis of potential ischemic effect of intravitreal bevacizumab on unaffected retina in treatment-naïve macular edema due to branch retinal vein occlusion: a prospective, interventional case-series","[""\""diabetic retinopathy\"""", ""\""optical coherence tomography\"""", ""angiography"", ""fundus"", ""glaucoma"", ""macular"", ""ocular"", ""ophthalmology"", ""retina"", ""retinal""]",include,,,included_new_record,dryad_brvo_bevacizumab_multimodal,"The 27-eye BRVO archive contains named OCT, fluorescein, and mfERG research objects for retinal treatment analysis.",scope_screen_a,https://doi.org/10.5061/dryad.3cp54
10.5061/dryad.3d7c900,Data from: Soluble hexamethyl-substituted subphthalocyanine as a dopant-free hole transport material for planar perovskite solar cells,"[""orbit""]",exclude,,,excluded_out_of_scope_or_false_positive,,Unrelated keyword search hit; not an eye or ophthalmology data resource.,broad_screen,https://doi.org/10.5061/dryad.3d7c900
10.5061/dryad.3f863,Data from: Moving in groups: how density and unpredictable motion affect predation risk,"[""\""visual field\""""]",exclude,,,excluded_out_of_scope_or_false_positive,,Unrelated keyword search hit; not an eye or ophthalmology data resource.,broad_screen,https://doi.org/10.5061/dryad.3f863
10.5061/dryad.3ffbg79zd,Data and code from: Deep learning-based autonomous retinal vein cannulation in ex vivo porcine eyes,"[""\""optical coherence tomography\"""", ""retinal""]",exclude,dryad_retinal_vein_cannulation,exact_duplicate,existing_catalog_record,,Exact Dryad DOI already cataloged as dryad_retinal_vein_cannulation.,broad_screen_exact_catalog_doi_match,https://doi.org/10.5061/dryad.3ffbg79zd
10.5061/dryad.3gq6t,Data from: Zinc supplementation inhibits complement activation in age-related macular degeneration,"[""macular"", ""retina""]",include,,,included_new_record,dryad_amd_zinc_complement,AMD complement/zinc clinical-trial data directly support human retinal disease biomarker and outcome analysis.,scope_screen_a,https://doi.org/10.5061/dryad.3gq6t
10.5061/dryad.3h3k08d,Data from: Changes in subjective experience elicited by direct stimulation of the human orbitofrontal cortex,"[""orbit""]",exclude,,,excluded_out_of_scope_or_false_positive,,"Physics, astronomy, or software use of ?orbit?; not an ocular-orbit resource.",broad_screen,https://doi.org/10.5061/dryad.3h3k08d
10.5061/dryad.3j9kd51h2,Data from: Association of venous outflow profiles and successful vessel reperfusion after thrombectomy,"[""angiography""]",exclude,,,excluded_out_of_scope_or_false_positive,,Unrelated keyword search hit; not an eye or ophthalmology data resource.,broad_screen,https://doi.org/10.5061/dryad.3j9kd51h2
10.5061/dryad.3j9kd51ms,High within-clutch repeatability of eggshell phenotype in Barn Swallows (Hirundo rustica erythrogaster) despite less maculated last-laid eggs,"[""iris""]",exclude,,,excluded_out_of_scope_or_false_positive,,Unrelated keyword search hit; not an eye or ophthalmology data resource.,broad_screen,https://doi.org/10.5061/dryad.3j9kd51ms
10.5061/dryad.3j9kd51rz,Exploring the potential of biphenylamine and triphenylamine-based sensitizers for enhanced efficiency more than 8% in dye-sensitized solar cells,"[""orbit""]",exclude,,,excluded_out_of_scope_or_false_positive,,Unrelated keyword search hit; not an eye or ophthalmology data resource.,broad_screen,https://doi.org/10.5061/dryad.3j9kd51rz
10.5061/dryad.3j9kd51tm,Preprocessed behavioral data from: Volitional spatial attention is lateralized in crows,"[""\""visual field\""""]",exclude,,,excluded_out_of_scope_or_false_positive,,Unrelated keyword search hit; not an eye or ophthalmology data resource.,broad_screen,https://doi.org/10.5061/dryad.3j9kd51tm
10.5061/dryad.3j9kd51vs,Lightning data for Jupiter's stealth superstorms in 2021-2022,"[""orbit""]",exclude,,,excluded_out_of_scope_or_false_positive,,Unrelated keyword search hit; not an eye or ophthalmology data resource.,broad_screen,https://doi.org/10.5061/dryad.3j9kd51vs
10.5061/dryad.3jn35,"Data from: Stress response, gut microbial diversity, and sexual signals correlate with social interactions","[""iris""]",exclude,,,excluded_out_of_scope_or_false_positive,,Unrelated keyword search hit; not an eye or ophthalmology data resource.,broad_screen,https://doi.org/10.5061/dryad.3jn35
10.5061/dryad.3jt35,Data from: Sectional relationships in the Eurasian bearded iris (subgen. Iris) based on phylogenetic analyses of sequence data,"[""iris""]",exclude,,,excluded_out_of_scope_or_false_positive,,Unrelated keyword search hit; not an eye or ophthalmology data resource.,broad_screen,https://doi.org/10.5061/dryad.3jt35
10.5061/dryad.3q7p2,Data from: Co-expression of two subtypes of melatonin receptor on rat M1-type intrinsically photosensitive retinal ganglion cells,"[""retinal""]",include,,,excluded_insufficient_reusable_ophthalmic_data,,Figure archives are paper-support materials rather than a separately documented reusable ipRGC resource.,strict_screen_a,https://doi.org/10.5061/dryad.3q7p2
10.5061/dryad.3r2280gwt,Data from: Choosing tight-binding models for accurate optoelectronic responses,"[""orbit""]",exclude,,,excluded_out_of_scope_or_false_positive,,Unrelated keyword search hit; not an eye or ophthalmology data resource.,broad_screen,https://doi.org/10.5061/dryad.3r2280gwt
10.5061/dryad.3r2280gxj,Data from: MFRP is a molecular hub that organizes the apical membrane of RPE cells by engaging in interactions with specific proteins and lipids,"[""ocular"", ""retina"", ""retinal""]",include,,,excluded_insufficient_reusable_ophthalmic_data,,"Extensive figure-labelled molecular values remain paper-specific source data, not a distinct reusable MFRP resource.",strict_screen_a,https://doi.org/10.5061/dryad.3r2280gxj
10.5061/dryad.3td7f,Data from: Sharpening coarse-to-fine stereo vision by perceptual learning: asymmetric transfer across the spatial frequency spectrum,"[""retina""]",exclude,,,excluded_out_of_scope_or_false_positive,,Unrelated keyword search hit; not an eye or ophthalmology data resource.,broad_screen,https://doi.org/10.5061/dryad.3td7f
10.5061/dryad.3tx95x6n6,"Data from: Two genes, one culprit - a functional candidate validation of a <em>SPATA7</em> deletion in dogs with day blindness/retinal degeneration","[""ocular"", ""retina"", ""retinal""]",include,,,included_new_record,dryad_spata7_canine_retinal_degeneration,Canine SPATA7 sequencing and retinal-degeneration data are a defined inherited-retinal-disease mechanism resource.,scope_screen_a,https://doi.org/10.5061/dryad.3tx95x6n6
10.5061/dryad.3tx95x6s3,Development of xanthone derivatives as effective broad-spectrum antimicrobials: Disrupting cell wall and inhibiting DNA synthesis,"[""corneal""]",exclude,,,excluded_out_of_scope_or_false_positive,,Unrelated keyword search hit; not an eye or ophthalmology data resource.,broad_screen,https://doi.org/10.5061/dryad.3tx95x6s3
10.5061/dryad.3vv31qq,Data from: Mutation in the intracellular chloride channel CLCC1 associated with autosomal recessive retinitis pigmentosa,"[""retina"", ""retinal""]",include,,,included_new_record,dryad_clcc1_retinitis_pigmentosa,Human retinitis-pigmentosa WES/SNP data from eight families directly support inherited-retinal-disease analysis.,scope_screen_a,https://doi.org/10.5061/dryad.3vv31qq
10.5061/dryad.3xsj3txbr,Microhabitat partitioning correlates with opsin gene expression in coral reef cardinalfishes (Apogonidae),"[""retinal""]",include,,,excluded_out_of_scope_or_false_positive,,Cardinalfish microhabitat and opsin analyses are comparative visual ecology rather than a translational ocular resource.,scope_screen_a,https://doi.org/10.5061/dryad.3xsj3txbr
10.5061/dryad.40br385,Data from: Always a price to pay: hibernation at low temperatures comes with a trade-off between energy savings and telomere damage,"[""iris""]",exclude,,,excluded_out_of_scope_or_false_positive,,Unrelated keyword search hit; not an eye or ophthalmology data resource.,broad_screen,https://doi.org/10.5061/dryad.40br385
10.5061/dryad.41ns1rnr9,Depth-dependent microskeletal features modify light harvesting in Turbinaria reniformis corals,"[""\""optical coherence tomography\""""]",exclude,,,excluded_out_of_scope_or_false_positive,,Unrelated keyword search hit; not an eye or ophthalmology data resource.,broad_screen,https://doi.org/10.5061/dryad.41ns1rnr9
10.5061/dryad.41r04,Data from: Multi-segmented arthropods from the middle Cambrian of British Columbia (Canada),"[""ocular""]",exclude,,,excluded_out_of_scope_or_false_positive,,Unrelated keyword search hit; not an eye or ophthalmology data resource.,broad_screen,https://doi.org/10.5061/dryad.41r04
10.5061/dryad.43vk5fm,Data from: Deep-sea ostracod faunal dynamics in a marginal sea: Biotic response to oxygen variability and mid-Pleistocene global changes,"[""orbit""]",exclude,,,excluded_out_of_scope_or_false_positive,,Unrelated keyword search hit; not an eye or ophthalmology data resource.,broad_screen,https://doi.org/10.5061/dryad.43vk5fm
10.5061/dryad.444s1,Data from: UV wavelengths experienced during development affect larval newt visual sensitivity and predation efficiency,"[""retina"", ""retinal""]",include,,,excluded_out_of_scope_or_false_positive,,Newt visual sensitivity and predation experiments are comparative behavioral ecology rather than ophthalmology.,scope_screen_a,https://doi.org/10.5061/dryad.444s1
10.5061/dryad.44j0zpcpj,Data from: Tunable anti-ambipolar vertical bilayer organic electrochemical transistor enable neuromorphic retinal pathway,"[""retinal""]",exclude,,,excluded_insufficient_reusable_ophthalmic_data,,Retina term is not sufficient here to establish a distinct reusable eye-data resource from the supplied metadata.,broad_screen,https://doi.org/10.5061/dryad.44j0zpcpj
10.5061/dryad.44mt9,Data from: Are pollinators the agents of selection on flower colour and size in irises?,"[""iris""]",exclude,,,excluded_out_of_scope_or_false_positive,,Unrelated keyword search hit; not an eye or ophthalmology data resource.,broad_screen,https://doi.org/10.5061/dryad.44mt9
10.5061/dryad.475bv7s,Data from: Predation selects for smaller eye size in a vertebrate: effects of environmental conditions and sex,"[""\""retinal image\"""", ""retinal""]",include,,,excluded_out_of_scope_or_false_positive,,Perch eye-size predator-selection data are comparative ecology without a clear ocular clinical or method route.,scope_screen_a,https://doi.org/10.5061/dryad.475bv7s
10.5061/dryad.47d7wm3dt,Influence of COVID‑19 on the prognosis and medication compliance of glaucoma patients in the Nile Delta Region,"[""glaucoma"", ""ophthalmology""]",include,,,excluded_insufficient_reusable_ophthalmic_data,,The only file is an opaque Mastersheet document with no exposed variable schema or defined reusable research object.,deferred_resolution,https://doi.org/10.5061/dryad.47d7wm3dt
10.5061/dryad.47d7wm3fc,Data for: Evolutionary history limits species' ability to match color sensitivity to available habitat light,"[""retina"", ""retinal""]",exclude,,,excluded_out_of_scope_or_false_positive,,Unrelated keyword search hit; not an eye or ophthalmology data resource.,broad_screen,https://doi.org/10.5061/dryad.47d7wm3fc
10.5061/dryad.47d7wm3kx,An ON-type direction selective ganglion cell in primate retina,"[""glaucoma"", ""retina"", ""retinal""]",include,,,included_new_record,dryad_primate_on_dsgc,"Primate ON-DSGC transcriptomic and retinal physiology archives are a defined, translationally relevant retinal-cell resource.",scope_screen_a,https://doi.org/10.5061/dryad.47d7wm3kx
10.5061/dryad.47d7wm3mw,Animal histological images for <em>in vivo</em> maximum tolerated dose and toxicity,"[""cornea""]",exclude,,,excluded_out_of_scope_or_false_positive,,Unrelated keyword search hit; not an eye or ophthalmology data resource.,broad_screen,https://doi.org/10.5061/dryad.47d7wm3mw
10.5061/dryad.47d7wm3tz,Cone bipolar cell synapses generate transient versus sustained signals in parallel ON pathways of the mouse retina,"[""retina"", ""retinal""]",include,,,excluded_out_of_scope_or_false_positive,,Mouse bipolar-cell circuit experiments are general visual neuroscience without a stated disease mechanism or clinical imaging method.,scope_screen_a,https://doi.org/10.5061/dryad.47d7wm3tz
10.5061/dryad.47mq9,Data from: Fish prey change strategy with the direction of a threat,"[""\""visual field\""""]",exclude,,,excluded_out_of_scope_or_false_positive,,Unrelated keyword search hit; not an eye or ophthalmology data resource.,broad_screen,https://doi.org/10.5061/dryad.47mq9
10.5061/dryad.482tn,Data from: Geometry of wave-formed orbital ripples in coarse sand,"[""orbit""]",exclude,,,excluded_out_of_scope_or_false_positive,,"Physics, astronomy, or software use of ?orbit?; not an ocular-orbit resource.",broad_screen,https://doi.org/10.5061/dryad.482tn
10.5061/dryad.4ch10,Data from: Using matrix and tensor factorizations for the single-trial analysis of population spike trains,"[""retina"", ""retinal""]",exclude,,,excluded_out_of_scope_or_false_positive,,Unrelated keyword search hit; not an eye or ophthalmology data resource.,broad_screen,https://doi.org/10.5061/dryad.4ch10
10.5061/dryad.4d0631b,Data from: Spatiotemporal and gender-specific parasitism in two species of gobiid fish,"[""cataract""]",exclude,,,excluded_out_of_scope_or_false_positive,,Unrelated keyword search hit; not an eye or ophthalmology data resource.,broad_screen,https://doi.org/10.5061/dryad.4d0631b
10.5061/dryad.4fn70,Data from: The effect of Speed of Processing training on microsaccade magnitude,"[""retinal""]",include,,,excluded_out_of_scope_or_false_positive,,Microsaccade changes after cognitive training are general behavioral research rather than an ophthalmic or ocular-biometric resource.,scope_screen_a,https://doi.org/10.5061/dryad.4fn70
10.5061/dryad.4g048,Data from: Unmapped sequencing reads identify additional candidate genes linked to magnetoreception in rainbow trout,"[""retina""]",exclude,,,excluded_out_of_scope_or_false_positive,,Unrelated keyword search hit; not an eye or ophthalmology data resource.,broad_screen,https://doi.org/10.5061/dryad.4g048
10.5061/dryad.4gv6t,Data from: The geomagnetic environment in which sea turtle eggs incubate affects subsequent magnetic navigation behavior of hatchlings,"[""orbit""]",exclude,,,excluded_out_of_scope_or_false_positive,,Unrelated keyword search hit; not an eye or ophthalmology data resource.,broad_screen,https://doi.org/10.5061/dryad.4gv6t
10.5061/dryad.4j0zpc8mm,Data from: Biomarker detection and validation for corneal involvement in patients with acute infectious conjunctivitis: A multi-country study,"[""corneal"", ""ophthalmology""]",include,,,included_new_record,dryad_corneal_conjunctivitis_biomarker,Human conjunctivitis count matrices and sample metadata are direct corneal-disease biomarker data.,scope_screen_a,https://doi.org/10.5061/dryad.4j0zpc8mm
10.5061/dryad.4mw6m906b,Data from: The Moorfields AMD database report 2 - fellow eye involvement with neovascular age-related macular degeneration,"[""\""diabetic retinopathy\"""", ""macular"", ""ophthalmology""]",include,dryad_namd_oct_quant;dryad_namd_visual_prediction,shared_source_cohort_distinct_outcome_task,included_new_record,dryad_moorfields_namd_fellow_eye,The Moorfields nAMD fellow-eye dataset is direct human retinal-disease longitudinal outcome data.,scope_screen_a,https://doi.org/10.5061/dryad.4mw6m906b
10.5061/dryad.4mw6m90bx,"Supporting CT Data for: Two exceptionally preserved juvenile specimens of Gorgosaurus libratus (Tyrannosauridae, Albertosaurinae) provide new insight into the timing of ontogenetic changes in tyrannosaurids","[""orbit""]",exclude,,,excluded_out_of_scope_or_false_positive,,Unrelated keyword search hit; not an eye or ophthalmology data resource.,broad_screen,https://doi.org/10.5061/dryad.4mw6m90bx
10.5061/dryad.4mw6m90d7,Ocular lens morphology is influenced by ecology and metamorphosis in frogs and toads,"[""ocular""]",include,,,excluded_out_of_scope_or_false_positive,,Anuran lens morphology relates to ecology/metamorphosis and lacks a clear translational ophthalmic use.,scope_screen_a,https://doi.org/10.5061/dryad.4mw6m90d7
10.5061/dryad.4mw6m90gv,Microgeographic population structuring in a genus of California trapdoor spiders and discovery of an enigmatic new species (Euctenizidae: Promyrmekiaphila korematsui sp. nov.) ,"[""iris""]",exclude,,,excluded_out_of_scope_or_false_positive,,Unrelated keyword search hit; not an eye or ophthalmology data resource.,broad_screen,https://doi.org/10.5061/dryad.4mw6m90gv
10.5061/dryad.4n15b,Data from: Neutral and selective processes drive population differentiation for Iris hexagona,"[""iris""]",exclude,,,excluded_out_of_scope_or_false_positive,,Plant genus Iris search collision; not an ocular resource.,broad_screen,https://doi.org/10.5061/dryad.4n15b
10.5061/dryad.4p2781m,Data from: Molecular evidence for the paraphyly of Scolecophidia and its evolutionary implications,"[""retinal""]",exclude,,,excluded_out_of_scope_or_false_positive,,Unrelated keyword search hit; not an eye or ophthalmology data resource.,broad_screen,https://doi.org/10.5061/dryad.4p2781m
10.5061/dryad.4p55b,Data from: Outcomes of cataract surgery in urban and rural population in the South Indian State of Andhra Pradesh: Rapid Assessment of Visual Impairment (RAVI) Project,"[""cataract""]",include,,,included_new_record,dryad_ravi_cataract_outcomes,RAVI cataract-surgery outcomes are direct human ophthalmic population data.,scope_screen_a,https://doi.org/10.5061/dryad.4p55b
10.5061/dryad.4q3d3,Data from: Duration of cord clamping and neonatal outcomes in very preterm infants,"[""\""retinopathy of prematurity\""""]",exclude,,,excluded_out_of_scope_or_false_positive,,Unrelated keyword search hit; not an eye or ophthalmology data resource.,broad_screen,https://doi.org/10.5061/dryad.4q3d3
10.5061/dryad.4qrfj6qd1,Data from: Assembling microbial communities: a genomic analysis of a natural experiment in neotropical bamboo internodes,"[""iris""]",exclude,,,excluded_out_of_scope_or_false_positive,,Unrelated keyword search hit; not an eye or ophthalmology data resource.,broad_screen,https://doi.org/10.5061/dryad.4qrfj6qd1
10.5061/dryad.4qrfj6qhr,Data from: Validation of surface wave spectral measurements from velocity profiling floats,"[""orbit""]",exclude,,,excluded_out_of_scope_or_false_positive,,Unrelated keyword search hit; not an eye or ophthalmology data resource.,broad_screen,https://doi.org/10.5061/dryad.4qrfj6qhr
10.5061/dryad.4qrfj6qm8,Larval salamander retinal population data in response to natural movies from the Chicago Motion Database,"[""retina"", ""retinal""]",include,,,excluded_out_of_scope_or_false_positive,,Salamander retinal natural-movie recordings are general neural-coding data without a stated ophthalmic translation.,scope_screen_a,https://doi.org/10.5061/dryad.4qrfj6qm8
10.5061/dryad.4tmpg4f99,Structural modulation of π-conjugated linkers in D-π-A dyes based on Triphenylamine dicyanovinylene framework to explore the NLO properties,"[""orbit""]",exclude,,,excluded_out_of_scope_or_false_positive,,Unrelated keyword search hit; not an eye or ophthalmology data resource.,broad_screen,https://doi.org/10.5061/dryad.4tmpg4f99
10.5061/dryad.4v131,Data from: Optimizing mouse surgery with online rectal temperature monitoring and preoperative heat supply. Effects on post-ischemic acute kidney injury.,"[""iris""]",exclude,,,excluded_out_of_scope_or_false_positive,,Unrelated keyword search hit; not an eye or ophthalmology data resource.,broad_screen,https://doi.org/10.5061/dryad.4v131
10.5061/dryad.4xgxd2593,The cell adhesion molecule Sdk1 shapes assembly of a retinal circuit that detects localized edges,"[""retinal""]",include,,,excluded_out_of_scope_or_false_positive,,Mouse retinal edge-circuit experiments are general visual neuroscience rather than a disease-mechanism or ophthalmic method resource.,scope_screen_a,https://doi.org/10.5061/dryad.4xgxd2593
10.5061/dryad.4xgxd25jf,Signatures of a spin-active interface and locally enhanced Zeeman field in a superconductor-chiral material heterostructure,"[""orbit""]",exclude,,,excluded_out_of_scope_or_false_positive,,Unrelated keyword search hit; not an eye or ophthalmology data resource.,broad_screen,https://doi.org/10.5061/dryad.4xgxd25jf
10.5061/dryad.4xgxd25rg,Data from: In-orbit test of the weak equivalence principle with atom interferometry,"[""orbit""]",exclude,,,excluded_out_of_scope_or_false_positive,,"Physics, astronomy, or software use of ?orbit?; not an ocular-orbit resource.",broad_screen,https://doi.org/10.5061/dryad.4xgxd25rg
10.5061/dryad.515n9k9,Data from: Timing of perineuronal nets development in the zebra finch song control system correlates with developmental song learning,"[""ocular""]",exclude,,,excluded_out_of_scope_or_false_positive,,Unrelated keyword search hit; not an eye or ophthalmology data resource.,broad_screen,https://doi.org/10.5061/dryad.515n9k9
10.5061/dryad.56bq0m1,Data from: Effect of arsenate substitution on phosphate repository of cell: a computational study,"[""orbit""]",exclude,,,excluded_out_of_scope_or_false_positive,,Unrelated keyword search hit; not an eye or ophthalmology data resource.,broad_screen,https://doi.org/10.5061/dryad.56bq0m1
10.5061/dryad.56f1h,Data from: Quantitative analysis of fundus-image sequences reveals phase of spontaneous venous pulsations,"[""fundus"", ""glaucoma"", ""ocular"", ""retinal""]",include,,,included_new_record,dryad_fundus_venous_pulsation,Twelve human fundus-image sequences are a direct ocular imaging resource for venous-pulsation measurement.,scope_screen_a,https://doi.org/10.5061/dryad.56f1h
10.5061/dryad.56g7v08,Data from: Theoretical conditions for the coexistence of viral strains with differences in phenotypic traits: a bifurcation analysis,"[""orbit""]",exclude,,,excluded_out_of_scope_or_false_positive,,Unrelated keyword search hit; not an eye or ophthalmology data resource.,broad_screen,https://doi.org/10.5061/dryad.56g7v08
10.5061/dryad.573n5tb5d,Predicting incremental and future visual change in neovascular age-related macular degeneration using deep learning,"[""\""optical coherence tomography\"""", ""macular"", ""ophthalmology"", ""retina""]",exclude,dryad_namd_visual_prediction,exact_duplicate,existing_catalog_record,,Exact Dryad DOI already cataloged as dryad_namd_visual_prediction.,broad_screen_exact_catalog_doi_match,https://doi.org/10.5061/dryad.573n5tb5d
10.5061/dryad.573n5tbfv,Data from: Adverse events associated with risdiplam use,"[""ophthalmology""]",exclude,,,excluded_out_of_scope_or_false_positive,,Unrelated keyword search hit; not an eye or ophthalmology data resource.,broad_screen,https://doi.org/10.5061/dryad.573n5tbfv
10.5061/dryad.575p1,"Data from: Broad-scale genetic patterns of New Zealand abalone, Haliotis iris, across a distribution spanning 13° latitude and major oceanic water masses","[""iris""]",exclude,,,excluded_out_of_scope_or_false_positive,,Unrelated keyword search hit; not an eye or ophthalmology data resource.,broad_screen,https://doi.org/10.5061/dryad.575p1
10.5061/dryad.576m2,Data from: Cytoskeletal stability and metabolic alterations in primary human macrophages in long-term microgravity,"[""orbit""]",exclude,,,excluded_out_of_scope_or_false_positive,,Unrelated keyword search hit; not an eye or ophthalmology data resource.,broad_screen,https://doi.org/10.5061/dryad.576m2
10.5061/dryad.58791,Data from: Retinal capillary rarefaction in patients with type 2 diabetes mellitus,"[""iris"", ""retinal""]",include,,,included_new_record,dryad_diabetes_retinal_capillary,The human diabetic retinal-capillary case-control measurements directly support retinal vascular analysis.,scope_screen_a,https://doi.org/10.5061/dryad.58791
10.5061/dryad.58gn0,Data from: Light sensing by opsins and fungal ecology: NOP-1 modulates entry into sexual reproduction in response to environmental cues,"[""retinal""]",exclude,,,excluded_out_of_scope_or_false_positive,,Unrelated keyword search hit; not an eye or ophthalmology data resource.,broad_screen,https://doi.org/10.5061/dryad.58gn0
10.5061/dryad.591gf,"Data from: Identification, visualization and clonal analysis of intestinal stem cells in fish","[""retina""]",exclude,,,excluded_out_of_scope_or_false_positive,,Unrelated keyword search hit; not an eye or ophthalmology data resource.,broad_screen,https://doi.org/10.5061/dryad.591gf
10.5061/dryad.597ch,Data from: Comprehensive analysis of vitreous specimens for uveitis classification: a prospective multicentre observational study,"[""uveitis""]",include,,,included_new_record,dryad_uveitis_vitreous_biomarkers,The prospective multicentre uveitis vitreous biomarker table is direct human ocular disease data.,scope_screen_a,https://doi.org/10.5061/dryad.597ch
10.5061/dryad.59zw3r233,Data from: Elovanoids counteract oligomeric β-Amyloid-induced gene expression and protect photoreceptors,"[""macular"", ""retina"", ""retinal""]",include,,,excluded_insufficient_reusable_ophthalmic_data,,Deposit is supplementary PDFs/tables for one article and lacks a separately documented reusable retinal resource.,strict_screen_a,https://doi.org/10.5061/dryad.59zw3r233
10.5061/dryad.59zw3r28t,"Dataset for: Conservation genomics of federally endangered Texella harvester species (Arachnida, Opiliones, Phalangodidae) from cave and karst habitats of central Texas","[""corneal"", ""retinal""]",exclude,,,excluded_out_of_scope_or_false_positive,,Unrelated keyword search hit; not an eye or ophthalmology data resource.,broad_screen,https://doi.org/10.5061/dryad.59zw3r28t
10.5061/dryad.59zw3r2b7,Analysis of rod-cone dystrophy genes reveals unique mutational patterns,"[""retinal""]",include,,,included_new_record,dryad_rod_cone_dystrophy_genes,Rod-cone-dystrophy mutation association files are a direct inherited-retinal-disease genomics resource.,scope_screen_a,https://doi.org/10.5061/dryad.59zw3r2b7
10.5061/dryad.59zw3r2bh,Data for: The Martian atmospheric waves perturbation Datasets (MAWPD) version 2.0 ,"[""orbit""]",exclude,,,excluded_out_of_scope_or_false_positive,,Unrelated keyword search hit; not an eye or ophthalmology data resource.,broad_screen,https://doi.org/10.5061/dryad.59zw3r2bh
10.5061/dryad.59zw3r2bk,Utility of standard diffusion-weighted magnetic resonance imaging for the identification of ischemic optic neuropathy in giant cell arteritis,"[""ophthalmology""]",include,,,included_new_record,dryad_gca_optic_nerve_dwi,Optic-nerve diffusion-MRI assessment data directly support ischemic optic-neuropathy classification.,scope_screen_a,https://doi.org/10.5061/dryad.59zw3r2bk
10.5061/dryad.59zw3r2dr,Out-of-plane ferroelectricity and robust magnetoelectricity in quasi two-dimensional materials,"[""orbit""]",exclude,,,excluded_out_of_scope_or_false_positive,,Unrelated keyword search hit; not an eye or ophthalmology data resource.,broad_screen,https://doi.org/10.5061/dryad.59zw3r2dr
10.5061/dryad.5bc8vd7,Data from: Zebrafish differentially process colour across visual space to match natural scenes,"[""\""visual field\"""", ""retina"", ""retinal""]",include,,,excluded_out_of_scope_or_false_positive,,Zebrafish natural-scene retinal processing is basic visual neuroscience without a specific translational ocular method or disease aim.,scope_screen_a,https://doi.org/10.5061/dryad.5bc8vd7
10.5061/dryad.5dn13,Data from: Significant correlation between retinal venous tortuosity and aqueous vascular endothelial growth factor concentration in eyes with central retinal vein occlusion,"[""macular"", ""retinal""]",include,,,included_new_record,dryad_crvo_vegf_tortuosity,The 32-eye CRVO tortuosity/VEGF table is direct human retinal vascular disease data.,scope_screen_a,https://doi.org/10.5061/dryad.5dn13
10.5061/dryad.5ds04gg,Data from: Local weather and body condition influence habitat use and movements on land of molting female southern elephant seals (Mirounga leonina),"[""iris""]",exclude,,,excluded_out_of_scope_or_false_positive,,Unrelated keyword search hit; not an eye or ophthalmology data resource.,broad_screen,https://doi.org/10.5061/dryad.5ds04gg
10.5061/dryad.5gb05,Data from: Predator perspective drives geographic variation in frequency-dependent polymorphism,"[""iris""]",exclude,,,excluded_out_of_scope_or_false_positive,,Unrelated keyword search hit; not an eye or ophthalmology data resource.,broad_screen,https://doi.org/10.5061/dryad.5gb05
10.5061/dryad.5hqbzkh29,Maternal gut microbiota in pregnancy dictates offspring metabolic phenotype,"[""iris""]",exclude,,,excluded_out_of_scope_or_false_positive,,Unrelated keyword search hit; not an eye or ophthalmology data resource.,broad_screen,https://doi.org/10.5061/dryad.5hqbzkh29
10.5061/dryad.5k0s6,Data from: Epistatic interactions influence terrestrial-marine functional shifts in cetacean rhodopsin,"[""retinal""]",exclude,,,excluded_out_of_scope_or_false_positive,,Unrelated keyword search hit; not an eye or ophthalmology data resource.,broad_screen,https://doi.org/10.5061/dryad.5k0s6
10.5061/dryad.5qfttdz19,Association of cataract and sun exposure in geographically diverse populations of India: the case study. first report of the ICMR-EYE SEE study group,"[""\""slit lamp\"""", ""cataract"", ""ophthalmic""]",include,,,included_new_record,dryad_icmr_eye_see_cataract,The large Indian cataract/UV exposure survey is direct human ophthalmic epidemiology data.,scope_screen_a,https://doi.org/10.5061/dryad.5qfttdz19
10.5061/dryad.5qfttdz32,Reconstructing cranial evolution in an extinct hominin,"[""orbit""]",exclude,,,excluded_out_of_scope_or_false_positive,,Unrelated keyword search hit; not an eye or ophthalmology data resource.,broad_screen,https://doi.org/10.5061/dryad.5qfttdz32
10.5061/dryad.5qfttdz5d,WES of the proband with a novel RPGR mutation,"[""\""visual field\"""", ""ophthalmic"", ""ophthalmology"", ""retinal""]",include,,,included_new_record,dryad_rpgr_cone_rod_wes,The paired FASTQ files represent a defined human RPGR cone-rod-dystrophy sequencing object.,scope_screen_a,https://doi.org/10.5061/dryad.5qfttdz5d
10.5061/dryad.5t9d1,Data from: Long-term visual outcomes of secondary intraocular lens implantation in children with congenital cataract,"[""cataract"", ""ocular""]",include,,,included_new_record,dryad_pediatric_secondary_iol,The pediatric secondary-IOL spreadsheet is a defined direct clinical ophthalmic outcome object.,scope_screen_a,https://doi.org/10.5061/dryad.5t9d1
10.5061/dryad.5tb2rbp1k,Data from: Novel roles of chloroquine and hydroxychloroquine in Graves’ orbitopathy therapy by targeting orbital fibroblasts,"[""orbit""]",include,,,excluded_insufficient_reusable_ophthalmic_data,,Only a supplemental-data PDF is deposited; no reusable orbital-fibroblast data object is documented.,strict_screen_a,https://doi.org/10.5061/dryad.5tb2rbp1k
10.5061/dryad.5x69p8d52,Data from: Awake responses suggest inefficient dense coding in the mouse retina,"[""retina"", ""retinal""]",exclude,,,excluded_insufficient_reusable_ophthalmic_data,,Retina term is not sufficient here to establish a distinct reusable eye-data resource from the supplied metadata.,broad_screen,https://doi.org/10.5061/dryad.5x69p8d52
10.5061/dryad.5x69p8dbg,Charge trapping for controllable persistent luminescence in organics,"[""orbit""]",exclude,,,excluded_out_of_scope_or_false_positive,,Unrelated keyword search hit; not an eye or ophthalmology data resource.,broad_screen,https://doi.org/10.5061/dryad.5x69p8dbg
10.5061/dryad.5x69p8dkg,Data from: Toward weather-based forecasting of annual seed production in six European forest tree species,"[""iris""]",exclude,,,excluded_out_of_scope_or_false_positive,,Unrelated keyword search hit; not an eye or ophthalmology data resource.,broad_screen,https://doi.org/10.5061/dryad.5x69p8dkg
10.5061/dryad.612jm649r,Data from: Plane wave Doppler determination of blood flow in retinopathy of prematurity,"[""\""retinopathy of prematurity\"""", ""ocular"", ""orbit"", ""retina"", ""retinal""]",include,,,included_new_record,dryad_rop_plane_wave_doppler,The ROP Doppler examination table is a defined direct neonatal retinal measurement resource.,scope_screen_a,https://doi.org/10.5061/dryad.612jm649r
10.5061/dryad.612jm64km,Orbital dependent Coulomb drag in electron-hole bilayer graphene heterostructures,"[""orbit""]",exclude,,,excluded_out_of_scope_or_false_positive,,Unrelated keyword search hit; not an eye or ophthalmology data resource.,broad_screen,https://doi.org/10.5061/dryad.612jm64km
10.5061/dryad.61dr5,"Data from: Avian cephalic vascular anatomy, sites of thermal exchange, and the rete ophthalmicum","[""orbit""]",include,,,excluded_insufficient_reusable_ophthalmic_data,,General avian cephalic vascular CT collection is not a direct ocular resource despite rete ophthalmicum mention.,strict_screen_a,https://doi.org/10.5061/dryad.61dr5
10.5061/dryad.61f4v,Data from: Performance of Encounternet tags: field tests of miniaturized proximity loggers for use on small animals,"[""iris""]",exclude,,,excluded_out_of_scope_or_false_positive,,Unrelated keyword search hit; not an eye or ophthalmology data resource.,broad_screen,https://doi.org/10.5061/dryad.61f4v
10.5061/dryad.626tf4f,Data from: Z-DNA and Z-RNA in human disease,"[""macular""]",exclude,,,excluded_out_of_scope_or_false_positive,,Unrelated keyword search hit; not an eye or ophthalmology data resource.,broad_screen,https://doi.org/10.5061/dryad.626tf4f
10.5061/dryad.65f2k,Data from: Hummingbirds control hovering flight by stabilizing visual motion,"[""\""visual field\"""", ""retina""]",exclude,,,excluded_out_of_scope_or_false_positive,,Unrelated keyword search hit; not an eye or ophthalmology data resource.,broad_screen,https://doi.org/10.5061/dryad.65f2k
10.5061/dryad.66t1g1jzh,The post-embryonic ontogeny of the early Cambrian trilobite Estaingia bilobata from South Australia: trunk development and phylogenetic implications,"[""\""anterior segment\""""]",exclude,,,excluded_out_of_scope_or_false_positive,,Unrelated keyword search hit; not an eye or ophthalmology data resource.,broad_screen,https://doi.org/10.5061/dryad.66t1g1jzh
10.5061/dryad.66t1g1k1x,Examples of misclassified images of papilledema severity by the Deep Learning System,"[""fundus"", ""retinal""]",include,,,excluded_insufficient_reusable_ophthalmic_data,,"Deposit provides only examples of model misclassifications, not the fundus-image dataset or a distinct annotation layer.",strict_screen_a,https://doi.org/10.5061/dryad.66t1g1k1x
10.5061/dryad.676tf,Data from: The role of regional survivor incumbency in the evolutionary recovery of calcareous nannoplankton from the Cretaceous/Paleogene (K/Pg) mass extinction,"[""orbit""]",exclude,,,excluded_out_of_scope_or_false_positive,,Unrelated keyword search hit; not an eye or ophthalmology data resource.,broad_screen,https://doi.org/10.5061/dryad.676tf
10.5061/dryad.67fs3bs,"Data from: A new echimyid genus (Rodentia, Caviomorpha) in Central Argentina: uncovered diversity of a Brazilian group of mammals in the Pleistocene","[""orbit""]",exclude,,,excluded_out_of_scope_or_false_positive,,Unrelated keyword search hit; not an eye or ophthalmology data resource.,broad_screen,https://doi.org/10.5061/dryad.67fs3bs
10.5061/dryad.69p8cz982,Multimodal mucosal and systemic immune characterization of a non-human primate trachoma model highlights the critical role of local immunity during acute phase disease ,"[""corneal"", ""ocular""]",include,,,included_new_record,dryad_nhp_trachoma_immunity,The nonhuman-primate trachoma immune archive is a defined ocular infection disease-model resource with translational relevance.,scope_screen_a,https://doi.org/10.5061/dryad.69p8cz982
10.5061/dryad.6c7p5,Data from: Historical environment is reflected in modern population genetics and biogeography of an island endemic lizard (Xantusia riversiana reticulata),"[""iris""]",exclude,,,excluded_out_of_scope_or_false_positive,,Unrelated keyword search hit; not an eye or ophthalmology data resource.,broad_screen,https://doi.org/10.5061/dryad.6c7p5
10.5061/dryad.6cn04,"Data from: Genomic collinearity and the genetic architecture of floral differences between the homoploid hybrid species I. nelsonii and one of its progenitors, I. hexagona","[""iris""]",exclude,,,excluded_out_of_scope_or_false_positive,,Unrelated keyword search hit; not an eye or ophthalmology data resource.,broad_screen,https://doi.org/10.5061/dryad.6cn04
10.5061/dryad.6cp6f,Data from: Controlled iris radiance in a diurnal fish looking at prey,"[""iris"", ""ocular""]",include,,,excluded_out_of_scope_or_false_positive,,Fish iris-radiance experiments concern visual foraging behavior rather than an ocular biometric or ophthalmic method resource.,scope_screen_a,https://doi.org/10.5061/dryad.6cp6f
10.5061/dryad.6djh9w0zs, RNAseq raw counts FLCN positive vs. FLCN negative renal proximal tubular epithelial cells (RPTEC),"[""iris""]",exclude,,,excluded_out_of_scope_or_false_positive,,Unrelated keyword search hit; not an eye or ophthalmology data resource.,broad_screen,https://doi.org/10.5061/dryad.6djh9w0zs
10.5061/dryad.6djh9w17c,Data for: Global frequency analyses of canine progressive rod-cone degeneration–progressive retinal atrophy and collie eye anomaly using commercial genetic testing data,"[""retinal""]",include,,,included_new_record,dryad_canine_pra_cea_genotypes,"Canine PRA/CEA genotype data are a large, defined inherited-eye-disease resource relevant to disease mechanisms.",scope_screen_a,https://doi.org/10.5061/dryad.6djh9w17c
10.5061/dryad.6djh9w17p,Sucrose-preferring gut microbes prevent host obesity by producing exopolysaccharides,"[""iris""]",exclude,,,excluded_out_of_scope_or_false_positive,,Unrelated keyword search hit; not an eye or ophthalmology data resource.,broad_screen,https://doi.org/10.5061/dryad.6djh9w17p
10.5061/dryad.6djh9w1hw,Data from: Revisiting the charge-density-wave superlattice of 1<em>T</em>-TiSe<sub>2</sub>,"[""orbit""]",exclude,,,excluded_out_of_scope_or_false_positive,,Unrelated keyword search hit; not an eye or ophthalmology data resource.,broad_screen,https://doi.org/10.5061/dryad.6djh9w1hw
10.5061/dryad.6hdr7sqxx,International consensus guidance for management of myasthenia gravis,"[""ocular""]",exclude,,,excluded_out_of_scope_or_false_positive,,Unrelated keyword search hit; not an eye or ophthalmology data resource.,broad_screen,https://doi.org/10.5061/dryad.6hdr7sqxx
10.5061/dryad.6hdr7sr73,"Adsorption of N, He, and Ne on CGe nanoribbons for sensing and optoelectronic applications","[""orbit""]",exclude,,,excluded_out_of_scope_or_false_positive,,Unrelated keyword search hit; not an eye or ophthalmology data resource.,broad_screen,https://doi.org/10.5061/dryad.6hdr7sr73
10.5061/dryad.6kg1sd7,Data from: Association of diabetic retinopathy and diabetic macular edema with renal function in southern Chinese patients with type 2 diabetes mellitus: a single-center observational study,"[""\""diabetic retinopathy\"""", ""macular""]",include,,,included_new_record,dryad_diabetic_retinopathy_renal,The 413-patient diabetic-retinopathy/macular-edema table is direct human ophthalmic clinical data.,scope_screen_a,https://doi.org/10.5061/dryad.6kg1sd7
10.5061/dryad.6m3n9,Data from: Pigmented anatomy in Carboniferous cyclostomes and the evolution of the vertebrate eye,"[""retinal""]",include,,,excluded_out_of_scope_or_false_positive,,Fossil phylogenetic character matrix concerns eye evolution but is not an ophthalmology or ocular data resource.,strict_screen_a,https://doi.org/10.5061/dryad.6m3n9
10.5061/dryad.6np02kb,Pinopsin evolved as the ancestral dim-light visual opsin in vertebrates,"[""retina"", ""retinal""]",include,,,excluded_insufficient_reusable_ophthalmic_data,,Archive is described only as TIFF figure files and does not establish a reusable retinal dataset.,strict_screen_a,https://doi.org/10.5061/dryad.6np02kb
10.5061/dryad.6pm50,Data from: Design of cinnamaldehyde amino acid Schiff base compounds based on the quantitative structure–activity relationship,"[""orbit""]",exclude,,,excluded_out_of_scope_or_false_positive,,Unrelated keyword search hit; not an eye or ophthalmology data resource.,broad_screen,https://doi.org/10.5061/dryad.6pm50
10.5061/dryad.6ss2t,"Data from: Temporal population genetic instability in range edge Western Toads, Anaxyrus boreas","[""iris""]",exclude,,,excluded_out_of_scope_or_false_positive,,Unrelated keyword search hit; not an eye or ophthalmology data resource.,broad_screen,https://doi.org/10.5061/dryad.6ss2t
10.5061/dryad.6t1g1jx9s,Comparison of antimicrobial resistance genes on the ocular surface of patients with corneal infections in California and Malawi,"[""corneal"", ""ocular""]",include,,,included_new_record,dryad_ocular_surface_amr,Per-patient ocular-surface AMR counts and metadata are direct human keratitis translational data.,scope_screen_a,https://doi.org/10.5061/dryad.6t1g1jx9s
10.5061/dryad.6wwpzgn2p,Dual receptive fields underlying target and wide-field motion sensitivity in looming sensitive descending neurons,"[""retinal""]",exclude,,,excluded_out_of_scope_or_false_positive,,Unrelated keyword search hit; not an eye or ophthalmology data resource.,broad_screen,https://doi.org/10.5061/dryad.6wwpzgn2p
10.5061/dryad.707kc,Data from: Identification of the Beagle 2 lander on Mars,"[""orbit""]",exclude,,,excluded_out_of_scope_or_false_positive,,Unrelated keyword search hit; not an eye or ophthalmology data resource.,broad_screen,https://doi.org/10.5061/dryad.707kc
10.5061/dryad.70rxwdc7h,"Data from: A new species in Iris section Pseudoregelia (Iridaceae) from Gansu, China","[""iris""]",exclude,,,excluded_out_of_scope_or_false_positive,,Plant genus Iris search collision; not an ocular resource.,broad_screen,https://doi.org/10.5061/dryad.70rxwdc7h
10.5061/dryad.70rxwdc95,Data for: Transient shifts in Bering Sea shelf phytoplankton size structure in response to wind-induced mixing,"[""orbit""]",exclude,,,excluded_out_of_scope_or_false_positive,,Unrelated keyword search hit; not an eye or ophthalmology data resource.,broad_screen,https://doi.org/10.5061/dryad.70rxwdc95
10.5061/dryad.71hp4,"Data from: Cataract surgery visual outcomes and associated risk factors in secondary level eye care centers of L V Prasad Eye Institute, India","[""cataract"", ""ocular"", ""ophthalmic""]",include,,,included_new_record,dryad_lvpei_cataract_outcomes,"The 2,049-surgery cataract outcome file is direct human ophthalmic care data.",scope_screen_a,https://doi.org/10.5061/dryad.71hp4
10.5061/dryad.72fg9,Data from: Phylogeny of haemosporidian blood parasites revealed by a multi-gene approach,"[""iris""]",exclude,,,excluded_out_of_scope_or_false_positive,,Unrelated keyword search hit; not an eye or ophthalmology data resource.,broad_screen,https://doi.org/10.5061/dryad.72fg9
10.5061/dryad.73n5tb38p,Spectrophotometric determination of LAP photoinitiator radicalization in ophthalmic applications,"[""cornea"", ""corneal"", ""ophthalmic""]",needs_manual_review,,,excluded_out_of_scope_or_false_positive,,The LAP spectrophotometry archive supports ophthalmic-materials work but does not expose ocular data or a distinct ophthalmic research object.,deferred_resolution,https://doi.org/10.5061/dryad.73n5tb38p
10.5061/dryad.75r59p2,Data from: Optical coherence tomography is highly sensitive in detecting prior optic neuritis,"[""\""optical coherence tomography\"""", ""glaucoma"", ""ophthalmology"", ""retinal""]",include,,,excluded_insufficient_reusable_ophthalmic_data,,"Deposit contains supplemental presentation/PDF figures only, not OCT measurements or image data.",strict_screen_a,https://doi.org/10.5061/dryad.75r59p2
10.5061/dryad.76hdr7t64,Data from: Phagocytosed photoreceptor outer segment particles within the retinal pigment epithelium show diurnal rhythmicity and variation between cone subtypes in larval zebrafish,"[""retinal""]",include,,,included_new_record,dryad_zebrafish_rpe_phagocytosis,Zebrafish retinal/RPE phagosome data are a defined retinal-degeneration mechanism resource.,scope_screen_a,https://doi.org/10.5061/dryad.76hdr7t64
10.5061/dryad.79cnp5hw7,Distinct type II opsins in the eye decode light properties for background adaptation and behavioural background preference,"[""retina"", ""retinal""]",include,,,excluded_insufficient_reusable_ophthalmic_data,,"Figure-labelled text values are article support materials, not a separately documented ocular dataset.",strict_screen_a,https://doi.org/10.5061/dryad.79cnp5hw7
10.5061/dryad.79cnp5hz8,Sound files of the climbing trees of squirrels,"[""orbit""]",exclude,,,excluded_out_of_scope_or_false_positive,,Unrelated keyword search hit; not an eye or ophthalmology data resource.,broad_screen,https://doi.org/10.5061/dryad.79cnp5hz8
10.5061/dryad.79cnp5j4h,Data from: Carrier density crossover and quasiparticle mass enhancement in a doped 5d Mott insulator,"[""orbit""]",exclude,,,excluded_out_of_scope_or_false_positive,,Unrelated keyword search hit; not an eye or ophthalmology data resource.,broad_screen,https://doi.org/10.5061/dryad.79cnp5j4h
10.5061/dryad.7h44j0zrp,Charts of TGA and FTIR of biopolemers and their resulted AgNPs,"[""retina""]",exclude,,,excluded_out_of_scope_or_false_positive,,Unrelated keyword search hit; not an eye or ophthalmology data resource.,broad_screen,https://doi.org/10.5061/dryad.7h44j0zrp
10.5061/dryad.7h44j0zt7,Genetic mechanisms and correlational selection structure trait variation in a coral snake mimic,"[""iris""]",exclude,,,excluded_out_of_scope_or_false_positive,,Unrelated keyword search hit; not an eye or ophthalmology data resource.,broad_screen,https://doi.org/10.5061/dryad.7h44j0zt7
10.5061/dryad.7m07n0r,"Data from: Bony labyrinth morphometry reveals hidden diversity in lungless salamanders (Family Plethodontidae): structural correlates of ecology, development, and vision in the inner ear","[""ocular""]",exclude,,,excluded_out_of_scope_or_false_positive,,Unrelated keyword search hit; not an eye or ophthalmology data resource.,broad_screen,https://doi.org/10.5061/dryad.7m07n0r
10.5061/dryad.7m0cfxq9r,Understanding decision making factors influencing referrals to vision rehabilitation services at a tertiary medical center,"[""\""anterior segment\""""]",exclude,,,excluded_out_of_scope_or_false_positive,,Unrelated keyword search hit; not an eye or ophthalmology data resource.,broad_screen,https://doi.org/10.5061/dryad.7m0cfxq9r
10.5061/dryad.7pvmcvf8d,Plasma metabolomes of aged rhesus macaques with and without maculopathies,"[""macular"", ""ocular"", ""ophthalmology"", ""retinal""]",include,,,included_new_record,dryad_rhesus_maculopathy_metabolomics,Rhesus maculopathy plasma-metabolome workbook is a defined nonhuman-primate AMD-model biomarker resource.,scope_screen_a,https://doi.org/10.5061/dryad.7pvmcvf8d
10.5061/dryad.7q37g6b,Data from: All-optical recording and stimulation of retinal neurons in vivo in retinal degeneration mice,"[""retina"", ""retinal""]",include,,,included_new_record,dryad_mouse_all_optical_retina,Mouse all-optical retinal recording/stimulation archive is a defined retinal-degeneration imaging and therapy-method resource.,scope_screen_a,https://doi.org/10.5061/dryad.7q37g6b
10.5061/dryad.7q5c7,Data from: Gendered disparities in quality of cataract surgery in a marginalised population in Pakistan: the Karachi marine fishing communities eye and general health survey,"[""cataract""]",include,,,included_new_record,dryad_karachi_cataract_outcomes,Karachi cataract-surgery quality data are direct human ophthalmic population outcomes.,scope_screen_a,https://doi.org/10.5061/dryad.7q5c7
10.5061/dryad.7r7n7,Data from: Spike-triggered covariance analysis reveals phenomenological diversity of contrast adaptation in the retina,"[""retina"", ""retinal""]",exclude,,,excluded_insufficient_reusable_ophthalmic_data,,Retina term is not sufficient here to establish a distinct reusable eye-data resource from the supplied metadata.,broad_screen,https://doi.org/10.5061/dryad.7r7n7
10.5061/dryad.7sqv9s4pm,Data from: Zebrafish retinal ganglion cells asymmetrically encode spectral and temporal information across visual space,"[""retinal""]",include,,,excluded_out_of_scope_or_false_positive,,Zebrafish RGC spectral coding is general visual neuroscience without a disease-mechanism or ophthalmic imaging-method focus.,scope_screen_a,https://doi.org/10.5061/dryad.7sqv9s4pm
10.5061/dryad.7t3h6,Data from: A qualitative study of stakeholder views regarding participation in locally commissioned enhanced optometric services,"[""glaucoma""]",exclude,,,excluded_out_of_scope_or_false_positive,,Unrelated keyword search hit; not an eye or ophthalmology data resource.,broad_screen,https://doi.org/10.5061/dryad.7t3h6
10.5061/dryad.7t7d9,Data from: Abandoning sex: multiple origins of asexuality in the ciliate Tetrahymena,"[""glaucoma""]",exclude,,,excluded_out_of_scope_or_false_positive,,Unrelated keyword search hit; not an eye or ophthalmology data resource.,broad_screen,https://doi.org/10.5061/dryad.7t7d9
10.5061/dryad.7vn28,Data from: Upregulation of NLRP3 inflammasome in the tears and ocular surface of dry eye patients,"[""ocular""]",include,,,included_new_record,dryad_dry_eye_nlrp3,"Dry-eye clinical, tear, and ocular-surface molecular data directly support human ocular-surface disease analysis.",scope_screen_a,https://doi.org/10.5061/dryad.7vn28
10.5061/dryad.7wm37pvt0,Distinct synaptic transfer functions in same-type photoreceptors,"[""retinal""]",include,,,excluded_out_of_scope_or_false_positive,,Zebrafish photoreceptor synaptic physiology is general visual neuroscience without a stated translational disease or method use.,scope_screen_a,https://doi.org/10.5061/dryad.7wm37pvt0
10.5061/dryad.80gb5mkpj,Data from: Functional genetic diversity in an exploited marine species and its relevance to fisheries management,"[""retinal""]",exclude,,,excluded_out_of_scope_or_false_positive,,Unrelated keyword search hit; not an eye or ophthalmology data resource.,broad_screen,https://doi.org/10.5061/dryad.80gb5mkpj
10.5061/dryad.84hc0,Data from: A novel system for bi-ocular eye-tracking in vertebrates with laterally placed eyes,"[""ocular""]",include,,,included_new_record,dryad_biocular_eye_tracking,The bi-ocular vertebrate eye-tracking spreadsheets are a defined ocular-motor measurement-method resource.,scope_screen_a,https://doi.org/10.5061/dryad.84hc0
10.5061/dryad.857n9,Data from: Copy number variation and expression analysis reveals a nonorthologous pinta gene family member involved in butterfly vision,"[""retina"", ""retinal""]",include,,,excluded_insufficient_reusable_ophthalmic_data,,Whole transcriptome is from head/limb tissues rather than eye data; vision is only the biological interpretation.,strict_screen_a,https://doi.org/10.5061/dryad.857n9
10.5061/dryad.866t1g23p,TIGER: A tdTomato in-vivo genome-editing reporter mouse for investigating precision-editor delivery approaches,"[""ocular"", ""retinal""]",exclude,,,excluded_out_of_scope_or_false_positive,,Unrelated keyword search hit; not an eye or ophthalmology data resource.,broad_screen,https://doi.org/10.5061/dryad.866t1g23p
10.5061/dryad.86f1m6g,Data from: Refining eligibility criteria for amyotrophic lateral sclerosis clinical trials,"[""iris""]",exclude,,,excluded_out_of_scope_or_false_positive,,Unrelated keyword search hit; not an eye or ophthalmology data resource.,broad_screen,https://doi.org/10.5061/dryad.86f1m6g
10.5061/dryad.8824sd0,Data from: Cattle affect regeneration of the palm species Attalea princeps in a Bolivian forest-savanna mosaic,"[""iris""]",exclude,,,excluded_out_of_scope_or_false_positive,,Unrelated keyword search hit; not an eye or ophthalmology data resource.,broad_screen,https://doi.org/10.5061/dryad.8824sd0
10.5061/dryad.8931zcrw5,CCI.net fungal keratitis cases dataset,"[""corneal"", ""ophthalmic""]",include,,,included_new_record,dryad_fungal_keratitis_cci,"The 8,697-image fungal-keratitis dataset has explicit classification and segmentation splits and is directly usable for translational corneal imaging.",scope_screen_b,https://doi.org/10.5061/dryad.8931zcrw5
10.5061/dryad.8931zcs04,Compounding heterochrony shapes the salamander visual system across adaptive zones,"[""retina""]",exclude,,,excluded_out_of_scope_or_false_positive,,Unrelated keyword search hit; not an eye or ophthalmology data resource.,broad_screen,https://doi.org/10.5061/dryad.8931zcs04
10.5061/dryad.8931zcs1b,"Data from: A novel Imatinib analog inhibitor of chronic myeloid leukemia: design, synthesis, and characterization. Explanation of its folded conformation","[""orbit""]",exclude,,,excluded_out_of_scope_or_false_positive,,Unrelated keyword search hit; not an eye or ophthalmology data resource.,broad_screen,https://doi.org/10.5061/dryad.8931zcs1b
10.5061/dryad.8cz8w9gmw,Dynamics of gaze control during prey capture in freely moving mice,"[""\""visual field\""""]",include,,,excluded_out_of_scope_or_false_positive,,Mouse prey-capture gaze behavior is general visual-neuroscience research rather than an ophthalmic modality disease mechanism or translational method.,scope_screen_b,https://doi.org/10.5061/dryad.8cz8w9gmw
10.5061/dryad.8cz8w9grb,Doryteuthis pealeii embyronic transcriptome individual stages 16-27 pooled and annotation,"[""cornea"", ""iris"", ""retinal""]",exclude,,,excluded_out_of_scope_or_false_positive,,Unrelated keyword search hit; not an eye or ophthalmology data resource.,broad_screen,https://doi.org/10.5061/dryad.8cz8w9grb
10.5061/dryad.8cz8w9h0v,Data from: Quantifying changes on optical coherence tomography in eyes receiving treatment for neovascular age-related macular degeneration,"[""\""optical coherence tomography\"""", ""macular"", ""ophthalmology"", ""retina"", ""retinal""]",include,,,included_new_record,dryad_namd_oct_longitudinal,"The named longitudinal OCT measurement CSV covers 2,115 treated AMD eyes and fits core clinical OCT progression analysis.",scope_screen_b,https://doi.org/10.5061/dryad.8cz8w9h0v
10.5061/dryad.8fh42,Data from: Floral colour change in the eyes of pollinators: testing possible constraints and correlated evolution,"[""iris""]",exclude,,,excluded_insufficient_reusable_ophthalmic_data,,"Ocular keyword hit, but title/metadata does not establish a distinct reusable eye or ophthalmology data resource.",broad_screen,https://doi.org/10.5061/dryad.8fh42
10.5061/dryad.8gtht76pd,Find the Food First: An Omnivorous Sensory Morphotype Predates Biomechanical Specialization for Plant Based Diets in Phyllostomid Bats,"[""orbit""]",exclude,,,excluded_out_of_scope_or_false_positive,,Unrelated keyword search hit; not an eye or ophthalmology data resource.,broad_screen,https://doi.org/10.5061/dryad.8gtht76pd
10.5061/dryad.8jk03jd,Data from: Type 1 interferon-inducible gene expression in QuantiFERON Gold TB-positive uveitis: a tool to stratify a high versus low risk of active tuberculosis?,"[""uveitis""]",include,,,included_new_record,dryad_tb_uveitis_ifn,The human uveitis expression workbook has a stated 103-enrollment cohort and supports ocular biomarker classification.,scope_screen_b,https://doi.org/10.5061/dryad.8jk03jd
10.5061/dryad.8jt2694,Data from: Synopsis and taxonomic revision of three genera in the snake tribe Sonorini,"[""iris""]",exclude,,,excluded_out_of_scope_or_false_positive,,Unrelated keyword search hit; not an eye or ophthalmology data resource.,broad_screen,https://doi.org/10.5061/dryad.8jt2694
10.5061/dryad.8k7jd,Data from: Expansion and diversification of the MSDIN family of cyclic peptide genes in the poisonous agarics Amanita phalloides and A. bisporigera,"[""OCTA""]",exclude,,,excluded_out_of_scope_or_false_positive,,Unrelated keyword search hit; not an eye or ophthalmology data resource.,broad_screen,https://doi.org/10.5061/dryad.8k7jd
10.5061/dryad.8kb87,Data from: Direct and indirect causal effects of heterozygosity on fitness-related traits in Alpine ibex,"[""iris""]",exclude,,,excluded_out_of_scope_or_false_positive,,Unrelated keyword search hit; not an eye or ophthalmology data resource.,broad_screen,https://doi.org/10.5061/dryad.8kb87
10.5061/dryad.8m2g3,Data from: Eye coding mechanisms in early human face event-related potentials,"[""retinal""]",exclude,,,excluded_insufficient_reusable_ophthalmic_data,,"Ocular keyword hit, but title/metadata does not establish a distinct reusable eye or ophthalmology data resource.",broad_screen,https://doi.org/10.5061/dryad.8m2g3
10.5061/dryad.8nv72,Data from: Individual variation in cone photoreceptor density in house sparrows: implications for between-individual differences in visual resolution and chromatic contrast,"[""retina"", ""retinal""]",include,,,excluded_out_of_scope_or_false_positive,,Comparative sparrow cone-density ecology lacks a direct ophthalmic or translational ocular-method use case.,scope_screen_b,https://doi.org/10.5061/dryad.8nv72
10.5061/dryad.8pk0p2p1v,Data from: CMR study comparing antiplatelet therapies in STEMI patients,"[""angiography""]",exclude,,,excluded_out_of_scope_or_false_positive,,Unrelated keyword search hit; not an eye or ophthalmology data resource.,broad_screen,https://doi.org/10.5061/dryad.8pk0p2p1v
10.5061/dryad.8sf7m0cwq,Epidermal club cell densities in fathead minnows: assessment of method and application to a case study,"[""ocular""]",exclude,,,excluded_out_of_scope_or_false_positive,,Unrelated keyword search hit; not an eye or ophthalmology data resource.,broad_screen,https://doi.org/10.5061/dryad.8sf7m0cwq
10.5061/dryad.8sf7m0czv,EMG dataset for gesture recognition with arm translation,"[""iris""]",exclude,,,excluded_out_of_scope_or_false_positive,,Unrelated keyword search hit; not an eye or ophthalmology data resource.,broad_screen,https://doi.org/10.5061/dryad.8sf7m0czv
10.5061/dryad.8th5m,Data from: Phenotypic plasticity in response to environmental heterogeneity contributes to fluctuating asymmetry in plants: first empirical evidence,"[""iris""]",exclude,,,excluded_out_of_scope_or_false_positive,,Unrelated keyword search hit; not an eye or ophthalmology data resource.,broad_screen,https://doi.org/10.5061/dryad.8th5m
10.5061/dryad.931zcrjrq,Data for: Probing visual sensitivity and attention in mice using reverse correlation,"[""\""visual field\""""]",exclude,,,excluded_out_of_scope_or_false_positive,,Unrelated keyword search hit; not an eye or ophthalmology data resource.,broad_screen,https://doi.org/10.5061/dryad.931zcrjrq
10.5061/dryad.95x69p8th,Quantifying the influence of optical coherence tomography beam tilt in the normal adult mouse retina,"[""\""optical coherence tomography\"""", ""retina"", ""retinal""]",include,,,included_new_record,dryad_mouse_oct_beam_tilt,The large named OCT archive is a directly reusable imaging-method resource despite its normal mouse rather than human cohort.,scope_screen_b,https://doi.org/10.5061/dryad.95x69p8th
10.5061/dryad.95x69p8vx,Hybrid electromagnetic toroidal vortices,"[""orbit""]",exclude,,,excluded_out_of_scope_or_false_positive,,Unrelated keyword search hit; not an eye or ophthalmology data resource.,broad_screen,https://doi.org/10.5061/dryad.95x69p8vx
10.5061/dryad.963hr,Data from: A large and phylogenetically diverse class of type 1 opsins lacking a canonical retinal binding site,"[""retinal""]",exclude,,,excluded_insufficient_reusable_ophthalmic_data,,Retina term is not sufficient here to establish a distinct reusable eye-data resource from the supplied metadata.,broad_screen,https://doi.org/10.5061/dryad.963hr
10.5061/dryad.9707661,Clinical characteristics of patients hospitalized for ocular chemical injuries in Shanghai from 2012 to 2017,"[""ocular"", ""ophthalmology""]",include,,,included_new_record,dryad_ocular_chemical_injuries_shanghai,This 160-patient clinical workbook is directly relevant to ocular injury outcomes and ophthalmic epidemiology.,scope_screen_b,https://doi.org/10.5061/dryad.9707661
10.5061/dryad.97r9289,Data from: One and two year visual outcomes from the Moorfields age-related macular degeneration database: a retrospective cohort study and an open science resource,"[""\""diabetic retinopathy\"""", ""macular""]",include,dryad_namd_oct_quant;dryad_namd_visual_prediction,shared_source_cohort_distinct_outcome_task,included_new_record,dryad_moorfields_amd_1_2_year,"The de-identified 8,174-eye Moorfields AMD CSV is an explicitly released human longitudinal outcome resource.",scope_screen_b,https://doi.org/10.5061/dryad.97r9289
10.5061/dryad.98sf7m0dv,Correlation between internal pudendal artery stenosis and erectile dysfunction in patients with suspected coronary artery disease,"[""angiography""]",exclude,,,excluded_out_of_scope_or_false_positive,,Unrelated keyword search hit; not an eye or ophthalmology data resource.,broad_screen,https://doi.org/10.5061/dryad.98sf7m0dv
10.5061/dryad.98sf7m0wt,Data and code from: Fatty acid metabolism reprograms immune microenvironment in retinal artery occlusion: Multi-Omics analysis highlights immunometabolic crosstalk,"[""cataract"", ""retinal""]",include,,,included_new_record,dryad_rao_multiomics,The 132-participant retinal-artery-occlusion multi-omics release is directly translational and contains data beyond its analysis code.,scope_screen_b,https://doi.org/10.5061/dryad.98sf7m0wt
10.5061/dryad.9cnp5hqfm,Data from: Ten-year survival trends of neovascular age-related macular degeneration at first presentation,"[""\""diabetic retinopathy\"""", ""macular"", ""ophthalmology"", ""retinal""]",include,dryad_namd_oct_quant;dryad_namd_visual_prediction,shared_source_cohort_distinct_outcome_task,included_new_record,dryad_namd_ten_year_survival,The 103-patient ten-year AMD outcome CSV is a clearly defined human survival-analysis resource.,scope_screen_b,https://doi.org/10.5061/dryad.9cnp5hqfm
10.5061/dryad.9cnp5hqkq,Opponent processing in the retinal mosaic of nymphalid butterflies,"[""retina"", ""retinal""]",include,,,excluded_out_of_scope_or_false_positive,,Butterfly retinal spectral ecology is not a direct translational ocular modality or disease-mechanism resource.,scope_screen_b,https://doi.org/10.5061/dryad.9cnp5hqkq
10.5061/dryad.9cnp5hqmn,"Integrated plasma proteomic and single-cell immune signaling network signatures demarcate mild, moderate, and severe COVID-19","[""iris""]",exclude,,,excluded_out_of_scope_or_false_positive,,Unrelated keyword search hit; not an eye or ophthalmology data resource.,broad_screen,https://doi.org/10.5061/dryad.9cnp5hqmn
10.5061/dryad.9cnp5hqvt,Behaviorally designed training leads to more diverse hiring,"[""iris""]",exclude,,,excluded_out_of_scope_or_false_positive,,Unrelated keyword search hit; not an eye or ophthalmology data resource.,broad_screen,https://doi.org/10.5061/dryad.9cnp5hqvt
10.5061/dryad.9cp3j,Data from: The chinchilla as a novel animal model of pregnancy,"[""angiography""]",exclude,,,excluded_out_of_scope_or_false_positive,,Unrelated keyword search hit; not an eye or ophthalmology data resource.,broad_screen,https://doi.org/10.5061/dryad.9cp3j
10.5061/dryad.9fh1s,Data from: Does the aquatic invertebrate nipple array prevent bubble adhesion?: an experiment using nanopillar sheets,"[""corneal""]",exclude,,,excluded_out_of_scope_or_false_positive,,Unrelated keyword search hit; not an eye or ophthalmology data resource.,broad_screen,https://doi.org/10.5061/dryad.9fh1s
10.5061/dryad.9fq7q,Data from: A new species of Allophryne (Anura: Allophrynidae) from the Atlantic Rain Forest biome of eastern Brazil,"[""iris""]",exclude,,,excluded_out_of_scope_or_false_positive,,Unrelated keyword search hit; not an eye or ophthalmology data resource.,broad_screen,https://doi.org/10.5061/dryad.9fq7q
10.5061/dryad.9kd51c5g5,Pupil and masking responses to light as functional measures of retinal degeneration in mice Mus Musculus,"[""retinal""]",include,,,included_new_record,dryad_mouse_pupil_masking_retinal_deg,The three named ERG pupil and masking response files form a defined retinal-degeneration functional-assay resource in a disease model.,scope_screen_b,https://doi.org/10.5061/dryad.9kd51c5g5
10.5061/dryad.9s4mw6mc9,Data from: Automatic segmentation of multiple cardiovascular structures from cardiac computed tomography angiography images using deep learning,"[""angiography""]",exclude,,,excluded_out_of_scope_or_false_positive,,Unrelated keyword search hit; not an eye or ophthalmology data resource.,broad_screen,https://doi.org/10.5061/dryad.9s4mw6mc9
10.5061/dryad.9t0r6,Data from: Fine-scale belowground species associations in temperate grassland,"[""iris""]",exclude,,,excluded_out_of_scope_or_false_positive,,Unrelated keyword search hit; not an eye or ophthalmology data resource.,broad_screen,https://doi.org/10.5061/dryad.9t0r6
10.5061/dryad.b2rbnzsbd,Data from: Divergent selection on flowering phenology but not on floral morphology between two closely related orchids,"[""iris""]",exclude,,,excluded_out_of_scope_or_false_positive,,Unrelated keyword search hit; not an eye or ophthalmology data resource.,broad_screen,https://doi.org/10.5061/dryad.b2rbnzsbd
10.5061/dryad.b2t22,Data from: Visual receptive field properties of neurons in the mouse lateral geniculate nucleus,"[""\""visual field\"""", ""retina""]",exclude,,,excluded_out_of_scope_or_false_positive,,Unrelated keyword search hit; not an eye or ophthalmology data resource.,broad_screen,https://doi.org/10.5061/dryad.b2t22
10.5061/dryad.b41j15h,"Data from: Human retinal pigment epithelium: in vivo cell morphometry, multispectral autofluorescence, and relationship to cone mosaic","[""\""retinal image\"""", ""ophthalmology"", ""retinal""]",exclude,dryad_aoslo_rpe,exact_duplicate,existing_catalog_record,,Exact Dryad DOI already cataloged as dryad_aoslo_rpe.,broad_screen_exact_catalog_doi_match,https://doi.org/10.5061/dryad.b41j15h
10.5061/dryad.b5mkkwh9x,Data from: Extending the climatological concept of ‘Detection and Attribution’ to global change ecology in the Anthropocene,"[""orbit""]",exclude,,,excluded_out_of_scope_or_false_positive,,Unrelated keyword search hit; not an eye or ophthalmology data resource.,broad_screen,https://doi.org/10.5061/dryad.b5mkkwh9x
10.5061/dryad.b5mkkwhfb,Whole genome resequencing reveals signatures of rapid selection in a virus affected commercial fishery,"[""iris""]",exclude,,,excluded_out_of_scope_or_false_positive,,Unrelated keyword search hit; not an eye or ophthalmology data resource.,broad_screen,https://doi.org/10.5061/dryad.b5mkkwhfb
10.5061/dryad.b5mkkwhjw,Data from: Short-latency preference for faces in the primate superior colliculus,"[""retina""]",exclude,,,excluded_out_of_scope_or_false_positive,,Unrelated keyword search hit; not an eye or ophthalmology data resource.,broad_screen,https://doi.org/10.5061/dryad.b5mkkwhjw
10.5061/dryad.b68b048,Data from: Body coloration and mechanisms of colour production in Archelosauria: the case of deirocheline turtles,"[""orbit""]",exclude,,,excluded_out_of_scope_or_false_positive,,Unrelated keyword search hit; not an eye or ophthalmology data resource.,broad_screen,https://doi.org/10.5061/dryad.b68b048
10.5061/dryad.b81n1,Data from: Downregulation of autophagy is associated with severe ischemia-reperfusion-induced acute kidney injury in overexpressing C-reactive protein mice,"[""iris""]",exclude,,,excluded_out_of_scope_or_false_positive,,Unrelated keyword search hit; not an eye or ophthalmology data resource.,broad_screen,https://doi.org/10.5061/dryad.b81n1
10.5061/dryad.b971k,Data from: Rab6 is required for multiple apical transport pathways but not the basolateral transport pathway in Drosophila photoreceptors,"[""retina""]",include,,,excluded_out_of_scope_or_false_positive,,Drosophila photoreceptor transport genomics is basic cell biology without a sufficiently direct ophthalmic or translational route.,scope_screen_b,https://doi.org/10.5061/dryad.b971k
10.5061/dryad.bb502,Data from: The need for speed: global optic flow speed influences steering,"[""\""visual field\""""]",exclude,,,excluded_out_of_scope_or_false_positive,,Unrelated keyword search hit; not an eye or ophthalmology data resource.,broad_screen,https://doi.org/10.5061/dryad.bb502
10.5061/dryad.bcc2fqzbx,Knowledge and awareness of Covid-19 in eye care,"[""ophthalmic""]",exclude,,,excluded_insufficient_reusable_ophthalmic_data,,"Ocular keyword hit, but title/metadata does not establish a distinct reusable eye or ophthalmology data resource.",broad_screen,https://doi.org/10.5061/dryad.bcc2fqzbx
10.5061/dryad.bcc2fqzf1,Gene augmentation prevents retinal degeneration in a CRISPR/Cas9-based mouse model of PRPF31 retinitis pigmentosa,"[""retinal""]",include,,,included_new_record,dryad_prpf31_gene_augmentation,Thirty-eight named sequencing files document a retinitis-pigmentosa gene-therapy disease model with clear translational relevance.,scope_screen_b,https://doi.org/10.5061/dryad.bcc2fqzf1
10.5061/dryad.bcc2fqzj1,miRNAs in primary open-angle glaucoma and ocular hypertension,"[""glaucoma"", ""ocular""]",include,,,included_new_record,dryad_glaucoma_tears_mirna,The normalized tear miRNA CSV and README constitute a defined human glaucoma and ocular-hypertension biomarker resource.,deferred_resolution,https://doi.org/10.5061/dryad.bcc2fqzj1
10.5061/dryad.bcc2fqzjz, Neural mechanisms to incorporate visual counterevidence in self movement estimation,"[""retina""]",exclude,,,excluded_out_of_scope_or_false_positive,,Vision/behaviour search hit without direct ocular or ophthalmic data in the repository metadata.,broad_screen,https://doi.org/10.5061/dryad.bcc2fqzjz
10.5061/dryad.bcc2fqzpz,Compromised 2-start zigzag chromatin folding in immature mouse retina cells driven by irregularly spaced nucleosomes with short DNA linkers,"[""retina""]",include,,,excluded_insufficient_reusable_ophthalmic_data,,Manifest is principally cryo-EM/model archives and a README for one article; no distinct ocular data resource is documented.,strict_screen_b,https://doi.org/10.5061/dryad.bcc2fqzpz
10.5061/dryad.bg79cnpb4,GABAA presynaptic inhibition regulates the gain and kinetics of retinal output neurons,"[""retina"", ""retinal""]",include,,,excluded_insufficient_reusable_ophthalmic_data,,Eight figure-named spreadsheets are article source data without a separately defined reusable research object.,strict_screen_b,https://doi.org/10.5061/dryad.bg79cnpb4
10.5061/dryad.bj1514fn,Data from: Multiple Quaternary refugia in the eastern Guiana Shield revealed by comparative phylogeography of 12 frog species,"[""orbit""]",exclude,,,excluded_out_of_scope_or_false_positive,,Unrelated keyword search hit; not an eye or ophthalmology data resource.,broad_screen,https://doi.org/10.5061/dryad.bj1514fn
10.5061/dryad.bk3j9kdbq,Supplemental material for: Validation of intraluminal filling defect length to identify carotid free-floating thrombus in patients with stroke/TIA,"[""angiography""]",exclude,,,excluded_out_of_scope_or_false_positive,,Unrelated keyword search hit; not an eye or ophthalmology data resource.,broad_screen,https://doi.org/10.5061/dryad.bk3j9kdbq
10.5061/dryad.bk3j9kdbv,Bulk and amino acid nitrogen specific isotope data from particulate organic matter and mesozooplankton (1000-2000 µm) from the Mekong River plume and southern South China Sea,"[""iris""]",exclude,,,excluded_out_of_scope_or_false_positive,,Unrelated keyword search hit; not an eye or ophthalmology data resource.,broad_screen,https://doi.org/10.5061/dryad.bk3j9kdbv
10.5061/dryad.bk3j9kdgk,"Circadian rhythm entrainment of the jewel wasp, Nasonia vitripennis, by antagonistic interactions of multiple spectral inputs","[""retinal""]",exclude,,,excluded_out_of_scope_or_false_positive,,Unrelated keyword search hit; not an eye or ophthalmology data resource.,broad_screen,https://doi.org/10.5061/dryad.bk3j9kdgk
10.5061/dryad.bk3j9kdjf,Data from: Phase-dependent differential in vitro and ex vivo susceptibility of Aspergillus flavus and Fusarium keratoplasticum to azole antifungals,"[""cornea"", ""corneal""]",include,,,included_new_record,dryad_fungal_keratitis_azole_assay,The raw corneal-coverage and absorbance CSVs are a defined fungal-keratitis drug-response assay resource.,scope_screen_b,https://doi.org/10.5061/dryad.bk3j9kdjf
10.5061/dryad.bk3j9kdkm,Multinational evaluation of genetic diversity indicators for the Kunming-Montreal Global Biodiversity Framework,"[""iris""]",exclude,,,excluded_out_of_scope_or_false_positive,,Unrelated keyword search hit; not an eye or ophthalmology data resource.,broad_screen,https://doi.org/10.5061/dryad.bk3j9kdkm
10.5061/dryad.bk3j9kdps,Data from: <em>Htr1b</em> is necessary for normal retinal function in mice,"[""retina"", ""retinal""]",include,,,included_new_record,dryad_htr1b_mouse_retina,Separate ERG MEA optomotor and retinal-thickness files define a reusable retinal functional disease-mechanism assay.,scope_screen_b,https://doi.org/10.5061/dryad.bk3j9kdps
10.5061/dryad.bm8nv,Data from: Intra- and intersession repeatability of an optical quality and intraocular scattering measurement system in children,"[""\""retinal image\"""", ""retinal""]",include,,,included_new_record,dryad_pediatric_optical_quality,The 42-eye pediatric optical-quality workbook is directly usable for ocular-biometric measurement and repeatability evaluation.,scope_screen_b,https://doi.org/10.5061/dryad.bm8nv
10.5061/dryad.bn987,"Data from: Reliability and minimum detectable change of temporal-spatial, kinematic, and dynamic stability measures during perturbed gait","[""orbit""]",exclude,,,excluded_out_of_scope_or_false_positive,,Unrelated keyword search hit; not an eye or ophthalmology data resource.,broad_screen,https://doi.org/10.5061/dryad.bn987
10.5061/dryad.bnzs7h4q1,Data from: Scheduled feeding improves behavioral outcomes and reduces inflammation in a mouse model of fragile X syndrome,"[""retinal""]",exclude,,,excluded_out_of_scope_or_false_positive,,Unrelated keyword search hit; not an eye or ophthalmology data resource.,broad_screen,https://doi.org/10.5061/dryad.bnzs7h4q1
10.5061/dryad.bs41q,Data from: Evolution of a complex phenotype with biphasic ontogeny: contribution of development versus function and climatic variation to skull modularity in toads,"[""orbit""]",exclude,,,excluded_out_of_scope_or_false_positive,,Unrelated keyword search hit; not an eye or ophthalmology data resource.,broad_screen,https://doi.org/10.5061/dryad.bs41q
10.5061/dryad.bs632,Data from: Complexity of possibly gapped histogram and analysis of histogram,"[""iris""]",exclude,,,excluded_out_of_scope_or_false_positive,,Unrelated keyword search hit; not an eye or ophthalmology data resource.,broad_screen,https://doi.org/10.5061/dryad.bs632
10.5061/dryad.bvq83bk88,Data from: A concise review on antimicrobial peptides for prevention and treatment of dental caries,"[""iris""]",exclude,,,excluded_out_of_scope_or_false_positive,,Unrelated keyword search hit; not an eye or ophthalmology data resource.,broad_screen,https://doi.org/10.5061/dryad.bvq83bk88
10.5061/dryad.c2fqz615c,"Age-related change of axial length, spherical equivalent, prevalence of myopia and high myopia in school-age children in Shanghai: 2014 to 2018","[""ophthalmology""]",include,,,included_new_record,dryad_shanghai_myopia_2014_2018,The named DATA.xls and README define a human pediatric ocular-biometry cohort even though the deposit does not state one primary total.,scope_screen_b,https://doi.org/10.5061/dryad.c2fqz615c
10.5061/dryad.c2fqz61hr,NMR spectroscopy-based metabolomics of organotypic retinal explants,"[""retina"", ""retinal""]",include,,,included_new_record,dryad_retinal_explant_metabolomics,The dedicated raw retinal-explant metabolomics archive is a defined translational retinal-metabolism resource.,scope_screen_b,https://doi.org/10.5061/dryad.c2fqz61hr
10.5061/dryad.c2fqz61hs,Data for: Bioinspired Lubricity from Surface Gel Layers,"[""corneal""]",exclude,,,excluded_out_of_scope_or_false_positive,,Unrelated keyword search hit; not an eye or ophthalmology data resource.,broad_screen,https://doi.org/10.5061/dryad.c2fqz61hs
10.5061/dryad.c2fqz61pc,Retinal proteome profiling of inherited retinal degeneration across three different mouse models suggests common drug targets in retinitis pigmentosa,"[""\""visual field\"""", ""retinal""]",include,,,included_new_record,dryad_ird_mouse_proteome,Nineteen named proteomic tables cover three inherited-retinal-degeneration models and support translational mechanism work.,scope_screen_b,https://doi.org/10.5061/dryad.c2fqz61pc
10.5061/dryad.c4t44,Data from: The effects of climate warming and disturbance on the colonization potential of ornamental alien plant species,"[""iris""]",exclude,,,excluded_out_of_scope_or_false_positive,,Unrelated keyword search hit; not an eye or ophthalmology data resource.,broad_screen,https://doi.org/10.5061/dryad.c4t44
10.5061/dryad.c59zw3rhd,Data from: The effects of hybridization and parasite infection on predation survival and behaviour of endangered landlocked salmon – implications for genetic rescue,"[""cataract""]",exclude,,,excluded_out_of_scope_or_false_positive,,Unrelated keyword search hit; not an eye or ophthalmology data resource.,broad_screen,https://doi.org/10.5061/dryad.c59zw3rhd
10.5061/dryad.c6147,Data from: Visual and non-visual navigation in blind patients with a retinal prosthesis,"[""retinal""]",include,,,included_new_record,dryad_retinal_prosthesis_navigation,The four retinal-prosthesis participant dataset is a direct human device-rehabilitation resource rather than generic behavior data.,scope_screen_b,https://doi.org/10.5061/dryad.c6147
10.5061/dryad.c7p60,Data from: Pushing the limits of photoreception in twilight conditions: The rod-like cone retina of the deep-sea pearlsides,"[""retina""]",include,,,excluded_out_of_scope_or_false_positive,,Deep-sea fish photoreceptor evolution and assemblies are comparative ecology rather than a translational ocular resource.,scope_screen_b,https://doi.org/10.5061/dryad.c7p60
10.5061/dryad.cf860,Data from: miR-17-3p exacerbates oxidative damage in human retinal pigment epithelial cells,"[""macular"", ""retinal""]",include,,,excluded_insufficient_reusable_ophthalmic_data,,Only one opaque statistics file is listed; metadata does not establish a reusable retinal data object.,strict_screen_b,https://doi.org/10.5061/dryad.cf860
10.5061/dryad.cn58f,Data from: A convex formulation for magnetic particle imaging x-space reconstruction,"[""angiography""]",exclude,,,excluded_out_of_scope_or_false_positive,,Unrelated keyword search hit; not an eye or ophthalmology data resource.,broad_screen,https://doi.org/10.5061/dryad.cn58f
10.5061/dryad.cnp5hqc8x,Data from: To hatch and hatch not: Rejecting the hypothesis that heterochrony in vestibular mechanosensing explains poor escape-hatching success of Agalychnis spurrelli in snake attacks compared with its congener A. callidryas,"[""ocular""]",exclude,,,excluded_out_of_scope_or_false_positive,,Unrelated keyword search hit; not an eye or ophthalmology data resource.,broad_screen,https://doi.org/10.5061/dryad.cnp5hqc8x
10.5061/dryad.cnp5hqcdd,Recent replenishment of aliphatic organics on Ceres from a large subsurface reservoir,"[""orbit""]",exclude,,,excluded_out_of_scope_or_false_positive,,Unrelated keyword search hit; not an eye or ophthalmology data resource.,broad_screen,https://doi.org/10.5061/dryad.cnp5hqcdd
10.5061/dryad.cp0p5,Data from: The morphometrics of “masculinity” in human faces,"[""orbit""]",exclude,,,excluded_out_of_scope_or_false_positive,,Unrelated keyword search hit; not an eye or ophthalmology data resource.,broad_screen,https://doi.org/10.5061/dryad.cp0p5
10.5061/dryad.cp4j7,Data from: Dichoptic metacontrast masking functions to infer transmission delay in optic neuritis,"[""retinal""]",include,,,included_new_record,dryad_optic_neuritis_metacontrast,The 17-participant optic-neuritis psychophysics archive is a direct human visual-function evaluation resource.,scope_screen_b,https://doi.org/10.5061/dryad.cp4j7
10.5061/dryad.cq5kp20f,Data from: The evolution of cranial form and function in theropod dinosaurs: insights from geometric morphometrics,"[""orbit""]",exclude,,,excluded_out_of_scope_or_false_positive,,Unrelated keyword search hit; not an eye or ophthalmology data resource.,broad_screen,https://doi.org/10.5061/dryad.cq5kp20f
10.5061/dryad.cq612,Data from: Canine brachycephaly is associated with a retrotransposon-mediated missplicing of SMOC2,"[""ocular""]",exclude,,,excluded_out_of_scope_or_false_positive,,Unrelated keyword search hit; not an eye or ophthalmology data resource.,broad_screen,https://doi.org/10.5061/dryad.cq612
10.5061/dryad.crjdfn3gg,Microtubule networks in zebrafish hair cells facilitate presynapse transport and fusion during development,"[""retina""]",exclude,,,excluded_out_of_scope_or_false_positive,,Unrelated keyword search hit; not an eye or ophthalmology data resource.,broad_screen,https://doi.org/10.5061/dryad.crjdfn3gg
10.5061/dryad.cs604,Data from: Evidence accumulation and choice maintenance are dissociated in human perceptual decision making,"[""orbit""]",exclude,,,excluded_out_of_scope_or_false_positive,,Vision/behaviour search hit without direct ocular or ophthalmic data in the repository metadata.,broad_screen,https://doi.org/10.5061/dryad.cs604
10.5061/dryad.cvdncjtcw,Python code for Titan's spin state,"[""orbit""]",exclude,,,excluded_insufficient_reusable_ophthalmic_data,,"Paper, review, or software/code release without a distinct reusable eye-data resource.",broad_screen,https://doi.org/10.5061/dryad.cvdncjtcw
10.5061/dryad.cz8w9gj61,Data from: Neuropeptide signalling shapes feeding and reproductive behaviours in male C. elegans,"[""iris""]",exclude,,,excluded_out_of_scope_or_false_positive,,Unrelated keyword search hit; not an eye or ophthalmology data resource.,broad_screen,https://doi.org/10.5061/dryad.cz8w9gj61
10.5061/dryad.cz8w9gj6f,Variability due to climate and chemistry in observations of oxygenated Earth-analogue exoplanets: Simulations and results,"[""orbit""]",exclude,,,excluded_out_of_scope_or_false_positive,,Unrelated keyword search hit; not an eye or ophthalmology data resource.,broad_screen,https://doi.org/10.5061/dryad.cz8w9gj6f
10.5061/dryad.d1k3b,Data from: Repeated eye reduction events reveal multiple pathways to degeneration in a family of marine snails,"[""ocular"", ""retinal""]",include,,,excluded_insufficient_reusable_ophthalmic_data,,"The sole deposited file is a supplementary PDF, not a reusable data release.",strict_screen_b,https://doi.org/10.5061/dryad.d1k3b
10.5061/dryad.d2547d82g,Demographics for all four breeds of broiler chickens,"[""iris""]",exclude,,,excluded_out_of_scope_or_false_positive,,Unrelated keyword search hit; not an eye or ophthalmology data resource.,broad_screen,https://doi.org/10.5061/dryad.d2547d82g
10.5061/dryad.d35s0,Data from: Changes in corneal biomechanical properties after long-term topical prostaglandin therapy,"[""corneal"", ""glaucoma""]",include,,,included_new_record,dryad_corneal_biomechanics_prostaglandin,This 88-eye human Corvis-ST workbook directly supports corneal measurement after glaucoma therapy.,scope_screen_b,https://doi.org/10.5061/dryad.d35s0
10.5061/dryad.d4mb3pn,Data from: Axial length elongation and myopia incidence increase in primary school-age children: 3-year follow-up study,"[""ocular""]",include,,,included_new_record,dryad_pediatric_myopia_longitudinal,The 452-participant longitudinal pediatric biometric workbook is core myopia progression data.,scope_screen_b,https://doi.org/10.5061/dryad.d4mb3pn
10.5061/dryad.d51c5b057,Inelastic scattering of electrons in water from first principles: Cross sections and inelastic mean free path for use in Monte Carlo track-structure simulations of biological damage,"[""orbit""]",exclude,,,excluded_out_of_scope_or_false_positive,,Unrelated keyword search hit; not an eye or ophthalmology data resource.,broad_screen,https://doi.org/10.5061/dryad.d51c5b057
10.5061/dryad.d51c5b0hd,Data from: A combinatorial synthetic strategy for developing genome-editing protein-delivery agents targeting mouse retina,"[""ocular"", ""retina"", ""retinal""]",include,,,excluded_insufficient_reusable_ophthalmic_data,,Figure archives and source-data workbook support one paper; the deposit does not define a standalone retinal resource.,strict_screen_b,https://doi.org/10.5061/dryad.d51c5b0hd
10.5061/dryad.d7wm37pxf,Data from: Superposed epoch analysis of the energetic electron flux variations during CIRs measured by BD-IES,"[""orbit""]",exclude,,,excluded_out_of_scope_or_false_positive,,Unrelated keyword search hit; not an eye or ophthalmology data resource.,broad_screen,https://doi.org/10.5061/dryad.d7wm37pxf
10.5061/dryad.d9v38,Data from: The functional diversity of retinal ganglion cells in the mouse,"[""retina"", ""retinal""]",include,,,excluded_out_of_scope_or_false_positive,,Dense mouse retinal ganglion-cell recordings are general visual neuroscience and do not establish a disease method or translational ocular scope.,scope_screen_b,https://doi.org/10.5061/dryad.d9v38
10.5061/dryad.dbrv15f9c,"Data from: Iris luojiensis (Iridaceae), a new species from Southwest China","[""iris""]",exclude,,,excluded_out_of_scope_or_false_positive,,Plant genus Iris search collision; not an ocular resource.,broad_screen,https://doi.org/10.5061/dryad.dbrv15f9c
10.5061/dryad.dbrv15fbk,Influence of amyloid pathology on retina and dLGN in 5xFAD mouse model,"[""\""optical coherence tomography\"""", ""retina"", ""retinal""]",include,,,included_new_record,dryad_5xfad_retina_dlgn,"The workbook and README provide a defined 5xFAD retina/dLGN disease-model resource with ERG, imaging, and histology measurements.",deferred_resolution,https://doi.org/10.5061/dryad.dbrv15fbk
10.5061/dryad.dc1s8h3,Data from: Inbreeding reduces long-term growth of Alpine ibex populations,"[""iris""]",exclude,,,excluded_out_of_scope_or_false_positive,,Unrelated keyword search hit; not an eye or ophthalmology data resource.,broad_screen,https://doi.org/10.5061/dryad.dc1s8h3
10.5061/dryad.dk3q0,Data from: Th2 cytokines inhibit lymphangiogenesis,"[""cornea""]",exclude,,,excluded_out_of_scope_or_false_positive,,Unrelated keyword search hit; not an eye or ophthalmology data resource.,broad_screen,https://doi.org/10.5061/dryad.dk3q0
10.5061/dryad.dncjsxkvk,Inference of nonlinear receptive field subunits with spike-triggered clustering,"[""retina"", ""retinal""]",exclude,,,excluded_out_of_scope_or_false_positive,,Unrelated keyword search hit; not an eye or ophthalmology data resource.,broad_screen,https://doi.org/10.5061/dryad.dncjsxkvk
10.5061/dryad.dncjsxkwn,Longitudinal changes in the retinal microstructures of eyes with chiasmal compression,"[""\""optical coherence tomography\"""", ""\""visual field\"""", ""macular"", ""retinal""]",include,,,excluded_insufficient_reusable_ophthalmic_data,,Manifest contains only two supplementary tables and a figure rather than the underlying OCT resource.,strict_screen_b,https://doi.org/10.5061/dryad.dncjsxkwn
10.5061/dryad.dncjsxm6d,Observation of a Chern insulator in crystalline ABCA-tetralayer graphene with spin-orbit coupling,"[""orbit""]",exclude,,,excluded_out_of_scope_or_false_positive,,"Physics, astronomy, or software use of ?orbit?; not an ocular-orbit resource.",broad_screen,https://doi.org/10.5061/dryad.dncjsxm6d
10.5061/dryad.dp062,Data from: Feeding the enemy: loss of nectar and nectaries to herbivores reduces tepal damage and increases pollinator attraction in Iris bulleyana,"[""iris""]",exclude,,,excluded_out_of_scope_or_false_positive,,Plant genus Iris search collision; not an ocular resource.,broad_screen,https://doi.org/10.5061/dryad.dp062
10.5061/dryad.dp4kt5t,Data from: Daytime eyeshine contributes to pupil camouflage in a cryptobenthic marine fish,"[""iris"", ""ocular""]",include,,,excluded_out_of_scope_or_false_positive,,Fish pupil-camouflage measurements are comparative visual ecology rather than ophthalmic data.,scope_screen_b,https://doi.org/10.5061/dryad.dp4kt5t
10.5061/dryad.dv41ns253,"Retrieval of Ar, N2, O, and CO in the Martian thermosphere using dayglow limb observations by EMM EMUS","[""orbit""]",exclude,,,excluded_out_of_scope_or_false_positive,,Unrelated keyword search hit; not an eye or ophthalmology data resource.,broad_screen,https://doi.org/10.5061/dryad.dv41ns253
10.5061/dryad.dz08kps7j,No-touch vs conventional vein harvesting in coronary artery bypass grafting: 3-year follow-up dataset from the multi-center randomized PATENCY trial,"[""angiography""]",exclude,,,excluded_out_of_scope_or_false_positive,,Unrelated keyword search hit; not an eye or ophthalmology data resource.,broad_screen,https://doi.org/10.5061/dryad.dz08kps7j
10.5061/dryad.dz08kps8h,Improved methane mitigation potential and modulated methane cycling microbial communities in arable soil by compost addition,"[""iris""]",exclude,,,excluded_out_of_scope_or_false_positive,,Unrelated keyword search hit; not an eye or ophthalmology data resource.,broad_screen,https://doi.org/10.5061/dryad.dz08kps8h
10.5061/dryad.f1vhhmh0k,Evidence that long-distance dispersal of aquatic invertebrates by ducks increases with propagule size,"[""iris""]",exclude,,,excluded_out_of_scope_or_false_positive,,Unrelated keyword search hit; not an eye or ophthalmology data resource.,broad_screen,https://doi.org/10.5061/dryad.f1vhhmh0k
10.5061/dryad.f1vhhmh6z,Data from: A pulsar-helium star compact binary system formed by common envelope evolution,"[""orbit""]",exclude,,,excluded_out_of_scope_or_false_positive,,Unrelated keyword search hit; not an eye or ophthalmology data resource.,broad_screen,https://doi.org/10.5061/dryad.f1vhhmh6z
10.5061/dryad.f1vhhmhb8,Data from: Phenotypic variation of lake charr (<em>Salvelinus namaycush</em>) in North America,"[""orbit""]",exclude,,,excluded_out_of_scope_or_false_positive,,Unrelated keyword search hit; not an eye or ophthalmology data resource.,broad_screen,https://doi.org/10.5061/dryad.f1vhhmhb8
10.5061/dryad.f4qrfj6wp,Emergence of a geometric pattern of cell fates from tissue-scale mechanics in the Drosophila eye,"[""retinal""]",include,,,excluded_insufficient_reusable_ophthalmic_data,,Files are trained model/checkpoint and article-specific simulation data; no separately described ocular resource.,strict_screen_b,https://doi.org/10.5061/dryad.f4qrfj6wp
10.5061/dryad.f4qrfj730,"Loss of alpha Ba-crystallin, but not alpha A-crystallin, increases age-related cataract in the zebrafish lens","[""cataract""]",include,,,included_new_record,dryad_zebrafish_crystallin_lens,The named lens-image archive and README form a distinct cataract disease-mechanism imaging resource in zebrafish.,deferred_resolution,https://doi.org/10.5061/dryad.f4qrfj730
10.5061/dryad.f5q10,Data from: A bird-like skull in a Triassic diapsid reptile increases heterogeneity of the morphological and phylogenetic radiation of Diapsida,"[""orbit""]",exclude,,,excluded_out_of_scope_or_false_positive,,Unrelated keyword search hit; not an eye or ophthalmology data resource.,broad_screen,https://doi.org/10.5061/dryad.f5q10
10.5061/dryad.f7m0cfxzb,Phylogenetically under‐dispersed gut microbiomes are not correlated with host genomic heterozygosity in a genetically diverse reptile community,"[""iris""]",exclude,,,excluded_out_of_scope_or_false_positive,,Unrelated keyword search hit; not an eye or ophthalmology data resource.,broad_screen,https://doi.org/10.5061/dryad.f7m0cfxzb
10.5061/dryad.f7m0cfz72,Code from: The retinal age gap: An affordable and highly accessible biomarker for population-wide disease screening across the globe,"[""fundus"", ""ophthalmology"", ""retinal""]",exclude,,,excluded_insufficient_reusable_ophthalmic_data,,"Paper, review, or software/code release without a distinct reusable eye-data resource.",broad_screen,https://doi.org/10.5061/dryad.f7m0cfz72
10.5061/dryad.fbg79cnt2,Summer land surface temperature from MODIS Aqua and Terra satellites for Houston in 2014 and Phoenix in 2003 at 1km resolution,"[""orbit""]",exclude,,,excluded_out_of_scope_or_false_positive,,Unrelated keyword search hit; not an eye or ophthalmology data resource.,broad_screen,https://doi.org/10.5061/dryad.fbg79cnt2
10.5061/dryad.fbg79cp80,Using optical flow temporal interpolation of satellite imagery to assist multi-sensor global cloud product composites,"[""orbit""]",exclude,,,excluded_out_of_scope_or_false_positive,,Unrelated keyword search hit; not an eye or ophthalmology data resource.,broad_screen,https://doi.org/10.5061/dryad.fbg79cp80
10.5061/dryad.ffbg79csj,Data for the effect of optic flow cues on honeybee flight control in wind,"[""\""visual field\""""]",exclude,,,excluded_out_of_scope_or_false_positive,,Vision/behaviour search hit without direct ocular or ophthalmic data in the repository metadata.,broad_screen,https://doi.org/10.5061/dryad.ffbg79csj
10.5061/dryad.ffbg79d50,Eye saccades align optic flow with retinal specializations during object pursuit in freely moving ferrets,"[""\""visual field\"""", ""retinal""]",include,,,excluded_out_of_scope_or_false_positive,,Freely moving ferret pursuit behavior is general visual neuroscience without a direct ophthalmic modality or translational method.,scope_screen_b,https://doi.org/10.5061/dryad.ffbg79d50
10.5061/dryad.fn2z34v57,An annually resolved 5700-years storm archive reveals drivers of Caribbean cyclone frequency,"[""orbit""]",exclude,,,excluded_out_of_scope_or_false_positive,,Unrelated keyword search hit; not an eye or ophthalmology data resource.,broad_screen,https://doi.org/10.5061/dryad.fn2z34v57
10.5061/dryad.fq48q,Data from: The genetic architecture of floral traits in Iris hexagona and Iris fulva,"[""iris""]",exclude,,,excluded_out_of_scope_or_false_positive,,Plant genus Iris search collision; not an ocular resource.,broad_screen,https://doi.org/10.5061/dryad.fq48q
10.5061/dryad.fqz612jpc,Orbit Image Analysis: an open-source whole slide image analysis tool,"[""orbit""]",exclude,,,excluded_out_of_scope_or_false_positive,,"Physics, astronomy, or software use of ?orbit?; not an ocular-orbit resource.",broad_screen,https://doi.org/10.5061/dryad.fqz612jpc
10.5061/dryad.fqz612jzm,Data from: Foraging mode constrains the evolution of cephalic horns in lizards and snakes,"[""ocular""]",exclude,,,excluded_out_of_scope_or_false_positive,,Unrelated keyword search hit; not an eye or ophthalmology data resource.,broad_screen,https://doi.org/10.5061/dryad.fqz612jzm
10.5061/dryad.fqz612k5z,Coherent control of optical spin–orbit interactions,"[""orbit""]",exclude,,,excluded_out_of_scope_or_false_positive,,Unrelated keyword search hit; not an eye or ophthalmology data resource.,broad_screen,https://doi.org/10.5061/dryad.fqz612k5z
10.5061/dryad.fttdz092b,DQ-1 Aerosols and Carbon Dioxide Lidar detects orbital data on power plant emissions,"[""orbit""]",exclude,,,excluded_out_of_scope_or_false_positive,,"Physics, astronomy, or software use of ?orbit?; not an ocular-orbit resource.",broad_screen,https://doi.org/10.5061/dryad.fttdz092b
10.5061/dryad.fttdz0933,Data from: Development and patterning of a highly versatile visual system in spiders,"[""retinal""]",include,,,excluded_out_of_scope_or_false_positive,,Spider visual-system development is comparative biology and does not supply an ophthalmic or translational ocular resource.,scope_screen_b,https://doi.org/10.5061/dryad.fttdz0933
10.5061/dryad.fxpnvx0vw,"A bibliometric analysis of systematic reviews and meta-analyses in ophthalmology, from 2000 to 2020","[""cornea"", ""glaucoma"", ""ophthalmic"", ""ophthalmology"", ""retina""]",exclude,,,excluded_insufficient_reusable_ophthalmic_data,,"Paper, review, or software/code release without a distinct reusable eye-data resource.",broad_screen,https://doi.org/10.5061/dryad.fxpnvx0vw
10.5061/dryad.g183842,Data from: Changes in Eocene plant diversity and composition of the vegetation: the lacustrine archive of Messel (Germany),"[""orbit""]",exclude,,,excluded_out_of_scope_or_false_positive,,Unrelated keyword search hit; not an eye or ophthalmology data resource.,broad_screen,https://doi.org/10.5061/dryad.g183842
10.5061/dryad.g4q6pv3,Data from: Of puzzles and pavements: a quantitative exploration of leaf epidermal cell shape,"[""iris""]",exclude,,,excluded_out_of_scope_or_false_positive,,Unrelated keyword search hit; not an eye or ophthalmology data resource.,broad_screen,https://doi.org/10.5061/dryad.g4q6pv3
10.5061/dryad.g66247g,Data from: Boundary strength analysis: combining colour pattern geometry and coloured patch visual properties for use in predicting behaviour and fitness,"[""retina""]",exclude,,,excluded_out_of_scope_or_false_positive,,Unrelated keyword search hit; not an eye or ophthalmology data resource.,broad_screen,https://doi.org/10.5061/dryad.g66247g
10.5061/dryad.g79cnp622,Data from: A Saturn-mass free-floating-planet event,"[""orbit""]",exclude,,,excluded_out_of_scope_or_false_positive,,Unrelated keyword search hit; not an eye or ophthalmology data resource.,broad_screen,https://doi.org/10.5061/dryad.g79cnp622
10.5061/dryad.g79cnp64g,Visual attention-related processes in desert locusts' collective-motion related decision making,"[""\""visual field\""""]",exclude,,,excluded_out_of_scope_or_false_positive,,Vision/behaviour search hit without direct ocular or ophthalmic data in the repository metadata.,broad_screen,https://doi.org/10.5061/dryad.g79cnp64g
10.5061/dryad.gb5mkkwzx,Seed dormancy types and germination response of 15 plant species in temperate montane peatlands,"[""iris""]",exclude,,,excluded_out_of_scope_or_false_positive,,Unrelated keyword search hit; not an eye or ophthalmology data resource.,broad_screen,https://doi.org/10.5061/dryad.gb5mkkwzx
10.5061/dryad.gf1vhhmsc,Rhesus macaque cone ratio heritability,"[""retina""]",include,,,included_new_record,dryad_macaque_cone_ratio,Named cone-expression and pedigree tables provide a defined primate retinal biometrics/genetics resource with plausible translational relevance.,scope_screen_b,https://doi.org/10.5061/dryad.gf1vhhmsc
10.5061/dryad.gf1vhhn2x,Characterization of postsynaptic glutamate transporter functionality in the zebrafish retinal first synapse across different wavelengths,"[""retina"", ""retinal""]",include,,,excluded_out_of_scope_or_false_positive,,Zebrafish first-synapse transporter files are general retinal physiology without a documented disease mechanism or translational imaging use.,deferred_resolution,https://doi.org/10.5061/dryad.gf1vhhn2x
10.5061/dryad.ghx3ffbws,HIDRA simulations and post-processing scripts for JGR: SP manuscript: characterization of N+ abundances in the terrestrial polar wind using the multiscale atmosphere-geospace environment,"[""orbit""]",exclude,,,excluded_out_of_scope_or_false_positive,,Unrelated keyword search hit; not an eye or ophthalmology data resource.,broad_screen,https://doi.org/10.5061/dryad.ghx3ffbws
10.5061/dryad.gmsbcc2p2,"Simple and complex, sexually dimorphic retinal mosaic of fritillary butterflies","[""retinal""]",include,,,excluded_out_of_scope_or_false_positive,,Butterfly eyeshine and retinal-mosaic comparative work falls outside the human/translational catalog center.,scope_screen_b,https://doi.org/10.5061/dryad.gmsbcc2p2
10.5061/dryad.gmsbcc2rj,"Data from: Rearing in strontium-enriched water induces vaterite otoliths in the Japanese rice fish, Oryzias latipes","[""iris""]",exclude,,,excluded_out_of_scope_or_false_positive,,Unrelated keyword search hit; not an eye or ophthalmology data resource.,broad_screen,https://doi.org/10.5061/dryad.gmsbcc2rj
10.5061/dryad.gqnk98stm,"Data from: Allometric brain reduction in an insular, dwarfed population of black-tailed deer","[""orbit""]",exclude,,,excluded_out_of_scope_or_false_positive,,Unrelated keyword search hit; not an eye or ophthalmology data resource.,broad_screen,https://doi.org/10.5061/dryad.gqnk98stm
10.5061/dryad.gt410,Data from: The association of outdoor activity and age-related cataract in a rural population of Taizhou Eye Study: phase 1 report,"[""\""slit lamp\"""", ""cataract"", ""fundus"", ""ophthalmology""]",include,,,included_new_record,dryad_taizhou_cataract_outdoors,"The 2,006-participant original-data workbook is directly relevant to human cataract epidemiology and prognosis.",scope_screen_b,https://doi.org/10.5061/dryad.gt410
10.5061/dryad.gtht76hn6,Tracking wildlife energy dynamics with unoccupied aircraft systems and 3-dimensional photogrammetry,"[""orbit""]",exclude,,,excluded_out_of_scope_or_false_positive,,Unrelated keyword search hit; not an eye or ophthalmology data resource.,broad_screen,https://doi.org/10.5061/dryad.gtht76hn6
10.5061/dryad.gv5k2j3,Data from: S-cone photoreceptors in the primate retina are functionally distinct from L and M cones,"[""retina""]",include,,,excluded_out_of_scope_or_false_positive,,The partial primate S-cone source-data archive is general visual neuroscience and does not provide a disease or ophthalmic-method resource.,deferred_resolution,https://doi.org/10.5061/dryad.gv5k2j3
10.5061/dryad.gxd2547q0,Supporting data for: Risk factors common to leading eye health conditions and major non-communicable diseases: A rapid review and commentary,"[""\""diabetic retinopathy\"""", ""cataract"", ""glaucoma"", ""macular""]",exclude,,,excluded_insufficient_reusable_ophthalmic_data,,"Paper, review, or software/code release without a distinct reusable eye-data resource.",broad_screen,https://doi.org/10.5061/dryad.gxd2547q0
10.5061/dryad.gxd25480h,Retinal polyunsaturated fatty acid supplementation reverses aging-related vision decline in mice,"[""macular"", ""retina"", ""retinal""]",include,,,included_new_record,dryad_retinal_pufa_aging_mouse,Fourteen named retinal lipidomic and expression tables define a disease-mechanism resource for retinal aging.,scope_screen_b,https://doi.org/10.5061/dryad.gxd25480h
10.5061/dryad.h18931zr2,Circuit mechanisms underlying embryonic retinal waves,"[""retina"", ""retinal""]",include,,,excluded_out_of_scope_or_false_positive,,Embryonic mouse retinal-wave imaging is general developmental visual neuroscience without a defined translational ophthalmic use.,scope_screen_b,https://doi.org/10.5061/dryad.h18931zr2
10.5061/dryad.h18931zxf,Caecilians maintain a functional long-wavelength-sensitive cone opsin gene despite signatures of relaxed selection and more than 200 million years of fossoriality,"[""retinal""]",include,,,excluded_out_of_scope_or_false_positive,,Caecilian opsin evolution is comparative ecology and lacks a direct ophthalmic modality disease mechanism or method.,scope_screen_b,https://doi.org/10.5061/dryad.h18931zxf
10.5061/dryad.h2j2466,Data from: Cytoskeleton structure and total methylation of mouse cardiac and lung tissue during space flight,"[""orbit""]",exclude,,,excluded_out_of_scope_or_false_positive,,Unrelated keyword search hit; not an eye or ophthalmology data resource.,broad_screen,https://doi.org/10.5061/dryad.h2j2466
10.5061/dryad.h44j0zpnp,"Accuracy of biomicroscopy, ultrasonography and spectral-domain OCT in detection of complete posterior vitreous detachment","[""\""optical coherence tomography\"""", ""macular"", ""ophthalmology""]",include,,,included_new_record,dryad_pvd_diagnostic_oct,The 123-eye diagnostic workbook directly evaluates clinical OCT ultrasonography and biomicroscopy for vitreous detachment.,scope_screen_b,https://doi.org/10.5061/dryad.h44j0zpnp
10.5061/dryad.h44j0zpv3,Utility index and vision related quality of life in patients awaiting specialist eye care,"[""ophthalmology""]",include,,,included_new_record,dryad_eye_care_quality_of_life,The 536-person eye-care quality-of-life dataset is directly usable for human ophthalmic service evaluation.,scope_screen_b,https://doi.org/10.5061/dryad.h44j0zpv3
10.5061/dryad.h544560,Data from: Observational study of clinical characteristics of dome-shaped macula in Chinese Han with high myopia at Zhongshan Ophthalmic Center,"[""macular"", ""ophthalmic"", ""retinal""]",include,,,included_new_record,dryad_dome_shaped_macula,"The 1,384-eye high-myopia database is a directly reusable human macular clinical cohort.",scope_screen_b,https://doi.org/10.5061/dryad.h544560
10.5061/dryad.h5m04,"Data from: A new species of burnetiid (Therapsida, Burnetiamorpha) from the early Wuchiapingian of South Africa and implications for the evolutionary ecology of the family Burnetiidae.","[""orbit""]",exclude,,,excluded_out_of_scope_or_false_positive,,Unrelated keyword search hit; not an eye or ophthalmology data resource.,broad_screen,https://doi.org/10.5061/dryad.h5m04
10.5061/dryad.h70rxwdjd,Data from: Landscape genetic analysis suggests stronger effects of past than current landscape structure on genetic patterns of Primula veris,"[""iris""]",exclude,,,excluded_out_of_scope_or_false_positive,,Unrelated keyword search hit; not an eye or ophthalmology data resource.,broad_screen,https://doi.org/10.5061/dryad.h70rxwdjd
10.5061/dryad.h70rxwdtn,Data from: Light-sensitive Ca2+ signaling in the mammalian choroid,"[""fundus"", ""ocular"", ""retina"", ""retinal""]",include,,,excluded_insufficient_reusable_ophthalmic_data,,Twenty-two figure-named processed spreadsheets comprise article source data without a separately documented reusable resource.,strict_screen_b,https://doi.org/10.5061/dryad.h70rxwdtn
10.5061/dryad.h70rxwdvs,Immunostaining images from CRC patients stained with AGR2 and SGTA antibodies,"[""iris""]",exclude,,,excluded_out_of_scope_or_false_positive,,Unrelated keyword search hit; not an eye or ophthalmology data resource.,broad_screen,https://doi.org/10.5061/dryad.h70rxwdvs
10.5061/dryad.h70rxwdzk,Data from: Deep peptide recognition profiling decodes TCR specificity and enables disease-associated antigen discovery,"[""uveitis""]",exclude,,,excluded_out_of_scope_or_false_positive,,Unrelated keyword search hit; not an eye or ophthalmology data resource.,broad_screen,https://doi.org/10.5061/dryad.h70rxwdzk
10.5061/dryad.h9w0vt4s2,Tadpoles rely on mechanosensory stimuli for communication when visual capabilities are poor,"[""retinal""]",exclude,,,excluded_out_of_scope_or_false_positive,,Unrelated keyword search hit; not an eye or ophthalmology data resource.,broad_screen,https://doi.org/10.5061/dryad.h9w0vt4s2
10.5061/dryad.hc8037v,Image-derived models of cell organization changes during differentiation and drug treatments,"[""iris""]",exclude,,,excluded_out_of_scope_or_false_positive,,Unrelated keyword search hit; not an eye or ophthalmology data resource.,broad_screen,https://doi.org/10.5061/dryad.hc8037v
10.5061/dryad.hdr7sqvdz,A survey of small-scale waves and wave-like phenomena in Jupiter's atmosphere detected by JunoCam,"[""orbit""]",exclude,,,excluded_out_of_scope_or_false_positive,,Unrelated keyword search hit; not an eye or ophthalmology data resource.,broad_screen,https://doi.org/10.5061/dryad.hdr7sqvdz
10.5061/dryad.hdr7sqvnz,Data from: Comparative LCA studies of simulated HMF-biorefineries from maize and miscanthus as an example of first- and second-generation biomass as a tool for process development,"[""iris""]",exclude,,,excluded_out_of_scope_or_false_positive,,Unrelated keyword search hit; not an eye or ophthalmology data resource.,broad_screen,https://doi.org/10.5061/dryad.hdr7sqvnz
10.5061/dryad.hf50r,Data from: An extracellular biochemical screen reveals that FLRTs and Unc5s mediate neuronal subtype recognition in the retina,"[""retina"", ""retinal""]",include,,,excluded_insufficient_reusable_ophthalmic_data,,The only release is a single paper-specific biochemical-screen spreadsheet.,strict_screen_b,https://doi.org/10.5061/dryad.hf50r
10.5061/dryad.hg000c2,Data from: Individual variation in the transmission of ultraviolet radiation in the young adult eye.,"[""cornea"", ""iris"", ""macular"", ""retina""]",include,,,included_new_record,dryad_young_adult_uv_transmission,The 42-participant UV-transmission workbook is direct human ocular-optics measurement data.,scope_screen_b,https://doi.org/10.5061/dryad.hg000c2
10.5061/dryad.hhmgqnkdc,Self-organised criticality models,"[""orbit""]",exclude,,,excluded_out_of_scope_or_false_positive,,Unrelated keyword search hit; not an eye or ophthalmology data resource.,broad_screen,https://doi.org/10.5061/dryad.hhmgqnkdc
10.5061/dryad.hhmgqnkjc,Corneal endothelial morphology of healthy myopic Malaysian children of Chinese ethnicity aged 8-9 years and its association with axial length ,"[""cornea"", ""corneal""]",include,,,included_new_record,dryad_pediatric_corneal_endothelium,The 111-participant raw corneal endothelial dataset is direct pediatric ocular-biometric data.,scope_screen_b,https://doi.org/10.5061/dryad.hhmgqnkjc
10.5061/dryad.hn0dt,Data from: Assessing niche conservatism using a multiproxy approach: dietary ecology of extinct and extant spotted hyenas,"[""orbit""]",exclude,,,excluded_out_of_scope_or_false_positive,,Unrelated keyword search hit; not an eye or ophthalmology data resource.,broad_screen,https://doi.org/10.5061/dryad.hn0dt
10.5061/dryad.hp60p89,Data from: Human macular Müller cells rely more on serine biosynthesis to combat oxidative stress than those from the periphery,"[""\""diabetic retinopathy\"""", ""macular"", ""retina""]",include,,,excluded_insufficient_reusable_ophthalmic_data,,Two supplementary spreadsheets are not described as an independent reusable retinal cell resource.,strict_screen_b,https://doi.org/10.5061/dryad.hp60p89
10.5061/dryad.ht76hdr9z,Influence of polydimethylsiloxane substrate stiffness on corneal epithelial cells,"[""cornea"", ""corneal""]",include,,,excluded_insufficient_reusable_ophthalmic_data,,"Figure data, a blot PDF, and one supplementary image are article-support materials rather than a standalone corneal resource.",strict_screen_b,https://doi.org/10.5061/dryad.ht76hdr9z
10.5061/dryad.hx3ffbgmv,Data from: Inactivation of adenosine receptor 2A suppresses endothelial-to-mesenchymal transition and inhibits subretinal fibrosis in mice,"[""macular""]",include,,,included_new_record,dryad_subretinal_fibrosis_adora2a,Forty-five raw omics files with treatment metadata define a translational mouse subretinal-fibrosis mechanism resource.,scope_screen_b,https://doi.org/10.5061/dryad.hx3ffbgmv
10.5061/dryad.j0zpc86kg,Plane wave ultrasound and OCT angiography of the eye in preeclampsia,"[""\""optical coherence tomography\"""", ""OCTA"", ""angiography"", ""ocular"", ""retina"", ""retinal""]",include,,,included_new_record,dryad_preeclampsia_ocular_octa,The defined plane-wave ultrasound/OCTA data file and README directly support human ocular vascular measurement.,scope_screen_b,https://doi.org/10.5061/dryad.j0zpc86kg
10.5061/dryad.j2641,Data from: Modeling angle-resolved photoemission of graphene and black phosphorus nano structures,"[""orbit""]",exclude,,,excluded_out_of_scope_or_false_positive,,Unrelated keyword search hit; not an eye or ophthalmology data resource.,broad_screen,https://doi.org/10.5061/dryad.j2641
10.5061/dryad.j3tx95xqc,Data from: Immediate genetic augmentation and enhanced habitat connectivity are required to secure the future of an iconic endangered freshwater fish population,"[""cataract""]",exclude,,,excluded_out_of_scope_or_false_positive,,Unrelated keyword search hit; not an eye or ophthalmology data resource.,broad_screen,https://doi.org/10.5061/dryad.j3tx95xqc
10.5061/dryad.j3tx95xs2,Segmentations of 3D electron microscopy image volume from an albino mouse dorsal lateral geniculate nucleus,"[""retinal""]",exclude,,,excluded_out_of_scope_or_false_positive,,Unrelated keyword search hit; not an eye or ophthalmology data resource.,broad_screen,https://doi.org/10.5061/dryad.j3tx95xs2
10.5061/dryad.j58b5t4,Data from: Sexual selection in complex communities: integrating interspecific reproductive interference in structured populations,"[""iris""]",exclude,,,excluded_out_of_scope_or_false_positive,,Unrelated keyword search hit; not an eye or ophthalmology data resource.,broad_screen,https://doi.org/10.5061/dryad.j58b5t4
10.5061/dryad.j6823nt,Data from: Does population structure predict the rate of speciation? A comparative test across Australia's most diverse vertebrate radiation,"[""iris""]",exclude,,,excluded_out_of_scope_or_false_positive,,Unrelated keyword search hit; not an eye or ophthalmology data resource.,broad_screen,https://doi.org/10.5061/dryad.j6823nt
10.5061/dryad.j9kd51cds,Systematics of Lepidothrix manakins (Aves: Passeriformes: Pipridae) using RADcap markers,"[""iris""]",exclude,,,excluded_out_of_scope_or_false_positive,,Unrelated keyword search hit; not an eye or ophthalmology data resource.,broad_screen,https://doi.org/10.5061/dryad.j9kd51cds
10.5061/dryad.j9kd51crg,Photopic flicker optoretinography captures the light-driven length modulation of photoreceptors during phototransduction,"[""\""optical coherence tomography\"""", ""retina"", ""retinal""]",include,,,excluded_insufficient_reusable_ophthalmic_data,,"The deposit is organized as figure archives and README, without a separately documented reusable optoretinography recording resource.",deferred_resolution,https://doi.org/10.5061/dryad.j9kd51crg
10.5061/dryad.j9kd51ct4,Data from: Divergence of visual morphology and opsin expression in an African cichlid linked with turbidity,"[""retinal""]",include,,,excluded_out_of_scope_or_false_positive,,Cichlid opsin ecology and morphology are comparative biology rather than a direct translational ocular resource.,scope_screen_b,https://doi.org/10.5061/dryad.j9kd51ct4
10.5061/dryad.jdfn2z3fm,Data for: Attributes of CloudSat identified echo objects,"[""orbit""]",exclude,,,excluded_out_of_scope_or_false_positive,,Unrelated keyword search hit; not an eye or ophthalmology data resource.,broad_screen,https://doi.org/10.5061/dryad.jdfn2z3fm
10.5061/dryad.jf150,"Data from: To keep on track during flight, fruitflies discount the skyward view","[""\""visual field\""""]",exclude,,,excluded_out_of_scope_or_false_positive,,Unrelated keyword search hit; not an eye or ophthalmology data resource.,broad_screen,https://doi.org/10.5061/dryad.jf150
10.5061/dryad.jf715,"Data from: The tetrapod fauna of the upper Permian Naobaogou Formation of China: a new species of Elginia (Parareptilia, Pareiasauria)","[""orbit""]",exclude,,,excluded_out_of_scope_or_false_positive,,Unrelated keyword search hit; not an eye or ophthalmology data resource.,broad_screen,https://doi.org/10.5061/dryad.jf715
10.5061/dryad.jh8j7,Data from: Albinism in phylogenetically and geographically distinct populations of Astyanax cavefish arises through the same loss-of-function Oca2 allele,"[""ocular""]",include,,,excluded_out_of_scope_or_false_positive,,The release concerns pigmentation genetics; it does not document an ophthalmology or ocular research object.,strict_screen_b,https://doi.org/10.5061/dryad.jh8j7
10.5061/dryad.jh9w0vt88,Data from: Behavioural red-light sensitivity in fish according to the optomotor response,"[""ophthalmic""]",exclude,,,excluded_out_of_scope_or_false_positive,,Unrelated keyword search hit; not an eye or ophthalmology data resource.,broad_screen,https://doi.org/10.5061/dryad.jh9w0vt88
10.5061/dryad.jk68b,Data from: Potential role of Cyr61 induced degeneration of human Müller cells in diabetic retinopathy,"[""\""diabetic retinopathy\"""", ""retinal""]",exclude,,,excluded_out_of_scope_or_false_positive,,Unrelated keyword search hit; not an eye or ophthalmology data resource.,broad_screen,https://doi.org/10.5061/dryad.jk68b
10.5061/dryad.jm63xsjbm,Genotype and individual data for genetic structure in Louisiana Iris species reveals patterns of recent and historical admixture,"[""iris""]",exclude,,,excluded_out_of_scope_or_false_positive,,Plant genus Iris search collision; not an ocular resource.,broad_screen,https://doi.org/10.5061/dryad.jm63xsjbm
10.5061/dryad.jm63xsjn0,Data from: Addressing grand ecological challenges in aquatic ecosystems: How can mesocosms be used to advance solutions?,"[""iris""]",exclude,,,excluded_out_of_scope_or_false_positive,,Unrelated keyword search hit; not an eye or ophthalmology data resource.,broad_screen,https://doi.org/10.5061/dryad.jm63xsjn0
10.5061/dryad.jsxksn0br,Geographic and temporal morphological stasis in the latest Cretaceous ammonoid Discoscaphites iris from the U.S. Gulf and Atlantic Coastal Plains,"[""iris""]",exclude,,,excluded_out_of_scope_or_false_positive,,Unrelated keyword search hit; not an eye or ophthalmology data resource.,broad_screen,https://doi.org/10.5061/dryad.jsxksn0br
10.5061/dryad.jsxksn0f5,Data for: Higher water loss on Earth-like exoplanets in eccentric orbits,"[""orbit""]",exclude,,,excluded_out_of_scope_or_false_positive,,"Physics, astronomy, or software use of ?orbit?; not an ocular-orbit resource.",broad_screen,https://doi.org/10.5061/dryad.jsxksn0f5
10.5061/dryad.jwstqjqgc,Non-invasive investigation of the morphology and optical properties of the upside-down jellyfish Cassiopea with optical coherence tomography,"[""\""optical coherence tomography\""""]",exclude,,,excluded_out_of_scope_or_false_positive,,Unrelated keyword search hit; not an eye or ophthalmology data resource.,broad_screen,https://doi.org/10.5061/dryad.jwstqjqgc
10.5061/dryad.k0p51,Data from: Pollination mitigates cucumber yield gaps more than pesticide and fertilizer use in tropical smallholder gardens,"[""iris""]",exclude,,,excluded_out_of_scope_or_false_positive,,Unrelated keyword search hit; not an eye or ophthalmology data resource.,broad_screen,https://doi.org/10.5061/dryad.k0p51
10.5061/dryad.k1r85,Data from: On potential ocular artefacts in infant electroencephalogram: a reply to comments by Köster,"[""ocular""]",exclude,,,excluded_insufficient_reusable_ophthalmic_data,,"Ocular keyword hit, but title/metadata does not establish a distinct reusable eye or ophthalmology data resource.",broad_screen,https://doi.org/10.5061/dryad.k1r85
10.5061/dryad.k3j9kd576,"Data from: Brine driven destruction of clay minerals in Gale crater, Mars","[""orbit""]",exclude,,,excluded_out_of_scope_or_false_positive,,Unrelated keyword search hit; not an eye or ophthalmology data resource.,broad_screen,https://doi.org/10.5061/dryad.k3j9kd576
10.5061/dryad.k3j9kd5fx,Data from: Human conjunctival transcriptome in Acanthamoeba keratitis: An exploratory study,"[""cornea""]",include,,,included_new_record,dryad_acanthamoeba_keratitis_transcriptome,Counts and metadata for 22 people form a directly translational human keratitis transcriptomics resource.,scope_screen_b,https://doi.org/10.5061/dryad.k3j9kd5fx
10.5061/dryad.k3j9kd5jj,"Data from: A pan-European citizen science study shows population size, climate and land use are related to biased morph ratios in the heterostylous plant Primula veris","[""iris""]",exclude,,,excluded_out_of_scope_or_false_positive,,Unrelated keyword search hit; not an eye or ophthalmology data resource.,broad_screen,https://doi.org/10.5061/dryad.k3j9kd5jj
10.5061/dryad.k3r485h,Data from: The RNA-binding protein Celf1 post-transcriptionally regulates p27Kip1 and Dnase2b to control fiber cell nuclear degradation in lens development,"[""cataract"", ""ocular""]",include,,,excluded_insufficient_reusable_ophthalmic_data,,Thirteen figure-labelled spreadsheets are paper source data without a separately documented dataset object.,strict_screen_b,https://doi.org/10.5061/dryad.k3r485h
10.5061/dryad.k6djh9w37,"Data from: Visual system development of the spotted unicornfish, Naso brevirostris (Acanthuridae)","[""retinal""]",include,,,excluded_out_of_scope_or_false_positive,,Unicornfish visual-system assemblies and maps are comparative ecology without a direct ophthalmic method or disease-mechanism role.,scope_screen_b,https://doi.org/10.5061/dryad.k6djh9w37
10.5061/dryad.k6djh9w8z,Ocular graft vs host disease mouse model,"[""ocular""]",include,,,included_new_record,dryad_ocular_gvhd_mouse,The named raw-data workbook and README define a clinically relevant ocular graft-versus-host disease model.,scope_screen_b,https://doi.org/10.5061/dryad.k6djh9w8z
10.5061/dryad.k7455,Data from: Identification of novel variants in LTBP2 and PXDN using whole-exome sequencing in developmental and congenital glaucoma,"[""cornea"", ""glaucoma""]",include,,,included_new_record,dryad_congenital_glaucoma_wes,Four exome difference files for three congenital-glaucoma families are directly translational human ocular genetics data.,scope_screen_b,https://doi.org/10.5061/dryad.k7455
10.5061/dryad.k98sf7mm6,Data from: View invariant representations in ancestral cortex,"[""\""visual field\"""", ""retinal""]",exclude,,,excluded_out_of_scope_or_false_positive,,Unrelated keyword search hit; not an eye or ophthalmology data resource.,broad_screen,https://doi.org/10.5061/dryad.k98sf7mm6
10.5061/dryad.kb5cb,Data from: Motion dazzle: a locust's eye view,"[""\""visual field\""""]",exclude,,,excluded_insufficient_reusable_ophthalmic_data,,"Ocular keyword hit, but title/metadata does not establish a distinct reusable eye or ophthalmology data resource.",broad_screen,https://doi.org/10.5061/dryad.kb5cb
10.5061/dryad.kc041,Data from: Whole-body photoreceptor networks are independent of ‘lenses’ in brittle stars,"[""ocular""]",needs_manual_review,,,excluded_out_of_scope_or_false_positive,,"Brittle-star photoreceptor and tomography files are comparative sensory biology, outside the ophthalmology and translational ocular boundary.",deferred_resolution,https://doi.org/10.5061/dryad.kc041
10.5061/dryad.kd51c5bhj,Ocular and extraocular expression of opsins reveals evolutionary trends underlying visual and non-visual functions in bivalves (Pteriomorphia),"[""ocular""]",needs_manual_review,,,excluded_out_of_scope_or_false_positive,,"Bivalve opsin expression and phylogeny files are comparative evolutionary biology, not an ophthalmic or translational ocular resource.",deferred_resolution,https://doi.org/10.5061/dryad.kd51c5bhj
10.5061/dryad.kj424,Data from: Stimulus discriminability may bias value-based probabilistic learning,"[""iris""]",exclude,,,excluded_out_of_scope_or_false_positive,,Unrelated keyword search hit; not an eye or ophthalmology data resource.,broad_screen,https://doi.org/10.5061/dryad.kj424
10.5061/dryad.kk73p,Data from: Genetic diversity is largely unpredictable but scales with museum occurrences in a species-rich clade of Australian lizards,"[""iris""]",exclude,,,excluded_out_of_scope_or_false_positive,,Unrelated keyword search hit; not an eye or ophthalmology data resource.,broad_screen,https://doi.org/10.5061/dryad.kk73p
10.5061/dryad.kkwh70scg,Data from: Positive spatial and temporal density-dependence drive early reproductive economy-of-scale effects of masting in a European old-growth forest community,"[""iris""]",exclude,,,excluded_out_of_scope_or_false_positive,,Unrelated keyword search hit; not an eye or ophthalmology data resource.,broad_screen,https://doi.org/10.5061/dryad.kkwh70scg
10.5061/dryad.kkwh70shq,Eye size across avian lineages covaries with participation in a specialized foraging behavior,"[""cornea""]",include,,,excluded_out_of_scope_or_false_positive,,Avian eye-size ecology is outside the human ophthalmology and translational ocular boundary.,scope_screen_b,https://doi.org/10.5061/dryad.kkwh70shq
10.5061/dryad.kprr4xh29,"Data from: Floral trait differentiation in Anacamptis coriophora: phenotypic selection on scents, but not on colour","[""iris""]",exclude,,,excluded_out_of_scope_or_false_positive,,Unrelated keyword search hit; not an eye or ophthalmology data resource.,broad_screen,https://doi.org/10.5061/dryad.kprr4xh29
10.5061/dryad.kprr4xhdz,Code and data used for reproducing calculations of lunar crustal thermal evolution and zircon resetting during a tidal heating event,"[""orbit""]",exclude,,,excluded_out_of_scope_or_false_positive,,Unrelated keyword search hit; not an eye or ophthalmology data resource.,broad_screen,https://doi.org/10.5061/dryad.kprr4xhdz
10.5061/dryad.kprr4xhk3,Conserved optical adaptations enable amphibious vision in compound eyes,"[""cornea"", ""corneal""]",include,,,excluded_out_of_scope_or_false_positive,,Compound-eye amphibious behavior is comparative invertebrate ecology rather than an ophthalmic modality or translational method.,scope_screen_b,https://doi.org/10.5061/dryad.kprr4xhk3
10.5061/dryad.kprr4xhkt,Data from: Autoantibody landscapes in Long COVID with neurological symptoms show heterogeneity without a shared disease signature,"[""iris""]",exclude,,,excluded_out_of_scope_or_false_positive,,Unrelated keyword search hit; not an eye or ophthalmology data resource.,broad_screen,https://doi.org/10.5061/dryad.kprr4xhkt
10.5061/dryad.kq230,"Data from: Variable light environments induce plastic spectral tuning by regional opsin coexpression in the African cichlid fish, Metriaclima zebra","[""retina"", ""retinal""]",include,,,excluded_out_of_scope_or_false_positive,,Cichlid retinal opsin plasticity is comparative ecology and falls outside the narrowed catalog scope.,scope_screen_b,https://doi.org/10.5061/dryad.kq230
10.5061/dryad.ks48tt4,Data from: Expression of matrix Metalloproteinases-2 and aquaporin-1 in corneoscleral junction after angle-closure in rabbits,"[""\""anterior segment\"""", ""\""optical coherence tomography\"""", ""\""slit lamp\"""", ""glaucoma"", ""iris"", ""ophthalmology""]",include,,,included_new_record,dryad_angle_closure_rabbit,Rabbit corneoscleral images and IOP ELISA and PCR files provide a defined angle-closure disease-mechanism model.,scope_screen_b,https://doi.org/10.5061/dryad.ks48tt4
10.5061/dryad.ks824,Data from: Evolution of iris colour in relation to cavity nesting and parental care in passerine birds,"[""iris""]",include,,,excluded_out_of_scope_or_false_positive,,Passerine iris-colour evolution is comparative ecology rather than a translational ocular phenotype resource.,scope_screen_b,https://doi.org/10.5061/dryad.ks824
10.5061/dryad.ksn02v7cg,Microlensing events indicate that super-Earth exoplanets are common in Jupiter-like orbits,"[""orbit""]",exclude,,,excluded_out_of_scope_or_false_positive,,"Physics, astronomy, or software use of ?orbit?; not an ocular-orbit resource.",broad_screen,https://doi.org/10.5061/dryad.ksn02v7cg
10.5061/dryad.kv3j7,"Data from: Cambrian origin of the CYP27C1-mediated vitamin A1-to-A2 switch, a key mechanism of vertebrate sensory plasticity","[""retinal""]",include,,,excluded_out_of_scope_or_false_positive,,Lamprey sensory-plasticity evolution is comparative physiology without a direct ophthalmic or translational use.,scope_screen_b,https://doi.org/10.5061/dryad.kv3j7
10.5061/dryad.kwh70rz8j,"Sonification of the atmospheric carbon record over the past 800,000 years","[""orbit""]",exclude,,,excluded_out_of_scope_or_false_positive,,Unrelated keyword search hit; not an eye or ophthalmology data resource.,broad_screen,https://doi.org/10.5061/dryad.kwh70rz8j
10.5061/dryad.m0cfxppck,Data from: Gross primary productivity from leaf-age-dependent light use efficiency (LA-LUE) model over pantropical evergreen broadleaved forests,"[""orbit""]",exclude,,,excluded_out_of_scope_or_false_positive,,Unrelated keyword search hit; not an eye or ophthalmology data resource.,broad_screen,https://doi.org/10.5061/dryad.m0cfxppck
10.5061/dryad.m0cfxppdj,"Lanes, clusters, lines of Sight: Modelling diagnostic eyecare clinics to improve patient flow","[""ophthalmology""]",include,,,excluded_insufficient_reusable_ophthalmic_data,,"The manifest contains collection templates and a simulation/model archive, not reusable ophthalmic patient or ocular data.",strict_screen_b,https://doi.org/10.5061/dryad.m0cfxppdj
10.5061/dryad.m37pvmdj2,Data from: Pollinator community composition and pollen resource use in calcareous grasslands under different landscape contexts across Europe,"[""iris""]",exclude,,,excluded_out_of_scope_or_false_positive,,Unrelated keyword search hit; not an eye or ophthalmology data resource.,broad_screen,https://doi.org/10.5061/dryad.m37pvmdj2
10.5061/dryad.m63xsj431,"Data from: Metataxonomy and pigments analyses unravel microbial diversity and the relevance of retinal-based photoheterotrophy at different salinities in the Odiel Salterns (SW, Spain)","[""retinal""]",exclude,,,excluded_insufficient_reusable_ophthalmic_data,,Retina term is not sufficient here to establish a distinct reusable eye-data resource from the supplied metadata.,broad_screen,https://doi.org/10.5061/dryad.m63xsj431
10.5061/dryad.m63xsj48x,Low-dose biliatresone treatment of pregnant mice causes subclinical biliary disease in their offspring: Evidence for a spectrum of neonatal injury,"[""iris""]",exclude,,,excluded_out_of_scope_or_false_positive,,Unrelated keyword search hit; not an eye or ophthalmology data resource.,broad_screen,https://doi.org/10.5061/dryad.m63xsj48x
10.5061/dryad.m63xsj4dp,CanineHD 230 K BeadChip data from Miniature Dachshunds,"[""retinal""]",exclude,,,excluded_out_of_scope_or_false_positive,,Unrelated keyword search hit; not an eye or ophthalmology data resource.,broad_screen,https://doi.org/10.5061/dryad.m63xsj4dp
10.5061/dryad.m905qftxg,Stable resource polymorphism along the benthic littoral-pelagic axis in an invasive crayfish,"[""iris""]",exclude,,,excluded_out_of_scope_or_false_positive,,Unrelated keyword search hit; not an eye or ophthalmology data resource.,broad_screen,https://doi.org/10.5061/dryad.m905qftxg
10.5061/dryad.m905qfv2r,Corneal Laser Procedure for safety and efficacy in vision improvement,"[""corneal"", ""macular"", ""retinal""]",include,,,included_new_record,dryad_corneal_laser_procedure,Two clinical workbooks cover 72 treated eyes and directly support surgical corneal outcome evaluation.,scope_screen_b,https://doi.org/10.5061/dryad.m905qfv2r
10.5061/dryad.m905qfv6q,Data from: Vestigial organs alter fossil placements in an ancient group of terrestrial chelicerates,"[""retinal""]",exclude,,,excluded_out_of_scope_or_false_positive,,Unrelated keyword search hit; not an eye or ophthalmology data resource.,broad_screen,https://doi.org/10.5061/dryad.m905qfv6q
10.5061/dryad.mcvdnck22, Long-term development of lens fluorescence in a twin cohort: Heritability and effects of age and lifestyle,"[""cataract"", ""ocular""]",include,,,included_new_record,dryad_lens_fluorescence_twins,The 131-participant longitudinal lens-fluorescence workbook is core human ocular biometrics data.,scope_screen_b,https://doi.org/10.5061/dryad.mcvdnck22
10.5061/dryad.mh4f7n3,Data from: SK2 channels in cerebellar Purkinje cells contribute to excitability modulation in motor learning-specific memory traces,"[""ocular""]",exclude,,,excluded_out_of_scope_or_false_positive,,Unrelated keyword search hit; not an eye or ophthalmology data resource.,broad_screen,https://doi.org/10.5061/dryad.mh4f7n3
10.5061/dryad.mk4r5,Data from: Effects of nicotine on corneal wound healing following acute alkali burn,"[""corneal""]",include,,,excluded_insufficient_reusable_ophthalmic_data,,Figure archives and one figure workbook do not define a separately reusable corneal dataset.,strict_screen_b,https://doi.org/10.5061/dryad.mk4r5
10.5061/dryad.msbcc2ftc,A practical approach to functional optical coherence tomography shows abnormal retinal responses in Alzheimer’s disease,"[""\""optical coherence tomography\"""", ""\""retinal image\"""", ""retina"", ""retinal""]",exclude,dryad_functional_oct_alzheimer,exact_duplicate,existing_catalog_record,,Exact Dryad DOI already cataloged as dryad_functional_oct_alzheimer.,broad_screen_exact_catalog_doi_match,https://doi.org/10.5061/dryad.msbcc2ftc
10.5061/dryad.msbcc2fvr,Data from: Thyroid hormone receptor beta mutations alter photoreceptor development and function in Danio rerio (zebrafish),"[""retina""]",include,,,included_new_record,dryad_zebrafish_thrb_photoreceptors,Eight genotype/stage functional workbooks provide a defined photoreceptor disease-mechanism model.,scope_screen_b,https://doi.org/10.5061/dryad.msbcc2fvr
10.5061/dryad.msbcc2gb7,Data from: Poison frogs rely on vision for homing in natural environments,"[""\""visual field\""""]",exclude,,,excluded_out_of_scope_or_false_positive,,Unrelated keyword search hit; not an eye or ophthalmology data resource.,broad_screen,https://doi.org/10.5061/dryad.msbcc2gb7
10.5061/dryad.mt64k,Data from: Vascular patterns in the heads of crocodilians: blood vessels and sites of thermal exchange,"[""orbit""]",exclude,,,excluded_out_of_scope_or_false_positive,,Unrelated keyword search hit; not an eye or ophthalmology data resource.,broad_screen,https://doi.org/10.5061/dryad.mt64k
10.5061/dryad.mv711kb,"Data from: Field observations of turbulence, sand suspension and cross-shore transport under spilling  and plunging breakers","[""orbit""]",exclude,,,excluded_out_of_scope_or_false_positive,,Unrelated keyword search hit; not an eye or ophthalmology data resource.,broad_screen,https://doi.org/10.5061/dryad.mv711kb
10.5061/dryad.mw6m9062w,Artificial space weathering to mimic solar wind enhances the toxicity of lunar dust simulants in human lung cells,"[""ocular""]",exclude,,,excluded_out_of_scope_or_false_positive,,Unrelated keyword search hit; not an eye or ophthalmology data resource.,broad_screen,https://doi.org/10.5061/dryad.mw6m9062w
10.5061/dryad.n276d,Data from: Population genomics analyses of European ibex species show lower diversity and higher inbreeding in reintroduced populations,"[""iris""]",exclude,,,excluded_out_of_scope_or_false_positive,,Unrelated keyword search hit; not an eye or ophthalmology data resource.,broad_screen,https://doi.org/10.5061/dryad.n276d
10.5061/dryad.n2d7d,Data from: Testing for homologies in the axial skeleton of primitive echinoderms,"[""ocular""]",exclude,,,excluded_out_of_scope_or_false_positive,,Unrelated keyword search hit; not an eye or ophthalmology data resource.,broad_screen,https://doi.org/10.5061/dryad.n2d7d
10.5061/dryad.n34h180,Data from: Combined transcriptome and metabolome analysis identifies defence responses in spider-mite infested pepper,"[""iris""]",exclude,,,excluded_out_of_scope_or_false_positive,,Unrelated keyword search hit; not an eye or ophthalmology data resource.,broad_screen,https://doi.org/10.5061/dryad.n34h180
10.5061/dryad.n7140,"Data from: The hawk-eyed songbird: retinal morphology, eye shape, and visual fields of an aerial insectivore","[""\""visual field\"""", ""retina"", ""retinal""]",exclude,,,excluded_insufficient_reusable_ophthalmic_data,,Retina term is not sufficient here to establish a distinct reusable eye-data resource from the supplied metadata.,broad_screen,https://doi.org/10.5061/dryad.n7140
10.5061/dryad.n8pk0p340,15-gene expression profile and PRAME as an integrated prognostic test for uveal melanoma: First report of Collaborative Ocular Oncology Group Study No. 2 (COOG2.1),"[""ocular""]",exclude,dryad_uveal_melanoma_coog2,exact_duplicate,existing_catalog_record,,Exact Dryad DOI already cataloged as dryad_uveal_melanoma_coog2.,broad_screen_exact_catalog_doi_match,https://doi.org/10.5061/dryad.n8pk0p340
10.5061/dryad.n8pk0p354,Data from: Body posture aftereffects - Does viewing slouched bodies change people's perception of normal posture?,"[""retina""]",exclude,,,excluded_out_of_scope_or_false_positive,,Unrelated keyword search hit; not an eye or ophthalmology data resource.,broad_screen,https://doi.org/10.5061/dryad.n8pk0p354
10.5061/dryad.ncjsxksxr,Data from: Is retina affected in Huntington's disease? Is optical coherence tomography a good biomarker?,"[""\""optical coherence tomography\"""", ""macular"", ""retina"", ""retinal""]",include,,,included_new_record,dryad_huntingtons_retinal_oct,The named CSV and README form a direct human retinal OCT biomarker resource.,scope_screen_b,https://doi.org/10.5061/dryad.ncjsxksxr
10.5061/dryad.nf94810,Data from: Visual modelling supports the potential for prey detection by means of diurnal active photolocation in a small cryptobenthic fish,"[""iris"", ""ocular""]",exclude,,,excluded_out_of_scope_or_false_positive,,Unrelated keyword search hit; not an eye or ophthalmology data resource.,broad_screen,https://doi.org/10.5061/dryad.nf94810
10.5061/dryad.ngf1vhj81,Data from: Biofeedback fixation training in the rehabilitation of patients suffering from geographic atrophy,"[""macular"", ""retinal""]",include,,,included_new_record,dryad_ga_biofeedback,The 18-participant final CSV is a direct human geographic-atrophy rehabilitation outcome resource.,scope_screen_b,https://doi.org/10.5061/dryad.ngf1vhj81
10.5061/dryad.nh0fp1b,Data from: Human foveal cone photoreceptor topography and its dependence on eye length,"[""retinal""]",include,,,included_new_record,dryad_human_foveal_cones,The 28-eye human adaptive-optics archive is directly reusable for foveal cellular imaging and biometric measurement.,scope_screen_b,https://doi.org/10.5061/dryad.nh0fp1b
10.5061/dryad.ns1rn8q1f,Data from: Beware of the impact of land use legacy on genetic connectivity: A case study of the long-lived perennial Primula veris,"[""iris""]",exclude,,,excluded_out_of_scope_or_false_positive,,Unrelated keyword search hit; not an eye or ophthalmology data resource.,broad_screen,https://doi.org/10.5061/dryad.ns1rn8q1f
10.5061/dryad.nv892mp,"Data from: Peripheral synucleinopathy in a DJ1 patient with Parkinson disease, cataracts, and hearing loss","[""cataract"", ""ophthalmology""]",include,,,excluded_out_of_scope_or_false_positive,,Only an appendix workbook is listed and cataract is incidental to a non-ocular case report.,strict_screen_b,https://doi.org/10.5061/dryad.nv892mp
10.5061/dryad.nvx0k6dnw,"Weda, a new genus with two new species of Euphorbiaceae-Crotonoideae from Halmahera (North Moluccas, Indonesia) and phylogenetic relationships of the Australasian tribe Ricinocarpeae","[""iris""]",exclude,,,excluded_out_of_scope_or_false_positive,,Unrelated keyword search hit; not an eye or ophthalmology data resource.,broad_screen,https://doi.org/10.5061/dryad.nvx0k6dnw
10.5061/dryad.nvx0k6dqg,Insights from survival analyses during 12 years of anti-VEGF therapy for neovascular age-related macular degeneration,"[""\""diabetic retinopathy\"""", ""macular""]",include,dryad_namd_oct_quant;dryad_namd_visual_prediction,shared_source_cohort_distinct_outcome_task,included_new_record,dryad_namd_12_year_survival,"The anonymized 7,802-eye human AMD CSV is a clearly defined long-term ophthalmic survival resource.",scope_screen_b,https://doi.org/10.5061/dryad.nvx0k6dqg
10.5061/dryad.nvx0k6dr3,"The visual ecology of Holocentridae, a nocturnal coral reef fish family with a deep-sea-like multibank retina","[""retina"", ""retinal""]",include,,,excluded_out_of_scope_or_false_positive,,Holocentrid retinal transcriptomes and visual ecology are comparative biology rather than translational ophthalmic data.,scope_screen_b,https://doi.org/10.5061/dryad.nvx0k6dr3
10.5061/dryad.nzs7h44vf,Data for: Photosystems in the eye-like organelles of heterotrophic warnowiid dinoflagellates,"[""retinal""]",exclude,,,excluded_insufficient_reusable_ophthalmic_data,,"Ocular keyword hit, but title/metadata does not establish a distinct reusable eye or ophthalmology data resource.",broad_screen,https://doi.org/10.5061/dryad.nzs7h44vf
10.5061/dryad.p1qq2r1,Data from: Comparison of the efficacy and safety of drug therapies for macular edema secondary to central retinal vein occlusion,"[""cataract"", ""macular"", ""retinal""]",include,,,excluded_insufficient_reusable_ophthalmic_data,,"This is a systematic-review network-meta-analysis workspace, not a primary reusable ocular data resource.",strict_screen_b,https://doi.org/10.5061/dryad.p1qq2r1
10.5061/dryad.p2ngf1vm7,How do red-eyed treefrog embryos sense motion in predator attacks? Assessing the role of vestibular mechanoreception,"[""ocular""]",exclude,,,excluded_insufficient_reusable_ophthalmic_data,,"Ocular keyword hit, but title/metadata does not establish a distinct reusable eye or ophthalmology data resource.",broad_screen,https://doi.org/10.5061/dryad.p2ngf1vm7
10.5061/dryad.p2ngf1vrg,"Intracranial aneurysm risk scores, hemodynamics and vessel wall enhancement values","[""angiography""]",exclude,,,excluded_out_of_scope_or_false_positive,,Unrelated keyword search hit; not an eye or ophthalmology data resource.,broad_screen,https://doi.org/10.5061/dryad.p2ngf1vrg
10.5061/dryad.p2ngf1vt5,Site impacts nutrient translocation efficiency in intra- and interspecies miscanthus hybrids on marginal lands,"[""iris""]",exclude,,,excluded_out_of_scope_or_false_positive,,Unrelated keyword search hit; not an eye or ophthalmology data resource.,broad_screen,https://doi.org/10.5061/dryad.p2ngf1vt5
10.5061/dryad.p2ngf1w0v,Data from: Interannual and seasonal changes in the south seasonal polar cap of Mars: Observations from MY 28-31 using MARCI,"[""orbit""]",exclude,,,excluded_out_of_scope_or_false_positive,,Unrelated keyword search hit; not an eye or ophthalmology data resource.,broad_screen,https://doi.org/10.5061/dryad.p2ngf1w0v
10.5061/dryad.p7n02t0,Data from: Return to work after ischemic stroke in young adults: a registry-based follow-up study,"[""\""visual field\""""]",exclude,,,excluded_out_of_scope_or_false_positive,,Unrelated keyword search hit; not an eye or ophthalmology data resource.,broad_screen,https://doi.org/10.5061/dryad.p7n02t0
10.5061/dryad.p8cz8w9k3,Data from: Flower phenology as a disruptor of the fruiting dynamics in temperate oak species,"[""iris""]",exclude,,,excluded_out_of_scope_or_false_positive,,Unrelated keyword search hit; not an eye or ophthalmology data resource.,broad_screen,https://doi.org/10.5061/dryad.p8cz8w9k3
10.5061/dryad.p8cz8w9z8,"Russian olive distribution and invasion dynamics along the Powder River, Montana and Wyoming, USA","[""ocular""]",exclude,,,excluded_out_of_scope_or_false_positive,,Unrelated keyword search hit; not an eye or ophthalmology data resource.,broad_screen,https://doi.org/10.5061/dryad.p8cz8w9z8
10.5061/dryad.pc866t21r,Semaphorin 3f and post-embryonic regulation of retinal progenitors,"[""retina"", ""retinal""]",include,,,excluded_insufficient_reusable_ophthalmic_data,,Fifty-six figure-labelled measurement files are paper source data; no distinct reusable resource or access route beyond the article supplement is documented.,strict_screen_b,https://doi.org/10.5061/dryad.pc866t21r
10.5061/dryad.pg4f4qrnr,Avian color expression and perception: Is there a carotenoid link?,"[""retinal""]",include,,,excluded_out_of_scope_or_false_positive,,Plumage/carotenoid data are not a reusable ocular data resource despite vision context.,strict_screen_c,https://doi.org/10.5061/dryad.pg4f4qrnr
10.5061/dryad.pg4f4qrqp,Nucleotide sequences in Procambarus clarkii,"[""ocular""]",exclude,,,excluded_out_of_scope_or_false_positive,,Unrelated keyword search hit; not an eye or ophthalmology data resource.,broad_screen,https://doi.org/10.5061/dryad.pg4f4qrqp
10.5061/dryad.pg4f4qrwf,Genotype-phenotype associations in CRB1 bi-allelic patients: a novel mutation and a systematic review,"[""fundus"", ""macular"", ""ocular"", ""ophthalmology"", ""retinal""]",include,,,included_new_record,dryad_pg4f4qrwf,Human CRB1 genotype-phenotype records are directly reusable for inherited retinal-disease research.,scope_screen_c,https://doi.org/10.5061/dryad.pg4f4qrwf
10.5061/dryad.pg4f4qs4d,Structural analysis of rhodopsin states in megabody complexes,"[""retinal""]",include,,,excluded_out_of_scope_or_false_positive,,"Three figure-source spreadsheets document molecular-structure results, not an ocular research resource.",strict_screen_c,https://doi.org/10.5061/dryad.pg4f4qs4d
10.5061/dryad.pk0p2ngrv,Data from: Precise control of neural activity using dynamically optimized electrical stimulation ,"[""retina"", ""retinal""]",exclude,,,excluded_out_of_scope_or_false_positive,,Unrelated keyword search hit; not an eye or ophthalmology data resource.,broad_screen,https://doi.org/10.5061/dryad.pk0p2ngrv
10.5061/dryad.pk0p2ngzh,Morphometric analysis of retinal ganglionic cells (3D confocal images) analyzed using filament tracer from Imaris software,"[""retina"", ""retinal""]",include,,,included_new_record,dryad_pk0p2ngzh,Raw retinal-ganglion-cell confocal volumes and morphometry are directly reusable retinal-biology data.,scope_screen_c,https://doi.org/10.5061/dryad.pk0p2ngzh
10.5061/dryad.pk31jt2,Data from: Low incidence of choroidal neovascularization following subthreshold diode micropulse laser (SDM) in high-risk AMD,"[""macular""]",include,,,included_new_record,dryad_pk31jt2,AMD/CNV treatment-outcome table is directly reusable human ophthalmic clinical data.,scope_screen_c,https://doi.org/10.5061/dryad.pk31jt2
10.5061/dryad.pnvx0k6hv,Time trends and associated factors of axial length in 4 and 5 year-olds children in Shanghai from 2013 to 2019,"[""corneal"", ""ophthalmology""]",include,,,included_new_record,dryad_pnvx0k6hv,Pediatric axial-length and corneal-curvature measurements are direct human ocular-biometry data.,scope_screen_c,https://doi.org/10.5061/dryad.pnvx0k6hv
10.5061/dryad.pr11m,Data from: Prevalence of coronary artery disease evaluated by coronary CT angiography in women with mammographically detected breast arterial calcifications,"[""angiography""]",exclude,,,excluded_out_of_scope_or_false_positive,,Unrelated keyword search hit; not an eye or ophthalmology data resource.,broad_screen,https://doi.org/10.5061/dryad.pr11m
10.5061/dryad.prr4xgxtd,Data from: Functional differences between the extraordinary eyes of deep-sea hyperiid amphipods,"[""\""visual field\""""]",include,,,excluded_out_of_scope_or_false_positive,,"Deep-sea amphipod eye micro-CT is comparative visual ecology, not translational ocular biology or ophthalmic imaging.",scope_screen_c,https://doi.org/10.5061/dryad.prr4xgxtd
10.5061/dryad.pt532,Data from: Three-dimensional camouflage: exploiting photons to conceal form,"[""\""retinal image\"""", ""retinal""]",exclude,,,excluded_out_of_scope_or_false_positive,,Unrelated keyword search hit; not an eye or ophthalmology data resource.,broad_screen,https://doi.org/10.5061/dryad.pt532
10.5061/dryad.pzgmsbcfw,Anti-vegf therapy in diabetic macular oedema patients over four years,"[""\""diabetic retinopathy\"""", ""macular""]",include,,,included_new_record,dryad_pzgmsbcfw,Anonymized anti-VEGF diabetic-macular-oedema outcomes are direct human ophthalmic clinical data.,scope_screen_c,https://doi.org/10.5061/dryad.pzgmsbcfw
10.5061/dryad.pzgmsbcmk,Two-photon calcium recordings of cones,"[""retinal""]",include,,,included_new_record,dryad_pzgmsbcmk,"Cone calcium recordings are directly reusable retinal physiology data, despite animal/basic-science provenance.",scope_screen_c,https://doi.org/10.5061/dryad.pzgmsbcmk
10.5061/dryad.q1t87,Data from: Post-glacial habitat release and incipient speciation in the genus Delphinus,"[""iris""]",exclude,,,excluded_out_of_scope_or_false_positive,,Unrelated keyword search hit; not an eye or ophthalmology data resource.,broad_screen,https://doi.org/10.5061/dryad.q1t87
10.5061/dryad.q2bvq83vg,Predictably manipulating photoreceptor light responses to reveal their role in downstream visual responses,"[""retina""]",include,,,excluded_insufficient_reusable_ophthalmic_data,,Single Figure 2 source-data file is an article supplement rather than a standalone reusable resource.,strict_screen_c,https://doi.org/10.5061/dryad.q2bvq83vg
10.5061/dryad.q5553,Data from: Dietary carotenoid availability affects avian color discrimination,"[""retina"", ""retinal""]",exclude,,,excluded_out_of_scope_or_false_positive,,Unrelated keyword search hit; not an eye or ophthalmology data resource.,broad_screen,https://doi.org/10.5061/dryad.q5553
10.5061/dryad.q6ft5,Data from: Development of machine learning models for diagnosis of glaucoma,"[""\""visual field\"""", ""cornea"", ""glaucoma"", ""ocular"", ""retinal""]",exclude,dryad_glaucoma_rnfl_vf,exact_duplicate,existing_catalog_record,,Exact Dryad DOI already cataloged as dryad_glaucoma_rnfl_vf.,broad_screen_exact_catalog_doi_match,https://doi.org/10.5061/dryad.q6ft5
10.5061/dryad.q83bk3jkq,AAV gene therapy encoding equine IL10,"[""cornea"", ""ocular"", ""ophthalmic"", ""retina"", ""uveitis""]",exclude,,,excluded_out_of_scope_or_false_positive,,Unrelated keyword search hit; not an eye or ophthalmology data resource.,broad_screen,https://doi.org/10.5061/dryad.q83bk3jkq
10.5061/dryad.q83bk3jnw,Disease parameters following ocular herpes simplex virus type 1 infection are similar in male and female BALB/C mice,"[""corneal"", ""ocular"", ""ophthalmology""]",include,,,included_new_record,dryad_q83bk3jnw,Mouse ocular-HSV keratitis and neovascularization scores directly support ocular disease-mechanism studies.,scope_screen_c,https://doi.org/10.5061/dryad.q83bk3jnw
10.5061/dryad.qfttdz0dr,Association of APOE gene polymorphisms with primary open angle glaucoma in Brazilian patients,"[""glaucoma"", ""ophthalmic""]",include,,,included_new_record,dryad_qfttdz0dr,Human POAG case-control genotypes and phenotypes are directly reusable ophthalmic clinical data.,scope_screen_c,https://doi.org/10.5061/dryad.qfttdz0dr
10.5061/dryad.qfttdz0vh,Data from: Nanophysiology approach reveals diversity in calcium microdomains across Zebrafish retinal bipolar ribbon synapses,"[""retina"", ""retinal""]",include,,,excluded_insufficient_reusable_ophthalmic_data,,One source-data workbook and README for a paper do not establish a separately reusable research object.,strict_screen_c,https://doi.org/10.5061/dryad.qfttdz0vh
10.5061/dryad.qg1p0,Data from: Integrating Bayesian genomic cline analyses and association mapping of morphological and ecological traits to dissect reproductive isolation and introgression in a Louisiana Iris hybrid zone,"[""iris""]",exclude,,,excluded_out_of_scope_or_false_positive,,Unrelated keyword search hit; not an eye or ophthalmology data resource.,broad_screen,https://doi.org/10.5061/dryad.qg1p0
10.5061/dryad.qjq2bvqhb,Sex differences in behavioural and anatomical estimates of visual acuity in the green swordtail Xiphophorus helleri,"[""retinal""]",include,,,excluded_out_of_scope_or_false_positive,,Swordtail visual-acuity and retinal mapping study is comparative sensory ecology rather than ophthalmic or translational ocular research.,scope_screen_c,https://doi.org/10.5061/dryad.qjq2bvqhb
10.5061/dryad.qk300,Data from: Coral snakes predict the evolution of mimicry across New World snakes,"[""iris""]",exclude,,,excluded_out_of_scope_or_false_positive,,Unrelated keyword search hit; not an eye or ophthalmology data resource.,broad_screen,https://doi.org/10.5061/dryad.qk300
10.5061/dryad.qn54m,Data from: Comprehensive diagnosis of PCDD/F emission from three hazardous waste incinerators,"[""OCTA""]",exclude,,,excluded_out_of_scope_or_false_positive,,Unrelated keyword search hit; not an eye or ophthalmology data resource.,broad_screen,https://doi.org/10.5061/dryad.qn54m
10.5061/dryad.qnk98sfdx,Alternative responses by two species of jumping spiders to unpalatability and toxicity in prey ,"[""retinal""]",exclude,,,excluded_out_of_scope_or_false_positive,,Unrelated keyword search hit; not an eye or ophthalmology data resource.,broad_screen,https://doi.org/10.5061/dryad.qnk98sfdx
10.5061/dryad.qp244,"Data from: The diversity of floral temperature patterns, and their use by pollinators","[""iris""]",exclude,,,excluded_out_of_scope_or_false_positive,,Unrelated keyword search hit; not an eye or ophthalmology data resource.,broad_screen,https://doi.org/10.5061/dryad.qp244
10.5061/dryad.qp499,Data from: The application of optical coherence tomography to image subsurface tissue structure of Antarctic krill Euphausia superba,"[""\""optical coherence tomography\""""]",exclude,,,excluded_out_of_scope_or_false_positive,,Unrelated keyword search hit; not an eye or ophthalmology data resource.,broad_screen,https://doi.org/10.5061/dryad.qp499
10.5061/dryad.qv3811j,"Data from: More is less: net gain in species richness, but biotic homogenization over 140 years","[""iris""]",exclude,,,excluded_out_of_scope_or_false_positive,,Unrelated keyword search hit; not an eye or ophthalmology data resource.,broad_screen,https://doi.org/10.5061/dryad.qv3811j
10.5061/dryad.qv9s4mwq5,Data from: Coherent evolution of superexchange interaction in seconds long optical clock spectroscopy,"[""orbit""]",exclude,,,excluded_out_of_scope_or_false_positive,,Unrelated keyword search hit; not an eye or ophthalmology data resource.,broad_screen,https://doi.org/10.5061/dryad.qv9s4mwq5
10.5061/dryad.qz612jmt7,An advancement in developmental and reproductive toxicity (DART) risk assessment: evaluation of a bioactivity and exposure-based NAM toolbox,"[""iris""]",exclude,,,excluded_out_of_scope_or_false_positive,,Unrelated keyword search hit; not an eye or ophthalmology data resource.,broad_screen,https://doi.org/10.5061/dryad.qz612jmt7
10.5061/dryad.r07bc,Data from: Transcription factors involved in retinogenesis are co-opted by the circadian clock following photoreceptor differentiation,"[""retina"", ""retinal""]",include,,,excluded_insufficient_reusable_ophthalmic_data,,Small gene-expression supplement is not documented as a reusable ocular data resource.,strict_screen_c,https://doi.org/10.5061/dryad.r07bc
10.5061/dryad.r1921,Data from: Collective behaviour in vertebrates: a sensory perspective,"[""\""visual field\""""]",needs_manual_review,,,excluded_insufficient_reusable_ophthalmic_data,,"The archive contains collective-behavior simulations using sensory parameters, not direct ocular or ophthalmic research data.",deferred_resolution,https://doi.org/10.5061/dryad.r1921
10.5061/dryad.r1h8gm4,Data from: Metabolically similar cohorts of bacteria exhibit strong co-occurrence patterns with diet items and eukaryotic microbes in lizard guts,"[""iris""]",exclude,,,excluded_out_of_scope_or_false_positive,,Unrelated keyword search hit; not an eye or ophthalmology data resource.,broad_screen,https://doi.org/10.5061/dryad.r1h8gm4
10.5061/dryad.r1vp879,"Data from: Biallelic SQSTM1 mutations in early-onset, variably progressive neurodegeneration","[""ocular""]",exclude,,,excluded_out_of_scope_or_false_positive,,Unrelated keyword search hit; not an eye or ophthalmology data resource.,broad_screen,https://doi.org/10.5061/dryad.r1vp879
10.5061/dryad.r2280gbc4,"Differential perceptions of teamwork, focused work and perceived productivity as an effect of desk characteristics within a workplace layout","[""\""visual field\""""]",exclude,,,excluded_out_of_scope_or_false_positive,,Unrelated keyword search hit; not an eye or ophthalmology data resource.,broad_screen,https://doi.org/10.5061/dryad.r2280gbc4
10.5061/dryad.r2280gbj2,Visual opsin gene expression evolution in the adaptive radiation of cichlid fishes of Lake Tanganyika,"[""retina"", ""retinal""]",include,,,excluded_out_of_scope_or_false_positive,,"Cichlid opsin-expression evolution is comparative ecology/evolution, outside the strict ocular scope.",scope_screen_c,https://doi.org/10.5061/dryad.r2280gbj2
10.5061/dryad.r2280gbpw,Effect of verbal interference and response hand on hemisphere asymmetries in sad facial expression processing,"[""\""visual field\""""]",exclude,,,excluded_out_of_scope_or_false_positive,,Unrelated keyword search hit; not an eye or ophthalmology data resource.,broad_screen,https://doi.org/10.5061/dryad.r2280gbpw
10.5061/dryad.r2280gbqt,Data from: Biogeography and diversification patterns in the Irano-Turanian biodiversity hotspot inferred from a molecular phylogeny of the subendemic <em>Iris</em> subgenus <em>Scorpiris</em> (Iridaceae),"[""iris""]",exclude,,,excluded_out_of_scope_or_false_positive,,Plant genus Iris search collision; not an ocular resource.,broad_screen,https://doi.org/10.5061/dryad.r2280gbqt
10.5061/dryad.r4xgxd2nt,Restoration of cone circuit functionality in the regenerating adult zebrafish retina,"[""retina"", ""retinal""]",include,,,included_new_record,dryad_r4xgxd2nt,Zebrafish retinal-regeneration functional imaging is directly reusable retinal-biology data.,scope_screen_c,https://doi.org/10.5061/dryad.r4xgxd2nt
10.5061/dryad.r4xgxd2qb,Data from: The seasonal cycles of tropical sea surface temperature from Earth's axial tilt and orbital eccentricity,"[""orbit""]",exclude,,,excluded_out_of_scope_or_false_positive,,Unrelated keyword search hit; not an eye or ophthalmology data resource.,broad_screen,https://doi.org/10.5061/dryad.r4xgxd2qb
10.5061/dryad.r5m20,Data from: Grazing-induced shifts in community functional composition and soil nutrient availability in Tibetan alpine meadows,"[""iris""]",exclude,,,excluded_out_of_scope_or_false_positive,,Unrelated keyword search hit; not an eye or ophthalmology data resource.,broad_screen,https://doi.org/10.5061/dryad.r5m20
10.5061/dryad.r6h8dr2,Data from: Long-lived metabolic enzymes in the crystalline lens identified by pulse-labeling of mice and mass spectrometry,"[""cataract""]",include,,,excluded_insufficient_reusable_ophthalmic_data,,Single supplementary mass-spectrometry workbook is not a separately documented reusable ocular resource.,strict_screen_c,https://doi.org/10.5061/dryad.r6h8dr2
10.5061/dryad.r7s04,"Data from: Prevalence of depression, anxiety, adjustment disorders, and somatoform disorders in patients with age-related macular degeneration in Germany","[""macular""]",include,,,included_new_record,dryad_r7s04,AMD-linked mental-health prevalence cohort is a human ophthalmic epidemiology resource.,scope_screen_c,https://doi.org/10.5061/dryad.r7s04
10.5061/dryad.r7sqv9s86,Data from: An uncommon cause of carotid artery dissection: Fabry disease.,"[""cornea""]",exclude,,,excluded_out_of_scope_or_false_positive,,Unrelated keyword search hit; not an eye or ophthalmology data resource.,broad_screen,https://doi.org/10.5061/dryad.r7sqv9s86
10.5061/dryad.r7sqv9s9g,The relationship between glucose control & cognitive function in people with diabetes after a lacunar stroke: supplementary material,"[""\""diabetic retinopathy\""""]",exclude,,,excluded_out_of_scope_or_false_positive,,Unrelated keyword search hit; not an eye or ophthalmology data resource.,broad_screen,https://doi.org/10.5061/dryad.r7sqv9s9g
10.5061/dryad.r7sqv9sh8,Plant community compositional stability over 40 years in a Fraser River Estuary tidal freshwater marsh,"[""iris""]",exclude,,,excluded_out_of_scope_or_false_positive,,Unrelated keyword search hit; not an eye or ophthalmology data resource.,broad_screen,https://doi.org/10.5061/dryad.r7sqv9sh8
10.5061/dryad.r7sqv9sqs,Deletion in <em>CACNA1F</em> gene causes X-linked progressive retinal atrophy in English Cocker Spaniel dogs,"[""retinal""]",include,,,included_new_record,dryad_r7sqv9sqs,Canine progressive-retinal-atrophy sequencing directly supports inherited retinal-disease mechanism research.,scope_screen_c,https://doi.org/10.5061/dryad.r7sqv9sqs
10.5061/dryad.rbnzs7hft,Motor recalibration of visual and saccadic maps,"[""retinal""]",include,,,excluded_out_of_scope_or_false_positive,,"Saccade adaptation and perceptual localization are general visual neuroscience, not an ophthalmic dataset.",scope_screen_c,https://doi.org/10.5061/dryad.rbnzs7hft
10.5061/dryad.rfj6q57g5,Data for: Multi-LEO satellite stereo winds,"[""orbit""]",exclude,,,excluded_out_of_scope_or_false_positive,,Unrelated keyword search hit; not an eye or ophthalmology data resource.,broad_screen,https://doi.org/10.5061/dryad.rfj6q57g5
10.5061/dryad.rfj6q57r7,Data from: Chondrite parent bodies as escaped satellites of proto-planetary embryos,"[""orbit""]",exclude,,,excluded_out_of_scope_or_false_positive,,Unrelated keyword search hit; not an eye or ophthalmology data resource.,broad_screen,https://doi.org/10.5061/dryad.rfj6q57r7
10.5061/dryad.rjdfn2zqb,Data from: A galactic cosmic ray cavity in Earth-Moon space,"[""orbit""]",exclude,,,excluded_out_of_scope_or_false_positive,,Unrelated keyword search hit; not an eye or ophthalmology data resource.,broad_screen,https://doi.org/10.5061/dryad.rjdfn2zqb
10.5061/dryad.rn38r,"Data from: Do picture-based charts overestimate visual acuity? Comparison of Kay Pictures, Lea Symbols, HOTV and Keeler logMAR charts with Sloan Letters in adults and children","[""\""diabetic retinopathy\"""", ""ophthalmic""]",include,,,included_new_record,dryad_rn38r,Human adult/child visual-acuity chart data directly support ophthalmic acuity measurement.,scope_screen_c,https://doi.org/10.5061/dryad.rn38r
10.5061/dryad.rn745,"Data from: Evolutionary history inferred from the de novo assembly of a non-model organism, the blue-eyed black lemur","[""iris""]",exclude,,,excluded_insufficient_reusable_ophthalmic_data,,"Ocular keyword hit, but title/metadata does not establish a distinct reusable eye or ophthalmology data resource.",broad_screen,https://doi.org/10.5061/dryad.rn745
10.5061/dryad.rn8pk0p70,Socioeconomic status and decreasing incidence of ocular injuries in Bosnia and Herzegovina,"[""cataract"", ""cornea"", ""ocular"", ""ophthalmology"", ""retinal""]",include,,,included_new_record,dryad_rn8pk0p70,Human ocular-injury clinical and epidemiology records are direct ophthalmic data.,scope_screen_c,https://doi.org/10.5061/dryad.rn8pk0p70
10.5061/dryad.rn8pk0pdp,"Detection of SARS-CoV-2 in conjunctival secretion and tears in patients with COVID-19 in a tertiary care centre, South India","[""ocular""]",include,,,included_new_record,dryad_rn8pk0pdp,Human conjunctival-secretion and tear diagnostic data are direct ocular-surface clinical data.,scope_screen_c,https://doi.org/10.5061/dryad.rn8pk0pdp
10.5061/dryad.rn8pk0pmm,The c.119-123dup5bp mutation in human gamma-C-crystallin destabilizes the protein and activates the unfolded protein response to cause highly variable cataracts,"[""cataract""]",include,,,included_new_record,dryad_rn8pk0pmm,Lens/cataract sequencing data directly support ocular disease-mechanism research.,scope_screen_c,https://doi.org/10.5061/dryad.rn8pk0pmm
10.5061/dryad.rr4xgxdc4,Cephalopod retinal development shows vertebrate-like mechanisms of neurogenesis: Multiple sequence alignments and phylogenetic trees,"[""retinal""]",include,,,excluded_insufficient_reusable_ophthalmic_data,,"Sequence alignments and phylogenetic trees are paper support, not a standalone ocular data resource.",strict_screen_c,https://doi.org/10.5061/dryad.rr4xgxdc4
10.5061/dryad.rr4xgxdg6,Data from: Interactions between circuit architecture and plasticity in a closed-loop cerebellar system,"[""ocular""]",exclude,,,excluded_out_of_scope_or_false_positive,,Unrelated keyword search hit; not an eye or ophthalmology data resource.,broad_screen,https://doi.org/10.5061/dryad.rr4xgxdg6
10.5061/dryad.rs2qp,Data from: Inhibition decorrelates visual feature representations in the inner retina,"[""retina""]",include,,,included_new_record,dryad_rs2qp,Retinal bipolar-cell functional matrices are directly reusable retinal-biology data.,scope_screen_c,https://doi.org/10.5061/dryad.rs2qp
10.5061/dryad.rt8bj147,Data from: Immune response increases predation risk,"[""iris""]",exclude,,,excluded_out_of_scope_or_false_positive,,Unrelated keyword search hit; not an eye or ophthalmology data resource.,broad_screen,https://doi.org/10.5061/dryad.rt8bj147
10.5061/dryad.rv15dv4bv,Late gene therapy limits the restoration of retinal function in a mouse model of retinitis pigmentosa,"[""retina"", ""retinal""]",include,,,included_new_record,dryad_rv15dv4bv,Mouse retinitis-pigmentosa gene-therapy microscopy directly supports retinal disease mechanism and restoration research.,scope_screen_c,https://doi.org/10.5061/dryad.rv15dv4bv
10.5061/dryad.rv15dv4hb,Data from: Asymmetric distribution of color-opponent  response types across mouse visual cortex  supports superior color vision in the sky,"[""\""visual field\"""", ""retina"", ""retinal""]",exclude,,,excluded_out_of_scope_or_false_positive,,Vision/behaviour search hit without direct ocular or ophthalmic data in the repository metadata.,broad_screen,https://doi.org/10.5061/dryad.rv15dv4hb
10.5061/dryad.rv15dv4p6,Data from: Zeolitic imidazolate frameworks (ZIF-8) as a carrier in a topical ocular delivery system for the treatment of ocular diseases,"[""ocular"", ""ophthalmology"", ""retinal""]",include,,,excluded_insufficient_reusable_ophthalmic_data,,Material-characterization figure/source tables for an ocular delivery paper are not a standalone ocular data resource.,strict_screen_c,https://doi.org/10.5061/dryad.rv15dv4p6
10.5061/dryad.rxwdbrvcr,Luna 20 spinel-bearing lithic fragments,"[""orbit""]",exclude,,,excluded_out_of_scope_or_false_positive,,Unrelated keyword search hit; not an eye or ophthalmology data resource.,broad_screen,https://doi.org/10.5061/dryad.rxwdbrvcr
10.5061/dryad.s1rn8pkhb,Transcriptional responses in a mouse model of silicone wire embolization induced acute retinal artery Ischemia and Reperfusion,"[""\""optical coherence tomography\"""", ""ophthalmic"", ""retina"", ""retinal""]",include,,,included_new_record,dryad_s1rn8pkhb,Mouse retinal-artery ischemia expression data directly support retinal vascular-injury mechanisms.,scope_screen_c,https://doi.org/10.5061/dryad.s1rn8pkhb
10.5061/dryad.s1rn8pkk5,Data from: Multi-fluid MHD study of the disappearing solar wind event observed by MAVEN: Effects of solar wind density,"[""orbit""]",exclude,,,excluded_out_of_scope_or_false_positive,,Unrelated keyword search hit; not an eye or ophthalmology data resource.,broad_screen,https://doi.org/10.5061/dryad.s1rn8pkk5
10.5061/dryad.s1rn8pkpv,Data and code from: Thermodynamics and melting of a quantum quasicrystal,"[""orbit""]",exclude,,,excluded_insufficient_reusable_ophthalmic_data,,"Paper, review, or software/code release without a distinct reusable eye-data resource.",broad_screen,https://doi.org/10.5061/dryad.s1rn8pkpv
10.5061/dryad.s46t627,Data from: An aposematic colour-polymorphic moth seen through the eyes of conspecifics and predators - sensitivity and colour discrimination in a tiger moth,"[""retinal""]",exclude,,,excluded_insufficient_reusable_ophthalmic_data,,"Ocular keyword hit, but title/metadata does not establish a distinct reusable eye or ophthalmology data resource.",broad_screen,https://doi.org/10.5061/dryad.s46t627
10.5061/dryad.s4mw6m9b0,Evolutionary insights into Felidae iris color through ancestral state reconstruction,"[""iris""]",include,,,excluded_out_of_scope_or_false_positive,,"Felid iris-color ancestral reconstruction is comparative evolution, not an ophthalmic dataset.",scope_screen_c,https://doi.org/10.5061/dryad.s4mw6m9b0
10.5061/dryad.s502854,Data from: Exploring the visual world of fossilized and modern fungus gnat eyes (Diptera: Keroplatidae) with X-ray microtomography,"[""corneal""]",include,,,excluded_out_of_scope_or_false_positive,,Fungus-gnat eye micro-CT is comparative visual ecology rather than translational ocular biology.,scope_screen_c,https://doi.org/10.5061/dryad.s502854
10.5061/dryad.s7h44j1dh,Data from: Field-free deterministic switching of all-van der Waals spin-orbit torque system above room temperature,"[""orbit""]",exclude,,,excluded_out_of_scope_or_false_positive,,"Physics, astronomy, or software use of ?orbit?; not an ocular-orbit resource.",broad_screen,https://doi.org/10.5061/dryad.s7h44j1dh
10.5061/dryad.s9b6070,Data from: Unravelling the distinctive craniomandibular morphology of the Plio‐Pleistocene Eumysops in the evolutionary setting of South American octodontoid rodents (Hystricomorpha),"[""orbit""]",exclude,,,excluded_out_of_scope_or_false_positive,,Unrelated keyword search hit; not an eye or ophthalmology data resource.,broad_screen,https://doi.org/10.5061/dryad.s9b6070
10.5061/dryad.sbcc2fr2h,Collective detection based on visual information in animal groups,"[""\""visual field\""""]",exclude,,,excluded_out_of_scope_or_false_positive,,Unrelated keyword search hit; not an eye or ophthalmology data resource.,broad_screen,https://doi.org/10.5061/dryad.sbcc2fr2h
10.5061/dryad.sbcc2fr5b,Data from: A phylogenetic study to assess the link between biome specialisation and diversification in swallowtail butterflies,"[""iris""]",exclude,,,excluded_out_of_scope_or_false_positive,,Unrelated keyword search hit; not an eye or ophthalmology data resource.,broad_screen,https://doi.org/10.5061/dryad.sbcc2fr5b
10.5061/dryad.sbcc2fr6n,Exploring phenotypic diversity of pigmented traits and iris features in Pakistani population,"[""iris""]",include,,,included_new_record,dryad_sbcc2fr6n,Individual human iris-feature and pigmentation records are directly reusable ocular-biometric data.,scope_screen_c,https://doi.org/10.5061/dryad.sbcc2fr6n
10.5061/dryad.sbcc2fr7b,Guppies (Poecilia reticulata) are deceived by visual illusions during obstacle negotiation,"[""\""retinal image\"""", ""retinal""]",exclude,,,excluded_out_of_scope_or_false_positive,,Unrelated keyword search hit; not an eye or ophthalmology data resource.,broad_screen,https://doi.org/10.5061/dryad.sbcc2fr7b
10.5061/dryad.sbcc2fr7r,Gender and age-related differences of ccular biometric parameters in patients undergoing cataract surgery in Bosnia and Herzegovina,"[""cataract"", ""cornea"", ""corneal"", ""ocular"", ""ophthalmology""]",include,,,included_new_record,dryad_sbcc2fr7r,Cataract-surgery patient ocular-biometry table is direct human ophthalmic clinical data.,scope_screen_c,https://doi.org/10.5061/dryad.sbcc2fr7r
10.5061/dryad.sd845,Data from: Determining population structure and hybridization for two iris species,"[""iris""]",exclude,,,excluded_out_of_scope_or_false_positive,,Plant genus Iris search collision; not an ocular resource.,broad_screen,https://doi.org/10.5061/dryad.sd845
10.5061/dryad.sf7m0cggh,Robust semi-automatic vessel tracing in the human retinal image by an instance segmentation neural network,"[""\""retinal image\"""", ""fundus"", ""retinal""]",include,,,included_new_record,dryad_sf7m0cggh,Human retinal-vessel trace annotations are a meaningful fundus-imaging annotation layer.,scope_screen_c,https://doi.org/10.5061/dryad.sf7m0cggh
10.5061/dryad.sf85s,"Data from: Two new species of Ichthyosaurus from the lowermost Jurassic (Hettangian) of Somerset, England","[""orbit""]",exclude,,,excluded_out_of_scope_or_false_positive,,Unrelated keyword search hit; not an eye or ophthalmology data resource.,broad_screen,https://doi.org/10.5061/dryad.sf85s
10.5061/dryad.sj3tx968w,The origin of blinking in both mudskippers and tetrapods is linked to life on land,"[""cornea""]",include,,,excluded_out_of_scope_or_false_positive,,"Mudskipper/tetrapod blinking videos address evolutionary transition and nonclinical behavior, outside strict scope.",scope_screen_c,https://doi.org/10.5061/dryad.sj3tx968w
10.5061/dryad.sj3tx96fq,Data from: Temporal power of a cycling sprinter: Experiments & effective time theory,"[""iris""]",exclude,,,excluded_out_of_scope_or_false_positive,,Unrelated keyword search hit; not an eye or ophthalmology data resource.,broad_screen,https://doi.org/10.5061/dryad.sj3tx96fq
10.5061/dryad.sm12c,Data from: Genetic basis for red coloration in birds,"[""retina""]",exclude,,,excluded_out_of_scope_or_false_positive,,Unrelated keyword search hit; not an eye or ophthalmology data resource.,broad_screen,https://doi.org/10.5061/dryad.sm12c
10.5061/dryad.sn02v6x2x,Data from: Corneal laser procedure for vision improvement in patients with late stage dry age-related macular degeneration,"[""\""slit lamp\"""", ""corneal"", ""macular"", ""retinal""]",include,,,included_new_record,dryad_sn02v6x2x,Human corneal-laser outcomes in AMD are direct ophthalmic clinical data.,scope_screen_c,https://doi.org/10.5061/dryad.sn02v6x2x
10.5061/dryad.sn42f,Data from: Colour misbinding during motion rivalry,"[""retinal""]",exclude,,,excluded_out_of_scope_or_false_positive,,Unrelated keyword search hit; not an eye or ophthalmology data resource.,broad_screen,https://doi.org/10.5061/dryad.sn42f
10.5061/dryad.sn69s,"Data from: Image based modelling of lateral magma flow: the Basement Sill, Antarctica","[""orbit""]",exclude,,,excluded_out_of_scope_or_false_positive,,Unrelated keyword search hit; not an eye or ophthalmology data resource.,broad_screen,https://doi.org/10.5061/dryad.sn69s
10.5061/dryad.sqv9s4nhj,Data from: Evaluating the roles of signaling and camouflage in the evolution of iris color in <em>Tyranni</em> passerines,"[""iris""]",include,,,excluded_out_of_scope_or_false_positive,,"Passerine iris-color evolution is comparative ecology/evolution, not an ophthalmic resource.",scope_screen_c,https://doi.org/10.5061/dryad.sqv9s4nhj
10.5061/dryad.stqjq2c0j,"Lesion evolution and neurodegeneration in RVCL-S, a monogenic microvasculopathy","[""retinal""]",exclude,,,excluded_out_of_scope_or_false_positive,,Unrelated keyword search hit; not an eye or ophthalmology data resource.,broad_screen,https://doi.org/10.5061/dryad.stqjq2c0j
10.5061/dryad.sxksn036z,Centroid values of aerosol optical properties for 8 sub-types based in AERONET inversion data (1993–2018),"[""iris""]",exclude,,,excluded_out_of_scope_or_false_positive,,Unrelated keyword search hit; not an eye or ophthalmology data resource.,broad_screen,https://doi.org/10.5061/dryad.sxksn036z
10.5061/dryad.t0p2f2c,Data from: Cardinalfishes (Apogonidae) show visual system adaptations typical of nocturnally and diurnally active fish,"[""retina"", ""retinal""]",include,,,excluded_out_of_scope_or_false_positive,,"Cardinalfish visual-system adaptation data are comparative ecology/evolution, outside strict scope.",scope_screen_c,https://doi.org/10.5061/dryad.t0p2f2c
10.5061/dryad.t1g1jwt3r,Representations of color and form in mouse visual cortex,"[""retina""]",exclude,,,excluded_out_of_scope_or_false_positive,,Vision/behaviour search hit without direct ocular or ophthalmic data in the repository metadata.,broad_screen,https://doi.org/10.5061/dryad.t1g1jwt3r
10.5061/dryad.t4b8gtj77,Data from: An essential experimental control for functional connectivity mapping with optogenetics,"[""retinal""]",exclude,,,excluded_out_of_scope_or_false_positive,,Unrelated keyword search hit; not an eye or ophthalmology data resource.,broad_screen,https://doi.org/10.5061/dryad.t4b8gtj77
10.5061/dryad.t6dg1,Data from: Misuse of bird digital distribution maps creates reversed spatial diversity patterns in the Amazon,"[""iris""]",exclude,,,excluded_out_of_scope_or_false_positive,,Unrelated keyword search hit; not an eye or ophthalmology data resource.,broad_screen,https://doi.org/10.5061/dryad.t6dg1
10.5061/dryad.t749b,Data from: Are flatfishes (Pleuronectiformes) monophyletic?,"[""ocular""]",exclude,,,excluded_out_of_scope_or_false_positive,,Unrelated keyword search hit; not an eye or ophthalmology data resource.,broad_screen,https://doi.org/10.5061/dryad.t749b
10.5061/dryad.t8011,Data from: Real-time modulation of perceptual eye dominance in humans,"[""ocular""]",include,,,excluded_insufficient_reusable_ophthalmic_data,,"Single small workbook is article-level perceptual source data, not a standalone ocular research resource.",strict_screen_c,https://doi.org/10.5061/dryad.t8011
10.5061/dryad.t960f,Data from: Determination of the genetic architecture underlying short wavelength sensitivity in Lake Malawi cichlids,"[""retina""]",include,,,excluded_insufficient_reusable_ophthalmic_data,,Two small derived gene-expression tables are paper support rather than a reusable ocular resource.,strict_screen_c,https://doi.org/10.5061/dryad.t960f
10.5061/dryad.t9n4n3p,"An investigation of antihypertensive class, dementia, and cognitive decline","[""iris""]",exclude,,,excluded_out_of_scope_or_false_positive,,Unrelated keyword search hit; not an eye or ophthalmology data resource.,broad_screen,https://doi.org/10.5061/dryad.t9n4n3p
10.5061/dryad.tb2rbp0cq,Serial block face scanning electron micrographs of mouse outer retina,"[""retina""]",include,,,included_new_record,dryad_tb2rbp0cq,Serial block-face images are directly reusable mouse outer-retina ultrastructure data.,scope_screen_c,https://doi.org/10.5061/dryad.tb2rbp0cq
10.5061/dryad.tdz08kq4d,Descending neurons of the hoverfly respond to pursuits of artificial targets ,"[""\""visual field\""""]",exclude,,,excluded_out_of_scope_or_false_positive,,Unrelated keyword search hit; not an eye or ophthalmology data resource.,broad_screen,https://doi.org/10.5061/dryad.tdz08kq4d
10.5061/dryad.tdz08kq8t,"Sphingosine-1-phosphate signaling regulates the ability of Müller glia to become neurogenic, proliferating progenitor-like cells","[""retina"", ""retinal""]",include,,,included_new_record,dryad_tdz08kq8t,Chick Müller-glia single-cell data directly support retinal regeneration biology.,scope_screen_c,https://doi.org/10.5061/dryad.tdz08kq8t
10.5061/dryad.tdz08kqb1,Data from: Unravelling the difference in craniofacial morphology of Yucatan miniature and standard pigs during postnatal ontogeny,"[""orbit""]",exclude,,,excluded_out_of_scope_or_false_positive,,Unrelated keyword search hit; not an eye or ophthalmology data resource.,broad_screen,https://doi.org/10.5061/dryad.tdz08kqb1
10.5061/dryad.th8334d,Data from: Evolutionary signatures of photoreceptor transmutation in geckos reveal potential adaptation and convergence with snakes,"[""retina"", ""retinal""]",include,,,excluded_out_of_scope_or_false_positive,,"Gecko photoreceptor transmutation study is evolutionary comparison rather than disease, imaging, or translational retinal biology.",scope_screen_c,https://doi.org/10.5061/dryad.th8334d
10.5061/dryad.tht76hf0c,Dataset for RSOS-211108,"[""corneal""]",exclude,dryad_cornea_oct_pentacam,exact_duplicate,existing_catalog_record,,Exact Dryad DOI already cataloged as dryad_cornea_oct_pentacam.,broad_screen_exact_catalog_doi_match,https://doi.org/10.5061/dryad.tht76hf0c
10.5061/dryad.tht76hf10,Deep sequencing data for document titled: Rolling circle RNA synthesis catalysed by RNA,"[""orbit""]",exclude,,,excluded_out_of_scope_or_false_positive,,Unrelated keyword search hit; not an eye or ophthalmology data resource.,broad_screen,https://doi.org/10.5061/dryad.tht76hf10
10.5061/dryad.tht76hfc8,Engineered virus-like particles for transient delivery of prime editor ribonucleoprotein complexes in vivo,"[""retina"", ""retinal""]",exclude,,,excluded_out_of_scope_or_false_positive,,Unrelated keyword search hit; not an eye or ophthalmology data resource.,broad_screen,https://doi.org/10.5061/dryad.tht76hfc8
10.5061/dryad.tmpg4f4vb,Effects of capsular tension ring on surgical outcomes of premium intraocular lens in patients with suspected zonular weakness,"[""\""anterior segment\"""", ""\""optical coherence tomography\""""]",include,,,included_new_record,dryad_tmpg4f4vb,Human cataract IOL surgical outcomes are direct ophthalmic clinical data.,scope_screen_c,https://doi.org/10.5061/dryad.tmpg4f4vb
10.5061/dryad.tmpg4f5f9,Data from: Spatial biases in visual feature representation of mouse dorsal lateral geniculate nucleus boutons,"[""retina"", ""retinal""]",exclude,,,excluded_out_of_scope_or_false_positive,,Unrelated keyword search hit; not an eye or ophthalmology data resource.,broad_screen,https://doi.org/10.5061/dryad.tmpg4f5f9
10.5061/dryad.tn70pf1,Data from: Shortwave sand transport in the shallow surf zone,"[""orbit""]",exclude,,,excluded_out_of_scope_or_false_positive,,Unrelated keyword search hit; not an eye or ophthalmology data resource.,broad_screen,https://doi.org/10.5061/dryad.tn70pf1
10.5061/dryad.tp24j18,Data from: Response to short-term deprivation of the human adult visual cortex measured with 7T BOLD,"[""ocular""]",exclude,,,excluded_out_of_scope_or_false_positive,,Vision/behaviour search hit without direct ocular or ophthalmic data in the repository metadata.,broad_screen,https://doi.org/10.5061/dryad.tp24j18
10.5061/dryad.tq0gt,Data from: Using hidden Markov models to improve quantifying physical activity in accelerometer data – a simulation study,"[""iris""]",exclude,,,excluded_out_of_scope_or_false_positive,,Unrelated keyword search hit; not an eye or ophthalmology data resource.,broad_screen,https://doi.org/10.5061/dryad.tq0gt
10.5061/dryad.tq63tp2,"Data from: Metabolism and foraging strategies of mid-latitude mesozooplankton during cyanobacterial blooms as revealed by fatty acids, amino acids and their stable carbon isotopes","[""iris""]",exclude,,,excluded_out_of_scope_or_false_positive,,Unrelated keyword search hit; not an eye or ophthalmology data resource.,broad_screen,https://doi.org/10.5061/dryad.tq63tp2
10.5061/dryad.tqjq2bw21,"Optomotor response (eye movment) and avoidance responses (locomotor activity) of crabs Neohelice granulata for LP-lesioned, control lesioned and control crabs","[""retina""]",include,,,excluded_out_of_scope_or_false_positive,,Crab locomotor tracking lacks ocular measurements and the source videos are absent; visual-keyword collision.,strict_screen_c,https://doi.org/10.5061/dryad.tqjq2bw21
10.5061/dryad.tqjq2bwbj,Data from: Engineered nucleocytosolic vehicles for loading of programmable editors,"[""retinal""]",exclude,,,excluded_out_of_scope_or_false_positive,,Unrelated keyword search hit; not an eye or ophthalmology data resource.,broad_screen,https://doi.org/10.5061/dryad.tqjq2bwbj
10.5061/dryad.tqjq2bwc6,Data from: Emergent Rashba spin-orbit coupling in bulk gold with buried network of nanoscale interfaces,"[""orbit""]",exclude,,,excluded_out_of_scope_or_false_positive,,"Physics, astronomy, or software use of ?orbit?; not an ocular-orbit resource.",broad_screen,https://doi.org/10.5061/dryad.tqjq2bwc6
10.5061/dryad.tx95x6b4m,Data of top 50 most cited articles about COVID-19 and the complications of COVID-19,"[""ophthalmology""]",exclude,,,excluded_out_of_scope_or_false_positive,,Unrelated keyword search hit; not an eye or ophthalmology data resource.,broad_screen,https://doi.org/10.5061/dryad.tx95x6b4m
10.5061/dryad.v15dv41vz,Attention and distraction in the modular visual system of a jumping spider,"[""retinal""]",exclude,,,excluded_out_of_scope_or_false_positive,,Vision/behaviour search hit without direct ocular or ophthalmic data in the repository metadata.,broad_screen,https://doi.org/10.5061/dryad.v15dv41vz
10.5061/dryad.v18jj97,"Data from: Flow, flux and feeding in freshwater mussels","[""iris""]",exclude,,,excluded_out_of_scope_or_false_positive,,Unrelated keyword search hit; not an eye or ophthalmology data resource.,broad_screen,https://doi.org/10.5061/dryad.v18jj97
10.5061/dryad.v2n78h0,Data from: Losing the trait without losing the signal: evolutionary shifts in communicative colour signalling,"[""retina""]",exclude,,,excluded_out_of_scope_or_false_positive,,Unrelated keyword search hit; not an eye or ophthalmology data resource.,broad_screen,https://doi.org/10.5061/dryad.v2n78h0
10.5061/dryad.v3s00,Data from: The evolution of complexity in the visual systems of stomatopods: insights from transcriptomics,"[""retina""]",include,,,excluded_insufficient_reusable_ophthalmic_data,,Small opsin contig supplement does not establish a separately reusable ocular research object.,strict_screen_c,https://doi.org/10.5061/dryad.v3s00
10.5061/dryad.v41ns1s3p,Landscape diversity is correlated with satellite-sensed primary productivity in North America,"[""iris""]",exclude,,,excluded_out_of_scope_or_false_positive,,Unrelated keyword search hit; not an eye or ophthalmology data resource.,broad_screen,https://doi.org/10.5061/dryad.v41ns1s3p
10.5061/dryad.v4455hc,Data from: Systematic review on barriers and enablers for access to diabetic retinopathy screening services in different income settings,"[""\""diabetic retinopathy\"""", ""\""retinal image\"""", ""retinal""]",exclude,,,excluded_insufficient_reusable_ophthalmic_data,,"Paper, review, or software/code release without a distinct reusable eye-data resource.",broad_screen,https://doi.org/10.5061/dryad.v4455hc
10.5061/dryad.v6st3,Data from: From cellular characteristics to disease diagnosis: uncovering phenotypes with supercells,"[""ocular""]",exclude,,,excluded_out_of_scope_or_false_positive,,Unrelated keyword search hit; not an eye or ophthalmology data resource.,broad_screen,https://doi.org/10.5061/dryad.v6st3
10.5061/dryad.v6wwpzgs5,‘The last channel’:  Vision at the temporal margin of the field,"[""\""visual field\"""", ""retina""]",include,,,excluded_out_of_scope_or_false_positive,,Human peripheral-vision psychophysics is not ophthalmology or ocular data under the catalog boundary.,strict_screen_c,https://doi.org/10.5061/dryad.v6wwpzgs5
10.5061/dryad.v6wwpzh1b,Data from: Micropulse transscleral cyclophotocoagulation results in secondary glaucoma,"[""glaucoma""]",include,,,included_new_record,dryad_v6wwpzh1b,Human secondary-glaucoma treatment outcomes are direct ophthalmic clinical data.,scope_screen_c,https://doi.org/10.5061/dryad.v6wwpzh1b
10.5061/dryad.v6wwpzh23,"Supporting materials and data from: Hypotheses concerning global magnetospheric convection, magnetosphere-Ionosphere coupling, and auroral activity at Uranus","[""orbit""]",exclude,,,excluded_out_of_scope_or_false_positive,,Unrelated keyword search hit; not an eye or ophthalmology data resource.,broad_screen,https://doi.org/10.5061/dryad.v6wwpzh23
10.5061/dryad.v9p0b,Data from: Retinal capillary rarefaction in patients with untreated mild-moderate hypertension,"[""iris"", ""retinal""]",include,,,included_new_record,dryad_v9p0b,Human retinal-capillary measurements are directly reusable retinal vascular clinical data.,scope_screen_c,https://doi.org/10.5061/dryad.v9p0b
10.5061/dryad.vhhmgqnvf,Multiple sequence alignments and phylogenetic trees from: Co-option of the limb patterning program in cephalopod eye development,"[""retina""]",include,,,excluded_out_of_scope_or_false_positive,,Phylogenetic/alignment supplement for cephalopod development is not a standalone ocular data resource.,strict_screen_c,https://doi.org/10.5061/dryad.vhhmgqnvf
10.5061/dryad.vhhmgqp2c,Data from: Light environment and seasonal variation in the visual system of the red shiner (Cyprinella lutrensis),"[""ocular""]",include,,,excluded_out_of_scope_or_false_positive,,Red-shiner visual-system adaptation data are comparative ecology/evolution outside the strict boundary.,scope_screen_c,https://doi.org/10.5061/dryad.vhhmgqp2c
10.5061/dryad.vk62410,Data from: Epidemiology of NMOSD in Sweden from 1987-2013: a nationwide population-based study,"[""ophthalmology""]",exclude,,,excluded_out_of_scope_or_false_positive,,Unrelated keyword search hit; not an eye or ophthalmology data resource.,broad_screen,https://doi.org/10.5061/dryad.vk62410
10.5061/dryad.vp825,Data from: Lateralization in alpha-band oscillations predicts the locus and spatial distribution of attention,"[""\""visual field\""""]",exclude,,,excluded_out_of_scope_or_false_positive,,Unrelated keyword search hit; not an eye or ophthalmology data resource.,broad_screen,https://doi.org/10.5061/dryad.vp825
10.5061/dryad.vq83bk3s8,Spatially displaced excitation contributes to the encoding of interrupted motion by the retinal direction-selective circuit,"[""retina"", ""retinal""]",include,,,included_new_record,dryad_vq83bk3s8,Mouse retinal direction-selective circuit recordings are directly reusable retinal-biology data.,scope_screen_c,https://doi.org/10.5061/dryad.vq83bk3s8
10.5061/dryad.vq83bk3z8,Imaging dataset from: Longitudinal tracking of acute kidney injury reveals injury propagation along the nephron,"[""iris""]",exclude,,,excluded_out_of_scope_or_false_positive,,Unrelated keyword search hit; not an eye or ophthalmology data resource.,broad_screen,https://doi.org/10.5061/dryad.vq83bk3z8
10.5061/dryad.vq83bk429,Data and code from: 3D-SOCS: synchronized video capture for posture estimation,"[""\""visual field\""""]",exclude,,,excluded_insufficient_reusable_ophthalmic_data,,"Paper, review, or software/code release without a distinct reusable eye-data resource.",broad_screen,https://doi.org/10.5061/dryad.vq83bk429
10.5061/dryad.vq83bk46x,The oral and lower airway microbiota and coronary heart disease in COPD patients and controls,"[""angiography""]",exclude,,,excluded_out_of_scope_or_false_positive,,Unrelated keyword search hit; not an eye or ophthalmology data resource.,broad_screen,https://doi.org/10.5061/dryad.vq83bk46x
10.5061/dryad.vx0k6djwf,Amacrine cells differentially balance zebrafish colour circuits in the central and peripheral retina,"[""retina"", ""retinal""]",include,,,included_new_record,dryad_vx0k6djwf,Zebrafish amacrine-cell recordings are directly reusable inner-retina biology data.,scope_screen_c,https://doi.org/10.5061/dryad.vx0k6djwf
10.5061/dryad.vx0k6dk1k,Mars Reconnaissance Orbiter (MRO) Mars Color Imager (MARCI) north seasonal cap original movies Mars years 28 to 35,"[""orbit""]",exclude,,,excluded_out_of_scope_or_false_positive,,Unrelated keyword search hit; not an eye or ophthalmology data resource.,broad_screen,https://doi.org/10.5061/dryad.vx0k6dk1k
10.5061/dryad.vx0k6dk5m,Data from: Gene flow blurs species boundaries in the <em>Juncus ensifolius</em> – <em>saximontanus</em> (Poales: Juncaceae) species complex,"[""iris""]",exclude,,,excluded_out_of_scope_or_false_positive,,Unrelated keyword search hit; not an eye or ophthalmology data resource.,broad_screen,https://doi.org/10.5061/dryad.vx0k6dk5m
10.5061/dryad.w0vt4b8n3,Fovea-like photoreceptor specialisations underlie single UV-cone driven prey capture behaviour in zebrafish,"[""\""visual field\"""", ""retinal""]",include,,,excluded_insufficient_reusable_ophthalmic_data,,Only a single Tau-results spreadsheet is deposited; no standalone imaging/omics resource is supplied.,strict_screen_c,https://doi.org/10.5061/dryad.w0vt4b8n3
10.5061/dryad.w0vt4b8w1,Evolution along allometric lines of least resistance: Morphological differentiation in Pristurus geckos,"[""iris""]",exclude,,,excluded_out_of_scope_or_false_positive,,Unrelated keyword search hit; not an eye or ophthalmology data resource.,broad_screen,https://doi.org/10.5061/dryad.w0vt4b8w1
10.5061/dryad.w0vt4b91w,Data and code from: Head-mounted surgical robots are an enabling technology for subretinal injections,"[""ophthalmology"", ""retina"", ""retinal""]",exclude,dryad_subretinal_robot,exact_duplicate,existing_catalog_record,,Exact Dryad DOI already cataloged as dryad_subretinal_robot.,broad_screen_exact_catalog_doi_match,https://doi.org/10.5061/dryad.w0vt4b91w
10.5061/dryad.w3r2280tq,The power of vision: Calibration of auditory space after sight restoration from congenital cataracts,"[""cataract""]",include,,,excluded_out_of_scope_or_false_positive,,Auditory-space calibration is not an ocular resource; cataract history is contextual only.,strict_screen_c,https://doi.org/10.5061/dryad.w3r2280tq
10.5061/dryad.w3r228143,Photoreceptor loss does not recruit neutrophils despite strong microglial activation,"[""retina"", ""retinal""]",include,,,included_new_record,dryad_w3r228143,Photoreceptor-loss microscopy directly supports retinal-degeneration and ocular-inflammation mechanisms.,scope_screen_c,https://doi.org/10.5061/dryad.w3r228143
10.5061/dryad.wdbrv15kp,Data from: A snapping shrimp has the fastest vision of any aquatic animal,"[""retina""]",exclude,,,excluded_out_of_scope_or_false_positive,,Unrelated keyword search hit; not an eye or ophthalmology data resource.,broad_screen,https://doi.org/10.5061/dryad.wdbrv15kp
10.5061/dryad.wdbrv15rj,Natural disease history of a canine model of oligogenic RPGRIP1-cone-rod dystrophy establishes variable effects of previously and newly mapped modifier loci,"[""\""optical coherence tomography\"""", ""retinal""]",include,,,included_new_record,dryad_wdbrv15rj,Canine cone-rod-dystrophy sequencing directly supports inherited retinal-disease mechanism research.,scope_screen_c,https://doi.org/10.5061/dryad.wdbrv15rj
10.5061/dryad.wm37pvmq8,Raw data for the article: A Cryptochrome adopts distinct moon- and sunlight states and functions as sun- versus moonlight interpreter in monthly oscillator entrainment,"[""ocular""]",exclude,,,excluded_out_of_scope_or_false_positive,,Unrelated keyword search hit; not an eye or ophthalmology data resource.,broad_screen,https://doi.org/10.5061/dryad.wm37pvmq8
10.5061/dryad.wpzgmsbnb,"Win some, lose some: mesocosm communities maintain community productivity despite lower phosphorus availability because of increased species diversity","[""iris""]",exclude,,,excluded_out_of_scope_or_false_positive,,Unrelated keyword search hit; not an eye or ophthalmology data resource.,broad_screen,https://doi.org/10.5061/dryad.wpzgmsbnb
10.5061/dryad.wstqjq2n5,Data from: Spectral inference reveals principal cone-integration rules of the zebrafish inner retina,"[""retina"", ""retinal""]",include,,,included_new_record,dryad_wstqjq2n5,Zebrafish bipolar-cell traces are directly reusable inner-retina physiology data.,scope_screen_c,https://doi.org/10.5061/dryad.wstqjq2n5
10.5061/dryad.wstqjq2vg,CO and H2S-adsorbed 1D AlSi structures for gas sensing applications,"[""orbit""]",exclude,,,excluded_out_of_scope_or_false_positive,,Unrelated keyword search hit; not an eye or ophthalmology data resource.,broad_screen,https://doi.org/10.5061/dryad.wstqjq2vg
10.5061/dryad.wwpzgmssx,Comprehensive study for SNARE involved in the post-Golgi transport in Drosophila photoreceptors,"[""retina""]",include,,,excluded_insufficient_reusable_ophthalmic_data,,"Deposit contains plasmid/construct files and README only; code/materials deposit, not ocular data.",strict_screen_c,https://doi.org/10.5061/dryad.wwpzgmssx
10.5061/dryad.x0k6djhf8,In the corner of the eye: camouflaging motion in the peripheral visual field,"[""\""visual field\"""", ""retina""]",include,,,excluded_out_of_scope_or_false_positive,,Peripheral-vision behavioral data are not ophthalmology or ocular data under the catalog boundary.,strict_screen_c,https://doi.org/10.5061/dryad.x0k6djhf8
10.5061/dryad.x0k6djhrk,Phylogenetic and recombination analysis of adenovirus isolates reveals discordance between serotype and phylogeny:  Multiple sequence alignments,"[""ocular""]",exclude,,,excluded_out_of_scope_or_false_positive,,Unrelated keyword search hit; not an eye or ophthalmology data resource.,broad_screen,https://doi.org/10.5061/dryad.x0k6djhrk
10.5061/dryad.x3ffbg7dz,Data from: Induced phenological avoidance: a neglected defense mechanism against seed predation in plants,"[""iris""]",exclude,,,excluded_out_of_scope_or_false_positive,,Unrelated keyword search hit; not an eye or ophthalmology data resource.,broad_screen,https://doi.org/10.5061/dryad.x3ffbg7dz
10.5061/dryad.x3ffbg7nn,"Progress in understanding middle Eocene nassellarian (Radiolaria, Polycystinea) diversity; new insights from the western equatorial Atlantic Ocean","[""orbit""]",exclude,,,excluded_out_of_scope_or_false_positive,,Unrelated keyword search hit; not an eye or ophthalmology data resource.,broad_screen,https://doi.org/10.5061/dryad.x3ffbg7nn
10.5061/dryad.x3ffbg7wt,"Data from: Taxonomic corrections and new records for vascular plants of Kyrgyzstan, 6","[""iris""]",exclude,,,excluded_out_of_scope_or_false_positive,,Unrelated keyword search hit; not an eye or ophthalmology data resource.,broad_screen,https://doi.org/10.5061/dryad.x3ffbg7wt
10.5061/dryad.x69p8czhv,eNOS/NO and their role in modifying the vascular barrier in retinopathy - Source data,"[""ocular"", ""retinal""]",include,,,excluded_insufficient_reusable_ophthalmic_data,,"Figure-by-figure source-data workbooks are article support, not a distinct reusable ocular resource.",strict_screen_c,https://doi.org/10.5061/dryad.x69p8czhv
10.5061/dryad.x95x69pmq,Robust cone-mediated signaling persists late into rod photoreceptor degeneration,"[""retinal""]",include,,,included_new_record,dryad_x95x69pmq,Raw rod-degeneration microscopy directly supports retinal-degeneration mechanisms.,scope_screen_c,https://doi.org/10.5061/dryad.x95x69pmq
10.5061/dryad.xd2547dkc,Flash sequence duration,"[""retinal""]",exclude,,,excluded_out_of_scope_or_false_positive,,Unrelated keyword search hit; not an eye or ophthalmology data resource.,broad_screen,https://doi.org/10.5061/dryad.xd2547dkc
10.5061/dryad.xgxd254d1,Systemic paralogy and function of retinal determination network homologs in arachnids,"[""retinal""]",include,,,excluded_out_of_scope_or_false_positive,,"Arachnid retinal-determination study is evolutionary developmental comparison, not a translational ocular biology resource.",scope_screen_c,https://doi.org/10.5061/dryad.xgxd254d1
10.5061/dryad.xgxd254pk,"Supporting information for: Discrimination ability of central visual field testing using stimulus size I, II, and III and relationship with macular ganglion cell thickness in chiasmal compression","[""\""optical coherence tomography\"""", ""\""visual field\"""", ""macular"", ""perimetry""]",include,,,included_new_record,dryad_xgxd254pk,Human visual-field and macular-ganglion-cell thickness measurements are direct ophthalmic clinical data.,scope_screen_c,https://doi.org/10.5061/dryad.xgxd254pk
10.5061/dryad.xgxd254w6,Data from: Photodynamic therapy with infracyanine green induces keratocyte depopulation in the normal equine cornea,"[""cornea"", ""corneal"", ""ocular"", ""ophthalmic"", ""ophthalmology""]",include,,,excluded_insufficient_reusable_ophthalmic_data,,"Three small experimental result tables are article support, without a broader reusable ocular research object.",strict_screen_c,https://doi.org/10.5061/dryad.xgxd254w6
10.5061/dryad.xpnvx0kb6,"Data from: Oxidative stress in the retina and retinal pigment epithelium (RPE): role of aging, and DJ-1","[""retina"", ""retinal""]",include,,,included_new_record,dryad_xpnvx0kb6,Retina/RPE oxidative-stress microscopy is directly reusable retinal-degeneration biology data.,scope_screen_c,https://doi.org/10.5061/dryad.xpnvx0kb6
10.5061/dryad.xsj3tx9gx,"Datasets for neuronal imaging, extracellular recordings and behavioral rig code","[""retina"", ""retinal""]",exclude,,,excluded_out_of_scope_or_false_positive,,Unrelated keyword search hit; not an eye or ophthalmology data resource.,broad_screen,https://doi.org/10.5061/dryad.xsj3tx9gx
10.5061/dryad.xwdbrv1f6,"Ecological specialization, rather than the island effect, explains morphological diversification in an ancient radiation of geckos","[""iris""]",exclude,,,excluded_out_of_scope_or_false_positive,,Unrelated keyword search hit; not an eye or ophthalmology data resource.,broad_screen,https://doi.org/10.5061/dryad.xwdbrv1f6
10.5061/dryad.xwdbrv1jh,"The conservation genetics of Iris lacustris (Dwarf Lake Iris), a Great Lakes endemic","[""iris""]",exclude,,,excluded_out_of_scope_or_false_positive,,Plant genus Iris search collision; not an ocular resource.,broad_screen,https://doi.org/10.5061/dryad.xwdbrv1jh
10.5061/dryad.xwdbrv1kd,GTPBP2 in-frame deletion in a canine model with progressive retinal degeneration,"[""retinal""]",include,,,included_new_record,dryad_xwdbrv1kd,Canine progressive-retinal-degeneration sequencing directly supports inherited retinal-disease research.,scope_screen_c,https://doi.org/10.5061/dryad.xwdbrv1kd
10.5061/dryad.xwdbrv1tn,Diagnostic capability of ganglion cell complex thickness via spectral domain optical coherence tomography in glaucoma,"[""\""optical coherence tomography\"""", ""corneal"", ""glaucoma"", ""macular"", ""ophthalmic"", ""ophthalmology"", ""retinal""]",exclude,dryad_gcc_glaucoma,exact_duplicate,existing_catalog_record,,Exact Dryad DOI already cataloged as dryad_gcc_glaucoma.,broad_screen_exact_catalog_doi_match,https://doi.org/10.5061/dryad.xwdbrv1tn
10.5061/dryad.z08kprrg3,"Data from: Feeding ecology of <em>Ellochelon vaigiensis</em> (Quoy &amp; Gaimard, 1825) living in the Mekong Delta, Vietnam","[""iris""]",exclude,,,excluded_out_of_scope_or_false_positive,,Unrelated keyword search hit; not an eye or ophthalmology data resource.,broad_screen,https://doi.org/10.5061/dryad.z08kprrg3
10.5061/dryad.z08kprrk3,Data from: A naturally occurring canine model of syndromic congenital microphthalmia ,"[""ocular""]",include,,,included_new_record,dryad_z08kprrk3,Canine congenital microphthalmia sequencing/GWAS directly supports ocular developmental-disease mechanism research.,scope_screen_c,https://doi.org/10.5061/dryad.z08kprrk3
10.5061/dryad.z08kprrk6,Frameshift variant in AMPD2 in Cirneco dell’ Etna with retinopathy and tremors,"[""retina"", ""retinal""]",include,,,included_new_record,dryad_z08kprrk6,Canine inherited retinopathy sequencing directly supports retinal disease mechanisms.,scope_screen_c,https://doi.org/10.5061/dryad.z08kprrk6
10.5061/dryad.z08kprrm1,Data from: Quantifying a light-induced energetic change in bacteriorhodopsin by force spectroscopy,"[""retinal""]",exclude,,,excluded_out_of_scope_or_false_positive,,Unrelated keyword search hit; not an eye or ophthalmology data resource.,broad_screen,https://doi.org/10.5061/dryad.z08kprrm1
10.5061/dryad.z612jm67f,Feeding behaviour is the main driver for microparticle intake in mangrove crabs,"[""iris""]",exclude,,,excluded_out_of_scope_or_false_positive,,Unrelated keyword search hit; not an eye or ophthalmology data resource.,broad_screen,https://doi.org/10.5061/dryad.z612jm67f
10.5061/dryad.z612jm68q,Chemical-genetic interrogation of RNA polymerase mutants reveals structure-function relationships and physiological tradeoffs ,"[""iris""]",exclude,,,excluded_out_of_scope_or_false_positive,,Unrelated keyword search hit; not an eye or ophthalmology data resource.,broad_screen,https://doi.org/10.5061/dryad.z612jm68q
10.5061/dryad.z8w9ghx9c,Accuracy of intraocular lens calculation formulas in cataract patients with steep corneal curvature,"[""cataract"", ""cornea"", ""corneal""]",include,,,included_new_record,dryad_z8w9ghx9c,Human IOL-calculation cohort is direct cataract-surgery ocular-biometry data.,scope_screen_c,https://doi.org/10.5061/dryad.z8w9ghx9c
10.5061/dryad.z8w9ghx9f,Inflation test on eye globe for: Experimental evaluation of stiffening effect induced by UVA/riboflavin corneal cross-linking using intact porcine eye globes,"[""cornea"", ""corneal""]",include,,,included_new_record,dryad_z8w9ghx9f,Porcine corneal cross-linking inflation measurements are directly reusable ocular-surgery biomechanics data.,scope_screen_c,https://doi.org/10.5061/dryad.z8w9ghx9f
10.5061/dryad.z8w9ghxpp,ApoM-bound S1P acts via endothelial S1PR1 to suppress choroidal neovascularization and vascular leak,"[""macular""]",include,,,included_new_record,dryad_z8w9ghxpp,Experimental choroidal-neovascularization images and quantification directly support retinal vascular disease mechanisms.,scope_screen_c,https://doi.org/10.5061/dryad.z8w9ghxpp
10.5061/dryad.z8w9ghxs8,Exact kinetic propagators for coherent state complex Langevin simulations,"[""orbit""]",exclude,,,excluded_out_of_scope_or_false_positive,,Unrelated keyword search hit; not an eye or ophthalmology data resource.,broad_screen,https://doi.org/10.5061/dryad.z8w9ghxs8
10.5061/dryad.zcrjdfngp,Data from: Behavior shapes retinal motion statistics during natural locomotion,"[""\""visual field\"""", ""retinal""]",include,,,excluded_out_of_scope_or_false_positive,,The package omits raw eye-tracking data and addresses general locomotor retinal-motion statistics rather than an ophthalmic resource.,deferred_resolution,https://doi.org/10.5061/dryad.zcrjdfngp
10.5061/dryad.zcrjdfnpb,Data from: Plasticity in hydraulic architecture: Riparian trees respond to increased temperatures with genotype-specific adjustments to leaf traits,"[""iris""]",exclude,,,excluded_out_of_scope_or_false_positive,,Unrelated keyword search hit; not an eye or ophthalmology data resource.,broad_screen,https://doi.org/10.5061/dryad.zcrjdfnpb
10.5061/dryad.zkh18938j,Data from: Integration of genomics and transcriptomics predicts diabetic retinopathy susceptibility genes,"[""\""diabetic retinopathy\""""]",include,,,excluded_insufficient_reusable_ophthalmic_data,,"Two Figure 3 source-data files are article-level derived results, not a standalone reusable retinal-omics resource.",strict_screen_c,https://doi.org/10.5061/dryad.zkh18938j
10.5061/dryad.zkh1893nt,Glaucoma-associated optineurin mutations increase transcellular degradation of mitochondria in a vertebrate optic nerve,"[""glaucoma"", ""retinal""]",include,,,included_new_record,dryad_zkh1893nt,Optic-nerve imaging and analysis files directly support glaucoma-related optic-nerve biology.,scope_screen_c,https://doi.org/10.5061/dryad.zkh1893nt
10.5061/dryad.zpc866tfb,Brief mindfulness coaching enhances selective attention in medical scientists: A pilot study,"[""iris""]",exclude,,,excluded_out_of_scope_or_false_positive,,Unrelated keyword search hit; not an eye or ophthalmology data resource.,broad_screen,https://doi.org/10.5061/dryad.zpc866tfb
10.5061/dryad.zpc866tfn,Data from: Rise and diversification of chondrichthyans in the Paleozoic,"[""iris""]",exclude,,,excluded_out_of_scope_or_false_positive,,Unrelated keyword search hit; not an eye or ophthalmology data resource.,broad_screen,https://doi.org/10.5061/dryad.zpc866tfn
10.5061/dryad.zs7h44jd9,Data for: Impact of alpha crystallin loss on zebrafish lens development,"[""cataract"", ""ophthalmology""]",include,,,included_new_record,dryad_zs7h44jd9,Zebrafish lens/eye micrographs directly support lens-development and cataract mechanisms.,scope_screen_c,https://doi.org/10.5061/dryad.zs7h44jd9
10.5061/dryad.zw3r2285w,Geometric  structure and electronic properties of boron-substituted silicene,"[""orbit""]",exclude,,,excluded_out_of_scope_or_false_positive,,Unrelated keyword search hit; not an eye or ophthalmology data resource.,broad_screen,https://doi.org/10.5061/dryad.zw3r2285w
10.5061/dryad.zw3r228km,Seeing in the deep: evolution of the opsin gene expression in Bermin crater lake cichlids,"[""retina"", ""retinal""]",include,,,excluded_out_of_scope_or_false_positive,,"Cichlid opsin-expression evolution is comparative ecology/evolution, outside strict scope.",scope_screen_c,https://doi.org/10.5061/dryad.zw3r228km
10.5068/d10m4s,Van Allen Probes MagEIS sensor response functions,"[""orbit""]",exclude,,,excluded_out_of_scope_or_false_positive,,Unrelated keyword search hit; not an eye or ophthalmology data resource.,broad_screen,https://doi.org/10.5068/d10m4s
10.5068/d1208q,Data from: Specifying high-altitude electrons using low-altitude LEO systems: the SHELLS model,"[""orbit""]",exclude,,,excluded_out_of_scope_or_false_positive,,Unrelated keyword search hit; not an eye or ophthalmology data resource.,broad_screen,https://doi.org/10.5068/d1208q
10.5068/d1zd5s,Single cell transcriptomic analyses reveal the impact of bHLH factors on human retinal organoid development,"[""retina"", ""retinal""]",include,,,included_new_record,dryad_d1zd5s,Human retinal-organoid single-cell matrices are directly reusable retinal developmental-biology data.,scope_screen_c,https://doi.org/10.5068/d1zd5s
10.6075/j0707ztm,Early removal of  senescent cells protects retinal ganglion cells loss in experimental ocular hypertension,"[""glaucoma"", ""ocular"", ""retinal""]",include,,,included_new_record,dryad_j0707ztm,Experimental ocular-hypertension retinal-ganglion-cell data directly support glaucoma mechanism studies.,scope_screen_c,https://doi.org/10.6075/j0707ztm
10.6078/d12d9f,Excitatory neurotransmission activates compartmentalized calcium transients in Müller glia without affecting lateral process motility,"[""retina"", ""retinal""]",include,,,included_new_record,dryad_d12d9f,Müller-glia calcium and morphology matrices directly support retinal glial biology.,scope_screen_c,https://doi.org/10.6078/d12d9f
10.6078/d1895r,Directed Evolution of AAV for Efficient Gene Delivery to Canine and Primate Retina - Raw counts of variants from deep sequencing,"[""retina"", ""retinal""]",include,,,included_new_record,dryad_d1895r,Canine/primate retinal AAV deep-sequencing counts directly support ocular gene-delivery development.,scope_screen_c,https://doi.org/10.6078/d1895r
10.6078/d18t35,"Data from: Idiosyncratic perception: a link between acuity, perceived position and apparent size","[""\""visual field\""""]",include,,,excluded_out_of_scope_or_false_positive,,General visual-perception psychophysics lacks a documented ophthalmology or ocular data object.,strict_screen_c,https://doi.org/10.6078/d18t35
10.6078/d1dx1p,Data from: Precession modulation of the South Pacific westerly wind belt  over the past million years,"[""orbit""]",exclude,,,excluded_out_of_scope_or_false_positive,,Unrelated keyword search hit; not an eye or ophthalmology data resource.,broad_screen,https://doi.org/10.6078/d1dx1p
10.6078/d1h13d,"Phylogeny of species, infraspecific taxa, and forms in Iris subgenus Xiphium (Iridaceae) that have centers of diversity in the Mediterranean Basin biodiversity hotspot","[""iris""]",exclude,,,excluded_out_of_scope_or_false_positive,,Plant genus Iris search collision; not an ocular resource.,broad_screen,https://doi.org/10.6078/d1h13d
10.6078/d1n41x,Data from: Probing lithium mobility at a solid electrolyte surface,"[""orbit""]",exclude,,,excluded_out_of_scope_or_false_positive,,Unrelated keyword search hit; not an eye or ophthalmology data resource.,broad_screen,https://doi.org/10.6078/d1n41x
10.6078/d1vb0g,Data and code associated with: Two annual cycles of the Pacific cold tongue under orbital precession,"[""orbit""]",exclude,,,excluded_out_of_scope_or_false_positive,,Unrelated keyword search hit; not an eye or ophthalmology data resource.,broad_screen,https://doi.org/10.6078/d1vb0g
10.6078/d1xt19,Simulated antihydrogen orbits in an octupole-based Minimum-B trap,"[""orbit""]",exclude,,,excluded_out_of_scope_or_false_positive,,"Physics, astronomy, or software use of ?orbit?; not an ocular-orbit resource.",broad_screen,https://doi.org/10.6078/d1xt19
10.6086/d12x00,Signature of a pair of Majorana zero modes in superconducting gold surface states,"[""orbit""]",exclude,,,excluded_out_of_scope_or_false_positive,,Unrelated keyword search hit; not an eye or ophthalmology data resource.,broad_screen,https://doi.org/10.6086/d12x00
10.7272/q6513wg4,Data for: Distinguishing externally- from saccade-induced motion in visual cortex,"[""retina""]",exclude,,,excluded_out_of_scope_or_false_positive,,Vision/behaviour search hit without direct ocular or ophthalmic data in the repository metadata.,broad_screen,https://doi.org/10.7272/q6513wg4
10.7272/q6cv4fx3,Single center series of boys with recurrent strokes and rotational vertebral arteriopathy: Supplemental Table,"[""angiography""]",exclude,,,excluded_out_of_scope_or_false_positive,,Unrelated keyword search hit; not an eye or ophthalmology data resource.,broad_screen,https://doi.org/10.7272/q6cv4fx3
10.7272/q6rf5rzx,Retinofugal projections from melanopsin-expressing retinal ganglion cells revealed by intraocular injections of Cre-dependent virus,"[""retinal""]",include,,,excluded_insufficient_reusable_ophthalmic_data,,Four paper figure images do not establish a separately reusable retinal projection resource.,strict_screen_c,https://doi.org/10.7272/q6rf5rzx
10.7272/q6rv0kz3,Asymmetric retinal direction tuning predicts optokinetic eye movements across stimulus conditions,"[""retina"", ""retinal""]",include,,,included_new_record,dryad_q6rv0kz3,"Mouse retinal circuit, eye-movement, and electrophysiology matrices directly support retinal physiology.",scope_screen_c,https://doi.org/10.7272/q6rv0kz3
10.7272/q6w37t8b,10x Lacrimal Gland scRNA seq data matrix,"[""ocular""]",include,,,included_new_record,dryad_q6w37t8b,Lacrimal-gland single-cell matrices directly support ocular-surface adnexal biology.,scope_screen_c,https://doi.org/10.7272/q6w37t8b
10.7280/d11h3x,Annual Ice Velocity of the Greenland Ice Sheet (2010-2017),"[""orbit""]",exclude,,,excluded_out_of_scope_or_false_positive,,Unrelated keyword search hit; not an eye or ophthalmology data resource.,broad_screen,https://doi.org/10.7280/d11h3x
10.7280/d1595v,Annual Ice Velocity of the Greenland Ice Sheet (2001-2010),"[""orbit""]",exclude,,,excluded_out_of_scope_or_false_positive,,Unrelated keyword search hit; not an eye or ophthalmology data resource.,broad_screen,https://doi.org/10.7280/d1595v
10.7280/d1gw91,Annual Ice Velocity of the Greenland Ice Sheet (1991-2000),"[""orbit""]",exclude,,,excluded_out_of_scope_or_false_positive,,Unrelated keyword search hit; not an eye or ophthalmology data resource.,broad_screen,https://doi.org/10.7280/d1gw91
10.7280/d1mm37,Annual Ice Velocity of the Greenland Ice Sheet (1972-1990),"[""orbit""]",exclude,,,excluded_out_of_scope_or_false_positive,,Unrelated keyword search hit; not an eye or ophthalmology data resource.,broad_screen,https://doi.org/10.7280/d1mm37
10.7291/d18x0d,Code to track coupled orbital-rotational evolution of a planet and satellite,"[""orbit""]",exclude,,,excluded_out_of_scope_or_false_positive,,"Physics, astronomy, or software use of ?orbit?; not an ocular-orbit resource.",broad_screen,https://doi.org/10.7291/d18x0d
10.7291/d1fq18,Increased frequency of extreme precipitation events in the North Atlantic during the PETM: Observations and theory ,"[""orbit""]",exclude,,,excluded_out_of_scope_or_false_positive,,Unrelated keyword search hit; not an eye or ophthalmology data resource.,broad_screen,https://doi.org/10.7291/d1fq18
10.7291/d1v10q,Population-specific vulnerability to ocean change in a multi-stressor environment,"[""iris""]",exclude,,,excluded_out_of_scope_or_false_positive,,Unrelated keyword search hit; not an eye or ophthalmology data resource.,broad_screen,https://doi.org/10.7291/d1v10q
10.7291/d1zm3n,Inferring Mimas' spatial distribution of tidal heating from its long-wavelength topography,"[""orbit""]",exclude,,,excluded_out_of_scope_or_false_positive,,Unrelated keyword search hit; not an eye or ophthalmology data resource.,broad_screen,https://doi.org/10.7291/d1zm3n
