record_id,canonical_name,primary_category,modalities,quantity_index,count,unit,scope,evidence_url,evidence_basis,primary,exactness,review_date,notes,catalog_version,catalog_search_cutoff
acrima,ACRIMA: Glaucoma Optic Disc Fundus Database,fundus,fundus,1,705,images,Primary quantity reported in the reviewed catalog source,https://figshare.com/s/c2d31f850af14c5b5232,legacy_catalog_field,True,not_assessed,2026-08-01,,0.7.0,2026-08-02
adam_challenge,ADAM — Automatic Detection of AMD Challenge,fundus,fundus,1,1200,images,Primary quantity reported in the reviewed catalog source,https://drive.google.com/file/d/1Uz5x0aqXb0aecjzNWQ4522oCxaRDZxBt/view,legacy_catalog_field,True,not_assessed,2026-08-01,,0.7.0,2026-08-02
afio_fundus_vessels,AFIO Fundus Images for Vessel Segmentation and Disease Annotation,fundus,fundus,1,100,images,Primary quantity reported in the reviewed catalog source,https://data.mendeley.com/datasets/3csr652p9y/2,legacy_catalog_field,True,not_assessed,2026-08-01,,0.7.0,2026-08-02
agar300,AGAR300 Microaneurysm Fundus Image Dataset,fundus,fundus,1,28,images,Primary quantity reported in the reviewed catalog source,https://ieee-dataport.org/open-access/diabetic-retinopathy-fundus-image-datasetagar300,legacy_catalog_field,True,not_assessed,2026-08-01,,0.7.0,2026-08-02
age_challenge,AGE — Angle-Closure Glaucoma Evaluation Challenge (AS-OCT),oct,oct,1,4800,images,Primary quantity reported in the reviewed catalog source,https://drive.google.com/file/d/1Qlkqj74SW8DJRKdYL_-ApC_0H5Z7uyvr/view,legacy_catalog_field,True,not_assessed,2026-08-01,,0.7.0,2026-08-02
airogs,AIROGS: AI for Robust Glaucoma Screening,fundus,fundus,1,113893,images,Primary quantity reported in the reviewed catalog source,https://zenodo.org/records/5793241,legacy_catalog_field,True,not_assessed,2026-08-01,,0.7.0,2026-08-02
amd_dme_3d_oct,Comprehensive 3D OCT Dataset for AMD and DME,oct,oct,1,224,volumes,Primary quantity reported in the reviewed catalog source,https://doi.org/10.6084/m9.figshare.30582035.v1,legacy_catalog_field,True,not_assessed,2026-08-01,,0.7.0,2026-08-02
amd_sd,AMD-SD: OCT Wet AMD Lesion Segmentation Dataset,oct,oct,1,3049,images,Primary quantity reported in the reviewed catalog source,https://www.kaggle.com/datasets/gaoweihao/amd-sd,legacy_catalog_field,True,not_assessed,2026-08-01,,0.7.0,2026-08-02
amdnet23,AMDNet23 Fundus Image Dataset for AMD Detection,fundus,fundus,1,2000,images,Primary quantity reported in the reviewed catalog source,https://data.mendeley.com/datasets/yj35kjgrv3/1,legacy_catalog_field,True,not_assessed,2026-08-01,,0.7.0,2026-08-02
angioreport,AngioReport Fundus Angiography Report Dataset,multimodal,fundus|fundus_angiography|text,1,55361,images,Primary quantity reported in the reviewed catalog source,https://tianchi.aliyun.com/dataset/170128,legacy_catalog_field,True,not_assessed,2026-08-01,,0.7.0,2026-08-02
anterior_segment_smile,Anterior Segment Parameters After SMILE Surgery,tabular,tabular,1,69,eyes,Source-described cohort: 69 eyes from 35 participants,https://doi.org/10.21203/rs.3.rs-8639765/v1,associated_publication,True,exact,2026-08-01,The current Mendeley v1 deposit does not expose an enumerable row count.,0.7.0,2026-08-02
anterior_segment_smile,Anterior Segment Parameters After SMILE Surgery,tabular,tabular,2,35,participants,Source-described cohort,https://doi.org/10.21203/rs.3.rs-8639765/v1,associated_publication,False,exact,2026-08-01,,0.7.0,2026-08-02
aod,AOD: Augmented Ocular Diseases Dataset,fundus,fundus,1,14813,images,Primary quantity reported in the reviewed catalog source,https://www.kaggle.com/datasets/nurmukhammed7/augemnted-ocular-diseases,legacy_catalog_field,True,not_assessed,2026-08-01,,0.7.0,2026-08-02
aptos2019,APTOS 2019 Blindness Detection,fundus,fundus,1,3662,images,Primary quantity reported in the reviewed catalog source,https://www.kaggle.com/c/aptos2019-blindness-detection,legacy_catalog_field,True,not_assessed,2026-08-01,,0.7.0,2026-08-02
aptos_arcade_onh_masks,APTOS Vascular Arcade and Optic Nerve Head Masks,fundus,fundus,1,500,images,Primary quantity reported in the reviewed catalog source,https://zenodo.org/records/20711325,legacy_catalog_field,True,not_assessed,2026-08-01,,0.7.0,2026-08-02
aroi,AROI: Annotated Retinal OCT Images Database,oct,oct,1,1136,images,Primary quantity reported in the reviewed catalog source,https://drive.google.com/file/d/10Ys4xsw81evjHewZEvqHy4Kri0my8C2S/view,legacy_catalog_field,True,not_assessed,2026-08-01,,0.7.0,2026-08-02
aroma_octa,AROMA Retinal OCTA Artifact Dataset,octa,octa,1,281,images,Primary quantity reported in the reviewed catalog source,https://doi.org/10.5281/zenodo.18258095,legacy_catalog_field,True,not_assessed,2026-08-01,,0.7.0,2026-08-02
as_oct_keratitis,AS-OCT Keratitis Segmentation Dataset,oct,oct,1,1168,images,Primary quantity reported in the reviewed catalog source,https://doi.org/10.6084/m9.figshare.c.7036994.v1,legacy_catalog_field,True,not_assessed,2026-08-01,,0.7.0,2026-08-02
bajwa_multi_eye,Bajwa Hospital Multi Eye Disease Dataset,fundus,fundus,1,300,images,Four-class image collection,https://data.mendeley.com/datasets/rgwpd4m785/3,official_source_description,True,exact,2026-08-01,,0.7.0,2026-08-02
beh,BEH: Bangladesh Eye Hospital Glaucoma Dataset,fundus,fundus,1,634,images,Primary quantity reported in the reviewed catalog source,https://drive.google.com/file/d/1YdZm-sioiAbTdBRy4oej1q6tZL8Baft7,legacy_catalog_field,True,not_assessed,2026-08-01,,0.7.0,2026-08-02
belo,BELO Benchmark for Evaluating Language Models in Ophthalmology,text,text,1,900,questions,Held-out multiple-choice benchmark,https://belo-dataset.vercel.app/,official_source_description,True,exact,2026-08-01,,0.7.0,2026-08-02
binocular_fundus_images,Binocular Fundus Image Dataset,fundus,fundus,1,2885,image_pairs,"Source reports 2,885 paired binocular fundus samples.",https://doi.org/10.6084/m9.figshare.31981557.v1,official_source_description,True,exact,2026-08-02,Source-stated quantity; repository file count is separate.,0.7.0,2026-08-02
birdshot_wide,Birdshot-WIDE Widefield Fundus Dataset,uwf_fundus,uwf_fundus,1,6352,images,Primary quantity reported in the reviewed catalog source,https://doi.org/10.5281/zenodo.19474623,legacy_catalog_field,True,not_assessed,2026-08-01,,0.7.0,2026-08-02
bmrd,Bangladesh Multi-Disease Retinal Dataset,fundus,fundus,1,1786,images,Primary quantity reported in the reviewed catalog source,https://data.mendeley.com/datasets/959whsbc6v/1,legacy_catalog_field,True,not_assessed,2026-08-01,,0.7.0,2026-08-02
brasil_glaucoma_brg,Brazil Glaucoma (BrG) Dataset,fundus,fundus,1,2000,images,"Source article reports 2,000 fundus images from 1,000 volunteers.",https://www.kaggle.com/datasets/clerimar/brasil-glaucoma-brg,official_source_description,True,exact,2026-08-02,Source-stated quantity; repository file count is separate.,0.7.0,2026-08-02
brset,BRSET: Brazilian Multilabel Ophthalmological Dataset,fundus,fundus,1,16266,images,Primary quantity reported in the reviewed catalog source,https://physionet.org/content/brazilian-ophthalmological/1.0.1/,legacy_catalog_field,True,not_assessed,2026-08-01,,0.7.0,2026-08-02
brset_mbrset_embeddings,Embedding-Based Representations for BRSET and mBRSET,tabular,tabular,1,53188,embedding_vectors,Rows across six model-specific CSV files,https://physionet.org/content/embedding-brset-mbrset/1.0.0/,derived_from_reported_components,True,exact,2026-08-01,"Two BRSET files contain 16,266 rows each and four mBRSET files contain 5,164 rows each.",0.7.0,2026-08-02
brset_mbrset_embeddings,Embedding-Based Representations for BRSET and mBRSET,tabular,tabular,2,21430,images,Distinct parent images represented by at least one embedding,https://physionet.org/content/embedding-brset-mbrset/1.0.0/,derived_from_reported_components,False,exact,2026-08-01,"This is 16,266 BRSET plus 5,164 mBRSET images; it is not a new image cohort.",0.7.0,2026-08-02
cadis,CaDIS: Cataract Dataset for Image Segmentation,surgical_video,surgical_video,1,4670,images,Primary quantity reported in the reviewed catalog source,https://cataracts-semantic-segmentation2020.grand-challenge.org/,legacy_catalog_field,True,not_assessed,2026-08-01,,0.7.0,2026-08-02
casia_iris_v4,CASIA-IrisV4 Iris Image Database,iris_biometrics,iris_biometrics,1,54601,images,Six CASIA-IrisV4 subsets,https://hycasia.github.io/dataset/casia-irisv4/,official_source_description,True,exact,2026-08-01,,0.7.0,2026-08-02
cataract,Cataract Fundus Classification Dataset,fundus,fundus,1,601,images,Primary quantity reported in the reviewed catalog source,https://www.kaggle.com/datasets/jr2ngb/cataractdataset,legacy_catalog_field,True,not_assessed,2026-08-01,,0.7.0,2026-08-02
cataract101_extended_labels,Cataract-101 Extended Labels,surgical_video,surgical_video,1,101,videos,Cataract-101 videos receiving extended labels,https://zenodo.org/records/4984167,official_source_description,True,exact,2026-08-01,,0.7.0,2026-08-02
cataract1k,Cataract-1K: Large-Scale Cataract Surgery Video Dataset,surgical_video,surgical_video,1,1000,videos,Primary quantity reported in the reviewed catalog source,https://www.synapse.org/#!Synapse:syn53404917,legacy_catalog_field,True,not_assessed,2026-08-01,,0.7.0,2026-08-02
cataract_101,Cataract-101: 101 Cataract Surgery Videos with Phase Annotations,surgical_video,surgical_video,1,101,videos,Primary quantity reported in the reviewed catalog source,https://ftp.itec.aau.at/datasets/ovid/cat-101/,legacy_catalog_field,True,not_assessed,2026-08-01,,0.7.0,2026-08-02
cataract_lmm,Cataract-LMM: Large-Scale Multi-Source Multi-Task Cataract Surgery Benchmark,surgical_video,surgical_video,1,3000,videos,Primary quantity reported in the reviewed catalog source,https://huggingface.co/datasets/mjahmadi/Cataract-LMM,legacy_catalog_field,True,not_assessed,2026-08-01,,0.7.0,2026-08-02
cataracts2017,CATARACTS 2017: Surgical Tool Detection Challenge,surgical_video,surgical_video,1,50,videos,Primary quantity reported in the reviewed catalog source,https://ieee-dataport.org/open-access/cataracts,legacy_catalog_field,True,not_assessed,2026-08-01,,0.7.0,2026-08-02
cavri,CAVRI: Computer Analysis of VitreoRetinal Interface Dataset,oct,oct,1,50,volumes,Primary quantity reported in the reviewed catalog source,https://dsp.put.poznan.pl/cavri_database-191/,legacy_catalog_field,True,not_assessed,2026-08-01,,0.7.0,2026-08-02
central_retinal_vessel_trunk_oag,Central Retinal Vessel Trunk Open-Angle Glaucoma Dataset,tabular,tabular,1,205,eyes,Source reports 205 open-angle-glaucoma eyes.,https://doi.org/10.1371/journal.pone.0158443.s001,official_source_description,True,exact,2026-08-02,Source-stated quantity; repository file count is separate.,0.7.0,2026-08-02
chaksu,CHAKSU: Multi-Device Glaucoma Fundus Dataset,fundus,fundus,1,1345,images,Primary quantity reported in the reviewed catalog source,https://doi.org/10.6084/m9.figshare.20123135,legacy_catalog_field,True,not_assessed,2026-08-01,,0.7.0,2026-08-02
chase_db1,CHASE_DB1: Child Heart and Health Study in England,fundus,fundus,1,28,images,Primary quantity reported in the reviewed catalog source,https://researchinnovation.kingston.ac.uk/en/datasets/chasedb1-retinal-vessel-reference-dataset-4/,legacy_catalog_field,True,not_assessed,2026-08-01,,0.7.0,2026-08-02
china_fundus_cimt,China Fundus and Carotid Intima-Media Thickness Dataset,fundus,fundus,1,5806,images,PNG fundus images in the current Figshare version 1 deposit,https://doi.org/10.6084/m9.figshare.27907056.v1,current_deposit_file_listing,True,exact,2026-08-02,"The complete current deposit was inspected; both source MD5 values matched and the image archive contained 5,806 PNG files.",0.7.0,2026-08-02
china_fundus_cimt,China Fundus and Carotid Intima-Media Thickness Dataset,fundus,fundus,2,2,deposited_files,Files in the current Figshare version 1 deposit,https://doi.org/10.6084/m9.figshare.27907056.v1,current_deposit_file_listing,False,exact,2026-08-02,The deposit contains one JSON metadata file and one ZIP archive.,0.7.0,2026-08-02
coph100,COph100: Comprehensive Infant Fundus Image Registration Dataset (RIDIRP),fundus,fundus,1,491,image_pairs,Registered infant fundus pairs,https://doi.org/10.6084/m9.figshare.27061084.v1,official_source_description,True,exact,2026-08-01,,0.7.0,2026-08-02
coph100,COph100: Comprehensive Infant Fundus Image Registration Dataset (RIDIRP),fundus,fundus,2,982,images,Images participating in 491 pairs,https://doi.org/10.6084/m9.figshare.27061084.v1,derived_from_reported_components,False,exact,2026-08-01,,0.7.0,2026-08-02
coph100,COph100: Comprehensive Infant Fundus Image Registration Dataset (RIDIRP),fundus,fundus,3,100,eyes,Source-described infant eyes,https://doi.org/10.6084/m9.figshare.27061084.v1,official_source_description,False,exact,2026-08-01,,0.7.0,2026-08-02
corn1500,CORN-1500: Corneal Nerve Tortuosity Grading,confocal,confocal,1,1500,images,Primary quantity reported in the reviewed catalog source,https://zenodo.org/records/5880419,legacy_catalog_field,True,not_assessed,2026-08-01,,0.7.0,2026-08-02
corn_collection,CORN: Corneal Confocal Microscope Dataset Collection,confocal,confocal,1,12931,images,Sum of six source-described CORN subsets,https://zenodo.org/records/19689814,derived_from_reported_components,True,exact,2026-08-01,Includes the separately cataloged CORN1500 and CORN-Pro components and must not be added as an independent cohort total.,0.7.0,2026-08-02
corn_pro,CORN Pro: Corneal Nerve Confocal Microscopy Dataset,confocal,confocal,1,1120,images,Primary quantity reported in the reviewed catalog source,https://zenodo.org/records/14263883,legacy_catalog_field,True,not_assessed,2026-08-01,,0.7.0,2026-08-02
corneal_curvature_fundus,Corneal Curvature Prediction Using Fundus Photography,fundus,fundus,1,150,images,Primary quantity reported in the reviewed catalog source,https://data.mendeley.com/datasets/bc2jfr7dv9/1,legacy_catalog_field,True,not_assessed,2026-08-01,,0.7.0,2026-08-02
corneal_epithelium_confocal,Keratoconus Corneal Epithelium Confocal Fluorescence Dataset,confocal,confocal,1,7,participants,Keratoconus patients with both-eye measurements,https://data.mendeley.com/datasets/n3gky25brh/2,official_source_description,True,exact,2026-08-01,,0.7.0,2026-08-02
corneal_tomography_iol,Multi-Parameter Corneal Tomography Dataset for IOL Selection,tabular,tabular,1,61,eyes,One structured row per eye,https://data.mendeley.com/datasets/wddj7bh9p9/1,official_source_description,True,exact,2026-08-01,,0.7.0,2026-08-02
cornorb,CornOrb: Orbscan Corneal Topography and Clinical Annotations,corneal_topography,corneal_topography,1,1454,eyes,Rows in the current clinical-data table,https://zenodo.org/records/20542091,current_deposit_table,True,exact,2026-08-01,,0.7.0,2026-08-02
csc_fundus_segmentation,Central Serous Chorioretinopathy Fundus Segmentation Dataset,fundus,fundus,1,287,images,Primary quantity reported in the reviewed catalog source,https://data.mendeley.com/datasets/4k64fwnp4k/5,legacy_catalog_field,True,not_assessed,2026-08-01,,0.7.0,2026-08-02
csdi,CSDI: Cataract Severity Diagnostic Image Dataset,fundus,fundus|text,1,187,images,Primary quantity reported in the reviewed catalog source,https://huggingface.co/datasets/RainyNight/CSDI,legacy_catalog_field,True,not_assessed,2026-08-01,,0.7.0,2026-08-02
data_oct_fundus_glaucoma,Data on OCT and Fundus Images,multimodal,fundus|oct,1,50,images,Primary quantity reported in the reviewed catalog source,https://data.mendeley.com/datasets/2rnnz5nz74/2,legacy_catalog_field,True,not_assessed,2026-08-01,,0.7.0,2026-08-02
ddr,DDR: Diabetic Retinopathy Detection & Grading,fundus,fundus,1,12522,images,Primary quantity reported in the reviewed catalog source,https://drive.google.com/drive/folders/1z6tSFmxW_aNayUqVxx6h6bY4kwGzUTEC,legacy_catalog_field,True,not_assessed,2026-08-01,,0.7.0,2026-08-02
deepdrid,DeepDRiD: Diabetic Retinopathy Grading and Image Quality Dataset,fundus,fundus|uwf_fundus,1,2256,images,Primary quantity reported in the reviewed catalog source,https://zenodo.org/records/8248825,legacy_catalog_field,True,not_assessed,2026-08-01,,0.7.0,2026-08-02
deepeyenet,DeepEyeNet (DEN): Fundus Report Generation Dataset,fundus,fundus|text,1,15709,images,Primary quantity reported in the reviewed catalog source,https://github.com/Jhhuangkay/DeepOpht-Medical-Report-Generation-for-Retinal-Images-via-Deep-Models-and-Visual-Explanation,legacy_catalog_field,True,not_assessed,2026-08-01,,0.7.0,2026-08-02
dme_vqa,Diabetic Macular Edema Visual Question Answering Dataset,multimodal,fundus|text,1,13470,question_answer_pairs,"Train, validation, and test QA pairs",https://zenodo.org/records/6784358,derived_from_reported_components,True,exact,2026-08-01,,0.7.0,2026-08-02
dme_vqa,Diabetic Macular Edema Visual Question Answering Dataset,multimodal,fundus|text,2,679,images,"Train, validation, and test images",https://zenodo.org/records/6784358,derived_from_reported_components,False,exact,2026-08-01,,0.7.0,2026-08-02
dme_vqa_logical,DME VQA Dataset with Logical Relations,multimodal,fundus|text,1,13470,question_answer_pairs,DME VQA pairs with added logical relations,https://zenodo.org/records/7777849,official_source_description,True,exact,2026-08-01,The source states that this is the same DME VQA dataset with logical relations added.,0.7.0,2026-08-02
dme_vqa_logical,DME VQA Dataset with Logical Relations,multimodal,fundus|text,2,679,images,Parent DME VQA images reused by this extension,https://zenodo.org/records/7777849,official_source_description,False,exact,2026-08-01,These images overlap completely with dme_vqa.,0.7.0,2026-08-02
doomgan_ocular_morphs,DOOMGAN Ocular Morph-Attack Dataset,iris_biometrics,iris_biometrics|iris,1,10000,images,"Source reports 10,000 morphed PNG images.",https://huggingface.co/datasets/BharathK333/DOOMGAN-Ocular-Morphs,official_source_description,True,exact,2026-08-02,Source-stated quantity; repository file count is separate.,0.7.0,2026-08-02
drac22,DRAC 2022: Diabetic Retinopathy Analysis Challenge,octa,octa,1,174,images,Primary quantity reported in the reviewed catalog source,https://zenodo.org/records/10280359,legacy_catalog_field,True,not_assessed,2026-08-01,,0.7.0,2026-08-02
dridb,DRiDB: Diabetic Retinopathy Image Database,fundus,fundus,1,50,images,Primary quantity reported in the reviewed catalog source,https://ipg.fer.hr/ipg/resources/image_database,legacy_catalog_field,True,not_assessed,2026-08-01,,0.7.0,2026-08-02
drions_db,DRIONS-DB: Digital Retinal Images for Optic Nerve Segmentation,fundus,fundus,1,110,images,Primary quantity reported in the reviewed catalog source,https://www.ia.uned.es/~ejcarmona/DRIONS-DB.html,legacy_catalog_field,True,not_assessed,2026-08-01,,0.7.0,2026-08-02
drishti_gs,DRISHTI-GS: Optic Disc and Cup Segmentation,fundus,fundus,1,101,images,Primary quantity reported in the reviewed catalog source,https://www.kaggle.com/datasets/lokeshsaipureddi/drishtigs-retina-dataset-for-onh-segmentation,legacy_catalog_field,True,not_assessed,2026-08-01,,0.7.0,2026-08-02
drive,DRIVE: Digital Retinal Images for Vessel Extraction,fundus,fundus,1,40,images,Primary quantity reported in the reviewed catalog source,https://drive.grand-challenge.org/DRIVE/,legacy_catalog_field,True,not_assessed,2026-08-01,,0.7.0,2026-08-02
drtid,DRTiD: Diabetic Retinopathy Two-field Image Dataset,fundus,fundus,1,3100,images,Primary quantity reported in the reviewed catalog source,https://github.com/FDU-VTS/DRTiD,legacy_catalog_field,True,not_assessed,2026-08-01,,0.7.0,2026-08-02
dryad_amd_zinc_complement,AMD Zinc Complement Dataset,omics,omics|tabular,1,72,participants,Source-described AMD zinc study participants,https://doi.org/10.5061/dryad.3gq6t,official_source_description,True,exact,2026-08-01,Source-stated quantity; Dryad file count is separate metadata and is not a scientific sample count.,0.7.0,2026-08-02
dryad_aoslo_rpe,AOSLO RPE Cell Morphometry and Cone Mosaic Dataset,adaptive_optics,adaptive_optics,1,10,participants,Normal participants in the primary cohort,https://doi.org/10.5061/dryad.b41j15h,official_source_description,True,exact,2026-08-01,,0.7.0,2026-08-02
dryad_bariatric_ophthalmology,Bariatric Surgery Ophthalmic Evaluation Dataset,oct,oct|tabular,1,57,participants,Source-described severely obese ophthalmology cohort,https://doi.org/10.5061/dryad.1g6vm34,official_source_description,True,exact,2026-08-01,Source-stated quantity; Dryad file count is separate metadata and is not a scientific sample count.,0.7.0,2026-08-02
dryad_brvo_bevacizumab_multimodal,BRVO Bevacizumab Multimodal Dataset,multimodal,oct|fundus_angiography|electrophysiology,1,27,eyes,Source-described treatment-naive BRVO eyes,https://doi.org/10.5061/dryad.3cp54,official_source_description,True,exact,2026-08-01,Source-stated quantity; Dryad file count is separate metadata and is not a scientific sample count.,0.7.0,2026-08-02
dryad_congenital_glaucoma_wes,Identification of novel variants in LTBP2 and PXDN using whole-exome sequencing in developmental and congenital glaucoma,omics,omics|tabular,1,3,families,Source-stated primary resource quantity.,https://doi.org/10.5061/dryad.k7455,official_source_description,True,exact,2026-08-01,Current official Dryad metadata.,0.7.0,2026-08-02
dryad_cornea_oct_pentacam,Corneal OCT and Pentacam Tomography Dataset,multimodal,oct|corneal_topography,1,52,participants,Participant directories represented in the corneal OCT component of Dryad version 5,https://doi.org/10.5061/dryad.tht76hf0c,current_deposit_file_listing,True,exact,2026-08-01,,0.7.0,2026-08-02
dryad_cornea_oct_pentacam,Corneal OCT and Pentacam Tomography Dataset,multimodal,oct|corneal_topography,2,208,images,Corneal OCT TIFF files in Dryad version 5,https://doi.org/10.5061/dryad.tht76hf0c,current_deposit_file_listing,False,exact,2026-08-01,Four TIFF files occur in each of 52 participant directories.,0.7.0,2026-08-02
dryad_cornea_oct_pentacam,Corneal OCT and Pentacam Tomography Dataset,multimodal,oct|corneal_topography,3,102,records,Pentacam CSV tomography matrices in Dryad version 5,https://doi.org/10.5061/dryad.tht76hf0c,current_deposit_file_listing,False,exact,2026-08-01,,0.7.0,2026-08-02
dryad_cornea_oct_pentacam,Corneal OCT and Pentacam Tomography Dataset,multimodal,oct|corneal_topography,4,1,deposited_files,OCT_.zip in Dryad version 5,https://doi.org/10.5061/dryad.tht76hf0c,current_deposit_file_listing,False,exact,2026-08-01,,0.7.0,2026-08-02
dryad_corneal_laser_procedure,Corneal Laser Procedure for safety and efficacy in vision improvement,tabular,tabular,1,72,eyes,Source-stated primary resource quantity.,https://doi.org/10.5061/dryad.m905qfv2r,official_source_description,True,exact,2026-08-01,Current official Dryad metadata.,0.7.0,2026-08-02
dryad_crvo_vegf_tortuosity,CRVO Retinal Tortuosity and VEGF Dataset,tabular,tabular,1,32,eyes,Source-described central retinal vein occlusion eyes,https://doi.org/10.5061/dryad.5dn13,official_source_description,True,exact,2026-08-01,Source-stated quantity; Dryad file count is separate metadata and is not a scientific sample count.,0.7.0,2026-08-02
dryad_diabetes_retinal_capillary,Diabetes Retinal Capillary Rarefaction Dataset,fundus,fundus|tabular,1,73,participants,Source-described type 2 diabetes participant group,https://doi.org/10.5061/dryad.58791,official_source_description,True,exact,2026-08-01,Source-stated quantity; Dryad file count is separate metadata and is not a scientific sample count.,0.7.0,2026-08-02
dryad_diabetic_retinopathy_renal,Diabetic Retinopathy and Renal Function Dataset,tabular,tabular,1,413,participants,Source-described southern Chinese type 2 diabetes participants,https://doi.org/10.5061/dryad.6kg1sd7,official_source_description,True,exact,2026-08-01,Source-stated quantity; Dryad file count is separate metadata and is not a scientific sample count.,0.7.0,2026-08-02
dryad_dome_shaped_macula,Observational study of clinical characteristics of dome-shaped macula in Chinese Han with high myopia at Zhongshan Ophthalmic Center,tabular,tabular,1,1384,eyes,Source-stated primary resource quantity.,https://doi.org/10.5061/dryad.h544560,official_source_description,True,exact,2026-08-01,Current official Dryad metadata.,0.7.0,2026-08-02
dryad_dry_eye_nlrp3,Dry Eye NLRP3 Ocular Surface Dataset,omics,omics|tabular,1,150,participants,Source-described dry-eye and healthy control participants,https://doi.org/10.5061/dryad.7vn28,official_source_description,True,exact,2026-08-01,Source-stated quantity; Dryad file count is separate metadata and is not a scientific sample count.,0.7.0,2026-08-02
dryad_eye_care_quality_of_life,Utility index and vision related quality of life in patients awaiting specialist eye care,tabular,tabular,1,536,participants,Source-stated primary resource quantity.,https://doi.org/10.5061/dryad.h44j0zpv3,official_source_description,True,exact,2026-08-01,Current official Dryad metadata.,0.7.0,2026-08-02
dryad_functional_oct_alzheimer,Functional OCT Retinal Response Dataset,oct,oct,1,40,participants,Unique participant identifiers across the two deposited profile tables in Dryad version 6,https://doi.org/10.5061/dryad.msbcc2ftc,current_deposit_table,True,exact,2026-08-01,"The Experiment 2 table has four participants, three of whom also occur in the Experiments 1, 3, and 4 table.",0.7.0,2026-08-02
dryad_functional_oct_alzheimer,Functional OCT Retinal Response Dataset,oct,oct,2,1370,rows,Processed retinal-reflectivity profile rows across the two deposited tables,https://doi.org/10.5061/dryad.msbcc2ftc,current_deposit_table,False,exact,2026-08-01,,0.7.0,2026-08-02
dryad_functional_oct_alzheimer,Functional OCT Retinal Response Dataset,oct,oct,3,432,images,ANALYZE-format .img objects in the Dryad version 6 archive,https://doi.org/10.5061/dryad.msbcc2ftc,current_deposit_file_listing,False,exact,2026-08-01,"This file count includes raw, manually marked, flattened, and spatially normalized representations and is not an independent acquisition count.",0.7.0,2026-08-02
dryad_functional_oct_alzheimer,Functional OCT Retinal Response Dataset,oct,oct,4,1,deposited_files,RAR archive in Dryad version 6,https://doi.org/10.5061/dryad.msbcc2ftc,current_deposit_file_listing,False,exact,2026-08-01,,0.7.0,2026-08-02
dryad_functional_oct_alzheimer,Functional OCT Retinal Response Dataset,oct,oct,5,8,group_enrollments,Healthy young-adult experiment,https://doi.org/10.5061/dryad.msbcc2ftc,official_source_description,False,exact,2026-08-01,,0.7.0,2026-08-02
dryad_functional_oct_alzheimer,Functional OCT Retinal Response Dataset,oct,oct,6,3,group_enrollments,Aquaporin-4 antibody experiment,https://doi.org/10.5061/dryad.msbcc2ftc,official_source_description,False,exact,2026-08-01,,0.7.0,2026-08-02
dryad_functional_oct_alzheimer,Functional OCT Retinal Response Dataset,oct,oct,7,14,group_enrollments,Early-onset Alzheimer group,https://doi.org/10.5061/dryad.msbcc2ftc,official_source_description,False,exact,2026-08-01,,0.7.0,2026-08-02
dryad_functional_oct_alzheimer,Functional OCT Retinal Response Dataset,oct,oct,8,14,group_enrollments,Age-matched control group,https://doi.org/10.5061/dryad.msbcc2ftc,official_source_description,False,exact,2026-08-01,Group counts are not summed because cross-experiment overlap was not resolved.,0.7.0,2026-08-02
dryad_fungal_keratitis_cci,CCI.net fungal keratitis cases dataset,external_eye,external_eye,1,8697,images,Source-stated primary resource quantity.,https://doi.org/10.5061/dryad.8931zcrw5,official_source_description,True,exact,2026-08-01,Current official Dryad metadata.,0.7.0,2026-08-02
dryad_ga_biofeedback,Biofeedback fixation training in the rehabilitation of patients suffering from geographic atrophy,tabular,tabular,1,18,participants,Source-stated primary resource quantity.,https://doi.org/10.5061/dryad.ngf1vhj81,official_source_description,True,exact,2026-08-01,Current official Dryad metadata.,0.7.0,2026-08-02
dryad_gca_optic_nerve_dwi,GCA Optic Nerve Diffusion MRI Dataset,multimodal,orbital_mri|tabular,1,37,mri_scans,Diffusion-weighted MRI scans in the source-described GCA study,https://doi.org/10.5061/dryad.59zw3r2bk,official_source_description,True,exact,2026-08-01,Source-stated scientific quantity; deposit file count is recorded separately.,0.7.0,2026-08-02
dryad_gcc_glaucoma,Glaucoma Ganglion Cell Complex Clinical Dataset,tabular,tabular,1,406,eyes,Eye-level table rows,https://doi.org/10.5061/dryad.xwdbrv1tn,official_source_description,True,exact,2026-08-01,,0.7.0,2026-08-02
dryad_gcc_glaucoma,Glaucoma Ganglion Cell Complex Clinical Dataset,tabular,tabular,2,203,participants,Participants contributing 406 eye rows,https://doi.org/10.5061/dryad.xwdbrv1tn,official_source_description,False,exact,2026-08-01,,0.7.0,2026-08-02
dryad_glaucoma_rnfl_vf,RNFL and Visual-Field Glaucoma Diagnosis Dataset,tabular,tabular|visual_field,1,499,records,Primary quantity reported in the reviewed catalog source,https://doi.org/10.5061/dryad.q6ft5,legacy_catalog_field,True,not_assessed,2026-08-01,,0.7.0,2026-08-02
dryad_human_foveal_cones,Human foveal cone photoreceptor topography and its dependence on eye length,adaptive_optics,adaptive_optics|tabular,1,28,eyes,Source-stated primary resource quantity.,https://doi.org/10.5061/dryad.nh0fp1b,official_source_description,True,exact,2026-08-01,Current official Dryad metadata.,0.7.0,2026-08-02
dryad_icmr_eye_see_cataract,ICMR EYE SEE Cataract and Sun Exposure Dataset,tabular,tabular,1,9735,participants,Source-described participants who underwent ophthalmic evaluation,https://doi.org/10.5061/dryad.5qfttdz19,official_source_description,True,exact,2026-08-01,Source-stated quantity; Dryad file count is separate metadata and is not a scientific sample count.,0.7.0,2026-08-02
dryad_karachi_cataract_outcomes,Karachi Cataract Surgery Quality Dataset,tabular,tabular,1,145,eyes,Source-described operated eyes in the Karachi survey,https://doi.org/10.5061/dryad.7q5c7,official_source_description,True,exact,2026-08-01,Source-stated quantity; Dryad file count is separate metadata and is not a scientific sample count.,0.7.0,2026-08-02
dryad_lens_fluorescence_twins,Long-term development of lens fluorescence in a twin cohort: Heritability and effects of age and lifestyle,tabular,tabular,1,131,participants,Source-stated primary resource quantity.,https://doi.org/10.5061/dryad.mcvdnck22,official_source_description,True,exact,2026-08-01,Current official Dryad metadata.,0.7.0,2026-08-02
dryad_lvpei_cataract_outcomes,LVPEI Cataract Surgery Outcome Dataset,tabular,tabular,1,2049,surgeries,Cataract surgeries in the source-described LVPEI outcome study,https://doi.org/10.5061/dryad.71hp4,official_source_description,True,exact,2026-08-01,Source-stated scientific quantity; deposit file count is recorded separately.,0.7.0,2026-08-02
dryad_moorfields_amd_1_2_year,One and two year visual outcomes from the Moorfields age-related macular degeneration database: a retrospective cohort study and an open science resource,tabular,tabular,1,8174,eyes,Source-stated primary resource quantity.,https://doi.org/10.5061/dryad.97r9289,official_source_description,True,exact,2026-08-01,Current official Dryad metadata.,0.7.0,2026-08-02
dryad_moorfields_namd_fellow_eye,Moorfields nAMD Fellow-Eye Dataset,tabular,tabular,1,6265,participants,Source-described Moorfields nAMD database patients,https://doi.org/10.5061/dryad.4mw6m906b,official_source_description,True,exact,2026-08-01,Source-stated quantity; Dryad file count is separate metadata and is not a scientific sample count.,0.7.0,2026-08-02
dryad_myopia_glaucoma_visual_field,Myopia and Glaucoma Visual Field Prognosis Dataset,visual_field,visual_field|tabular,1,270,eyes,Source-described primary open-angle glaucoma eyes,https://doi.org/10.5061/dryad.1n50q,official_source_description,True,exact,2026-08-01,Source-stated quantity; Dryad file count is separate metadata and is not a scientific sample count.,0.7.0,2026-08-02
dryad_namd_12_year_survival,Insights from survival analyses during 12 years of anti-VEGF therapy for neovascular age-related macular degeneration,tabular,tabular,1,7802,eyes,Source-stated primary resource quantity.,https://doi.org/10.5061/dryad.nvx0k6dqg,official_source_description,True,exact,2026-08-01,Current official Dryad metadata.,0.7.0,2026-08-02
dryad_namd_oct_longitudinal,Quantifying changes on optical coherence tomography in eyes receiving treatment for neovascular age-related macular degeneration,oct,oct|tabular,1,2115,eyes,Source-stated primary resource quantity.,https://doi.org/10.5061/dryad.8cz8w9h0v,official_source_description,True,exact,2026-08-01,Current official Dryad metadata.,0.7.0,2026-08-02
dryad_namd_oct_quant,Moorfields nAMD Quantitative OCT Biomarker Dataset,tabular,tabular|oct,1,2966,volumes,Primary quantity reported in the reviewed catalog source,https://doi.org/10.5061/dryad.2rbnzs7m4,legacy_catalog_field,True,not_assessed,2026-08-01,,0.7.0,2026-08-02
dryad_namd_ten_year_survival,Ten-year survival trends of neovascular age-related macular degeneration at first presentation,tabular,tabular,1,103,participants,Source-stated primary resource quantity.,https://doi.org/10.5061/dryad.9cnp5hqfm,official_source_description,True,exact,2026-08-01,Current official Dryad metadata.,0.7.0,2026-08-02
dryad_namd_visual_prediction,Moorfields nAMD Visual-Change Prediction Dataset,tabular,tabular|oct,1,926,eyes,Treatment-naive first-treated eyes in the primary analysis,https://doi.org/10.5061/dryad.573n5tb5d,official_source_description,True,exact,2026-08-01,,0.7.0,2026-08-02
dryad_ocular_chemical_injuries_shanghai,Clinical characteristics of patients hospitalized for ocular chemical injuries in Shanghai from 2012 to 2017,tabular,tabular,1,160,participants,Source-stated primary resource quantity.,https://doi.org/10.5061/dryad.9707661,official_source_description,True,exact,2026-08-01,Current official Dryad metadata.,0.7.0,2026-08-02
dryad_pediatric_corneal_endothelium,Corneal endothelial morphology of healthy myopic Malaysian children of Chinese ethnicity aged 8-9 years and its association with axial length,corneal_topography,corneal_topography|tabular,1,111,participants,Source-stated primary resource quantity.,https://doi.org/10.5061/dryad.hhmgqnkjc,official_source_description,True,exact,2026-08-01,Current official Dryad metadata.,0.7.0,2026-08-02
dryad_pediatric_myopia_longitudinal,Axial length elongation and myopia incidence increase in primary school-age children: 3-year follow-up study,tabular,tabular,1,452,participants,Source-stated primary resource quantity.,https://doi.org/10.5061/dryad.d4mb3pn,official_source_description,True,exact,2026-08-01,Current official Dryad metadata.,0.7.0,2026-08-02
dryad_pediatric_optical_quality,Intra- and intersession repeatability of an optical quality and intraocular scattering measurement system in children,tabular,tabular,1,42,eyes,Source-stated primary resource quantity.,https://doi.org/10.5061/dryad.bm8nv,official_source_description,True,exact,2026-08-01,Current official Dryad metadata.,0.7.0,2026-08-02
dryad_pvd_diagnostic_oct,"Accuracy of biomicroscopy, ultrasonography and spectral-domain OCT in detection of complete posterior vitreous detachment",oct,oct|tabular,1,123,eyes,Source-stated primary resource quantity.,https://doi.org/10.5061/dryad.h44j0zpnp,official_source_description,True,exact,2026-08-01,Current official Dryad metadata.,0.7.0,2026-08-02
dryad_qfttdz0dr,Association of APOE gene polymorphisms with primary open angle glaucoma in Brazilian patients,tabular,tabular,1,803,participants,Source-described POAG cases and controls,https://doi.org/10.5061/dryad.qfttdz0dr,official_source_description,True,exact,2026-08-01,Source-stated scientific quantity; current Dryad file count is separate repository metadata.,0.7.0,2026-08-02
dryad_r7s04,"Data from: Prevalence of depression, anxiety, adjustment disorders, and somatoform disorders in patients with age-related macular degeneration in Germany",tabular,tabular,1,15160,participants,Source-described AMD and matched control participants,https://doi.org/10.5061/dryad.r7s04,official_source_description,True,exact,2026-08-01,Source-stated scientific quantity; current Dryad file count is separate repository metadata.,0.7.0,2026-08-02
dryad_ravi_cataract_outcomes,RAVI Cataract Surgery Outcome Dataset,tabular,tabular,1,1228,eyes,Source-described operated eyes with cataract surgery history,https://doi.org/10.5061/dryad.4p55b,official_source_description,True,exact,2026-08-01,Source-stated quantity; Dryad file count is separate metadata and is not a scientific sample count.,0.7.0,2026-08-02
dryad_retinal_prosthesis_navigation,Visual and non-visual navigation in blind patients with a retinal prosthesis,multimodal,tabular,1,4,participants,Source-stated primary resource quantity.,https://doi.org/10.5061/dryad.c6147,official_source_description,True,exact,2026-08-01,Current official Dryad metadata.,0.7.0,2026-08-02
dryad_rn38r,"Data from: Do picture-based charts overestimate visual acuity? Comparison of Kay Pictures, Lea Symbols, HOTV and Keeler logMAR charts with Sloan Letters in adults and children",tabular,tabular,1,42,participants,Source-described adults and children in visual-acuity comparison,https://doi.org/10.5061/dryad.rn38r,official_source_description,True,exact,2026-08-01,Source-stated scientific quantity; current Dryad file count is separate repository metadata.,0.7.0,2026-08-02
dryad_rn8pk0pdp,"Detection of SARS-CoV-2 in conjunctival secretion and tears in patients with COVID-19 in a tertiary care centre, South India",tabular,tabular,1,80,participants,Source-described COVID-19 participants with conjunctival sampling,https://doi.org/10.5061/dryad.rn8pk0pdp,official_source_description,True,exact,2026-08-01,Source-stated scientific quantity; current Dryad file count is separate repository metadata.,0.7.0,2026-08-02
dryad_rpgr_cone_rod_wes,RPGR Cone-Rod Dystrophy WES Dataset,omics,omics,1,1,participants,Proband represented by the paired whole-exome sequencing files,https://doi.org/10.5061/dryad.5qfttdz5d,official_source_description,True,exact,2026-08-02,The complete current Dryad version 2 deposit contains paired reads for one source-described proband.,0.7.0,2026-08-02
dryad_rpgr_cone_rod_wes,RPGR Cone-Rod Dystrophy WES Dataset,omics,omics,2,2,deposited_files,Paired FASTQ files in the current Dryad version 2 deposit,https://doi.org/10.5061/dryad.5qfttdz5d,current_deposit_file_listing,False,exact,2026-08-02,Both source checksums matched during complete-deposit inspection.,0.7.0,2026-08-02
dryad_sbcc2fr6n,Exploring phenotypic diversity of pigmented traits and iris features in Pakistani population,iris_biometrics,iris_biometrics|external_eye|tabular,1,514,participants,Source-described Pakistani iris-feature volunteers,https://doi.org/10.5061/dryad.sbcc2fr6n,official_source_description,True,exact,2026-08-01,Source-stated scientific quantity; current Dryad file count is separate repository metadata.,0.7.0,2026-08-02
dryad_sbcc2fr7r,Gender and age-related differences of ccular biometric parameters in patients undergoing cataract surgery in Bosnia and Herzegovina,tabular,tabular,1,1278,participants,Source-described cataract-surgery patients,https://doi.org/10.5061/dryad.sbcc2fr7r,official_source_description,True,exact,2026-08-01,Source-stated scientific quantity; current Dryad file count is separate repository metadata.,0.7.0,2026-08-02
dryad_sn02v6x2x,Data from: Corneal laser procedure for vision improvement in patients with late stage dry age-related macular degeneration,tabular,tabular,1,32,eyes,Source-described eyes receiving corneal photovitrification,https://doi.org/10.5061/dryad.sn02v6x2x,official_source_description,True,exact,2026-08-01,Source-stated scientific quantity; current Dryad file count is separate repository metadata.,0.7.0,2026-08-02
dryad_stargardt_wes,Stargardt Disease WES Variant Dataset,omics,omics,1,33,participants,Source-described Stargardt disease probands,https://doi.org/10.5061/dryad.0qk7f,official_source_description,True,exact,2026-08-01,Source-stated quantity; Dryad file count is separate metadata and is not a scientific sample count.,0.7.0,2026-08-02
dryad_taizhou_cataract_outdoors,The association of outdoor activity and age-related cataract in a rural population of Taizhou Eye Study: phase 1 report,tabular,tabular,1,2006,participants,Source-stated primary resource quantity.,https://doi.org/10.5061/dryad.gt410,official_source_description,True,exact,2026-08-01,Current official Dryad metadata.,0.7.0,2026-08-02
dryad_tmpg4f4vb,Effects of capsular tension ring on surgical outcomes of premium intraocular lens in patients with suspected zonular weakness,tabular,tabular,1,55,eyes,Source-described eyes in capsular-tension-ring analysis,https://doi.org/10.5061/dryad.tmpg4f4vb,official_source_description,True,exact,2026-08-01,Source-stated scientific quantity; current Dryad file count is separate repository metadata.,0.7.0,2026-08-02
dryad_toric_iol_incision,Toric Intraocular Lens Incision Outcome Dataset,tabular,tabular,1,60,participants,Source-described toric IOL cataract cohort,https://doi.org/10.5061/dryad.01n20,official_source_description,True,exact,2026-08-01,Source-stated quantity; Dryad file count is separate metadata and is not a scientific sample count.,0.7.0,2026-08-02
dryad_uveal_melanoma_coog2,COOG2.1 Uveal Melanoma Prognostic Dataset,omics,omics,1,1577,participants,Multicenter prognostic cohort,https://doi.org/10.5061/dryad.n8pk0p340,official_source_description,True,exact,2026-08-01,,0.7.0,2026-08-02
dryad_uveitis_vitreous_biomarkers,Uveitis Vitreous Biomarker Dataset,omics,omics|tabular,1,234,eyes,Source-described uveitis study eyes,https://doi.org/10.5061/dryad.597ch,official_source_description,True,exact,2026-08-01,Source-stated quantity; Dryad file count is separate metadata and is not a scientific sample count.,0.7.0,2026-08-02
dryad_xgxd254pk,"Supporting information for: Discrimination ability of central visual field testing using stimulus size I, II, and III and relationship with macular ganglion cell thickness in chiasmal compression",visual_field,visual_field|tabular,1,60,eyes,Source-described patient and control eyes in visual-field study,https://doi.org/10.5061/dryad.xgxd254pk,official_source_description,True,exact,2026-08-01,Source-stated scientific quantity; current Dryad file count is separate repository metadata.,0.7.0,2026-08-02
dryad_young_adult_uv_transmission,Individual variation in the transmission of ultraviolet radiation in the young adult eye.,tabular,tabular,1,42,participants,Source-stated primary resource quantity.,https://doi.org/10.5061/dryad.hg000c2,official_source_description,True,exact,2026-08-01,Current official Dryad metadata.,0.7.0,2026-08-02
dryad_z8w9ghx9c,Accuracy of intraocular lens calculation formulas in cataract patients with steep corneal curvature,tabular,tabular,1,112,eyes,Source-described cataract eyes for IOL formula evaluation,https://doi.org/10.5061/dryad.z8w9ghx9c,official_source_description,True,exact,2026-08-01,Source-stated scientific quantity; current Dryad file count is separate repository metadata.,0.7.0,2026-08-02
duke_amd_chiu,Duke AMD Pathology OCT Segmentation Dataset,oct,oct,1,20,volumes,Primary quantity reported in the reviewed catalog source,https://people.duke.edu/~sf59/Chiu_IOVS_2011_dataset.htm,legacy_catalog_field,True,not_assessed,2026-08-01,,0.7.0,2026-08-02
duke_chiu_boe,Duke OCT DME Dataset (Chiu BOE 2014),oct,oct,1,110,images,Primary quantity reported in the reviewed catalog source,http://people.duke.edu/~sf59/Chiu_BOE_2014_dataset.htm,legacy_catalog_field,True,not_assessed,2026-08-01,,0.7.0,2026-08-02
duke_rpedc,Duke RPE-Drusen Complex OCT Dataset,oct,oct,1,384,participants,Primary quantity reported in the reviewed catalog source,https://people.duke.edu/~sf59/RPEDC_Ophth_2013_dataset.htm,legacy_catalog_field,True,not_assessed,2026-08-01,,0.7.0,2026-08-02
duke_rpedc,Duke RPE-Drusen Complex OCT Dataset,oct,oct,2,38400,b_scans,B-scans derived from 384 participants,https://people.duke.edu/~sf59/Srinivasan_BOE_2014_dataset.htm,official_source_description,False,exact,2026-08-01,,0.7.0,2026-08-02
e_ophtha,E-ophtha (EX + MA): Exudate and Microaneurysm Segmentation,fundus,fundus,1,463,images,Primary quantity reported in the reviewed catalog source,https://www.kaggle.com/datasets/samriddhibagchi/e-ophtha-diabetic-retinopathy-datasets-ex-ma,legacy_catalog_field,True,not_assessed,2026-08-01,,0.7.0,2026-08-02
eed_astig,EED-Astig Pediatric External-Eye Dataset,external_eye,external_eye|tabular,1,3088,images,Primary quantity reported in the reviewed catalog source,https://doi.org/10.5281/zenodo.18976824,legacy_catalog_field,True,not_assessed,2026-08-01,,0.7.0,2026-08-02
erdes,ERDES: Ocular Ultrasound Video Benchmark (Retinal Detachment + Macula),multimodal,ocular_ultrasound,1,5381,video_clips,Ocular-ultrasound B-scan clips,https://arxiv.org/abs/2503.04525,associated_publication,True,exact,2026-08-01,,0.7.0,2026-08-02
eth_xgaze,ETH-XGaze Extreme-Pose Gaze Estimation Dataset,eye_tracking,eye_tracking,1,1083492,images,Primary quantity reported in the reviewed catalog source,https://ait.ethz.ch/xgaze,legacy_catalog_field,True,not_assessed,2026-08-01,,0.7.0,2026-08-02
eye_conjunctiva_segmentation,Eye Conjunctiva Segmentation Dataset,external_eye,external_eye,1,547,images,Primary quantity reported in the reviewed catalog source,https://data.mendeley.com/datasets/yxwjgcndg2/1,legacy_catalog_field,True,not_assessed,2026-08-01,,0.7.0,2026-08-02
eye_disease_image_mendeley,Eye Disease Image Dataset,fundus,fundus,1,5335,images,Original and augmented image collection,https://data.mendeley.com/datasets/s9bfhswzjb/1,official_source_description,True,exact,2026-08-01,,0.7.0,2026-08-02
eyecare_100k,Eyecare-100K: Multimodal Ophthalmology VQA Corpus,multimodal,fundus|fundus_angiography|fundus_autofluorescence|oct|ocular_ultrasound|external_eye|ct|text,1,102000,question_answer_pairs,Source-described VQA corpus,https://github.com/DCDmllm/EyecareGPT,official_source_description,True,approximate,2026-08-01,The dataset was described as pending release at the catalog cutoff.,0.7.0,2026-08-02
eyecare_100k,Eyecare-100K: Multimodal Ophthalmology VQA Corpus,multimodal,fundus|fundus_angiography|fundus_autofluorescence|oct|ocular_ultrasound|external_eye|ct|text,2,58485,images,Source images represented by the VQA corpus,https://github.com/DCDmllm/EyecareGPT,official_source_description,False,approximate,2026-08-01,,0.7.0,2026-08-02
eyecatcher_visual_field,Eyecatcher Tablet-Based Visual Field Home-Monitoring Data,visual_field,visual_field,1,440,visual_field_tests,Twenty participants by two eyes by eleven scheduled tests,https://data.mendeley.com/datasets/swsfj47cxw/2,official_source_description,True,exact,2026-08-01,,0.7.0,2026-08-02
eyecatcher_visual_field,Eyecatcher Tablet-Based Visual Field Home-Monitoring Data,visual_field,visual_field,2,20,participants,Home-monitoring cohort,https://data.mendeley.com/datasets/swsfj47cxw/2,official_source_description,False,exact,2026-08-01,,0.7.0,2026-08-02
eyepacs,EyePACS — Diabetic Retinopathy Detection (Kaggle 2015),fundus,fundus,1,88702,images,Primary quantity reported in the reviewed catalog source,https://www.kaggle.com/c/diabetic-retinopathy-detection,legacy_catalog_field,True,not_assessed,2026-08-01,,0.7.0,2026-08-02
eyeq,EyeQ Retinal Image Quality Assessment Dataset,fundus,fundus,1,28792,images,Primary quantity reported in the reviewed catalog source,https://github.com/HzFu/EyeQ,legacy_catalog_field,True,not_assessed,2026-08-01,,0.7.0,2026-08-02
fairvlmed,FairVLMed: Fair Vision-Language Medical Ophthalmic Dataset,multimodal,fundus|visual_field|text|tabular,1,10000,images,Primary quantity reported in the reviewed catalog source,https://huggingface.co/datasets/harvardairobotics/FairVLMed,legacy_catalog_field,True,not_assessed,2026-08-01,,0.7.0,2026-08-02
fang_sbsdi_oct,Duke Fang SBSDI Retinal OCT Dataset,oct,oct,1,323,images,TIFF images in the separately named human and human-derived components of the official source archive,https://people.duke.edu/~sf59/Fang_TMI_2013.htm,current_deposit_file_listing,True,exact,2026-08-01,"Includes 195 real-human TIFFs, 108 human-derived synthetic TIFFs, and 20 human-derived dictionary-training TIFFs. Software, demonstrations, and nonhuman source-archive components are excluded.",0.7.0,2026-08-02
fang_sbsdi_oct,Duke Fang SBSDI Retinal OCT Dataset,oct,oct,2,41,participants,Twenty-eight eyes from 28 participants used for human-derived synthetic data and 13 participants used for real acquisitions,https://doi.org/10.1109/TMI.2013.2271904,associated_publication,False,exact,2026-08-01,Participant groups are distinct in the associated paper.,0.7.0,2026-08-02
farfum_rop,FARFUM-ROP: Fundus Annotation Repository for Retinopathy of Prematurity,fundus,fundus,1,1533,images,Primary quantity reported in the reviewed catalog source,https://doi.org/10.6084/m9.figshare.c.6721269,legacy_catalog_field,True,not_assessed,2026-08-01,,0.7.0,2026-08-02
fd3611,FD3611 Multi-Class Color Fundus Image Dataset,fundus,fundus,1,3611,images,"Source reports 3,611 color fundus photographs.",https://doi.org/10.6084/m9.figshare.32086296.v1,official_source_description,True,exact,2026-08-02,Source-stated quantity; repository file count is separate.,0.7.0,2026-08-02
ffa_ir,FFA-IR Medical Report Dataset,multimodal,fundus|fundus_angiography|text,1,47247,images,Primary quantity reported in the reviewed catalog source,https://doi.org/10.13026/k5rp-9h43,legacy_catalog_field,True,not_assessed,2026-08-01,,0.7.0,2026-08-02
fimd,Fundus Image Myopia Development Dataset,fundus,fundus,1,70,image_pairs,Longitudinal retinal registration pairs,https://data.mendeley.com/datasets/jkzsh6pcv4/1,official_source_description,True,exact,2026-08-01,,0.7.0,2026-08-02
fimd,Fundus Image Myopia Development Dataset,fundus,fundus,2,140,images,Images participating in 70 pairs,https://data.mendeley.com/datasets/jkzsh6pcv4/1,derived_from_reported_components,False,exact,2026-08-01,,0.7.0,2026-08-02
fiqs,FIQS: Fundus Image Quality Scores Dataset,fundus,fundus,1,2246,images,Primary quantity reported in the reviewed catalog source,https://doi.org/10.6084/m9.figshare.28129847.v1,legacy_catalog_field,True,not_assessed,2026-08-01,,0.7.0,2026-08-02
fire,FIRE: Fundus Image Registration Dataset,fundus,fundus,1,129,images,Primary quantity reported in the reviewed catalog source,https://projects.ics.forth.gr/cvrl/fire/,legacy_catalog_field,True,not_assessed,2026-08-01,,0.7.0,2026-08-02
fives,FIVES: Fundus Image Vessel Segmentation,fundus,fundus,1,800,images,Primary quantity reported in the reviewed catalog source,https://doi.org/10.6084/m9.figshare.19688169,legacy_catalog_field,True,not_assessed,2026-08-01,,0.7.0,2026-08-02
fociset_pamm,FociSet PAMM OCT Lesion Dataset,oct,oct,1,133,images,Primary quantity reported in the reviewed catalog source,https://data.mendeley.com/datasets/mkwxn7rjpm/2,legacy_catalog_field,True,not_assessed,2026-08-01,,0.7.0,2026-08-02
fovea,FOVEA: Pre/Intra-Operative Fundus + Biomicroscopy,multimodal,fundus|surgical_video,1,40,participants,Primary quantity reported in the reviewed catalog source,https://doi.org/10.6084/m9.figshare.28329338,legacy_catalog_field,True,not_assessed,2026-08-01,,0.7.0,2026-08-02
fprm_retina,FPRM Multimodal Eye Imaging and Psychological Assessment Dataset,multimodal,fundus|retinal_oximetry|pupillometry|tabular,1,3361,images,Fundus photographs,https://doi.org/10.1038/s41597-024-03690-6,associated_publication,True,exact,2026-08-01,,0.7.0,2026-08-02
fprm_retina,FPRM Multimodal Eye Imaging and Psychological Assessment Dataset,multimodal,fundus|retinal_oximetry|pupillometry|tabular,2,1683,participants,Participants contributing fundus photographs,https://doi.org/10.1038/s41597-024-03690-6,associated_publication,False,exact,2026-08-01,,0.7.0,2026-08-02
fprm_retina,FPRM Multimodal Eye Imaging and Psychological Assessment Dataset,multimodal,fundus|retinal_oximetry|pupillometry|tabular,3,384,participants,Participants contributing additional multimodal imaging,https://doi.org/10.1038/s41597-024-03690-6,associated_publication,False,exact,2026-08-01,This group is not added to the fundus cohort because overlap is not resolved here.,0.7.0,2026-08-02
fundus_105k,Fundus-105K Text Dataset,text,text,1,105000,text_items,Fundus-focused text corpus entries,https://huggingface.co/datasets/PJMixers-Dev/Fundus-105K,official_source_description,True,exact,2026-08-01,,0.7.0,2026-08-02
fundus_avseg,Fundus-AVSeg: Artery-Vein-Crossing Segmentation,fundus,fundus,1,100,images,Primary quantity reported in the reviewed catalog source,https://doi.org/10.6084/m9.figshare.27938034,legacy_catalog_field,True,not_assessed,2026-08-01,,0.7.0,2026-08-02
fundus_cc_2_5m,Fundus-CC-2.5M Text Corpus,text,text,1,2500000,text_items,Multilingual fundus-related corpus entries,https://huggingface.co/datasets/PJMixers-Dev/Fundus-CC-2.5M,official_source_description,True,exact,2026-08-01,,0.7.0,2026-08-02
fundus_domain_generalization,Fundus Dataset for Domain Generalization in Optic Disc/Cup Segmentation,fundus,fundus,1,1441,images,Five source domains after the documented train/test composition,https://zenodo.org/records/8009107,derived_from_reported_components,True,exact,2026-08-01,"The images reuse REFUGE, Drishti-GS, ORIGA, and RIGA sources.",0.7.0,2026-08-02
fundus_report_dataset,Fundus Report Dataset,multimodal,fundus|uwf_fundus|text,1,422,image_report_pairs,Fundus or UWF image-report rows,https://huggingface.co/datasets/zzzzineun/fundus-report-dataset,official_source_description,True,exact,2026-08-01,,0.7.0,2026-08-02
g1020,G1020: Glaucoma Benchmark Fundus Dataset,fundus,fundus,1,1020,images,Primary quantity reported in the reviewed catalog source,https://arxiv.org/abs/2006.09158,legacy_catalog_field,True,not_assessed,2026-08-01,,0.7.0,2026-08-02
gamma,GAMMA — Glaucoma Grading from Multi-Modality Images,multimodal,fundus|oct,1,300,volumes,Primary quantity reported in the reviewed catalog source,https://drive.google.com/file/d/1thJDE1_TR-xa8f3H-0PwPpDxun7rV8Sw/view,legacy_catalog_field,True,not_assessed,2026-08-01,,0.7.0,2026-08-02
gaze360,Gaze360 Physically Unconstrained Gaze Dataset,eye_tracking,eye_tracking,1,172000,frames,Labeled panoramic-camera frames,http://gaze360.csail.mit.edu/,official_source_description,True,approximate,2026-08-01,,0.7.0,2026-08-02
gaze360,Gaze360 Physically Unconstrained Gaze Dataset,eye_tracking,eye_tracking,2,238,participants,Source-described participants,http://gaze360.csail.mit.edu/,official_source_description,False,exact,2026-08-01,,0.7.0,2026-08-02
gaze_capture,GazeCapture Mobile Eye-Tracking Dataset,eye_tracking,eye_tracking,1,2445504,frames,Labeled mobile-camera frames,https://gazecapture.csail.mit.edu/,official_source_description,True,exact,2026-08-01,,0.7.0,2026-08-02
gaze_capture,GazeCapture Mobile Eye-Tracking Dataset,eye_tracking,eye_tracking,2,1474,participants,Crowdsourced participants,https://gazecapture.csail.mit.edu/,official_source_description,False,exact,2026-08-01,,0.7.0,2026-08-02
ghana_eye_screening,Eye Screening Data for First-Year University Students in Ghana,tabular,tabular,1,2494,participants,Participants completing questionnaire and clinical examination,https://data.mendeley.com/datasets/mfv6sb5wyc/4,official_source_description,True,exact,2026-08-01,,0.7.0,2026-08-02
glaucoma_expert_cot_refined,Glaucoma Expert Chain-of-Thought Refined Dataset,fundus,fundus,1,1074,image_report_pairs,"Source reports 1,074 fundus cases with refined JSONL reasoning records.",https://huggingface.co/datasets/yuzhench/glaucoma-expert-cot-refined-1077,official_source_description,True,exact,2026-08-02,Source-stated quantity; repository file count is separate.,0.7.0,2026-08-02
glaucoma_eye_movements,Eye Movements of Glaucoma Patients with Asymmetrical Visual Field Loss,eye_tracking,eye_tracking,1,270,participants,Primary quantity reported in the reviewed catalog source,https://zenodo.org/records/7761477,legacy_catalog_field,True,not_assessed,2026-08-01,,0.7.0,2026-08-02
gleam,GLEAM Multimodal Glaucoma Staging Dataset,oct,oct,1,3600,images,"Three image modalities for each of 1,200 distinct samples in the all_samples directory",https://www.kaggle.com/datasets/zhangyiyinge/gleam-dataset,derived_from_reported_components,True,exact,2026-08-02,"The 4,320 additional JPG files under split directories repeat samples for model-development partitions and are not additional source images.",0.7.0,2026-08-02
gleam,GLEAM Multimodal Glaucoma Staging Dataset,oct,oct,2,1200,records,Distinct tri-modal glaucoma samples,https://www.kaggle.com/datasets/zhangyiyinge/gleam-dataset,official_source_description,False,exact,2026-08-02,"Each sample contains one SLO image, one OCT thickness map, and one visual-field pattern-deviation map.",0.7.0,2026-08-02
gleam,GLEAM Multimodal Glaucoma Staging Dataset,oct,oct,3,841,participants,Source-reported patient cohort,https://www.kaggle.com/datasets/zhangyiyinge/gleam-dataset,official_source_description,False,exact,2026-08-02,,0.7.0,2026-08-02
goals,GOALS — Glaucoma OCT Layer Segmentation (MICCAI 2022),oct,oct,1,300,images,Primary quantity reported in the reviewed catalog source,https://aistudio.baidu.com/competition/detail/783/0/introduction,legacy_catalog_field,True,not_assessed,2026-08-01,,0.7.0,2026-08-02
goblet_cell_segmentation,Human Conjunctival Goblet Cell Segmentation Dataset,cell_microscopy,cell_microscopy,1,24,images,Unpatched microscopy fields,https://doi.org/10.5281/zenodo.18642562,official_source_description,True,exact,2026-08-01,,0.7.0,2026-08-02
goblet_cell_segmentation,Human Conjunctival Goblet Cell Segmentation Dataset,cell_microscopy,cell_microscopy,2,1152,images,Derivative 256 by 256 patches,https://doi.org/10.5281/zenodo.18642562,official_source_description,False,exact,2026-08-01,Patches derive from the 24 primary fields and must not be added as independent source images.,0.7.0,2026-08-02
grape,GRAPE: Glaucoma Real-world Appraisal Progression Ensemble,multimodal,fundus|oct|visual_field|tabular,1,1115,examinations,Primary quantity reported in the reviewed catalog source,https://doi.org/10.6084/m9.figshare.c.6406319,legacy_catalog_field,True,not_assessed,2026-08-01,,0.7.0,2026-08-02
harvard_fairvision,"Harvard-FairVision (AMD + DR + Glaucoma, paired SLO + OCT)",multimodal,fundus|oct,1,30000,participants,Primary quantity reported in the reviewed catalog source,https://ophai.hms.harvard.edu/datasets/harvard-fairvision30k,legacy_catalog_field,True,not_assessed,2026-08-01,,0.7.0,2026-08-02
harvard_gdp,Harvard GDP: Glaucoma Detection and Progression Dataset,oct,oct|visual_field|tabular,1,1000,participants,Primary quantity reported in the reviewed catalog source,https://drive.google.com/drive/folders/1JMi_HCql113uc9X0DOaMkNfEWfxaDlEz,legacy_catalog_field,True,not_assessed,2026-08-01,,0.7.0,2026-08-02
harvard_glaucoma,Harvard Glaucoma Fundus Image Dataset,fundus,fundus,1,1000,images,Primary quantity reported in the reviewed catalog source,https://doi.org/10.7910/DVN/1YRRAC,legacy_catalog_field,True,not_assessed,2026-08-01,,0.7.0,2026-08-02
hassan_composite_retina,Composite Retinal Fundus and OCT Dataset with Clinical Markings,multimodal,fundus|oct,1,64,images,Fundus component described by the associated publication,https://doi.org/10.1016/B978-0-12-817438-8.00005-5,associated_publication,False,exact,2026-08-01,The count was not confirmed as the exact content of the cataloged Mendeley v4 archive.,0.7.0,2026-08-02
hassan_composite_retina,Composite Retinal Fundus and OCT Dataset with Clinical Markings,multimodal,fundus|oct,2,2497,b_scans,OCT component described by the associated publication,https://doi.org/10.1016/B978-0-12-817438-8.00005-5,associated_publication,False,exact,2026-08-01,The count was not confirmed as the exact content of the cataloged Mendeley v4 archive.,0.7.0,2026-08-02
hei_med,HEI-MED: Hamilton Eye Institute Macular Edema Dataset,fundus,fundus,1,169,images,Primary quantity reported in the reviewed catalog source,https://github.com/lgiancaUTH/HEI-MED,legacy_catalog_field,True,not_assessed,2026-08-01,,0.7.0,2026-08-02
higancnn_generated_glaucoma,HiGANCNN Generated Glaucoma Dataset,fundus,fundus,1,30000,images,"Source reports 30,000 generated eye images.",https://www.kaggle.com/datasets/hindsaud/datasets-higancnn-glaucoma-detection,official_source_description,True,exact,2026-08-02,Source-stated quantity; repository file count is separate.,0.7.0,2026-08-02
hpmi,HPMI: High & Pathological Myopia Identification,fundus,fundus,1,4011,images,Primary quantity reported in the reviewed catalog source,https://doi.org/10.6084/m9.figshare.24800232,legacy_catalog_field,True,not_assessed,2026-08-01,,0.7.0,2026-08-02
hrf,HRF: High-Resolution Fundus Image Database,fundus,fundus,1,45,images,Primary quantity reported in the reviewed catalog source,https://www5.cs.fau.de/research/data/fundus-images/,legacy_catalog_field,True,not_assessed,2026-08-01,,0.7.0,2026-08-02
hrf_seg_plus,HRF-Seg+: Multi-Structure Fundus Annotations,fundus,fundus,1,45,images,HRF images receiving extended annotations,https://zenodo.org/records/16744782,official_source_description,True,exact,2026-08-01,,0.7.0,2026-08-02
hyamd,HYAMD High-Resolution Fundus Image Dataset for AMD Diagnosis,fundus,fundus,1,1560,images,Primary quantity reported in the reviewed catalog source,https://physionet.org/content/hillel-yaffe-fundus-amd/1.0.0/,legacy_catalog_field,True,not_assessed,2026-08-01,,0.7.0,2026-08-02
hygd,HYGD: Hillel Yaffe Glaucoma Dataset,fundus,fundus,1,747,images,Primary quantity reported in the reviewed catalog source,https://doi.org/10.13026/pdxv-m215,legacy_catalog_field,True,not_assessed,2026-08-01,,0.7.0,2026-08-02
ichallenge_amd,iChallenge-AMD: Age-related Macular Degeneration,fundus,fundus,1,400,images,Primary quantity reported in the reviewed catalog source,https://amd.grand-challenge.org/download/,legacy_catalog_field,True,not_assessed,2026-08-01,,0.7.0,2026-08-02
ichallenge_oct,iChallenge OCT Datasets (HDMILab / OMIA Workshops),oct,oct,1,300,volumes,Primary quantity reported in the reviewed catalog source,http://hdmilab.cn/ichallenge,legacy_catalog_field,True,not_assessed,2026-08-01,,0.7.0,2026-08-02
idrid,IDRiD: Indian Diabetic Retinopathy Image Dataset,fundus,fundus,1,516,images,Primary quantity reported in the reviewed catalog source,https://ieee-dataport.org/open-access/indian-diabetic-retinopathy-image-dataset-idrid,legacy_catalog_field,True,not_assessed,2026-08-01,,0.7.0,2026-08-02
insegcat,InSegCat: Instance Segmentation for Cataract Surgery,surgical_video,surgical_video,1,5581,annotated_images,Current Dataset 1 v2 plus Dataset 2,https://ftp.itec.aau.at/datasets/ovid/InSegCat/,derived_from_reported_components,True,exact,2026-08-01,,0.7.0,2026-08-02
insegcat,InSegCat: Instance Segmentation for Cataract Surgery,surgical_video,surgical_video,2,843,annotated_images,"Dataset 1 v2, manually annotated Cataract-101 frames",https://ftp.itec.aau.at/datasets/ovid/InSegCat/,official_source_description,False,exact,2026-08-01,,0.7.0,2026-08-02
insegcat,InSegCat: Instance Segmentation for Cataract Surgery,surgical_video,surgical_video,3,4738,annotated_images,"Dataset 2, CaDIS-derived annotations",https://ftp.itec.aau.at/datasets/ovid/InSegCat/,official_source_description,False,exact,2026-08-01,,0.7.0,2026-08-02
intraretinal_cystoid_fluid,Intraretinal Cystoid Fluid OCT Segmentation Dataset,oct,oct,1,1460,images,Primary quantity reported in the reviewed catalog source,https://www.kaggle.com/datasets/zeeshanahmed13/intraretinal-cystoid-fluid,legacy_catalog_field,True,not_assessed,2026-08-01,,0.7.0,2026-08-02
irfdrd,Iraqi Retinal Fundus Diabetic Retinopathy Dataset,fundus,fundus,1,700,images,JPEG files in the three nested class archives,https://zenodo.org/records/12552326,current_deposit_file_listing,True,exact,2026-08-01,"Archive listing resolves a conflicting class table in the source description: 153 healthy, 59 mild, 304 moderate, 99 severe, and 85 PDR files.",0.7.0,2026-08-02
itec_iris_pupil,ITEC Iris and Pupil Segmentation Dataset,surgical_video,surgical_video,1,82,frames,Official ITEC source reports 82 annotated frames from 35 cataract-surgery videos.,https://ftp.itec.aau.at/datasets/ovid/iris_pupil_seg/index.html,official_source_description,True,exact,2026-08-02,Source-stated quantity; repository file count is separate.,0.7.0,2026-08-02
jichi,Jichi Medical University Diabetic Retinopathy Dataset,fundus,fundus,1,9939,images,Primary quantity reported in the reviewed catalog source,https://doi.org/10.6084/m9.figshare.4879853,legacy_catalog_field,True,not_assessed,2026-08-01,,0.7.0,2026-08-02
jrc_multimodal_vessels,JRC Multi-Modal Retinal Vessel Segmentation,multimodal,fundus|fundus_angiography|fundus_autofluorescence|infrared,1,120,images,"Forty images in each of FA, FAF, and infrared subsets",https://zenodo.org/records/17874693,derived_from_reported_components,True,exact,2026-08-01,,0.7.0,2026-08-02
jsiec,JSIEC Fundus Photo Dataset,fundus,fundus,1,1000,images,Primary quantity reported in the reviewed catalog source,https://zenodo.org/record/3477553,legacy_catalog_field,True,not_assessed,2026-08-01,,0.7.0,2026-08-02
justraigs,JustRAIGS: Just Referral AI Glaucoma Screening Dataset,fundus,fundus,1,101442,images,Primary quantity reported in the reviewed catalog source,https://zenodo.org/records/10035093,legacy_catalog_field,True,not_assessed,2026-08-01,,0.7.0,2026-08-02
keratoconus_detection_kaggle,Keratoconus Detection Corneal Maps,corneal_topography,corneal_topography,1,573,images,Primary quantity reported in the reviewed catalog source,https://www.kaggle.com/datasets/elmehdi12/keratoconus-detection,legacy_catalog_field,True,not_assessed,2026-08-01,,0.7.0,2026-08-02
kermany_oct,Kermany OCT 2018: Retinal OCT Image Classification,oct,oct,1,84484,images,Primary quantity reported in the reviewed catalog source,https://www.kaggle.com/datasets/paultimothymooney/kermany2018,legacy_catalog_field,True,not_assessed,2026-08-01,,0.7.0,2026-08-02
lag,LAG: Large-scale Attention-based Glaucoma Database,fundus,fundus,1,11760,images,Primary quantity reported in the reviewed catalog source,https://github.com/smilell/AG-CNN,legacy_catalog_field,True,not_assessed,2026-08-01,,0.7.0,2026-08-02
leops_erg,LEOPs Light-Adapted Electroretinogram and Oscillatory Potentials Dataset,electrophysiology,electrophysiology|tabular,1,9743,signals,Averaged ERG and oscillatory-potential waveforms,https://data.mendeley.com/datasets/w3yx7hdds7/1,derived_from_reported_components,True,exact,2026-08-01,,0.7.0,2026-08-02
leops_erg,LEOPs Light-Adapted Electroretinogram and Oscillatory Potentials Dataset,electrophysiology,electrophysiology|tabular,2,253,participants,Pediatric participants,https://data.mendeley.com/datasets/w3yx7hdds7/1,official_source_description,False,exact,2026-08-01,,0.7.0,2026-08-02
leops_erg,LEOPs Light-Adapted Electroretinogram and Oscillatory Potentials Dataset,electrophysiology,electrophysiology|tabular,3,558,images,Electrode-position eye images,https://data.mendeley.com/datasets/w3yx7hdds7/1,official_source_description,False,exact,2026-08-01,,0.7.0,2026-08-02
lmod_cataract_1k,LMOD-Cataract-1K,surgical_video,surgical_video,1,2256,images,Rows in the versioned Hugging Face deposit,https://huggingface.co/datasets/mehti/LMOD-Cataract-1K,current_deposit_table,True,exact,2026-08-01,,0.7.0,2026-08-02
lmod_cataract_1k_cot,Cataract-1K Surgical Analysis Chain-of-Thought Dataset,multimodal,surgical_video|text,1,2256,images,PNG images in the versioned Hugging Face deposit,https://huggingface.co/datasets/mehti/LMOD-Cataract-1K-surgical-analysis-cot,current_deposit_file_listing,True,exact,2026-08-01,,0.7.0,2026-08-02
lmod_cataract_1k_cot,Cataract-1K Surgical Analysis Chain-of-Thought Dataset,multimodal,surgical_video|text,2,11280,question_answer_pairs,Rows across five cross-validation train/validation fold pairs,https://huggingface.co/datasets/mehti/LMOD-Cataract-1K-surgical-analysis-cot,current_deposit_table,False,exact,2026-08-01,"The five folds repeat the 2,256 source images; 11,280 is not a unique-image count.",0.7.0,2026-08-02
lmod_plus,LMOD+ Multimodal Ophthalmology Benchmark,multimodal,fundus|oct|external_eye|surgical_video|text|tabular,1,32633,annotated_instances,Composite benchmark instances,https://kfzyqin.github.io/lmod_plus/,official_source_description,True,exact,2026-08-01,,0.7.0,2026-08-02
lpw,LPW Labelled Pupils in the Wild,eye_tracking,eye_tracking,1,130856,frames,Labeled eye-region images,https://www.mpi-inf.mpg.de/departments/computer-vision-and-machine-learning/research/gaze-based-human-computer-interaction/labelled-pupils-in-the-wild-lpw,official_source_description,True,exact,2026-08-01,,0.7.0,2026-08-02
lpw,LPW Labelled Pupils in the Wild,eye_tracking,eye_tracking,2,66,videos,High-speed source videos,https://www.mpi-inf.mpg.de/departments/computer-vision-and-machine-learning/research/gaze-based-human-computer-interaction/labelled-pupils-in-the-wild-lpw,official_source_description,False,exact,2026-08-01,,0.7.0,2026-08-02
lpw,LPW Labelled Pupils in the Wild,eye_tracking,eye_tracking,3,22,participants,Participants recorded in everyday locations,https://www.mpi-inf.mpg.de/departments/computer-vision-and-machine-learning/research/gaze-based-human-computer-interaction/labelled-pupils-in-the-wild-lpw,official_source_description,False,exact,2026-08-01,,0.7.0,2026-08-02
maetschke_glaucoma_oct,OCT Volumes for Glaucoma Detection,oct,oct,1,1110,volumes,Primary quantity reported in the reviewed catalog source,https://doi.org/10.5281/zenodo.1481223,legacy_catalog_field,True,not_assessed,2026-08-01,,0.7.0,2026-08-02
maples_dr,MAPLES-DR: Montreal Annotation Project for DR,fundus,fundus,1,198,images,Primary quantity reported in the reviewed catalog source,https://doi.org/10.6084/m9.figshare.24328660,legacy_catalog_field,True,not_assessed,2026-08-01,,0.7.0,2026-08-02
mario,MARIO: AMD-Progression Longitudinal OCT (MICCAI 2024),oct,oct,1,30000,images,Primary quantity reported in the reviewed catalog source,https://zenodo.org/records/15270469,legacy_catalog_field,True,not_assessed,2026-08-01,,0.7.0,2026-08-02
mbrset,mBRSET: Mobile Brazilian Retinal Dataset,fundus,fundus,1,5164,images,Primary quantity reported in the reviewed catalog source,https://physionet.org/content/mbrset/1.0/,legacy_catalog_field,True,not_assessed,2026-08-01,,0.7.0,2026-08-02
mcoa,MCOA: Multimodal Corneal Opacity Assessment Dataset,multimodal,oct|external_eye,1,6664,images,Primary quantity reported in the reviewed catalog source,https://doi.org/10.6084/m9.figshare.28123088.v1,legacy_catalog_field,True,not_assessed,2026-08-01,,0.7.0,2026-08-02
mendeley_biochemical_parameters_tear_fluid_chemical_burns,Dataset of biochemical parameters of tear fluid in chemical burns,tabular,tabular,1,110,participants,Source-stated quantity,https://data.mendeley.com/datasets/zhk775h6n4,official_source_description,True,exact,2026-08-02,Preserved from the source-confirmation record.,0.7.0,2026-08-02
mendeley_biomechanical_properties_adult_patients_high_myopia,"Biomechanical properties of adult patients with high myopia after implantable collamer lens (ICL, V4) implantation",corneal_topography,corneal_topography,1,110,eyes,Source-stated quantity,https://data.mendeley.com/datasets/yry4r9y9v5,official_source_description,True,exact,2026-08-02,Preserved from the source-confirmation record.,0.7.0,2026-08-02
mendeley_blinking_its_relationship_ocular_surface_digital,Blinking and its relationship with the ocular surface and digital device use in school aged children ,tabular,tabular,1,45,participants,Source-stated quantity,https://data.mendeley.com/datasets/vyb5fv6ppp,official_source_description,True,exact,2026-08-02,Preserved from the source-confirmation record.,0.7.0,2026-08-02
mendeley_corneal_refractive_parameters_age_patients_without,corneal refractive parameters with age in patients without corneal diseases based on Fourier analysis ,corneal_topography,corneal_topography,1,2545,participants,Source-stated quantity,https://data.mendeley.com/datasets/yr8hbwmsvy,official_source_description,True,exact,2026-08-02,Preserved from the source-confirmation record.,0.7.0,2026-08-02
mendeley_cust_iris,CUST-Iris,iris_biometrics,iris_biometrics,1,2880,images,Source-stated quantity,https://data.mendeley.com/datasets/3j6skjpsng,official_source_description,True,exact,2026-08-02,Preserved from the source-confirmation record.,0.7.0,2026-08-02
mendeley_demographic_profile_clinical_characteristics_patients_presenting,Demographic profile and clinical characteristics of patients presenting with acute ocular burns,tabular,tabular,1,2,documents,Source-stated quantity,https://data.mendeley.com/datasets/hwnm88jyzg,official_source_description,True,exact,2026-08-02,Preserved from the source-confirmation record.,0.7.0,2026-08-02
mendeley_dex_combined_ppv_pdr,DEX combined PPV in PDR,tabular,tabular,1,104,eyes,Source-stated quantity,https://data.mendeley.com/datasets/zcmpcczdhs,official_source_description,True,exact,2026-08-02,Preserved from the source-confirmation record.,0.7.0,2026-08-02
mendeley_electrooculography_eog_blink_analysis_ocular_fatigue,Electrooculography (EOG) Dataset for Blink Analysis and Ocular Fatigue Detection,electrophysiology,electrophysiology|tabular,1,4,participants,Source-stated quantity,https://data.mendeley.com/datasets/w7hm97cts5,official_source_description,True,exact,2026-08-02,Preserved from the source-confirmation record.,0.7.0,2026-08-02
mendeley_exome_sequencing_clec3b,Exome sequencing data for CLEC3B,omics,omics,1,9,participants,Source-stated quantity,https://data.mendeley.com/datasets/xcw5x5z49r,official_source_description,True,exact,2026-08-02,Preserved from the source-confirmation record.,0.7.0,2026-08-02
mendeley_influence_angle_alpha_angle_kappa_optical,"The influence of angle alpha, angle kappa and optical aberra-tions on the visual outcomes after implantation of a high-addition trifocal IOL_2021",tabular,tabular,1,56,eyes,Source-stated quantity,https://data.mendeley.com/datasets/w5ws4pzzxr,official_source_description,True,exact,2026-08-02,Preserved from the source-confirmation record.,0.7.0,2026-08-02
mendeley_iscev_standard_full_field_erg_reference,"ISCEV standard full-field ERG reference limits from 407 healthy subjects, derived from transference and validation of reference data between electrode types and centres",electrophysiology,electrophysiology,1,407,participants,Source-stated quantity,https://data.mendeley.com/datasets/kcptb9jrf5,official_source_description,True,exact,2026-08-02,Preserved from the source-confirmation record.,0.7.0,2026-08-02
mendeley_multi_class_retinal_fundus_image_deep,A Multi-Class Retinal Fundus Image Dataset for Deep Learning-Based Ocular Disease Diagnosis,fundus,fundus,1,1222,images,Source-stated quantity,https://data.mendeley.com/datasets/z227d626vm,official_source_description,True,exact,2026-08-02,Preserved from the source-confirmation record.,0.7.0,2026-08-02
mendeley_nagyz_liberty_677my_vs_alcon_acrysof,NagyZ_Liberty 677MY vs. Alcon AcrySof,tabular,tabular,1,100,eyes,Source-stated quantity,https://data.mendeley.com/datasets/zygxgyf4ns,official_source_description,True,exact,2026-08-02,Preserved from the source-confirmation record.,0.7.0,2026-08-02
mendeley_netarsudil_on_kdb_treated_eyes,Netarsudil on KDB-treated Eyes,tabular,tabular,1,70,eyes,Source-stated quantity,https://data.mendeley.com/datasets/r6gw6fnvdm,official_source_description,True,exact,2026-08-02,Preserved from the source-confirmation record.,0.7.0,2026-08-02
mendeley_proteomic_analysis_human_autoimmune_retinopathy_air,Proteomic analysis of human autoimmune retinopathy (AIR) vitreous,omics,omics,1,5,participants,Source-stated quantity,https://data.mendeley.com/datasets/t7yrm5x3ws,official_source_description,True,exact,2026-08-02,Preserved from the source-confirmation record.,0.7.0,2026-08-02
mendeley_retina_identification_database_ridb,Retina Identification Database (RIDB),multimodal,fundus|tabular,1,100,images,Source-stated quantity,https://data.mendeley.com/datasets/tjw3zwntv6,official_source_description,True,exact,2026-08-02,Preserved from the source-confirmation record.,0.7.0,2026-08-02
mendeley_sub_cone_visual_resolution_by_active,"Data from: Sub-cone visual resolution by active, adaptive sampling in the human foveola",adaptive_optics,adaptive_optics|eye_tracking|tabular,1,16,participants,Source-stated quantity,https://data.mendeley.com/datasets/zp6d5w8kdv,official_source_description,True,exact,2026-08-02,Preserved from the source-confirmation record.,0.7.0,2026-08-02
mendeley_trabecular_microbypass_stent_implantation_pseudophakic_eyes,Data for: Trabecular microbypass stent implantation in pseudophakic eyes with open-angle glaucoma: long-term results,tabular,tabular,1,51,eyes,Source-stated quantity,https://data.mendeley.com/datasets/zsxt8wk4sh,official_source_description,True,exact,2026-08-02,Preserved from the source-confirmation record.,0.7.0,2026-08-02
mendeley_two_photon_excited_fluorescence_scanning_laser,Two-photon excited fluorescence scanning laser ophthalmoscopy images and software for data processing,fundus,fundus|retinal_imaging|tabular,1,1,participants,Source-stated quantity,https://data.mendeley.com/datasets/nhpnt78ssy,official_source_description,True,exact,2026-08-02,Preserved from the source-confirmation record.,0.7.0,2026-08-02
messidor2,MESSIDOR-2,fundus,fundus,1,1748,images,Primary quantity reported in the reviewed catalog source,https://www.adcis.net/en/third-party/messidor2/,legacy_catalog_field,True,not_assessed,2026-08-01,,0.7.0,2026-08-02
mfiddr,MFIDDR: Multi-Field Imaging Dataset for Diabetic Retinopathy,fundus,fundus,1,34452,images,Primary quantity reported in the reviewed catalog source,https://github.com/mfiddr/MFIDDR,legacy_catalog_field,True,not_assessed,2026-08-01,,0.7.0,2026-08-02
mgd1k,MGD-1k Meibomian Gland Dataset,external_eye,external_eye,1,1000,images,Primary quantity reported in the reviewed catalog source,https://mgd1k.github.io/index.html,legacy_catalog_field,True,not_assessed,2026-08-01,,0.7.0,2026-08-02
migs_video,Multicenter Fine-Annotated MIGS Surgical Video Dataset,surgical_video,surgical_video,1,186,videos,Primary quantity reported in the reviewed catalog source,https://doi.org/10.1038/s41597-026-07535-2,legacy_catalog_field,True,not_assessed,2026-08-01,,0.7.0,2026-08-02
mm_retinal_reason,MM-Retinal-Reason: Ophthalmology Multimodal Reasoning Dataset,multimodal,fundus|fundus_angiography|oct|text,1,130,question_answer_pairs,Sixty basic and seventy complex reasoning records,https://huggingface.co/datasets/lxirich/MM-Retinal-Reason/tree/d6243baa82c0914dba3c6f43ca79fdbf856982ef,current_deposit_table,True,exact,2026-08-01,,0.7.0,2026-08-02
mm_retinal_reason,MM-Retinal-Reason: Ophthalmology Multimodal Reasoning Dataset,multimodal,fundus|fundus_angiography|oct|text,2,227,image_references,Image references across the 130 reasoning records,https://huggingface.co/datasets/lxirich/MM-Retinal-Reason/tree/d6243baa82c0914dba3c6f43ca79fdbf856982ef,current_deposit_table,False,exact,2026-08-01,Complex records can reference more than one image; references need not be unique images.,0.7.0,2026-08-02
mm_retinal_reason,MM-Retinal-Reason: Ophthalmology Multimodal Reasoning Dataset,multimodal,fundus|fundus_angiography|oct|text,3,45,source_datasets,Public source datasets reported by the resource,https://huggingface.co/datasets/lxirich/MM-Retinal-Reason/tree/d6243baa82c0914dba3c6f43ca79fdbf856982ef,official_source_description,False,exact,2026-08-01,,0.7.0,2026-08-02
mmrdr,MMRDR: Multi-Modal Retinal Diabetic Retinopathy Dataset,multimodal,fundus|oct|uwf_fundus,1,24460,images,Primary quantity reported in the reviewed catalog source,https://doi.org/10.6084/m9.figshare.29423747,legacy_catalog_field,True,not_assessed,2026-08-01,,0.7.0,2026-08-02
mpii_gaze,MPIIGaze Appearance-Based Gaze Estimation Dataset,eye_tracking,eye_tracking,1,213659,images,Primary quantity reported in the reviewed catalog source,https://www.mpi-inf.mpg.de/de/departments/computer-vision-and-machine-learning/research/gaze-based-human-computer-interaction/appearance-based-gaze-estimation-in-the-wild,legacy_catalog_field,True,not_assessed,2026-08-01,,0.7.0,2026-08-02
mshf,Multi-Source Heterogeneous Fundus Dataset for Image Quality Assessment,fundus,fundus,1,1302,images,Unique source images in the Original directory,https://doi.org/10.6084/m9.figshare.21507564,current_deposit_file_listing,True,exact,2026-08-01,,0.7.0,2026-08-02
mshf,Multi-Source Heterogeneous Fundus Dataset for Image Quality Assessment,fundus,fundus,2,1302,images,Train/test analysis copies,https://doi.org/10.6084/m9.figshare.21507564,current_deposit_file_listing,False,exact,2026-08-01,"These are copies of the 1,302 source images and are not an additional cohort.",0.7.0,2026-08-02
msila_fundus_dr,M'Sila Retinal Fundus Dataset for Diabetic Retinopathy Classification,fundus,fundus,1,1335,images,Primary quantity reported in the reviewed catalog source,https://zenodo.org/records/19169587,legacy_catalog_field,True,not_assessed,2026-08-01,,0.7.0,2026-08-02
multieye,MultiEYE: OCT-Enhanced Fundus Multi-Disease Benchmark,multimodal,fundus|oct,1,103959,images,Fundus and OCT images across the composite benchmark,https://arxiv.org/abs/2412.09402,derived_from_reported_components,True,exact,2026-08-01,Component source datasets overlap other catalog records.,0.7.0,2026-08-02
multieye,MultiEYE: OCT-Enhanced Fundus Multi-Disease Benchmark,multimodal,fundus|oct,2,58036,images,Fundus component,https://arxiv.org/abs/2412.09402,official_source_description,False,exact,2026-08-01,,0.7.0,2026-08-02
multieye,MultiEYE: OCT-Enhanced Fundus Multi-Disease Benchmark,multimodal,fundus|oct,3,45923,images,OCT component,https://arxiv.org/abs/2412.09402,official_source_description,False,exact,2026-08-01,,0.7.0,2026-08-02
mured,MuReD: Multi-label Retinal Diseases Dataset,fundus,fundus,1,2208,images,Primary quantity reported in the reviewed catalog source,https://data.mendeley.com/datasets/pc4mb3h8hz/1,legacy_catalog_field,True,not_assessed,2026-08-01,,0.7.0,2026-08-02
myopic_regression_fundus,Myopic Regression after Corneal Refractive Surgery Fundus Sample,fundus,fundus,1,330,images,Primary quantity reported in the reviewed catalog source,https://data.mendeley.com/datasets/k34rvfw3dg/2,legacy_catalog_field,True,not_assessed,2026-08-01,,0.7.0,2026-08-02
nd_iris_0405,ND-IRIS-0405 Iris Image Dataset,iris_biometrics,iris_biometrics,1,64980,images,Primary quantity reported in the reviewed catalog source,https://tsapps.nist.gov/BDbC/Search/Details/371,legacy_catalog_field,True,not_assessed,2026-08-01,,0.7.0,2026-08-02
nehut,NEH-UT Retinal OCT Dataset,oct,oct,1,16822,images,Primary quantity reported in the reviewed catalog source,https://data.mendeley.com/datasets/8kt969dhx6/2,legacy_catalog_field,True,not_assessed,2026-08-01,,0.7.0,2026-08-02
ochid,OCHID: OCT Choroidal Image Dataset,oct,oct,1,640,images,Primary quantity reported in the reviewed catalog source,https://imed.nimte.ac.cn/OCHID.html,legacy_catalog_field,True,not_assessed,2026-08-01,,0.7.0,2026-08-02
oct5k,OCT5k: Multi-Disease Retinal Layer Annotations,oct,oct,1,1672,images,Primary quantity reported in the reviewed catalog source,https://doi.org/10.5522/04/22128671,legacy_catalog_field,True,not_assessed,2026-08-01,,0.7.0,2026-08-02
oct_c8,Retinal OCT-C8: 8-Class OCT Classification,oct,oct,1,24000,images,Primary quantity reported in the reviewed catalog source,https://www.kaggle.com/datasets/obulisainaren/retinal-oct-c8,legacy_catalog_field,True,not_assessed,2026-08-01,,0.7.0,2026-08-02
oct_cirrus,Duke Srinivasan Retinal OCT Dataset,oct,oct,1,45,volumes,Primary quantity reported in the reviewed catalog source,https://people.duke.edu/~sf59/Srinivasan_BOE_2014_dataset.htm,legacy_catalog_field,True,not_assessed,2026-08-01,,0.7.0,2026-08-02
oct_fundus_dme_dr_mexico,OCT and Eye Fundus Dataset for DME and DR,multimodal,fundus|oct,1,2661,images,Primary quantity reported in the reviewed catalog source,https://github.com/Traslational-Visual-Health-Laboratory/OCT-AND-EYE-FUNDUS-DATASET,legacy_catalog_field,True,not_assessed,2026-08-01,,0.7.0,2026-08-02
oct_macular_hole_postsurgery,HD-OCT of Macular Hole Before and After Surgery,oct,oct,1,2658,images,Primary quantity reported in the reviewed catalog source,https://www.kaggle.com/datasets/mathieugodbout/oct-postsurgery-visual-improvement,legacy_catalog_field,True,not_assessed,2026-08-01,,0.7.0,2026-08-02
oct_ms_jhu,OCT Retinal Layer Segmentation — MS & Healthy Controls (JHU/IACL),oct,oct,1,1715,b_scans,B-scans in 35 OCT volumes,https://doi.org/10.1016/j.dib.2018.11.060,associated_publication,True,exact,2026-08-01,,0.7.0,2026-08-02
oct_ms_jhu,OCT Retinal Layer Segmentation — MS & Healthy Controls (JHU/IACL),oct,oct,2,35,volumes,Spectralis OCT volumes,https://doi.org/10.1016/j.dib.2018.11.060,associated_publication,False,exact,2026-08-01,,0.7.0,2026-08-02
octa_500,OCTA-500: Large-scale OCTA Multi-task Benchmark,octa,octa,1,500,participants,Primary quantity reported in the reviewed catalog source,https://ieee-dataport.org/open-access/octa-500,legacy_catalog_field,True,not_assessed,2026-08-01,,0.7.0,2026-08-02
octa_macula_coronal,OCTA Macula Coronal Views,octa,octa,1,82560,images,Derived coronal PNG views,https://data.mendeley.com/datasets/p5h7x55zw7/1,derived_from_reported_components,True,exact,2026-08-01,,0.7.0,2026-08-02
octa_macula_coronal,OCTA Macula Coronal Views,octa,octa,2,129,participants,Subject-level OCTA scans,https://data.mendeley.com/datasets/p5h7x55zw7/1,official_source_description,False,exact,2026-08-01,,0.7.0,2026-08-02
octave,OCTAVE: 3D SD-OCT Retinal Segmentation Dataset,oct,oct,1,198,volumes,Primary quantity reported in the reviewed catalog source,https://zenodo.org/records/14580071,legacy_catalog_field,True,not_assessed,2026-08-01,,0.7.0,2026-08-02
octdl,OCTDL: OCT Deep Learning Dataset,oct,oct,1,2000,images,Primary quantity reported in the reviewed catalog source,https://data.mendeley.com/datasets/sncdhf53xc/4,legacy_catalog_field,True,not_assessed,2026-08-01,,0.7.0,2026-08-02
octid,OCTID: OCT Image Database,oct,oct,1,500,images,Primary quantity reported in the reviewed catalog source,https://borealisdata.ca/dataverse/OCTID,legacy_catalog_field,True,not_assessed,2026-08-01,,0.7.0,2026-08-02
ocular_chat_vqa,OcularChat-VQA: AREDS-Derived Patient-Physician Dialogue Dataset,multimodal,text|tabular,1,844000,records,Primary quantity reported in the reviewed catalog source,https://huggingface.co/datasets/ncbi/OcularChat-VQA,legacy_catalog_field,True,not_assessed,2026-08-01,,0.7.0,2026-08-02
oculoscope,OculoScope: Fairer AI in Ophthalmology Dataset,uwf_fundus,uwf_fundus|tabular,1,16530,images,Primary quantity reported in the reviewed catalog source,https://figshare.com/s/926c2c2ef9e77ab5eb9d,legacy_catalog_field,True,not_assessed,2026-08-01,,0.7.0,2026-08-02
odir2019,ODIR-2019: Ocular Disease Intelligent Recognition,fundus,fundus,1,8000,participants,Primary quantity reported in the reviewed catalog source,https://www.kaggle.com/datasets/andrewmvd/ocular-disease-recognition-odir5k,legacy_catalog_field,True,not_assessed,2026-08-01,,0.7.0,2026-08-02
odir2019,ODIR-2019: Ocular Disease Intelligent Recognition,fundus,fundus,2,16000,images,Left- and right-eye fundus images,https://odir2019.grand-challenge.org/,official_source_description,False,exact,2026-08-01,,0.7.0,2026-08-02
oimhs,OIMHS: OCT Image Macular Hole Segmentation Dataset,oct,oct,1,3859,images,Primary quantity reported in the reviewed catalog source,https://doi.org/10.6084/m9.figshare.23508453,legacy_catalog_field,True,not_assessed,2026-08-01,,0.7.0,2026-08-02
olives,OLIVES: Ophthalmic Labels for Investigating Visual Eye Semantics,oct,oct|fundus|tabular,1,9408,b_scans,Biomarker-labeled OCT B-scans,https://zenodo.org/records/7105232,official_source_description,True,exact,2026-08-01,,0.7.0,2026-08-02
olives,OLIVES: Ophthalmic Labels for Investigating Visual Eye Semantics,oct,oct|fundus|tabular,2,1268,images,Paired fundus photographs,https://zenodo.org/records/7105232,official_source_description,False,exact,2026-08-01,,0.7.0,2026-08-02
olives,OLIVES: Ophthalmic Labels for Investigating Visual Eye Semantics,oct,oct|fundus|tabular,3,96,eyes,Longitudinal eye-level cohort,https://zenodo.org/records/7105232,official_source_description,False,exact,2026-08-01,,0.7.0,2026-08-02
ophnet2024,OphNet2024: Ophthalmic Surgical Video Dataset,surgical_video,surgical_video,1,2278,videos,Primary quantity reported in the reviewed catalog source,https://huggingface.co/datasets/xioamiyh/OphNet2024,legacy_catalog_field,True,not_assessed,2026-08-01,,0.7.0,2026-08-02
ophnet2024,OphNet2024: Ophthalmic Surgical Video Dataset,surgical_video,surgical_video,2,1969,videos,Untrimmed videos,https://huggingface.co/datasets/xioamiyh/OphNet2024,official_source_description,False,exact,2026-08-01,,0.7.0,2026-08-02
ophnet2024,OphNet2024: Ophthalmic Surgical Video Dataset,surgical_video,surgical_video,3,17508,video_clips,Trimmed operation-level clips,https://huggingface.co/datasets/xioamiyh/OphNet2024,official_source_description,False,exact,2026-08-01,,0.7.0,2026-08-02
ophnet2024,OphNet2024: Ophthalmic Surgical Video Dataset,surgical_video,surgical_video,4,14674,video_clips,Trimmed phase-level clips,https://huggingface.co/datasets/xioamiyh/OphNet2024,official_source_description,False,exact,2026-08-01,,0.7.0,2026-08-02
ophora,Ophora-160K: Ophthalmic Surgical Video Instruction Dataset,surgical_video,surgical_video|text,1,162185,video_clip_instruction_pairs,Primary quantity reported in the reviewed catalog source,https://huggingface.co/datasets/General-Medical-AI/Ophora-160K,legacy_catalog_field,True,not_assessed,2026-08-01,,0.7.0,2026-08-02
ophthalmology_eqa_v3,Ophthalmology-EQA-v3,text,text,1,49300,questions,Explanatory or free-form ophthalmology questions,https://huggingface.co/datasets/BaekSeungJu/Ophthalmology-EQA-v3,official_source_description,True,exact,2026-08-01,,0.7.0,2026-08-02
ophthalmology_mcqa_v3,Ophthalmology-MCQA-v3,text,text,1,51745,questions,Multiple-choice ophthalmology questions,https://huggingface.co/datasets/BaekSeungJu/Ophthalmology-MCQA-v3,official_source_description,True,exact,2026-08-01,,0.7.0,2026-08-02
ophthalmology_pubmed_corpus,Ophthalmology PubMed Corpus,text,text,1,39794,documents,Ophthalmology-focused PubMed corpus records,https://huggingface.co/datasets/BaekSeungJu/Ophthalmology-PubMed-Corpus,official_source_description,True,exact,2026-08-01,,0.7.0,2026-08-02
ophthalvqa,OphthalVQA Dataset,multimodal,fundus|fundus_angiography|oct|ocular_ultrasound|external_eye|text,1,600,question_answer_pairs,Rows in OphthalVQA.csv,https://doi.org/10.6084/m9.figshare.25624917,current_deposit_table,True,exact,2026-08-01,,0.7.0,2026-08-02
ophthalvqa,OphthalVQA Dataset,multimodal,fundus|fundus_angiography|oct|ocular_ultrasound|external_eye|text,2,60,images,JPG image files in the current deposit,https://doi.org/10.6084/m9.figshare.25624917,current_deposit_file_listing,False,exact,2026-08-01,,0.7.0,2026-08-02
ophthalwechat,OphthalWeChat Dataset,text,text,1,30120,question_answer_pairs,Rows in OphthalWeChat_QA.xlsx,https://doi.org/10.6084/m9.figshare.29064149,current_deposit_table,True,exact,2026-08-01,,0.7.0,2026-08-02
ophthalwechat,OphthalWeChat Dataset,text,text,2,3469,linked_image_rows,Rows in OphthalWeChat_image_information.xlsx,https://doi.org/10.6084/m9.figshare.29064149,current_deposit_table,False,exact,2026-08-01,"The deposit stores image links and identifiers, not image files; 3,403 URLs are unique.",0.7.0,2026-08-02
ophtho_readability,Language and Readability Barriers in Ophthalmology Dataset,text,text|tabular,1,139,documents,Data rows in the deposited workbook,https://zenodo.org/records/16592100,current_deposit_table,True,exact,2026-08-01,,0.7.0,2026-08-02
paired_retina,Paired Retina Dataset: Cross-Device Fundus Pairs,fundus,fundus,1,399,images,Image rows in the current versioned Hugging Face deposit,https://huggingface.co/datasets/smartretina2025/paired_retina/tree/9dc39ab4aebb3e25a7e9f409ad7b19fc14db73c5,current_deposit_file_listing,True,exact,2026-08-01,"The dataset card describes a planned 327-patient paired cohort, but the current deposit contains 399 images and is not a complete 654-image paired release.",0.7.0,2026-08-02
paired_retina,Paired Retina Dataset: Cross-Device Fundus Pairs,fundus,fundus,2,327,participants,Cohort described by the dataset card,https://huggingface.co/datasets/smartretina2025/paired_retina,official_source_description,False,exact,2026-08-01,This source-described cohort is not fully represented in the current deposit.,0.7.0,2026-08-02
palm,PALM — iChallenge Pathologic Myopia,fundus,fundus,1,1200,images,Primary quantity reported in the reviewed catalog source,https://drive.google.com/file/d/14XWD6kX0dVRfAyEc7FkZGKZibWEkvnyv/view,legacy_catalog_field,True,not_assessed,2026-08-01,,0.7.0,2026-08-02
papila,PAPILA: Glaucoma Fundus Dataset with Clinical Data,fundus,fundus|tabular,1,488,images,Primary quantity reported in the reviewed catalog source,https://zenodo.org/records/6379970,legacy_catalog_field,True,not_assessed,2026-08-01,,0.7.0,2026-08-02
paraguay_dr,Paraguay Color Fundus DR Dataset,fundus,fundus,1,757,images,Primary quantity reported in the reviewed catalog source,https://zenodo.org/record/4647952,legacy_catalog_field,True,not_assessed,2026-08-01,,0.7.0,2026-08-02
pco_namd,PCO-nAMD Paired CFP and OCT Dataset,fundus,fundus,1,654,image_pairs,Source reports 654 paired CFP/OCT images from 327 patients.,https://doi.org/10.6084/m9.figshare.32873501.v1,official_source_description,True,exact,2026-08-02,Source-stated quantity; repository file count is separate.,0.7.0,2026-08-02
perg_ioba,PERG-IOBA Ocular Electrophysiology Dataset,electrophysiology,electrophysiology|tabular,1,1354,signals,Transient pattern electroretinogram responses,https://physionet.org/content/perg-ioba-dataset/1.0.0/,official_source_description,True,exact,2026-08-01,,0.7.0,2026-08-02
perg_ioba,PERG-IOBA Ocular Electrophysiology Dataset,electrophysiology,electrophysiology|tabular,2,304,participants,Participants represented in 336 records,https://physionet.org/content/perg-ioba-dataset/1.0.0/,official_source_description,False,exact,2026-08-01,,0.7.0,2026-08-02
periorbital_segmentation,Open-Source Periorbital Segmentation Dataset,external_eye,external_eye,1,2842,images,Primary quantity reported in the reviewed catalog source,https://doi.org/10.5281/zenodo.13916845,legacy_catalog_field,True,not_assessed,2026-08-01,,0.7.0,2026-08-02
popeye_nir,PopEYE Infrared Ocular Image Dataset,external_eye,external_eye,1,14976,images,Primary quantity reported in the reviewed catalog source,https://zenodo.org/records/18430187,legacy_catalog_field,True,not_assessed,2026-08-01,,0.7.0,2026-08-02
post_glaucoma_surgery_ptosis_strabismus,Post-Glaucoma-Surgery Ptosis and Strabismus Dataset,tabular,tabular,1,705,records,Source reports 705 glaucoma-surgery clinical records.,https://doi.org/10.1371/journal.pone.0335074.s001,official_source_description,True,exact,2026-08-02,Source-stated quantity; repository file count is separate.,0.7.0,2026-08-02
prime_fp20,PRIME-FP20: Ultra-Widefield Vessel Segmentation,uwf_fundus,uwf_fundus,1,15,images,Primary quantity reported in the reviewed catalog source,https://ieee-dataport.org/open-access/prime-fp20-ultra-widefield-fundus-photography-vessel-segmentation-dataset,legacy_catalog_field,True,not_assessed,2026-08-01,,0.7.0,2026-08-02
puwf_av,PUWF-AV Pediatric Ultra-Widefield Fundus Artery-Vein Dataset,fundus,fundus,1,60,images,Source reports 60 ultra-widefield fundus images.,https://doi.org/10.6084/m9.figshare.32509329.v1,official_source_description,True,exact,2026-08-02,Source-stated quantity; repository file count is separate.,0.7.0,2026-08-02
qilu_ccm_nerve_segmentation,Qilu Annotated Corneal Confocal Microscopy Nerve Segmentation Dataset,confocal,confocal|tabular,1,410,images,Original CCM images in Set1 and Set2,https://doi.org/10.1038/s41597-026-07418-6,associated_publication,True,exact,2026-08-02,Set1 contains 210 images and Set2 contains 200 images.,0.7.0,2026-08-02
qilu_ccm_nerve_segmentation,Qilu Annotated Corneal Confocal Microscopy Nerve Segmentation Dataset,confocal,confocal|tabular,2,410,annotated_images,Filename-matched binary nerve segmentation masks,https://doi.org/10.1038/s41597-026-07418-6,associated_publication,False,exact,2026-08-02,One expert-reviewed pixel-level mask per source image.,0.7.0,2026-08-02
qilu_ccm_nerve_segmentation,Qilu Annotated Corneal Confocal Microscopy Nerve Segmentation Dataset,confocal,confocal|tabular,3,88,participants,Participants represented across Set1 and Set2,https://doi.org/10.1038/s41597-026-07418-6,associated_publication,False,exact,2026-08-02,Set1 has 34 participants and Set2 has 54 participants.,0.7.0,2026-08-02
qilu_ccm_nerve_segmentation,Qilu Annotated Corneal Confocal Microscopy Nerve Segmentation Dataset,confocal,confocal|tabular,4,20,annotated_images,Subset with repeat annotations,https://doi.org/10.1038/s41597-026-07418-6,associated_publication,False,exact,2026-08-02,"These are repeat labels for existing images, not 20 additional images.",0.7.0,2026-08-02
rasti_oct,"Rasti OCT Dataset (Noor Eye Hospital, Tehran)",oct,oct,1,4254,b_scans,Approximate B-scan count,https://doi.org/10.1109/TMI.2017.2780115,associated_publication,True,approximate,2026-08-01,,0.7.0,2026-08-02
rasti_oct,"Rasti OCT Dataset (Noor Eye Hospital, Tehran)",oct,oct,2,148,volumes,Heidelberg Spectralis volumes,https://doi.org/10.1109/TMI.2017.2780115,associated_publication,False,exact,2026-08-01,,0.7.0,2026-08-02
ravir,RAVIR: Retinal Artery/Vein Segmentation in IR,fundus,fundus,1,42,images,Primary quantity reported in the reviewed catalog source,https://ravir.grand-challenge.org/data/,legacy_catalog_field,True,not_assessed,2026-08-01,,0.7.0,2026-08-02
rbad,RBAD Retinal Branching-Angle Detection Benchmark,fundus,fundus,1,40,images,Branching-angle benchmark images,https://github.com/Retinal-Research/RBAD,official_source_description,True,exact,2026-08-01,,0.7.0,2026-08-02
real_fundus,Real Fundus Clinical Image Restoration Benchmark,fundus,fundus,1,120,image_pairs,Matched low-quality and high-quality fundus pairs,https://github.com/dengzhuo-AI/Real-Fundus,official_source_description,True,exact,2026-08-01,,0.7.0,2026-08-02
real_fundus,Real Fundus Clinical Image Restoration Benchmark,fundus,fundus,2,240,images,Images participating in 120 restoration pairs,https://github.com/dengzhuo-AI/Real-Fundus,derived_from_reported_components,False,exact,2026-08-01,,0.7.0,2026-08-02
refuge1_multirater,REFUGE Multi-Rater — Glaucoma with Multi-Expert Annotations,fundus,fundus,1,1200,images,Primary quantity reported in the reviewed catalog source,https://drive.google.com/file/d/1TXTrZyaZ76faXek46pEzaYQmAejLf30d/view,legacy_catalog_field,True,not_assessed,2026-08-01,,0.7.0,2026-08-02
refuge2,REFUGE2 — Retinal Fundus Glaucoma Challenge 2,fundus,fundus,1,2000,images,Primary quantity reported in the reviewed catalog source,https://drive.google.com/file/d/1DspRzDqypeBOxZnWPQxmXprNVmJwkBRJ/view,legacy_catalog_field,True,not_assessed,2026-08-01,,0.7.0,2026-08-02
reta_benchmark,RETA Benchmark for Retinal Vascular Tree Analysis,fundus,fundus,1,81,images,IDRiD-derived images with vascular-tree annotations,https://doi.org/10.6084/m9.figshare.16960855,official_source_description,True,exact,2026-08-01,,0.7.0,2026-08-02
retina_age_analysis,Retina Age Analysis,fundus,fundus,1,9857,images,Primary quantity reported in the reviewed catalog source,https://huggingface.co/datasets/ramankamran/retina-age-analysis,legacy_catalog_field,True,not_assessed,2026-08-01,,0.7.0,2026-08-02
retinal_corrugations_oct,Outer Retinal Corrugations Imaging Dataset,oct,oct,1,69,b_scans,Baseline swept-source OCT scans described for the current Mendeley v2 deposit,https://doi.org/10.1016/j.dib.2023.108920,associated_publication,True,source_conflict,2026-08-01,The article abstract and specifications table report 69 scans from 66 patients; one methods passage reports 66 assessed scans.,0.7.0,2026-08-02
retinal_corrugations_oct,Outer Retinal Corrugations Imaging Dataset,oct,oct,2,66,participants,Patients represented by the baseline SS-OCT cohort,https://doi.org/10.1016/j.dib.2023.108920,associated_publication,False,exact,2026-08-01,,0.7.0,2026-08-02
retinal_dr_longitudinal,Retinal DR Longitudinal Fundus Pairs,fundus,fundus,1,1115,image_pairs,Rows in corrected_manifest.csv,https://huggingface.co/datasets/usama10/retinal-dr-longitudinal/tree/d6e13e91dae69f3080259afd478db92412c7f32d,current_deposit_table,True,exact,2026-08-01,,0.7.0,2026-08-02
retinal_dr_longitudinal,Retinal DR Longitudinal Fundus Pairs,fundus,fundus,2,2428,images,JPG files in the current deposit,https://huggingface.co/datasets/usama10/retinal-dr-longitudinal/tree/d6e13e91dae69f3080259afd478db92412c7f32d,current_deposit_file_listing,False,exact,2026-08-01,"The deposit contains 1,250 baseline and 1,178 follow-up images; 2,230 participate in the corrected 1,115-pair manifest.",0.7.0,2026-08-02
retinal_dr_longitudinal,Retinal DR Longitudinal Fundus Pairs,fundus,fundus,3,572,participants,Unique patient IDs in corrected_manifest.csv,https://huggingface.co/datasets/usama10/retinal-dr-longitudinal/tree/d6e13e91dae69f3080259afd478db92412c7f32d,current_deposit_table,False,exact,2026-08-01,,0.7.0,2026-08-02
retinal_vessel_robustness,Natural Robustness Benchmark for Retinal Vessel Segmentation,fundus,fundus,1,13024,images,Files under the images directories in all three current archives,https://zenodo.org/records/12659652,current_deposit_file_listing,True,exact,2026-08-01,"Includes 5,920 DRIVE, 4,144 CHASE, and 2,960 STARE original or augmented images; parent datasets overlap catalog records.",0.7.0,2026-08-02
retouch,RETOUCH: RETinal OCT Fluid Challenge,oct,oct,1,112,volumes,Primary quantity reported in the reviewed catalog source,https://retouch.grand-challenge.org/,legacy_catalog_field,True,not_assessed,2026-08-01,,0.7.0,2026-08-02
rfmid,RFMiD: Retinal Fundus Multi-disease Image Dataset,fundus,fundus,1,3200,images,Primary quantity reported in the reviewed catalog source,https://www.kaggle.com/datasets/andrewmvd/retinal-disease-classification,legacy_catalog_field,True,not_assessed,2026-08-01,,0.7.0,2026-08-02
rfmid2,RFMiD 2.0 Auxiliary Multi-Disease Fundus Dataset,fundus,fundus,1,860,images,RFMiD 2.0 auxiliary images,https://zenodo.org/records/7505822,official_source_description,True,exact,2026-08-01,,0.7.0,2026-08-02
riga,RIGA: Retinal Fundus Images for Glaucoma Analysis,fundus,fundus,1,750,images,Primary quantity reported in the reviewed catalog source,https://deepblue.lib.umich.edu/data/concern/data_sets/3b591905z,legacy_catalog_field,True,not_assessed,2026-08-01,,0.7.0,2026-08-02
riga_plus,RIGA+ Domain Adaptation Dataset,fundus,fundus,1,1461,images,TIF images in the RIGA directory of the current deposit,https://zenodo.org/records/6325549,current_deposit_file_listing,True,exact,2026-08-01,The source reports removal of six RIGA duplicates and cross-dataset duplicates with MESSIDOR.,0.7.0,2026-08-02
rimone_dl,RIM-ONE DL,fundus,fundus,1,485,images,Primary quantity reported in the reviewed catalog source,https://www.kaggle.com/datasets/orvile/rim-one-retinal-dataset-for-assessing-glaucoma,legacy_catalog_field,True,not_assessed,2026-08-01,,0.7.0,2026-08-02
rite,RITE: Retinal Images Vessel Tree Extraction (Artery/Vein),fundus,fundus,1,40,images,Primary quantity reported in the reviewed catalog source,https://eye.medicine.uiowa.edu/rite-dataset,legacy_catalog_field,True,not_assessed,2026-08-01,,0.7.0,2026-08-02
roc,ROC: Retinopathy Online Challenge,fundus,fundus,1,100,images,Primary quantity reported in the reviewed catalog source,http://webeye.ophth.uiowa.edu/ROC/,legacy_catalog_field,True,not_assessed,2026-08-01,,0.7.0,2026-08-02
rocc,ROCC: Retinal OCT Classification Challenge,oct,oct,1,165,volumes,OCT volumes in the challenge cohort,https://rocc.grand-challenge.org/,official_source_description,True,exact,2026-08-01,,0.7.0,2026-08-02
rop_ostrava,Retinal Image Dataset of Infants and ROP (Ostrava),fundus,fundus,1,6004,images,Primary quantity reported in the reviewed catalog source,https://www.kaggle.com/datasets/jananowakova/retinal-image-dataset-of-infants-and-rop,legacy_catalog_field,True,not_assessed,2026-08-01,,0.7.0,2026-08-02
rop_synthetic_mendeley,Synthetic Medical Images for ROP Diagnosis,fundus,fundus,1,5842,images,Source retinal fundus images,https://data.mendeley.com/datasets/fscyyhg6vt/1,official_source_description,True,exact,2026-08-01,,0.7.0,2026-08-02
rop_synthetic_mendeley,Synthetic Medical Images for ROP Diagnosis,fundus,fundus,2,963,participants,Preterm infants contributing source images,https://data.mendeley.com/datasets/fscyyhg6vt/1,official_source_description,False,exact,2026-08-01,,0.7.0,2026-08-02
rop_uwf_intelligent,Fundus Dataset for Intelligent ROP System,fundus,fundus,1,1099,images,Primary quantity reported in the reviewed catalog source,https://doi.org/10.6084/m9.figshare.25514449,legacy_catalog_field,True,not_assessed,2026-08-01,,0.7.0,2026-08-02
rop_vl,ROP-VL Retinopathy of Prematurity Vision-Language Dataset,fundus,fundus,1,2020,images,"Source reports 2,020 color fundus photographs from 1,116 infants.",https://doi.org/10.6084/m9.figshare.30143461.v1,official_source_description,True,exact,2026-08-02,Source-stated quantity; repository file count is separate.,0.7.0,2026-08-02
rose,ROSE: Retinal OCT-Angiography Vessel Segmentation,octa,octa,1,229,images,Primary quantity reported in the reviewed catalog source,https://zenodo.org/doi/10.5281/zenodo.12775880,legacy_catalog_field,True,not_assessed,2026-08-01,,0.7.0,2026-08-02
ru_medical_texts_ophthalmology,Ophthalmology Russian-English Medical Text Translations,text,text,1,3473,sentence_pairs,Russian-English sentence or glossary pairs,https://www.kaggle.com/datasets/cheshrcat/ru-medical-texts-ophtalmology,official_source_description,True,exact,2026-08-01,,0.7.0,2026-08-02
rvo_me,RVO-ME: Retinal Vein Occlusion Macular Edema OCT Dataset,oct,oct,1,3012,images,Primary quantity reported in the reviewed catalog source,https://doi.org/10.6084/m9.figshare.29804435.v1,legacy_catalog_field,True,not_assessed,2026-08-01,,0.7.0,2026-08-02
sics155,SICS-155 Small Incision Cataract Surgery Videos,surgical_video,surgical_video,1,155,videos,SICS surgical videos,https://zenodo.org/records/19482928,official_source_description,True,exact,2026-08-01,,0.7.0,2026-08-02
slid,SLID: Slit-Lamp Image Dataset,multimodal,external_eye,1,2617,images,Primary quantity reported in the reviewed catalog source,https://github.com/xumingyu-hub/SLID,legacy_catalog_field,True,not_assessed,2026-08-01,,0.7.0,2026-08-02
slid_e,SLID-E Slit-Lamp Image Dataset for Epiphora,external_eye,external_eye|slit_lamp,1,2999,images,"Source reports 2,999 slit-lamp photographs from 1,563 patients.",https://doi.org/10.6084/m9.figshare.26172919.v2,official_source_description,True,exact,2026-08-02,Source-stated quantity; repository file count is separate.,0.7.0,2026-08-02
slp_vld,SLP-VLD Anonymized Slit-Lamp Vision-Language Dataset,external_eye,external_eye|slit_lamp,1,2228,images,"Source reports 2,228 slit-lamp photographs.",https://doi.org/10.6084/m9.figshare.32576697.v3,official_source_description,True,exact,2026-08-02,Source-stated quantity; repository file count is separate.,0.7.0,2026-08-02
smdg,SMDG-19: Standardized Multi-channel Glaucoma Benchmark,fundus,fundus,1,12449,images,Primary quantity reported in the reviewed catalog source,https://www.kaggle.com/datasets/deathtrooper/multichannel-glaucoma-benchmark-dataset,legacy_catalog_field,True,not_assessed,2026-08-01,,0.7.0,2026-08-02
soul_octa,SOUL: OCTA Human-Machine Collaborative Annotation Dataset,octa,octa|text|tabular,1,178,longitudinal_samples,Six source-reported longitudinal subsets,https://doi.org/10.6084/m9.figshare.24893358.v3,official_source_description,True,exact,2026-08-01,"The current archive contains 2,046 JPG assets including raw images and corresponding labels; these are not 2,046 independent samples.",0.7.0,2026-08-02
stage_task1,STAGE 2023 Task 1 — Mean Deviation Prediction from OCT,oct,oct|visual_field,1,400,volumes,Primary quantity reported in the reviewed catalog source,https://aistudio.baidu.com/aistudio/competition/detail/968/0/datasets,legacy_catalog_field,True,not_assessed,2026-08-01,,0.7.0,2026-08-02
stage_task2,STAGE 2023 Task 2 — Visual Field Sensitivity Map Prediction,oct,oct|visual_field,1,400,volumes,Primary quantity reported in the reviewed catalog source,https://aistudio.baidu.com/aistudio/competition/detail/968/0/datasets,legacy_catalog_field,True,not_assessed,2026-08-01,,0.7.0,2026-08-02
stage_task3,STAGE 2023 Task 3 — Pattern Deviation Probability Map,oct,oct|visual_field,1,400,volumes,Primary quantity reported in the reviewed catalog source,https://aistudio.baidu.com/aistudio/competition/detail/968/0/datasets,legacy_catalog_field,True,not_assessed,2026-08-01,,0.7.0,2026-08-02
stare,STARE: Structured Analysis of the Retina,fundus,fundus,1,20,images,Primary quantity reported in the reviewed catalog source,https://cecas.clemson.edu/~ahoover/stare/,legacy_catalog_field,True,not_assessed,2026-08-01,,0.7.0,2026-08-02
superccm_fineset,SuperCCM-FineSet,confocal,confocal,1,210,images,Restricted fine-segmentation image set,https://zenodo.org/records/17051148,official_source_description,True,exact,2026-08-01,,0.7.0,2026-08-02
sustech_sysu,SUSTech-SYSU Diabetic Retinopathy + Exudate Dataset,fundus,fundus,1,1219,images,Primary quantity reported in the reviewed catalog source,https://doi.org/10.6084/m9.figshare.12570770,legacy_catalog_field,True,not_assessed,2026-08-01,,0.7.0,2026-08-02
syn_oct,SYN-OCT Synthetic Glaucoma OCT Dataset,oct,oct,1,200000,images,Primary quantity reported in the reviewed catalog source,https://doi.org/10.5281/zenodo.17151869,legacy_catalog_field,True,not_assessed,2026-08-01,,0.7.0,2026-08-02
tear_meniscus,Multicentre Tear Meniscus Segmentation Dataset,multimodal,external_eye|infrared,1,3432,images,Primary quantity reported in the reviewed catalog source,https://doi.org/10.6084/m9.figshare.28650536.v2,legacy_catalog_field,True,not_assessed,2026-08-01,,0.7.0,2026-08-02
teyed,TEyeD Real-World Eye-Tracking Dataset,eye_tracking,eye_tracking,1,20666096,images,Primary quantity reported in the reviewed catalog source,https://arxiv.org/abs/2102.02115,legacy_catalog_field,True,not_assessed,2026-08-01,,0.7.0,2026-08-02
thoct1800,THOCT1800 Retinal OCT Dataset,oct,oct,1,1800,images,Primary quantity reported in the reviewed catalog source,https://github.com/SJD095/OCT-Segmentation,legacy_catalog_field,True,not_assessed,2026-08-01,,0.7.0,2026-08-02
thyroid_ophthalmopathy_external,Thyroid Ophthalmopathy External Ocular Images,external_eye,external_eye,1,2,deposited_files,Artifacts listed by the current Mendeley v2 deposit,https://data.mendeley.com/datasets/z7ys7r4bdn/2,current_deposit_file_listing,False,exact,2026-08-01,The source does not report the number of photographs inside dataset.zip.,0.7.0,2026-08-02
tian_oct,Tian OCTRIMA 3D OCT Layer Segmentation Dataset,oct,oct,1,10,volumes,Primary quantity reported in the reviewed catalog source,https://doi.org/10.1371/journal.pone.0133908.s002,legacy_catalog_field,True,not_assessed,2026-08-01,,0.7.0,2026-08-02
tom500,TOM500: Multi-Organ Annotated Orbital MRI Dataset for Thyroid Eye Disease,multimodal,orbital_mri|tabular,1,500,volumes,Primary quantity reported in the reviewed catalog source,https://doi.org/10.6084/m9.figshare.27133389.v1,legacy_catalog_field,True,not_assessed,2026-08-01,,0.7.0,2026-08-02
toxofundus,ToxoFundus: Ocular Toxoplasmosis Fundus Dataset,fundus,fundus,1,412,images,Primary quantity reported in the reviewed catalog source,https://www.kaggle.com/datasets/nafin59/ocular-toxoplasmosis-fundus-images-dataset,legacy_catalog_field,True,not_assessed,2026-08-01,,0.7.0,2026-08-02
trend2_fundus,TREND2 Chronic Disease Portable Fundus Dataset,fundus,fundus,1,28,images,Primary color fundus images,https://zenodo.org/records/7678656,official_source_description,True,exact,2026-08-01,,0.7.0,2026-08-02
trend_fundus,TREND Portable Fundus Microvascular Network Dataset,fundus,fundus,1,82,images,Primary quantity reported in the reviewed catalog source,https://zenodo.org/records/4521044,legacy_catalog_field,True,not_assessed,2026-08-01,,0.7.0,2026-08-02
tsukazaki_uwf,Tsukazaki Hospital UWF Fundus Dataset,uwf_fundus,uwf_fundus,1,13047,images,Primary quantity reported in the reviewed catalog source,https://github.com/DateCazuki/Fundus_Diagnosis,legacy_catalog_field,True,not_assessed,2026-08-01,,0.7.0,2026-08-02
ubiris_v2,UBIRIS.v2 Noisy Visible-Wavelength Iris Database,iris_biometrics,iris_biometrics,1,11102,images,Primary quantity reported in the reviewed catalog source,https://iris.di.ubi.pt/index.html,legacy_catalog_field,True,not_assessed,2026-08-01,,0.7.0,2026-08-02
umn_parhi_oct,UMN Parhi Lab AMD OCT Fluid Segmentation Dataset,oct,oct,1,600,images,Primary quantity reported in the reviewed catalog source,http://people.ece.umn.edu/users/parhi/.DATA/OCT/DME/UMNDataset.mat,legacy_catalog_field,True,not_assessed,2026-08-01,,0.7.0,2026-08-02
ut_fsocta,UTHealth Fundus and Synthetic OCTA Dataset,multimodal,fundus|octa,1,112,participants,Subjects with aligned fundus and en-face OCTA data,https://zenodo.org/records/6476639,official_source_description,True,exact,2026-08-01,,0.7.0,2026-08-02
ut_fsocta,UTHealth Fundus and Synthetic OCTA Dataset,multimodal,fundus|octa,2,194,images,Full-field fundus JPG files in the current archive,https://zenodo.org/records/6476639,current_deposit_file_listing,False,exact,2026-08-01,,0.7.0,2026-08-02
ut_fsocta,UTHealth Fundus and Synthetic OCTA Dataset,multimodal,fundus|octa,3,194,images,Full-field synthetic OCTA PNG files in the current archive,https://zenodo.org/records/6476639,current_deposit_file_listing,False,exact,2026-08-01,Synthetic outputs derive from the fundus images and are not an independent cohort.,0.7.0,2026-08-02
ut_fsocta,UTHealth Fundus and Synthetic OCTA Dataset,multimodal,fundus|octa,4,362,images,Cropped en-face OCTA PNG files in the current archive,https://zenodo.org/records/6476639,current_deposit_file_listing,False,exact,2026-08-01,,0.7.0,2026-08-02
uveitis_smote,Image Dataset on Eye Diseases Classification with Symptoms and SMOTE Validation,multimodal,external_eye|tabular,1,3245,images,Primary quantity reported in the reviewed catalog source,https://data.mendeley.com/datasets/n9zp473wfw/2,legacy_catalog_field,True,not_assessed,2026-08-01,,0.7.0,2026-08-02
uwf_dr,UWF DR Reasoning Dataset,uwf_fundus,uwf_fundus,1,495,images,Primary quantity reported in the reviewed catalog source,https://drive.google.com/drive/folders/1wOqM-O_amSwMdli4OlFnGpf4hslPgDNu,legacy_catalog_field,True,not_assessed,2026-08-01,,0.7.0,2026-08-02
uwf_dr_peng,"UWF Fundus DR Dataset (Peng et al., 2026)",uwf_fundus,uwf_fundus,1,1630,images,Primary quantity reported in the reviewed catalog source,https://doi.org/10.6084/m9.figshare.31259494,legacy_catalog_field,True,not_assessed,2026-08-01,,0.7.0,2026-08-02
uwf_tumor,UWF Fundus Intraocular Tumor Dataset,uwf_fundus,uwf_fundus,1,2031,images,Primary quantity reported in the reviewed catalog source,https://doi.org/10.6084/m9.figshare.27986258,legacy_catalog_field,True,not_assessed,2026-08-01,,0.7.0,2026-08-02
uwf_zhejiang,Open UWF Fundus Dataset with Disease + Quality Labels,uwf_fundus,uwf_fundus,1,700,images,Primary quantity reported in the reviewed catalog source,https://doi.org/10.6084/m9.figshare.26936446,legacy_catalog_field,True,not_assessed,2026-08-01,,0.7.0,2026-08-02
uwhvf,UWHVF: University of Washington Humphrey Visual Field,visual_field,visual_field,1,28943,visual_field_tests,HFA 24-2 tests,https://github.com/uw-biomedical-ml/uwhvf,official_source_description,True,exact,2026-08-01,,0.7.0,2026-08-02
vietai_retinal_disease,VietAI Retinal Disease Detection 2020,fundus,fundus,1,3785,images,Primary quantity reported in the reviewed catalog source,https://www.kaggle.com/competitions/vietai-advance-retinal-disease-detection-2020/data,legacy_catalog_field,True,not_assessed,2026-08-01,,0.7.0,2026-08-02
visual_field_testing_experiment,Visual Field Testing Experiment,visual_field,visual_field,1,78,visual_fields,Rows and distinct IDs in fields.csv,https://www.kaggle.com/datasets/shozosaeki/visual-field-testing-experiment,current_deposit_table,True,exact,2026-08-01,,0.7.0,2026-08-02
visual_field_testing_experiment,Visual Field Testing Experiment,visual_field,visual_field,2,15678,measurement_rows,Eye-guided measurement rows in display_results.csv,https://www.kaggle.com/datasets/shozosaeki/visual-field-testing-experiment,current_deposit_table,False,exact,2026-08-01,,0.7.0,2026-08-02
visual_field_testing_experiment,Visual Field Testing Experiment,visual_field,visual_field,3,4212,measurement_rows,Humphrey field-analyzer rows in hfa_results.csv,https://www.kaggle.com/datasets/shozosaeki/visual-field-testing-experiment,current_deposit_table,False,exact,2026-08-01,,0.7.0,2026-08-02
x_pcr,X-PCR Ophthalmology Progressive Clinical Reasoning Benchmark,multimodal,fundus|fundus_angiography|oct|external_eye|retcam|text,1,18735,rows,Primary quantity reported in the reviewed catalog source,https://huggingface.co/datasets/Fantasy666/X-PCR,legacy_catalog_field,True,not_assessed,2026-08-01,,0.7.0,2026-08-02
