record_id,canonical_name,primary_category,catalog_version,catalog_search_cutoff,relationship_review_date,official_source_url,source_check_status,review_outcome,outgoing_relationship_count,outgoing_relationship_types,outgoing_target_record_ids,incoming_relationship_count,incoming_source_record_ids,evidence_urls,external_or_unresolved_sources,rejected_candidate_notes,review_scope,reviewer
acrima,ACRIMA: Glaucoma Optic Disc Fundus Database,fundus,0.5.0,2026-08-02,2026-08-02,https://figshare.com/s/c2d31f850af14c5b5232,checked_against_cited_source,confirmed_catalog_relationship,0,,,2,higancnn_generated_glaucoma|mm_retinal_reason,https://huggingface.co/datasets/lxirich/MM-Retinal-Reason/tree/d6243baa82c0914dba3c6f43ca79fdbf856982ef|https://www.kaggle.com/datasets/hindsaud/datasets-higancnn-glaucoma-detection,,,"Same-data, subset, version, mirror, component, replacement, extension, derivation, and documented cohort-overlap links to other catalog records.",EyeDataHub authors
adam_challenge,ADAM — Automatic Detection of AMD Challenge,fundus,0.5.0,2026-08-02,2026-08-02,https://drive.google.com/file/d/1Uz5x0aqXb0aecjzNWQ4522oCxaRDZxBt/view,checked_against_cited_source,no_documented_catalog_relationship_identified,0,,,0,,,,,"Same-data, subset, version, mirror, component, replacement, extension, derivation, and documented cohort-overlap links to other catalog records.",EyeDataHub authors
afio_fundus_vessels,AFIO Fundus Images for Vessel Segmentation and Disease Annotation,fundus,0.5.0,2026-08-02,2026-08-02,https://data.mendeley.com/datasets/3csr652p9y/2,checked_against_cited_source,no_documented_catalog_relationship_identified,0,,,0,,,,,"Same-data, subset, version, mirror, component, replacement, extension, derivation, and documented cohort-overlap links to other catalog records.",EyeDataHub authors
agar300,AGAR300 Microaneurysm Fundus Image Dataset,fundus,0.5.0,2026-08-02,2026-08-02,https://ieee-dataport.org/open-access/diabetic-retinopathy-fundus-image-datasetagar300,checked_against_cited_source,no_documented_catalog_relationship_identified,0,,,0,,,,,"Same-data, subset, version, mirror, component, replacement, extension, derivation, and documented cohort-overlap links to other catalog records.",EyeDataHub authors
age_challenge,AGE — Angle-Closure Glaucoma Evaluation Challenge (AS-OCT),oct,0.5.0,2026-08-02,2026-08-02,https://drive.google.com/file/d/1Qlkqj74SW8DJRKdYL_-ApC_0H5Z7uyvr/view,checked_against_cited_source,no_documented_catalog_relationship_identified,0,,,0,,,,,"Same-data, subset, version, mirror, component, replacement, extension, derivation, and documented cohort-overlap links to other catalog records.",EyeDataHub authors
airogs,AIROGS: AI for Robust Glaucoma Screening,fundus,0.5.0,2026-08-02,2026-08-02,https://zenodo.org/records/5793241,checked_against_cited_source,confirmed_catalog_relationship,0,,,1,smdg,https://www.kaggle.com/datasets/deathtrooper/multichannel-glaucoma-benchmark-dataset,,The Rotterdam EyePACS name identifies an organization/source site; it does not establish reuse of the cataloged Kaggle EyePACS diabetic-retinopathy data.,"Same-data, subset, version, mirror, component, replacement, extension, derivation, and documented cohort-overlap links to other catalog records.",EyeDataHub authors
amd_dme_3d_oct,Comprehensive 3D OCT Dataset for AMD and DME,oct,0.5.0,2026-08-02,2026-08-02,https://doi.org/10.6084/m9.figshare.30582035.v1,checked_against_cited_source,no_documented_catalog_relationship_identified,0,,,0,,,,,"Same-data, subset, version, mirror, component, replacement, extension, derivation, and documented cohort-overlap links to other catalog records.",EyeDataHub authors
amd_sd,AMD-SD: OCT Wet AMD Lesion Segmentation Dataset,oct,0.5.0,2026-08-02,2026-08-02,https://www.kaggle.com/datasets/gaoweihao/amd-sd,checked_against_cited_source,no_documented_catalog_relationship_identified,0,,,0,,,,,"Same-data, subset, version, mirror, component, replacement, extension, derivation, and documented cohort-overlap links to other catalog records.",EyeDataHub authors
amdnet23,AMDNet23 Fundus Image Dataset for AMD Detection,fundus,0.5.0,2026-08-02,2026-08-02,https://data.mendeley.com/datasets/yj35kjgrv3/1,checked_against_cited_source,confirmed_catalog_relationship,3,derived_from,hrf|odir2019|rfmid,0,,https://doi.org/10.17632/yj35kjgrv3.1,ARIA|DR_200|Fundus Dataset,,"Same-data, subset, version, mirror, component, replacement, extension, derivation, and documented cohort-overlap links to other catalog records.",EyeDataHub authors
angioreport,AngioReport Fundus Angiography Report Dataset,multimodal,0.5.0,2026-08-02,2026-08-02,https://tianchi.aliyun.com/dataset/170128,checked_against_cited_source,no_documented_catalog_relationship_identified,0,,,0,,,,,"Same-data, subset, version, mirror, component, replacement, extension, derivation, and documented cohort-overlap links to other catalog records.",EyeDataHub authors
anterior_segment_smile,Anterior Segment Parameters After SMILE Surgery,tabular,0.5.0,2026-08-02,2026-08-02,https://data.mendeley.com/datasets/vkdxsnhkrm/1,checked_against_cited_source,no_documented_catalog_relationship_identified,0,,,0,,,,,"Same-data, subset, version, mirror, component, replacement, extension, derivation, and documented cohort-overlap links to other catalog records.",EyeDataHub authors
anterior_uveitis_corneal_endothelium,Anterior Uveitis Corneal Endothelium Dataset,tabular,0.5.0,2026-08-02,2026-08-02,https://doi.org/10.6084/m9.figshare.32054064.v1,checked_against_official_repository,no_documented_catalog_relationship_identified,0,,,0,,,,,"Same-data, subset, version, mirror, component, replacement, extension, derivation, and documented cohort-overlap links to other catalog records.",EyeDataHub authors
aod,AOD: Augmented Ocular Diseases Dataset,fundus,0.5.0,2026-08-02,2026-08-02,https://www.kaggle.com/datasets/nurmukhammed7/augemnted-ocular-diseases,checked_against_cited_source,confirmed_catalog_relationship,1,derived_from,odir2019,0,,https://doi.org/10.17632/d73g6m8d5m.1,,,"Same-data, subset, version, mirror, component, replacement, extension, derivation, and documented cohort-overlap links to other catalog records.",EyeDataHub authors
aptos2019,APTOS 2019 Blindness Detection,fundus,0.5.0,2026-08-02,2026-08-02,https://www.kaggle.com/c/aptos2019-blindness-detection,checked_against_cited_source,confirmed_catalog_relationship,0,,,3,aptos_arcade_onh_masks|mm_retinal_reason|x_pcr,https://huggingface.co/datasets/Fantasy666/X-PCR/tree/06a318fd852230326386e3c6514d8a11b7a6b4af|https://huggingface.co/datasets/lxirich/MM-Retinal-Reason/tree/d6243baa82c0914dba3c6f43ca79fdbf856982ef|https://zenodo.org/records/20711325,,,"Same-data, subset, version, mirror, component, replacement, extension, derivation, and documented cohort-overlap links to other catalog records.",EyeDataHub authors
aptos_arcade_onh_masks,APTOS Vascular Arcade and Optic Nerve Head Masks,fundus,0.5.0,2026-08-02,2026-08-02,https://zenodo.org/records/20711325,checked_against_cited_source,confirmed_catalog_relationship,1,derived_from,aptos2019,0,,https://zenodo.org/records/20711325,,,"Same-data, subset, version, mirror, component, replacement, extension, derivation, and documented cohort-overlap links to other catalog records.",EyeDataHub authors
aqp4_optic_neuritis_oct_layers,AQP4 Optic Neuritis OCT Layers Dataset,oct,0.5.0,2026-08-02,2026-08-02,https://doi.org/10.6084/m9.figshare.3209908.v1,checked_against_official_repository,no_documented_catalog_relationship_identified,0,,,0,,,,,"Same-data, subset, version, mirror, component, replacement, extension, derivation, and documented cohort-overlap links to other catalog records.",EyeDataHub authors
aroi,AROI: Annotated Retinal OCT Images Database,oct,0.5.0,2026-08-02,2026-08-02,https://drive.google.com/file/d/10Ys4xsw81evjHewZEvqHy4Kri0my8C2S/view,checked_against_cited_source,no_documented_catalog_relationship_identified,0,,,0,,,,,"Same-data, subset, version, mirror, component, replacement, extension, derivation, and documented cohort-overlap links to other catalog records.",EyeDataHub authors
aroma_octa,AROMA Retinal OCTA Artifact Dataset,octa,0.5.0,2026-08-02,2026-08-02,https://doi.org/10.5281/zenodo.18258095,checked_against_cited_source,no_documented_catalog_relationship_identified,0,,,0,,,,,"Same-data, subset, version, mirror, component, replacement, extension, derivation, and documented cohort-overlap links to other catalog records.",EyeDataHub authors
as_oct_keratitis,AS-OCT Keratitis Segmentation Dataset,oct,0.5.0,2026-08-02,2026-08-02,https://doi.org/10.6084/m9.figshare.c.7036994.v1,checked_against_cited_source,no_documented_catalog_relationship_identified,0,,,0,,,,,"Same-data, subset, version, mirror, component, replacement, extension, derivation, and documented cohort-overlap links to other catalog records.",EyeDataHub authors
asd_eye_tracking,Autism Spectrum Disorder Eye-Tracking Dataset,eye_tracking,0.5.0,2026-08-02,2026-08-02,https://doi.org/10.6084/m9.figshare.20113592.v1,checked_against_official_repository,no_documented_catalog_relationship_identified,0,,,0,,,,,"Same-data, subset, version, mirror, component, replacement, extension, derivation, and documented cohort-overlap links to other catalog records.",EyeDataHub authors
bajwa_multi_eye,Bajwa Hospital Multi Eye Disease Dataset,fundus,0.5.0,2026-08-02,2026-08-02,https://data.mendeley.com/datasets/rgwpd4m785/3,checked_against_cited_source,no_documented_catalog_relationship_identified,0,,,0,,,,,"Same-data, subset, version, mirror, component, replacement, extension, derivation, and documented cohort-overlap links to other catalog records.",EyeDataHub authors
beh,BEH: Bangladesh Eye Hospital Glaucoma Dataset,fundus,0.5.0,2026-08-02,2026-08-02,https://drive.google.com/file/d/1YdZm-sioiAbTdBRy4oej1q6tZL8Baft7,checked_against_cited_source,confirmed_catalog_relationship,0,,,2,smdg|x_pcr,https://huggingface.co/datasets/Fantasy666/X-PCR/tree/06a318fd852230326386e3c6514d8a11b7a6b4af|https://www.kaggle.com/datasets/deathtrooper/multichannel-glaucoma-benchmark-dataset,,,"Same-data, subset, version, mirror, component, replacement, extension, derivation, and documented cohort-overlap links to other catalog records.",EyeDataHub authors
belo,BELO Benchmark for Evaluating Language Models in Ophthalmology,text,0.5.0,2026-08-02,2026-08-02,https://belo-dataset.vercel.app/,checked_against_cited_source,external_or_unresolved_relationship_only,0,,,0,,,BCSC|BioASQ|MedMCQA|MedQA|PubMedQA,,"Same-data, subset, version, mirror, component, replacement, extension, derivation, and documented cohort-overlap links to other catalog records.",EyeDataHub authors
bidr,BiDR: Diabetic Retinopathy Diagnosis Dataset,fundus,0.5.0,2026-08-02,2026-08-02,https://www.kaggle.com/datasets/pkdarabi/diagnosis-of-diabetic-retinopathy,checked_against_cited_source,confirmed_catalog_relationship,2,mirror_of|subset_of,dr_arranged|eyepacs,1,dr_arranged,https://tianchi.aliyun.com/dataset/93926|https://www.kaggle.com/datasets/pkdarabi/diagnosis-of-diabetic-retinopathy,,,"Same-data, subset, version, mirror, component, replacement, extension, derivation, and documented cohort-overlap links to other catalog records.",EyeDataHub authors
binocular_fundus_images,Binocular Fundus Image Dataset,fundus,0.5.0,2026-08-02,2026-08-02,https://doi.org/10.6084/m9.figshare.31981557.v1,checked_against_official_repository,no_documented_catalog_relationship_identified,0,,,0,,,,,"Same-data, subset, version, mirror, component, replacement, extension, derivation, and documented cohort-overlap links to other catalog records.",EyeDataHub authors
birdshot_wide,Birdshot-WIDE Widefield Fundus Dataset,uwf_fundus,0.5.0,2026-08-02,2026-08-02,https://doi.org/10.5281/zenodo.19474623,checked_against_cited_source,no_documented_catalog_relationship_identified,0,,,0,,,,,"Same-data, subset, version, mirror, component, replacement, extension, derivation, and documented cohort-overlap links to other catalog records.",EyeDataHub authors
bmrd,Bangladesh Multi-Disease Retinal Dataset,fundus,0.5.0,2026-08-02,2026-08-02,https://data.mendeley.com/datasets/959whsbc6v/1,checked_against_cited_source,no_documented_catalog_relationship_identified,0,,,0,,,,,"Same-data, subset, version, mirror, component, replacement, extension, derivation, and documented cohort-overlap links to other catalog records.",EyeDataHub authors
brasil_glaucoma_brg,Brazil Glaucoma (BrG) Dataset,fundus,0.5.0,2026-08-02,2026-08-02,https://www.kaggle.com/datasets/clerimar/brasil-glaucoma-brg,checked_against_official_repository,no_documented_catalog_relationship_identified,0,,,0,,,,,"Same-data, subset, version, mirror, component, replacement, extension, derivation, and documented cohort-overlap links to other catalog records.",EyeDataHub authors
brset,BRSET: Brazilian Multilabel Ophthalmological Dataset,fundus,0.5.0,2026-08-02,2026-08-02,https://physionet.org/content/brazilian-ophthalmological/1.0.1/,checked_against_cited_source,confirmed_catalog_relationship,0,,,1,brset_mbrset_embeddings,https://physionet.org/content/embedding-brset-mbrset/1.0.0/,,BRSET and mBRSET are distinct cohorts; misleading PhysioNet parent-project markup is not treated as data lineage.,"Same-data, subset, version, mirror, component, replacement, extension, derivation, and documented cohort-overlap links to other catalog records.",EyeDataHub authors
brset_mbrset_embeddings,Embedding-Based Representations for BRSET and mBRSET,tabular,0.5.0,2026-08-02,2026-08-02,https://physionet.org/content/embedding-brset-mbrset/1.0.0/,checked_against_cited_source,confirmed_catalog_relationship,2,derived_from,brset|mbrset,0,,https://physionet.org/content/embedding-brset-mbrset/1.0.0/,,,"Same-data, subset, version, mirror, component, replacement, extension, derivation, and documented cohort-overlap links to other catalog records.",EyeDataHub authors
cadis,CaDIS: Cataract Dataset for Image Segmentation,surgical_video,0.5.0,2026-08-02,2026-08-02,https://cataracts-semantic-segmentation2020.grand-challenge.org/,checked_against_cited_source,confirmed_catalog_relationship,1,derived_from,cataracts2017,1,insegcat,https://cataracts-semantic-segmentation2020.grand-challenge.org/|https://ftp.itec.aau.at/datasets/ovid/InSegCat/,,,"Same-data, subset, version, mirror, component, replacement, extension, derivation, and documented cohort-overlap links to other catalog records.",EyeDataHub authors
casia2_as_oct_repeatability,CASIA2 Anterior-Segment OCT Repeatability Dataset,corneal_topography,0.5.0,2026-08-02,2026-08-02,https://doi.org/10.6084/m9.figshare.29302664.v1,checked_against_official_repository,no_documented_catalog_relationship_identified,0,,,0,,,,,"Same-data, subset, version, mirror, component, replacement, extension, derivation, and documented cohort-overlap links to other catalog records.",EyeDataHub authors
casia2_keratometric_astigmatism,CASIA2 Keratometric Astigmatism Dataset,corneal_topography,0.5.0,2026-08-02,2026-08-02,https://doi.org/10.6084/m9.figshare.26395018.v1,checked_against_official_repository,no_documented_catalog_relationship_identified,0,,,0,,,,,"Same-data, subset, version, mirror, component, replacement, extension, derivation, and documented cohort-overlap links to other catalog records.",EyeDataHub authors
casia_iris_v4,CASIA-IrisV4 Iris Image Database,iris_biometrics,0.5.0,2026-08-02,2026-08-02,https://hycasia.github.io/dataset/casia-irisv4/,checked_against_cited_source,external_or_unresolved_relationship_only,0,,,0,,,CASIA-IrisV3,,"Same-data, subset, version, mirror, component, replacement, extension, derivation, and documented cohort-overlap links to other catalog records.",EyeDataHub authors
cataract,Cataract Fundus Classification Dataset,fundus,0.5.0,2026-08-02,2026-08-02,https://www.kaggle.com/datasets/jr2ngb/cataractdataset,checked_against_cited_source,no_documented_catalog_relationship_identified,0,,,0,,,,,"Same-data, subset, version, mirror, component, replacement, extension, derivation, and documented cohort-overlap links to other catalog records.",EyeDataHub authors
cataract101_extended_labels,Cataract-101 Extended Labels,surgical_video,0.5.0,2026-08-02,2026-08-02,https://zenodo.org/records/4984167,checked_against_cited_source,confirmed_catalog_relationship,1,derived_from,cataract_101,0,,https://zenodo.org/records/4984167,,,"Same-data, subset, version, mirror, component, replacement, extension, derivation, and documented cohort-overlap links to other catalog records.",EyeDataHub authors
cataract1k,Cataract-1K: Large-Scale Cataract Surgery Video Dataset,surgical_video,0.5.0,2026-08-02,2026-08-02,https://www.synapse.org/#!Synapse:syn53404917,checked_against_cited_source,confirmed_catalog_relationship,0,,,2,lmod_cataract_1k|lmod_plus,https://huggingface.co/datasets/mehti/LMOD-Cataract-1K|https://kfzyqin.github.io/lmod_plus/,,,"Same-data, subset, version, mirror, component, replacement, extension, derivation, and documented cohort-overlap links to other catalog records.",EyeDataHub authors
cataract_101,Cataract-101: 101 Cataract Surgery Videos with Phase Annotations,surgical_video,0.5.0,2026-08-02,2026-08-02,https://ftp.itec.aau.at/datasets/ovid/cat-101/,checked_against_cited_source,confirmed_catalog_relationship,0,,,3,cataract101_extended_labels|insegcat|itec_iris_pupil,https://ftp.itec.aau.at/datasets/ovid/InSegCat/|https://ftp.itec.aau.at/datasets/ovid/iris_pupil_seg/index.html|https://zenodo.org/records/4984167,,,"Same-data, subset, version, mirror, component, replacement, extension, derivation, and documented cohort-overlap links to other catalog records.",EyeDataHub authors
cataract_iol_biometry_outcomes,Cataract IOL Biometry and Outcomes Dataset,tabular,0.5.0,2026-08-02,2026-08-02,https://doi.org/10.6084/m9.figshare.22736687.v1,checked_against_official_repository,no_documented_catalog_relationship_identified,0,,,0,,,,,"Same-data, subset, version, mirror, component, replacement, extension, derivation, and documented cohort-overlap links to other catalog records.",EyeDataHub authors
cataract_lenstar_biometric_symmetry,Cataract LenStar Biometric Symmetry Dataset,tabular,0.5.0,2026-08-02,2026-08-02,https://doi.org/10.6084/m9.figshare.32833895.v1,checked_against_official_repository,no_documented_catalog_relationship_identified,0,,,0,,,,,"Same-data, subset, version, mirror, component, replacement, extension, derivation, and documented cohort-overlap links to other catalog records.",EyeDataHub authors
cataract_lmm,Cataract-LMM: Large-Scale Multi-Source Multi-Task Cataract Surgery Benchmark,surgical_video,0.5.0,2026-08-02,2026-08-02,https://huggingface.co/datasets/mjahmadi/Cataract-LMM,checked_against_cited_source,no_documented_catalog_relationship_identified,0,,,0,,,,"The source describes a newly collected two-center cohort, not reuse of another cataloged cataract dataset.","Same-data, subset, version, mirror, component, replacement, extension, derivation, and documented cohort-overlap links to other catalog records.",EyeDataHub authors
cataracts2017,CATARACTS 2017: Surgical Tool Detection Challenge,surgical_video,0.5.0,2026-08-02,2026-08-02,https://ieee-dataport.org/open-access/cataracts,checked_against_cited_source,confirmed_catalog_relationship,0,,,1,cadis,https://cataracts-semantic-segmentation2020.grand-challenge.org/,,,"Same-data, subset, version, mirror, component, replacement, extension, derivation, and documented cohort-overlap links to other catalog records.",EyeDataHub authors
cavri,CAVRI: Computer Analysis of VitreoRetinal Interface Dataset,oct,0.5.0,2026-08-02,2026-08-02,https://dsp.put.poznan.pl/cavri_database-191/,checked_against_cited_source,no_documented_catalog_relationship_identified,0,,,0,,,,,"Same-data, subset, version, mirror, component, replacement, extension, derivation, and documented cohort-overlap links to other catalog records.",EyeDataHub authors
central_retinal_vessel_trunk_oag,Central Retinal Vessel Trunk Open-Angle Glaucoma Dataset,tabular,0.5.0,2026-08-02,2026-08-02,https://doi.org/10.1371/journal.pone.0158443.s001,checked_against_official_repository,no_documented_catalog_relationship_identified,0,,,0,,,,,"Same-data, subset, version, mirror, component, replacement, extension, derivation, and documented cohort-overlap links to other catalog records.",EyeDataHub authors
chaksu,CHAKSU: Multi-Device Glaucoma Fundus Dataset,fundus,0.5.0,2026-08-02,2026-08-02,https://doi.org/10.6084/m9.figshare.20123135,checked_against_cited_source,confirmed_catalog_relationship,0,,,1,mm_retinal_reason,https://huggingface.co/datasets/lxirich/MM-Retinal-Reason/tree/d6243baa82c0914dba3c6f43ca79fdbf856982ef,,,"Same-data, subset, version, mirror, component, replacement, extension, derivation, and documented cohort-overlap links to other catalog records.",EyeDataHub authors
chase_db1,CHASE_DB1: Child Heart and Health Study in England,fundus,0.5.0,2026-08-02,2026-08-02,https://researchinnovation.kingston.ac.uk/en/datasets/chasedb1-retinal-vessel-reference-dataset-4/,checked_against_cited_source,confirmed_catalog_relationship,0,,,1,retinal_vessel_robustness,https://zenodo.org/records/12659652,CHASE study,,"Same-data, subset, version, mirror, component, replacement, extension, derivation, and documented cohort-overlap links to other catalog records.",EyeDataHub authors
china_fundus_cimt,China Fundus and Carotid Intima-Media Thickness Dataset,fundus,0.5.0,2026-08-02,2026-08-02,https://doi.org/10.6084/m9.figshare.27907056.v1,checked_against_official_repository,no_documented_catalog_relationship_identified,0,,,0,,,,,"Same-data, subset, version, mirror, component, replacement, extension, derivation, and documented cohort-overlap links to other catalog records.",EyeDataHub authors
chronic_corneal_disorders,Chronic Corneal Disorders Clinical Dataset,tabular,0.5.0,2026-08-02,2026-08-02,https://data.mendeley.com/datasets/mcwv6thk8m/1,checked_against_cited_source,no_documented_catalog_relationship_identified,0,,,0,,,,,"Same-data, subset, version, mirror, component, replacement, extension, derivation, and documented cohort-overlap links to other catalog records.",EyeDataHub authors
coph100,COph100: Comprehensive Infant Fundus Image Registration Dataset (RIDIRP),fundus,0.5.0,2026-08-02,2026-08-02,https://doi.org/10.6084/m9.figshare.27061084.v1,checked_against_cited_source,external_or_unresolved_relationship_only,0,,,0,,,RIDIRP database,,"Same-data, subset, version, mirror, component, replacement, extension, derivation, and documented cohort-overlap links to other catalog records.",EyeDataHub authors
corn1500,CORN-1500: Corneal Nerve Tortuosity Grading,confocal,0.5.0,2026-08-02,2026-08-02,https://zenodo.org/records/5880419,checked_against_cited_source,confirmed_catalog_relationship,1,component_of,corn_collection,1,corn_collection,https://zenodo.org/records/19689814,,,"Same-data, subset, version, mirror, component, replacement, extension, derivation, and documented cohort-overlap links to other catalog records.",EyeDataHub authors
corn_collection,CORN: Corneal Confocal Microscope Dataset Collection,confocal,0.5.0,2026-08-02,2026-08-02,https://zenodo.org/records/19689814,checked_against_cited_source,confirmed_catalog_relationship,2,has_component,corn1500|corn_pro,2,corn1500|corn_pro,https://zenodo.org/records/19689814,CORN-1|CORN-2|CORN-3|CORN-Complex,,"Same-data, subset, version, mirror, component, replacement, extension, derivation, and documented cohort-overlap links to other catalog records.",EyeDataHub authors
corn_pro,CORN Pro: Corneal Nerve Confocal Microscopy Dataset,confocal,0.5.0,2026-08-02,2026-08-02,https://zenodo.org/records/14263883,checked_against_cited_source,confirmed_catalog_relationship,1,component_of,corn_collection,1,corn_collection,https://zenodo.org/records/19689814,,,"Same-data, subset, version, mirror, component, replacement, extension, derivation, and documented cohort-overlap links to other catalog records.",EyeDataHub authors
corneal_curvature_fundus,Corneal Curvature Prediction Using Fundus Photography,fundus,0.5.0,2026-08-02,2026-08-02,https://data.mendeley.com/datasets/bc2jfr7dv9/1,checked_against_cited_source,no_documented_catalog_relationship_identified,0,,,0,,,,,"Same-data, subset, version, mirror, component, replacement, extension, derivation, and documented cohort-overlap links to other catalog records.",EyeDataHub authors
corneal_epithelium_confocal,Keratoconus Corneal Epithelium Confocal Fluorescence Dataset,confocal,0.5.0,2026-08-02,2026-08-02,https://data.mendeley.com/datasets/n3gky25brh/2,checked_against_cited_source,no_documented_catalog_relationship_identified,0,,,0,,,,,"Same-data, subset, version, mirror, component, replacement, extension, derivation, and documented cohort-overlap links to other catalog records.",EyeDataHub authors
corneal_nerve_parkinsons,Corneal Nerve Parkinson Disease Dataset,confocal,0.5.0,2026-08-02,2026-08-02,https://doi.org/10.6084/m9.figshare.28189571.v1,checked_against_official_repository,no_documented_catalog_relationship_identified,0,,,0,,,,,"Same-data, subset, version, mirror, component, replacement, extension, derivation, and documented cohort-overlap links to other catalog records.",EyeDataHub authors
corneal_parameters_kc,Corneal Parameters Keratoconus Study,tabular,0.5.0,2026-08-02,2026-08-02,https://data.mendeley.com/datasets/3nz4fkwn3y/1,checked_against_cited_source,no_documented_catalog_relationship_identified,0,,,0,,,,,"Same-data, subset, version, mirror, component, replacement, extension, derivation, and documented cohort-overlap links to other catalog records.",EyeDataHub authors
corneal_tomography_iol,Multi-Parameter Corneal Tomography Dataset for IOL Selection,tabular,0.5.0,2026-08-02,2026-08-02,https://data.mendeley.com/datasets/wddj7bh9p9/1,checked_against_cited_source,no_documented_catalog_relationship_identified,0,,,0,,,,,"Same-data, subset, version, mirror, component, replacement, extension, derivation, and documented cohort-overlap links to other catalog records.",EyeDataHub authors
cornorb,CornOrb: Orbscan Corneal Topography and Clinical Annotations,corneal_topography,0.5.0,2026-08-02,2026-08-02,https://zenodo.org/records/20542091,checked_against_cited_source,no_documented_catalog_relationship_identified,0,,,0,,,,,"Same-data, subset, version, mirror, component, replacement, extension, derivation, and documented cohort-overlap links to other catalog records.",EyeDataHub authors
csc_fundus_segmentation,Central Serous Chorioretinopathy Fundus Segmentation Dataset,fundus,0.5.0,2026-08-02,2026-08-02,https://data.mendeley.com/datasets/4k64fwnp4k/5,checked_against_cited_source,no_documented_catalog_relationship_identified,0,,,0,,,,,"Same-data, subset, version, mirror, component, replacement, extension, derivation, and documented cohort-overlap links to other catalog records.",EyeDataHub authors
csdi,CSDI: Cataract Severity Diagnostic Image Dataset,fundus,0.5.0,2026-08-02,2026-08-02,https://huggingface.co/datasets/RainyNight/CSDI,checked_against_cited_source,no_documented_catalog_relationship_identified,0,,,0,,,,,"Same-data, subset, version, mirror, component, replacement, extension, derivation, and documented cohort-overlap links to other catalog records.",EyeDataHub authors
cyp1b1_poag_genotypes,CYP1B1 Primary Open-Angle Glaucoma Genotype Dataset,omics,0.5.0,2026-08-02,2026-08-02,https://doi.org/10.25451/flinders.16545561.v1,checked_against_official_repository,no_documented_catalog_relationship_identified,0,,,0,,,,,"Same-data, subset, version, mirror, component, replacement, extension, derivation, and documented cohort-overlap links to other catalog records.",EyeDataHub authors
data_oct_fundus_glaucoma,Data on OCT and Fundus Images,multimodal,0.5.0,2026-08-02,2026-08-02,https://data.mendeley.com/datasets/2rnnz5nz74/2,checked_against_cited_source,no_documented_catalog_relationship_identified,0,,,0,,,,,"Same-data, subset, version, mirror, component, replacement, extension, derivation, and documented cohort-overlap links to other catalog records.",EyeDataHub authors
ddr,DDR: Diabetic Retinopathy Detection & Grading,fundus,0.5.0,2026-08-02,2026-08-02,https://drive.google.com/drive/folders/1z6tSFmxW_aNayUqVxx6h6bY4kwGzUTEC,checked_against_cited_source,confirmed_catalog_relationship,0,,,3,mm_retinal_reason|mmrdr|multieye,https://arxiv.org/abs/2412.09402|https://doi.org/10.1038/s41597-026-07005-9|https://huggingface.co/datasets/lxirich/MM-Retinal-Reason/tree/d6243baa82c0914dba3c6f43ca79fdbf856982ef,,,"Same-data, subset, version, mirror, component, replacement, extension, derivation, and documented cohort-overlap links to other catalog records.",EyeDataHub authors
deepdrid,DeepDRiD: Diabetic Retinopathy Grading and Image Quality Dataset,fundus,0.5.0,2026-08-02,2026-08-02,https://zenodo.org/records/8248825,checked_against_cited_source,confirmed_catalog_relationship,0,,,3,fundus_report_dataset|mm_retinal_reason|x_pcr,https://huggingface.co/datasets/Fantasy666/X-PCR/tree/06a318fd852230326386e3c6514d8a11b7a6b4af|https://huggingface.co/datasets/lxirich/MM-Retinal-Reason/tree/d6243baa82c0914dba3c6f43ca79fdbf856982ef|https://huggingface.co/datasets/zzzzineun/fundus-report-dataset,,,"Same-data, subset, version, mirror, component, replacement, extension, derivation, and documented cohort-overlap links to other catalog records.",EyeDataHub authors
deepeyenet,DeepEyeNet (DEN): Fundus Report Generation Dataset,fundus,0.5.0,2026-08-02,2026-08-02,https://github.com/Jhhuangkay/DeepOpht-Medical-Report-Generation-for-Retinal-Images-via-Deep-Models-and-Visual-Explanation,checked_against_cited_source,no_documented_catalog_relationship_identified,0,,,0,,,,,"Same-data, subset, version, mirror, component, replacement, extension, derivation, and documented cohort-overlap links to other catalog records.",EyeDataHub authors
dme_vqa,Diabetic Macular Edema Visual Question Answering Dataset,multimodal,0.5.0,2026-08-02,2026-08-02,https://zenodo.org/records/6784358,checked_against_cited_source,confirmed_catalog_relationship,2,derived_from,e_ophtha|idrid,1,dme_vqa_logical,https://zenodo.org/records/6784358|https://zenodo.org/records/7777849,,,"Same-data, subset, version, mirror, component, replacement, extension, derivation, and documented cohort-overlap links to other catalog records.",EyeDataHub authors
dme_vqa_logical,DME VQA Dataset with Logical Relations,multimodal,0.5.0,2026-08-02,2026-08-02,https://zenodo.org/records/7777849,checked_against_cited_source,confirmed_catalog_relationship,1,extension_of,dme_vqa,0,,https://zenodo.org/records/7777849,,,"Same-data, subset, version, mirror, component, replacement, extension, derivation, and documented cohort-overlap links to other catalog records.",EyeDataHub authors
doomgan_ocular_morphs,DOOMGAN Ocular Morph-Attack Dataset,iris_biometrics,0.5.0,2026-08-02,2026-08-02,https://huggingface.co/datasets/BharathK333/DOOMGAN-Ocular-Morphs,checked_against_official_repository,no_documented_catalog_relationship_identified,0,,,0,,,,,"Same-data, subset, version, mirror, component, replacement, extension, derivation, and documented cohort-overlap links to other catalog records.",EyeDataHub authors
dr_arranged,Diabetic Retinopathy Arranged Dataset (Tianchi 93926),fundus,0.5.0,2026-08-02,2026-08-02,https://tianchi.aliyun.com/dataset/93926,checked_against_cited_source,confirmed_catalog_relationship,2,mirror_of|subset_of,bidr|eyepacs,1,bidr,https://tianchi.aliyun.com/dataset/93926|https://www.kaggle.com/datasets/pkdarabi/diagnosis-of-diabetic-retinopathy,,,"Same-data, subset, version, mirror, component, replacement, extension, derivation, and documented cohort-overlap links to other catalog records.",EyeDataHub authors
drac22,DRAC 2022: Diabetic Retinopathy Analysis Challenge,octa,0.5.0,2026-08-02,2026-08-02,https://zenodo.org/records/10280359,checked_against_cited_source,no_documented_catalog_relationship_identified,0,,,0,,,,,"Same-data, subset, version, mirror, component, replacement, extension, derivation, and documented cohort-overlap links to other catalog records.",EyeDataHub authors
dridb,DRiDB: Diabetic Retinopathy Image Database,fundus,0.5.0,2026-08-02,2026-08-02,https://ipg.fer.hr/ipg/resources/image_database,checked_against_cited_source,no_documented_catalog_relationship_identified,0,,,0,,,,,"Same-data, subset, version, mirror, component, replacement, extension, derivation, and documented cohort-overlap links to other catalog records.",EyeDataHub authors
drions_db,DRIONS-DB: Digital Retinal Images for Optic Nerve Segmentation,fundus,0.5.0,2026-08-02,2026-08-02,https://www.ia.uned.es/~ejcarmona/DRIONS-DB.html,checked_against_cited_source,no_documented_catalog_relationship_identified,0,,,0,,,,,"Same-data, subset, version, mirror, component, replacement, extension, derivation, and documented cohort-overlap links to other catalog records.",EyeDataHub authors
drishti_gs,DRISHTI-GS: Optic Disc and Cup Segmentation,fundus,0.5.0,2026-08-02,2026-08-02,https://www.kaggle.com/datasets/lokeshsaipureddi/drishtigs-retina-dataset-for-onh-segmentation,checked_against_cited_source,confirmed_catalog_relationship,0,,,5,fundus_domain_generalization|higancnn_generated_glaucoma|mendeley_utilizing_responsive_web_portal_studying_disc|mm_retinal_reason|smdg,https://data.mendeley.com/datasets/7xv5rzxgrh|https://huggingface.co/datasets/lxirich/MM-Retinal-Reason/tree/d6243baa82c0914dba3c6f43ca79fdbf856982ef|https://www.kaggle.com/datasets/deathtrooper/multichannel-glaucoma-benchmark-dataset|https://www.kaggle.com/datasets/hindsaud/datasets-higancnn-glaucoma-detection|https://zenodo.org/records/8009107,,,"Same-data, subset, version, mirror, component, replacement, extension, derivation, and documented cohort-overlap links to other catalog records.",EyeDataHub authors
drive,DRIVE: Digital Retinal Images for Vessel Extraction,fundus,0.5.0,2026-08-02,2026-08-02,https://drive.grand-challenge.org/DRIVE/,checked_against_cited_source,confirmed_catalog_relationship,0,,,2,retinal_vessel_robustness|rite,https://medicine.uiowa.edu/eye/rite-dataset|https://zenodo.org/records/12659652,,,"Same-data, subset, version, mirror, component, replacement, extension, derivation, and documented cohort-overlap links to other catalog records.",EyeDataHub authors
drtid,DRTiD: Diabetic Retinopathy Two-field Image Dataset,fundus,0.5.0,2026-08-02,2026-08-02,https://github.com/FDU-VTS/DRTiD,checked_against_cited_source,no_documented_catalog_relationship_identified,0,,,0,,,,,"Same-data, subset, version, mirror, component, replacement, extension, derivation, and documented cohort-overlap links to other catalog records.",EyeDataHub authors
dryad_acanthamoeba_keratitis_transcriptome,Human conjunctival transcriptome in Acanthamoeba keratitis: An exploratory study,omics,0.5.0,2026-08-02,2026-08-02,https://doi.org/10.5061/dryad.k3j9kd5fx,checked_against_official_repository,no_documented_catalog_relationship_identified,0,,,0,,,,,"Same-data, subset, version, mirror, component, replacement, extension, derivation, and documented cohort-overlap links to other catalog records.",EyeDataHub authors
dryad_amd_zinc_complement,AMD Zinc Complement Dataset,omics,0.5.0,2026-08-02,2026-08-02,https://doi.org/10.5061/dryad.3gq6t,checked_against_official_repository,no_documented_catalog_relationship_identified,0,,,0,,,,,"Same-data, subset, version, mirror, component, replacement, extension, derivation, and documented cohort-overlap links to other catalog records.",EyeDataHub authors
dryad_aoslo_rpe,AOSLO RPE Cell Morphometry and Cone Mosaic Dataset,adaptive_optics,0.5.0,2026-08-02,2026-08-02,https://doi.org/10.5061/dryad.b41j15h,checked_against_cited_source,no_documented_catalog_relationship_identified,0,,,0,,,,,"Same-data, subset, version, mirror, component, replacement, extension, derivation, and documented cohort-overlap links to other catalog records.",EyeDataHub authors
dryad_bariatric_ophthalmology,Bariatric Surgery Ophthalmic Evaluation Dataset,oct,0.5.0,2026-08-02,2026-08-02,https://doi.org/10.5061/dryad.1g6vm34,checked_against_official_repository,no_documented_catalog_relationship_identified,0,,,0,,,,,"Same-data, subset, version, mirror, component, replacement, extension, derivation, and documented cohort-overlap links to other catalog records.",EyeDataHub authors
dryad_brvo_bevacizumab_multimodal,BRVO Bevacizumab Multimodal Dataset,multimodal,0.5.0,2026-08-02,2026-08-02,https://doi.org/10.5061/dryad.3cp54,checked_against_official_repository,no_documented_catalog_relationship_identified,0,,,0,,,,,"Same-data, subset, version, mirror, component, replacement, extension, derivation, and documented cohort-overlap links to other catalog records.",EyeDataHub authors
dryad_clcc1_retinitis_pigmentosa,CLCC1 Retinitis Pigmentosa Genomics Dataset,omics,0.5.0,2026-08-02,2026-08-02,https://doi.org/10.5061/dryad.3vv31qq,checked_against_official_repository,no_documented_catalog_relationship_identified,0,,,0,,,,,"Same-data, subset, version, mirror, component, replacement, extension, derivation, and documented cohort-overlap links to other catalog records.",EyeDataHub authors
dryad_congenital_cataract_sight_restoration,Congenital Cataract Sight Restoration Dataset,tabular,0.5.0,2026-08-02,2026-08-02,https://doi.org/10.5061/dryad.0gb5mkm9b,checked_against_official_repository,no_documented_catalog_relationship_identified,0,,,0,,,,,"Same-data, subset, version, mirror, component, replacement, extension, derivation, and documented cohort-overlap links to other catalog records.",EyeDataHub authors
dryad_congenital_glaucoma_wes,Identification of novel variants in LTBP2 and PXDN using whole-exome sequencing in developmental and congenital glaucoma,omics,0.5.0,2026-08-02,2026-08-02,https://doi.org/10.5061/dryad.k7455,checked_against_official_repository,no_documented_catalog_relationship_identified,0,,,0,,,,,"Same-data, subset, version, mirror, component, replacement, extension, derivation, and documented cohort-overlap links to other catalog records.",EyeDataHub authors
dryad_cornea_oct_pentacam,Corneal OCT and Pentacam Tomography Dataset,multimodal,0.5.0,2026-08-02,2026-08-02,https://doi.org/10.5061/dryad.tht76hf0c,checked_against_cited_source,no_documented_catalog_relationship_identified,0,,,0,,,,,"Same-data, subset, version, mirror, component, replacement, extension, derivation, and documented cohort-overlap links to other catalog records.",EyeDataHub authors
dryad_corneal_biomechanics_prostaglandin,Changes in corneal biomechanical properties after long-term topical prostaglandin therapy,corneal_topography,0.5.0,2026-08-02,2026-08-02,https://doi.org/10.5061/dryad.d35s0,checked_against_official_repository,no_documented_catalog_relationship_identified,0,,,0,,,,,"Same-data, subset, version, mirror, component, replacement, extension, derivation, and documented cohort-overlap links to other catalog records.",EyeDataHub authors
dryad_corneal_conjunctivitis_biomarker,Corneal Conjunctivitis Biomarker Dataset,omics,0.5.0,2026-08-02,2026-08-02,https://doi.org/10.5061/dryad.4j0zpc8mm,checked_against_official_repository,no_documented_catalog_relationship_identified,0,,,0,,,,,"Same-data, subset, version, mirror, component, replacement, extension, derivation, and documented cohort-overlap links to other catalog records.",EyeDataHub authors
dryad_corneal_laser_procedure,Corneal Laser Procedure for safety and efficacy in vision improvement,tabular,0.5.0,2026-08-02,2026-08-02,https://doi.org/10.5061/dryad.m905qfv2r,checked_against_official_repository,no_documented_catalog_relationship_identified,0,,,0,,,,,"Same-data, subset, version, mirror, component, replacement, extension, derivation, and documented cohort-overlap links to other catalog records.",EyeDataHub authors
dryad_crvo_vegf_tortuosity,CRVO Retinal Tortuosity and VEGF Dataset,tabular,0.5.0,2026-08-02,2026-08-02,https://doi.org/10.5061/dryad.5dn13,checked_against_official_repository,no_documented_catalog_relationship_identified,0,,,0,,,,,"Same-data, subset, version, mirror, component, replacement, extension, derivation, and documented cohort-overlap links to other catalog records.",EyeDataHub authors
dryad_d1zd5s,Single cell transcriptomic analyses reveal the impact of bHLH factors on human retinal organoid development,omics,0.5.0,2026-08-02,2026-08-02,https://doi.org/10.5068/d1zd5s,checked_against_official_repository,no_documented_catalog_relationship_identified,0,,,0,,,,,"Same-data, subset, version, mirror, component, replacement, extension, derivation, and documented cohort-overlap links to other catalog records.",EyeDataHub authors
dryad_diabetes_retinal_capillary,Diabetes Retinal Capillary Rarefaction Dataset,fundus,0.5.0,2026-08-02,2026-08-02,https://doi.org/10.5061/dryad.58791,checked_against_official_repository,no_documented_catalog_relationship_identified,0,,,0,,,,,"Same-data, subset, version, mirror, component, replacement, extension, derivation, and documented cohort-overlap links to other catalog records.",EyeDataHub authors
dryad_diabetic_retinopathy_renal,Diabetic Retinopathy and Renal Function Dataset,tabular,0.5.0,2026-08-02,2026-08-02,https://doi.org/10.5061/dryad.6kg1sd7,checked_against_official_repository,no_documented_catalog_relationship_identified,0,,,0,,,,,"Same-data, subset, version, mirror, component, replacement, extension, derivation, and documented cohort-overlap links to other catalog records.",EyeDataHub authors
dryad_dome_shaped_macula,Observational study of clinical characteristics of dome-shaped macula in Chinese Han with high myopia at Zhongshan Ophthalmic Center,tabular,0.5.0,2026-08-02,2026-08-02,https://doi.org/10.5061/dryad.h544560,checked_against_official_repository,no_documented_catalog_relationship_identified,0,,,0,,,,,"Same-data, subset, version, mirror, component, replacement, extension, derivation, and documented cohort-overlap links to other catalog records.",EyeDataHub authors
dryad_dry_eye_nlrp3,Dry Eye NLRP3 Ocular Surface Dataset,omics,0.5.0,2026-08-02,2026-08-02,https://doi.org/10.5061/dryad.7vn28,checked_against_official_repository,no_documented_catalog_relationship_identified,0,,,0,,,,,"Same-data, subset, version, mirror, component, replacement, extension, derivation, and documented cohort-overlap links to other catalog records.",EyeDataHub authors
dryad_eye_care_quality_of_life,Utility index and vision related quality of life in patients awaiting specialist eye care,tabular,0.5.0,2026-08-02,2026-08-02,https://doi.org/10.5061/dryad.h44j0zpv3,checked_against_official_repository,no_documented_catalog_relationship_identified,0,,,0,,,,,"Same-data, subset, version, mirror, component, replacement, extension, derivation, and documented cohort-overlap links to other catalog records.",EyeDataHub authors
dryad_functional_oct_alzheimer,Functional OCT Retinal Response Dataset,oct,0.5.0,2026-08-02,2026-08-02,https://doi.org/10.5061/dryad.msbcc2ftc,checked_against_cited_source,no_documented_catalog_relationship_identified,0,,,0,,,,,"Same-data, subset, version, mirror, component, replacement, extension, derivation, and documented cohort-overlap links to other catalog records.",EyeDataHub authors
dryad_fundus_venous_pulsation,Fundus Venous Pulsation Sequence Dataset,fundus,0.5.0,2026-08-02,2026-08-02,https://doi.org/10.5061/dryad.56f1h,checked_against_official_repository,no_documented_catalog_relationship_identified,0,,,0,,,,,"Same-data, subset, version, mirror, component, replacement, extension, derivation, and documented cohort-overlap links to other catalog records.",EyeDataHub authors
dryad_fungal_keratitis_cci,CCI.net fungal keratitis cases dataset,external_eye,0.5.0,2026-08-02,2026-08-02,https://doi.org/10.5061/dryad.8931zcrw5,checked_against_official_repository,no_documented_catalog_relationship_identified,0,,,0,,,,,"Same-data, subset, version, mirror, component, replacement, extension, derivation, and documented cohort-overlap links to other catalog records.",EyeDataHub authors
dryad_ga_biofeedback,Biofeedback fixation training in the rehabilitation of patients suffering from geographic atrophy,tabular,0.5.0,2026-08-02,2026-08-02,https://doi.org/10.5061/dryad.ngf1vhj81,checked_against_official_repository,no_documented_catalog_relationship_identified,0,,,0,,,,,"Same-data, subset, version, mirror, component, replacement, extension, derivation, and documented cohort-overlap links to other catalog records.",EyeDataHub authors
dryad_gca_optic_nerve_dwi,GCA Optic Nerve Diffusion MRI Dataset,multimodal,0.5.0,2026-08-02,2026-08-02,https://doi.org/10.5061/dryad.59zw3r2bk,checked_against_official_repository,no_documented_catalog_relationship_identified,0,,,0,,,,,"Same-data, subset, version, mirror, component, replacement, extension, derivation, and documented cohort-overlap links to other catalog records.",EyeDataHub authors
dryad_gcc_glaucoma,Glaucoma Ganglion Cell Complex Clinical Dataset,tabular,0.5.0,2026-08-02,2026-08-02,https://doi.org/10.5061/dryad.xwdbrv1tn,checked_against_cited_source,no_documented_catalog_relationship_identified,0,,,0,,,,,"Same-data, subset, version, mirror, component, replacement, extension, derivation, and documented cohort-overlap links to other catalog records.",EyeDataHub authors
dryad_glaucoma_lhon_mitochondrial,Glaucoma and LHON Mitochondrial Function Dataset,omics,0.5.0,2026-08-02,2026-08-02,https://doi.org/10.5061/dryad.2k4v4,checked_against_official_repository,no_documented_catalog_relationship_identified,0,,,0,,,,,"Same-data, subset, version, mirror, component, replacement, extension, derivation, and documented cohort-overlap links to other catalog records.",EyeDataHub authors
dryad_glaucoma_rnfl_vf,RNFL and Visual-Field Glaucoma Diagnosis Dataset,tabular,0.5.0,2026-08-02,2026-08-02,https://doi.org/10.5061/dryad.q6ft5,checked_against_cited_source,no_documented_catalog_relationship_identified,0,,,0,,,,,"Same-data, subset, version, mirror, component, replacement, extension, derivation, and documented cohort-overlap links to other catalog records.",EyeDataHub authors
dryad_human_foveal_cones,Human foveal cone photoreceptor topography and its dependence on eye length,adaptive_optics,0.5.0,2026-08-02,2026-08-02,https://doi.org/10.5061/dryad.nh0fp1b,checked_against_official_repository,no_documented_catalog_relationship_identified,0,,,0,,,,,"Same-data, subset, version, mirror, component, replacement, extension, derivation, and documented cohort-overlap links to other catalog records.",EyeDataHub authors
dryad_huntingtons_retinal_oct,Is retina affected in Huntington's disease? Is optical coherence tomography a good biomarker?,oct,0.5.0,2026-08-02,2026-08-02,https://doi.org/10.5061/dryad.ncjsxksxr,checked_against_official_repository,no_documented_catalog_relationship_identified,0,,,0,,,,,"Same-data, subset, version, mirror, component, replacement, extension, derivation, and documented cohort-overlap links to other catalog records.",EyeDataHub authors
dryad_icmr_eye_see_cataract,ICMR EYE SEE Cataract and Sun Exposure Dataset,tabular,0.5.0,2026-08-02,2026-08-02,https://doi.org/10.5061/dryad.5qfttdz19,checked_against_official_repository,no_documented_catalog_relationship_identified,0,,,0,,,,,"Same-data, subset, version, mirror, component, replacement, extension, derivation, and documented cohort-overlap links to other catalog records.",EyeDataHub authors
dryad_iris_surface_features,Iris Surface Features Dataset,iris_biometrics,0.5.0,2026-08-02,2026-08-02,https://doi.org/10.5061/dryad.0kt87,checked_against_official_repository,no_documented_catalog_relationship_identified,0,,,0,,,,,"Same-data, subset, version, mirror, component, replacement, extension, derivation, and documented cohort-overlap links to other catalog records.",EyeDataHub authors
dryad_karachi_cataract_outcomes,Karachi Cataract Surgery Quality Dataset,tabular,0.5.0,2026-08-02,2026-08-02,https://doi.org/10.5061/dryad.7q5c7,checked_against_official_repository,no_documented_catalog_relationship_identified,0,,,0,,,,,"Same-data, subset, version, mirror, component, replacement, extension, derivation, and documented cohort-overlap links to other catalog records.",EyeDataHub authors
dryad_lens_fluorescence_twins,Long-term development of lens fluorescence in a twin cohort: Heritability and effects of age and lifestyle,tabular,0.5.0,2026-08-02,2026-08-02,https://doi.org/10.5061/dryad.mcvdnck22,checked_against_official_repository,no_documented_catalog_relationship_identified,0,,,0,,,,,"Same-data, subset, version, mirror, component, replacement, extension, derivation, and documented cohort-overlap links to other catalog records.",EyeDataHub authors
dryad_lvpei_cataract_outcomes,LVPEI Cataract Surgery Outcome Dataset,tabular,0.5.0,2026-08-02,2026-08-02,https://doi.org/10.5061/dryad.71hp4,checked_against_official_repository,no_documented_catalog_relationship_identified,0,,,0,,,,,"Same-data, subset, version, mirror, component, replacement, extension, derivation, and documented cohort-overlap links to other catalog records.",EyeDataHub authors
dryad_moorfields_amd_1_2_year,One and two year visual outcomes from the Moorfields age-related macular degeneration database: a retrospective cohort study and an open science resource,tabular,0.5.0,2026-08-02,2026-08-02,https://doi.org/10.5061/dryad.97r9289,checked_against_official_repository,confirmed_catalog_relationship,3,same_or_overlapping_cohort_as,dryad_moorfields_namd_fellow_eye|dryad_namd_oct_quant|dryad_namd_visual_prediction,3,dryad_moorfields_namd_fellow_eye|dryad_namd_oct_quant|dryad_namd_visual_prediction,https://doi.org/10.5061/dryad.2rbnzs7m4|https://doi.org/10.5061/dryad.4mw6m906b|https://doi.org/10.5061/dryad.573n5tb5d|https://doi.org/10.5061/dryad.97r9289,,,"Same-data, subset, version, mirror, component, replacement, extension, derivation, and documented cohort-overlap links to other catalog records.",EyeDataHub authors
dryad_moorfields_namd_fellow_eye,Moorfields nAMD Fellow-Eye Dataset,tabular,0.5.0,2026-08-02,2026-08-02,https://doi.org/10.5061/dryad.4mw6m906b,checked_against_official_repository,confirmed_catalog_relationship,3,same_or_overlapping_cohort_as,dryad_moorfields_amd_1_2_year|dryad_namd_oct_quant|dryad_namd_visual_prediction,3,dryad_moorfields_amd_1_2_year|dryad_namd_oct_quant|dryad_namd_visual_prediction,https://doi.org/10.5061/dryad.2rbnzs7m4|https://doi.org/10.5061/dryad.4mw6m906b|https://doi.org/10.5061/dryad.573n5tb5d|https://doi.org/10.5061/dryad.97r9289,,,"Same-data, subset, version, mirror, component, replacement, extension, derivation, and documented cohort-overlap links to other catalog records.",EyeDataHub authors
dryad_myopia_glaucoma_visual_field,Myopia and Glaucoma Visual Field Prognosis Dataset,visual_field,0.5.0,2026-08-02,2026-08-02,https://doi.org/10.5061/dryad.1n50q,checked_against_official_repository,no_documented_catalog_relationship_identified,0,,,0,,,,,"Same-data, subset, version, mirror, component, replacement, extension, derivation, and documented cohort-overlap links to other catalog records.",EyeDataHub authors
dryad_namd_12_year_survival,Insights from survival analyses during 12 years of anti-VEGF therapy for neovascular age-related macular degeneration,tabular,0.5.0,2026-08-02,2026-08-02,https://doi.org/10.5061/dryad.nvx0k6dqg,checked_against_official_repository,no_documented_catalog_relationship_identified,0,,,0,,,,,"Same-data, subset, version, mirror, component, replacement, extension, derivation, and documented cohort-overlap links to other catalog records.",EyeDataHub authors
dryad_namd_oct_longitudinal,Quantifying changes on optical coherence tomography in eyes receiving treatment for neovascular age-related macular degeneration,oct,0.5.0,2026-08-02,2026-08-02,https://doi.org/10.5061/dryad.8cz8w9h0v,checked_against_official_repository,no_documented_catalog_relationship_identified,0,,,0,,,,,"Same-data, subset, version, mirror, component, replacement, extension, derivation, and documented cohort-overlap links to other catalog records.",EyeDataHub authors
dryad_namd_oct_quant,Moorfields nAMD Quantitative OCT Biomarker Dataset,tabular,0.5.0,2026-08-02,2026-08-02,https://doi.org/10.5061/dryad.2rbnzs7m4,checked_against_cited_source,confirmed_catalog_relationship,3,same_or_overlapping_cohort_as,dryad_moorfields_amd_1_2_year|dryad_moorfields_namd_fellow_eye|dryad_namd_visual_prediction,3,dryad_moorfields_amd_1_2_year|dryad_moorfields_namd_fellow_eye|dryad_namd_visual_prediction,https://doi.org/10.5061/dryad.2rbnzs7m4|https://doi.org/10.5061/dryad.4mw6m906b|https://doi.org/10.5061/dryad.573n5tb5d|https://doi.org/10.5061/dryad.97r9289,,,"Same-data, subset, version, mirror, component, replacement, extension, derivation, and documented cohort-overlap links to other catalog records.",EyeDataHub authors
dryad_namd_ten_year_survival,Ten-year survival trends of neovascular age-related macular degeneration at first presentation,tabular,0.5.0,2026-08-02,2026-08-02,https://doi.org/10.5061/dryad.9cnp5hqfm,checked_against_official_repository,no_documented_catalog_relationship_identified,0,,,0,,,,,"Same-data, subset, version, mirror, component, replacement, extension, derivation, and documented cohort-overlap links to other catalog records.",EyeDataHub authors
dryad_namd_visual_prediction,Moorfields nAMD Visual-Change Prediction Dataset,tabular,0.5.0,2026-08-02,2026-08-02,https://doi.org/10.5061/dryad.573n5tb5d,checked_against_cited_source,confirmed_catalog_relationship,3,same_or_overlapping_cohort_as,dryad_moorfields_amd_1_2_year|dryad_moorfields_namd_fellow_eye|dryad_namd_oct_quant,3,dryad_moorfields_amd_1_2_year|dryad_moorfields_namd_fellow_eye|dryad_namd_oct_quant,https://doi.org/10.5061/dryad.2rbnzs7m4|https://doi.org/10.5061/dryad.4mw6m906b|https://doi.org/10.5061/dryad.573n5tb5d|https://doi.org/10.5061/dryad.97r9289,,,"Same-data, subset, version, mirror, component, replacement, extension, derivation, and documented cohort-overlap links to other catalog records.",EyeDataHub authors
dryad_nigeria_cataract_services,Nigeria Cataract Services Dataset,tabular,0.5.0,2026-08-02,2026-08-02,https://doi.org/10.5061/dryad.13bp2,checked_against_official_repository,no_documented_catalog_relationship_identified,0,,,0,,,,,"Same-data, subset, version, mirror, component, replacement, extension, derivation, and documented cohort-overlap links to other catalog records.",EyeDataHub authors
dryad_ocular_chemical_injuries_shanghai,Clinical characteristics of patients hospitalized for ocular chemical injuries in Shanghai from 2012 to 2017,tabular,0.5.0,2026-08-02,2026-08-02,https://doi.org/10.5061/dryad.9707661,checked_against_official_repository,no_documented_catalog_relationship_identified,0,,,0,,,,,"Same-data, subset, version, mirror, component, replacement, extension, derivation, and documented cohort-overlap links to other catalog records.",EyeDataHub authors
dryad_ocular_surface_amr,Ocular Surface AMR Keratitis Dataset,omics,0.5.0,2026-08-02,2026-08-02,https://doi.org/10.5061/dryad.6t1g1jx9s,checked_against_official_repository,no_documented_catalog_relationship_identified,0,,,0,,,,,"Same-data, subset, version, mirror, component, replacement, extension, derivation, and documented cohort-overlap links to other catalog records.",EyeDataHub authors
dryad_optic_neuritis_metacontrast,Dichoptic metacontrast masking functions to infer transmission delay in optic neuritis,tabular,0.5.0,2026-08-02,2026-08-02,https://doi.org/10.5061/dryad.cp4j7,checked_against_official_repository,no_documented_catalog_relationship_identified,0,,,0,,,,,"Same-data, subset, version, mirror, component, replacement, extension, derivation, and documented cohort-overlap links to other catalog records.",EyeDataHub authors
dryad_pediatric_corneal_endothelium,Corneal endothelial morphology of healthy myopic Malaysian children of Chinese ethnicity aged 8-9 years and its association with axial length,corneal_topography,0.5.0,2026-08-02,2026-08-02,https://doi.org/10.5061/dryad.hhmgqnkjc,checked_against_official_repository,no_documented_catalog_relationship_identified,0,,,0,,,,,"Same-data, subset, version, mirror, component, replacement, extension, derivation, and documented cohort-overlap links to other catalog records.",EyeDataHub authors
dryad_pediatric_myopia_longitudinal,Axial length elongation and myopia incidence increase in primary school-age children: 3-year follow-up study,tabular,0.5.0,2026-08-02,2026-08-02,https://doi.org/10.5061/dryad.d4mb3pn,checked_against_official_repository,no_documented_catalog_relationship_identified,0,,,0,,,,,"Same-data, subset, version, mirror, component, replacement, extension, derivation, and documented cohort-overlap links to other catalog records.",EyeDataHub authors
dryad_pediatric_optical_quality,Intra- and intersession repeatability of an optical quality and intraocular scattering measurement system in children,tabular,0.5.0,2026-08-02,2026-08-02,https://doi.org/10.5061/dryad.bm8nv,checked_against_official_repository,no_documented_catalog_relationship_identified,0,,,0,,,,,"Same-data, subset, version, mirror, component, replacement, extension, derivation, and documented cohort-overlap links to other catalog records.",EyeDataHub authors
dryad_pediatric_secondary_iol,Pediatric Secondary IOL Outcome Dataset,tabular,0.5.0,2026-08-02,2026-08-02,https://doi.org/10.5061/dryad.5t9d1,checked_against_official_repository,no_documented_catalog_relationship_identified,0,,,0,,,,,"Same-data, subset, version, mirror, component, replacement, extension, derivation, and documented cohort-overlap links to other catalog records.",EyeDataHub authors
dryad_pk31jt2,Data from: Low incidence of choroidal neovascularization following subthreshold diode micropulse laser (SDM) in high-risk AMD,tabular,0.5.0,2026-08-02,2026-08-02,https://doi.org/10.5061/dryad.pk31jt2,checked_against_official_repository,no_documented_catalog_relationship_identified,0,,,0,,,,,"Same-data, subset, version, mirror, component, replacement, extension, derivation, and documented cohort-overlap links to other catalog records.",EyeDataHub authors
dryad_pnvx0k6hv,Time trends and associated factors of axial length in 4 and 5 year-olds children in Shanghai from 2013 to 2019,tabular,0.5.0,2026-08-02,2026-08-02,https://doi.org/10.5061/dryad.pnvx0k6hv,checked_against_official_repository,no_documented_catalog_relationship_identified,0,,,0,,,,,"Same-data, subset, version, mirror, component, replacement, extension, derivation, and documented cohort-overlap links to other catalog records.",EyeDataHub authors
dryad_preeclampsia_ocular_octa,Plane wave ultrasound and OCT angiography of the eye in preeclampsia,octa,0.5.0,2026-08-02,2026-08-02,https://doi.org/10.5061/dryad.j0zpc86kg,checked_against_official_repository,no_documented_catalog_relationship_identified,0,,,0,,,,,"Same-data, subset, version, mirror, component, replacement, extension, derivation, and documented cohort-overlap links to other catalog records.",EyeDataHub authors
dryad_pvd_diagnostic_oct,"Accuracy of biomicroscopy, ultrasonography and spectral-domain OCT in detection of complete posterior vitreous detachment",oct,0.5.0,2026-08-02,2026-08-02,https://doi.org/10.5061/dryad.h44j0zpnp,checked_against_official_repository,no_documented_catalog_relationship_identified,0,,,0,,,,,"Same-data, subset, version, mirror, component, replacement, extension, derivation, and documented cohort-overlap links to other catalog records.",EyeDataHub authors
dryad_pzgmsbcfw,Anti-vegf therapy in diabetic macular oedema patients over four years,tabular,0.5.0,2026-08-02,2026-08-02,https://doi.org/10.5061/dryad.pzgmsbcfw,checked_against_official_repository,no_documented_catalog_relationship_identified,0,,,0,,,,,"Same-data, subset, version, mirror, component, replacement, extension, derivation, and documented cohort-overlap links to other catalog records.",EyeDataHub authors
dryad_qfttdz0dr,Association of APOE gene polymorphisms with primary open angle glaucoma in Brazilian patients,tabular,0.5.0,2026-08-02,2026-08-02,https://doi.org/10.5061/dryad.qfttdz0dr,checked_against_official_repository,no_documented_catalog_relationship_identified,0,,,0,,,,,"Same-data, subset, version, mirror, component, replacement, extension, derivation, and documented cohort-overlap links to other catalog records.",EyeDataHub authors
dryad_r7s04,"Data from: Prevalence of depression, anxiety, adjustment disorders, and somatoform disorders in patients with age-related macular degeneration in Germany",tabular,0.5.0,2026-08-02,2026-08-02,https://doi.org/10.5061/dryad.r7s04,checked_against_official_repository,no_documented_catalog_relationship_identified,0,,,0,,,,,"Same-data, subset, version, mirror, component, replacement, extension, derivation, and documented cohort-overlap links to other catalog records.",EyeDataHub authors
dryad_rao_multiomics,Data and code from: Fatty acid metabolism reprograms immune microenvironment in retinal artery occlusion: Multi-Omics analysis highlights immunometabolic crosstalk,omics,0.5.0,2026-08-02,2026-08-02,https://doi.org/10.5061/dryad.98sf7m0wt,checked_against_official_repository,no_documented_catalog_relationship_identified,0,,,0,,,,,"Same-data, subset, version, mirror, component, replacement, extension, derivation, and documented cohort-overlap links to other catalog records.",EyeDataHub authors
dryad_ravi_cataract_outcomes,RAVI Cataract Surgery Outcome Dataset,tabular,0.5.0,2026-08-02,2026-08-02,https://doi.org/10.5061/dryad.4p55b,checked_against_official_repository,no_documented_catalog_relationship_identified,0,,,0,,,,,"Same-data, subset, version, mirror, component, replacement, extension, derivation, and documented cohort-overlap links to other catalog records.",EyeDataHub authors
dryad_retinal_prosthesis_navigation,Visual and non-visual navigation in blind patients with a retinal prosthesis,multimodal,0.5.0,2026-08-02,2026-08-02,https://doi.org/10.5061/dryad.c6147,checked_against_official_repository,no_documented_catalog_relationship_identified,0,,,0,,,,,"Same-data, subset, version, mirror, component, replacement, extension, derivation, and documented cohort-overlap links to other catalog records.",EyeDataHub authors
dryad_rn38r,"Data from: Do picture-based charts overestimate visual acuity? Comparison of Kay Pictures, Lea Symbols, HOTV and Keeler logMAR charts with Sloan Letters in adults and children",tabular,0.5.0,2026-08-02,2026-08-02,https://doi.org/10.5061/dryad.rn38r,checked_against_official_repository,no_documented_catalog_relationship_identified,0,,,0,,,,,"Same-data, subset, version, mirror, component, replacement, extension, derivation, and documented cohort-overlap links to other catalog records.",EyeDataHub authors
dryad_rn8pk0p70,Socioeconomic status and decreasing incidence of ocular injuries in Bosnia and Herzegovina,tabular,0.5.0,2026-08-02,2026-08-02,https://doi.org/10.5061/dryad.rn8pk0p70,checked_against_official_repository,no_documented_catalog_relationship_identified,0,,,0,,,,,"Same-data, subset, version, mirror, component, replacement, extension, derivation, and documented cohort-overlap links to other catalog records.",EyeDataHub authors
dryad_rn8pk0pdp,"Detection of SARS-CoV-2 in conjunctival secretion and tears in patients with COVID-19 in a tertiary care centre, South India",tabular,0.5.0,2026-08-02,2026-08-02,https://doi.org/10.5061/dryad.rn8pk0pdp,checked_against_official_repository,no_documented_catalog_relationship_identified,0,,,0,,,,,"Same-data, subset, version, mirror, component, replacement, extension, derivation, and documented cohort-overlap links to other catalog records.",EyeDataHub authors
dryad_rop_plane_wave_doppler,ROP Plane-Wave Doppler Dataset,tabular,0.5.0,2026-08-02,2026-08-02,https://doi.org/10.5061/dryad.612jm649r,checked_against_official_repository,no_documented_catalog_relationship_identified,0,,,0,,,,,"Same-data, subset, version, mirror, component, replacement, extension, derivation, and documented cohort-overlap links to other catalog records.",EyeDataHub authors
dryad_rpgr_cone_rod_wes,RPGR Cone-Rod Dystrophy WES Dataset,omics,0.5.0,2026-08-02,2026-08-02,https://doi.org/10.5061/dryad.5qfttdz5d,checked_against_official_repository,no_documented_catalog_relationship_identified,0,,,0,,,,,"Same-data, subset, version, mirror, component, replacement, extension, derivation, and documented cohort-overlap links to other catalog records.",EyeDataHub authors
dryad_sbcc2fr6n,Exploring phenotypic diversity of pigmented traits and iris features in Pakistani population,iris_biometrics,0.5.0,2026-08-02,2026-08-02,https://doi.org/10.5061/dryad.sbcc2fr6n,checked_against_official_repository,no_documented_catalog_relationship_identified,0,,,0,,,,,"Same-data, subset, version, mirror, component, replacement, extension, derivation, and documented cohort-overlap links to other catalog records.",EyeDataHub authors
dryad_sbcc2fr7r,Gender and age-related differences of ccular biometric parameters in patients undergoing cataract surgery in Bosnia and Herzegovina,tabular,0.5.0,2026-08-02,2026-08-02,https://doi.org/10.5061/dryad.sbcc2fr7r,checked_against_official_repository,no_documented_catalog_relationship_identified,0,,,0,,,,,"Same-data, subset, version, mirror, component, replacement, extension, derivation, and documented cohort-overlap links to other catalog records.",EyeDataHub authors
dryad_shanghai_myopia_2014_2018,"Age-related change of axial length, spherical equivalent, prevalence of myopia and high myopia in school-age children in Shanghai: 2014 to 2018",tabular,0.5.0,2026-08-02,2026-08-02,https://doi.org/10.5061/dryad.c2fqz615c,checked_against_official_repository,no_documented_catalog_relationship_identified,0,,,0,,,,,"Same-data, subset, version, mirror, component, replacement, extension, derivation, and documented cohort-overlap links to other catalog records.",EyeDataHub authors
dryad_sn02v6x2x,Data from: Corneal laser procedure for vision improvement in patients with late stage dry age-related macular degeneration,tabular,0.5.0,2026-08-02,2026-08-02,https://doi.org/10.5061/dryad.sn02v6x2x,checked_against_official_repository,no_documented_catalog_relationship_identified,0,,,0,,,,,"Same-data, subset, version, mirror, component, replacement, extension, derivation, and documented cohort-overlap links to other catalog records.",EyeDataHub authors
dryad_stargardt_wes,Stargardt Disease WES Variant Dataset,omics,0.5.0,2026-08-02,2026-08-02,https://doi.org/10.5061/dryad.0qk7f,checked_against_official_repository,no_documented_catalog_relationship_identified,0,,,0,,,,,"Same-data, subset, version, mirror, component, replacement, extension, derivation, and documented cohort-overlap links to other catalog records.",EyeDataHub authors
dryad_taizhou_cataract_outdoors,The association of outdoor activity and age-related cataract in a rural population of Taizhou Eye Study: phase 1 report,tabular,0.5.0,2026-08-02,2026-08-02,https://doi.org/10.5061/dryad.gt410,checked_against_official_repository,no_documented_catalog_relationship_identified,0,,,0,,,,,"Same-data, subset, version, mirror, component, replacement, extension, derivation, and documented cohort-overlap links to other catalog records.",EyeDataHub authors
dryad_tb_uveitis_ifn,Type 1 interferon-inducible gene expression in QuantiFERON Gold TB-positive uveitis: a tool to stratify a high versus low risk of active tuberculosis?,omics,0.5.0,2026-08-02,2026-08-02,https://doi.org/10.5061/dryad.8jk03jd,checked_against_official_repository,no_documented_catalog_relationship_identified,0,,,0,,,,,"Same-data, subset, version, mirror, component, replacement, extension, derivation, and documented cohort-overlap links to other catalog records.",EyeDataHub authors
dryad_tmpg4f4vb,Effects of capsular tension ring on surgical outcomes of premium intraocular lens in patients with suspected zonular weakness,tabular,0.5.0,2026-08-02,2026-08-02,https://doi.org/10.5061/dryad.tmpg4f4vb,checked_against_official_repository,no_documented_catalog_relationship_identified,0,,,0,,,,,"Same-data, subset, version, mirror, component, replacement, extension, derivation, and documented cohort-overlap links to other catalog records.",EyeDataHub authors
dryad_toric_iol_incision,Toric Intraocular Lens Incision Outcome Dataset,tabular,0.5.0,2026-08-02,2026-08-02,https://doi.org/10.5061/dryad.01n20,checked_against_official_repository,no_documented_catalog_relationship_identified,0,,,0,,,,,"Same-data, subset, version, mirror, component, replacement, extension, derivation, and documented cohort-overlap links to other catalog records.",EyeDataHub authors
dryad_uveal_melanoma_coog2,COOG2.1 Uveal Melanoma Prognostic Dataset,omics,0.5.0,2026-08-02,2026-08-02,https://doi.org/10.5061/dryad.n8pk0p340,checked_against_cited_source,no_documented_catalog_relationship_identified,0,,,0,,,,,"Same-data, subset, version, mirror, component, replacement, extension, derivation, and documented cohort-overlap links to other catalog records.",EyeDataHub authors
dryad_uveitis_vitreous_biomarkers,Uveitis Vitreous Biomarker Dataset,omics,0.5.0,2026-08-02,2026-08-02,https://doi.org/10.5061/dryad.597ch,checked_against_official_repository,no_documented_catalog_relationship_identified,0,,,0,,,,,"Same-data, subset, version, mirror, component, replacement, extension, derivation, and documented cohort-overlap links to other catalog records.",EyeDataHub authors
dryad_v6wwpzh1b,Data from: Micropulse transscleral cyclophotocoagulation results in secondary glaucoma,tabular,0.5.0,2026-08-02,2026-08-02,https://doi.org/10.5061/dryad.v6wwpzh1b,checked_against_official_repository,no_documented_catalog_relationship_identified,0,,,0,,,,,"Same-data, subset, version, mirror, component, replacement, extension, derivation, and documented cohort-overlap links to other catalog records.",EyeDataHub authors
dryad_v9p0b,Data from: Retinal capillary rarefaction in patients with untreated mild-moderate hypertension,tabular,0.5.0,2026-08-02,2026-08-02,https://doi.org/10.5061/dryad.v9p0b,checked_against_official_repository,no_documented_catalog_relationship_identified,0,,,0,,,,,"Same-data, subset, version, mirror, component, replacement, extension, derivation, and documented cohort-overlap links to other catalog records.",EyeDataHub authors
dryad_vkh_apoe,VKH APOE Transcriptomics and Proteomics Dataset,omics,0.5.0,2026-08-02,2026-08-02,https://doi.org/10.5061/dryad.37pvmcvzx,checked_against_official_repository,no_documented_catalog_relationship_identified,0,,,0,,,,,"Same-data, subset, version, mirror, component, replacement, extension, derivation, and documented cohort-overlap links to other catalog records.",EyeDataHub authors
dryad_xgxd254pk,"Supporting information for: Discrimination ability of central visual field testing using stimulus size I, II, and III and relationship with macular ganglion cell thickness in chiasmal compression",visual_field,0.5.0,2026-08-02,2026-08-02,https://doi.org/10.5061/dryad.xgxd254pk,checked_against_official_repository,no_documented_catalog_relationship_identified,0,,,0,,,,,"Same-data, subset, version, mirror, component, replacement, extension, derivation, and documented cohort-overlap links to other catalog records.",EyeDataHub authors
dryad_young_adult_uv_transmission,Individual variation in the transmission of ultraviolet radiation in the young adult eye.,tabular,0.5.0,2026-08-02,2026-08-02,https://doi.org/10.5061/dryad.hg000c2,checked_against_official_repository,no_documented_catalog_relationship_identified,0,,,0,,,,,"Same-data, subset, version, mirror, component, replacement, extension, derivation, and documented cohort-overlap links to other catalog records.",EyeDataHub authors
dryad_z8w9ghx9c,Accuracy of intraocular lens calculation formulas in cataract patients with steep corneal curvature,tabular,0.5.0,2026-08-02,2026-08-02,https://doi.org/10.5061/dryad.z8w9ghx9c,checked_against_official_repository,no_documented_catalog_relationship_identified,0,,,0,,,,,"Same-data, subset, version, mirror, component, replacement, extension, derivation, and documented cohort-overlap links to other catalog records.",EyeDataHub authors
dual_scheimpflug_ss_oct_biometry,Dual Scheimpflug and Swept-Source OCT Biometry Dataset,tabular,0.5.0,2026-08-02,2026-08-02,https://doi.org/10.6084/m9.figshare.16828996.v1,checked_against_official_repository,no_documented_catalog_relationship_identified,0,,,0,,,,,"Same-data, subset, version, mirror, component, replacement, extension, derivation, and documented cohort-overlap links to other catalog records.",EyeDataHub authors
duke_amd_chiu,Duke AMD Pathology OCT Segmentation Dataset,oct,0.5.0,2026-08-02,2026-08-02,https://people.duke.edu/~sf59/Chiu_IOVS_2011_dataset.htm,checked_against_cited_source,no_documented_catalog_relationship_identified,0,,,0,,,,,"Same-data, subset, version, mirror, component, replacement, extension, derivation, and documented cohort-overlap links to other catalog records.",EyeDataHub authors
duke_chiu_boe,Duke OCT DME Dataset (Chiu BOE 2014),oct,0.5.0,2026-08-02,2026-08-02,http://people.duke.edu/~sf59/Chiu_BOE_2014_dataset.htm,checked_against_cited_source,confirmed_catalog_relationship,0,,,1,mm_retinal_reason,https://huggingface.co/datasets/lxirich/MM-Retinal-Reason/tree/d6243baa82c0914dba3c6f43ca79fdbf856982ef,,,"Same-data, subset, version, mirror, component, replacement, extension, derivation, and documented cohort-overlap links to other catalog records.",EyeDataHub authors
duke_rpedc,Duke RPE-Drusen Complex OCT Dataset,oct,0.5.0,2026-08-02,2026-08-02,https://people.duke.edu/~sf59/RPEDC_Ophth_2013_dataset.htm,checked_against_cited_source,no_documented_catalog_relationship_identified,0,,,0,,,,,"Same-data, subset, version, mirror, component, replacement, extension, derivation, and documented cohort-overlap links to other catalog records.",EyeDataHub authors
e_ophtha,E-ophtha (EX + MA): Exudate and Microaneurysm Segmentation,fundus,0.5.0,2026-08-02,2026-08-02,https://www.kaggle.com/datasets/samriddhibagchi/e-ophtha-diabetic-retinopathy-datasets-ex-ma,checked_against_cited_source,confirmed_catalog_relationship,0,,,2,dme_vqa|mm_retinal_reason,https://huggingface.co/datasets/lxirich/MM-Retinal-Reason/tree/d6243baa82c0914dba3c6f43ca79fdbf856982ef|https://zenodo.org/records/6784358,,,"Same-data, subset, version, mirror, component, replacement, extension, derivation, and documented cohort-overlap links to other catalog records.",EyeDataHub authors
eed_astig,EED-Astig Pediatric External-Eye Dataset,external_eye,0.5.0,2026-08-02,2026-08-02,https://doi.org/10.5281/zenodo.18976824,checked_against_cited_source,no_documented_catalog_relationship_identified,0,,,0,,,,,"Same-data, subset, version, mirror, component, replacement, extension, derivation, and documented cohort-overlap links to other catalog records.",EyeDataHub authors
erdes,ERDES: Ocular Ultrasound Video Benchmark (Retinal Detachment + Macula),multimodal,0.5.0,2026-08-02,2026-08-02,https://arxiv.org/abs/2503.04525,checked_against_cited_source,no_documented_catalog_relationship_identified,0,,,0,,,,,"Same-data, subset, version, mirror, component, replacement, extension, derivation, and documented cohort-overlap links to other catalog records.",EyeDataHub authors
eth_xgaze,ETH-XGaze Extreme-Pose Gaze Estimation Dataset,eye_tracking,0.5.0,2026-08-02,2026-08-02,https://ait.ethz.ch/xgaze,checked_against_cited_source,no_documented_catalog_relationship_identified,0,,,0,,,,,"Same-data, subset, version, mirror, component, replacement, extension, derivation, and documented cohort-overlap links to other catalog records.",EyeDataHub authors
external_eye_blepharitis,External Eye Photographs for Screening Referable Blepharitis,external_eye,0.5.0,2026-08-02,2026-08-02,https://data.mendeley.com/datasets/bp37vw4z8d/1,checked_against_cited_source,no_documented_catalog_relationship_identified,0,,,0,,,,,"Same-data, subset, version, mirror, component, replacement, extension, derivation, and documented cohort-overlap links to other catalog records.",EyeDataHub authors
eye_conjunctiva_segmentation,Eye Conjunctiva Segmentation Dataset,external_eye,0.5.0,2026-08-02,2026-08-02,https://data.mendeley.com/datasets/yxwjgcndg2/1,checked_against_cited_source,no_documented_catalog_relationship_identified,0,,,0,,,,,"Same-data, subset, version, mirror, component, replacement, extension, derivation, and documented cohort-overlap links to other catalog records.",EyeDataHub authors
eye_disease_image_mendeley,Eye Disease Image Dataset,fundus,0.5.0,2026-08-02,2026-08-02,https://data.mendeley.com/datasets/s9bfhswzjb/1,checked_against_cited_source,confirmed_catalog_relationship,0,,,1,x_pcr,https://huggingface.co/datasets/Fantasy666/X-PCR/tree/06a318fd852230326386e3c6514d8a11b7a6b4af,,,"Same-data, subset, version, mirror, component, replacement, extension, derivation, and documented cohort-overlap links to other catalog records.",EyeDataHub authors
eyecare_100k,Eyecare-100K: Multimodal Ophthalmology VQA Corpus,multimodal,0.5.0,2026-08-02,2026-08-02,https://github.com/DCDmllm/EyecareGPT,checked_against_cited_source,no_documented_catalog_relationship_identified,0,,,0,,,,,"Same-data, subset, version, mirror, component, replacement, extension, derivation, and documented cohort-overlap links to other catalog records.",EyeDataHub authors
eyecatcher_visual_field,Eyecatcher Tablet-Based Visual Field Home-Monitoring Data,visual_field,0.5.0,2026-08-02,2026-08-02,https://data.mendeley.com/datasets/swsfj47cxw/2,checked_against_cited_source,no_documented_catalog_relationship_identified,0,,,0,,,,,"Same-data, subset, version, mirror, component, replacement, extension, derivation, and documented cohort-overlap links to other catalog records.",EyeDataHub authors
eyepacs,EyePACS — Diabetic Retinopathy Detection (Kaggle 2015),fundus,0.5.0,2026-08-02,2026-08-02,https://www.kaggle.com/c/diabetic-retinopathy-detection,checked_against_cited_source,confirmed_catalog_relationship,0,,,6,bidr|dr_arranged|eyeq|mm_retinal_reason|multieye|x_pcr,https://arxiv.org/abs/2412.09402|https://github.com/HzFu/EyeQ|https://huggingface.co/datasets/Fantasy666/X-PCR/tree/06a318fd852230326386e3c6514d8a11b7a6b4af|https://huggingface.co/datasets/lxirich/MM-Retinal-Reason/tree/d6243baa82c0914dba3c6f43ca79fdbf856982ef|https://tianchi.aliyun.com/dataset/93926|https://www.kaggle.com/datasets/pkdarabi/diagnosis-of-diabetic-retinopathy,,,"Same-data, subset, version, mirror, component, replacement, extension, derivation, and documented cohort-overlap links to other catalog records.",EyeDataHub authors
eyeq,EyeQ Retinal Image Quality Assessment Dataset,fundus,0.5.0,2026-08-02,2026-08-02,https://github.com/HzFu/EyeQ,checked_against_cited_source,confirmed_catalog_relationship,1,derived_from,eyepacs,0,,https://github.com/HzFu/EyeQ,,,"Same-data, subset, version, mirror, component, replacement, extension, derivation, and documented cohort-overlap links to other catalog records.",EyeDataHub authors
fairvlmed,FairVLMed: Fair Vision-Language Medical Ophthalmic Dataset,multimodal,0.5.0,2026-08-02,2026-08-02,https://huggingface.co/datasets/harvardairobotics/FairVLMed,checked_against_cited_source,no_documented_catalog_relationship_identified,0,,,0,,,,No official source statement supports the previous claim that FairVLMed and Harvard-FairVision use the same cohort.,"Same-data, subset, version, mirror, component, replacement, extension, derivation, and documented cohort-overlap links to other catalog records.",EyeDataHub authors
fang_sbsdi_oct,Duke Fang SBSDI Retinal OCT Dataset,oct,0.5.0,2026-08-02,2026-08-02,https://people.duke.edu/~sf59/Fang_TMI_2013.htm,checked_against_cited_source,no_documented_catalog_relationship_identified,0,,,0,,,,,"Same-data, subset, version, mirror, component, replacement, extension, derivation, and documented cohort-overlap links to other catalog records.",EyeDataHub authors
farfum_rop,FARFUM-ROP: Fundus Annotation Repository for Retinopathy of Prematurity,fundus,0.5.0,2026-08-02,2026-08-02,https://doi.org/10.6084/m9.figshare.c.6721269,checked_against_cited_source,no_documented_catalog_relationship_identified,0,,,0,,,,,"Same-data, subset, version, mirror, component, replacement, extension, derivation, and documented cohort-overlap links to other catalog records.",EyeDataHub authors
fd3611,FD3611 Multi-Class Color Fundus Image Dataset,fundus,0.5.0,2026-08-02,2026-08-02,https://doi.org/10.6084/m9.figshare.32086296.v1,checked_against_official_repository,no_documented_catalog_relationship_identified,0,,,0,,,,,"Same-data, subset, version, mirror, component, replacement, extension, derivation, and documented cohort-overlap links to other catalog records.",EyeDataHub authors
ffa_ir,FFA-IR Medical Report Dataset,multimodal,0.5.0,2026-08-02,2026-08-02,https://doi.org/10.13026/k5rp-9h43,checked_against_cited_source,no_documented_catalog_relationship_identified,0,,,0,,,,,"Same-data, subset, version, mirror, component, replacement, extension, derivation, and documented cohort-overlap links to other catalog records.",EyeDataHub authors
fimd,Fundus Image Myopia Development Dataset,fundus,0.5.0,2026-08-02,2026-08-02,https://data.mendeley.com/datasets/jkzsh6pcv4/1,checked_against_cited_source,no_documented_catalog_relationship_identified,0,,,0,,,,FIMD follows the FIRE control-point annotation method but does not reuse FIRE images.,"Same-data, subset, version, mirror, component, replacement, extension, derivation, and documented cohort-overlap links to other catalog records.",EyeDataHub authors
fiqs,FIQS: Fundus Image Quality Scores Dataset,fundus,0.5.0,2026-08-02,2026-08-02,https://doi.org/10.6084/m9.figshare.28129847.v1,checked_against_cited_source,no_documented_catalog_relationship_identified,0,,,0,,,,,"Same-data, subset, version, mirror, component, replacement, extension, derivation, and documented cohort-overlap links to other catalog records.",EyeDataHub authors
fire,FIRE: Fundus Image Registration Dataset,fundus,0.5.0,2026-08-02,2026-08-02,https://projects.ics.forth.gr/cvrl/fire/,checked_against_cited_source,no_documented_catalog_relationship_identified,0,,,0,,,,,"Same-data, subset, version, mirror, component, replacement, extension, derivation, and documented cohort-overlap links to other catalog records.",EyeDataHub authors
fives,FIVES: Fundus Image Vessel Segmentation,fundus,0.5.0,2026-08-02,2026-08-02,https://doi.org/10.6084/m9.figshare.19688169,checked_against_cited_source,confirmed_catalog_relationship,0,,,3,mm_retinal_reason|multieye|smdg,https://arxiv.org/abs/2412.09402|https://huggingface.co/datasets/lxirich/MM-Retinal-Reason/tree/d6243baa82c0914dba3c6f43ca79fdbf856982ef|https://www.kaggle.com/datasets/deathtrooper/multichannel-glaucoma-benchmark-dataset,,,"Same-data, subset, version, mirror, component, replacement, extension, derivation, and documented cohort-overlap links to other catalog records.",EyeDataHub authors
fociset_pamm,FociSet PAMM OCT Lesion Dataset,oct,0.5.0,2026-08-02,2026-08-02,https://data.mendeley.com/datasets/mkwxn7rjpm/2,checked_against_cited_source,no_documented_catalog_relationship_identified,0,,,0,,,,,"Same-data, subset, version, mirror, component, replacement, extension, derivation, and documented cohort-overlap links to other catalog records.",EyeDataHub authors
fovea,FOVEA: Pre/Intra-Operative Fundus + Biomicroscopy,multimodal,0.5.0,2026-08-02,2026-08-02,https://doi.org/10.6084/m9.figshare.28329338,checked_against_cited_source,no_documented_catalog_relationship_identified,0,,,0,,,,,"Same-data, subset, version, mirror, component, replacement, extension, derivation, and documented cohort-overlap links to other catalog records.",EyeDataHub authors
fprm_retina,FPRM Multimodal Eye Imaging and Psychological Assessment Dataset,multimodal,0.5.0,2026-08-02,2026-08-02,https://doi.org/10.7303/syn61672643,checked_against_cited_source,no_documented_catalog_relationship_identified,0,,,0,,,,,"Same-data, subset, version, mirror, component, replacement, extension, derivation, and documented cohort-overlap links to other catalog records.",EyeDataHub authors
fundus_105k,Fundus-105K Text Dataset,text,0.5.0,2026-08-02,2026-08-02,https://huggingface.co/datasets/PJMixers-Dev/Fundus-105K,checked_against_cited_source,no_documented_catalog_relationship_identified,0,,,0,,,,,"Same-data, subset, version, mirror, component, replacement, extension, derivation, and documented cohort-overlap links to other catalog records.",EyeDataHub authors
fundus_avseg,Fundus-AVSeg: Artery-Vein-Crossing Segmentation,fundus,0.5.0,2026-08-02,2026-08-02,https://doi.org/10.6084/m9.figshare.27938034,checked_against_cited_source,no_documented_catalog_relationship_identified,0,,,0,,,,,"Same-data, subset, version, mirror, component, replacement, extension, derivation, and documented cohort-overlap links to other catalog records.",EyeDataHub authors
fundus_cc_2_5m,Fundus-CC-2.5M Text Corpus,text,0.5.0,2026-08-02,2026-08-02,https://huggingface.co/datasets/PJMixers-Dev/Fundus-CC-2.5M,checked_against_cited_source,no_documented_catalog_relationship_identified,0,,,0,,,,,"Same-data, subset, version, mirror, component, replacement, extension, derivation, and documented cohort-overlap links to other catalog records.",EyeDataHub authors
fundus_domain_generalization,Fundus Dataset for Domain Generalization in Optic Disc/Cup Segmentation,fundus,0.5.0,2026-08-02,2026-08-02,https://zenodo.org/records/8009107,checked_against_cited_source,confirmed_catalog_relationship,3,derived_from,drishti_gs|refuge2018|riga,0,,https://zenodo.org/records/8009107,ORIGA,,"Same-data, subset, version, mirror, component, replacement, extension, derivation, and documented cohort-overlap links to other catalog records.",EyeDataHub authors
fundus_report_dataset,Fundus Report Dataset,multimodal,0.5.0,2026-08-02,2026-08-02,https://huggingface.co/datasets/zzzzineun/fundus-report-dataset,checked_against_cited_source,confirmed_catalog_relationship,1,derived_from,deepdrid,0,,https://huggingface.co/datasets/zzzzineun/fundus-report-dataset,OUWFD,,"Same-data, subset, version, mirror, component, replacement, extension, derivation, and documented cohort-overlap links to other catalog records.",EyeDataHub authors
g1020,G1020: Glaucoma Benchmark Fundus Dataset,fundus,0.5.0,2026-08-02,2026-08-02,https://arxiv.org/abs/2006.09158,checked_against_cited_source,confirmed_catalog_relationship,0,,,3,lmod_plus|mm_retinal_reason|smdg,https://huggingface.co/datasets/lxirich/MM-Retinal-Reason/tree/d6243baa82c0914dba3c6f43ca79fdbf856982ef|https://kfzyqin.github.io/lmod_plus/|https://www.kaggle.com/datasets/deathtrooper/multichannel-glaucoma-benchmark-dataset,,,"Same-data, subset, version, mirror, component, replacement, extension, derivation, and documented cohort-overlap links to other catalog records.",EyeDataHub authors
gamma,GAMMA — Glaucoma Grading from Multi-Modality Images,multimodal,0.5.0,2026-08-02,2026-08-02,https://drive.google.com/file/d/1thJDE1_TR-xa8f3H-0PwPpDxun7rV8Sw/view,checked_against_cited_source,confirmed_catalog_relationship,1,component_of,ichallenge_oct,2,ichallenge_oct|mm_retinal_reason,http://hdmilab.cn/ichallenge|https://huggingface.co/datasets/lxirich/MM-Retinal-Reason/tree/d6243baa82c0914dba3c6f43ca79fdbf856982ef,,,"Same-data, subset, version, mirror, component, replacement, extension, derivation, and documented cohort-overlap links to other catalog records.",EyeDataHub authors
gaze360,Gaze360 Physically Unconstrained Gaze Dataset,eye_tracking,0.5.0,2026-08-02,2026-08-02,https://gaze360.csail.mit.edu/,checked_against_cited_source,no_documented_catalog_relationship_identified,0,,,0,,,,,"Same-data, subset, version, mirror, component, replacement, extension, derivation, and documented cohort-overlap links to other catalog records.",EyeDataHub authors
gaze_capture,GazeCapture Mobile Eye-Tracking Dataset,eye_tracking,0.5.0,2026-08-02,2026-08-02,https://gazecapture.csail.mit.edu/dataset.php,checked_against_cited_source,no_documented_catalog_relationship_identified,0,,,0,,,,,"Same-data, subset, version, mirror, component, replacement, extension, derivation, and documented cohort-overlap links to other catalog records.",EyeDataHub authors
ghana_eye_screening,Eye Screening Data for First-Year University Students in Ghana,tabular,0.5.0,2026-08-02,2026-08-02,https://data.mendeley.com/datasets/mfv6sb5wyc/4,checked_against_cited_source,no_documented_catalog_relationship_identified,0,,,0,,,,,"Same-data, subset, version, mirror, component, replacement, extension, derivation, and documented cohort-overlap links to other catalog records.",EyeDataHub authors
glaucoma_expert_cot_raw,Glaucoma Expert Chain-of-Thought Raw Dataset,fundus,0.5.0,2026-08-02,2026-08-02,https://huggingface.co/datasets/yuzhench/glaucoma-expert-cot-raw-1077,checked_against_official_repository,confirmed_catalog_relationship,2,derived_from,lag|papila,1,glaucoma_expert_cot_refined,https://huggingface.co/datasets/yuzhench/glaucoma-expert-cot-raw-1077|https://huggingface.co/datasets/yuzhench/glaucoma-expert-cot-refined-1077,,,"Same-data, subset, version, mirror, component, replacement, extension, derivation, and documented cohort-overlap links to other catalog records.",EyeDataHub authors
glaucoma_expert_cot_refined,Glaucoma Expert Chain-of-Thought Refined Dataset,fundus,0.5.0,2026-08-02,2026-08-02,https://huggingface.co/datasets/yuzhench/glaucoma-expert-cot-refined-1077,checked_against_official_repository,confirmed_catalog_relationship,3,derived_from|version_of,glaucoma_expert_cot_raw|lag|papila,0,,https://huggingface.co/datasets/yuzhench/glaucoma-expert-cot-refined-1077,,,"Same-data, subset, version, mirror, component, replacement, extension, derivation, and documented cohort-overlap links to other catalog records.",EyeDataHub authors
glaucoma_eye_movements,Eye Movements of Glaucoma Patients with Asymmetrical Visual Field Loss,eye_tracking,0.5.0,2026-08-02,2026-08-02,https://zenodo.org/records/7761477,checked_against_cited_source,no_documented_catalog_relationship_identified,0,,,0,,,,,"Same-data, subset, version, mirror, component, replacement, extension, derivation, and documented cohort-overlap links to other catalog records.",EyeDataHub authors
glaucoma_oct_fundus,Glaucoma Detection Dataset with OCT and Fundus Images,fundus,0.5.0,2026-08-02,2026-08-02,https://doi.org/10.6084/m9.figshare.32051124.v1,checked_against_official_repository,no_documented_catalog_relationship_identified,0,,,0,,,,,"Same-data, subset, version, mirror, component, replacement, extension, derivation, and documented cohort-overlap links to other catalog records.",EyeDataHub authors
gleam,GLEAM Multimodal Glaucoma Staging Dataset,oct,0.5.0,2026-08-02,2026-08-02,https://www.kaggle.com/datasets/zhangyiyinge/gleam-dataset,checked_against_official_repository,no_documented_catalog_relationship_identified,0,,,0,,,,,"Same-data, subset, version, mirror, component, replacement, extension, derivation, and documented cohort-overlap links to other catalog records.",EyeDataHub authors
goals,GOALS — Glaucoma OCT Layer Segmentation (MICCAI 2022),oct,0.5.0,2026-08-02,2026-08-02,https://aistudio.baidu.com/competition/detail/783/0/introduction,checked_against_cited_source,confirmed_catalog_relationship,0,,,2,mm_retinal_reason|multieye,https://arxiv.org/abs/2412.09402|https://huggingface.co/datasets/lxirich/MM-Retinal-Reason/tree/d6243baa82c0914dba3c6f43ca79fdbf856982ef,,,"Same-data, subset, version, mirror, component, replacement, extension, derivation, and documented cohort-overlap links to other catalog records.",EyeDataHub authors
goblet_cell_segmentation,Human Conjunctival Goblet Cell Segmentation Dataset,cell_microscopy,0.5.0,2026-08-02,2026-08-02,https://doi.org/10.5281/zenodo.18642562,checked_against_cited_source,no_documented_catalog_relationship_identified,0,,,0,,,,,"Same-data, subset, version, mirror, component, replacement, extension, derivation, and documented cohort-overlap links to other catalog records.",EyeDataHub authors
grape,GRAPE: Glaucoma Real-world Appraisal Progression Ensemble,multimodal,0.5.0,2026-08-02,2026-08-02,https://doi.org/10.6084/m9.figshare.c.6406319,checked_against_cited_source,no_documented_catalog_relationship_identified,0,,,0,,,,,"Same-data, subset, version, mirror, component, replacement, extension, derivation, and documented cohort-overlap links to other catalog records.",EyeDataHub authors
harvard_fairvision,"Harvard-FairVision (AMD + DR + Glaucoma, paired SLO + OCT)",multimodal,0.5.0,2026-08-02,2026-08-02,https://ophai.hms.harvard.edu/datasets/harvard-fairvision30k,checked_against_cited_source,no_documented_catalog_relationship_identified,0,,,0,,,,,"Same-data, subset, version, mirror, component, replacement, extension, derivation, and documented cohort-overlap links to other catalog records.",EyeDataHub authors
harvard_gdp,Harvard GDP: Glaucoma Detection and Progression Dataset,oct,0.5.0,2026-08-02,2026-08-02,https://drive.google.com/drive/folders/1JMi_HCql113uc9X0DOaMkNfEWfxaDlEz,checked_against_cited_source,confirmed_catalog_relationship,0,,,1,x_pcr,https://huggingface.co/datasets/Fantasy666/X-PCR/tree/06a318fd852230326386e3c6514d8a11b7a6b4af,,,"Same-data, subset, version, mirror, component, replacement, extension, derivation, and documented cohort-overlap links to other catalog records.",EyeDataHub authors
harvard_glaucoma,Harvard Glaucoma Fundus Image Dataset,fundus,0.5.0,2026-08-02,2026-08-02,https://doi.org/10.7910/DVN/1YRRAC,checked_against_cited_source,no_documented_catalog_relationship_identified,0,,,0,,,,,"Same-data, subset, version, mirror, component, replacement, extension, derivation, and documented cohort-overlap links to other catalog records.",EyeDataHub authors
hassan_composite_retina,Composite Retinal Fundus and OCT Dataset with Clinical Markings,multimodal,0.5.0,2026-08-02,2026-08-02,https://data.mendeley.com/datasets/trghs22fpg/4,checked_against_cited_source,confirmed_catalog_relationship,0,,,2,mm_retinal_reason|multieye,https://arxiv.org/abs/2412.09402|https://huggingface.co/datasets/lxirich/MM-Retinal-Reason/tree/d6243baa82c0914dba3c6f43ca79fdbf856982ef,Unresolved component-level provenance,,"Same-data, subset, version, mirror, component, replacement, extension, derivation, and documented cohort-overlap links to other catalog records.",EyeDataHub authors
hei_med,HEI-MED: Hamilton Eye Institute Macular Edema Dataset,fundus,0.5.0,2026-08-02,2026-08-02,https://github.com/lgiancaUTH/HEI-MED,checked_against_cited_source,no_documented_catalog_relationship_identified,0,,,0,,,,,"Same-data, subset, version, mirror, component, replacement, extension, derivation, and documented cohort-overlap links to other catalog records.",EyeDataHub authors
hesc_retinal_organoid_early_differentiation,hESC-Derived Retinal Organoid Early Differentiation Imaging Dataset,cell_microscopy,0.5.0,2026-08-02,2026-08-02,https://doi.org/10.6084/m9.figshare.30102802.v1,checked_against_official_repository,no_documented_catalog_relationship_identified,0,,,0,,,,,"Same-data, subset, version, mirror, component, replacement, extension, derivation, and documented cohort-overlap links to other catalog records.",EyeDataHub authors
hesc_rpe_electrical_excitability,hESC-Derived RPE Electrical Excitability Dataset,electrophysiology,0.5.0,2026-08-02,2026-08-02,https://doi.org/10.6084/m9.figshare.22246969.v2,checked_against_official_repository,no_documented_catalog_relationship_identified,0,,,0,,,,,"Same-data, subset, version, mirror, component, replacement, extension, derivation, and documented cohort-overlap links to other catalog records.",EyeDataHub authors
higancnn_generated_glaucoma,HiGANCNN Generated Glaucoma Dataset,fundus,0.5.0,2026-08-02,2026-08-02,https://www.kaggle.com/datasets/hindsaud/datasets-higancnn-glaucoma-detection,checked_against_official_repository,confirmed_catalog_relationship,3,derived_from,acrima|drishti_gs|hrf,0,,https://www.kaggle.com/datasets/hindsaud/datasets-higancnn-glaucoma-detection,,,"Same-data, subset, version, mirror, component, replacement, extension, derivation, and documented cohort-overlap links to other catalog records.",EyeDataHub authors
hpmi,HPMI: High & Pathological Myopia Identification,fundus,0.5.0,2026-08-02,2026-08-02,https://doi.org/10.6084/m9.figshare.24800232,checked_against_cited_source,no_documented_catalog_relationship_identified,0,,,0,,,,HPMI is compared with or described as complementary to PALM; no shared images are documented.,"Same-data, subset, version, mirror, component, replacement, extension, derivation, and documented cohort-overlap links to other catalog records.",EyeDataHub authors
hrf,HRF: High-Resolution Fundus Image Database,fundus,0.5.0,2026-08-02,2026-08-02,https://www5.cs.fau.de/research/data/fundus-images/,checked_against_cited_source,confirmed_catalog_relationship,0,,,5,amdnet23|higancnn_generated_glaucoma|hrf_seg_plus|mm_retinal_reason|smdg,https://doi.org/10.17632/yj35kjgrv3.1|https://huggingface.co/datasets/lxirich/MM-Retinal-Reason/tree/d6243baa82c0914dba3c6f43ca79fdbf856982ef|https://www.kaggle.com/datasets/deathtrooper/multichannel-glaucoma-benchmark-dataset|https://www.kaggle.com/datasets/hindsaud/datasets-higancnn-glaucoma-detection|https://zenodo.org/records/16744782,,,"Same-data, subset, version, mirror, component, replacement, extension, derivation, and documented cohort-overlap links to other catalog records.",EyeDataHub authors
hrf_seg_plus,HRF-Seg+: Multi-Structure Fundus Annotations,fundus,0.5.0,2026-08-02,2026-08-02,https://zenodo.org/records/16744782,checked_against_cited_source,confirmed_catalog_relationship,1,derived_from,hrf,0,,https://zenodo.org/records/16744782,,,"Same-data, subset, version, mirror, component, replacement, extension, derivation, and documented cohort-overlap links to other catalog records.",EyeDataHub authors
hyamd,HYAMD High-Resolution Fundus Image Dataset for AMD Diagnosis,fundus,0.5.0,2026-08-02,2026-08-02,https://physionet.org/content/hillel-yaffe-fundus-amd/1.0.0/,checked_against_cited_source,no_documented_catalog_relationship_identified,0,,,0,,,,,"Same-data, subset, version, mirror, component, replacement, extension, derivation, and documented cohort-overlap links to other catalog records.",EyeDataHub authors
hybridgaze,HybridGaze Dataset,eye_tracking,0.5.0,2026-08-02,2026-08-02,https://www.kaggle.com/datasets/michachwesiuk/hybridgaze,checked_against_official_repository,no_documented_catalog_relationship_identified,0,,,0,,,,,"Same-data, subset, version, mirror, component, replacement, extension, derivation, and documented cohort-overlap links to other catalog records.",EyeDataHub authors
hygd,HYGD: Hillel Yaffe Glaucoma Dataset,fundus,0.5.0,2026-08-02,2026-08-02,https://doi.org/10.13026/pdxv-m215,checked_against_cited_source,no_documented_catalog_relationship_identified,0,,,0,,,,,"Same-data, subset, version, mirror, component, replacement, extension, derivation, and documented cohort-overlap links to other catalog records.",EyeDataHub authors
ichallenge_amd,iChallenge-AMD: Age-related Macular Degeneration,fundus,0.5.0,2026-08-02,2026-08-02,https://amd.grand-challenge.org/download/,checked_against_cited_source,no_documented_catalog_relationship_identified,0,,,0,,,,,"Same-data, subset, version, mirror, component, replacement, extension, derivation, and documented cohort-overlap links to other catalog records.",EyeDataHub authors
ichallenge_oct,iChallenge OCT Datasets (HDMILab / OMIA Workshops),oct,0.5.0,2026-08-02,2026-08-02,http://hdmilab.cn/ichallenge,checked_against_cited_source,confirmed_catalog_relationship,1,has_component,gamma,1,gamma,http://hdmilab.cn/ichallenge,,,"Same-data, subset, version, mirror, component, replacement, extension, derivation, and documented cohort-overlap links to other catalog records.",EyeDataHub authors
idrid,IDRiD: Indian Diabetic Retinopathy Image Dataset,fundus,0.5.0,2026-08-02,2026-08-02,https://ieee-dataport.org/open-access/indian-diabetic-retinopathy-image-dataset-idrid,checked_against_cited_source,confirmed_catalog_relationship,0,,,4,dme_vqa|lmod_plus|mm_retinal_reason|reta_benchmark,https://doi.org/10.6084/m9.figshare.16960855|https://huggingface.co/datasets/lxirich/MM-Retinal-Reason/tree/d6243baa82c0914dba3c6f43ca79fdbf856982ef|https://kfzyqin.github.io/lmod_plus/|https://zenodo.org/records/6784358,,,"Same-data, subset, version, mirror, component, replacement, extension, derivation, and documented cohort-overlap links to other catalog records.",EyeDataHub authors
insegcat,InSegCat: Instance Segmentation for Cataract Surgery,surgical_video,0.5.0,2026-08-02,2026-08-02,https://ftp.itec.aau.at/datasets/ovid/InSegCat/,checked_against_cited_source,confirmed_catalog_relationship,2,derived_from,cadis|cataract_101,0,,https://ftp.itec.aau.at/datasets/ovid/InSegCat/,,,"Same-data, subset, version, mirror, component, replacement, extension, derivation, and documented cohort-overlap links to other catalog records.",EyeDataHub authors
intraretinal_cystoid_fluid,Intraretinal Cystoid Fluid OCT Segmentation Dataset,oct,0.5.0,2026-08-02,2026-08-02,https://www.kaggle.com/datasets/zeeshanahmed13/intraretinal-cystoid-fluid,checked_against_cited_source,confirmed_catalog_relationship,1,derived_from,kermany_oct,0,,https://www.kaggle.com/datasets/zeeshanahmed13/intraretinal-cystoid-fluid,200 newly collected Institute of Ophthalmology test images,,"Same-data, subset, version, mirror, component, replacement, extension, derivation, and documented cohort-overlap links to other catalog records.",EyeDataHub authors
irfdrd,Iraqi Retinal Fundus Diabetic Retinopathy Dataset,fundus,0.5.0,2026-08-02,2026-08-02,https://zenodo.org/records/12552326,checked_against_cited_source,no_documented_catalog_relationship_identified,0,,,0,,,,,"Same-data, subset, version, mirror, component, replacement, extension, derivation, and documented cohort-overlap links to other catalog records.",EyeDataHub authors
itec_iris_pupil,ITEC Iris and Pupil Segmentation Dataset,surgical_video,0.5.0,2026-08-02,2026-08-02,https://ftp.itec.aau.at/datasets/ovid/iris_pupil_seg/index.html,checked_against_official_repository,confirmed_catalog_relationship,1,derived_from,cataract_101,0,,https://ftp.itec.aau.at/datasets/ovid/iris_pupil_seg/index.html,,,"Same-data, subset, version, mirror, component, replacement, extension, derivation, and documented cohort-overlap links to other catalog records.",EyeDataHub authors
jichi,Jichi Medical University Diabetic Retinopathy Dataset,fundus,0.5.0,2026-08-02,2026-08-02,https://doi.org/10.6084/m9.figshare.4879853,checked_against_cited_source,confirmed_catalog_relationship,0,,,1,mm_retinal_reason,https://huggingface.co/datasets/lxirich/MM-Retinal-Reason/tree/d6243baa82c0914dba3c6f43ca79fdbf856982ef,,,"Same-data, subset, version, mirror, component, replacement, extension, derivation, and documented cohort-overlap links to other catalog records.",EyeDataHub authors
jrc_multimodal_vessels,JRC Multi-Modal Retinal Vessel Segmentation,multimodal,0.5.0,2026-08-02,2026-08-02,https://zenodo.org/records/17874693,checked_against_cited_source,no_documented_catalog_relationship_identified,0,,,0,,,,,"Same-data, subset, version, mirror, component, replacement, extension, derivation, and documented cohort-overlap links to other catalog records.",EyeDataHub authors
jsiec,JSIEC Fundus Photo Dataset,fundus,0.5.0,2026-08-02,2026-08-02,https://zenodo.org/record/3477553,checked_against_cited_source,confirmed_catalog_relationship,0,,,3,rao_fundus|smdg|x_pcr,https://doi.org/10.17632/5428684j44.2|https://huggingface.co/datasets/Fantasy666/X-PCR/tree/06a318fd852230326386e3c6514d8a11b7a6b4af|https://www.kaggle.com/datasets/deathtrooper/multichannel-glaucoma-benchmark-dataset,,,"Same-data, subset, version, mirror, component, replacement, extension, derivation, and documented cohort-overlap links to other catalog records.",EyeDataHub authors
justraigs,JustRAIGS: Just Referral AI Glaucoma Screening Dataset,fundus,0.5.0,2026-08-02,2026-08-02,https://zenodo.org/records/10035093,checked_against_cited_source,no_documented_catalog_relationship_identified,0,,,0,,,,"EyePACS LLC supplied the JustRAIGS images, but this does not identify them as the cataloged EyePACS diabetic-retinopathy competition data.","Same-data, subset, version, mirror, component, replacement, extension, derivation, and documented cohort-overlap links to other catalog records.",EyeDataHub authors
keratoconus_detection_kaggle,Keratoconus Detection Corneal Maps,corneal_topography,0.5.0,2026-08-02,2026-08-02,https://www.kaggle.com/datasets/elmehdi12/keratoconus-detection,checked_against_cited_source,no_documented_catalog_relationship_identified,0,,,0,,,,,"Same-data, subset, version, mirror, component, replacement, extension, derivation, and documented cohort-overlap links to other catalog records.",EyeDataHub authors
kermany_oct,Kermany OCT 2018: Retinal OCT Image Classification,oct,0.5.0,2026-08-02,2026-08-02,https://www.kaggle.com/datasets/paultimothymooney/kermany2018,checked_against_cited_source,confirmed_catalog_relationship,0,,,5,intraretinal_cystoid_fluid|mm_retinal_reason|multieye|synthetic_retinal_oct_biomarkers|x_pcr,https://arxiv.org/abs/2412.09402|https://huggingface.co/datasets/Fantasy666/X-PCR/tree/06a318fd852230326386e3c6514d8a11b7a6b4af|https://huggingface.co/datasets/lxirich/MM-Retinal-Reason/tree/d6243baa82c0914dba3c6f43ca79fdbf856982ef|https://huggingface.co/datasets/serag-ai/Synthetic-Ophthalmology-Images|https://www.kaggle.com/datasets/zeeshanahmed13/intraretinal-cystoid-fluid,,,"Same-data, subset, version, mirror, component, replacement, extension, derivation, and documented cohort-overlap links to other catalog records.",EyeDataHub authors
lag,LAG: Large-scale Attention-based Glaucoma Database,fundus,0.5.0,2026-08-02,2026-08-02,https://github.com/smilell/AG-CNN,checked_against_cited_source,confirmed_catalog_relationship,0,,,3,glaucoma_expert_cot_raw|glaucoma_expert_cot_refined|mm_retinal_reason,https://huggingface.co/datasets/lxirich/MM-Retinal-Reason/tree/d6243baa82c0914dba3c6f43ca79fdbf856982ef|https://huggingface.co/datasets/yuzhench/glaucoma-expert-cot-raw-1077|https://huggingface.co/datasets/yuzhench/glaucoma-expert-cot-refined-1077,,,"Same-data, subset, version, mirror, component, replacement, extension, derivation, and documented cohort-overlap links to other catalog records.",EyeDataHub authors
leops_erg,LEOPs Light-Adapted Electroretinogram and Oscillatory Potentials Dataset,electrophysiology,0.5.0,2026-08-02,2026-08-02,https://data.mendeley.com/datasets/w3yx7hdds7/1,checked_against_cited_source,no_documented_catalog_relationship_identified,0,,,0,,,,,"Same-data, subset, version, mirror, component, replacement, extension, derivation, and documented cohort-overlap links to other catalog records.",EyeDataHub authors
lmod_cataract_1k,LMOD-Cataract-1K,surgical_video,0.5.0,2026-08-02,2026-08-02,https://huggingface.co/datasets/mehti/LMOD-Cataract-1K,checked_against_cited_source,confirmed_catalog_relationship,1,derived_from,cataract1k,1,lmod_cataract_1k_cot,https://huggingface.co/datasets/mehti/LMOD-Cataract-1K|https://huggingface.co/datasets/mehti/LMOD-Cataract-1K-surgical-analysis-cot,,,"Same-data, subset, version, mirror, component, replacement, extension, derivation, and documented cohort-overlap links to other catalog records.",EyeDataHub authors
lmod_cataract_1k_cot,Cataract-1K Surgical Analysis Chain-of-Thought Dataset,multimodal,0.5.0,2026-08-02,2026-08-02,https://huggingface.co/datasets/mehti/LMOD-Cataract-1K-surgical-analysis-cot,checked_against_cited_source,confirmed_catalog_relationship,1,derived_from,lmod_cataract_1k,0,,https://huggingface.co/datasets/mehti/LMOD-Cataract-1K-surgical-analysis-cot,,,"Same-data, subset, version, mirror, component, replacement, extension, derivation, and documented cohort-overlap links to other catalog records.",EyeDataHub authors
lmod_plus,LMOD+ Multimodal Ophthalmology Benchmark,multimodal,0.5.0,2026-08-02,2026-08-02,https://kfzyqin.github.io/lmod_plus/,checked_against_cited_source,confirmed_catalog_relationship,5,derived_from,cataract1k|g1020|idrid|oimhs|refuge2018,0,,https://kfzyqin.github.io/lmod_plus/,CAU001|CatDet2|Harvard FairSeg|ORIGA,,"Same-data, subset, version, mirror, component, replacement, extension, derivation, and documented cohort-overlap links to other catalog records.",EyeDataHub authors
lpw,LPW Labelled Pupils in the Wild,eye_tracking,0.5.0,2026-08-02,2026-08-02,https://www.mpi-inf.mpg.de/de/departments/computer-vision-and-machine-learning/research/gaze-based-human-computer-interaction/labelled-pupils-in-the-wild-lpw/,checked_against_cited_source,no_documented_catalog_relationship_identified,0,,,0,,,,,"Same-data, subset, version, mirror, component, replacement, extension, derivation, and documented cohort-overlap links to other catalog records.",EyeDataHub authors
maetschke_glaucoma_oct,OCT Volumes for Glaucoma Detection,oct,0.5.0,2026-08-02,2026-08-02,https://doi.org/10.5281/zenodo.1481223,checked_against_cited_source,no_documented_catalog_relationship_identified,0,,,0,,,,,"Same-data, subset, version, mirror, component, replacement, extension, derivation, and documented cohort-overlap links to other catalog records.",EyeDataHub authors
maples_dr,MAPLES-DR: Montreal Annotation Project for DR,fundus,0.5.0,2026-08-02,2026-08-02,https://doi.org/10.6084/m9.figshare.24328660,checked_against_cited_source,external_or_unresolved_relationship_only,0,,,0,,,Original MESSIDOR,MAPLES-DR uses original MESSIDOR images; the cataloged MESSIDOR-2 record is not substituted for that source.,"Same-data, subset, version, mirror, component, replacement, extension, derivation, and documented cohort-overlap links to other catalog records.",EyeDataHub authors
mario,MARIO: AMD-Progression Longitudinal OCT (MICCAI 2024),oct,0.5.0,2026-08-02,2026-08-02,https://zenodo.org/records/15270469,checked_against_cited_source,no_documented_catalog_relationship_identified,0,,,0,,,,,"Same-data, subset, version, mirror, component, replacement, extension, derivation, and documented cohort-overlap links to other catalog records.",EyeDataHub authors
mbrset,mBRSET: Mobile Brazilian Retinal Dataset,fundus,0.5.0,2026-08-02,2026-08-02,https://physionet.org/content/mbrset/1.0/,checked_against_cited_source,confirmed_catalog_relationship,0,,,1,brset_mbrset_embeddings,https://physionet.org/content/embedding-brset-mbrset/1.0.0/,,mBRSET and BRSET were collected in different states with different cameras and are not treated as the same cohort.,"Same-data, subset, version, mirror, component, replacement, extension, derivation, and documented cohort-overlap links to other catalog records.",EyeDataHub authors
mcoa,MCOA: Multimodal Corneal Opacity Assessment Dataset,multimodal,0.5.0,2026-08-02,2026-08-02,https://doi.org/10.6084/m9.figshare.28123088.v1,checked_against_cited_source,no_documented_catalog_relationship_identified,0,,,0,,,,,"Same-data, subset, version, mirror, component, replacement, extension, derivation, and documented cohort-overlap links to other catalog records.",EyeDataHub authors
mendeley_3_year_follow_up_optic_neuritis,a 3-year follow-up of optic neuritis phenotypes in Chinese cohort,tabular,0.5.0,2026-08-02,2026-08-02,https://data.mendeley.com/datasets/zvb55v8mzw,checked_against_official_repository,no_documented_catalog_relationship_identified,0,,,0,,,,,"Same-data, subset, version, mirror, component, replacement, extension, derivation, and documented cohort-overlap links to other catalog records.",EyeDataHub authors
mendeley_adjuvant_ketorolac_dexamethasone_hypoxic_human_retinal,Adjuvant Ketorolac and Dexamethasone + Hypoxic Human Retinal Pigment Epithelium (RPE) and Endothelial Cells (HREC),omics,0.5.0,2026-08-02,2026-08-02,https://data.mendeley.com/datasets/xzf382pby9,checked_against_official_repository,no_documented_catalog_relationship_identified,0,,,0,,,,,"Same-data, subset, version, mirror, component, replacement, extension, derivation, and documented cohort-overlap links to other catalog records.",EyeDataHub authors
mendeley_analysis_macular_pigment_carotenoids_human_blood,Analysis of macular pigment carotenoids in human blood serum of glaucoma patients as a measure of ocular health: A Raman spectroscopic study,omics,0.5.0,2026-08-02,2026-08-02,https://data.mendeley.com/datasets/8pwpbcrjd8,checked_against_official_repository,no_documented_catalog_relationship_identified,0,,,0,,,,,"Same-data, subset, version, mirror, component, replacement, extension, derivation, and documented cohort-overlap links to other catalog records.",EyeDataHub authors
mendeley_annotated_infant_fundus_images_object_detection,Annotated Infant Fundus Images for Object Detection of Key Structures (Optic Disk and Macula),fundus,0.5.0,2026-08-02,2026-08-02,https://data.mendeley.com/datasets/9kvk7nkhx6,checked_against_official_repository,no_documented_catalog_relationship_identified,0,,,0,,,,,"Same-data, subset, version, mirror, component, replacement, extension, derivation, and documented cohort-overlap links to other catalog records.",EyeDataHub authors
mendeley_anterior_segment_optical_coherence_tomography_angiography,Data for: Anterior Segment Optical Coherence Tomography Angiography Imaging of Conjunctiva and Intrasclera in Treated Primary Open-Angle Glaucoma,tabular,0.5.0,2026-08-02,2026-08-02,https://data.mendeley.com/datasets/tsh3xwbkkg,checked_against_official_repository,no_documented_catalog_relationship_identified,0,,,0,,,,,"Same-data, subset, version, mirror, component, replacement, extension, derivation, and documented cohort-overlap links to other catalog records.",EyeDataHub authors
mendeley_application_machine_learning_detecting_iron_deficiency,Application of Machine Learning in Detecting Iron Deficiency Anemia Using  Conjunctiva image Dataset from Ghana,tabular,0.5.0,2026-08-02,2026-08-02,https://data.mendeley.com/datasets/nt7r8hv2pz,checked_against_official_repository,no_documented_catalog_relationship_identified,0,,,0,,,,,"Same-data, subset, version, mirror, component, replacement, extension, derivation, and documented cohort-overlap links to other catalog records.",EyeDataHub authors
mendeley_biochemical_parameters_tear_fluid_chemical_burns,Dataset of biochemical parameters of tear fluid in chemical burns,tabular,0.5.0,2026-08-02,2026-08-02,https://data.mendeley.com/datasets/zhk775h6n4,checked_against_official_repository,no_documented_catalog_relationship_identified,0,,,0,,,,,"Same-data, subset, version, mirror, component, replacement, extension, derivation, and documented cohort-overlap links to other catalog records.",EyeDataHub authors
mendeley_biomechanical_properties_adult_patients_high_myopia,"Biomechanical properties of adult patients with high myopia after implantable collamer lens (ICL, V4) implantation",corneal_topography,0.5.0,2026-08-02,2026-08-02,https://data.mendeley.com/datasets/yry4r9y9v5,checked_against_official_repository,no_documented_catalog_relationship_identified,0,,,0,,,,,"Same-data, subset, version, mirror, component, replacement, extension, derivation, and documented cohort-overlap links to other catalog records.",EyeDataHub authors
mendeley_blinking_its_relationship_ocular_surface_digital,Blinking and its relationship with the ocular surface and digital device use in school aged children ,tabular,0.5.0,2026-08-02,2026-08-02,https://data.mendeley.com/datasets/vyb5fv6ppp,checked_against_official_repository,no_documented_catalog_relationship_identified,0,,,0,,,,,"Same-data, subset, version, mirror, component, replacement, extension, derivation, and documented cohort-overlap links to other catalog records.",EyeDataHub authors
mendeley_cell_types_human_retina_its_organoids,Cell types of the human retina and its organoids at single-cell resolution. Cowan et al,omics,0.5.0,2026-08-02,2026-08-02,https://data.mendeley.com/datasets/sm67hr5bpm,checked_against_official_repository,no_documented_catalog_relationship_identified,0,,,0,,,,,"Same-data, subset, version, mirror, component, replacement, extension, derivation, and documented cohort-overlap links to other catalog records.",EyeDataHub authors
mendeley_changes_retinal_photosensitivity_diabetic_retinopathy_therapy,Changes in retinal photosensitivity in diabetic retinopathy therapy,tabular,0.5.0,2026-08-02,2026-08-02,https://data.mendeley.com/datasets/tsf8b4yj3j,checked_against_official_repository,no_documented_catalog_relationship_identified,0,,,0,,,,,"Same-data, subset, version, mirror, component, replacement, extension, derivation, and documented cohort-overlap links to other catalog records.",EyeDataHub authors
mendeley_chemical_reprogramming_fibroblasts_into_functional_retinal,Chemical Reprogramming of Fibroblasts into Functional Retinal Pigment Epithelium Cells,tabular,0.5.0,2026-08-02,2026-08-02,https://data.mendeley.com/datasets/sg2rywwwxb,checked_against_official_repository,no_documented_catalog_relationship_identified,0,,,0,,,,,"Same-data, subset, version, mirror, component, replacement, extension, derivation, and documented cohort-overlap links to other catalog records.",EyeDataHub authors
mendeley_clinical_application_cyanoacrylate_tissue_adhesive_pediatric,Clinical Application of Cyanoacrylate Tissue Adhesive in Pediatric Ophthalmic Emergency: A Randomized Controlled Study,tabular,0.5.0,2026-08-02,2026-08-02,https://data.mendeley.com/datasets/ctnygyvwt5,checked_against_official_repository,no_documented_catalog_relationship_identified,0,,,0,,,,,"Same-data, subset, version, mirror, component, replacement, extension, derivation, and documented cohort-overlap links to other catalog records.",EyeDataHub authors
mendeley_clinical_assessment_scleral_canal_expansion_glaucoma,Data for: Clinical Assessment of Scleral Canal Expansion in Glaucoma Using Spectral Domain Optical Coherence Tomography,visual_field,0.5.0,2026-08-02,2026-08-02,https://data.mendeley.com/datasets/7x3tgtskyj,checked_against_official_repository,no_documented_catalog_relationship_identified,0,,,0,,,,,"Same-data, subset, version, mirror, component, replacement, extension, derivation, and documented cohort-overlap links to other catalog records.",EyeDataHub authors
mendeley_code_manuscript_fixational_eye_movements_as,Data and code for manuscript: Fixational eye movements as active sensation for high visual acuity,tabular,0.5.0,2026-08-02,2026-08-02,https://data.mendeley.com/datasets/p7dyyrfds6,checked_against_official_repository,no_documented_catalog_relationship_identified,0,,,0,,,,,"Same-data, subset, version, mirror, component, replacement, extension, derivation, and documented cohort-overlap links to other catalog records.",EyeDataHub authors
mendeley_comparison_aqueous_humor_levels_plgf_vegf,Data for: Comparison of aqueous humor levels of PlGF and VEGF in proliferative diabetic retinopathy before and after intravitreal conbercept injection,tabular,0.5.0,2026-08-02,2026-08-02,https://data.mendeley.com/datasets/wtcc9fcjdy,checked_against_official_repository,no_documented_catalog_relationship_identified,0,,,0,,,,,"Same-data, subset, version, mirror, component, replacement, extension, derivation, and documented cohort-overlap links to other catalog records.",EyeDataHub authors
mendeley_comparison_cervical_ocular_vestibular_evoked_myogenic,Comparison of Cervical and Ocular Vestibular Evoked Myogenic Potentials Among Individuals with Hearing Impairment Aged 50–70 Years,tabular,0.5.0,2026-08-02,2026-08-02,https://data.mendeley.com/datasets/2jkhncb5kw,checked_against_official_repository,no_documented_catalog_relationship_identified,0,,,0,,,,,"Same-data, subset, version, mirror, component, replacement, extension, derivation, and documented cohort-overlap links to other catalog records.",EyeDataHub authors
mendeley_comparison_clinical_outcomes_visual_quality_visual,"Comparison of clinical outcomes, visual quality and visual function of two presbyopia-correcting intraocular lenses made from the same material, but with different design and optics",tabular,0.5.0,2026-08-02,2026-08-02,https://data.mendeley.com/datasets/y6n5k7s6f7,checked_against_official_repository,no_documented_catalog_relationship_identified,0,,,0,,,,,"Same-data, subset, version, mirror, component, replacement, extension, derivation, and documented cohort-overlap links to other catalog records.",EyeDataHub authors
mendeley_comparison_ocular_biometry_using_new_opticalcoherence,Comparison of ocular biometry using new OpticalCoherence Tomography-based Optical Biometer with Other Device. ,tabular,0.5.0,2026-08-02,2026-08-02,https://data.mendeley.com/datasets/kwv73shvxh,checked_against_official_repository,no_documented_catalog_relationship_identified,0,,,0,,,,,"Same-data, subset, version, mirror, component, replacement, extension, derivation, and documented cohort-overlap links to other catalog records.",EyeDataHub authors
mendeley_comparison_retinal_choroidal_vascular_changes_via,Comparison of retinal and choroidal vascular changes via optical coherence tomography angiography between Pseudoexfoliative glaucoma and Pseudoexfoliative syndrome and control group,tabular,0.5.0,2026-08-02,2026-08-02,https://data.mendeley.com/datasets/3m8fcfmp9j,checked_against_official_repository,no_documented_catalog_relationship_identified,0,,,0,,,,,"Same-data, subset, version, mirror, component, replacement, extension, derivation, and documented cohort-overlap links to other catalog records.",EyeDataHub authors
mendeley_comparison_two_novel_comfilcon_contact_lens,Comparison of Two Novel Comfilcon A Contact Lens Designs in the Management of Computer Vision Syndrome: A Pilot Study ,tabular,0.5.0,2026-08-02,2026-08-02,https://data.mendeley.com/datasets/fnbxs7gb82,checked_against_official_repository,no_documented_catalog_relationship_identified,0,,,0,,,,,"Same-data, subset, version, mirror, component, replacement, extension, derivation, and documented cohort-overlap links to other catalog records.",EyeDataHub authors
mendeley_conjunctival_melanoma_detection_using_deep_learning,Conjunctival melanoma detection using deep learning in smartphone images,tabular,0.5.0,2026-08-02,2026-08-02,https://data.mendeley.com/datasets/t75wjsw6bw,checked_against_official_repository,no_documented_catalog_relationship_identified,0,,,0,,,,,"Same-data, subset, version, mirror, component, replacement, extension, derivation, and documented cohort-overlap links to other catalog records.",EyeDataHub authors
mendeley_contrast_sensitivity_visual_acuity_multifocal_contact,Data for: Contrast sensitivity and visual acuity with multifocal contact lenses with high additions dedicated for myopia progression control ,tabular,0.5.0,2026-08-02,2026-08-02,https://data.mendeley.com/datasets/j5cw4wn23y,checked_against_official_repository,no_documented_catalog_relationship_identified,0,,,0,,,,,"Same-data, subset, version, mirror, component, replacement, extension, derivation, and documented cohort-overlap links to other catalog records.",EyeDataHub authors
mendeley_corneal_higher_order_aberrations_stevens_johnson,Data for: Corneal Higher-order Aberrations in Stevens-Johnson Syndrome and Toxic Epidermal Necrolysis,corneal_topography,0.5.0,2026-08-02,2026-08-02,https://data.mendeley.com/datasets/2k96xky4rf,checked_against_official_repository,no_documented_catalog_relationship_identified,0,,,0,,,,,"Same-data, subset, version, mirror, component, replacement, extension, derivation, and documented cohort-overlap links to other catalog records.",EyeDataHub authors
mendeley_corneal_refractive_parameters_age_patients_without,corneal refractive parameters with age in patients without corneal diseases based on Fourier analysis ,corneal_topography,0.5.0,2026-08-02,2026-08-02,https://data.mendeley.com/datasets/yr8hbwmsvy,checked_against_official_repository,no_documented_catalog_relationship_identified,0,,,0,,,,,"Same-data, subset, version, mirror, component, replacement, extension, derivation, and documented cohort-overlap links to other catalog records.",EyeDataHub authors
mendeley_cost_effectiveness_limited_vitrectomy_vision_degrading,Data for: Cost Effectiveness of Limited Vitrectomy for Vision Degrading Myodesopsia,tabular,0.5.0,2026-08-02,2026-08-02,https://data.mendeley.com/datasets/487dpg7v38,checked_against_official_repository,no_documented_catalog_relationship_identified,0,,,0,,,,,"Same-data, subset, version, mirror, component, replacement, extension, derivation, and documented cohort-overlap links to other catalog records.",EyeDataHub authors
mendeley_cp_anemic_conjunctival_pallor_ghana,CP-AnemiC (A Conjunctival Pallor) Dataset from Ghana,tabular,0.5.0,2026-08-02,2026-08-02,https://data.mendeley.com/datasets/m53vz6b7fx,checked_against_official_repository,no_documented_catalog_relationship_identified,0,,,0,,,,,"Same-data, subset, version, mirror, component, replacement, extension, derivation, and documented cohort-overlap links to other catalog records.",EyeDataHub authors
mendeley_cust_iris,CUST-Iris,iris_biometrics,0.5.0,2026-08-02,2026-08-02,https://data.mendeley.com/datasets/3j6skjpsng,checked_against_official_repository,no_documented_catalog_relationship_identified,0,,,0,,,,,"Same-data, subset, version, mirror, component, replacement, extension, derivation, and documented cohort-overlap links to other catalog records.",EyeDataHub authors
mendeley_deep_learning_prediction_uncorrected_refractive_error,Deep Learning for the Prediction of Uncorrected Refractive Error using OCT,oct,0.5.0,2026-08-02,2026-08-02,https://data.mendeley.com/datasets/89z7h5gnpw,checked_against_official_repository,no_documented_catalog_relationship_identified,0,,,0,,,,,"Same-data, subset, version, mirror, component, replacement, extension, derivation, and documented cohort-overlap links to other catalog records.",EyeDataHub authors
mendeley_demographic_profile_clinical_characteristics_patients_presenting,Demographic profile and clinical characteristics of patients presenting with acute ocular burns,tabular,0.5.0,2026-08-02,2026-08-02,https://data.mendeley.com/datasets/hwnm88jyzg,checked_against_official_repository,no_documented_catalog_relationship_identified,0,,,0,,,,,"Same-data, subset, version, mirror, component, replacement, extension, derivation, and documented cohort-overlap links to other catalog records.",EyeDataHub authors
mendeley_development_deep_learning_based_system_optic,Dataset for - Development of a Deep Learning-based system for Optic Nerve characterization in Transorbital Ultrasound Images on a multicenter dataset,tabular,0.5.0,2026-08-02,2026-08-02,https://data.mendeley.com/datasets/kw8gvp8m8x,checked_against_official_repository,no_documented_catalog_relationship_identified,0,,,0,,,,,"Same-data, subset, version, mirror, component, replacement, extension, derivation, and documented cohort-overlap links to other catalog records.",EyeDataHub authors
mendeley_development_deep_learning_model_epiretinal_membrane,Development of a deep learning model for epiretinal membrane detection in fundus photography,fundus,0.5.0,2026-08-02,2026-08-02,https://data.mendeley.com/datasets/jrgntpv8b8,checked_against_official_repository,no_documented_catalog_relationship_identified,0,,,0,,,,,"Same-data, subset, version, mirror, component, replacement, extension, derivation, and documented cohort-overlap links to other catalog records.",EyeDataHub authors
mendeley_dex_combined_ppv_pdr,DEX combined PPV in PDR,tabular,0.5.0,2026-08-02,2026-08-02,https://data.mendeley.com/datasets/zcmpcczdhs,checked_against_official_repository,no_documented_catalog_relationship_identified,0,,,0,,,,,"Same-data, subset, version, mirror, component, replacement, extension, derivation, and documented cohort-overlap links to other catalog records.",EyeDataHub authors
mendeley_difference_retinal_nerve_fiber_layer_thickness,Data for: Difference of the Retinal Nerve Fiber Layer Thickness Assessed on the Disc Center and Bruch’s Membrane Opening Center in Myopic Eyes,tabular,0.5.0,2026-08-02,2026-08-02,https://data.mendeley.com/datasets/dtz8wmt5xt,checked_against_official_repository,no_documented_catalog_relationship_identified,0,,,0,,,,,"Same-data, subset, version, mirror, component, replacement, extension, derivation, and documented cohort-overlap links to other catalog records.",EyeDataHub authors
mendeley_digital_holograms_rbcs_glaucoma_patients_healthy,Digital holograms of RBCs from the glaucoma patients and healthy controls,tabular,0.5.0,2026-08-02,2026-08-02,https://data.mendeley.com/datasets/tryd7r3wct,checked_against_official_repository,no_documented_catalog_relationship_identified,0,,,0,,,,,"Same-data, subset, version, mirror, component, replacement, extension, derivation, and documented cohort-overlap links to other catalog records.",EyeDataHub authors
mendeley_dme_classification_fundus_imaging_vision_transformers,DME Classification in Fundus Imaging with Vision Transformers and ETDRS-Guided Annotation,fundus,0.5.0,2026-08-02,2026-08-02,https://data.mendeley.com/datasets/sdcfn87pvs,checked_against_official_repository,no_documented_catalog_relationship_identified,0,,,0,,,,,"Same-data, subset, version, mirror, component, replacement, extension, derivation, and documented cohort-overlap links to other catalog records.",EyeDataHub authors
mendeley_dry_eye_symptoms_children_can_we,Dry eye symptoms in children: can we reliably measure them?,tabular,0.5.0,2026-08-02,2026-08-02,https://data.mendeley.com/datasets/h79366vw73,checked_against_official_repository,no_documented_catalog_relationship_identified,0,,,0,,,,,"Same-data, subset, version, mirror, component, replacement, extension, derivation, and documented cohort-overlap links to other catalog records.",EyeDataHub authors
mendeley_early_detection_glaucomatous_visual_field_progression,Data for: Early Detection of Glaucomatous Visual Field Progression Using Pointwise Linear Regression with Binomial Test in the Central 10 Degrees,visual_field,0.5.0,2026-08-02,2026-08-02,https://data.mendeley.com/datasets/w34s5mhvpm,checked_against_official_repository,no_documented_catalog_relationship_identified,0,,,0,,,,,"Same-data, subset, version, mirror, component, replacement, extension, derivation, and documented cohort-overlap links to other catalog records.",EyeDataHub authors
mendeley_effect_adlay_seed_extract_on_level,Effect of Adlay Seed Extract on the Level of Neuroprotection Gene Expression in Human Nasal Orbital Mesenchymal Stem Cells ,tabular,0.5.0,2026-08-02,2026-08-02,https://data.mendeley.com/datasets/x7rcj9yz65,checked_against_official_repository,no_documented_catalog_relationship_identified,0,,,0,,,,,"Same-data, subset, version, mirror, component, replacement, extension, derivation, and documented cohort-overlap links to other catalog records.",EyeDataHub authors
mendeley_effect_central_hole_location_phakic_intraocular,Data for: Effect of Central Hole Location of Phakic Intraocular Lens on Visual Function under Progressive Headlight Glare Sources.,tabular,0.5.0,2026-08-02,2026-08-02,https://data.mendeley.com/datasets/jjknx3wbkf,checked_against_official_repository,no_documented_catalog_relationship_identified,0,,,0,,,,,"Same-data, subset, version, mirror, component, replacement, extension, derivation, and documented cohort-overlap links to other catalog records.",EyeDataHub authors
mendeley_effect_one_hour_smartphone_gaming_on,"The effect of one hour smartphone gaming on blinking, ocular symptoms and tear film function in school-aged children ",tabular,0.5.0,2026-08-02,2026-08-02,https://data.mendeley.com/datasets/zn64p6r992,checked_against_official_repository,no_documented_catalog_relationship_identified,0,,,0,,,,,"Same-data, subset, version, mirror, component, replacement, extension, derivation, and documented cohort-overlap links to other catalog records.",EyeDataHub authors
mendeley_effect_prednisone_plus_either_adalimumab_or,Effect of prednisone plus either adalimumab or cyclosporine on dermatological symptoms in Vogt-Koyanagi-Harada disease: systemic outcomes from a randomized trial,tabular,0.5.0,2026-08-02,2026-08-02,https://data.mendeley.com/datasets/yzv3mrvwf4,checked_against_official_repository,no_documented_catalog_relationship_identified,0,,,0,,,,,"Same-data, subset, version, mirror, component, replacement, extension, derivation, and documented cohort-overlap links to other catalog records.",EyeDataHub authors
mendeley_effects_implantable_collamer_lens_icl_implantation,The effects of implantable collamer lens ICL implantation in high myopia patients’ mental health,tabular,0.5.0,2026-08-02,2026-08-02,https://data.mendeley.com/datasets/t6pmbvkvtd,checked_against_official_repository,no_documented_catalog_relationship_identified,0,,,0,,,,,"Same-data, subset, version, mirror, component, replacement, extension, derivation, and documented cohort-overlap links to other catalog records.",EyeDataHub authors
mendeley_efficacy_combined_orthokeratology_0_01_atropine,Dataset for: Efficacy of combined orthokeratology and 0.01% atropine solution for slowing axial elongation in children with myopia: a 2-year randomised trial,corneal_topography,0.5.0,2026-08-02,2026-08-02,https://data.mendeley.com/datasets/y58rh8bfkv,checked_against_official_repository,no_documented_catalog_relationship_identified,0,,,0,,,,,"Same-data, subset, version, mirror, component, replacement, extension, derivation, and documented cohort-overlap links to other catalog records.",EyeDataHub authors
mendeley_electrooculography_eog_blink_analysis_ocular_fatigue,Electrooculography (EOG) Dataset for Blink Analysis and Ocular Fatigue Detection,tabular,0.5.0,2026-08-02,2026-08-02,https://data.mendeley.com/datasets/w7hm97cts5,checked_against_official_repository,no_documented_catalog_relationship_identified,0,,,0,,,,,"Same-data, subset, version, mirror, component, replacement, extension, derivation, and documented cohort-overlap links to other catalog records.",EyeDataHub authors
mendeley_et_pd_vis_eye_tracking_visualization,ET_PD_VIS: Eye Tracking Visualization Dataset on Trail Making Test for Parkinson’s Disease Analysis ,eye_tracking,0.5.0,2026-08-02,2026-08-02,https://data.mendeley.com/datasets/83htprx9y6,checked_against_official_repository,no_documented_catalog_relationship_identified,0,,,0,,,,,"Same-data, subset, version, mirror, component, replacement, extension, derivation, and documented cohort-overlap links to other catalog records.",EyeDataHub authors
mendeley_evaluation_dry_eye_severity_ocular_surface,Evaluation of dry eye severity and ocular surface inflammation in patients with pemphigus and pemphigoid,tabular,0.5.0,2026-08-02,2026-08-02,https://data.mendeley.com/datasets/zzgw9t9jsy,checked_against_official_repository,no_documented_catalog_relationship_identified,0,,,0,,,,,"Same-data, subset, version, mirror, component, replacement, extension, derivation, and documented cohort-overlap links to other catalog records.",EyeDataHub authors
mendeley_evaluation_refractive_visual_outcomes_as_well,"Evaluation of refractive and visual outcomes, as well as astigmatism-correcting efficiency and rotational stability of a double-loop haptic toric intraocular lens - a one-year follow-up",tabular,0.5.0,2026-08-02,2026-08-02,https://data.mendeley.com/datasets/r2v99nw7vg,checked_against_official_repository,no_documented_catalog_relationship_identified,0,,,0,,,,,"Same-data, subset, version, mirror, component, replacement, extension, derivation, and documented cohort-overlap links to other catalog records.",EyeDataHub authors
mendeley_exome_sequencing_clec3b,Exome sequencing data for CLEC3B,omics,0.5.0,2026-08-02,2026-08-02,https://data.mendeley.com/datasets/xcw5x5z49r,checked_against_official_repository,no_documented_catalog_relationship_identified,0,,,0,,,,,"Same-data, subset, version, mirror, component, replacement, extension, derivation, and documented cohort-overlap links to other catalog records.",EyeDataHub authors
mendeley_fferg_reference_healthy_controls_university_eye,ffERG Reference Data from Healthy Controls (University Eye Hospital Tuebingen),electrophysiology,0.5.0,2026-08-02,2026-08-02,https://data.mendeley.com/datasets/37wxt2ybvj,checked_against_official_repository,no_documented_catalog_relationship_identified,0,,,0,,,,,"Same-data, subset, version, mirror, component, replacement, extension, derivation, and documented cohort-overlap links to other catalog records.",EyeDataHub authors
mendeley_foveal_cone_photoreceptor_outer_segment_length,Foveal cone photoreceptor outer segment length and cone density,oct,0.5.0,2026-08-02,2026-08-02,https://data.mendeley.com/datasets/89rykrg8j2,checked_against_official_repository,no_documented_catalog_relationship_identified,0,,,0,,,,,"Same-data, subset, version, mirror, component, replacement, extension, derivation, and documented cohort-overlap links to other catalog records.",EyeDataHub authors
mendeley_fundus_autofluorescence_premature_infants,Fundus Autofluorescence in Premature Infants,fundus,0.5.0,2026-08-02,2026-08-02,https://data.mendeley.com/datasets/k5jsssjtmz,checked_against_official_repository,no_documented_catalog_relationship_identified,0,,,0,,,,,"Same-data, subset, version, mirror, component, replacement, extension, derivation, and documented cohort-overlap links to other catalog records.",EyeDataHub authors
mendeley_fundus_mctn,Fundus dataset of MCTN,fundus,0.5.0,2026-08-02,2026-08-02,https://data.mendeley.com/datasets/spz4b8tbzt,checked_against_official_repository,no_documented_catalog_relationship_identified,0,,,0,,,,,"Same-data, subset, version, mirror, component, replacement, extension, derivation, and documented cohort-overlap links to other catalog records.",EyeDataHub authors
mendeley_hpsc_derived_photoreceptor_axon_extension_growth,hPSC-derived Photoreceptor Axon Extension and Growth Cone Motility Data Sets and Code,tabular,0.5.0,2026-08-02,2026-08-02,https://data.mendeley.com/datasets/cpy5j23354,checked_against_official_repository,no_documented_catalog_relationship_identified,0,,,0,,,,,"Same-data, subset, version, mirror, component, replacement, extension, derivation, and documented cohort-overlap links to other catalog records.",EyeDataHub authors
mendeley_human_foveal_cone_topography_preferred_retinal,Human foveal cone topography and preferred retinal locus of fixation,eye_tracking,0.5.0,2026-08-02,2026-08-02,https://data.mendeley.com/datasets/9gkpxsmz23,checked_against_official_repository,no_documented_catalog_relationship_identified,0,,,0,,,,,"Same-data, subset, version, mirror, component, replacement, extension, derivation, and documented cohort-overlap links to other catalog records.",EyeDataHub authors
mendeley_human_mesenchymal_stem_cells_derived_adipose,Human mesenchymal stem cells derived from adipose tissue showed greater effect than from umbilical cord in promoting corneal graft survival through suppressing lymphangiogenesis,corneal_topography,0.5.0,2026-08-02,2026-08-02,https://data.mendeley.com/datasets/bm45p4tcbz,checked_against_official_repository,no_documented_catalog_relationship_identified,0,,,0,,,,,"Same-data, subset, version, mirror, component, replacement, extension, derivation, and documented cohort-overlap links to other catalog records.",EyeDataHub authors
mendeley_hvdropdb_datasets_classification_segmentation_research_retinopathy,"HVDROPDB Datasets for Classification and Segmentation for Research in Retinopathy of Prematurity, Ranjana Agrawal",fundus,0.5.0,2026-08-02,2026-08-02,https://data.mendeley.com/datasets/xw5xc7xrmp,checked_against_official_repository,no_documented_catalog_relationship_identified,0,,,0,,,,,"Same-data, subset, version, mirror, component, replacement, extension, derivation, and documented cohort-overlap links to other catalog records.",EyeDataHub authors
mendeley_identification_human_retinal_stem_like_cells,Identification of Human Retinal Stem-Like Cells for Retina Regeneration,tabular,0.5.0,2026-08-02,2026-08-02,https://data.mendeley.com/datasets/s9wbscpsrs,checked_against_official_repository,no_documented_catalog_relationship_identified,0,,,0,,,,,"Same-data, subset, version, mirror, component, replacement, extension, derivation, and documented cohort-overlap links to other catalog records.",EyeDataHub authors
mendeley_imaging_retinal_choroidal_vasculature_using_spatio,Imaging the retinal and choroidal vasculature using Spatio-Temporal Optical Coherence Tomography (STOC-T),octa,0.5.0,2026-08-02,2026-08-02,https://data.mendeley.com/datasets/j39vyvp8ny,checked_against_official_repository,no_documented_catalog_relationship_identified,0,,,0,,,,,"Same-data, subset, version, mirror, component, replacement, extension, derivation, and documented cohort-overlap links to other catalog records.",EyeDataHub authors
mendeley_improved_retinal_displacement_quantification_between_retinal,Improved Retinal Displacement Quantification Between Retinal Vessels and Corresponding Retinal Vessel Printings Across the 3D Spherical Surface of the Eye: Dataset of Measurements on Fundus Autofluorescence Imaging,fundus,0.5.0,2026-08-02,2026-08-02,https://data.mendeley.com/datasets/jxwkym2phr,checked_against_official_repository,no_documented_catalog_relationship_identified,0,,,0,,,,,"Same-data, subset, version, mirror, component, replacement, extension, derivation, and documented cohort-overlap links to other catalog records.",EyeDataHub authors
mendeley_influence_angle_alpha_angle_kappa_optical,"The influence of angle alpha, angle kappa and optical aberra-tions on the visual outcomes after implantation of a high-addition trifocal IOL_2021",tabular,0.5.0,2026-08-02,2026-08-02,https://data.mendeley.com/datasets/w5ws4pzzxr,checked_against_official_repository,no_documented_catalog_relationship_identified,0,,,0,,,,,"Same-data, subset, version, mirror, component, replacement, extension, derivation, and documented cohort-overlap links to other catalog records.",EyeDataHub authors
mendeley_interocular_retinal_nerve_fiber_layer_thickness,Interocular retinal nerve fiber layer thickness differences,tabular,0.5.0,2026-08-02,2026-08-02,https://data.mendeley.com/datasets/ss2nynfc8s,checked_against_official_repository,no_documented_catalog_relationship_identified,0,,,0,,,,,"Same-data, subset, version, mirror, component, replacement, extension, derivation, and documented cohort-overlap links to other catalog records.",EyeDataHub authors
mendeley_iscev_standard_full_field_erg_reference,"ISCEV standard full-field ERG reference limits from 407 healthy subjects, derived from transference and validation of reference data between electrode types and centres",electrophysiology,0.5.0,2026-08-02,2026-08-02,https://data.mendeley.com/datasets/kcptb9jrf5,checked_against_official_repository,no_documented_catalog_relationship_identified,0,,,0,,,,,"Same-data, subset, version, mirror, component, replacement, extension, derivation, and documented cohort-overlap links to other catalog records.",EyeDataHub authors
mendeley_keratoconus_ukraine_children,Keratoconus Ukraine children ОХМАТДИТ ,corneal_topography,0.5.0,2026-08-02,2026-08-02,https://data.mendeley.com/datasets/ydmxn3264h,checked_against_official_repository,no_documented_catalog_relationship_identified,0,,,0,,,,,"Same-data, subset, version, mirror, component, replacement, extension, derivation, and documented cohort-overlap links to other catalog records.",EyeDataHub authors
mendeley_long_term_results_using_gelatin_microfistulae,Long-term results using gelatin microfistulae (XEN) implantation in glaucoma surgery.,tabular,0.5.0,2026-08-02,2026-08-02,https://data.mendeley.com/datasets/7xjcbsmzzc,checked_against_official_repository,no_documented_catalog_relationship_identified,0,,,0,,,,,"Same-data, subset, version, mirror, component, replacement, extension, derivation, and documented cohort-overlap links to other catalog records.",EyeDataHub authors
mendeley_long_term_safety_efficacy_limited_vitrectomy,Data for: Long-Term Safety and Efficacy of Limited Vitrectomy for Vision Degrading Vitreopathy from Vitreous Floaters,tabular,0.5.0,2026-08-02,2026-08-02,https://data.mendeley.com/datasets/dnss5ttn73,checked_against_official_repository,no_documented_catalog_relationship_identified,0,,,0,,,,,"Same-data, subset, version, mirror, component, replacement, extension, derivation, and documented cohort-overlap links to other catalog records.",EyeDataHub authors
mendeley_micro_go_study_transcriptional_profiling_orbital,MICRO-GO study: transcriptional profiling of orbital tissues in Graves’ orbitopathy & microbiome composition,omics,0.5.0,2026-08-02,2026-08-02,https://data.mendeley.com/datasets/mrvmsrn9r6,checked_against_official_repository,no_documented_catalog_relationship_identified,0,,,0,,,,,"Same-data, subset, version, mirror, component, replacement, extension, derivation, and documented cohort-overlap links to other catalog records.",EyeDataHub authors
mendeley_microvascular_changes_poag_after_npds,Microvascular changes in POAG after NPDS,tabular,0.5.0,2026-08-02,2026-08-02,https://data.mendeley.com/datasets/vc99wcmvk2,checked_against_official_repository,no_documented_catalog_relationship_identified,0,,,0,,,,,"Same-data, subset, version, mirror, component, replacement, extension, derivation, and documented cohort-overlap links to other catalog records.",EyeDataHub authors
mendeley_multi_class_retinal_fundus_image_deep,A Multi-Class Retinal Fundus Image Dataset for Deep Learning-Based Ocular Disease Diagnosis,fundus,0.5.0,2026-08-02,2026-08-02,https://data.mendeley.com/datasets/z227d626vm,checked_against_official_repository,no_documented_catalog_relationship_identified,0,,,0,,,,,"Same-data, subset, version, mirror, component, replacement, extension, derivation, and documented cohort-overlap links to other catalog records.",EyeDataHub authors
mendeley_myopia_metal_mixture_exposure,Dataset: Myopia and Metal Mixture Exposure,tabular,0.5.0,2026-08-02,2026-08-02,https://data.mendeley.com/datasets/jgh7dxdwyy,checked_against_official_repository,no_documented_catalog_relationship_identified,0,,,0,,,,,"Same-data, subset, version, mirror, component, replacement, extension, derivation, and documented cohort-overlap links to other catalog records.",EyeDataHub authors
mendeley_nagyz_liberty_677my_vs_alcon_acrysof,NagyZ_Liberty 677MY vs. Alcon AcrySof,tabular,0.5.0,2026-08-02,2026-08-02,https://data.mendeley.com/datasets/zygxgyf4ns,checked_against_official_repository,no_documented_catalog_relationship_identified,0,,,0,,,,,"Same-data, subset, version, mirror, component, replacement, extension, derivation, and documented cohort-overlap links to other catalog records.",EyeDataHub authors
mendeley_netarsudil_on_kdb_treated_eyes,Netarsudil on KDB-treated Eyes,tabular,0.5.0,2026-08-02,2026-08-02,https://data.mendeley.com/datasets/r6gw6fnvdm,checked_against_official_repository,no_documented_catalog_relationship_identified,0,,,0,,,,,"Same-data, subset, version, mirror, component, replacement, extension, derivation, and documented cohort-overlap links to other catalog records.",EyeDataHub authors
mendeley_neurophysiologic_ophthalmic_markers_chemotherapy_related_cognitive,Data for: Neurophysiologic and ophthalmic markers of chemotherapy-related cognitive impairment in patients diagnosed with hematologic cancer,tabular,0.5.0,2026-08-02,2026-08-02,https://data.mendeley.com/datasets/npt7rp69gm,checked_against_official_repository,no_documented_catalog_relationship_identified,0,,,0,,,,,"Same-data, subset, version, mirror, component, replacement, extension, derivation, and documented cohort-overlap links to other catalog records.",EyeDataHub authors
mendeley_nuclear_cataract_database_biomedical_machine_learning,Nuclear Cataract Database for Biomedical and Machine Learning Applications,tabular,0.5.0,2026-08-02,2026-08-02,https://data.mendeley.com/datasets/6wv33nbcvv,checked_against_official_repository,no_documented_catalog_relationship_identified,0,,,0,,,,,"Same-data, subset, version, mirror, component, replacement, extension, derivation, and documented cohort-overlap links to other catalog records.",EyeDataHub authors
mendeley_ocular_biometry, OCULAR BIOMETRY DATA,tabular,0.5.0,2026-08-02,2026-08-02,https://data.mendeley.com/datasets/4twnn4546j,checked_against_official_repository,no_documented_catalog_relationship_identified,0,,,0,,,,,"Same-data, subset, version, mirror, component, replacement, extension, derivation, and documented cohort-overlap links to other catalog records.",EyeDataHub authors
mendeley_ocular_sebaceous_neoplasms,Ocular sebaceous neoplasms,tabular,0.5.0,2026-08-02,2026-08-02,https://data.mendeley.com/datasets/xg9jcjn388,checked_against_official_repository,no_documented_catalog_relationship_identified,0,,,0,,,,,"Same-data, subset, version, mirror, component, replacement, extension, derivation, and documented cohort-overlap links to other catalog records.",EyeDataHub authors
mendeley_ocular_surface_disorders_affect_quality_life,Ocular Surface Disorders Affect Quality of Life in Patients with Autoimmune Blistering Skin Diseases: A Cross-Sectional Study,tabular,0.5.0,2026-08-02,2026-08-02,https://data.mendeley.com/datasets/73r8vrxksx,checked_against_official_repository,no_documented_catalog_relationship_identified,0,,,0,,,,,"Same-data, subset, version, mirror, component, replacement, extension, derivation, and documented cohort-overlap links to other catalog records.",EyeDataHub authors
mendeley_on_comparison_ocular_surface_disease_index,"Dataset on comparison of the ocular surface disease index questionnaire, the tear film break-up time and Schirmer tests for the evaluation of tear film in computer users and contact lenses without dry eye symptoms",tabular,0.5.0,2026-08-02,2026-08-02,https://data.mendeley.com/datasets/m7fzwvsm77,checked_against_official_repository,no_documented_catalog_relationship_identified,0,,,0,,,,,"Same-data, subset, version, mirror, component, replacement, extension, derivation, and documented cohort-overlap links to other catalog records.",EyeDataHub authors
mendeley_ophthalmic_anthropometry_malawians,Ophthalmic Anthropometry of Malawians,tabular,0.5.0,2026-08-02,2026-08-02,https://data.mendeley.com/datasets/bctfh4m93c,checked_against_official_repository,no_documented_catalog_relationship_identified,0,,,0,,,,,"Same-data, subset, version, mirror, component, replacement, extension, derivation, and documented cohort-overlap links to other catalog records.",EyeDataHub authors
mendeley_ophthalmic_stroke_biomarkers_south_asia,Ophthalmic Stroke Biomarkers in south Asia,tabular,0.5.0,2026-08-02,2026-08-02,https://data.mendeley.com/datasets/whpsmdc2gk,checked_against_official_repository,no_documented_catalog_relationship_identified,0,,,0,,,,,"Same-data, subset, version, mirror, component, replacement, extension, derivation, and documented cohort-overlap links to other catalog records.",EyeDataHub authors
mendeley_optical_coherence_tomography_oct_images_proliferative,"Optical Coherence Tomography (OCT) Images of Proliferative Vitreoretinopathy, Uveitis, and Normal Eyes",oct,0.5.0,2026-08-02,2026-08-02,https://data.mendeley.com/datasets/hbr5pwk5w5,checked_against_official_repository,no_documented_catalog_relationship_identified,0,,,0,,,,,"Same-data, subset, version, mirror, component, replacement, extension, derivation, and documented cohort-overlap links to other catalog records.",EyeDataHub authors
mendeley_orbscan_iiz_anterior_maps,"Multimodal Orbscan IIz Dataset: 3,000 Axial Power Anterior Maps with OCR-Extracted Clinical Parameters from 3,000 Unique Patients",corneal_topography,0.5.0,2026-08-02,2026-08-02,https://data.mendeley.com/datasets/78wt2nc387,checked_against_official_repository,no_documented_catalog_relationship_identified,0,,,0,,,,,"Same-data, subset, version, mirror, component, replacement, extension, derivation, and documented cohort-overlap links to other catalog records.",EyeDataHub authors
mendeley_performance_corneal_vs_scleral_rigid_gas,Data for: Performance of corneal vs. scleral rigid gas permeable contact lenses for ectatic corneal disorders,corneal_topography,0.5.0,2026-08-02,2026-08-02,https://data.mendeley.com/datasets/gmrbh4fvt2,checked_against_official_repository,no_documented_catalog_relationship_identified,0,,,0,,,,,"Same-data, subset, version, mirror, component, replacement, extension, derivation, and documented cohort-overlap links to other catalog records.",EyeDataHub authors
mendeley_peripapillary_retinal_nerve_fiber_layer_thinning,Data for: Peripapillary Retinal Nerve Fiber Layer Thinning in Genetic Generalized Epilepsy,tabular,0.5.0,2026-08-02,2026-08-02,https://data.mendeley.com/datasets/wyys4gvk4n,checked_against_official_repository,no_documented_catalog_relationship_identified,0,,,0,,,,,"Same-data, subset, version, mirror, component, replacement, extension, derivation, and documented cohort-overlap links to other catalog records.",EyeDataHub authors
mendeley_plasma_energy_metabolomics_patients_ocular_disease,plasma energy metabolomics in patients with ocular disease,omics,0.5.0,2026-08-02,2026-08-02,https://data.mendeley.com/datasets/tybzw7zsng,checked_against_official_repository,no_documented_catalog_relationship_identified,0,,,0,,,,,"Same-data, subset, version, mirror, component, replacement, extension, derivation, and documented cohort-overlap links to other catalog records.",EyeDataHub authors
mendeley_post_intravitreal_injection_ciprofloxacin_conjunctival_flora,Data for: Post-Intravitreal Injection Ciprofloxacin and Conjunctival Flora Resistance,oct,0.5.0,2026-08-02,2026-08-02,https://data.mendeley.com/datasets/53nxz6xr5j,checked_against_official_repository,no_documented_catalog_relationship_identified,0,,,0,,,,,"Same-data, subset, version, mirror, component, replacement, extension, derivation, and documented cohort-overlap links to other catalog records.",EyeDataHub authors
mendeley_postural_stargardt_s_syndrome_patients,Data for: Postural data from Stargardt's syndrome patients,tabular,0.5.0,2026-08-02,2026-08-02,https://data.mendeley.com/datasets/5rz9j8t6p4,checked_against_official_repository,no_documented_catalog_relationship_identified,0,,,0,,,,,"Same-data, subset, version, mirror, component, replacement, extension, derivation, and documented cohort-overlap links to other catalog records.",EyeDataHub authors
mendeley_proteomic_analysis_human_autoimmune_retinopathy_air,Proteomic analysis of human autoimmune retinopathy (AIR) vitreous,omics,0.5.0,2026-08-02,2026-08-02,https://data.mendeley.com/datasets/t7yrm5x3ws,checked_against_official_repository,no_documented_catalog_relationship_identified,0,,,0,,,,,"Same-data, subset, version, mirror, component, replacement, extension, derivation, and documented cohort-overlap links to other catalog records.",EyeDataHub authors
mendeley_quantified_processed_microarray_22_individuals_without,Quantified processed microarray data for 22 individuals with and without proliferative retinopathy,omics,0.5.0,2026-08-02,2026-08-02,https://data.mendeley.com/datasets/72b47vpgtz,checked_against_official_repository,no_documented_catalog_relationship_identified,0,,,0,,,,,"Same-data, subset, version, mirror, component, replacement, extension, derivation, and documented cohort-overlap links to other catalog records.",EyeDataHub authors
mendeley_radial_peripapillary_capillary_density_as_predictive,Radial peripapillary capillary density as a predictive factor for glaucoma in eyes with ocular hypertension,tabular,0.5.0,2026-08-02,2026-08-02,https://data.mendeley.com/datasets/h9tntd4gkf,checked_against_official_repository,no_documented_catalog_relationship_identified,0,,,0,,,,,"Same-data, subset, version, mirror, component, replacement, extension, derivation, and documented cohort-overlap links to other catalog records.",EyeDataHub authors
mendeley_raw_manuscript_light_responsive_microrna_molecules,RAW DATA to manuscript: Light-Responsive MicroRNA Molecules in Human Retinal Organoids are Differentially Regulated by Distinct Wavelengths of Light,omics,0.5.0,2026-08-02,2026-08-02,https://data.mendeley.com/datasets/8ksg9fssd9,checked_against_official_repository,no_documented_catalog_relationship_identified,0,,,0,,,,,"Same-data, subset, version, mirror, component, replacement, extension, derivation, and documented cohort-overlap links to other catalog records.",EyeDataHub authors
mendeley_red_lesion_localization_messidor_retinal_images,Red lesion localization for MESSIDOR retinal images dataset using patch-based convolutional neural networks.,tabular,0.5.0,2026-08-02,2026-08-02,https://data.mendeley.com/datasets/3r5m3nfdkv,checked_against_official_repository,no_documented_catalog_relationship_identified,0,,,0,,,,,"Same-data, subset, version, mirror, component, replacement, extension, derivation, and documented cohort-overlap links to other catalog records.",EyeDataHub authors
mendeley_refractive_error_visual_impairment_among_school,"Refractive error and Visual Impairment data among school children in Blantyre, Southern Malawi",tabular,0.5.0,2026-08-02,2026-08-02,https://data.mendeley.com/datasets/crgbf93fnw,checked_against_official_repository,no_documented_catalog_relationship_identified,0,,,0,,,,,"Same-data, subset, version, mirror, component, replacement, extension, derivation, and documented cohort-overlap links to other catalog records.",EyeDataHub authors
mendeley_retina_identification_database_ridb,Retina Identification Database (RIDB),multimodal,0.5.0,2026-08-02,2026-08-02,https://data.mendeley.com/datasets/tjw3zwntv6,checked_against_official_repository,no_documented_catalog_relationship_identified,0,,,0,,,,,"Same-data, subset, version, mirror, component, replacement, extension, derivation, and documented cohort-overlap links to other catalog records.",EyeDataHub authors
mendeley_retinal_blood_vessel_segmentation_rop,Retinal blood vessel segmentation(ROP),tabular,0.5.0,2026-08-02,2026-08-02,https://data.mendeley.com/datasets/prcy36j53v,checked_against_official_repository,no_documented_catalog_relationship_identified,0,,,0,,,,,"Same-data, subset, version, mirror, component, replacement, extension, derivation, and documented cohort-overlap links to other catalog records.",EyeDataHub authors
mendeley_rop_retinopathy_prematurity_infants_serum_metabolomic,ROP (retinopathy of prematurity) infants' serum metabolomic data,omics,0.5.0,2026-08-02,2026-08-02,https://data.mendeley.com/datasets/7r7xt6pf6x,checked_against_official_repository,no_documented_catalog_relationship_identified,0,,,0,,,,,"Same-data, subset, version, mirror, component, replacement, extension, derivation, and documented cohort-overlap links to other catalog records.",EyeDataHub authors
mendeley_sars_cov_2_infection_ocular_cells,"SARS-CoV-2 infection of ocular cells from human adult donor eyes and hESC-derived ocular lineages, Eriksen et al",omics,0.5.0,2026-08-02,2026-08-02,https://data.mendeley.com/datasets/jgw2mcgb67,checked_against_official_repository,no_documented_catalog_relationship_identified,0,,,0,,,,,"Same-data, subset, version, mirror, component, replacement, extension, derivation, and documented cohort-overlap links to other catalog records.",EyeDataHub authors
mendeley_selective_laser_trabeculoplasty_patients_angle_recession,Data for: Selective Laser Trabeculoplasty in patients with angle recession glaucoma: a case series.,tabular,0.5.0,2026-08-02,2026-08-02,https://data.mendeley.com/datasets/rvw8k4k8g7,checked_against_official_repository,no_documented_catalog_relationship_identified,0,,,0,,,,,"Same-data, subset, version, mirror, component, replacement, extension, derivation, and documented cohort-overlap links to other catalog records.",EyeDataHub authors
mendeley_serum_proteomic_profiles_keratoconus_post_laser,"Serum proteomic profiles in keratoconus, post-laser vision correction ectasia, and pellucid marginal degeneration",omics,0.5.0,2026-08-02,2026-08-02,https://data.mendeley.com/datasets/yzsktrxh6y,checked_against_official_repository,no_documented_catalog_relationship_identified,0,,,0,,,,,"Same-data, subset, version, mirror, component, replacement, extension, derivation, and documented cohort-overlap links to other catalog records.",EyeDataHub authors
mendeley_set_relationship_between_plasma_amino_acid,data set of Relationship between plasma amino acid and carnitine levels and primary angle closure glaucoma based on mass spectrometry metabolomics,omics,0.5.0,2026-08-02,2026-08-02,https://data.mendeley.com/datasets/fn9986thfh,checked_against_official_repository,no_documented_catalog_relationship_identified,0,,,0,,,,,"Same-data, subset, version, mirror, component, replacement, extension, derivation, and documented cohort-overlap links to other catalog records.",EyeDataHub authors
mendeley_spatio_temporal_optical_coherence_tomography_provides,Spatio-Temporal Optical Coherence Tomography provides full thickness imaging of the chorioretinal complex,oct,0.5.0,2026-08-02,2026-08-02,https://data.mendeley.com/datasets/9pzm3mbp7w,checked_against_official_repository,no_documented_catalog_relationship_identified,0,,,0,,,,,"Same-data, subset, version, mirror, component, replacement, extension, derivation, and documented cohort-overlap links to other catalog records.",EyeDataHub authors
mendeley_sub_cone_visual_resolution_by_active,"Data from: Sub-cone visual resolution by active, adaptive sampling in the human foveola",tabular,0.5.0,2026-08-02,2026-08-02,https://data.mendeley.com/datasets/zp6d5w8kdv,checked_against_official_repository,no_documented_catalog_relationship_identified,0,,,0,,,,,"Same-data, subset, version, mirror, component, replacement, extension, derivation, and documented cohort-overlap links to other catalog records.",EyeDataHub authors
mendeley_superficial_conjunctival_cells_dupilumab_treated_atopic,Superficial Conjunctival Cells from Dupilumab-treated Atopic Dermatitis Patients with Ocular Adverse Events Display a Transcriptomic Psoriasis Signature,omics,0.5.0,2026-08-02,2026-08-02,https://data.mendeley.com/datasets/222mnygnjz,checked_against_official_repository,no_documented_catalog_relationship_identified,0,,,0,,,,,"Same-data, subset, version, mirror, component, replacement, extension, derivation, and documented cohort-overlap links to other catalog records.",EyeDataHub authors
mendeley_test_results_article_motion_perception_glaucoma,"Test results - Article ""Motion perception and glaucoma""",omics,0.5.0,2026-08-02,2026-08-02,https://data.mendeley.com/datasets/zhz8kjsykf,checked_against_official_repository,no_documented_catalog_relationship_identified,0,,,0,,,,,"Same-data, subset, version, mirror, component, replacement, extension, derivation, and documented cohort-overlap links to other catalog records.",EyeDataHub authors
mendeley_towards_ocular_biomarkers_sarcopenia_result_korean,Towards ocular biomarkers for sarcopenia: a result from a Korean nationwide cross-sectional study,tabular,0.5.0,2026-08-02,2026-08-02,https://data.mendeley.com/datasets/h547645876,checked_against_official_repository,no_documented_catalog_relationship_identified,0,,,0,,,,,"Same-data, subset, version, mirror, component, replacement, extension, derivation, and documented cohort-overlap links to other catalog records.",EyeDataHub authors
mendeley_trabecular_microbypass_stent_implantation_pseudophakic_eyes,Data for: Trabecular microbypass stent implantation in pseudophakic eyes with open-angle glaucoma: long-term results,tabular,0.5.0,2026-08-02,2026-08-02,https://data.mendeley.com/datasets/zsxt8wk4sh,checked_against_official_repository,no_documented_catalog_relationship_identified,0,,,0,,,,,"Same-data, subset, version, mirror, component, replacement, extension, derivation, and documented cohort-overlap links to other catalog records.",EyeDataHub authors
mendeley_two_photon_excited_fluorescence_scanning_laser,Two-photon excited fluorescence scanning laser ophthalmoscopy images and software for data processing,tabular,0.5.0,2026-08-02,2026-08-02,https://data.mendeley.com/datasets/nhpnt78ssy,checked_against_official_repository,no_documented_catalog_relationship_identified,0,,,0,,,,,"Same-data, subset, version, mirror, component, replacement, extension, derivation, and documented cohort-overlap links to other catalog records.",EyeDataHub authors
mendeley_utilizing_responsive_web_portal_studying_disc,Data for: Utilizing A Responsive Web Portal For Studying Disc Tracing Agreement in Retinal Images,oct,0.5.0,2026-08-02,2026-08-02,https://data.mendeley.com/datasets/7xv5rzxgrh,checked_against_official_repository,confirmed_catalog_relationship,1,derived_from,drishti_gs,0,,https://data.mendeley.com/datasets/7xv5rzxgrh,,,"Same-data, subset, version, mirror, component, replacement, extension, derivation, and documented cohort-overlap links to other catalog records.",EyeDataHub authors
mendeley_vivo_analysis_comparison_anterior_segment_structures,In Vivo Analysis and Comparison of Anterior Segment Structures of Both Eyes in Unilateral Herpetic Anterior Uveitis,oct,0.5.0,2026-08-02,2026-08-02,https://data.mendeley.com/datasets/hmz2cz3jcg,checked_against_official_repository,no_documented_catalog_relationship_identified,0,,,0,,,,,"Same-data, subset, version, mirror, component, replacement, extension, derivation, and documented cohort-overlap links to other catalog records.",EyeDataHub authors
mendeley_vivo_cone_photoreceptor_topography_human_foveola,In-vivo cone photoreceptor topography of the human foveola,tabular,0.5.0,2026-08-02,2026-08-02,https://data.mendeley.com/datasets/m5nkpb8phv,checked_against_official_repository,no_documented_catalog_relationship_identified,0,,,0,,,,,"Same-data, subset, version, mirror, component, replacement, extension, derivation, and documented cohort-overlap links to other catalog records.",EyeDataHub authors
messidor2,MESSIDOR-2,fundus,0.5.0,2026-08-02,2026-08-02,https://www.adcis.net/en/third-party/messidor2/,checked_against_cited_source,confirmed_catalog_relationship,0,,,1,multieye,https://arxiv.org/abs/2412.09402,,,"Same-data, subset, version, mirror, component, replacement, extension, derivation, and documented cohort-overlap links to other catalog records.",EyeDataHub authors
mfiddr,MFIDDR: Multi-Field Imaging Dataset for Diabetic Retinopathy,fundus,0.5.0,2026-08-02,2026-08-02,https://github.com/mfiddr/MFIDDR,checked_against_cited_source,no_documented_catalog_relationship_identified,0,,,0,,,,,"Same-data, subset, version, mirror, component, replacement, extension, derivation, and documented cohort-overlap links to other catalog records.",EyeDataHub authors
mgd1k,MGD-1k Meibomian Gland Dataset,external_eye,0.5.0,2026-08-02,2026-08-02,https://mgd1k.github.io/index.html,checked_against_cited_source,no_documented_catalog_relationship_identified,0,,,0,,,,,"Same-data, subset, version, mirror, component, replacement, extension, derivation, and documented cohort-overlap links to other catalog records.",EyeDataHub authors
migs_video,Multicenter Fine-Annotated MIGS Surgical Video Dataset,surgical_video,0.5.0,2026-08-02,2026-08-02,https://zenodo.org/records/19438128,checked_against_cited_source,no_documented_catalog_relationship_identified,0,,,0,,,,,"Same-data, subset, version, mirror, component, replacement, extension, derivation, and documented cohort-overlap links to other catalog records.",EyeDataHub authors
mm_retinal_reason,MM-Retinal-Reason: Ophthalmology Multimodal Reasoning Dataset,multimodal,0.5.0,2026-08-02,2026-08-02,https://huggingface.co/datasets/lxirich/MM-Retinal-Reason,checked_against_cited_source,confirmed_catalog_relationship,34,derived_from,acrima|aptos2019|chaksu|ddr|deepdrid|drishti_gs|duke_chiu_boe|e_ophtha|eyepacs|fives|g1020|gamma|goals|hassan_composite_retina|hrf|idrid|jichi|kermany_oct|lag|oct_c8|octa_500|octdl|octid|oimhs|palm|papila|paraguay_dr|refuge2018|rfmid|roc|stage_task1|stage_task2|stare|sustech_sysu,0,,https://huggingface.co/datasets/lxirich/MM-Retinal-Reason/tree/d6243baa82c0914dba3c6f43ca79fdbf856982ef,ARIA|DR1-2|Glaucoma detection (ambiguous source label)|MPOS|ORIGA|Original MESSIDOR|Retina (ambiguous source label)|ScarDat,,"Same-data, subset, version, mirror, component, replacement, extension, derivation, and documented cohort-overlap links to other catalog records.",EyeDataHub authors
mmrdr,MMRDR: Multi-Modal Retinal Diabetic Retinopathy Dataset,multimodal,0.5.0,2026-08-02,2026-08-02,https://doi.org/10.6084/m9.figshare.29423747,checked_against_cited_source,confirmed_catalog_relationship,1,derived_from,ddr,0,,https://doi.org/10.1038/s41597-026-07005-9,,,"Same-data, subset, version, mirror, component, replacement, extension, derivation, and documented cohort-overlap links to other catalog records.",EyeDataHub authors
mpii_gaze,MPIIGaze Appearance-Based Gaze Estimation Dataset,eye_tracking,0.5.0,2026-08-02,2026-08-02,https://www.mpi-inf.mpg.de/de/departments/computer-vision-and-machine-learning/research/gaze-based-human-computer-interaction/appearance-based-gaze-estimation-in-the-wild,checked_against_cited_source,no_documented_catalog_relationship_identified,0,,,0,,,,,"Same-data, subset, version, mirror, component, replacement, extension, derivation, and documented cohort-overlap links to other catalog records.",EyeDataHub authors
mpxv_ocular_manifestations_south_kivu,MPXV Ocular Manifestations South Kivu Dataset,tabular,0.5.0,2026-08-02,2026-08-02,https://doi.org/10.1371/journal.pgph.0005971.s001,checked_against_official_repository,no_documented_catalog_relationship_identified,0,,,0,,,,,"Same-data, subset, version, mirror, component, replacement, extension, derivation, and documented cohort-overlap links to other catalog records.",EyeDataHub authors
mshf,Multi-Source Heterogeneous Fundus Dataset for Image Quality Assessment,fundus,0.5.0,2026-08-02,2026-08-02,https://doi.org/10.6084/m9.figshare.21507564,checked_against_cited_source,no_documented_catalog_relationship_identified,0,,,0,,,,,"Same-data, subset, version, mirror, component, replacement, extension, derivation, and documented cohort-overlap links to other catalog records.",EyeDataHub authors
msila_fundus_dr,M'Sila Retinal Fundus Dataset for Diabetic Retinopathy Classification,fundus,0.5.0,2026-08-02,2026-08-02,https://zenodo.org/records/19169587,checked_against_cited_source,no_documented_catalog_relationship_identified,0,,,0,,,,,"Same-data, subset, version, mirror, component, replacement, extension, derivation, and documented cohort-overlap links to other catalog records.",EyeDataHub authors
multieye,MultiEYE: OCT-Enhanced Fundus Multi-Disease Benchmark,multimodal,0.5.0,2026-08-02,2026-08-02,https://huggingface.co/datasets/Luxuriant16/MultiEYE,checked_against_cited_source,confirmed_catalog_relationship,13,derived_from,ddr|eyepacs|fives|goals|hassan_composite_retina|kermany_oct|messidor2|octid|odir2019|rfmid|rfmid2|stare|vietai_retinal_disease,0,,https://arxiv.org/abs/2412.09402,1000Fundus39Cat|ARIA|MMC-AMD,,"Same-data, subset, version, mirror, component, replacement, extension, derivation, and documented cohort-overlap links to other catalog records.",EyeDataHub authors
mured,MuReD: Multi-label Retinal Diseases Dataset,fundus,0.5.0,2026-08-02,2026-08-02,https://data.mendeley.com/datasets/pc4mb3h8hz/1,checked_against_cited_source,confirmed_catalog_relationship,2,derived_from,rfmid|stare,1,x_pcr,https://doi.org/10.17632/pc4mb3h8hz.1|https://huggingface.co/datasets/Fantasy666/X-PCR/tree/06a318fd852230326386e3c6514d8a11b7a6b4af,ARIA,,"Same-data, subset, version, mirror, component, replacement, extension, derivation, and documented cohort-overlap links to other catalog records.",EyeDataHub authors
myopic_regression_fundus,Myopic Regression after Corneal Refractive Surgery Fundus Sample,fundus,0.5.0,2026-08-02,2026-08-02,https://data.mendeley.com/datasets/k34rvfw3dg/2,checked_against_cited_source,no_documented_catalog_relationship_identified,0,,,0,,,,,"Same-data, subset, version, mirror, component, replacement, extension, derivation, and documented cohort-overlap links to other catalog records.",EyeDataHub authors
natural_scene_eye_tracking_collection,Natural-Scene Tobii Eye-Tracking Collection,eye_tracking,0.5.0,2026-08-02,2026-08-02,https://doi.org/10.6084/m9.figshare.30520733.v1,checked_against_official_repository,no_documented_catalog_relationship_identified,0,,,0,,,,,"Same-data, subset, version, mirror, component, replacement, extension, derivation, and documented cohort-overlap links to other catalog records.",EyeDataHub authors
nd_iris_0405,ND-IRIS-0405 Iris Image Dataset,iris_biometrics,0.5.0,2026-08-02,2026-08-02,https://tsapps.nist.gov/BDbC/Search/Details/371,checked_against_cited_source,no_documented_catalog_relationship_identified,0,,,0,,,,,"Same-data, subset, version, mirror, component, replacement, extension, derivation, and documented cohort-overlap links to other catalog records.",EyeDataHub authors
nehut,NEH-UT Retinal OCT Dataset,oct,0.5.0,2026-08-02,2026-08-02,https://data.mendeley.com/datasets/8kt969dhx6/2,checked_against_cited_source,no_documented_catalog_relationship_identified,0,,,0,,,,,"Same-data, subset, version, mirror, component, replacement, extension, derivation, and documented cohort-overlap links to other catalog records.",EyeDataHub authors
ochid,OCHID: OCT Choroidal Image Dataset,oct,0.5.0,2026-08-02,2026-08-02,https://imed.nimte.ac.cn/OCHID.html,checked_against_cited_source,no_documented_catalog_relationship_identified,0,,,0,,,,CORN and ROSE appear in navigation on the same project site; this is not evidence that OCHID reuses their data.,"Same-data, subset, version, mirror, component, replacement, extension, derivation, and documented cohort-overlap links to other catalog records.",EyeDataHub authors
oct5k,OCT5k: Multi-Disease Retinal Layer Annotations,oct,0.5.0,2026-08-02,2026-08-02,https://doi.org/10.5522/04/22128671,checked_against_cited_source,no_documented_catalog_relationship_identified,0,,,0,,,,,"Same-data, subset, version, mirror, component, replacement, extension, derivation, and documented cohort-overlap links to other catalog records.",EyeDataHub authors
oct_c8,Retinal OCT-C8: 8-Class OCT Classification,oct,0.5.0,2026-08-02,2026-08-02,https://www.kaggle.com/datasets/obulisainaren/retinal-oct-c8,checked_against_cited_source,confirmed_catalog_relationship,0,,,2,mm_retinal_reason|x_pcr,https://huggingface.co/datasets/Fantasy666/X-PCR/tree/06a318fd852230326386e3c6514d8a11b7a6b4af|https://huggingface.co/datasets/lxirich/MM-Retinal-Reason/tree/d6243baa82c0914dba3c6f43ca79fdbf856982ef,,,"Same-data, subset, version, mirror, component, replacement, extension, derivation, and documented cohort-overlap links to other catalog records.",EyeDataHub authors
oct_cirrus,Duke Srinivasan Retinal OCT Dataset,oct,0.5.0,2026-08-02,2026-08-02,https://people.duke.edu/~sf59/Srinivasan_BOE_2014_dataset.htm,checked_against_cited_source,no_documented_catalog_relationship_identified,0,,,0,,,,,"Same-data, subset, version, mirror, component, replacement, extension, derivation, and documented cohort-overlap links to other catalog records.",EyeDataHub authors
oct_fundus_dme_dr_mexico,OCT and Eye Fundus Dataset for DME and DR,multimodal,0.5.0,2026-08-02,2026-08-02,https://github.com/Traslational-Visual-Health-Laboratory/OCT-AND-EYE-FUNDUS-DATASET,checked_against_cited_source,no_documented_catalog_relationship_identified,0,,,0,,,,,"Same-data, subset, version, mirror, component, replacement, extension, derivation, and documented cohort-overlap links to other catalog records.",EyeDataHub authors
oct_macular_hole_postsurgery,HD-OCT of Macular Hole Before and After Surgery,oct,0.5.0,2026-08-02,2026-08-02,https://www.kaggle.com/datasets/mathieugodbout/oct-postsurgery-visual-improvement,checked_against_cited_source,no_documented_catalog_relationship_identified,0,,,0,,,,,"Same-data, subset, version, mirror, component, replacement, extension, derivation, and documented cohort-overlap links to other catalog records.",EyeDataHub authors
oct_ms_jhu,OCT Retinal Layer Segmentation — MS & Healthy Controls (JHU/IACL),oct,0.5.0,2026-08-02,2026-08-02,https://iacl.ece.jhu.edu/~aaron/data/OCT_Manual_Delineations-2018_June_29_b.zip,checked_against_cited_source,no_documented_catalog_relationship_identified,0,,,0,,,,,"Same-data, subset, version, mirror, component, replacement, extension, derivation, and documented cohort-overlap links to other catalog records.",EyeDataHub authors
octa_500,OCTA-500: Large-scale OCTA Multi-task Benchmark,octa,0.5.0,2026-08-02,2026-08-02,https://ieee-dataport.org/open-access/octa-500,checked_against_cited_source,confirmed_catalog_relationship,0,,,1,mm_retinal_reason,https://huggingface.co/datasets/lxirich/MM-Retinal-Reason/tree/d6243baa82c0914dba3c6f43ca79fdbf856982ef,,,"Same-data, subset, version, mirror, component, replacement, extension, derivation, and documented cohort-overlap links to other catalog records.",EyeDataHub authors
octa_macula_coronal,OCTA Macula Coronal Views,octa,0.5.0,2026-08-02,2026-08-02,https://data.mendeley.com/datasets/p5h7x55zw7/1,checked_against_cited_source,no_documented_catalog_relationship_identified,0,,,0,,,,,"Same-data, subset, version, mirror, component, replacement, extension, derivation, and documented cohort-overlap links to other catalog records.",EyeDataHub authors
octave,OCTAVE: 3D SD-OCT Retinal Segmentation Dataset,oct,0.5.0,2026-08-02,2026-08-02,https://zenodo.org/records/14580071,checked_against_cited_source,no_documented_catalog_relationship_identified,0,,,0,,,,,"Same-data, subset, version, mirror, component, replacement, extension, derivation, and documented cohort-overlap links to other catalog records.",EyeDataHub authors
octdl,OCTDL: OCT Deep Learning Dataset,oct,0.5.0,2026-08-02,2026-08-02,https://data.mendeley.com/datasets/sncdhf53xc/4,checked_against_cited_source,confirmed_catalog_relationship,0,,,1,mm_retinal_reason,https://huggingface.co/datasets/lxirich/MM-Retinal-Reason/tree/d6243baa82c0914dba3c6f43ca79fdbf856982ef,,,"Same-data, subset, version, mirror, component, replacement, extension, derivation, and documented cohort-overlap links to other catalog records.",EyeDataHub authors
octid,OCTID: OCT Image Database,oct,0.5.0,2026-08-02,2026-08-02,https://borealisdata.ca/dataverse/OCTID,checked_against_cited_source,confirmed_catalog_relationship,0,,,3,mm_retinal_reason|multieye|x_pcr,https://arxiv.org/abs/2412.09402|https://huggingface.co/datasets/Fantasy666/X-PCR/tree/06a318fd852230326386e3c6514d8a11b7a6b4af|https://huggingface.co/datasets/lxirich/MM-Retinal-Reason/tree/d6243baa82c0914dba3c6f43ca79fdbf856982ef,,,"Same-data, subset, version, mirror, component, replacement, extension, derivation, and documented cohort-overlap links to other catalog records.",EyeDataHub authors
ocular_chat_vqa,OcularChat-VQA: AREDS-Derived Patient-Physician Dialogue Dataset,multimodal,0.5.0,2026-08-02,2026-08-02,https://huggingface.co/datasets/ncbi/OcularChat-VQA,checked_against_cited_source,external_or_unresolved_relationship_only,0,,,0,,,AREDS,,"Same-data, subset, version, mirror, component, replacement, extension, derivation, and documented cohort-overlap links to other catalog records.",EyeDataHub authors
ocular_generalized_myasthenia_korea,Ocular and Generalized Myasthenia Gravis Korea Dataset,tabular,0.5.0,2026-08-02,2026-08-02,https://doi.org/10.6084/m9.figshare.31981347.v1,checked_against_official_repository,no_documented_catalog_relationship_identified,0,,,0,,,,,"Same-data, subset, version, mirror, component, replacement, extension, derivation, and documented cohort-overlap links to other catalog records.",EyeDataHub authors
oculoscope,OculoScope: Fairer AI in Ophthalmology Dataset,uwf_fundus,0.5.0,2026-08-02,2026-08-02,https://figshare.com/s/926c2c2ef9e77ab5eb9d,checked_against_cited_source,no_documented_catalog_relationship_identified,0,,,0,,,,,"Same-data, subset, version, mirror, component, replacement, extension, derivation, and documented cohort-overlap links to other catalog records.",EyeDataHub authors
odir2019,ODIR-2019: Ocular Disease Intelligent Recognition,fundus,0.5.0,2026-08-02,2026-08-02,https://www.kaggle.com/datasets/andrewmvd/ocular-disease-recognition-odir5k,checked_against_cited_source,confirmed_catalog_relationship,0,,,5,amdnet23|aod|multieye|smdg|x_pcr,https://arxiv.org/abs/2412.09402|https://doi.org/10.17632/d73g6m8d5m.1|https://doi.org/10.17632/yj35kjgrv3.1|https://huggingface.co/datasets/Fantasy666/X-PCR/tree/06a318fd852230326386e3c6514d8a11b7a6b4af|https://www.kaggle.com/datasets/deathtrooper/multichannel-glaucoma-benchmark-dataset,,,"Same-data, subset, version, mirror, component, replacement, extension, derivation, and documented cohort-overlap links to other catalog records.",EyeDataHub authors
oimhs,OIMHS: OCT Image Macular Hole Segmentation Dataset,oct,0.5.0,2026-08-02,2026-08-02,https://doi.org/10.6084/m9.figshare.23508453,checked_against_cited_source,confirmed_catalog_relationship,0,,,3,lmod_plus|mm_retinal_reason|x_pcr,https://huggingface.co/datasets/Fantasy666/X-PCR/tree/06a318fd852230326386e3c6514d8a11b7a6b4af|https://huggingface.co/datasets/lxirich/MM-Retinal-Reason/tree/d6243baa82c0914dba3c6f43ca79fdbf856982ef|https://kfzyqin.github.io/lmod_plus/,,,"Same-data, subset, version, mirror, component, replacement, extension, derivation, and documented cohort-overlap links to other catalog records.",EyeDataHub authors
olives,OLIVES: Ophthalmic Labels for Investigating Visual Eye Semantics,oct,0.5.0,2026-08-02,2026-08-02,https://zenodo.org/records/7105232,checked_against_cited_source,no_documented_catalog_relationship_identified,0,,,0,,,,,"Same-data, subset, version, mirror, component, replacement, extension, derivation, and documented cohort-overlap links to other catalog records.",EyeDataHub authors
ophnet2024,OphNet2024: Ophthalmic Surgical Video Dataset,surgical_video,0.5.0,2026-08-02,2026-08-02,https://huggingface.co/datasets/xioamiyh/OphNet2024,checked_against_cited_source,no_documented_catalog_relationship_identified,0,,,0,,,,,"Same-data, subset, version, mirror, component, replacement, extension, derivation, and documented cohort-overlap links to other catalog records.",EyeDataHub authors
ophora,Ophora-160K: Ophthalmic Surgical Video Instruction Dataset,surgical_video,0.5.0,2026-08-02,2026-08-02,https://huggingface.co/datasets/General-Medical-AI/Ophora-160K,checked_against_cited_source,external_or_unresolved_relationship_only,0,,,0,,,Public YouTube ophthalmic narrative videos,Ophora uses public narrative videos and is not documented as a derivative of OphNet2024.,"Same-data, subset, version, mirror, component, replacement, extension, derivation, and documented cohort-overlap links to other catalog records.",EyeDataHub authors
ophthalmology_eqa_v3,Ophthalmology-EQA-v3,text,0.5.0,2026-08-02,2026-08-02,https://huggingface.co/datasets/BaekSeungJu/Ophthalmology-EQA-v3,checked_against_cited_source,no_documented_catalog_relationship_identified,0,,,0,,,,,"Same-data, subset, version, mirror, component, replacement, extension, derivation, and documented cohort-overlap links to other catalog records.",EyeDataHub authors
ophthalmology_mcqa_v3,Ophthalmology-MCQA-v3,text,0.5.0,2026-08-02,2026-08-02,https://huggingface.co/datasets/BaekSeungJu/Ophthalmology-MCQA-v3,checked_against_cited_source,no_documented_catalog_relationship_identified,0,,,0,,,,,"Same-data, subset, version, mirror, component, replacement, extension, derivation, and documented cohort-overlap links to other catalog records.",EyeDataHub authors
ophthalmology_pubmed_corpus,Ophthalmology PubMed Corpus,text,0.5.0,2026-08-02,2026-08-02,https://huggingface.co/datasets/BaekSeungJu/Ophthalmology-PubMed-Corpus,checked_against_cited_source,no_documented_catalog_relationship_identified,0,,,0,,,,,"Same-data, subset, version, mirror, component, replacement, extension, derivation, and documented cohort-overlap links to other catalog records.",EyeDataHub authors
ophthalvqa,OphthalVQA Dataset,multimodal,0.5.0,2026-08-02,2026-08-02,https://doi.org/10.6084/m9.figshare.25624917,checked_against_cited_source,no_documented_catalog_relationship_identified,0,,,0,,,,,"Same-data, subset, version, mirror, component, replacement, extension, derivation, and documented cohort-overlap links to other catalog records.",EyeDataHub authors
ophthalwechat,OphthalWeChat Dataset,text,0.5.0,2026-08-02,2026-08-02,https://doi.org/10.6084/m9.figshare.29064149,checked_against_cited_source,no_documented_catalog_relationship_identified,0,,,0,,,,,"Same-data, subset, version, mirror, component, replacement, extension, derivation, and documented cohort-overlap links to other catalog records.",EyeDataHub authors
ophtho_readability,Language and Readability Barriers in Ophthalmology Dataset,text,0.5.0,2026-08-02,2026-08-02,https://zenodo.org/records/16592100,checked_against_cited_source,no_documented_catalog_relationship_identified,0,,,0,,,,,"Same-data, subset, version, mirror, component, replacement, extension, derivation, and documented cohort-overlap links to other catalog records.",EyeDataHub authors
paired_retina,Paired Retina Dataset: Cross-Device Fundus Pairs,fundus,0.5.0,2026-08-02,2026-08-02,https://huggingface.co/datasets/smartretina2025/paired_retina,checked_against_cited_source,no_documented_catalog_relationship_identified,0,,,0,,,,,"Same-data, subset, version, mirror, component, replacement, extension, derivation, and documented cohort-overlap links to other catalog records.",EyeDataHub authors
palm,PALM — iChallenge Pathologic Myopia,fundus,0.5.0,2026-08-02,2026-08-02,https://drive.google.com/file/d/14XWD6kX0dVRfAyEc7FkZGKZibWEkvnyv/view,checked_against_cited_source,confirmed_catalog_relationship,0,,,1,mm_retinal_reason,https://huggingface.co/datasets/lxirich/MM-Retinal-Reason/tree/d6243baa82c0914dba3c6f43ca79fdbf856982ef,,,"Same-data, subset, version, mirror, component, replacement, extension, derivation, and documented cohort-overlap links to other catalog records.",EyeDataHub authors
papila,PAPILA: Glaucoma Fundus Dataset with Clinical Data,fundus,0.5.0,2026-08-02,2026-08-02,https://zenodo.org/records/6379970,checked_against_cited_source,confirmed_catalog_relationship,0,,,4,glaucoma_expert_cot_raw|glaucoma_expert_cot_refined|mm_retinal_reason|smdg,https://huggingface.co/datasets/lxirich/MM-Retinal-Reason/tree/d6243baa82c0914dba3c6f43ca79fdbf856982ef|https://huggingface.co/datasets/yuzhench/glaucoma-expert-cot-raw-1077|https://huggingface.co/datasets/yuzhench/glaucoma-expert-cot-refined-1077|https://www.kaggle.com/datasets/deathtrooper/multichannel-glaucoma-benchmark-dataset,,,"Same-data, subset, version, mirror, component, replacement, extension, derivation, and documented cohort-overlap links to other catalog records.",EyeDataHub authors
paraguay_dr,Paraguay Color Fundus DR Dataset,fundus,0.5.0,2026-08-02,2026-08-02,https://zenodo.org/record/4647952,checked_against_cited_source,confirmed_catalog_relationship,0,,,1,mm_retinal_reason,https://huggingface.co/datasets/lxirich/MM-Retinal-Reason/tree/d6243baa82c0914dba3c6f43ca79fdbf856982ef,,,"Same-data, subset, version, mirror, component, replacement, extension, derivation, and documented cohort-overlap links to other catalog records.",EyeDataHub authors
parkinsons_directional_oct,Parkinson Disease Directional OCT Dataset,oct,0.5.0,2026-08-02,2026-08-02,https://doi.org/10.26188/30750011.v1,checked_against_official_repository,no_documented_catalog_relationship_identified,0,,,0,,,,,"Same-data, subset, version, mirror, component, replacement, extension, derivation, and documented cohort-overlap links to other catalog records.",EyeDataHub authors
parkinsons_outer_retinal_structure,Parkinson Disease Outer Retinal Structure and Function Dataset,oct,0.5.0,2026-08-02,2026-08-02,https://doi.org/10.26188/24138420.v2,checked_against_official_repository,no_documented_catalog_relationship_identified,0,,,0,,,,,"Same-data, subset, version, mirror, component, replacement, extension, derivation, and documented cohort-overlap links to other catalog records.",EyeDataHub authors
pco_namd,PCO-nAMD Paired CFP and OCT Dataset,fundus,0.5.0,2026-08-02,2026-08-02,https://doi.org/10.6084/m9.figshare.32873501.v1,checked_against_official_repository,no_documented_catalog_relationship_identified,0,,,0,,,,,"Same-data, subset, version, mirror, component, replacement, extension, derivation, and documented cohort-overlap links to other catalog records.",EyeDataHub authors
perg_ioba,PERG-IOBA Ocular Electrophysiology Dataset,electrophysiology,0.5.0,2026-08-02,2026-08-02,https://physionet.org/content/perg-ioba-dataset/1.0.0/,checked_against_cited_source,no_documented_catalog_relationship_identified,0,,,0,,,,,"Same-data, subset, version, mirror, component, replacement, extension, derivation, and documented cohort-overlap links to other catalog records.",EyeDataHub authors
periorbital_segmentation,Open-Source Periorbital Segmentation Dataset,external_eye,0.5.0,2026-08-02,2026-08-02,https://doi.org/10.5281/zenodo.13916845,checked_against_cited_source,external_or_unresolved_relationship_only,0,,,0,,,CelebAMask-HQ|Chicago Face Database,,"Same-data, subset, version, mirror, component, replacement, extension, derivation, and documented cohort-overlap links to other catalog records.",EyeDataHub authors
pimd_visual_preference_eye_tracking,PIMD Visual Preference Eye-Tracking Dataset,eye_tracking,0.5.0,2026-08-02,2026-08-02,https://doi.org/10.1371/journal.pone.0266176.s010,checked_against_official_repository,no_documented_catalog_relationship_identified,0,,,0,,,,,"Same-data, subset, version, mirror, component, replacement, extension, derivation, and documented cohort-overlap links to other catalog records.",EyeDataHub authors
popeye_nir,PopEYE Infrared Ocular Image Dataset,external_eye,0.5.0,2026-08-02,2026-08-02,https://zenodo.org/records/18430187,checked_against_cited_source,no_documented_catalog_relationship_identified,0,,,0,,,,,"Same-data, subset, version, mirror, component, replacement, extension, derivation, and documented cohort-overlap links to other catalog records.",EyeDataHub authors
post_glaucoma_surgery_ptosis_strabismus,Post-Glaucoma-Surgery Ptosis and Strabismus Dataset,tabular,0.5.0,2026-08-02,2026-08-02,https://doi.org/10.1371/journal.pone.0335074.s001,checked_against_official_repository,no_documented_catalog_relationship_identified,0,,,0,,,,,"Same-data, subset, version, mirror, component, replacement, extension, derivation, and documented cohort-overlap links to other catalog records.",EyeDataHub authors
prime_fp20,PRIME-FP20: Ultra-Widefield Vessel Segmentation,uwf_fundus,0.5.0,2026-08-02,2026-08-02,https://ieee-dataport.org/open-access/prime-fp20-ultra-widefield-fundus-photography-vessel-segmentation-dataset,checked_against_cited_source,no_documented_catalog_relationship_identified,0,,,0,,,,,"Same-data, subset, version, mirror, component, replacement, extension, derivation, and documented cohort-overlap links to other catalog records.",EyeDataHub authors
pupillometry_eeg_fmri_salience,"Pupillometry, EEG, and fMRI Salience Dataset",eye_tracking,0.5.0,2026-08-02,2026-08-02,https://doi.org/10.6084/m9.figshare.22518010.v1,checked_against_official_repository,no_documented_catalog_relationship_identified,0,,,0,,,,,"Same-data, subset, version, mirror, component, replacement, extension, derivation, and documented cohort-overlap links to other catalog records.",EyeDataHub authors
puwf_av,PUWF-AV Pediatric Ultra-Widefield Fundus Artery-Vein Dataset,fundus,0.5.0,2026-08-02,2026-08-02,https://doi.org/10.6084/m9.figshare.32509329.v1,checked_against_official_repository,no_documented_catalog_relationship_identified,0,,,0,,,,,"Same-data, subset, version, mirror, component, replacement, extension, derivation, and documented cohort-overlap links to other catalog records.",EyeDataHub authors
rao_fundus,RAO Retinal Artery Occlusion Fundus Photography Dataset,fundus,0.5.0,2026-08-02,2026-08-02,https://data.mendeley.com/datasets/5428684j44/2,checked_against_cited_source,confirmed_catalog_relationship,2,derived_from,jsiec|rfmid,0,,https://doi.org/10.17632/5428684j44.2,Public web images,,"Same-data, subset, version, mirror, component, replacement, extension, derivation, and documented cohort-overlap links to other catalog records.",EyeDataHub authors
rasti_oct,"Rasti OCT Dataset (Noor Eye Hospital, Tehran)",oct,0.5.0,2026-08-02,2026-08-02,https://drive.google.com/file/d/1Rv82F7CjPveyONdy1YbRHh05emCb6_Eu,checked_against_cited_source,no_documented_catalog_relationship_identified,0,,,0,,,,,"Same-data, subset, version, mirror, component, replacement, extension, derivation, and documented cohort-overlap links to other catalog records.",EyeDataHub authors
ravir,RAVIR: Retinal Artery/Vein Segmentation in IR,fundus,0.5.0,2026-08-02,2026-08-02,https://ravir.grand-challenge.org/data/,checked_against_cited_source,no_documented_catalog_relationship_identified,0,,,0,,,,,"Same-data, subset, version, mirror, component, replacement, extension, derivation, and documented cohort-overlap links to other catalog records.",EyeDataHub authors
rbad,RBAD Retinal Branching-Angle Detection Benchmark,fundus,0.5.0,2026-08-02,2026-08-02,https://github.com/Retinal-Research/RBAD,checked_against_cited_source,no_documented_catalog_relationship_identified,0,,,0,,,,,"Same-data, subset, version, mirror, component, replacement, extension, derivation, and documented cohort-overlap links to other catalog records.",EyeDataHub authors
real_fundus,Real Fundus Clinical Image Restoration Benchmark,fundus,0.5.0,2026-08-02,2026-08-02,https://github.com/dengzhuo-AI/Real-Fundus/releases/tag/v.1.0.0,checked_against_cited_source,no_documented_catalog_relationship_identified,0,,,0,,,,,"Same-data, subset, version, mirror, component, replacement, extension, derivation, and documented cohort-overlap links to other catalog records.",EyeDataHub authors
refuge1_multirater,REFUGE Multi-Rater — Glaucoma with Multi-Expert Annotations,fundus,0.5.0,2026-08-02,2026-08-02,https://drive.google.com/file/d/1TXTrZyaZ76faXek46pEzaYQmAejLf30d/view,checked_against_cited_source,confirmed_catalog_relationship,1,derived_from,refuge2018,0,,https://huggingface.co/datasets/realslimman/REFUGE-MultiRater,,,"Same-data, subset, version, mirror, component, replacement, extension, derivation, and documented cohort-overlap links to other catalog records.",EyeDataHub authors
refuge2,REFUGE2 — Retinal Fundus Glaucoma Challenge 2,fundus,0.5.0,2026-08-02,2026-08-02,https://drive.google.com/file/d/1DspRzDqypeBOxZnWPQxmXprNVmJwkBRJ/view,checked_against_cited_source,confirmed_catalog_relationship,1,version_of,refuge2018,0,,https://refuge.grand-challenge.org/,,,"Same-data, subset, version, mirror, component, replacement, extension, derivation, and documented cohort-overlap links to other catalog records.",EyeDataHub authors
refuge2018,REFUGE 2018: Retinal Fundus Glaucoma Challenge,fundus,0.5.0,2026-08-02,2026-08-02,https://refuge.grand-challenge.org/,checked_against_cited_source,confirmed_catalog_relationship,0,,,6,fundus_domain_generalization|lmod_plus|mm_retinal_reason|refuge1_multirater|refuge2|smdg,https://huggingface.co/datasets/lxirich/MM-Retinal-Reason/tree/d6243baa82c0914dba3c6f43ca79fdbf856982ef|https://huggingface.co/datasets/realslimman/REFUGE-MultiRater|https://kfzyqin.github.io/lmod_plus/|https://refuge.grand-challenge.org/|https://www.kaggle.com/datasets/deathtrooper/multichannel-glaucoma-benchmark-dataset|https://zenodo.org/records/8009107,,,"Same-data, subset, version, mirror, component, replacement, extension, derivation, and documented cohort-overlap links to other catalog records.",EyeDataHub authors
reta_benchmark,RETA Benchmark for Retinal Vascular Tree Analysis,fundus,0.5.0,2026-08-02,2026-08-02,https://doi.org/10.6084/m9.figshare.16960855,checked_against_cited_source,confirmed_catalog_relationship,1,derived_from,idrid,0,,https://doi.org/10.6084/m9.figshare.16960855,,,"Same-data, subset, version, mirror, component, replacement, extension, derivation, and documented cohort-overlap links to other catalog records.",EyeDataHub authors
retina_age_analysis,Retina Age Analysis,fundus,0.5.0,2026-08-02,2026-08-02,https://huggingface.co/datasets/ramankamran/retina-age-analysis,checked_against_cited_source,no_documented_catalog_relationship_identified,0,,,0,,,,,"Same-data, subset, version, mirror, component, replacement, extension, derivation, and documented cohort-overlap links to other catalog records.",EyeDataHub authors
retinal_corrugations_oct,Outer Retinal Corrugations Imaging Dataset,oct,0.5.0,2026-08-02,2026-08-02,https://data.mendeley.com/datasets/bzsc7gd9p3/2,checked_against_cited_source,no_documented_catalog_relationship_identified,0,,,0,,,,,"Same-data, subset, version, mirror, component, replacement, extension, derivation, and documented cohort-overlap links to other catalog records.",EyeDataHub authors
retinal_dr_longitudinal,Retinal DR Longitudinal Fundus Pairs,fundus,0.5.0,2026-08-02,2026-08-02,https://huggingface.co/datasets/usama10/retinal-dr-longitudinal,checked_against_cited_source,no_documented_catalog_relationship_identified,0,,,0,,,,,"Same-data, subset, version, mirror, component, replacement, extension, derivation, and documented cohort-overlap links to other catalog records.",EyeDataHub authors
retinal_oct_octa_two_subjects_processed,Processed Retinal OCT and OCTA Two-Subject Dataset,octa,0.5.0,2026-08-02,2026-08-02,https://www.kaggle.com/datasets/cnzakimuena/retinal-oct-and-octa-data-3,checked_against_official_repository,no_documented_catalog_relationship_identified,0,,,0,,,,,"Same-data, subset, version, mirror, component, replacement, extension, derivation, and documented cohort-overlap links to other catalog records.",EyeDataHub authors
retinal_optic_flow_locomotion,Retinal Optic Flow and Locomotion Dataset,eye_tracking,0.5.0,2026-08-02,2026-08-02,https://doi.org/10.25452/figshare.plus.17113883.v1,checked_against_official_repository,no_documented_catalog_relationship_identified,0,,,0,,,,,"Same-data, subset, version, mirror, component, replacement, extension, derivation, and documented cohort-overlap links to other catalog records.",EyeDataHub authors
retinal_photoplethysmography_rnfl,Retinal Photoplethysmography and RNFL Dataset,oct,0.5.0,2026-08-02,2026-08-02,https://doi.org/10.6084/m9.figshare.21197173.v1,checked_against_official_repository,no_documented_catalog_relationship_identified,0,,,0,,,,,"Same-data, subset, version, mirror, component, replacement, extension, derivation, and documented cohort-overlap links to other catalog records.",EyeDataHub authors
retinal_vessel_robustness,Natural Robustness Benchmark for Retinal Vessel Segmentation,fundus,0.5.0,2026-08-02,2026-08-02,https://zenodo.org/records/12659652,checked_against_cited_source,confirmed_catalog_relationship,3,derived_from,chase_db1|drive|stare,0,,https://zenodo.org/records/12659652,,,"Same-data, subset, version, mirror, component, replacement, extension, derivation, and documented cohort-overlap links to other catalog records.",EyeDataHub authors
retouch,RETOUCH: RETinal OCT Fluid Challenge,oct,0.5.0,2026-08-02,2026-08-02,https://retouch.grand-challenge.org/,checked_against_cited_source,no_documented_catalog_relationship_identified,0,,,0,,,,,"Same-data, subset, version, mirror, component, replacement, extension, derivation, and documented cohort-overlap links to other catalog records.",EyeDataHub authors
rfmid,RFMiD: Retinal Fundus Multi-disease Image Dataset,fundus,0.5.0,2026-08-02,2026-08-02,https://www.kaggle.com/datasets/andrewmvd/retinal-disease-classification,checked_against_cited_source,confirmed_catalog_relationship,0,,,6,amdnet23|mm_retinal_reason|multieye|mured|rao_fundus|rfmid2,https://arxiv.org/abs/2412.09402|https://doi.org/10.17632/5428684j44.2|https://doi.org/10.17632/pc4mb3h8hz.1|https://doi.org/10.17632/yj35kjgrv3.1|https://huggingface.co/datasets/lxirich/MM-Retinal-Reason/tree/d6243baa82c0914dba3c6f43ca79fdbf856982ef|https://zenodo.org/records/7505822,,,"Same-data, subset, version, mirror, component, replacement, extension, derivation, and documented cohort-overlap links to other catalog records.",EyeDataHub authors
rfmid2,RFMiD 2.0 Auxiliary Multi-Disease Fundus Dataset,fundus,0.5.0,2026-08-02,2026-08-02,https://zenodo.org/records/7505822,checked_against_cited_source,confirmed_catalog_relationship,1,extension_of,rfmid,2,multieye|x_pcr,https://arxiv.org/abs/2412.09402|https://huggingface.co/datasets/Fantasy666/X-PCR/tree/06a318fd852230326386e3c6514d8a11b7a6b4af|https://zenodo.org/records/7505822,,,"Same-data, subset, version, mirror, component, replacement, extension, derivation, and documented cohort-overlap links to other catalog records.",EyeDataHub authors
riga,RIGA: Retinal Fundus Images for Glaucoma Analysis,fundus,0.5.0,2026-08-02,2026-08-02,https://deepblue.lib.umich.edu/data/concern/data_sets/3b591905z,checked_against_cited_source,confirmed_catalog_relationship,0,,,2,fundus_domain_generalization|riga_plus,https://zenodo.org/records/6325549|https://zenodo.org/records/8009107,,,"Same-data, subset, version, mirror, component, replacement, extension, derivation, and documented cohort-overlap links to other catalog records.",EyeDataHub authors
riga_plus,RIGA+ Domain Adaptation Dataset,fundus,0.5.0,2026-08-02,2026-08-02,https://zenodo.org/records/6325549,checked_against_cited_source,confirmed_catalog_relationship,1,derived_from,riga,0,,https://zenodo.org/records/6325549,Original MESSIDOR,"RIGA+ cites original MESSIDOR, not MESSIDOR-2, so no edge to messidor2 is asserted.","Same-data, subset, version, mirror, component, replacement, extension, derivation, and documented cohort-overlap links to other catalog records.",EyeDataHub authors
rimone_dl,RIM-ONE DL,fundus,0.5.0,2026-08-02,2026-08-02,https://www.kaggle.com/datasets/orvile/rim-one-retinal-dataset-for-assessing-glaucoma,checked_against_cited_source,no_documented_catalog_relationship_identified,0,,,0,,,,,"Same-data, subset, version, mirror, component, replacement, extension, derivation, and documented cohort-overlap links to other catalog records.",EyeDataHub authors
rite,RITE: Retinal Images Vessel Tree Extraction (Artery/Vein),fundus,0.5.0,2026-08-02,2026-08-02,https://eye.medicine.uiowa.edu/rite-dataset,checked_against_cited_source,confirmed_catalog_relationship,1,derived_from,drive,0,,https://medicine.uiowa.edu/eye/rite-dataset,,,"Same-data, subset, version, mirror, component, replacement, extension, derivation, and documented cohort-overlap links to other catalog records.",EyeDataHub authors
roc,ROC: Retinopathy Online Challenge,fundus,0.5.0,2026-08-02,2026-08-02,http://webeye.ophth.uiowa.edu/ROC/,checked_against_cited_source,confirmed_catalog_relationship,0,,,1,mm_retinal_reason,https://huggingface.co/datasets/lxirich/MM-Retinal-Reason/tree/d6243baa82c0914dba3c6f43ca79fdbf856982ef,,,"Same-data, subset, version, mirror, component, replacement, extension, derivation, and documented cohort-overlap links to other catalog records.",EyeDataHub authors
rocc,ROCC: Retinal OCT Classification Challenge,oct,0.5.0,2026-08-02,2026-08-02,https://rocc.grand-challenge.org/,checked_against_cited_source,no_documented_catalog_relationship_identified,0,,,0,,,,,"Same-data, subset, version, mirror, component, replacement, extension, derivation, and documented cohort-overlap links to other catalog records.",EyeDataHub authors
rop_ostrava,Retinal Image Dataset of Infants and ROP (Ostrava),fundus,0.5.0,2026-08-02,2026-08-02,https://www.kaggle.com/datasets/jananowakova/retinal-image-dataset-of-infants-and-rop,checked_against_cited_source,no_documented_catalog_relationship_identified,0,,,0,,,,,"Same-data, subset, version, mirror, component, replacement, extension, derivation, and documented cohort-overlap links to other catalog records.",EyeDataHub authors
rop_synthetic_mendeley,Synthetic Medical Images for ROP Diagnosis,fundus,0.5.0,2026-08-02,2026-08-02,https://data.mendeley.com/datasets/fscyyhg6vt/1,checked_against_cited_source,no_documented_catalog_relationship_identified,0,,,0,,,,,"Same-data, subset, version, mirror, component, replacement, extension, derivation, and documented cohort-overlap links to other catalog records.",EyeDataHub authors
rop_uwf_intelligent,Fundus Dataset for Intelligent ROP System,fundus,0.5.0,2026-08-02,2026-08-02,https://doi.org/10.6084/m9.figshare.25514449,checked_against_cited_source,no_documented_catalog_relationship_identified,0,,,0,,,,,"Same-data, subset, version, mirror, component, replacement, extension, derivation, and documented cohort-overlap links to other catalog records.",EyeDataHub authors
rop_vl,ROP-VL Retinopathy of Prematurity Vision-Language Dataset,fundus,0.5.0,2026-08-02,2026-08-02,https://doi.org/10.6084/m9.figshare.30143461.v1,checked_against_official_repository,no_documented_catalog_relationship_identified,0,,,0,,,,,"Same-data, subset, version, mirror, component, replacement, extension, derivation, and documented cohort-overlap links to other catalog records.",EyeDataHub authors
rose,ROSE: Retinal OCT-Angiography Vessel Segmentation,octa,0.5.0,2026-08-02,2026-08-02,https://zenodo.org/doi/10.5281/zenodo.12775880,checked_against_cited_source,no_documented_catalog_relationship_identified,0,,,0,,,,,"Same-data, subset, version, mirror, component, replacement, extension, derivation, and documented cohort-overlap links to other catalog records.",EyeDataHub authors
ru_medical_texts_ophthalmology,Ophthalmology Russian-English Medical Text Translations,text,0.5.0,2026-08-02,2026-08-02,https://www.kaggle.com/datasets/cheshrcat/ru-medical-texts-ophtalmology,checked_against_cited_source,no_documented_catalog_relationship_identified,0,,,0,,,,,"Same-data, subset, version, mirror, component, replacement, extension, derivation, and documented cohort-overlap links to other catalog records.",EyeDataHub authors
rvo_me,RVO-ME: Retinal Vein Occlusion Macular Edema OCT Dataset,oct,0.5.0,2026-08-02,2026-08-02,https://doi.org/10.6084/m9.figshare.29804435.v1,checked_against_cited_source,no_documented_catalog_relationship_identified,0,,,0,,,,,"Same-data, subset, version, mirror, component, replacement, extension, derivation, and documented cohort-overlap links to other catalog records.",EyeDataHub authors
sics155,SICS-155 Small Incision Cataract Surgery Videos,surgical_video,0.5.0,2026-08-02,2026-08-02,https://zenodo.org/records/19482928,checked_against_cited_source,no_documented_catalog_relationship_identified,0,,,0,,,,"The SICS-155 source compares its phases with Cataract-101, CATARACTS, and CaDIS but describes a distinct recruited cohort.","Same-data, subset, version, mirror, component, replacement, extension, derivation, and documented cohort-overlap links to other catalog records.",EyeDataHub authors
slid,SLID: Slit-Lamp Image Dataset,multimodal,0.5.0,2026-08-02,2026-08-02,https://github.com/xumingyu-hub/SLID,checked_against_cited_source,no_documented_catalog_relationship_identified,0,,,0,,,,,"Same-data, subset, version, mirror, component, replacement, extension, derivation, and documented cohort-overlap links to other catalog records.",EyeDataHub authors
slid_e,SLID-E Slit-Lamp Image Dataset for Epiphora,external_eye,0.5.0,2026-08-02,2026-08-02,https://doi.org/10.6084/m9.figshare.26172919.v2,checked_against_official_repository,no_documented_catalog_relationship_identified,0,,,0,,,,,"Same-data, subset, version, mirror, component, replacement, extension, derivation, and documented cohort-overlap links to other catalog records.",EyeDataHub authors
slp_vld,SLP-VLD Anonymized Slit-Lamp Vision-Language Dataset,external_eye,0.5.0,2026-08-02,2026-08-02,https://doi.org/10.6084/m9.figshare.32576697.v3,checked_against_official_repository,no_documented_catalog_relationship_identified,0,,,0,,,,,"Same-data, subset, version, mirror, component, replacement, extension, derivation, and documented cohort-overlap links to other catalog records.",EyeDataHub authors
smdg,SMDG-19: Standardized Multi-channel Glaucoma Benchmark,fundus,0.5.0,2026-08-02,2026-08-02,https://www.kaggle.com/datasets/deathtrooper/multichannel-glaucoma-benchmark-dataset,checked_against_cited_source,confirmed_catalog_relationship,10,derived_from,airogs|beh|drishti_gs|fives|g1020|hrf|jsiec|odir2019|papila|refuge2018,0,,https://www.kaggle.com/datasets/deathtrooper/multichannel-glaucoma-benchmark-dataset,CRFO-v4|DR-HAGIS|LES-AV|ORIGA-light|sjchoi86-HRF,"EyePACS-AIROGS is mapped to airogs, not to the cataloged diabetic-retinopathy eyepacs record.","Same-data, subset, version, mirror, component, replacement, extension, derivation, and documented cohort-overlap links to other catalog records.",EyeDataHub authors
soul_octa,SOUL: OCTA Human-Machine Collaborative Annotation Dataset,octa,0.5.0,2026-08-02,2026-08-02,https://doi.org/10.6084/m9.figshare.24893358.v3,checked_against_cited_source,no_documented_catalog_relationship_identified,0,,,0,,,,,"Same-data, subset, version, mirror, component, replacement, extension, derivation, and documented cohort-overlap links to other catalog records.",EyeDataHub authors
spectrosense_pupil_light_exposure,SpectroSense Pupil Light Exposure Dataset,eye_tracking,0.5.0,2026-08-02,2026-08-02,https://doi.org/10.6084/m9.figshare.28176839.v1,checked_against_official_repository,no_documented_catalog_relationship_identified,0,,,0,,,,,"Same-data, subset, version, mirror, component, replacement, extension, derivation, and documented cohort-overlap links to other catalog records.",EyeDataHub authors
stage_task1,STAGE 2023 Task 1 — Mean Deviation Prediction from OCT,oct,0.5.0,2026-08-02,2026-08-02,https://aistudio.baidu.com/aistudio/competition/detail/968/0/datasets,checked_against_cited_source,confirmed_catalog_relationship,2,same_or_overlapping_cohort_as,stage_task2|stage_task3,3,mm_retinal_reason|stage_task2|stage_task3,https://aistudio.baidu.com/aistudio/competition/detail/968/0/datasets|https://huggingface.co/datasets/lxirich/MM-Retinal-Reason/tree/d6243baa82c0914dba3c6f43ca79fdbf856982ef,,,"Same-data, subset, version, mirror, component, replacement, extension, derivation, and documented cohort-overlap links to other catalog records.",EyeDataHub authors
stage_task2,STAGE 2023 Task 2 — Visual Field Sensitivity Map Prediction,oct,0.5.0,2026-08-02,2026-08-02,https://aistudio.baidu.com/aistudio/competition/detail/968/0/datasets,checked_against_cited_source,confirmed_catalog_relationship,2,same_or_overlapping_cohort_as,stage_task1|stage_task3,3,mm_retinal_reason|stage_task1|stage_task3,https://aistudio.baidu.com/aistudio/competition/detail/968/0/datasets|https://huggingface.co/datasets/lxirich/MM-Retinal-Reason/tree/d6243baa82c0914dba3c6f43ca79fdbf856982ef,,,"Same-data, subset, version, mirror, component, replacement, extension, derivation, and documented cohort-overlap links to other catalog records.",EyeDataHub authors
stage_task3,STAGE 2023 Task 3 — Pattern Deviation Probability Map,oct,0.5.0,2026-08-02,2026-08-02,https://aistudio.baidu.com/aistudio/competition/detail/968/0/datasets,checked_against_cited_source,confirmed_catalog_relationship,2,same_or_overlapping_cohort_as,stage_task1|stage_task2,2,stage_task1|stage_task2,https://aistudio.baidu.com/aistudio/competition/detail/968/0/datasets,,,"Same-data, subset, version, mirror, component, replacement, extension, derivation, and documented cohort-overlap links to other catalog records.",EyeDataHub authors
stare,STARE: Structured Analysis of the Retina,fundus,0.5.0,2026-08-02,2026-08-02,https://cecas.clemson.edu/~ahoover/stare/,checked_against_cited_source,confirmed_catalog_relationship,0,,,4,mm_retinal_reason|multieye|mured|retinal_vessel_robustness,https://arxiv.org/abs/2412.09402|https://doi.org/10.17632/pc4mb3h8hz.1|https://huggingface.co/datasets/lxirich/MM-Retinal-Reason/tree/d6243baa82c0914dba3c6f43ca79fdbf856982ef|https://zenodo.org/records/12659652,,,"Same-data, subset, version, mirror, component, replacement, extension, derivation, and documented cohort-overlap links to other catalog records.",EyeDataHub authors
superccm_fineset,SuperCCM-FineSet,confocal,0.5.0,2026-08-02,2026-08-02,https://zenodo.org/records/17051148,checked_against_cited_source,no_documented_catalog_relationship_identified,0,,,0,,,,,"Same-data, subset, version, mirror, component, replacement, extension, derivation, and documented cohort-overlap links to other catalog records.",EyeDataHub authors
sustech_sysu,SUSTech-SYSU Diabetic Retinopathy + Exudate Dataset,fundus,0.5.0,2026-08-02,2026-08-02,https://doi.org/10.6084/m9.figshare.12570770,checked_against_cited_source,confirmed_catalog_relationship,0,,,1,mm_retinal_reason,https://huggingface.co/datasets/lxirich/MM-Retinal-Reason/tree/d6243baa82c0914dba3c6f43ca79fdbf856982ef,,,"Same-data, subset, version, mirror, component, replacement, extension, derivation, and documented cohort-overlap links to other catalog records.",EyeDataHub authors
sustech_sysu_corneal_ulcers,SUSTech-SYSU Corneal Ulcer Dataset,external_eye,0.5.0,2026-08-02,2026-08-02,https://doi.org/10.6084/m9.figshare.10247501.v1,checked_against_official_repository,no_documented_catalog_relationship_identified,0,,,0,,,,,"Same-data, subset, version, mirror, component, replacement, extension, derivation, and documented cohort-overlap links to other catalog records.",EyeDataHub authors
syn_oct,SYN-OCT Synthetic Glaucoma OCT Dataset,oct,0.5.0,2026-08-02,2026-08-02,https://doi.org/10.5281/zenodo.17151869,checked_against_cited_source,external_or_unresolved_relationship_only,0,,,0,,,Private Singapore source scans,,"Same-data, subset, version, mirror, component, replacement, extension, derivation, and documented cohort-overlap links to other catalog records.",EyeDataHub authors
synthetic_retinal_oct_biomarkers,Synthetic Retinal OCT Biomarker Dataset,oct,0.5.0,2026-08-02,2026-08-02,https://huggingface.co/datasets/serag-ai/Synthetic-Ophthalmology-Images,checked_against_official_repository,confirmed_catalog_relationship,1,derived_from,kermany_oct,0,,https://huggingface.co/datasets/serag-ai/Synthetic-Ophthalmology-Images,,,"Same-data, subset, version, mirror, component, replacement, extension, derivation, and documented cohort-overlap links to other catalog records.",EyeDataHub authors
tear_meniscus,Multicentre Tear Meniscus Segmentation Dataset,multimodal,0.5.0,2026-08-02,2026-08-02,https://doi.org/10.6084/m9.figshare.28650536.v2,checked_against_cited_source,no_documented_catalog_relationship_identified,0,,,0,,,,,"Same-data, subset, version, mirror, component, replacement, extension, derivation, and documented cohort-overlap links to other catalog records.",EyeDataHub authors
teyed,TEyeD Real-World Eye-Tracking Dataset,eye_tracking,0.5.0,2026-08-02,2026-08-02,https://arxiv.org/abs/2102.02115,checked_against_cited_source,no_documented_catalog_relationship_identified,0,,,0,,,,,"Same-data, subset, version, mirror, component, replacement, extension, derivation, and documented cohort-overlap links to other catalog records.",EyeDataHub authors
thoct1800,THOCT1800 Retinal OCT Dataset,oct,0.5.0,2026-08-02,2026-08-02,https://github.com/SJD095/OCT-Segmentation,checked_against_cited_source,no_documented_catalog_relationship_identified,0,,,0,,,,,"Same-data, subset, version, mirror, component, replacement, extension, derivation, and documented cohort-overlap links to other catalog records.",EyeDataHub authors
thyroid_ophthalmopathy_external,Thyroid Ophthalmopathy External Ocular Images,external_eye,0.5.0,2026-08-02,2026-08-02,https://data.mendeley.com/datasets/z7ys7r4bdn/2,checked_against_cited_source,no_documented_catalog_relationship_identified,0,,,0,,,,,"Same-data, subset, version, mirror, component, replacement, extension, derivation, and documented cohort-overlap links to other catalog records.",EyeDataHub authors
tian_oct,Tian OCTRIMA 3D OCT Layer Segmentation Dataset,oct,0.5.0,2026-08-02,2026-08-02,https://doi.org/10.1371/journal.pone.0133908.s002,checked_against_cited_source,no_documented_catalog_relationship_identified,0,,,0,,,,,"Same-data, subset, version, mirror, component, replacement, extension, derivation, and documented cohort-overlap links to other catalog records.",EyeDataHub authors
tom500,TOM500: Multi-Organ Annotated Orbital MRI Dataset for Thyroid Eye Disease,multimodal,0.5.0,2026-08-02,2026-08-02,https://doi.org/10.6084/m9.figshare.27133389.v1,checked_against_cited_source,no_documented_catalog_relationship_identified,0,,,0,,,,,"Same-data, subset, version, mirror, component, replacement, extension, derivation, and documented cohort-overlap links to other catalog records.",EyeDataHub authors
toxofundus,ToxoFundus: Ocular Toxoplasmosis Fundus Dataset,fundus,0.5.0,2026-08-02,2026-08-02,https://www.kaggle.com/datasets/nafin59/ocular-toxoplasmosis-fundus-images-dataset,checked_against_cited_source,no_documented_catalog_relationship_identified,0,,,0,,,,,"Same-data, subset, version, mirror, component, replacement, extension, derivation, and documented cohort-overlap links to other catalog records.",EyeDataHub authors
trend2_fundus,TREND2 Chronic Disease Portable Fundus Dataset,fundus,0.5.0,2026-08-02,2026-08-02,https://zenodo.org/records/7678656,checked_against_cited_source,confirmed_catalog_relationship,1,extension_of,trend_fundus,0,,https://zenodo.org/records/7678656,TREND project relationship without documented sample overlap,,"Same-data, subset, version, mirror, component, replacement, extension, derivation, and documented cohort-overlap links to other catalog records.",EyeDataHub authors
trend_fundus,TREND Portable Fundus Microvascular Network Dataset,fundus,0.5.0,2026-08-02,2026-08-02,https://zenodo.org/records/4521044,checked_against_cited_source,confirmed_catalog_relationship,0,,,1,trend2_fundus,https://zenodo.org/records/7678656,,,"Same-data, subset, version, mirror, component, replacement, extension, derivation, and documented cohort-overlap links to other catalog records.",EyeDataHub authors
tsukazaki_uwf,Tsukazaki Hospital UWF Fundus Dataset,uwf_fundus,0.5.0,2026-08-02,2026-08-02,https://github.com/DateCazuki/Fundus_Diagnosis,checked_against_cited_source,no_documented_catalog_relationship_identified,0,,,0,,,,,"Same-data, subset, version, mirror, component, replacement, extension, derivation, and documented cohort-overlap links to other catalog records.",EyeDataHub authors
tunisian_retinal_oct_multidisease,Tunisian Retinal OCT Multi-Disease Dataset,oct,0.5.0,2026-08-02,2026-08-02,https://doi.org/10.6084/m9.figshare.31385596.v3,checked_against_official_repository,no_documented_catalog_relationship_identified,0,,,0,,,,,"Same-data, subset, version, mirror, component, replacement, extension, derivation, and documented cohort-overlap links to other catalog records.",EyeDataHub authors
ubiris_v2,UBIRIS.v2 Noisy Visible-Wavelength Iris Database,iris_biometrics,0.5.0,2026-08-02,2026-08-02,https://iris.di.ubi.pt/index.html,checked_against_cited_source,external_or_unresolved_relationship_only,0,,,0,,,UBIRIS.v1,,"Same-data, subset, version, mirror, component, replacement, extension, derivation, and documented cohort-overlap links to other catalog records.",EyeDataHub authors
umn_parhi_oct,UMN Parhi Lab AMD OCT Fluid Segmentation Dataset,oct,0.5.0,2026-08-02,2026-08-02,http://people.ece.umn.edu/users/parhi/.DATA/OCT/DME/UMNDataset.mat,checked_against_cited_source,no_documented_catalog_relationship_identified,0,,,0,,,,,"Same-data, subset, version, mirror, component, replacement, extension, derivation, and documented cohort-overlap links to other catalog records.",EyeDataHub authors
ut_fsocta,UTHealth Fundus and Synthetic OCTA Dataset,multimodal,0.5.0,2026-08-02,2026-08-02,https://zenodo.org/records/6476639,checked_against_cited_source,no_documented_catalog_relationship_identified,0,,,0,,,,UT-FSOCTA uses the ROSE algorithm for processing; it does not state that ROSE dataset images were reused.,"Same-data, subset, version, mirror, component, replacement, extension, derivation, and documented cohort-overlap links to other catalog records.",EyeDataHub authors
uveitis_smote,Image Dataset on Eye Diseases Classification with Symptoms and SMOTE Validation,multimodal,0.5.0,2026-08-02,2026-08-02,https://data.mendeley.com/datasets/n9zp473wfw/2,checked_against_cited_source,no_documented_catalog_relationship_identified,0,,,0,,,,,"Same-data, subset, version, mirror, component, replacement, extension, derivation, and documented cohort-overlap links to other catalog records.",EyeDataHub authors
uwf_dr,UWF DR Reasoning Dataset,uwf_fundus,0.5.0,2026-08-02,2026-08-02,https://drive.google.com/drive/folders/1wOqM-O_amSwMdli4OlFnGpf4hslPgDNu,checked_against_cited_source,no_documented_catalog_relationship_identified,0,,,0,,,,,"Same-data, subset, version, mirror, component, replacement, extension, derivation, and documented cohort-overlap links to other catalog records.",EyeDataHub authors
uwf_dr_peng,"UWF Fundus DR Dataset (Peng et al., 2026)",uwf_fundus,0.5.0,2026-08-02,2026-08-02,https://doi.org/10.6084/m9.figshare.31259494,checked_against_cited_source,no_documented_catalog_relationship_identified,0,,,0,,,,,"Same-data, subset, version, mirror, component, replacement, extension, derivation, and documented cohort-overlap links to other catalog records.",EyeDataHub authors
uwf_tumor,UWF Fundus Intraocular Tumor Dataset,uwf_fundus,0.5.0,2026-08-02,2026-08-02,https://doi.org/10.6084/m9.figshare.27986258,checked_against_cited_source,no_documented_catalog_relationship_identified,0,,,0,,,,,"Same-data, subset, version, mirror, component, replacement, extension, derivation, and documented cohort-overlap links to other catalog records.",EyeDataHub authors
uwf_zhejiang,Open UWF Fundus Dataset with Disease + Quality Labels,uwf_fundus,0.5.0,2026-08-02,2026-08-02,https://doi.org/10.6084/m9.figshare.26936446,checked_against_cited_source,no_documented_catalog_relationship_identified,0,,,0,,,,,"Same-data, subset, version, mirror, component, replacement, extension, derivation, and documented cohort-overlap links to other catalog records.",EyeDataHub authors
uwhvf,UWHVF: University of Washington Humphrey Visual Field,visual_field,0.5.0,2026-08-02,2026-08-02,https://github.com/uw-biomedical-ml/uwhvf/archive/refs/heads/master.zip,checked_against_cited_source,no_documented_catalog_relationship_identified,0,,,0,,,,,"Same-data, subset, version, mirror, component, replacement, extension, derivation, and documented cohort-overlap links to other catalog records.",EyeDataHub authors
vietai_retinal_disease,VietAI Retinal Disease Detection 2020,fundus,0.5.0,2026-08-02,2026-08-02,https://www.kaggle.com/competitions/vietai-advance-retinal-disease-detection-2020/data,checked_against_cited_source,confirmed_catalog_relationship,0,,,1,multieye,https://arxiv.org/abs/2412.09402,,,"Same-data, subset, version, mirror, component, replacement, extension, derivation, and documented cohort-overlap links to other catalog records.",EyeDataHub authors
visual_field_test_perception,Visual Field Test Perception Dataset,visual_field,0.5.0,2026-08-02,2026-08-02,https://doi.org/10.6084/m9.figshare.12443594.v2,checked_against_official_repository,no_documented_catalog_relationship_identified,0,,,0,,,,,"Same-data, subset, version, mirror, component, replacement, extension, derivation, and documented cohort-overlap links to other catalog records.",EyeDataHub authors
visual_field_testing_experiment,Visual Field Testing Experiment,visual_field,0.5.0,2026-08-02,2026-08-02,https://www.kaggle.com/datasets/shozosaeki/visual-field-testing-experiment,checked_against_cited_source,no_documented_catalog_relationship_identified,0,,,0,,,,,"Same-data, subset, version, mirror, component, replacement, extension, derivation, and documented cohort-overlap links to other catalog records.",EyeDataHub authors
x_pcr,X-PCR Ophthalmology Progressive Clinical Reasoning Benchmark,multimodal,0.5.0,2026-08-02,2026-08-02,https://huggingface.co/datasets/Fantasy666/X-PCR,checked_against_cited_source,confirmed_catalog_relationship,14,derived_from,aptos2019|beh|deepdrid|eye_disease_image_mendeley|eyepacs|harvard_gdp|jsiec|kermany_oct|mured|oct_c8|octid|odir2019|oimhs|rfmid2,0,,https://huggingface.co/datasets/Fantasy666/X-PCR/tree/06a318fd852230326386e3c6514d8a11b7a6b4af,APTOS FFA 2023|EyesPhotos|RetCam source labeled images|Retina (ambiguous source label),The source label APTOS FFA 2023 is distinct from APTOS2019; only the separately labeled APTOS2019 rows are mapped to aptos2019.,"Same-data, subset, version, mirror, component, replacement, extension, derivation, and documented cohort-overlap links to other catalog records.",EyeDataHub authors
