record_id,canonical_name,primary_category,modalities,catalog_version,catalog_search_cutoff,quantity_review_date,official_source_url,primary_quantity_status,primary_count,primary_unit,primary_scope,primary_exactness,primary_evidence_basis,primary_evidence_url,reported_quantity_count,additional_quantity_count,reported_quantities_json,counting_note
acrima,ACRIMA: Glaucoma Optic Disc Fundus Database,fundus,fundus,0.5.0,2026-08-02,2026-08-02,https://figshare.com/s/c2d31f850af14c5b5232,primary_quantity_resolved,705,images,Primary quantity reported in the reviewed catalog source,not_assessed,legacy_catalog_field,https://figshare.com/s/c2d31f850af14c5b5232,1,0,"[{""count"": 705, ""evidence_basis"": ""legacy_catalog_field"", ""evidence_url"": ""https://figshare.com/s/c2d31f850af14c5b5232"", ""exactness"": ""not_assessed"", ""notes"": """", ""primary"": true, ""review_date"": ""2026-08-01"", ""scope"": ""Primary quantity reported in the reviewed catalog source"", ""unit"": ""images""}]",Quantities with different units are not interchangeable. Related records and derivative components may overlap.
adam_challenge,ADAM — Automatic Detection of AMD Challenge,fundus,fundus,0.5.0,2026-08-02,2026-08-02,https://drive.google.com/file/d/1Uz5x0aqXb0aecjzNWQ4522oCxaRDZxBt/view,primary_quantity_resolved,1200,images,Primary quantity reported in the reviewed catalog source,not_assessed,legacy_catalog_field,https://drive.google.com/file/d/1Uz5x0aqXb0aecjzNWQ4522oCxaRDZxBt/view,1,0,"[{""count"": 1200, ""evidence_basis"": ""legacy_catalog_field"", ""evidence_url"": ""https://drive.google.com/file/d/1Uz5x0aqXb0aecjzNWQ4522oCxaRDZxBt/view"", ""exactness"": ""not_assessed"", ""notes"": """", ""primary"": true, ""review_date"": ""2026-08-01"", ""scope"": ""Primary quantity reported in the reviewed catalog source"", ""unit"": ""images""}]",Quantities with different units are not interchangeable. Related records and derivative components may overlap.
afio_fundus_vessels,AFIO Fundus Images for Vessel Segmentation and Disease Annotation,fundus,fundus,0.5.0,2026-08-02,2026-08-02,https://data.mendeley.com/datasets/3csr652p9y/2,primary_quantity_resolved,100,images,Primary quantity reported in the reviewed catalog source,not_assessed,legacy_catalog_field,https://data.mendeley.com/datasets/3csr652p9y/2,1,0,"[{""count"": 100, ""evidence_basis"": ""legacy_catalog_field"", ""evidence_url"": ""https://data.mendeley.com/datasets/3csr652p9y/2"", ""exactness"": ""not_assessed"", ""notes"": """", ""primary"": true, ""review_date"": ""2026-08-01"", ""scope"": ""Primary quantity reported in the reviewed catalog source"", ""unit"": ""images""}]",Quantities with different units are not interchangeable. Related records and derivative components may overlap.
agar300,AGAR300 Microaneurysm Fundus Image Dataset,fundus,fundus,0.5.0,2026-08-02,2026-08-02,https://ieee-dataport.org/open-access/diabetic-retinopathy-fundus-image-datasetagar300,primary_quantity_resolved,28,images,Primary quantity reported in the reviewed catalog source,not_assessed,legacy_catalog_field,https://ieee-dataport.org/open-access/diabetic-retinopathy-fundus-image-datasetagar300,1,0,"[{""count"": 28, ""evidence_basis"": ""legacy_catalog_field"", ""evidence_url"": ""https://ieee-dataport.org/open-access/diabetic-retinopathy-fundus-image-datasetagar300"", ""exactness"": ""not_assessed"", ""notes"": """", ""primary"": true, ""review_date"": ""2026-08-01"", ""scope"": ""Primary quantity reported in the reviewed catalog source"", ""unit"": ""images""}]",Quantities with different units are not interchangeable. Related records and derivative components may overlap.
age_challenge,AGE — Angle-Closure Glaucoma Evaluation Challenge (AS-OCT),oct,oct,0.5.0,2026-08-02,2026-08-02,https://drive.google.com/file/d/1Qlkqj74SW8DJRKdYL_-ApC_0H5Z7uyvr/view,primary_quantity_resolved,4800,images,Primary quantity reported in the reviewed catalog source,not_assessed,legacy_catalog_field,https://drive.google.com/file/d/1Qlkqj74SW8DJRKdYL_-ApC_0H5Z7uyvr/view,1,0,"[{""count"": 4800, ""evidence_basis"": ""legacy_catalog_field"", ""evidence_url"": ""https://drive.google.com/file/d/1Qlkqj74SW8DJRKdYL_-ApC_0H5Z7uyvr/view"", ""exactness"": ""not_assessed"", ""notes"": """", ""primary"": true, ""review_date"": ""2026-08-01"", ""scope"": ""Primary quantity reported in the reviewed catalog source"", ""unit"": ""images""}]",Quantities with different units are not interchangeable. Related records and derivative components may overlap.
airogs,AIROGS: AI for Robust Glaucoma Screening,fundus,fundus,0.5.0,2026-08-02,2026-08-02,https://zenodo.org/records/5793241,primary_quantity_resolved,113893,images,Primary quantity reported in the reviewed catalog source,not_assessed,legacy_catalog_field,https://zenodo.org/records/5793241,1,0,"[{""count"": 113893, ""evidence_basis"": ""legacy_catalog_field"", ""evidence_url"": ""https://zenodo.org/records/5793241"", ""exactness"": ""not_assessed"", ""notes"": """", ""primary"": true, ""review_date"": ""2026-08-01"", ""scope"": ""Primary quantity reported in the reviewed catalog source"", ""unit"": ""images""}]",Quantities with different units are not interchangeable. Related records and derivative components may overlap.
amd_dme_3d_oct,Comprehensive 3D OCT Dataset for AMD and DME,oct,oct,0.5.0,2026-08-02,2026-08-02,https://doi.org/10.6084/m9.figshare.30582035.v1,primary_quantity_resolved,224,volumes,Primary quantity reported in the reviewed catalog source,not_assessed,legacy_catalog_field,https://doi.org/10.6084/m9.figshare.30582035.v1,1,0,"[{""count"": 224, ""evidence_basis"": ""legacy_catalog_field"", ""evidence_url"": ""https://doi.org/10.6084/m9.figshare.30582035.v1"", ""exactness"": ""not_assessed"", ""notes"": """", ""primary"": true, ""review_date"": ""2026-08-01"", ""scope"": ""Primary quantity reported in the reviewed catalog source"", ""unit"": ""volumes""}]",Quantities with different units are not interchangeable. Related records and derivative components may overlap.
amd_sd,AMD-SD: OCT Wet AMD Lesion Segmentation Dataset,oct,oct,0.5.0,2026-08-02,2026-08-02,https://www.kaggle.com/datasets/gaoweihao/amd-sd,primary_quantity_resolved,3049,images,Primary quantity reported in the reviewed catalog source,not_assessed,legacy_catalog_field,https://www.kaggle.com/datasets/gaoweihao/amd-sd,1,0,"[{""count"": 3049, ""evidence_basis"": ""legacy_catalog_field"", ""evidence_url"": ""https://www.kaggle.com/datasets/gaoweihao/amd-sd"", ""exactness"": ""not_assessed"", ""notes"": """", ""primary"": true, ""review_date"": ""2026-08-01"", ""scope"": ""Primary quantity reported in the reviewed catalog source"", ""unit"": ""images""}]",Quantities with different units are not interchangeable. Related records and derivative components may overlap.
amdnet23,AMDNet23 Fundus Image Dataset for AMD Detection,fundus,fundus,0.5.0,2026-08-02,2026-08-02,https://data.mendeley.com/datasets/yj35kjgrv3/1,primary_quantity_resolved,2000,images,Primary quantity reported in the reviewed catalog source,not_assessed,legacy_catalog_field,https://data.mendeley.com/datasets/yj35kjgrv3/1,1,0,"[{""count"": 2000, ""evidence_basis"": ""legacy_catalog_field"", ""evidence_url"": ""https://data.mendeley.com/datasets/yj35kjgrv3/1"", ""exactness"": ""not_assessed"", ""notes"": """", ""primary"": true, ""review_date"": ""2026-08-01"", ""scope"": ""Primary quantity reported in the reviewed catalog source"", ""unit"": ""images""}]",Quantities with different units are not interchangeable. Related records and derivative components may overlap.
angioreport,AngioReport Fundus Angiography Report Dataset,multimodal,fundus|fundus_angiography|text,0.5.0,2026-08-02,2026-08-02,https://tianchi.aliyun.com/dataset/170128,primary_quantity_resolved,55361,images,Primary quantity reported in the reviewed catalog source,not_assessed,legacy_catalog_field,https://tianchi.aliyun.com/dataset/170128,1,0,"[{""count"": 55361, ""evidence_basis"": ""legacy_catalog_field"", ""evidence_url"": ""https://tianchi.aliyun.com/dataset/170128"", ""exactness"": ""not_assessed"", ""notes"": """", ""primary"": true, ""review_date"": ""2026-08-01"", ""scope"": ""Primary quantity reported in the reviewed catalog source"", ""unit"": ""images""}]",Quantities with different units are not interchangeable. Related records and derivative components may overlap.
anterior_segment_smile,Anterior Segment Parameters After SMILE Surgery,tabular,tabular,0.5.0,2026-08-02,2026-08-02,https://data.mendeley.com/datasets/vkdxsnhkrm/1,primary_quantity_resolved,69,eyes,Source-described cohort: 69 eyes from 35 participants,exact,associated_publication,https://doi.org/10.21203/rs.3.rs-8639765/v1,2,1,"[{""count"": 69, ""evidence_basis"": ""associated_publication"", ""evidence_url"": ""https://doi.org/10.21203/rs.3.rs-8639765/v1"", ""exactness"": ""exact"", ""notes"": ""The current Mendeley v1 deposit does not expose an enumerable row count."", ""primary"": true, ""review_date"": ""2026-08-01"", ""scope"": ""Source-described cohort: 69 eyes from 35 participants"", ""unit"": ""eyes""}, {""count"": 35, ""evidence_basis"": ""associated_publication"", ""evidence_url"": ""https://doi.org/10.21203/rs.3.rs-8639765/v1"", ""exactness"": ""exact"", ""notes"": """", ""primary"": false, ""review_date"": ""2026-08-01"", ""scope"": ""Source-described cohort"", ""unit"": ""participants""}]",Quantities with different units are not interchangeable. Related records and derivative components may overlap.
anterior_uveitis_corneal_endothelium,Anterior Uveitis Corneal Endothelium Dataset,tabular,tabular,0.5.0,2026-08-02,2026-08-02,https://doi.org/10.6084/m9.figshare.32054064.v1,primary_quantity_unresolved,,,,,,,0,0,[],Quantities with different units are not interchangeable. Related records and derivative components may overlap.
aod,AOD: Augmented Ocular Diseases Dataset,fundus,fundus,0.5.0,2026-08-02,2026-08-02,https://www.kaggle.com/datasets/nurmukhammed7/augemnted-ocular-diseases,primary_quantity_resolved,14813,images,Primary quantity reported in the reviewed catalog source,not_assessed,legacy_catalog_field,https://www.kaggle.com/datasets/nurmukhammed7/augemnted-ocular-diseases,1,0,"[{""count"": 14813, ""evidence_basis"": ""legacy_catalog_field"", ""evidence_url"": ""https://www.kaggle.com/datasets/nurmukhammed7/augemnted-ocular-diseases"", ""exactness"": ""not_assessed"", ""notes"": """", ""primary"": true, ""review_date"": ""2026-08-01"", ""scope"": ""Primary quantity reported in the reviewed catalog source"", ""unit"": ""images""}]",Quantities with different units are not interchangeable. Related records and derivative components may overlap.
aptos2019,APTOS 2019 Blindness Detection,fundus,fundus,0.5.0,2026-08-02,2026-08-02,https://www.kaggle.com/c/aptos2019-blindness-detection,primary_quantity_resolved,3662,images,Primary quantity reported in the reviewed catalog source,not_assessed,legacy_catalog_field,https://www.kaggle.com/c/aptos2019-blindness-detection,1,0,"[{""count"": 3662, ""evidence_basis"": ""legacy_catalog_field"", ""evidence_url"": ""https://www.kaggle.com/c/aptos2019-blindness-detection"", ""exactness"": ""not_assessed"", ""notes"": """", ""primary"": true, ""review_date"": ""2026-08-01"", ""scope"": ""Primary quantity reported in the reviewed catalog source"", ""unit"": ""images""}]",Quantities with different units are not interchangeable. Related records and derivative components may overlap.
aptos_arcade_onh_masks,APTOS Vascular Arcade and Optic Nerve Head Masks,fundus,fundus,0.5.0,2026-08-02,2026-08-02,https://zenodo.org/records/20711325,primary_quantity_resolved,500,images,Primary quantity reported in the reviewed catalog source,not_assessed,legacy_catalog_field,https://zenodo.org/records/20711325,1,0,"[{""count"": 500, ""evidence_basis"": ""legacy_catalog_field"", ""evidence_url"": ""https://zenodo.org/records/20711325"", ""exactness"": ""not_assessed"", ""notes"": """", ""primary"": true, ""review_date"": ""2026-08-01"", ""scope"": ""Primary quantity reported in the reviewed catalog source"", ""unit"": ""images""}]",Quantities with different units are not interchangeable. Related records and derivative components may overlap.
aqp4_optic_neuritis_oct_layers,AQP4 Optic Neuritis OCT Layers Dataset,oct,oct,0.5.0,2026-08-02,2026-08-02,https://doi.org/10.6084/m9.figshare.3209908.v1,primary_quantity_unresolved,,,,,,,0,0,[],Quantities with different units are not interchangeable. Related records and derivative components may overlap.
aroi,AROI: Annotated Retinal OCT Images Database,oct,oct,0.5.0,2026-08-02,2026-08-02,https://drive.google.com/file/d/10Ys4xsw81evjHewZEvqHy4Kri0my8C2S/view,primary_quantity_resolved,1136,images,Primary quantity reported in the reviewed catalog source,not_assessed,legacy_catalog_field,https://drive.google.com/file/d/10Ys4xsw81evjHewZEvqHy4Kri0my8C2S/view,1,0,"[{""count"": 1136, ""evidence_basis"": ""legacy_catalog_field"", ""evidence_url"": ""https://drive.google.com/file/d/10Ys4xsw81evjHewZEvqHy4Kri0my8C2S/view"", ""exactness"": ""not_assessed"", ""notes"": """", ""primary"": true, ""review_date"": ""2026-08-01"", ""scope"": ""Primary quantity reported in the reviewed catalog source"", ""unit"": ""images""}]",Quantities with different units are not interchangeable. Related records and derivative components may overlap.
aroma_octa,AROMA Retinal OCTA Artifact Dataset,octa,octa,0.5.0,2026-08-02,2026-08-02,https://doi.org/10.5281/zenodo.18258095,primary_quantity_resolved,281,images,Primary quantity reported in the reviewed catalog source,not_assessed,legacy_catalog_field,https://doi.org/10.5281/zenodo.18258095,1,0,"[{""count"": 281, ""evidence_basis"": ""legacy_catalog_field"", ""evidence_url"": ""https://doi.org/10.5281/zenodo.18258095"", ""exactness"": ""not_assessed"", ""notes"": """", ""primary"": true, ""review_date"": ""2026-08-01"", ""scope"": ""Primary quantity reported in the reviewed catalog source"", ""unit"": ""images""}]",Quantities with different units are not interchangeable. Related records and derivative components may overlap.
as_oct_keratitis,AS-OCT Keratitis Segmentation Dataset,oct,oct,0.5.0,2026-08-02,2026-08-02,https://doi.org/10.6084/m9.figshare.c.7036994.v1,primary_quantity_resolved,1168,images,Primary quantity reported in the reviewed catalog source,not_assessed,legacy_catalog_field,https://doi.org/10.6084/m9.figshare.c.7036994.v1,1,0,"[{""count"": 1168, ""evidence_basis"": ""legacy_catalog_field"", ""evidence_url"": ""https://doi.org/10.6084/m9.figshare.c.7036994.v1"", ""exactness"": ""not_assessed"", ""notes"": """", ""primary"": true, ""review_date"": ""2026-08-01"", ""scope"": ""Primary quantity reported in the reviewed catalog source"", ""unit"": ""images""}]",Quantities with different units are not interchangeable. Related records and derivative components may overlap.
asd_eye_tracking,Autism Spectrum Disorder Eye-Tracking Dataset,eye_tracking,eye_tracking,0.5.0,2026-08-02,2026-08-02,https://doi.org/10.6084/m9.figshare.20113592.v1,primary_quantity_unresolved,,,,,,,0,0,[],Quantities with different units are not interchangeable. Related records and derivative components may overlap.
bajwa_multi_eye,Bajwa Hospital Multi Eye Disease Dataset,fundus,fundus,0.5.0,2026-08-02,2026-08-02,https://data.mendeley.com/datasets/rgwpd4m785/3,primary_quantity_resolved,300,images,Four-class image collection,exact,official_source_description,https://data.mendeley.com/datasets/rgwpd4m785/3,1,0,"[{""count"": 300, ""evidence_basis"": ""official_source_description"", ""evidence_url"": ""https://data.mendeley.com/datasets/rgwpd4m785/3"", ""exactness"": ""exact"", ""notes"": """", ""primary"": true, ""review_date"": ""2026-08-01"", ""scope"": ""Four-class image collection"", ""unit"": ""images""}]",Quantities with different units are not interchangeable. Related records and derivative components may overlap.
beh,BEH: Bangladesh Eye Hospital Glaucoma Dataset,fundus,fundus,0.5.0,2026-08-02,2026-08-02,https://drive.google.com/file/d/1YdZm-sioiAbTdBRy4oej1q6tZL8Baft7,primary_quantity_resolved,634,images,Primary quantity reported in the reviewed catalog source,not_assessed,legacy_catalog_field,https://drive.google.com/file/d/1YdZm-sioiAbTdBRy4oej1q6tZL8Baft7,1,0,"[{""count"": 634, ""evidence_basis"": ""legacy_catalog_field"", ""evidence_url"": ""https://drive.google.com/file/d/1YdZm-sioiAbTdBRy4oej1q6tZL8Baft7"", ""exactness"": ""not_assessed"", ""notes"": """", ""primary"": true, ""review_date"": ""2026-08-01"", ""scope"": ""Primary quantity reported in the reviewed catalog source"", ""unit"": ""images""}]",Quantities with different units are not interchangeable. Related records and derivative components may overlap.
belo,BELO Benchmark for Evaluating Language Models in Ophthalmology,text,text,0.5.0,2026-08-02,2026-08-02,https://belo-dataset.vercel.app/,primary_quantity_resolved,900,questions,Held-out multiple-choice benchmark,exact,official_source_description,https://belo-dataset.vercel.app/,1,0,"[{""count"": 900, ""evidence_basis"": ""official_source_description"", ""evidence_url"": ""https://belo-dataset.vercel.app/"", ""exactness"": ""exact"", ""notes"": """", ""primary"": true, ""review_date"": ""2026-08-01"", ""scope"": ""Held-out multiple-choice benchmark"", ""unit"": ""questions""}]",Quantities with different units are not interchangeable. Related records and derivative components may overlap.
bidr,BiDR: Diabetic Retinopathy Diagnosis Dataset,fundus,fundus,0.5.0,2026-08-02,2026-08-02,https://www.kaggle.com/datasets/pkdarabi/diagnosis-of-diabetic-retinopathy,primary_quantity_resolved,35126,images,Primary quantity reported in the reviewed catalog source,not_assessed,legacy_catalog_field,https://www.kaggle.com/datasets/pkdarabi/diagnosis-of-diabetic-retinopathy,1,0,"[{""count"": 35126, ""evidence_basis"": ""legacy_catalog_field"", ""evidence_url"": ""https://www.kaggle.com/datasets/pkdarabi/diagnosis-of-diabetic-retinopathy"", ""exactness"": ""not_assessed"", ""notes"": """", ""primary"": true, ""review_date"": ""2026-08-01"", ""scope"": ""Primary quantity reported in the reviewed catalog source"", ""unit"": ""images""}]",Quantities with different units are not interchangeable. Related records and derivative components may overlap.
binocular_fundus_images,Binocular Fundus Image Dataset,fundus,fundus,0.5.0,2026-08-02,2026-08-02,https://doi.org/10.6084/m9.figshare.31981557.v1,primary_quantity_resolved,2885,image_pairs,"Source reports 2,885 paired binocular fundus samples.",exact,official_source_description,https://doi.org/10.6084/m9.figshare.31981557.v1,1,0,"[{""count"": 2885, ""evidence_basis"": ""official_source_description"", ""evidence_url"": ""https://doi.org/10.6084/m9.figshare.31981557.v1"", ""exactness"": ""exact"", ""notes"": ""Source-stated quantity; repository file count is separate."", ""primary"": true, ""review_date"": ""2026-08-02"", ""scope"": ""Source reports 2,885 paired binocular fundus samples."", ""unit"": ""image_pairs""}]",Quantities with different units are not interchangeable. Related records and derivative components may overlap.
birdshot_wide,Birdshot-WIDE Widefield Fundus Dataset,uwf_fundus,uwf_fundus,0.5.0,2026-08-02,2026-08-02,https://doi.org/10.5281/zenodo.19474623,primary_quantity_resolved,6352,images,Primary quantity reported in the reviewed catalog source,not_assessed,legacy_catalog_field,https://doi.org/10.5281/zenodo.19474623,1,0,"[{""count"": 6352, ""evidence_basis"": ""legacy_catalog_field"", ""evidence_url"": ""https://doi.org/10.5281/zenodo.19474623"", ""exactness"": ""not_assessed"", ""notes"": """", ""primary"": true, ""review_date"": ""2026-08-01"", ""scope"": ""Primary quantity reported in the reviewed catalog source"", ""unit"": ""images""}]",Quantities with different units are not interchangeable. Related records and derivative components may overlap.
bmrd,Bangladesh Multi-Disease Retinal Dataset,fundus,fundus,0.5.0,2026-08-02,2026-08-02,https://data.mendeley.com/datasets/959whsbc6v/1,primary_quantity_resolved,1786,images,Primary quantity reported in the reviewed catalog source,not_assessed,legacy_catalog_field,https://data.mendeley.com/datasets/959whsbc6v/1,1,0,"[{""count"": 1786, ""evidence_basis"": ""legacy_catalog_field"", ""evidence_url"": ""https://data.mendeley.com/datasets/959whsbc6v/1"", ""exactness"": ""not_assessed"", ""notes"": """", ""primary"": true, ""review_date"": ""2026-08-01"", ""scope"": ""Primary quantity reported in the reviewed catalog source"", ""unit"": ""images""}]",Quantities with different units are not interchangeable. Related records and derivative components may overlap.
brasil_glaucoma_brg,Brazil Glaucoma (BrG) Dataset,fundus,fundus,0.5.0,2026-08-02,2026-08-02,https://www.kaggle.com/datasets/clerimar/brasil-glaucoma-brg,primary_quantity_resolved,2000,images,"Source article reports 2,000 fundus images from 1,000 volunteers.",exact,official_source_description,https://www.kaggle.com/datasets/clerimar/brasil-glaucoma-brg,1,0,"[{""count"": 2000, ""evidence_basis"": ""official_source_description"", ""evidence_url"": ""https://www.kaggle.com/datasets/clerimar/brasil-glaucoma-brg"", ""exactness"": ""exact"", ""notes"": ""Source-stated quantity; repository file count is separate."", ""primary"": true, ""review_date"": ""2026-08-02"", ""scope"": ""Source article reports 2,000 fundus images from 1,000 volunteers."", ""unit"": ""images""}]",Quantities with different units are not interchangeable. Related records and derivative components may overlap.
brset,BRSET: Brazilian Multilabel Ophthalmological Dataset,fundus,fundus,0.5.0,2026-08-02,2026-08-02,https://physionet.org/content/brazilian-ophthalmological/1.0.1/,primary_quantity_resolved,16266,images,Primary quantity reported in the reviewed catalog source,not_assessed,legacy_catalog_field,https://physionet.org/content/brazilian-ophthalmological/1.0.1/,1,0,"[{""count"": 16266, ""evidence_basis"": ""legacy_catalog_field"", ""evidence_url"": ""https://physionet.org/content/brazilian-ophthalmological/1.0.1/"", ""exactness"": ""not_assessed"", ""notes"": """", ""primary"": true, ""review_date"": ""2026-08-01"", ""scope"": ""Primary quantity reported in the reviewed catalog source"", ""unit"": ""images""}]",Quantities with different units are not interchangeable. Related records and derivative components may overlap.
brset_mbrset_embeddings,Embedding-Based Representations for BRSET and mBRSET,tabular,tabular,0.5.0,2026-08-02,2026-08-02,https://physionet.org/content/embedding-brset-mbrset/1.0.0/,primary_quantity_resolved,53188,embedding_vectors,Rows across six model-specific CSV files,exact,derived_from_reported_components,https://physionet.org/content/embedding-brset-mbrset/1.0.0/,2,1,"[{""count"": 53188, ""evidence_basis"": ""derived_from_reported_components"", ""evidence_url"": ""https://physionet.org/content/embedding-brset-mbrset/1.0.0/"", ""exactness"": ""exact"", ""notes"": ""Two BRSET files contain 16,266 rows each and four mBRSET files contain 5,164 rows each."", ""primary"": true, ""review_date"": ""2026-08-01"", ""scope"": ""Rows across six model-specific CSV files"", ""unit"": ""embedding_vectors""}, {""count"": 21430, ""evidence_basis"": ""derived_from_reported_components"", ""evidence_url"": ""https://physionet.org/content/embedding-brset-mbrset/1.0.0/"", ""exactness"": ""exact"", ""notes"": ""This is 16,266 BRSET plus 5,164 mBRSET images; it is not a new image cohort."", ""primary"": false, ""review_date"": ""2026-08-01"", ""scope"": ""Distinct parent images represented by at least one embedding"", ""unit"": ""images""}]",Quantities with different units are not interchangeable. Related records and derivative components may overlap.
cadis,CaDIS: Cataract Dataset for Image Segmentation,surgical_video,surgical_video,0.5.0,2026-08-02,2026-08-02,https://cataracts-semantic-segmentation2020.grand-challenge.org/,primary_quantity_resolved,4670,images,Primary quantity reported in the reviewed catalog source,not_assessed,legacy_catalog_field,https://cataracts-semantic-segmentation2020.grand-challenge.org/,1,0,"[{""count"": 4670, ""evidence_basis"": ""legacy_catalog_field"", ""evidence_url"": ""https://cataracts-semantic-segmentation2020.grand-challenge.org/"", ""exactness"": ""not_assessed"", ""notes"": """", ""primary"": true, ""review_date"": ""2026-08-01"", ""scope"": ""Primary quantity reported in the reviewed catalog source"", ""unit"": ""images""}]",Quantities with different units are not interchangeable. Related records and derivative components may overlap.
casia2_as_oct_repeatability,CASIA2 Anterior-Segment OCT Repeatability Dataset,corneal_topography,corneal_topography|as_oct,0.5.0,2026-08-02,2026-08-02,https://doi.org/10.6084/m9.figshare.29302664.v1,primary_quantity_unresolved,,,,,,,0,0,[],Quantities with different units are not interchangeable. Related records and derivative components may overlap.
casia2_keratometric_astigmatism,CASIA2 Keratometric Astigmatism Dataset,corneal_topography,corneal_topography|as_oct,0.5.0,2026-08-02,2026-08-02,https://doi.org/10.6084/m9.figshare.26395018.v1,primary_quantity_unresolved,,,,,,,0,0,[],Quantities with different units are not interchangeable. Related records and derivative components may overlap.
casia_iris_v4,CASIA-IrisV4 Iris Image Database,iris_biometrics,iris_biometrics,0.5.0,2026-08-02,2026-08-02,https://hycasia.github.io/dataset/casia-irisv4/,primary_quantity_resolved,54601,images,Six CASIA-IrisV4 subsets,exact,official_source_description,https://hycasia.github.io/dataset/casia-irisv4/,1,0,"[{""count"": 54601, ""evidence_basis"": ""official_source_description"", ""evidence_url"": ""https://hycasia.github.io/dataset/casia-irisv4/"", ""exactness"": ""exact"", ""notes"": """", ""primary"": true, ""review_date"": ""2026-08-01"", ""scope"": ""Six CASIA-IrisV4 subsets"", ""unit"": ""images""}]",Quantities with different units are not interchangeable. Related records and derivative components may overlap.
cataract,Cataract Fundus Classification Dataset,fundus,fundus,0.5.0,2026-08-02,2026-08-02,https://www.kaggle.com/datasets/jr2ngb/cataractdataset,primary_quantity_resolved,601,images,Primary quantity reported in the reviewed catalog source,not_assessed,legacy_catalog_field,https://www.kaggle.com/datasets/jr2ngb/cataractdataset,1,0,"[{""count"": 601, ""evidence_basis"": ""legacy_catalog_field"", ""evidence_url"": ""https://www.kaggle.com/datasets/jr2ngb/cataractdataset"", ""exactness"": ""not_assessed"", ""notes"": """", ""primary"": true, ""review_date"": ""2026-08-01"", ""scope"": ""Primary quantity reported in the reviewed catalog source"", ""unit"": ""images""}]",Quantities with different units are not interchangeable. Related records and derivative components may overlap.
cataract101_extended_labels,Cataract-101 Extended Labels,surgical_video,surgical_video,0.5.0,2026-08-02,2026-08-02,https://zenodo.org/records/4984167,primary_quantity_resolved,101,videos,Cataract-101 videos receiving extended labels,exact,official_source_description,https://zenodo.org/records/4984167,1,0,"[{""count"": 101, ""evidence_basis"": ""official_source_description"", ""evidence_url"": ""https://zenodo.org/records/4984167"", ""exactness"": ""exact"", ""notes"": """", ""primary"": true, ""review_date"": ""2026-08-01"", ""scope"": ""Cataract-101 videos receiving extended labels"", ""unit"": ""videos""}]",Quantities with different units are not interchangeable. Related records and derivative components may overlap.
cataract1k,Cataract-1K: Large-Scale Cataract Surgery Video Dataset,surgical_video,surgical_video,0.5.0,2026-08-02,2026-08-02,https://www.synapse.org/#!Synapse:syn53404917,primary_quantity_resolved,1000,videos,Primary quantity reported in the reviewed catalog source,not_assessed,legacy_catalog_field,https://www.synapse.org/#!Synapse:syn53404917,1,0,"[{""count"": 1000, ""evidence_basis"": ""legacy_catalog_field"", ""evidence_url"": ""https://www.synapse.org/#!Synapse:syn53404917"", ""exactness"": ""not_assessed"", ""notes"": """", ""primary"": true, ""review_date"": ""2026-08-01"", ""scope"": ""Primary quantity reported in the reviewed catalog source"", ""unit"": ""videos""}]",Quantities with different units are not interchangeable. Related records and derivative components may overlap.
cataract_101,Cataract-101: 101 Cataract Surgery Videos with Phase Annotations,surgical_video,surgical_video,0.5.0,2026-08-02,2026-08-02,https://ftp.itec.aau.at/datasets/ovid/cat-101/,primary_quantity_resolved,101,videos,Primary quantity reported in the reviewed catalog source,not_assessed,legacy_catalog_field,https://ftp.itec.aau.at/datasets/ovid/cat-101/,1,0,"[{""count"": 101, ""evidence_basis"": ""legacy_catalog_field"", ""evidence_url"": ""https://ftp.itec.aau.at/datasets/ovid/cat-101/"", ""exactness"": ""not_assessed"", ""notes"": """", ""primary"": true, ""review_date"": ""2026-08-01"", ""scope"": ""Primary quantity reported in the reviewed catalog source"", ""unit"": ""videos""}]",Quantities with different units are not interchangeable. Related records and derivative components may overlap.
cataract_iol_biometry_outcomes,Cataract IOL Biometry and Outcomes Dataset,tabular,tabular|biometry,0.5.0,2026-08-02,2026-08-02,https://doi.org/10.6084/m9.figshare.22736687.v1,primary_quantity_unresolved,,,,,,,0,0,[],Quantities with different units are not interchangeable. Related records and derivative components may overlap.
cataract_lenstar_biometric_symmetry,Cataract LenStar Biometric Symmetry Dataset,tabular,tabular|biometry,0.5.0,2026-08-02,2026-08-02,https://doi.org/10.6084/m9.figshare.32833895.v1,primary_quantity_unresolved,,,,,,,0,0,[],Quantities with different units are not interchangeable. Related records and derivative components may overlap.
cataract_lmm,Cataract-LMM: Large-Scale Multi-Source Multi-Task Cataract Surgery Benchmark,surgical_video,surgical_video,0.5.0,2026-08-02,2026-08-02,https://huggingface.co/datasets/mjahmadi/Cataract-LMM,primary_quantity_resolved,3000,videos,Primary quantity reported in the reviewed catalog source,not_assessed,legacy_catalog_field,https://huggingface.co/datasets/mjahmadi/Cataract-LMM,1,0,"[{""count"": 3000, ""evidence_basis"": ""legacy_catalog_field"", ""evidence_url"": ""https://huggingface.co/datasets/mjahmadi/Cataract-LMM"", ""exactness"": ""not_assessed"", ""notes"": """", ""primary"": true, ""review_date"": ""2026-08-01"", ""scope"": ""Primary quantity reported in the reviewed catalog source"", ""unit"": ""videos""}]",Quantities with different units are not interchangeable. Related records and derivative components may overlap.
cataracts2017,CATARACTS 2017: Surgical Tool Detection Challenge,surgical_video,surgical_video,0.5.0,2026-08-02,2026-08-02,https://ieee-dataport.org/open-access/cataracts,primary_quantity_resolved,50,videos,Primary quantity reported in the reviewed catalog source,not_assessed,legacy_catalog_field,https://ieee-dataport.org/open-access/cataracts,1,0,"[{""count"": 50, ""evidence_basis"": ""legacy_catalog_field"", ""evidence_url"": ""https://ieee-dataport.org/open-access/cataracts"", ""exactness"": ""not_assessed"", ""notes"": """", ""primary"": true, ""review_date"": ""2026-08-01"", ""scope"": ""Primary quantity reported in the reviewed catalog source"", ""unit"": ""videos""}]",Quantities with different units are not interchangeable. Related records and derivative components may overlap.
cavri,CAVRI: Computer Analysis of VitreoRetinal Interface Dataset,oct,oct,0.5.0,2026-08-02,2026-08-02,https://dsp.put.poznan.pl/cavri_database-191/,primary_quantity_resolved,50,volumes,Primary quantity reported in the reviewed catalog source,not_assessed,legacy_catalog_field,https://dsp.put.poznan.pl/cavri_database-191/,1,0,"[{""count"": 50, ""evidence_basis"": ""legacy_catalog_field"", ""evidence_url"": ""https://dsp.put.poznan.pl/cavri_database-191/"", ""exactness"": ""not_assessed"", ""notes"": """", ""primary"": true, ""review_date"": ""2026-08-01"", ""scope"": ""Primary quantity reported in the reviewed catalog source"", ""unit"": ""volumes""}]",Quantities with different units are not interchangeable. Related records and derivative components may overlap.
central_retinal_vessel_trunk_oag,Central Retinal Vessel Trunk Open-Angle Glaucoma Dataset,tabular,tabular,0.5.0,2026-08-02,2026-08-02,https://doi.org/10.1371/journal.pone.0158443.s001,primary_quantity_resolved,205,eyes,Source reports 205 open-angle-glaucoma eyes.,exact,official_source_description,https://doi.org/10.1371/journal.pone.0158443.s001,1,0,"[{""count"": 205, ""evidence_basis"": ""official_source_description"", ""evidence_url"": ""https://doi.org/10.1371/journal.pone.0158443.s001"", ""exactness"": ""exact"", ""notes"": ""Source-stated quantity; repository file count is separate."", ""primary"": true, ""review_date"": ""2026-08-02"", ""scope"": ""Source reports 205 open-angle-glaucoma eyes."", ""unit"": ""eyes""}]",Quantities with different units are not interchangeable. Related records and derivative components may overlap.
chaksu,CHAKSU: Multi-Device Glaucoma Fundus Dataset,fundus,fundus,0.5.0,2026-08-02,2026-08-02,https://doi.org/10.6084/m9.figshare.20123135,primary_quantity_resolved,1345,images,Primary quantity reported in the reviewed catalog source,not_assessed,legacy_catalog_field,https://doi.org/10.6084/m9.figshare.20123135,1,0,"[{""count"": 1345, ""evidence_basis"": ""legacy_catalog_field"", ""evidence_url"": ""https://doi.org/10.6084/m9.figshare.20123135"", ""exactness"": ""not_assessed"", ""notes"": """", ""primary"": true, ""review_date"": ""2026-08-01"", ""scope"": ""Primary quantity reported in the reviewed catalog source"", ""unit"": ""images""}]",Quantities with different units are not interchangeable. Related records and derivative components may overlap.
chase_db1,CHASE_DB1: Child Heart and Health Study in England,fundus,fundus,0.5.0,2026-08-02,2026-08-02,https://researchinnovation.kingston.ac.uk/en/datasets/chasedb1-retinal-vessel-reference-dataset-4/,primary_quantity_resolved,28,images,Primary quantity reported in the reviewed catalog source,not_assessed,legacy_catalog_field,https://researchinnovation.kingston.ac.uk/en/datasets/chasedb1-retinal-vessel-reference-dataset-4/,1,0,"[{""count"": 28, ""evidence_basis"": ""legacy_catalog_field"", ""evidence_url"": ""https://researchinnovation.kingston.ac.uk/en/datasets/chasedb1-retinal-vessel-reference-dataset-4/"", ""exactness"": ""not_assessed"", ""notes"": """", ""primary"": true, ""review_date"": ""2026-08-01"", ""scope"": ""Primary quantity reported in the reviewed catalog source"", ""unit"": ""images""}]",Quantities with different units are not interchangeable. Related records and derivative components may overlap.
china_fundus_cimt,China Fundus and Carotid Intima-Media Thickness Dataset,fundus,fundus,0.5.0,2026-08-02,2026-08-02,https://doi.org/10.6084/m9.figshare.27907056.v1,primary_quantity_unresolved,,,,,,,0,0,[],Quantities with different units are not interchangeable. Related records and derivative components may overlap.
chronic_corneal_disorders,Chronic Corneal Disorders Clinical Dataset,tabular,tabular,0.5.0,2026-08-02,2026-08-02,https://data.mendeley.com/datasets/mcwv6thk8m/1,primary_quantity_resolved,332,participants,Primary quantity reported in the reviewed catalog source,not_assessed,legacy_catalog_field,https://data.mendeley.com/datasets/mcwv6thk8m/1,1,0,"[{""count"": 332, ""evidence_basis"": ""legacy_catalog_field"", ""evidence_url"": ""https://data.mendeley.com/datasets/mcwv6thk8m/1"", ""exactness"": ""not_assessed"", ""notes"": """", ""primary"": true, ""review_date"": ""2026-08-01"", ""scope"": ""Primary quantity reported in the reviewed catalog source"", ""unit"": ""participants""}]",Quantities with different units are not interchangeable. Related records and derivative components may overlap.
coph100,COph100: Comprehensive Infant Fundus Image Registration Dataset (RIDIRP),fundus,fundus,0.5.0,2026-08-02,2026-08-02,https://doi.org/10.6084/m9.figshare.27061084.v1,primary_quantity_resolved,491,image_pairs,Registered infant fundus pairs,exact,official_source_description,https://doi.org/10.6084/m9.figshare.27061084.v1,3,2,"[{""count"": 491, ""evidence_basis"": ""official_source_description"", ""evidence_url"": ""https://doi.org/10.6084/m9.figshare.27061084.v1"", ""exactness"": ""exact"", ""notes"": """", ""primary"": true, ""review_date"": ""2026-08-01"", ""scope"": ""Registered infant fundus pairs"", ""unit"": ""image_pairs""}, {""count"": 982, ""evidence_basis"": ""derived_from_reported_components"", ""evidence_url"": ""https://doi.org/10.6084/m9.figshare.27061084.v1"", ""exactness"": ""exact"", ""notes"": """", ""primary"": false, ""review_date"": ""2026-08-01"", ""scope"": ""Images participating in 491 pairs"", ""unit"": ""images""}, {""count"": 100, ""evidence_basis"": ""official_source_description"", ""evidence_url"": ""https://doi.org/10.6084/m9.figshare.27061084.v1"", ""exactness"": ""exact"", ""notes"": """", ""primary"": false, ""review_date"": ""2026-08-01"", ""scope"": ""Source-described infant eyes"", ""unit"": ""eyes""}]",Quantities with different units are not interchangeable. Related records and derivative components may overlap.
corn1500,CORN-1500: Corneal Nerve Tortuosity Grading,confocal,confocal,0.5.0,2026-08-02,2026-08-02,https://zenodo.org/records/5880419,primary_quantity_resolved,1500,images,Primary quantity reported in the reviewed catalog source,not_assessed,legacy_catalog_field,https://zenodo.org/records/5880419,1,0,"[{""count"": 1500, ""evidence_basis"": ""legacy_catalog_field"", ""evidence_url"": ""https://zenodo.org/records/5880419"", ""exactness"": ""not_assessed"", ""notes"": """", ""primary"": true, ""review_date"": ""2026-08-01"", ""scope"": ""Primary quantity reported in the reviewed catalog source"", ""unit"": ""images""}]",Quantities with different units are not interchangeable. Related records and derivative components may overlap.
corn_collection,CORN: Corneal Confocal Microscope Dataset Collection,confocal,confocal,0.5.0,2026-08-02,2026-08-02,https://zenodo.org/records/19689814,primary_quantity_resolved,12931,images,Sum of six source-described CORN subsets,exact,derived_from_reported_components,https://zenodo.org/records/19689814,1,0,"[{""count"": 12931, ""evidence_basis"": ""derived_from_reported_components"", ""evidence_url"": ""https://zenodo.org/records/19689814"", ""exactness"": ""exact"", ""notes"": ""Includes the separately cataloged CORN1500 and CORN-Pro components and must not be added as an independent cohort total."", ""primary"": true, ""review_date"": ""2026-08-01"", ""scope"": ""Sum of six source-described CORN subsets"", ""unit"": ""images""}]",Quantities with different units are not interchangeable. Related records and derivative components may overlap.
corn_pro,CORN Pro: Corneal Nerve Confocal Microscopy Dataset,confocal,confocal,0.5.0,2026-08-02,2026-08-02,https://zenodo.org/records/14263883,primary_quantity_resolved,1120,images,Primary quantity reported in the reviewed catalog source,not_assessed,legacy_catalog_field,https://zenodo.org/records/14263883,1,0,"[{""count"": 1120, ""evidence_basis"": ""legacy_catalog_field"", ""evidence_url"": ""https://zenodo.org/records/14263883"", ""exactness"": ""not_assessed"", ""notes"": """", ""primary"": true, ""review_date"": ""2026-08-01"", ""scope"": ""Primary quantity reported in the reviewed catalog source"", ""unit"": ""images""}]",Quantities with different units are not interchangeable. Related records and derivative components may overlap.
corneal_curvature_fundus,Corneal Curvature Prediction Using Fundus Photography,fundus,fundus,0.5.0,2026-08-02,2026-08-02,https://data.mendeley.com/datasets/bc2jfr7dv9/1,primary_quantity_resolved,150,images,Primary quantity reported in the reviewed catalog source,not_assessed,legacy_catalog_field,https://data.mendeley.com/datasets/bc2jfr7dv9/1,1,0,"[{""count"": 150, ""evidence_basis"": ""legacy_catalog_field"", ""evidence_url"": ""https://data.mendeley.com/datasets/bc2jfr7dv9/1"", ""exactness"": ""not_assessed"", ""notes"": """", ""primary"": true, ""review_date"": ""2026-08-01"", ""scope"": ""Primary quantity reported in the reviewed catalog source"", ""unit"": ""images""}]",Quantities with different units are not interchangeable. Related records and derivative components may overlap.
corneal_epithelium_confocal,Keratoconus Corneal Epithelium Confocal Fluorescence Dataset,confocal,confocal,0.5.0,2026-08-02,2026-08-02,https://data.mendeley.com/datasets/n3gky25brh/2,primary_quantity_resolved,7,participants,Keratoconus patients with both-eye measurements,exact,official_source_description,https://data.mendeley.com/datasets/n3gky25brh/2,1,0,"[{""count"": 7, ""evidence_basis"": ""official_source_description"", ""evidence_url"": ""https://data.mendeley.com/datasets/n3gky25brh/2"", ""exactness"": ""exact"", ""notes"": """", ""primary"": true, ""review_date"": ""2026-08-01"", ""scope"": ""Keratoconus patients with both-eye measurements"", ""unit"": ""participants""}]",Quantities with different units are not interchangeable. Related records and derivative components may overlap.
corneal_nerve_parkinsons,Corneal Nerve Parkinson Disease Dataset,confocal,confocal|ivcm,0.5.0,2026-08-02,2026-08-02,https://doi.org/10.6084/m9.figshare.28189571.v1,primary_quantity_unresolved,,,,,,,0,0,[],Quantities with different units are not interchangeable. Related records and derivative components may overlap.
corneal_parameters_kc,Corneal Parameters Keratoconus Study,tabular,tabular,0.5.0,2026-08-02,2026-08-02,https://data.mendeley.com/datasets/3nz4fkwn3y/1,primary_quantity_resolved,77,records,Primary quantity reported in the reviewed catalog source,not_assessed,legacy_catalog_field,https://data.mendeley.com/datasets/3nz4fkwn3y/1,1,0,"[{""count"": 77, ""evidence_basis"": ""legacy_catalog_field"", ""evidence_url"": ""https://data.mendeley.com/datasets/3nz4fkwn3y/1"", ""exactness"": ""not_assessed"", ""notes"": """", ""primary"": true, ""review_date"": ""2026-08-01"", ""scope"": ""Primary quantity reported in the reviewed catalog source"", ""unit"": ""records""}]",Quantities with different units are not interchangeable. Related records and derivative components may overlap.
corneal_tomography_iol,Multi-Parameter Corneal Tomography Dataset for IOL Selection,tabular,tabular,0.5.0,2026-08-02,2026-08-02,https://data.mendeley.com/datasets/wddj7bh9p9/1,primary_quantity_resolved,61,eyes,One structured row per eye,exact,official_source_description,https://data.mendeley.com/datasets/wddj7bh9p9/1,1,0,"[{""count"": 61, ""evidence_basis"": ""official_source_description"", ""evidence_url"": ""https://data.mendeley.com/datasets/wddj7bh9p9/1"", ""exactness"": ""exact"", ""notes"": """", ""primary"": true, ""review_date"": ""2026-08-01"", ""scope"": ""One structured row per eye"", ""unit"": ""eyes""}]",Quantities with different units are not interchangeable. Related records and derivative components may overlap.
cornorb,CornOrb: Orbscan Corneal Topography and Clinical Annotations,corneal_topography,corneal_topography,0.5.0,2026-08-02,2026-08-02,https://zenodo.org/records/20542091,primary_quantity_resolved,1454,eyes,Rows in the current clinical-data table,exact,current_deposit_table,https://zenodo.org/records/20542091,1,0,"[{""count"": 1454, ""evidence_basis"": ""current_deposit_table"", ""evidence_url"": ""https://zenodo.org/records/20542091"", ""exactness"": ""exact"", ""notes"": """", ""primary"": true, ""review_date"": ""2026-08-01"", ""scope"": ""Rows in the current clinical-data table"", ""unit"": ""eyes""}]",Quantities with different units are not interchangeable. Related records and derivative components may overlap.
csc_fundus_segmentation,Central Serous Chorioretinopathy Fundus Segmentation Dataset,fundus,fundus,0.5.0,2026-08-02,2026-08-02,https://data.mendeley.com/datasets/4k64fwnp4k/5,primary_quantity_resolved,287,images,Primary quantity reported in the reviewed catalog source,not_assessed,legacy_catalog_field,https://data.mendeley.com/datasets/4k64fwnp4k/5,1,0,"[{""count"": 287, ""evidence_basis"": ""legacy_catalog_field"", ""evidence_url"": ""https://data.mendeley.com/datasets/4k64fwnp4k/5"", ""exactness"": ""not_assessed"", ""notes"": """", ""primary"": true, ""review_date"": ""2026-08-01"", ""scope"": ""Primary quantity reported in the reviewed catalog source"", ""unit"": ""images""}]",Quantities with different units are not interchangeable. Related records and derivative components may overlap.
csdi,CSDI: Cataract Severity Diagnostic Image Dataset,fundus,fundus|text,0.5.0,2026-08-02,2026-08-02,https://huggingface.co/datasets/RainyNight/CSDI,primary_quantity_resolved,187,images,Primary quantity reported in the reviewed catalog source,not_assessed,legacy_catalog_field,https://huggingface.co/datasets/RainyNight/CSDI,1,0,"[{""count"": 187, ""evidence_basis"": ""legacy_catalog_field"", ""evidence_url"": ""https://huggingface.co/datasets/RainyNight/CSDI"", ""exactness"": ""not_assessed"", ""notes"": """", ""primary"": true, ""review_date"": ""2026-08-01"", ""scope"": ""Primary quantity reported in the reviewed catalog source"", ""unit"": ""images""}]",Quantities with different units are not interchangeable. Related records and derivative components may overlap.
cyp1b1_poag_genotypes,CYP1B1 Primary Open-Angle Glaucoma Genotype Dataset,omics,omics|genomics,0.5.0,2026-08-02,2026-08-02,https://doi.org/10.25451/flinders.16545561.v1,primary_quantity_unresolved,,,,,,,0,0,[],Quantities with different units are not interchangeable. Related records and derivative components may overlap.
data_oct_fundus_glaucoma,Data on OCT and Fundus Images,multimodal,fundus|oct,0.5.0,2026-08-02,2026-08-02,https://data.mendeley.com/datasets/2rnnz5nz74/2,primary_quantity_resolved,50,images,Primary quantity reported in the reviewed catalog source,not_assessed,legacy_catalog_field,https://data.mendeley.com/datasets/2rnnz5nz74/2,1,0,"[{""count"": 50, ""evidence_basis"": ""legacy_catalog_field"", ""evidence_url"": ""https://data.mendeley.com/datasets/2rnnz5nz74/2"", ""exactness"": ""not_assessed"", ""notes"": """", ""primary"": true, ""review_date"": ""2026-08-01"", ""scope"": ""Primary quantity reported in the reviewed catalog source"", ""unit"": ""images""}]",Quantities with different units are not interchangeable. Related records and derivative components may overlap.
ddr,DDR: Diabetic Retinopathy Detection & Grading,fundus,fundus,0.5.0,2026-08-02,2026-08-02,https://drive.google.com/drive/folders/1z6tSFmxW_aNayUqVxx6h6bY4kwGzUTEC,primary_quantity_resolved,12522,images,Primary quantity reported in the reviewed catalog source,not_assessed,legacy_catalog_field,https://drive.google.com/drive/folders/1z6tSFmxW_aNayUqVxx6h6bY4kwGzUTEC,1,0,"[{""count"": 12522, ""evidence_basis"": ""legacy_catalog_field"", ""evidence_url"": ""https://drive.google.com/drive/folders/1z6tSFmxW_aNayUqVxx6h6bY4kwGzUTEC"", ""exactness"": ""not_assessed"", ""notes"": """", ""primary"": true, ""review_date"": ""2026-08-01"", ""scope"": ""Primary quantity reported in the reviewed catalog source"", ""unit"": ""images""}]",Quantities with different units are not interchangeable. Related records and derivative components may overlap.
deepdrid,DeepDRiD: Diabetic Retinopathy Grading and Image Quality Dataset,fundus,fundus|uwf_fundus,0.5.0,2026-08-02,2026-08-02,https://zenodo.org/records/8248825,primary_quantity_resolved,2256,images,Primary quantity reported in the reviewed catalog source,not_assessed,legacy_catalog_field,https://zenodo.org/records/8248825,1,0,"[{""count"": 2256, ""evidence_basis"": ""legacy_catalog_field"", ""evidence_url"": ""https://zenodo.org/records/8248825"", ""exactness"": ""not_assessed"", ""notes"": """", ""primary"": true, ""review_date"": ""2026-08-01"", ""scope"": ""Primary quantity reported in the reviewed catalog source"", ""unit"": ""images""}]",Quantities with different units are not interchangeable. Related records and derivative components may overlap.
deepeyenet,DeepEyeNet (DEN): Fundus Report Generation Dataset,fundus,fundus|text,0.5.0,2026-08-02,2026-08-02,https://github.com/Jhhuangkay/DeepOpht-Medical-Report-Generation-for-Retinal-Images-via-Deep-Models-and-Visual-Explanation,primary_quantity_resolved,15709,images,Primary quantity reported in the reviewed catalog source,not_assessed,legacy_catalog_field,https://github.com/Jhhuangkay/DeepOpht-Medical-Report-Generation-for-Retinal-Images-via-Deep-Models-and-Visual-Explanation,1,0,"[{""count"": 15709, ""evidence_basis"": ""legacy_catalog_field"", ""evidence_url"": ""https://github.com/Jhhuangkay/DeepOpht-Medical-Report-Generation-for-Retinal-Images-via-Deep-Models-and-Visual-Explanation"", ""exactness"": ""not_assessed"", ""notes"": """", ""primary"": true, ""review_date"": ""2026-08-01"", ""scope"": ""Primary quantity reported in the reviewed catalog source"", ""unit"": ""images""}]",Quantities with different units are not interchangeable. Related records and derivative components may overlap.
dme_vqa,Diabetic Macular Edema Visual Question Answering Dataset,multimodal,fundus|text,0.5.0,2026-08-02,2026-08-02,https://zenodo.org/records/6784358,primary_quantity_resolved,13470,question_answer_pairs,"Train, validation, and test QA pairs",exact,derived_from_reported_components,https://zenodo.org/records/6784358,2,1,"[{""count"": 13470, ""evidence_basis"": ""derived_from_reported_components"", ""evidence_url"": ""https://zenodo.org/records/6784358"", ""exactness"": ""exact"", ""notes"": """", ""primary"": true, ""review_date"": ""2026-08-01"", ""scope"": ""Train, validation, and test QA pairs"", ""unit"": ""question_answer_pairs""}, {""count"": 679, ""evidence_basis"": ""derived_from_reported_components"", ""evidence_url"": ""https://zenodo.org/records/6784358"", ""exactness"": ""exact"", ""notes"": """", ""primary"": false, ""review_date"": ""2026-08-01"", ""scope"": ""Train, validation, and test images"", ""unit"": ""images""}]",Quantities with different units are not interchangeable. Related records and derivative components may overlap.
dme_vqa_logical,DME VQA Dataset with Logical Relations,multimodal,fundus|text,0.5.0,2026-08-02,2026-08-02,https://zenodo.org/records/7777849,primary_quantity_resolved,13470,question_answer_pairs,DME VQA pairs with added logical relations,exact,official_source_description,https://zenodo.org/records/7777849,2,1,"[{""count"": 13470, ""evidence_basis"": ""official_source_description"", ""evidence_url"": ""https://zenodo.org/records/7777849"", ""exactness"": ""exact"", ""notes"": ""The source states that this is the same DME VQA dataset with logical relations added."", ""primary"": true, ""review_date"": ""2026-08-01"", ""scope"": ""DME VQA pairs with added logical relations"", ""unit"": ""question_answer_pairs""}, {""count"": 679, ""evidence_basis"": ""official_source_description"", ""evidence_url"": ""https://zenodo.org/records/7777849"", ""exactness"": ""exact"", ""notes"": ""These images overlap completely with dme_vqa."", ""primary"": false, ""review_date"": ""2026-08-01"", ""scope"": ""Parent DME VQA images reused by this extension"", ""unit"": ""images""}]",Quantities with different units are not interchangeable. Related records and derivative components may overlap.
doomgan_ocular_morphs,DOOMGAN Ocular Morph-Attack Dataset,iris_biometrics,iris_biometrics|iris,0.5.0,2026-08-02,2026-08-02,https://huggingface.co/datasets/BharathK333/DOOMGAN-Ocular-Morphs,primary_quantity_resolved,10000,images,"Source reports 10,000 morphed PNG images.",exact,official_source_description,https://huggingface.co/datasets/BharathK333/DOOMGAN-Ocular-Morphs,1,0,"[{""count"": 10000, ""evidence_basis"": ""official_source_description"", ""evidence_url"": ""https://huggingface.co/datasets/BharathK333/DOOMGAN-Ocular-Morphs"", ""exactness"": ""exact"", ""notes"": ""Source-stated quantity; repository file count is separate."", ""primary"": true, ""review_date"": ""2026-08-02"", ""scope"": ""Source reports 10,000 morphed PNG images."", ""unit"": ""images""}]",Quantities with different units are not interchangeable. Related records and derivative components may overlap.
dr_arranged,Diabetic Retinopathy Arranged Dataset (Tianchi 93926),fundus,fundus,0.5.0,2026-08-02,2026-08-02,https://tianchi.aliyun.com/dataset/93926,primary_quantity_resolved,35126,images,Primary quantity reported in the reviewed catalog source,not_assessed,legacy_catalog_field,https://tianchi.aliyun.com/dataset/93926,1,0,"[{""count"": 35126, ""evidence_basis"": ""legacy_catalog_field"", ""evidence_url"": ""https://tianchi.aliyun.com/dataset/93926"", ""exactness"": ""not_assessed"", ""notes"": """", ""primary"": true, ""review_date"": ""2026-08-01"", ""scope"": ""Primary quantity reported in the reviewed catalog source"", ""unit"": ""images""}]",Quantities with different units are not interchangeable. Related records and derivative components may overlap.
drac22,DRAC 2022: Diabetic Retinopathy Analysis Challenge,octa,octa,0.5.0,2026-08-02,2026-08-02,https://zenodo.org/records/10280359,primary_quantity_resolved,174,images,Primary quantity reported in the reviewed catalog source,not_assessed,legacy_catalog_field,https://zenodo.org/records/10280359,1,0,"[{""count"": 174, ""evidence_basis"": ""legacy_catalog_field"", ""evidence_url"": ""https://zenodo.org/records/10280359"", ""exactness"": ""not_assessed"", ""notes"": """", ""primary"": true, ""review_date"": ""2026-08-01"", ""scope"": ""Primary quantity reported in the reviewed catalog source"", ""unit"": ""images""}]",Quantities with different units are not interchangeable. Related records and derivative components may overlap.
dridb,DRiDB: Diabetic Retinopathy Image Database,fundus,fundus,0.5.0,2026-08-02,2026-08-02,https://ipg.fer.hr/ipg/resources/image_database,primary_quantity_resolved,50,images,Primary quantity reported in the reviewed catalog source,not_assessed,legacy_catalog_field,https://ipg.fer.hr/ipg/resources/image_database,1,0,"[{""count"": 50, ""evidence_basis"": ""legacy_catalog_field"", ""evidence_url"": ""https://ipg.fer.hr/ipg/resources/image_database"", ""exactness"": ""not_assessed"", ""notes"": """", ""primary"": true, ""review_date"": ""2026-08-01"", ""scope"": ""Primary quantity reported in the reviewed catalog source"", ""unit"": ""images""}]",Quantities with different units are not interchangeable. Related records and derivative components may overlap.
drions_db,DRIONS-DB: Digital Retinal Images for Optic Nerve Segmentation,fundus,fundus,0.5.0,2026-08-02,2026-08-02,https://www.ia.uned.es/~ejcarmona/DRIONS-DB.html,primary_quantity_resolved,110,images,Primary quantity reported in the reviewed catalog source,not_assessed,legacy_catalog_field,https://www.ia.uned.es/~ejcarmona/DRIONS-DB.html,1,0,"[{""count"": 110, ""evidence_basis"": ""legacy_catalog_field"", ""evidence_url"": ""https://www.ia.uned.es/~ejcarmona/DRIONS-DB.html"", ""exactness"": ""not_assessed"", ""notes"": """", ""primary"": true, ""review_date"": ""2026-08-01"", ""scope"": ""Primary quantity reported in the reviewed catalog source"", ""unit"": ""images""}]",Quantities with different units are not interchangeable. Related records and derivative components may overlap.
drishti_gs,DRISHTI-GS: Optic Disc and Cup Segmentation,fundus,fundus,0.5.0,2026-08-02,2026-08-02,https://www.kaggle.com/datasets/lokeshsaipureddi/drishtigs-retina-dataset-for-onh-segmentation,primary_quantity_resolved,101,images,Primary quantity reported in the reviewed catalog source,not_assessed,legacy_catalog_field,https://www.kaggle.com/datasets/lokeshsaipureddi/drishtigs-retina-dataset-for-onh-segmentation,1,0,"[{""count"": 101, ""evidence_basis"": ""legacy_catalog_field"", ""evidence_url"": ""https://www.kaggle.com/datasets/lokeshsaipureddi/drishtigs-retina-dataset-for-onh-segmentation"", ""exactness"": ""not_assessed"", ""notes"": """", ""primary"": true, ""review_date"": ""2026-08-01"", ""scope"": ""Primary quantity reported in the reviewed catalog source"", ""unit"": ""images""}]",Quantities with different units are not interchangeable. Related records and derivative components may overlap.
drive,DRIVE: Digital Retinal Images for Vessel Extraction,fundus,fundus,0.5.0,2026-08-02,2026-08-02,https://drive.grand-challenge.org/DRIVE/,primary_quantity_resolved,40,images,Primary quantity reported in the reviewed catalog source,not_assessed,legacy_catalog_field,https://drive.grand-challenge.org/DRIVE/,1,0,"[{""count"": 40, ""evidence_basis"": ""legacy_catalog_field"", ""evidence_url"": ""https://drive.grand-challenge.org/DRIVE/"", ""exactness"": ""not_assessed"", ""notes"": """", ""primary"": true, ""review_date"": ""2026-08-01"", ""scope"": ""Primary quantity reported in the reviewed catalog source"", ""unit"": ""images""}]",Quantities with different units are not interchangeable. Related records and derivative components may overlap.
drtid,DRTiD: Diabetic Retinopathy Two-field Image Dataset,fundus,fundus,0.5.0,2026-08-02,2026-08-02,https://github.com/FDU-VTS/DRTiD,primary_quantity_resolved,3100,images,Primary quantity reported in the reviewed catalog source,not_assessed,legacy_catalog_field,https://github.com/FDU-VTS/DRTiD,1,0,"[{""count"": 3100, ""evidence_basis"": ""legacy_catalog_field"", ""evidence_url"": ""https://github.com/FDU-VTS/DRTiD"", ""exactness"": ""not_assessed"", ""notes"": """", ""primary"": true, ""review_date"": ""2026-08-01"", ""scope"": ""Primary quantity reported in the reviewed catalog source"", ""unit"": ""images""}]",Quantities with different units are not interchangeable. Related records and derivative components may overlap.
dryad_acanthamoeba_keratitis_transcriptome,Human conjunctival transcriptome in Acanthamoeba keratitis: An exploratory study,omics,omics|tabular,0.5.0,2026-08-02,2026-08-02,https://doi.org/10.5061/dryad.k3j9kd5fx,primary_quantity_unresolved,,,,,,,0,0,[],Quantities with different units are not interchangeable. Related records and derivative components may overlap.
dryad_amd_zinc_complement,AMD Zinc Complement Dataset,omics,omics|tabular,0.5.0,2026-08-02,2026-08-02,https://doi.org/10.5061/dryad.3gq6t,primary_quantity_resolved,72,participants,Source-described AMD zinc study participants,exact,official_source_description,https://doi.org/10.5061/dryad.3gq6t,1,0,"[{""count"": 72, ""evidence_basis"": ""official_source_description"", ""evidence_url"": ""https://doi.org/10.5061/dryad.3gq6t"", ""exactness"": ""exact"", ""notes"": ""Source-stated quantity; Dryad file count is separate metadata and is not a scientific sample count."", ""primary"": true, ""review_date"": ""2026-08-01"", ""scope"": ""Source-described AMD zinc study participants"", ""unit"": ""participants""}]",Quantities with different units are not interchangeable. Related records and derivative components may overlap.
dryad_aoslo_rpe,AOSLO RPE Cell Morphometry and Cone Mosaic Dataset,adaptive_optics,adaptive_optics,0.5.0,2026-08-02,2026-08-02,https://doi.org/10.5061/dryad.b41j15h,primary_quantity_resolved,10,participants,Normal participants in the primary cohort,exact,official_source_description,https://doi.org/10.5061/dryad.b41j15h,1,0,"[{""count"": 10, ""evidence_basis"": ""official_source_description"", ""evidence_url"": ""https://doi.org/10.5061/dryad.b41j15h"", ""exactness"": ""exact"", ""notes"": """", ""primary"": true, ""review_date"": ""2026-08-01"", ""scope"": ""Normal participants in the primary cohort"", ""unit"": ""participants""}]",Quantities with different units are not interchangeable. Related records and derivative components may overlap.
dryad_bariatric_ophthalmology,Bariatric Surgery Ophthalmic Evaluation Dataset,oct,oct|tabular,0.5.0,2026-08-02,2026-08-02,https://doi.org/10.5061/dryad.1g6vm34,primary_quantity_resolved,57,participants,Source-described severely obese ophthalmology cohort,exact,official_source_description,https://doi.org/10.5061/dryad.1g6vm34,1,0,"[{""count"": 57, ""evidence_basis"": ""official_source_description"", ""evidence_url"": ""https://doi.org/10.5061/dryad.1g6vm34"", ""exactness"": ""exact"", ""notes"": ""Source-stated quantity; Dryad file count is separate metadata and is not a scientific sample count."", ""primary"": true, ""review_date"": ""2026-08-01"", ""scope"": ""Source-described severely obese ophthalmology cohort"", ""unit"": ""participants""}]",Quantities with different units are not interchangeable. Related records and derivative components may overlap.
dryad_brvo_bevacizumab_multimodal,BRVO Bevacizumab Multimodal Dataset,multimodal,oct|fundus_angiography|electrophysiology,0.5.0,2026-08-02,2026-08-02,https://doi.org/10.5061/dryad.3cp54,primary_quantity_resolved,27,eyes,Source-described treatment-naive BRVO eyes,exact,official_source_description,https://doi.org/10.5061/dryad.3cp54,1,0,"[{""count"": 27, ""evidence_basis"": ""official_source_description"", ""evidence_url"": ""https://doi.org/10.5061/dryad.3cp54"", ""exactness"": ""exact"", ""notes"": ""Source-stated quantity; Dryad file count is separate metadata and is not a scientific sample count."", ""primary"": true, ""review_date"": ""2026-08-01"", ""scope"": ""Source-described treatment-naive BRVO eyes"", ""unit"": ""eyes""}]",Quantities with different units are not interchangeable. Related records and derivative components may overlap.
dryad_clcc1_retinitis_pigmentosa,CLCC1 Retinitis Pigmentosa Genomics Dataset,omics,omics,0.5.0,2026-08-02,2026-08-02,https://doi.org/10.5061/dryad.3vv31qq,primary_quantity_unresolved,,,,,,,0,0,[],Quantities with different units are not interchangeable. Related records and derivative components may overlap.
dryad_congenital_cataract_sight_restoration,Congenital Cataract Sight Restoration Dataset,tabular,tabular,0.5.0,2026-08-02,2026-08-02,https://doi.org/10.5061/dryad.0gb5mkm9b,primary_quantity_unresolved,,,,,,,0,0,[],Quantities with different units are not interchangeable. Related records and derivative components may overlap.
dryad_congenital_glaucoma_wes,Identification of novel variants in LTBP2 and PXDN using whole-exome sequencing in developmental and congenital glaucoma,omics,omics|tabular,0.5.0,2026-08-02,2026-08-02,https://doi.org/10.5061/dryad.k7455,primary_quantity_resolved,3,families,Source-stated primary resource quantity.,exact,official_source_description,https://doi.org/10.5061/dryad.k7455,1,0,"[{""count"": 3, ""evidence_basis"": ""official_source_description"", ""evidence_url"": ""https://doi.org/10.5061/dryad.k7455"", ""exactness"": ""exact"", ""notes"": ""Current official Dryad metadata."", ""primary"": true, ""review_date"": ""2026-08-01"", ""scope"": ""Source-stated primary resource quantity."", ""unit"": ""families""}]",Quantities with different units are not interchangeable. Related records and derivative components may overlap.
dryad_cornea_oct_pentacam,Corneal OCT and Pentacam Tomography Dataset,multimodal,oct|corneal_topography,0.5.0,2026-08-02,2026-08-02,https://doi.org/10.5061/dryad.tht76hf0c,primary_quantity_resolved,52,participants,Participant directories represented in the corneal OCT component of Dryad version 5,exact,current_deposit_file_listing,https://doi.org/10.5061/dryad.tht76hf0c,4,3,"[{""count"": 52, ""evidence_basis"": ""current_deposit_file_listing"", ""evidence_url"": ""https://doi.org/10.5061/dryad.tht76hf0c"", ""exactness"": ""exact"", ""notes"": """", ""primary"": true, ""review_date"": ""2026-08-01"", ""scope"": ""Participant directories represented in the corneal OCT component of Dryad version 5"", ""unit"": ""participants""}, {""count"": 208, ""evidence_basis"": ""current_deposit_file_listing"", ""evidence_url"": ""https://doi.org/10.5061/dryad.tht76hf0c"", ""exactness"": ""exact"", ""notes"": ""Four TIFF files occur in each of 52 participant directories."", ""primary"": false, ""review_date"": ""2026-08-01"", ""scope"": ""Corneal OCT TIFF files in Dryad version 5"", ""unit"": ""images""}, {""count"": 102, ""evidence_basis"": ""current_deposit_file_listing"", ""evidence_url"": ""https://doi.org/10.5061/dryad.tht76hf0c"", ""exactness"": ""exact"", ""notes"": """", ""primary"": false, ""review_date"": ""2026-08-01"", ""scope"": ""Pentacam CSV tomography matrices in Dryad version 5"", ""unit"": ""records""}, {""count"": 1, ""evidence_basis"": ""current_deposit_file_listing"", ""evidence_url"": ""https://doi.org/10.5061/dryad.tht76hf0c"", ""exactness"": ""exact"", ""notes"": """", ""primary"": false, ""review_date"": ""2026-08-01"", ""scope"": ""OCT_.zip in Dryad version 5"", ""unit"": ""deposited_files""}]",Quantities with different units are not interchangeable. Related records and derivative components may overlap.
dryad_corneal_biomechanics_prostaglandin,Changes in corneal biomechanical properties after long-term topical prostaglandin therapy,corneal_topography,corneal_topography|tabular,0.5.0,2026-08-02,2026-08-02,https://doi.org/10.5061/dryad.d35s0,primary_quantity_unresolved,,,,,,,0,0,[],Quantities with different units are not interchangeable. Related records and derivative components may overlap.
dryad_corneal_conjunctivitis_biomarker,Corneal Conjunctivitis Biomarker Dataset,omics,omics|tabular,0.5.0,2026-08-02,2026-08-02,https://doi.org/10.5061/dryad.4j0zpc8mm,primary_quantity_unresolved,,,,,,,0,0,[],Quantities with different units are not interchangeable. Related records and derivative components may overlap.
dryad_corneal_laser_procedure,Corneal Laser Procedure for safety and efficacy in vision improvement,tabular,tabular,0.5.0,2026-08-02,2026-08-02,https://doi.org/10.5061/dryad.m905qfv2r,primary_quantity_resolved,72,eyes,Source-stated primary resource quantity.,exact,official_source_description,https://doi.org/10.5061/dryad.m905qfv2r,1,0,"[{""count"": 72, ""evidence_basis"": ""official_source_description"", ""evidence_url"": ""https://doi.org/10.5061/dryad.m905qfv2r"", ""exactness"": ""exact"", ""notes"": ""Current official Dryad metadata."", ""primary"": true, ""review_date"": ""2026-08-01"", ""scope"": ""Source-stated primary resource quantity."", ""unit"": ""eyes""}]",Quantities with different units are not interchangeable. Related records and derivative components may overlap.
dryad_crvo_vegf_tortuosity,CRVO Retinal Tortuosity and VEGF Dataset,tabular,tabular,0.5.0,2026-08-02,2026-08-02,https://doi.org/10.5061/dryad.5dn13,primary_quantity_resolved,32,eyes,Source-described central retinal vein occlusion eyes,exact,official_source_description,https://doi.org/10.5061/dryad.5dn13,1,0,"[{""count"": 32, ""evidence_basis"": ""official_source_description"", ""evidence_url"": ""https://doi.org/10.5061/dryad.5dn13"", ""exactness"": ""exact"", ""notes"": ""Source-stated quantity; Dryad file count is separate metadata and is not a scientific sample count."", ""primary"": true, ""review_date"": ""2026-08-01"", ""scope"": ""Source-described central retinal vein occlusion eyes"", ""unit"": ""eyes""}]",Quantities with different units are not interchangeable. Related records and derivative components may overlap.
dryad_d1zd5s,Single cell transcriptomic analyses reveal the impact of bHLH factors on human retinal organoid development,omics,omics,0.5.0,2026-08-02,2026-08-02,https://doi.org/10.5068/d1zd5s,primary_quantity_unresolved,,,,,,,0,0,[],Quantities with different units are not interchangeable. Related records and derivative components may overlap.
dryad_diabetes_retinal_capillary,Diabetes Retinal Capillary Rarefaction Dataset,fundus,fundus|tabular,0.5.0,2026-08-02,2026-08-02,https://doi.org/10.5061/dryad.58791,primary_quantity_resolved,73,participants,Source-described type 2 diabetes participant group,exact,official_source_description,https://doi.org/10.5061/dryad.58791,1,0,"[{""count"": 73, ""evidence_basis"": ""official_source_description"", ""evidence_url"": ""https://doi.org/10.5061/dryad.58791"", ""exactness"": ""exact"", ""notes"": ""Source-stated quantity; Dryad file count is separate metadata and is not a scientific sample count."", ""primary"": true, ""review_date"": ""2026-08-01"", ""scope"": ""Source-described type 2 diabetes participant group"", ""unit"": ""participants""}]",Quantities with different units are not interchangeable. Related records and derivative components may overlap.
dryad_diabetic_retinopathy_renal,Diabetic Retinopathy and Renal Function Dataset,tabular,tabular,0.5.0,2026-08-02,2026-08-02,https://doi.org/10.5061/dryad.6kg1sd7,primary_quantity_resolved,413,participants,Source-described southern Chinese type 2 diabetes participants,exact,official_source_description,https://doi.org/10.5061/dryad.6kg1sd7,1,0,"[{""count"": 413, ""evidence_basis"": ""official_source_description"", ""evidence_url"": ""https://doi.org/10.5061/dryad.6kg1sd7"", ""exactness"": ""exact"", ""notes"": ""Source-stated quantity; Dryad file count is separate metadata and is not a scientific sample count."", ""primary"": true, ""review_date"": ""2026-08-01"", ""scope"": ""Source-described southern Chinese type 2 diabetes participants"", ""unit"": ""participants""}]",Quantities with different units are not interchangeable. Related records and derivative components may overlap.
dryad_dome_shaped_macula,Observational study of clinical characteristics of dome-shaped macula in Chinese Han with high myopia at Zhongshan Ophthalmic Center,tabular,tabular,0.5.0,2026-08-02,2026-08-02,https://doi.org/10.5061/dryad.h544560,primary_quantity_resolved,1384,eyes,Source-stated primary resource quantity.,exact,official_source_description,https://doi.org/10.5061/dryad.h544560,1,0,"[{""count"": 1384, ""evidence_basis"": ""official_source_description"", ""evidence_url"": ""https://doi.org/10.5061/dryad.h544560"", ""exactness"": ""exact"", ""notes"": ""Current official Dryad metadata."", ""primary"": true, ""review_date"": ""2026-08-01"", ""scope"": ""Source-stated primary resource quantity."", ""unit"": ""eyes""}]",Quantities with different units are not interchangeable. Related records and derivative components may overlap.
dryad_dry_eye_nlrp3,Dry Eye NLRP3 Ocular Surface Dataset,omics,omics|tabular,0.5.0,2026-08-02,2026-08-02,https://doi.org/10.5061/dryad.7vn28,primary_quantity_resolved,150,participants,Source-described dry-eye and healthy control participants,exact,official_source_description,https://doi.org/10.5061/dryad.7vn28,1,0,"[{""count"": 150, ""evidence_basis"": ""official_source_description"", ""evidence_url"": ""https://doi.org/10.5061/dryad.7vn28"", ""exactness"": ""exact"", ""notes"": ""Source-stated quantity; Dryad file count is separate metadata and is not a scientific sample count."", ""primary"": true, ""review_date"": ""2026-08-01"", ""scope"": ""Source-described dry-eye and healthy control participants"", ""unit"": ""participants""}]",Quantities with different units are not interchangeable. Related records and derivative components may overlap.
dryad_eye_care_quality_of_life,Utility index and vision related quality of life in patients awaiting specialist eye care,tabular,tabular,0.5.0,2026-08-02,2026-08-02,https://doi.org/10.5061/dryad.h44j0zpv3,primary_quantity_resolved,536,participants,Source-stated primary resource quantity.,exact,official_source_description,https://doi.org/10.5061/dryad.h44j0zpv3,1,0,"[{""count"": 536, ""evidence_basis"": ""official_source_description"", ""evidence_url"": ""https://doi.org/10.5061/dryad.h44j0zpv3"", ""exactness"": ""exact"", ""notes"": ""Current official Dryad metadata."", ""primary"": true, ""review_date"": ""2026-08-01"", ""scope"": ""Source-stated primary resource quantity."", ""unit"": ""participants""}]",Quantities with different units are not interchangeable. Related records and derivative components may overlap.
dryad_functional_oct_alzheimer,Functional OCT Retinal Response Dataset,oct,oct,0.5.0,2026-08-02,2026-08-02,https://doi.org/10.5061/dryad.msbcc2ftc,primary_quantity_resolved,40,participants,Unique participant identifiers across the two deposited profile tables in Dryad version 6,exact,current_deposit_table,https://doi.org/10.5061/dryad.msbcc2ftc,8,7,"[{""count"": 40, ""evidence_basis"": ""current_deposit_table"", ""evidence_url"": ""https://doi.org/10.5061/dryad.msbcc2ftc"", ""exactness"": ""exact"", ""notes"": ""The Experiment 2 table has four participants, three of whom also occur in the Experiments 1, 3, and 4 table."", ""primary"": true, ""review_date"": ""2026-08-01"", ""scope"": ""Unique participant identifiers across the two deposited profile tables in Dryad version 6"", ""unit"": ""participants""}, {""count"": 1370, ""evidence_basis"": ""current_deposit_table"", ""evidence_url"": ""https://doi.org/10.5061/dryad.msbcc2ftc"", ""exactness"": ""exact"", ""notes"": """", ""primary"": false, ""review_date"": ""2026-08-01"", ""scope"": ""Processed retinal-reflectivity profile rows across the two deposited tables"", ""unit"": ""rows""}, {""count"": 432, ""evidence_basis"": ""current_deposit_file_listing"", ""evidence_url"": ""https://doi.org/10.5061/dryad.msbcc2ftc"", ""exactness"": ""exact"", ""notes"": ""This file count includes raw, manually marked, flattened, and spatially normalized representations and is not an independent acquisition count."", ""primary"": false, ""review_date"": ""2026-08-01"", ""scope"": ""ANALYZE-format .img objects in the Dryad version 6 archive"", ""unit"": ""images""}, {""count"": 1, ""evidence_basis"": ""current_deposit_file_listing"", ""evidence_url"": ""https://doi.org/10.5061/dryad.msbcc2ftc"", ""exactness"": ""exact"", ""notes"": """", ""primary"": false, ""review_date"": ""2026-08-01"", ""scope"": ""RAR archive in Dryad version 6"", ""unit"": ""deposited_files""}, {""count"": 8, ""evidence_basis"": ""official_source_description"", ""evidence_url"": ""https://doi.org/10.5061/dryad.msbcc2ftc"", ""exactness"": ""exact"", ""notes"": """", ""primary"": false, ""review_date"": ""2026-08-01"", ""scope"": ""Healthy young-adult experiment"", ""unit"": ""group_enrollments""}, {""count"": 3, ""evidence_basis"": ""official_source_description"", ""evidence_url"": ""https://doi.org/10.5061/dryad.msbcc2ftc"", ""exactness"": ""exact"", ""notes"": """", ""primary"": false, ""review_date"": ""2026-08-01"", ""scope"": ""Aquaporin-4 antibody experiment"", ""unit"": ""group_enrollments""}, {""count"": 14, ""evidence_basis"": ""official_source_description"", ""evidence_url"": ""https://doi.org/10.5061/dryad.msbcc2ftc"", ""exactness"": ""exact"", ""notes"": """", ""primary"": false, ""review_date"": ""2026-08-01"", ""scope"": ""Early-onset Alzheimer group"", ""unit"": ""group_enrollments""}, {""count"": 14, ""evidence_basis"": ""official_source_description"", ""evidence_url"": ""https://doi.org/10.5061/dryad.msbcc2ftc"", ""exactness"": ""exact"", ""notes"": ""Group counts are not summed because cross-experiment overlap was not resolved."", ""primary"": false, ""review_date"": ""2026-08-01"", ""scope"": ""Age-matched control group"", ""unit"": ""group_enrollments""}]",Quantities with different units are not interchangeable. Related records and derivative components may overlap.
dryad_fundus_venous_pulsation,Fundus Venous Pulsation Sequence Dataset,fundus,fundus|infrared,0.5.0,2026-08-02,2026-08-02,https://doi.org/10.5061/dryad.56f1h,primary_quantity_unresolved,,,,,,,0,0,[],Quantities with different units are not interchangeable. Related records and derivative components may overlap.
dryad_fungal_keratitis_cci,CCI.net fungal keratitis cases dataset,external_eye,external_eye,0.5.0,2026-08-02,2026-08-02,https://doi.org/10.5061/dryad.8931zcrw5,primary_quantity_resolved,8697,images,Source-stated primary resource quantity.,exact,official_source_description,https://doi.org/10.5061/dryad.8931zcrw5,1,0,"[{""count"": 8697, ""evidence_basis"": ""official_source_description"", ""evidence_url"": ""https://doi.org/10.5061/dryad.8931zcrw5"", ""exactness"": ""exact"", ""notes"": ""Current official Dryad metadata."", ""primary"": true, ""review_date"": ""2026-08-01"", ""scope"": ""Source-stated primary resource quantity."", ""unit"": ""images""}]",Quantities with different units are not interchangeable. Related records and derivative components may overlap.
dryad_ga_biofeedback,Biofeedback fixation training in the rehabilitation of patients suffering from geographic atrophy,tabular,tabular,0.5.0,2026-08-02,2026-08-02,https://doi.org/10.5061/dryad.ngf1vhj81,primary_quantity_resolved,18,participants,Source-stated primary resource quantity.,exact,official_source_description,https://doi.org/10.5061/dryad.ngf1vhj81,1,0,"[{""count"": 18, ""evidence_basis"": ""official_source_description"", ""evidence_url"": ""https://doi.org/10.5061/dryad.ngf1vhj81"", ""exactness"": ""exact"", ""notes"": ""Current official Dryad metadata."", ""primary"": true, ""review_date"": ""2026-08-01"", ""scope"": ""Source-stated primary resource quantity."", ""unit"": ""participants""}]",Quantities with different units are not interchangeable. Related records and derivative components may overlap.
dryad_gca_optic_nerve_dwi,GCA Optic Nerve Diffusion MRI Dataset,multimodal,orbital_mri|tabular,0.5.0,2026-08-02,2026-08-02,https://doi.org/10.5061/dryad.59zw3r2bk,primary_quantity_resolved,37,mri_scans,Diffusion-weighted MRI scans in the source-described GCA study,exact,official_source_description,https://doi.org/10.5061/dryad.59zw3r2bk,1,0,"[{""count"": 37, ""evidence_basis"": ""official_source_description"", ""evidence_url"": ""https://doi.org/10.5061/dryad.59zw3r2bk"", ""exactness"": ""exact"", ""notes"": ""Source-stated scientific quantity; deposit file count is recorded separately."", ""primary"": true, ""review_date"": ""2026-08-01"", ""scope"": ""Diffusion-weighted MRI scans in the source-described GCA study"", ""unit"": ""mri_scans""}]",Quantities with different units are not interchangeable. Related records and derivative components may overlap.
dryad_gcc_glaucoma,Glaucoma Ganglion Cell Complex Clinical Dataset,tabular,tabular,0.5.0,2026-08-02,2026-08-02,https://doi.org/10.5061/dryad.xwdbrv1tn,primary_quantity_resolved,406,eyes,Eye-level table rows,exact,official_source_description,https://doi.org/10.5061/dryad.xwdbrv1tn,2,1,"[{""count"": 406, ""evidence_basis"": ""official_source_description"", ""evidence_url"": ""https://doi.org/10.5061/dryad.xwdbrv1tn"", ""exactness"": ""exact"", ""notes"": """", ""primary"": true, ""review_date"": ""2026-08-01"", ""scope"": ""Eye-level table rows"", ""unit"": ""eyes""}, {""count"": 203, ""evidence_basis"": ""official_source_description"", ""evidence_url"": ""https://doi.org/10.5061/dryad.xwdbrv1tn"", ""exactness"": ""exact"", ""notes"": """", ""primary"": false, ""review_date"": ""2026-08-01"", ""scope"": ""Participants contributing 406 eye rows"", ""unit"": ""participants""}]",Quantities with different units are not interchangeable. Related records and derivative components may overlap.
dryad_glaucoma_lhon_mitochondrial,Glaucoma and LHON Mitochondrial Function Dataset,omics,omics|tabular,0.5.0,2026-08-02,2026-08-02,https://doi.org/10.5061/dryad.2k4v4,primary_quantity_unresolved,,,,,,,0,0,[],Quantities with different units are not interchangeable. Related records and derivative components may overlap.
dryad_glaucoma_rnfl_vf,RNFL and Visual-Field Glaucoma Diagnosis Dataset,tabular,tabular|visual_field,0.5.0,2026-08-02,2026-08-02,https://doi.org/10.5061/dryad.q6ft5,primary_quantity_resolved,499,records,Primary quantity reported in the reviewed catalog source,not_assessed,legacy_catalog_field,https://doi.org/10.5061/dryad.q6ft5,1,0,"[{""count"": 499, ""evidence_basis"": ""legacy_catalog_field"", ""evidence_url"": ""https://doi.org/10.5061/dryad.q6ft5"", ""exactness"": ""not_assessed"", ""notes"": """", ""primary"": true, ""review_date"": ""2026-08-01"", ""scope"": ""Primary quantity reported in the reviewed catalog source"", ""unit"": ""records""}]",Quantities with different units are not interchangeable. Related records and derivative components may overlap.
dryad_human_foveal_cones,Human foveal cone photoreceptor topography and its dependence on eye length,adaptive_optics,adaptive_optics|tabular,0.5.0,2026-08-02,2026-08-02,https://doi.org/10.5061/dryad.nh0fp1b,primary_quantity_resolved,28,eyes,Source-stated primary resource quantity.,exact,official_source_description,https://doi.org/10.5061/dryad.nh0fp1b,1,0,"[{""count"": 28, ""evidence_basis"": ""official_source_description"", ""evidence_url"": ""https://doi.org/10.5061/dryad.nh0fp1b"", ""exactness"": ""exact"", ""notes"": ""Current official Dryad metadata."", ""primary"": true, ""review_date"": ""2026-08-01"", ""scope"": ""Source-stated primary resource quantity."", ""unit"": ""eyes""}]",Quantities with different units are not interchangeable. Related records and derivative components may overlap.
dryad_huntingtons_retinal_oct,Is retina affected in Huntington's disease? Is optical coherence tomography a good biomarker?,oct,oct|tabular,0.5.0,2026-08-02,2026-08-02,https://doi.org/10.5061/dryad.ncjsxksxr,primary_quantity_unresolved,,,,,,,0,0,[],Quantities with different units are not interchangeable. Related records and derivative components may overlap.
dryad_icmr_eye_see_cataract,ICMR EYE SEE Cataract and Sun Exposure Dataset,tabular,tabular,0.5.0,2026-08-02,2026-08-02,https://doi.org/10.5061/dryad.5qfttdz19,primary_quantity_resolved,9735,participants,Source-described participants who underwent ophthalmic evaluation,exact,official_source_description,https://doi.org/10.5061/dryad.5qfttdz19,1,0,"[{""count"": 9735, ""evidence_basis"": ""official_source_description"", ""evidence_url"": ""https://doi.org/10.5061/dryad.5qfttdz19"", ""exactness"": ""exact"", ""notes"": ""Source-stated quantity; Dryad file count is separate metadata and is not a scientific sample count."", ""primary"": true, ""review_date"": ""2026-08-01"", ""scope"": ""Source-described participants who underwent ophthalmic evaluation"", ""unit"": ""participants""}]",Quantities with different units are not interchangeable. Related records and derivative components may overlap.
dryad_iris_surface_features,Iris Surface Features Dataset,iris_biometrics,iris_biometrics|external_eye|tabular,0.5.0,2026-08-02,2026-08-02,https://doi.org/10.5061/dryad.0kt87,primary_quantity_unresolved,,,,,,,0,0,[],Quantities with different units are not interchangeable. Related records and derivative components may overlap.
dryad_karachi_cataract_outcomes,Karachi Cataract Surgery Quality Dataset,tabular,tabular,0.5.0,2026-08-02,2026-08-02,https://doi.org/10.5061/dryad.7q5c7,primary_quantity_resolved,145,eyes,Source-described operated eyes in the Karachi survey,exact,official_source_description,https://doi.org/10.5061/dryad.7q5c7,1,0,"[{""count"": 145, ""evidence_basis"": ""official_source_description"", ""evidence_url"": ""https://doi.org/10.5061/dryad.7q5c7"", ""exactness"": ""exact"", ""notes"": ""Source-stated quantity; Dryad file count is separate metadata and is not a scientific sample count."", ""primary"": true, ""review_date"": ""2026-08-01"", ""scope"": ""Source-described operated eyes in the Karachi survey"", ""unit"": ""eyes""}]",Quantities with different units are not interchangeable. Related records and derivative components may overlap.
dryad_lens_fluorescence_twins,Long-term development of lens fluorescence in a twin cohort: Heritability and effects of age and lifestyle,tabular,tabular,0.5.0,2026-08-02,2026-08-02,https://doi.org/10.5061/dryad.mcvdnck22,primary_quantity_resolved,131,participants,Source-stated primary resource quantity.,exact,official_source_description,https://doi.org/10.5061/dryad.mcvdnck22,1,0,"[{""count"": 131, ""evidence_basis"": ""official_source_description"", ""evidence_url"": ""https://doi.org/10.5061/dryad.mcvdnck22"", ""exactness"": ""exact"", ""notes"": ""Current official Dryad metadata."", ""primary"": true, ""review_date"": ""2026-08-01"", ""scope"": ""Source-stated primary resource quantity."", ""unit"": ""participants""}]",Quantities with different units are not interchangeable. Related records and derivative components may overlap.
dryad_lvpei_cataract_outcomes,LVPEI Cataract Surgery Outcome Dataset,tabular,tabular,0.5.0,2026-08-02,2026-08-02,https://doi.org/10.5061/dryad.71hp4,primary_quantity_resolved,2049,surgeries,Cataract surgeries in the source-described LVPEI outcome study,exact,official_source_description,https://doi.org/10.5061/dryad.71hp4,1,0,"[{""count"": 2049, ""evidence_basis"": ""official_source_description"", ""evidence_url"": ""https://doi.org/10.5061/dryad.71hp4"", ""exactness"": ""exact"", ""notes"": ""Source-stated scientific quantity; deposit file count is recorded separately."", ""primary"": true, ""review_date"": ""2026-08-01"", ""scope"": ""Cataract surgeries in the source-described LVPEI outcome study"", ""unit"": ""surgeries""}]",Quantities with different units are not interchangeable. Related records and derivative components may overlap.
dryad_moorfields_amd_1_2_year,One and two year visual outcomes from the Moorfields age-related macular degeneration database: a retrospective cohort study and an open science resource,tabular,tabular,0.5.0,2026-08-02,2026-08-02,https://doi.org/10.5061/dryad.97r9289,primary_quantity_resolved,8174,eyes,Source-stated primary resource quantity.,exact,official_source_description,https://doi.org/10.5061/dryad.97r9289,1,0,"[{""count"": 8174, ""evidence_basis"": ""official_source_description"", ""evidence_url"": ""https://doi.org/10.5061/dryad.97r9289"", ""exactness"": ""exact"", ""notes"": ""Current official Dryad metadata."", ""primary"": true, ""review_date"": ""2026-08-01"", ""scope"": ""Source-stated primary resource quantity."", ""unit"": ""eyes""}]",Quantities with different units are not interchangeable. Related records and derivative components may overlap.
dryad_moorfields_namd_fellow_eye,Moorfields nAMD Fellow-Eye Dataset,tabular,tabular,0.5.0,2026-08-02,2026-08-02,https://doi.org/10.5061/dryad.4mw6m906b,primary_quantity_resolved,6265,participants,Source-described Moorfields nAMD database patients,exact,official_source_description,https://doi.org/10.5061/dryad.4mw6m906b,1,0,"[{""count"": 6265, ""evidence_basis"": ""official_source_description"", ""evidence_url"": ""https://doi.org/10.5061/dryad.4mw6m906b"", ""exactness"": ""exact"", ""notes"": ""Source-stated quantity; Dryad file count is separate metadata and is not a scientific sample count."", ""primary"": true, ""review_date"": ""2026-08-01"", ""scope"": ""Source-described Moorfields nAMD database patients"", ""unit"": ""participants""}]",Quantities with different units are not interchangeable. Related records and derivative components may overlap.
dryad_myopia_glaucoma_visual_field,Myopia and Glaucoma Visual Field Prognosis Dataset,visual_field,visual_field|tabular,0.5.0,2026-08-02,2026-08-02,https://doi.org/10.5061/dryad.1n50q,primary_quantity_resolved,270,eyes,Source-described primary open-angle glaucoma eyes,exact,official_source_description,https://doi.org/10.5061/dryad.1n50q,1,0,"[{""count"": 270, ""evidence_basis"": ""official_source_description"", ""evidence_url"": ""https://doi.org/10.5061/dryad.1n50q"", ""exactness"": ""exact"", ""notes"": ""Source-stated quantity; Dryad file count is separate metadata and is not a scientific sample count."", ""primary"": true, ""review_date"": ""2026-08-01"", ""scope"": ""Source-described primary open-angle glaucoma eyes"", ""unit"": ""eyes""}]",Quantities with different units are not interchangeable. Related records and derivative components may overlap.
dryad_namd_12_year_survival,Insights from survival analyses during 12 years of anti-VEGF therapy for neovascular age-related macular degeneration,tabular,tabular,0.5.0,2026-08-02,2026-08-02,https://doi.org/10.5061/dryad.nvx0k6dqg,primary_quantity_resolved,7802,eyes,Source-stated primary resource quantity.,exact,official_source_description,https://doi.org/10.5061/dryad.nvx0k6dqg,1,0,"[{""count"": 7802, ""evidence_basis"": ""official_source_description"", ""evidence_url"": ""https://doi.org/10.5061/dryad.nvx0k6dqg"", ""exactness"": ""exact"", ""notes"": ""Current official Dryad metadata."", ""primary"": true, ""review_date"": ""2026-08-01"", ""scope"": ""Source-stated primary resource quantity."", ""unit"": ""eyes""}]",Quantities with different units are not interchangeable. Related records and derivative components may overlap.
dryad_namd_oct_longitudinal,Quantifying changes on optical coherence tomography in eyes receiving treatment for neovascular age-related macular degeneration,oct,oct|tabular,0.5.0,2026-08-02,2026-08-02,https://doi.org/10.5061/dryad.8cz8w9h0v,primary_quantity_resolved,2115,eyes,Source-stated primary resource quantity.,exact,official_source_description,https://doi.org/10.5061/dryad.8cz8w9h0v,1,0,"[{""count"": 2115, ""evidence_basis"": ""official_source_description"", ""evidence_url"": ""https://doi.org/10.5061/dryad.8cz8w9h0v"", ""exactness"": ""exact"", ""notes"": ""Current official Dryad metadata."", ""primary"": true, ""review_date"": ""2026-08-01"", ""scope"": ""Source-stated primary resource quantity."", ""unit"": ""eyes""}]",Quantities with different units are not interchangeable. Related records and derivative components may overlap.
dryad_namd_oct_quant,Moorfields nAMD Quantitative OCT Biomarker Dataset,tabular,tabular|oct,0.5.0,2026-08-02,2026-08-02,https://doi.org/10.5061/dryad.2rbnzs7m4,primary_quantity_resolved,2966,volumes,Primary quantity reported in the reviewed catalog source,not_assessed,legacy_catalog_field,https://doi.org/10.5061/dryad.2rbnzs7m4,1,0,"[{""count"": 2966, ""evidence_basis"": ""legacy_catalog_field"", ""evidence_url"": ""https://doi.org/10.5061/dryad.2rbnzs7m4"", ""exactness"": ""not_assessed"", ""notes"": """", ""primary"": true, ""review_date"": ""2026-08-01"", ""scope"": ""Primary quantity reported in the reviewed catalog source"", ""unit"": ""volumes""}]",Quantities with different units are not interchangeable. Related records and derivative components may overlap.
dryad_namd_ten_year_survival,Ten-year survival trends of neovascular age-related macular degeneration at first presentation,tabular,tabular,0.5.0,2026-08-02,2026-08-02,https://doi.org/10.5061/dryad.9cnp5hqfm,primary_quantity_resolved,103,participants,Source-stated primary resource quantity.,exact,official_source_description,https://doi.org/10.5061/dryad.9cnp5hqfm,1,0,"[{""count"": 103, ""evidence_basis"": ""official_source_description"", ""evidence_url"": ""https://doi.org/10.5061/dryad.9cnp5hqfm"", ""exactness"": ""exact"", ""notes"": ""Current official Dryad metadata."", ""primary"": true, ""review_date"": ""2026-08-01"", ""scope"": ""Source-stated primary resource quantity."", ""unit"": ""participants""}]",Quantities with different units are not interchangeable. Related records and derivative components may overlap.
dryad_namd_visual_prediction,Moorfields nAMD Visual-Change Prediction Dataset,tabular,tabular|oct,0.5.0,2026-08-02,2026-08-02,https://doi.org/10.5061/dryad.573n5tb5d,primary_quantity_resolved,926,eyes,Treatment-naive first-treated eyes in the primary analysis,exact,official_source_description,https://doi.org/10.5061/dryad.573n5tb5d,1,0,"[{""count"": 926, ""evidence_basis"": ""official_source_description"", ""evidence_url"": ""https://doi.org/10.5061/dryad.573n5tb5d"", ""exactness"": ""exact"", ""notes"": """", ""primary"": true, ""review_date"": ""2026-08-01"", ""scope"": ""Treatment-naive first-treated eyes in the primary analysis"", ""unit"": ""eyes""}]",Quantities with different units are not interchangeable. Related records and derivative components may overlap.
dryad_nigeria_cataract_services,Nigeria Cataract Services Dataset,tabular,tabular,0.5.0,2026-08-02,2026-08-02,https://doi.org/10.5061/dryad.13bp2,primary_quantity_unresolved,,,,,,,0,0,[],Quantities with different units are not interchangeable. Related records and derivative components may overlap.
dryad_ocular_chemical_injuries_shanghai,Clinical characteristics of patients hospitalized for ocular chemical injuries in Shanghai from 2012 to 2017,tabular,tabular,0.5.0,2026-08-02,2026-08-02,https://doi.org/10.5061/dryad.9707661,primary_quantity_resolved,160,participants,Source-stated primary resource quantity.,exact,official_source_description,https://doi.org/10.5061/dryad.9707661,1,0,"[{""count"": 160, ""evidence_basis"": ""official_source_description"", ""evidence_url"": ""https://doi.org/10.5061/dryad.9707661"", ""exactness"": ""exact"", ""notes"": ""Current official Dryad metadata."", ""primary"": true, ""review_date"": ""2026-08-01"", ""scope"": ""Source-stated primary resource quantity."", ""unit"": ""participants""}]",Quantities with different units are not interchangeable. Related records and derivative components may overlap.
dryad_ocular_surface_amr,Ocular Surface AMR Keratitis Dataset,omics,omics|tabular,0.5.0,2026-08-02,2026-08-02,https://doi.org/10.5061/dryad.6t1g1jx9s,primary_quantity_unresolved,,,,,,,0,0,[],Quantities with different units are not interchangeable. Related records and derivative components may overlap.
dryad_optic_neuritis_metacontrast,Dichoptic metacontrast masking functions to infer transmission delay in optic neuritis,tabular,tabular,0.5.0,2026-08-02,2026-08-02,https://doi.org/10.5061/dryad.cp4j7,primary_quantity_unresolved,,,,,,,0,0,[],Quantities with different units are not interchangeable. Related records and derivative components may overlap.
dryad_pediatric_corneal_endothelium,Corneal endothelial morphology of healthy myopic Malaysian children of Chinese ethnicity aged 8-9 years and its association with axial length,corneal_topography,corneal_topography|tabular,0.5.0,2026-08-02,2026-08-02,https://doi.org/10.5061/dryad.hhmgqnkjc,primary_quantity_resolved,111,participants,Source-stated primary resource quantity.,exact,official_source_description,https://doi.org/10.5061/dryad.hhmgqnkjc,1,0,"[{""count"": 111, ""evidence_basis"": ""official_source_description"", ""evidence_url"": ""https://doi.org/10.5061/dryad.hhmgqnkjc"", ""exactness"": ""exact"", ""notes"": ""Current official Dryad metadata."", ""primary"": true, ""review_date"": ""2026-08-01"", ""scope"": ""Source-stated primary resource quantity."", ""unit"": ""participants""}]",Quantities with different units are not interchangeable. Related records and derivative components may overlap.
dryad_pediatric_myopia_longitudinal,Axial length elongation and myopia incidence increase in primary school-age children: 3-year follow-up study,tabular,tabular,0.5.0,2026-08-02,2026-08-02,https://doi.org/10.5061/dryad.d4mb3pn,primary_quantity_resolved,452,participants,Source-stated primary resource quantity.,exact,official_source_description,https://doi.org/10.5061/dryad.d4mb3pn,1,0,"[{""count"": 452, ""evidence_basis"": ""official_source_description"", ""evidence_url"": ""https://doi.org/10.5061/dryad.d4mb3pn"", ""exactness"": ""exact"", ""notes"": ""Current official Dryad metadata."", ""primary"": true, ""review_date"": ""2026-08-01"", ""scope"": ""Source-stated primary resource quantity."", ""unit"": ""participants""}]",Quantities with different units are not interchangeable. Related records and derivative components may overlap.
dryad_pediatric_optical_quality,Intra- and intersession repeatability of an optical quality and intraocular scattering measurement system in children,tabular,tabular,0.5.0,2026-08-02,2026-08-02,https://doi.org/10.5061/dryad.bm8nv,primary_quantity_resolved,42,eyes,Source-stated primary resource quantity.,exact,official_source_description,https://doi.org/10.5061/dryad.bm8nv,1,0,"[{""count"": 42, ""evidence_basis"": ""official_source_description"", ""evidence_url"": ""https://doi.org/10.5061/dryad.bm8nv"", ""exactness"": ""exact"", ""notes"": ""Current official Dryad metadata."", ""primary"": true, ""review_date"": ""2026-08-01"", ""scope"": ""Source-stated primary resource quantity."", ""unit"": ""eyes""}]",Quantities with different units are not interchangeable. Related records and derivative components may overlap.
dryad_pediatric_secondary_iol,Pediatric Secondary IOL Outcome Dataset,tabular,tabular,0.5.0,2026-08-02,2026-08-02,https://doi.org/10.5061/dryad.5t9d1,primary_quantity_unresolved,,,,,,,0,0,[],Quantities with different units are not interchangeable. Related records and derivative components may overlap.
dryad_pk31jt2,Data from: Low incidence of choroidal neovascularization following subthreshold diode micropulse laser (SDM) in high-risk AMD,tabular,tabular,0.5.0,2026-08-02,2026-08-02,https://doi.org/10.5061/dryad.pk31jt2,primary_quantity_unresolved,,,,,,,0,0,[],Quantities with different units are not interchangeable. Related records and derivative components may overlap.
dryad_pnvx0k6hv,Time trends and associated factors of axial length in 4 and 5 year-olds children in Shanghai from 2013 to 2019,tabular,tabular,0.5.0,2026-08-02,2026-08-02,https://doi.org/10.5061/dryad.pnvx0k6hv,primary_quantity_unresolved,,,,,,,0,0,[],Quantities with different units are not interchangeable. Related records and derivative components may overlap.
dryad_preeclampsia_ocular_octa,Plane wave ultrasound and OCT angiography of the eye in preeclampsia,octa,octa|ocular_ultrasound|tabular,0.5.0,2026-08-02,2026-08-02,https://doi.org/10.5061/dryad.j0zpc86kg,primary_quantity_unresolved,,,,,,,0,0,[],Quantities with different units are not interchangeable. Related records and derivative components may overlap.
dryad_pvd_diagnostic_oct,"Accuracy of biomicroscopy, ultrasonography and spectral-domain OCT in detection of complete posterior vitreous detachment",oct,oct|tabular,0.5.0,2026-08-02,2026-08-02,https://doi.org/10.5061/dryad.h44j0zpnp,primary_quantity_resolved,123,eyes,Source-stated primary resource quantity.,exact,official_source_description,https://doi.org/10.5061/dryad.h44j0zpnp,1,0,"[{""count"": 123, ""evidence_basis"": ""official_source_description"", ""evidence_url"": ""https://doi.org/10.5061/dryad.h44j0zpnp"", ""exactness"": ""exact"", ""notes"": ""Current official Dryad metadata."", ""primary"": true, ""review_date"": ""2026-08-01"", ""scope"": ""Source-stated primary resource quantity."", ""unit"": ""eyes""}]",Quantities with different units are not interchangeable. Related records and derivative components may overlap.
dryad_pzgmsbcfw,Anti-vegf therapy in diabetic macular oedema patients over four years,tabular,tabular,0.5.0,2026-08-02,2026-08-02,https://doi.org/10.5061/dryad.pzgmsbcfw,primary_quantity_unresolved,,,,,,,0,0,[],Quantities with different units are not interchangeable. Related records and derivative components may overlap.
dryad_qfttdz0dr,Association of APOE gene polymorphisms with primary open angle glaucoma in Brazilian patients,tabular,tabular,0.5.0,2026-08-02,2026-08-02,https://doi.org/10.5061/dryad.qfttdz0dr,primary_quantity_resolved,803,participants,Source-described POAG cases and controls,exact,official_source_description,https://doi.org/10.5061/dryad.qfttdz0dr,1,0,"[{""count"": 803, ""evidence_basis"": ""official_source_description"", ""evidence_url"": ""https://doi.org/10.5061/dryad.qfttdz0dr"", ""exactness"": ""exact"", ""notes"": ""Source-stated scientific quantity; current Dryad file count is separate repository metadata."", ""primary"": true, ""review_date"": ""2026-08-01"", ""scope"": ""Source-described POAG cases and controls"", ""unit"": ""participants""}]",Quantities with different units are not interchangeable. Related records and derivative components may overlap.
dryad_r7s04,"Data from: Prevalence of depression, anxiety, adjustment disorders, and somatoform disorders in patients with age-related macular degeneration in Germany",tabular,tabular,0.5.0,2026-08-02,2026-08-02,https://doi.org/10.5061/dryad.r7s04,primary_quantity_resolved,15160,participants,Source-described AMD and matched control participants,exact,official_source_description,https://doi.org/10.5061/dryad.r7s04,1,0,"[{""count"": 15160, ""evidence_basis"": ""official_source_description"", ""evidence_url"": ""https://doi.org/10.5061/dryad.r7s04"", ""exactness"": ""exact"", ""notes"": ""Source-stated scientific quantity; current Dryad file count is separate repository metadata."", ""primary"": true, ""review_date"": ""2026-08-01"", ""scope"": ""Source-described AMD and matched control participants"", ""unit"": ""participants""}]",Quantities with different units are not interchangeable. Related records and derivative components may overlap.
dryad_rao_multiomics,Data and code from: Fatty acid metabolism reprograms immune microenvironment in retinal artery occlusion: Multi-Omics analysis highlights immunometabolic crosstalk,omics,omics|tabular,0.5.0,2026-08-02,2026-08-02,https://doi.org/10.5061/dryad.98sf7m0wt,primary_quantity_unresolved,,,,,,,0,0,[],Quantities with different units are not interchangeable. Related records and derivative components may overlap.
dryad_ravi_cataract_outcomes,RAVI Cataract Surgery Outcome Dataset,tabular,tabular,0.5.0,2026-08-02,2026-08-02,https://doi.org/10.5061/dryad.4p55b,primary_quantity_resolved,1228,eyes,Source-described operated eyes with cataract surgery history,exact,official_source_description,https://doi.org/10.5061/dryad.4p55b,1,0,"[{""count"": 1228, ""evidence_basis"": ""official_source_description"", ""evidence_url"": ""https://doi.org/10.5061/dryad.4p55b"", ""exactness"": ""exact"", ""notes"": ""Source-stated quantity; Dryad file count is separate metadata and is not a scientific sample count."", ""primary"": true, ""review_date"": ""2026-08-01"", ""scope"": ""Source-described operated eyes with cataract surgery history"", ""unit"": ""eyes""}]",Quantities with different units are not interchangeable. Related records and derivative components may overlap.
dryad_retinal_prosthesis_navigation,Visual and non-visual navigation in blind patients with a retinal prosthesis,multimodal,tabular,0.5.0,2026-08-02,2026-08-02,https://doi.org/10.5061/dryad.c6147,primary_quantity_resolved,4,participants,Source-stated primary resource quantity.,exact,official_source_description,https://doi.org/10.5061/dryad.c6147,1,0,"[{""count"": 4, ""evidence_basis"": ""official_source_description"", ""evidence_url"": ""https://doi.org/10.5061/dryad.c6147"", ""exactness"": ""exact"", ""notes"": ""Current official Dryad metadata."", ""primary"": true, ""review_date"": ""2026-08-01"", ""scope"": ""Source-stated primary resource quantity."", ""unit"": ""participants""}]",Quantities with different units are not interchangeable. Related records and derivative components may overlap.
dryad_rn38r,"Data from: Do picture-based charts overestimate visual acuity? Comparison of Kay Pictures, Lea Symbols, HOTV and Keeler logMAR charts with Sloan Letters in adults and children",tabular,tabular,0.5.0,2026-08-02,2026-08-02,https://doi.org/10.5061/dryad.rn38r,primary_quantity_resolved,42,participants,Source-described adults and children in visual-acuity comparison,exact,official_source_description,https://doi.org/10.5061/dryad.rn38r,1,0,"[{""count"": 42, ""evidence_basis"": ""official_source_description"", ""evidence_url"": ""https://doi.org/10.5061/dryad.rn38r"", ""exactness"": ""exact"", ""notes"": ""Source-stated scientific quantity; current Dryad file count is separate repository metadata."", ""primary"": true, ""review_date"": ""2026-08-01"", ""scope"": ""Source-described adults and children in visual-acuity comparison"", ""unit"": ""participants""}]",Quantities with different units are not interchangeable. Related records and derivative components may overlap.
dryad_rn8pk0p70,Socioeconomic status and decreasing incidence of ocular injuries in Bosnia and Herzegovina,tabular,tabular,0.5.0,2026-08-02,2026-08-02,https://doi.org/10.5061/dryad.rn8pk0p70,primary_quantity_unresolved,,,,,,,0,0,[],Quantities with different units are not interchangeable. Related records and derivative components may overlap.
dryad_rn8pk0pdp,"Detection of SARS-CoV-2 in conjunctival secretion and tears in patients with COVID-19 in a tertiary care centre, South India",tabular,tabular,0.5.0,2026-08-02,2026-08-02,https://doi.org/10.5061/dryad.rn8pk0pdp,primary_quantity_resolved,80,participants,Source-described COVID-19 participants with conjunctival sampling,exact,official_source_description,https://doi.org/10.5061/dryad.rn8pk0pdp,1,0,"[{""count"": 80, ""evidence_basis"": ""official_source_description"", ""evidence_url"": ""https://doi.org/10.5061/dryad.rn8pk0pdp"", ""exactness"": ""exact"", ""notes"": ""Source-stated scientific quantity; current Dryad file count is separate repository metadata."", ""primary"": true, ""review_date"": ""2026-08-01"", ""scope"": ""Source-described COVID-19 participants with conjunctival sampling"", ""unit"": ""participants""}]",Quantities with different units are not interchangeable. Related records and derivative components may overlap.
dryad_rop_plane_wave_doppler,ROP Plane-Wave Doppler Dataset,tabular,tabular|ocular_ultrasound,0.5.0,2026-08-02,2026-08-02,https://doi.org/10.5061/dryad.612jm649r,primary_quantity_unresolved,,,,,,,0,0,[],Quantities with different units are not interchangeable. Related records and derivative components may overlap.
dryad_rpgr_cone_rod_wes,RPGR Cone-Rod Dystrophy WES Dataset,omics,omics,0.5.0,2026-08-02,2026-08-02,https://doi.org/10.5061/dryad.5qfttdz5d,primary_quantity_unresolved,,,,,,,0,0,[],Quantities with different units are not interchangeable. Related records and derivative components may overlap.
dryad_sbcc2fr6n,Exploring phenotypic diversity of pigmented traits and iris features in Pakistani population,iris_biometrics,iris_biometrics|external_eye|tabular,0.5.0,2026-08-02,2026-08-02,https://doi.org/10.5061/dryad.sbcc2fr6n,primary_quantity_resolved,514,participants,Source-described Pakistani iris-feature volunteers,exact,official_source_description,https://doi.org/10.5061/dryad.sbcc2fr6n,1,0,"[{""count"": 514, ""evidence_basis"": ""official_source_description"", ""evidence_url"": ""https://doi.org/10.5061/dryad.sbcc2fr6n"", ""exactness"": ""exact"", ""notes"": ""Source-stated scientific quantity; current Dryad file count is separate repository metadata."", ""primary"": true, ""review_date"": ""2026-08-01"", ""scope"": ""Source-described Pakistani iris-feature volunteers"", ""unit"": ""participants""}]",Quantities with different units are not interchangeable. Related records and derivative components may overlap.
dryad_sbcc2fr7r,Gender and age-related differences of ccular biometric parameters in patients undergoing cataract surgery in Bosnia and Herzegovina,tabular,tabular,0.5.0,2026-08-02,2026-08-02,https://doi.org/10.5061/dryad.sbcc2fr7r,primary_quantity_resolved,1278,participants,Source-described cataract-surgery patients,exact,official_source_description,https://doi.org/10.5061/dryad.sbcc2fr7r,1,0,"[{""count"": 1278, ""evidence_basis"": ""official_source_description"", ""evidence_url"": ""https://doi.org/10.5061/dryad.sbcc2fr7r"", ""exactness"": ""exact"", ""notes"": ""Source-stated scientific quantity; current Dryad file count is separate repository metadata."", ""primary"": true, ""review_date"": ""2026-08-01"", ""scope"": ""Source-described cataract-surgery patients"", ""unit"": ""participants""}]",Quantities with different units are not interchangeable. Related records and derivative components may overlap.
dryad_shanghai_myopia_2014_2018,"Age-related change of axial length, spherical equivalent, prevalence of myopia and high myopia in school-age children in Shanghai: 2014 to 2018",tabular,tabular,0.5.0,2026-08-02,2026-08-02,https://doi.org/10.5061/dryad.c2fqz615c,primary_quantity_unresolved,,,,,,,0,0,[],Quantities with different units are not interchangeable. Related records and derivative components may overlap.
dryad_sn02v6x2x,Data from: Corneal laser procedure for vision improvement in patients with late stage dry age-related macular degeneration,tabular,tabular,0.5.0,2026-08-02,2026-08-02,https://doi.org/10.5061/dryad.sn02v6x2x,primary_quantity_resolved,32,eyes,Source-described eyes receiving corneal photovitrification,exact,official_source_description,https://doi.org/10.5061/dryad.sn02v6x2x,1,0,"[{""count"": 32, ""evidence_basis"": ""official_source_description"", ""evidence_url"": ""https://doi.org/10.5061/dryad.sn02v6x2x"", ""exactness"": ""exact"", ""notes"": ""Source-stated scientific quantity; current Dryad file count is separate repository metadata."", ""primary"": true, ""review_date"": ""2026-08-01"", ""scope"": ""Source-described eyes receiving corneal photovitrification"", ""unit"": ""eyes""}]",Quantities with different units are not interchangeable. Related records and derivative components may overlap.
dryad_stargardt_wes,Stargardt Disease WES Variant Dataset,omics,omics,0.5.0,2026-08-02,2026-08-02,https://doi.org/10.5061/dryad.0qk7f,primary_quantity_resolved,33,participants,Source-described Stargardt disease probands,exact,official_source_description,https://doi.org/10.5061/dryad.0qk7f,1,0,"[{""count"": 33, ""evidence_basis"": ""official_source_description"", ""evidence_url"": ""https://doi.org/10.5061/dryad.0qk7f"", ""exactness"": ""exact"", ""notes"": ""Source-stated quantity; Dryad file count is separate metadata and is not a scientific sample count."", ""primary"": true, ""review_date"": ""2026-08-01"", ""scope"": ""Source-described Stargardt disease probands"", ""unit"": ""participants""}]",Quantities with different units are not interchangeable. Related records and derivative components may overlap.
dryad_taizhou_cataract_outdoors,The association of outdoor activity and age-related cataract in a rural population of Taizhou Eye Study: phase 1 report,tabular,tabular,0.5.0,2026-08-02,2026-08-02,https://doi.org/10.5061/dryad.gt410,primary_quantity_resolved,2006,participants,Source-stated primary resource quantity.,exact,official_source_description,https://doi.org/10.5061/dryad.gt410,1,0,"[{""count"": 2006, ""evidence_basis"": ""official_source_description"", ""evidence_url"": ""https://doi.org/10.5061/dryad.gt410"", ""exactness"": ""exact"", ""notes"": ""Current official Dryad metadata."", ""primary"": true, ""review_date"": ""2026-08-01"", ""scope"": ""Source-stated primary resource quantity."", ""unit"": ""participants""}]",Quantities with different units are not interchangeable. Related records and derivative components may overlap.
dryad_tb_uveitis_ifn,Type 1 interferon-inducible gene expression in QuantiFERON Gold TB-positive uveitis: a tool to stratify a high versus low risk of active tuberculosis?,omics,omics|tabular,0.5.0,2026-08-02,2026-08-02,https://doi.org/10.5061/dryad.8jk03jd,primary_quantity_unresolved,,,,,,,0,0,[],Quantities with different units are not interchangeable. Related records and derivative components may overlap.
dryad_tmpg4f4vb,Effects of capsular tension ring on surgical outcomes of premium intraocular lens in patients with suspected zonular weakness,tabular,tabular,0.5.0,2026-08-02,2026-08-02,https://doi.org/10.5061/dryad.tmpg4f4vb,primary_quantity_resolved,55,eyes,Source-described eyes in capsular-tension-ring analysis,exact,official_source_description,https://doi.org/10.5061/dryad.tmpg4f4vb,1,0,"[{""count"": 55, ""evidence_basis"": ""official_source_description"", ""evidence_url"": ""https://doi.org/10.5061/dryad.tmpg4f4vb"", ""exactness"": ""exact"", ""notes"": ""Source-stated scientific quantity; current Dryad file count is separate repository metadata."", ""primary"": true, ""review_date"": ""2026-08-01"", ""scope"": ""Source-described eyes in capsular-tension-ring analysis"", ""unit"": ""eyes""}]",Quantities with different units are not interchangeable. Related records and derivative components may overlap.
dryad_toric_iol_incision,Toric Intraocular Lens Incision Outcome Dataset,tabular,tabular,0.5.0,2026-08-02,2026-08-02,https://doi.org/10.5061/dryad.01n20,primary_quantity_resolved,60,participants,Source-described toric IOL cataract cohort,exact,official_source_description,https://doi.org/10.5061/dryad.01n20,1,0,"[{""count"": 60, ""evidence_basis"": ""official_source_description"", ""evidence_url"": ""https://doi.org/10.5061/dryad.01n20"", ""exactness"": ""exact"", ""notes"": ""Source-stated quantity; Dryad file count is separate metadata and is not a scientific sample count."", ""primary"": true, ""review_date"": ""2026-08-01"", ""scope"": ""Source-described toric IOL cataract cohort"", ""unit"": ""participants""}]",Quantities with different units are not interchangeable. Related records and derivative components may overlap.
dryad_uveal_melanoma_coog2,COOG2.1 Uveal Melanoma Prognostic Dataset,omics,omics,0.5.0,2026-08-02,2026-08-02,https://doi.org/10.5061/dryad.n8pk0p340,primary_quantity_resolved,1577,participants,Multicenter prognostic cohort,exact,official_source_description,https://doi.org/10.5061/dryad.n8pk0p340,1,0,"[{""count"": 1577, ""evidence_basis"": ""official_source_description"", ""evidence_url"": ""https://doi.org/10.5061/dryad.n8pk0p340"", ""exactness"": ""exact"", ""notes"": """", ""primary"": true, ""review_date"": ""2026-08-01"", ""scope"": ""Multicenter prognostic cohort"", ""unit"": ""participants""}]",Quantities with different units are not interchangeable. Related records and derivative components may overlap.
dryad_uveitis_vitreous_biomarkers,Uveitis Vitreous Biomarker Dataset,omics,omics|tabular,0.5.0,2026-08-02,2026-08-02,https://doi.org/10.5061/dryad.597ch,primary_quantity_resolved,234,eyes,Source-described uveitis study eyes,exact,official_source_description,https://doi.org/10.5061/dryad.597ch,1,0,"[{""count"": 234, ""evidence_basis"": ""official_source_description"", ""evidence_url"": ""https://doi.org/10.5061/dryad.597ch"", ""exactness"": ""exact"", ""notes"": ""Source-stated quantity; Dryad file count is separate metadata and is not a scientific sample count."", ""primary"": true, ""review_date"": ""2026-08-01"", ""scope"": ""Source-described uveitis study eyes"", ""unit"": ""eyes""}]",Quantities with different units are not interchangeable. Related records and derivative components may overlap.
dryad_v6wwpzh1b,Data from: Micropulse transscleral cyclophotocoagulation results in secondary glaucoma,tabular,tabular,0.5.0,2026-08-02,2026-08-02,https://doi.org/10.5061/dryad.v6wwpzh1b,primary_quantity_unresolved,,,,,,,0,0,[],Quantities with different units are not interchangeable. Related records and derivative components may overlap.
dryad_v9p0b,Data from: Retinal capillary rarefaction in patients with untreated mild-moderate hypertension,tabular,tabular,0.5.0,2026-08-02,2026-08-02,https://doi.org/10.5061/dryad.v9p0b,primary_quantity_unresolved,,,,,,,0,0,[],Quantities with different units are not interchangeable. Related records and derivative components may overlap.
dryad_vkh_apoe,VKH APOE Transcriptomics and Proteomics Dataset,omics,omics|tabular,0.5.0,2026-08-02,2026-08-02,https://doi.org/10.5061/dryad.37pvmcvzx,primary_quantity_unresolved,,,,,,,0,0,[],Quantities with different units are not interchangeable. Related records and derivative components may overlap.
dryad_xgxd254pk,"Supporting information for: Discrimination ability of central visual field testing using stimulus size I, II, and III and relationship with macular ganglion cell thickness in chiasmal compression",visual_field,visual_field|tabular,0.5.0,2026-08-02,2026-08-02,https://doi.org/10.5061/dryad.xgxd254pk,primary_quantity_resolved,60,eyes,Source-described patient and control eyes in visual-field study,exact,official_source_description,https://doi.org/10.5061/dryad.xgxd254pk,1,0,"[{""count"": 60, ""evidence_basis"": ""official_source_description"", ""evidence_url"": ""https://doi.org/10.5061/dryad.xgxd254pk"", ""exactness"": ""exact"", ""notes"": ""Source-stated scientific quantity; current Dryad file count is separate repository metadata."", ""primary"": true, ""review_date"": ""2026-08-01"", ""scope"": ""Source-described patient and control eyes in visual-field study"", ""unit"": ""eyes""}]",Quantities with different units are not interchangeable. Related records and derivative components may overlap.
dryad_young_adult_uv_transmission,Individual variation in the transmission of ultraviolet radiation in the young adult eye.,tabular,tabular,0.5.0,2026-08-02,2026-08-02,https://doi.org/10.5061/dryad.hg000c2,primary_quantity_resolved,42,participants,Source-stated primary resource quantity.,exact,official_source_description,https://doi.org/10.5061/dryad.hg000c2,1,0,"[{""count"": 42, ""evidence_basis"": ""official_source_description"", ""evidence_url"": ""https://doi.org/10.5061/dryad.hg000c2"", ""exactness"": ""exact"", ""notes"": ""Current official Dryad metadata."", ""primary"": true, ""review_date"": ""2026-08-01"", ""scope"": ""Source-stated primary resource quantity."", ""unit"": ""participants""}]",Quantities with different units are not interchangeable. Related records and derivative components may overlap.
dryad_z8w9ghx9c,Accuracy of intraocular lens calculation formulas in cataract patients with steep corneal curvature,tabular,tabular,0.5.0,2026-08-02,2026-08-02,https://doi.org/10.5061/dryad.z8w9ghx9c,primary_quantity_resolved,112,eyes,Source-described cataract eyes for IOL formula evaluation,exact,official_source_description,https://doi.org/10.5061/dryad.z8w9ghx9c,1,0,"[{""count"": 112, ""evidence_basis"": ""official_source_description"", ""evidence_url"": ""https://doi.org/10.5061/dryad.z8w9ghx9c"", ""exactness"": ""exact"", ""notes"": ""Source-stated scientific quantity; current Dryad file count is separate repository metadata."", ""primary"": true, ""review_date"": ""2026-08-01"", ""scope"": ""Source-described cataract eyes for IOL formula evaluation"", ""unit"": ""eyes""}]",Quantities with different units are not interchangeable. Related records and derivative components may overlap.
dual_scheimpflug_ss_oct_biometry,Dual Scheimpflug and Swept-Source OCT Biometry Dataset,tabular,tabular|biometry,0.5.0,2026-08-02,2026-08-02,https://doi.org/10.6084/m9.figshare.16828996.v1,primary_quantity_unresolved,,,,,,,0,0,[],Quantities with different units are not interchangeable. Related records and derivative components may overlap.
duke_amd_chiu,Duke AMD Pathology OCT Segmentation Dataset,oct,oct,0.5.0,2026-08-02,2026-08-02,https://people.duke.edu/~sf59/Chiu_IOVS_2011_dataset.htm,primary_quantity_resolved,20,volumes,Primary quantity reported in the reviewed catalog source,not_assessed,legacy_catalog_field,https://people.duke.edu/~sf59/Chiu_IOVS_2011_dataset.htm,1,0,"[{""count"": 20, ""evidence_basis"": ""legacy_catalog_field"", ""evidence_url"": ""https://people.duke.edu/~sf59/Chiu_IOVS_2011_dataset.htm"", ""exactness"": ""not_assessed"", ""notes"": """", ""primary"": true, ""review_date"": ""2026-08-01"", ""scope"": ""Primary quantity reported in the reviewed catalog source"", ""unit"": ""volumes""}]",Quantities with different units are not interchangeable. Related records and derivative components may overlap.
duke_chiu_boe,Duke OCT DME Dataset (Chiu BOE 2014),oct,oct,0.5.0,2026-08-02,2026-08-02,http://people.duke.edu/~sf59/Chiu_BOE_2014_dataset.htm,primary_quantity_resolved,110,images,Primary quantity reported in the reviewed catalog source,not_assessed,legacy_catalog_field,http://people.duke.edu/~sf59/Chiu_BOE_2014_dataset.htm,1,0,"[{""count"": 110, ""evidence_basis"": ""legacy_catalog_field"", ""evidence_url"": ""http://people.duke.edu/~sf59/Chiu_BOE_2014_dataset.htm"", ""exactness"": ""not_assessed"", ""notes"": """", ""primary"": true, ""review_date"": ""2026-08-01"", ""scope"": ""Primary quantity reported in the reviewed catalog source"", ""unit"": ""images""}]",Quantities with different units are not interchangeable. Related records and derivative components may overlap.
duke_rpedc,Duke RPE-Drusen Complex OCT Dataset,oct,oct,0.5.0,2026-08-02,2026-08-02,https://people.duke.edu/~sf59/RPEDC_Ophth_2013_dataset.htm,primary_quantity_resolved,384,participants,Primary quantity reported in the reviewed catalog source,not_assessed,legacy_catalog_field,https://people.duke.edu/~sf59/RPEDC_Ophth_2013_dataset.htm,2,1,"[{""count"": 384, ""evidence_basis"": ""legacy_catalog_field"", ""evidence_url"": ""https://people.duke.edu/~sf59/RPEDC_Ophth_2013_dataset.htm"", ""exactness"": ""not_assessed"", ""notes"": """", ""primary"": true, ""review_date"": ""2026-08-01"", ""scope"": ""Primary quantity reported in the reviewed catalog source"", ""unit"": ""participants""}, {""count"": 38400, ""evidence_basis"": ""official_source_description"", ""evidence_url"": ""https://people.duke.edu/~sf59/Srinivasan_BOE_2014_dataset.htm"", ""exactness"": ""exact"", ""notes"": """", ""primary"": false, ""review_date"": ""2026-08-01"", ""scope"": ""B-scans derived from 384 participants"", ""unit"": ""b_scans""}]",Quantities with different units are not interchangeable. Related records and derivative components may overlap.
e_ophtha,E-ophtha (EX + MA): Exudate and Microaneurysm Segmentation,fundus,fundus,0.5.0,2026-08-02,2026-08-02,https://www.kaggle.com/datasets/samriddhibagchi/e-ophtha-diabetic-retinopathy-datasets-ex-ma,primary_quantity_resolved,463,images,Primary quantity reported in the reviewed catalog source,not_assessed,legacy_catalog_field,https://www.kaggle.com/datasets/samriddhibagchi/e-ophtha-diabetic-retinopathy-datasets-ex-ma,1,0,"[{""count"": 463, ""evidence_basis"": ""legacy_catalog_field"", ""evidence_url"": ""https://www.kaggle.com/datasets/samriddhibagchi/e-ophtha-diabetic-retinopathy-datasets-ex-ma"", ""exactness"": ""not_assessed"", ""notes"": """", ""primary"": true, ""review_date"": ""2026-08-01"", ""scope"": ""Primary quantity reported in the reviewed catalog source"", ""unit"": ""images""}]",Quantities with different units are not interchangeable. Related records and derivative components may overlap.
eed_astig,EED-Astig Pediatric External-Eye Dataset,external_eye,external_eye|tabular,0.5.0,2026-08-02,2026-08-02,https://doi.org/10.5281/zenodo.18976824,primary_quantity_resolved,3088,images,Primary quantity reported in the reviewed catalog source,not_assessed,legacy_catalog_field,https://doi.org/10.5281/zenodo.18976824,1,0,"[{""count"": 3088, ""evidence_basis"": ""legacy_catalog_field"", ""evidence_url"": ""https://doi.org/10.5281/zenodo.18976824"", ""exactness"": ""not_assessed"", ""notes"": """", ""primary"": true, ""review_date"": ""2026-08-01"", ""scope"": ""Primary quantity reported in the reviewed catalog source"", ""unit"": ""images""}]",Quantities with different units are not interchangeable. Related records and derivative components may overlap.
erdes,ERDES: Ocular Ultrasound Video Benchmark (Retinal Detachment + Macula),multimodal,ocular_ultrasound,0.5.0,2026-08-02,2026-08-02,https://arxiv.org/abs/2503.04525,primary_quantity_resolved,5381,video_clips,Ocular-ultrasound B-scan clips,exact,associated_publication,https://arxiv.org/abs/2503.04525,1,0,"[{""count"": 5381, ""evidence_basis"": ""associated_publication"", ""evidence_url"": ""https://arxiv.org/abs/2503.04525"", ""exactness"": ""exact"", ""notes"": """", ""primary"": true, ""review_date"": ""2026-08-01"", ""scope"": ""Ocular-ultrasound B-scan clips"", ""unit"": ""video_clips""}]",Quantities with different units are not interchangeable. Related records and derivative components may overlap.
eth_xgaze,ETH-XGaze Extreme-Pose Gaze Estimation Dataset,eye_tracking,eye_tracking,0.5.0,2026-08-02,2026-08-02,https://ait.ethz.ch/xgaze,primary_quantity_resolved,1083492,images,Primary quantity reported in the reviewed catalog source,not_assessed,legacy_catalog_field,https://ait.ethz.ch/xgaze,1,0,"[{""count"": 1083492, ""evidence_basis"": ""legacy_catalog_field"", ""evidence_url"": ""https://ait.ethz.ch/xgaze"", ""exactness"": ""not_assessed"", ""notes"": """", ""primary"": true, ""review_date"": ""2026-08-01"", ""scope"": ""Primary quantity reported in the reviewed catalog source"", ""unit"": ""images""}]",Quantities with different units are not interchangeable. Related records and derivative components may overlap.
external_eye_blepharitis,External Eye Photographs for Screening Referable Blepharitis,external_eye,external_eye,0.5.0,2026-08-02,2026-08-02,https://data.mendeley.com/datasets/bp37vw4z8d/1,primary_quantity_unresolved,,,,,,,0,0,[],Quantities with different units are not interchangeable. Related records and derivative components may overlap.
eye_conjunctiva_segmentation,Eye Conjunctiva Segmentation Dataset,external_eye,external_eye,0.5.0,2026-08-02,2026-08-02,https://data.mendeley.com/datasets/yxwjgcndg2/1,primary_quantity_resolved,547,images,Primary quantity reported in the reviewed catalog source,not_assessed,legacy_catalog_field,https://data.mendeley.com/datasets/yxwjgcndg2/1,1,0,"[{""count"": 547, ""evidence_basis"": ""legacy_catalog_field"", ""evidence_url"": ""https://data.mendeley.com/datasets/yxwjgcndg2/1"", ""exactness"": ""not_assessed"", ""notes"": """", ""primary"": true, ""review_date"": ""2026-08-01"", ""scope"": ""Primary quantity reported in the reviewed catalog source"", ""unit"": ""images""}]",Quantities with different units are not interchangeable. Related records and derivative components may overlap.
eye_disease_image_mendeley,Eye Disease Image Dataset,fundus,fundus,0.5.0,2026-08-02,2026-08-02,https://data.mendeley.com/datasets/s9bfhswzjb/1,primary_quantity_resolved,5335,images,Original and augmented image collection,exact,official_source_description,https://data.mendeley.com/datasets/s9bfhswzjb/1,1,0,"[{""count"": 5335, ""evidence_basis"": ""official_source_description"", ""evidence_url"": ""https://data.mendeley.com/datasets/s9bfhswzjb/1"", ""exactness"": ""exact"", ""notes"": """", ""primary"": true, ""review_date"": ""2026-08-01"", ""scope"": ""Original and augmented image collection"", ""unit"": ""images""}]",Quantities with different units are not interchangeable. Related records and derivative components may overlap.
eyecare_100k,Eyecare-100K: Multimodal Ophthalmology VQA Corpus,multimodal,fundus|fundus_angiography|fundus_autofluorescence|oct|ocular_ultrasound|external_eye|ct|text,0.5.0,2026-08-02,2026-08-02,https://github.com/DCDmllm/EyecareGPT,primary_quantity_resolved,102000,question_answer_pairs,Source-described VQA corpus,approximate,official_source_description,https://github.com/DCDmllm/EyecareGPT,2,1,"[{""count"": 102000, ""evidence_basis"": ""official_source_description"", ""evidence_url"": ""https://github.com/DCDmllm/EyecareGPT"", ""exactness"": ""approximate"", ""notes"": ""The dataset was described as pending release at the catalog cutoff."", ""primary"": true, ""review_date"": ""2026-08-01"", ""scope"": ""Source-described VQA corpus"", ""unit"": ""question_answer_pairs""}, {""count"": 58485, ""evidence_basis"": ""official_source_description"", ""evidence_url"": ""https://github.com/DCDmllm/EyecareGPT"", ""exactness"": ""approximate"", ""notes"": """", ""primary"": false, ""review_date"": ""2026-08-01"", ""scope"": ""Source images represented by the VQA corpus"", ""unit"": ""images""}]",Quantities with different units are not interchangeable. Related records and derivative components may overlap.
eyecatcher_visual_field,Eyecatcher Tablet-Based Visual Field Home-Monitoring Data,visual_field,visual_field,0.5.0,2026-08-02,2026-08-02,https://data.mendeley.com/datasets/swsfj47cxw/2,primary_quantity_resolved,440,visual_field_tests,Twenty participants by two eyes by eleven scheduled tests,exact,official_source_description,https://data.mendeley.com/datasets/swsfj47cxw/2,2,1,"[{""count"": 440, ""evidence_basis"": ""official_source_description"", ""evidence_url"": ""https://data.mendeley.com/datasets/swsfj47cxw/2"", ""exactness"": ""exact"", ""notes"": """", ""primary"": true, ""review_date"": ""2026-08-01"", ""scope"": ""Twenty participants by two eyes by eleven scheduled tests"", ""unit"": ""visual_field_tests""}, {""count"": 20, ""evidence_basis"": ""official_source_description"", ""evidence_url"": ""https://data.mendeley.com/datasets/swsfj47cxw/2"", ""exactness"": ""exact"", ""notes"": """", ""primary"": false, ""review_date"": ""2026-08-01"", ""scope"": ""Home-monitoring cohort"", ""unit"": ""participants""}]",Quantities with different units are not interchangeable. Related records and derivative components may overlap.
eyepacs,EyePACS — Diabetic Retinopathy Detection (Kaggle 2015),fundus,fundus,0.5.0,2026-08-02,2026-08-02,https://www.kaggle.com/c/diabetic-retinopathy-detection,primary_quantity_resolved,88702,images,Primary quantity reported in the reviewed catalog source,not_assessed,legacy_catalog_field,https://www.kaggle.com/c/diabetic-retinopathy-detection,1,0,"[{""count"": 88702, ""evidence_basis"": ""legacy_catalog_field"", ""evidence_url"": ""https://www.kaggle.com/c/diabetic-retinopathy-detection"", ""exactness"": ""not_assessed"", ""notes"": """", ""primary"": true, ""review_date"": ""2026-08-01"", ""scope"": ""Primary quantity reported in the reviewed catalog source"", ""unit"": ""images""}]",Quantities with different units are not interchangeable. Related records and derivative components may overlap.
eyeq,EyeQ Retinal Image Quality Assessment Dataset,fundus,fundus,0.5.0,2026-08-02,2026-08-02,https://github.com/HzFu/EyeQ,primary_quantity_resolved,28792,images,Primary quantity reported in the reviewed catalog source,not_assessed,legacy_catalog_field,https://github.com/HzFu/EyeQ,1,0,"[{""count"": 28792, ""evidence_basis"": ""legacy_catalog_field"", ""evidence_url"": ""https://github.com/HzFu/EyeQ"", ""exactness"": ""not_assessed"", ""notes"": """", ""primary"": true, ""review_date"": ""2026-08-01"", ""scope"": ""Primary quantity reported in the reviewed catalog source"", ""unit"": ""images""}]",Quantities with different units are not interchangeable. Related records and derivative components may overlap.
fairvlmed,FairVLMed: Fair Vision-Language Medical Ophthalmic Dataset,multimodal,fundus|visual_field|text|tabular,0.5.0,2026-08-02,2026-08-02,https://huggingface.co/datasets/harvardairobotics/FairVLMed,primary_quantity_resolved,10000,images,Primary quantity reported in the reviewed catalog source,not_assessed,legacy_catalog_field,https://huggingface.co/datasets/harvardairobotics/FairVLMed,1,0,"[{""count"": 10000, ""evidence_basis"": ""legacy_catalog_field"", ""evidence_url"": ""https://huggingface.co/datasets/harvardairobotics/FairVLMed"", ""exactness"": ""not_assessed"", ""notes"": """", ""primary"": true, ""review_date"": ""2026-08-01"", ""scope"": ""Primary quantity reported in the reviewed catalog source"", ""unit"": ""images""}]",Quantities with different units are not interchangeable. Related records and derivative components may overlap.
fang_sbsdi_oct,Duke Fang SBSDI Retinal OCT Dataset,oct,oct,0.5.0,2026-08-02,2026-08-02,https://people.duke.edu/~sf59/Fang_TMI_2013.htm,primary_quantity_resolved,41,participants,Human participants described by the associated paper,exact,associated_publication,https://doi.org/10.1109/TMI.2013.2271904,1,0,"[{""count"": 41, ""evidence_basis"": ""associated_publication"", ""evidence_url"": ""https://doi.org/10.1109/TMI.2013.2271904"", ""exactness"": ""exact"", ""notes"": ""The archive also contains software and mouse imaging data; a file-level image count is not asserted."", ""primary"": true, ""review_date"": ""2026-08-01"", ""scope"": ""Human participants described by the associated paper"", ""unit"": ""participants""}]",Quantities with different units are not interchangeable. Related records and derivative components may overlap.
farfum_rop,FARFUM-ROP: Fundus Annotation Repository for Retinopathy of Prematurity,fundus,fundus,0.5.0,2026-08-02,2026-08-02,https://doi.org/10.6084/m9.figshare.c.6721269,primary_quantity_resolved,1533,images,Primary quantity reported in the reviewed catalog source,not_assessed,legacy_catalog_field,https://doi.org/10.6084/m9.figshare.c.6721269,1,0,"[{""count"": 1533, ""evidence_basis"": ""legacy_catalog_field"", ""evidence_url"": ""https://doi.org/10.6084/m9.figshare.c.6721269"", ""exactness"": ""not_assessed"", ""notes"": """", ""primary"": true, ""review_date"": ""2026-08-01"", ""scope"": ""Primary quantity reported in the reviewed catalog source"", ""unit"": ""images""}]",Quantities with different units are not interchangeable. Related records and derivative components may overlap.
fd3611,FD3611 Multi-Class Color Fundus Image Dataset,fundus,fundus,0.5.0,2026-08-02,2026-08-02,https://doi.org/10.6084/m9.figshare.32086296.v1,primary_quantity_resolved,3611,images,"Source reports 3,611 color fundus photographs.",exact,official_source_description,https://doi.org/10.6084/m9.figshare.32086296.v1,1,0,"[{""count"": 3611, ""evidence_basis"": ""official_source_description"", ""evidence_url"": ""https://doi.org/10.6084/m9.figshare.32086296.v1"", ""exactness"": ""exact"", ""notes"": ""Source-stated quantity; repository file count is separate."", ""primary"": true, ""review_date"": ""2026-08-02"", ""scope"": ""Source reports 3,611 color fundus photographs."", ""unit"": ""images""}]",Quantities with different units are not interchangeable. Related records and derivative components may overlap.
ffa_ir,FFA-IR Medical Report Dataset,multimodal,fundus|fundus_angiography|text,0.5.0,2026-08-02,2026-08-02,https://doi.org/10.13026/k5rp-9h43,primary_quantity_resolved,47247,images,Primary quantity reported in the reviewed catalog source,not_assessed,legacy_catalog_field,https://doi.org/10.13026/k5rp-9h43,1,0,"[{""count"": 47247, ""evidence_basis"": ""legacy_catalog_field"", ""evidence_url"": ""https://doi.org/10.13026/k5rp-9h43"", ""exactness"": ""not_assessed"", ""notes"": """", ""primary"": true, ""review_date"": ""2026-08-01"", ""scope"": ""Primary quantity reported in the reviewed catalog source"", ""unit"": ""images""}]",Quantities with different units are not interchangeable. Related records and derivative components may overlap.
fimd,Fundus Image Myopia Development Dataset,fundus,fundus,0.5.0,2026-08-02,2026-08-02,https://data.mendeley.com/datasets/jkzsh6pcv4/1,primary_quantity_resolved,70,image_pairs,Longitudinal retinal registration pairs,exact,official_source_description,https://data.mendeley.com/datasets/jkzsh6pcv4/1,2,1,"[{""count"": 70, ""evidence_basis"": ""official_source_description"", ""evidence_url"": ""https://data.mendeley.com/datasets/jkzsh6pcv4/1"", ""exactness"": ""exact"", ""notes"": """", ""primary"": true, ""review_date"": ""2026-08-01"", ""scope"": ""Longitudinal retinal registration pairs"", ""unit"": ""image_pairs""}, {""count"": 140, ""evidence_basis"": ""derived_from_reported_components"", ""evidence_url"": ""https://data.mendeley.com/datasets/jkzsh6pcv4/1"", ""exactness"": ""exact"", ""notes"": """", ""primary"": false, ""review_date"": ""2026-08-01"", ""scope"": ""Images participating in 70 pairs"", ""unit"": ""images""}]",Quantities with different units are not interchangeable. Related records and derivative components may overlap.
fiqs,FIQS: Fundus Image Quality Scores Dataset,fundus,fundus,0.5.0,2026-08-02,2026-08-02,https://doi.org/10.6084/m9.figshare.28129847.v1,primary_quantity_resolved,2246,images,Primary quantity reported in the reviewed catalog source,not_assessed,legacy_catalog_field,https://doi.org/10.6084/m9.figshare.28129847.v1,1,0,"[{""count"": 2246, ""evidence_basis"": ""legacy_catalog_field"", ""evidence_url"": ""https://doi.org/10.6084/m9.figshare.28129847.v1"", ""exactness"": ""not_assessed"", ""notes"": """", ""primary"": true, ""review_date"": ""2026-08-01"", ""scope"": ""Primary quantity reported in the reviewed catalog source"", ""unit"": ""images""}]",Quantities with different units are not interchangeable. Related records and derivative components may overlap.
fire,FIRE: Fundus Image Registration Dataset,fundus,fundus,0.5.0,2026-08-02,2026-08-02,https://projects.ics.forth.gr/cvrl/fire/,primary_quantity_resolved,129,images,Primary quantity reported in the reviewed catalog source,not_assessed,legacy_catalog_field,https://projects.ics.forth.gr/cvrl/fire/,1,0,"[{""count"": 129, ""evidence_basis"": ""legacy_catalog_field"", ""evidence_url"": ""https://projects.ics.forth.gr/cvrl/fire/"", ""exactness"": ""not_assessed"", ""notes"": """", ""primary"": true, ""review_date"": ""2026-08-01"", ""scope"": ""Primary quantity reported in the reviewed catalog source"", ""unit"": ""images""}]",Quantities with different units are not interchangeable. Related records and derivative components may overlap.
fives,FIVES: Fundus Image Vessel Segmentation,fundus,fundus,0.5.0,2026-08-02,2026-08-02,https://doi.org/10.6084/m9.figshare.19688169,primary_quantity_resolved,800,images,Primary quantity reported in the reviewed catalog source,not_assessed,legacy_catalog_field,https://doi.org/10.6084/m9.figshare.19688169,1,0,"[{""count"": 800, ""evidence_basis"": ""legacy_catalog_field"", ""evidence_url"": ""https://doi.org/10.6084/m9.figshare.19688169"", ""exactness"": ""not_assessed"", ""notes"": """", ""primary"": true, ""review_date"": ""2026-08-01"", ""scope"": ""Primary quantity reported in the reviewed catalog source"", ""unit"": ""images""}]",Quantities with different units are not interchangeable. Related records and derivative components may overlap.
fociset_pamm,FociSet PAMM OCT Lesion Dataset,oct,oct,0.5.0,2026-08-02,2026-08-02,https://data.mendeley.com/datasets/mkwxn7rjpm/2,primary_quantity_resolved,133,images,Primary quantity reported in the reviewed catalog source,not_assessed,legacy_catalog_field,https://data.mendeley.com/datasets/mkwxn7rjpm/2,1,0,"[{""count"": 133, ""evidence_basis"": ""legacy_catalog_field"", ""evidence_url"": ""https://data.mendeley.com/datasets/mkwxn7rjpm/2"", ""exactness"": ""not_assessed"", ""notes"": """", ""primary"": true, ""review_date"": ""2026-08-01"", ""scope"": ""Primary quantity reported in the reviewed catalog source"", ""unit"": ""images""}]",Quantities with different units are not interchangeable. Related records and derivative components may overlap.
fovea,FOVEA: Pre/Intra-Operative Fundus + Biomicroscopy,multimodal,fundus|surgical_video,0.5.0,2026-08-02,2026-08-02,https://doi.org/10.6084/m9.figshare.28329338,primary_quantity_resolved,40,participants,Primary quantity reported in the reviewed catalog source,not_assessed,legacy_catalog_field,https://doi.org/10.6084/m9.figshare.28329338,1,0,"[{""count"": 40, ""evidence_basis"": ""legacy_catalog_field"", ""evidence_url"": ""https://doi.org/10.6084/m9.figshare.28329338"", ""exactness"": ""not_assessed"", ""notes"": """", ""primary"": true, ""review_date"": ""2026-08-01"", ""scope"": ""Primary quantity reported in the reviewed catalog source"", ""unit"": ""participants""}]",Quantities with different units are not interchangeable. Related records and derivative components may overlap.
fprm_retina,FPRM Multimodal Eye Imaging and Psychological Assessment Dataset,multimodal,fundus|retinal_oximetry|pupillometry|tabular,0.5.0,2026-08-02,2026-08-02,https://doi.org/10.7303/syn61672643,primary_quantity_resolved,3361,images,Fundus photographs,exact,associated_publication,https://doi.org/10.1038/s41597-024-03690-6,3,2,"[{""count"": 3361, ""evidence_basis"": ""associated_publication"", ""evidence_url"": ""https://doi.org/10.1038/s41597-024-03690-6"", ""exactness"": ""exact"", ""notes"": """", ""primary"": true, ""review_date"": ""2026-08-01"", ""scope"": ""Fundus photographs"", ""unit"": ""images""}, {""count"": 1683, ""evidence_basis"": ""associated_publication"", ""evidence_url"": ""https://doi.org/10.1038/s41597-024-03690-6"", ""exactness"": ""exact"", ""notes"": """", ""primary"": false, ""review_date"": ""2026-08-01"", ""scope"": ""Participants contributing fundus photographs"", ""unit"": ""participants""}, {""count"": 384, ""evidence_basis"": ""associated_publication"", ""evidence_url"": ""https://doi.org/10.1038/s41597-024-03690-6"", ""exactness"": ""exact"", ""notes"": ""This group is not added to the fundus cohort because overlap is not resolved here."", ""primary"": false, ""review_date"": ""2026-08-01"", ""scope"": ""Participants contributing additional multimodal imaging"", ""unit"": ""participants""}]",Quantities with different units are not interchangeable. Related records and derivative components may overlap.
fundus_105k,Fundus-105K Text Dataset,text,text,0.5.0,2026-08-02,2026-08-02,https://huggingface.co/datasets/PJMixers-Dev/Fundus-105K,primary_quantity_resolved,105000,text_items,Fundus-focused text corpus entries,exact,official_source_description,https://huggingface.co/datasets/PJMixers-Dev/Fundus-105K,1,0,"[{""count"": 105000, ""evidence_basis"": ""official_source_description"", ""evidence_url"": ""https://huggingface.co/datasets/PJMixers-Dev/Fundus-105K"", ""exactness"": ""exact"", ""notes"": """", ""primary"": true, ""review_date"": ""2026-08-01"", ""scope"": ""Fundus-focused text corpus entries"", ""unit"": ""text_items""}]",Quantities with different units are not interchangeable. Related records and derivative components may overlap.
fundus_avseg,Fundus-AVSeg: Artery-Vein-Crossing Segmentation,fundus,fundus,0.5.0,2026-08-02,2026-08-02,https://doi.org/10.6084/m9.figshare.27938034,primary_quantity_resolved,100,images,Primary quantity reported in the reviewed catalog source,not_assessed,legacy_catalog_field,https://doi.org/10.6084/m9.figshare.27938034,1,0,"[{""count"": 100, ""evidence_basis"": ""legacy_catalog_field"", ""evidence_url"": ""https://doi.org/10.6084/m9.figshare.27938034"", ""exactness"": ""not_assessed"", ""notes"": """", ""primary"": true, ""review_date"": ""2026-08-01"", ""scope"": ""Primary quantity reported in the reviewed catalog source"", ""unit"": ""images""}]",Quantities with different units are not interchangeable. Related records and derivative components may overlap.
fundus_cc_2_5m,Fundus-CC-2.5M Text Corpus,text,text,0.5.0,2026-08-02,2026-08-02,https://huggingface.co/datasets/PJMixers-Dev/Fundus-CC-2.5M,primary_quantity_resolved,2500000,text_items,Multilingual fundus-related corpus entries,exact,official_source_description,https://huggingface.co/datasets/PJMixers-Dev/Fundus-CC-2.5M,1,0,"[{""count"": 2500000, ""evidence_basis"": ""official_source_description"", ""evidence_url"": ""https://huggingface.co/datasets/PJMixers-Dev/Fundus-CC-2.5M"", ""exactness"": ""exact"", ""notes"": """", ""primary"": true, ""review_date"": ""2026-08-01"", ""scope"": ""Multilingual fundus-related corpus entries"", ""unit"": ""text_items""}]",Quantities with different units are not interchangeable. Related records and derivative components may overlap.
fundus_domain_generalization,Fundus Dataset for Domain Generalization in Optic Disc/Cup Segmentation,fundus,fundus,0.5.0,2026-08-02,2026-08-02,https://zenodo.org/records/8009107,primary_quantity_resolved,1441,images,Five source domains after the documented train/test composition,exact,derived_from_reported_components,https://zenodo.org/records/8009107,1,0,"[{""count"": 1441, ""evidence_basis"": ""derived_from_reported_components"", ""evidence_url"": ""https://zenodo.org/records/8009107"", ""exactness"": ""exact"", ""notes"": ""The images reuse REFUGE, Drishti-GS, ORIGA, and RIGA sources."", ""primary"": true, ""review_date"": ""2026-08-01"", ""scope"": ""Five source domains after the documented train/test composition"", ""unit"": ""images""}]",Quantities with different units are not interchangeable. Related records and derivative components may overlap.
fundus_report_dataset,Fundus Report Dataset,multimodal,fundus|uwf_fundus|text,0.5.0,2026-08-02,2026-08-02,https://huggingface.co/datasets/zzzzineun/fundus-report-dataset,primary_quantity_resolved,422,image_report_pairs,Fundus or UWF image-report rows,exact,official_source_description,https://huggingface.co/datasets/zzzzineun/fundus-report-dataset,1,0,"[{""count"": 422, ""evidence_basis"": ""official_source_description"", ""evidence_url"": ""https://huggingface.co/datasets/zzzzineun/fundus-report-dataset"", ""exactness"": ""exact"", ""notes"": """", ""primary"": true, ""review_date"": ""2026-08-01"", ""scope"": ""Fundus or UWF image-report rows"", ""unit"": ""image_report_pairs""}]",Quantities with different units are not interchangeable. Related records and derivative components may overlap.
g1020,G1020: Glaucoma Benchmark Fundus Dataset,fundus,fundus,0.5.0,2026-08-02,2026-08-02,https://arxiv.org/abs/2006.09158,primary_quantity_resolved,1020,images,Primary quantity reported in the reviewed catalog source,not_assessed,legacy_catalog_field,https://arxiv.org/abs/2006.09158,1,0,"[{""count"": 1020, ""evidence_basis"": ""legacy_catalog_field"", ""evidence_url"": ""https://arxiv.org/abs/2006.09158"", ""exactness"": ""not_assessed"", ""notes"": """", ""primary"": true, ""review_date"": ""2026-08-01"", ""scope"": ""Primary quantity reported in the reviewed catalog source"", ""unit"": ""images""}]",Quantities with different units are not interchangeable. Related records and derivative components may overlap.
gamma,GAMMA — Glaucoma Grading from Multi-Modality Images,multimodal,fundus|oct,0.5.0,2026-08-02,2026-08-02,https://drive.google.com/file/d/1thJDE1_TR-xa8f3H-0PwPpDxun7rV8Sw/view,primary_quantity_resolved,300,volumes,Primary quantity reported in the reviewed catalog source,not_assessed,legacy_catalog_field,https://drive.google.com/file/d/1thJDE1_TR-xa8f3H-0PwPpDxun7rV8Sw/view,1,0,"[{""count"": 300, ""evidence_basis"": ""legacy_catalog_field"", ""evidence_url"": ""https://drive.google.com/file/d/1thJDE1_TR-xa8f3H-0PwPpDxun7rV8Sw/view"", ""exactness"": ""not_assessed"", ""notes"": """", ""primary"": true, ""review_date"": ""2026-08-01"", ""scope"": ""Primary quantity reported in the reviewed catalog source"", ""unit"": ""volumes""}]",Quantities with different units are not interchangeable. Related records and derivative components may overlap.
gaze360,Gaze360 Physically Unconstrained Gaze Dataset,eye_tracking,eye_tracking,0.5.0,2026-08-02,2026-08-02,https://gaze360.csail.mit.edu/,primary_quantity_resolved,172000,frames,Labeled panoramic-camera frames,approximate,official_source_description,http://gaze360.csail.mit.edu/,2,1,"[{""count"": 172000, ""evidence_basis"": ""official_source_description"", ""evidence_url"": ""http://gaze360.csail.mit.edu/"", ""exactness"": ""approximate"", ""notes"": """", ""primary"": true, ""review_date"": ""2026-08-01"", ""scope"": ""Labeled panoramic-camera frames"", ""unit"": ""frames""}, {""count"": 238, ""evidence_basis"": ""official_source_description"", ""evidence_url"": ""http://gaze360.csail.mit.edu/"", ""exactness"": ""exact"", ""notes"": """", ""primary"": false, ""review_date"": ""2026-08-01"", ""scope"": ""Source-described participants"", ""unit"": ""participants""}]",Quantities with different units are not interchangeable. Related records and derivative components may overlap.
gaze_capture,GazeCapture Mobile Eye-Tracking Dataset,eye_tracking,eye_tracking,0.5.0,2026-08-02,2026-08-02,https://gazecapture.csail.mit.edu/dataset.php,primary_quantity_resolved,2445504,frames,Labeled mobile-camera frames,exact,official_source_description,https://gazecapture.csail.mit.edu/,2,1,"[{""count"": 2445504, ""evidence_basis"": ""official_source_description"", ""evidence_url"": ""https://gazecapture.csail.mit.edu/"", ""exactness"": ""exact"", ""notes"": """", ""primary"": true, ""review_date"": ""2026-08-01"", ""scope"": ""Labeled mobile-camera frames"", ""unit"": ""frames""}, {""count"": 1474, ""evidence_basis"": ""official_source_description"", ""evidence_url"": ""https://gazecapture.csail.mit.edu/"", ""exactness"": ""exact"", ""notes"": """", ""primary"": false, ""review_date"": ""2026-08-01"", ""scope"": ""Crowdsourced participants"", ""unit"": ""participants""}]",Quantities with different units are not interchangeable. Related records and derivative components may overlap.
ghana_eye_screening,Eye Screening Data for First-Year University Students in Ghana,tabular,tabular,0.5.0,2026-08-02,2026-08-02,https://data.mendeley.com/datasets/mfv6sb5wyc/4,primary_quantity_resolved,2494,participants,Participants completing questionnaire and clinical examination,exact,official_source_description,https://data.mendeley.com/datasets/mfv6sb5wyc/4,1,0,"[{""count"": 2494, ""evidence_basis"": ""official_source_description"", ""evidence_url"": ""https://data.mendeley.com/datasets/mfv6sb5wyc/4"", ""exactness"": ""exact"", ""notes"": """", ""primary"": true, ""review_date"": ""2026-08-01"", ""scope"": ""Participants completing questionnaire and clinical examination"", ""unit"": ""participants""}]",Quantities with different units are not interchangeable. Related records and derivative components may overlap.
glaucoma_expert_cot_raw,Glaucoma Expert Chain-of-Thought Raw Dataset,fundus,fundus,0.5.0,2026-08-02,2026-08-02,https://huggingface.co/datasets/yuzhench/glaucoma-expert-cot-raw-1077,primary_quantity_resolved,1074,image_report_pairs,"Source reports 1,074 fundus cases with JSONL reasoning records.",exact,official_source_description,https://huggingface.co/datasets/yuzhench/glaucoma-expert-cot-raw-1077,1,0,"[{""count"": 1074, ""evidence_basis"": ""official_source_description"", ""evidence_url"": ""https://huggingface.co/datasets/yuzhench/glaucoma-expert-cot-raw-1077"", ""exactness"": ""exact"", ""notes"": ""Source-stated quantity; repository file count is separate."", ""primary"": true, ""review_date"": ""2026-08-02"", ""scope"": ""Source reports 1,074 fundus cases with JSONL reasoning records."", ""unit"": ""image_report_pairs""}]",Quantities with different units are not interchangeable. Related records and derivative components may overlap.
glaucoma_expert_cot_refined,Glaucoma Expert Chain-of-Thought Refined Dataset,fundus,fundus,0.5.0,2026-08-02,2026-08-02,https://huggingface.co/datasets/yuzhench/glaucoma-expert-cot-refined-1077,primary_quantity_resolved,1074,image_report_pairs,"Source reports 1,074 fundus cases with refined JSONL reasoning records.",exact,official_source_description,https://huggingface.co/datasets/yuzhench/glaucoma-expert-cot-refined-1077,1,0,"[{""count"": 1074, ""evidence_basis"": ""official_source_description"", ""evidence_url"": ""https://huggingface.co/datasets/yuzhench/glaucoma-expert-cot-refined-1077"", ""exactness"": ""exact"", ""notes"": ""Source-stated quantity; repository file count is separate."", ""primary"": true, ""review_date"": ""2026-08-02"", ""scope"": ""Source reports 1,074 fundus cases with refined JSONL reasoning records."", ""unit"": ""image_report_pairs""}]",Quantities with different units are not interchangeable. Related records and derivative components may overlap.
glaucoma_eye_movements,Eye Movements of Glaucoma Patients with Asymmetrical Visual Field Loss,eye_tracking,eye_tracking,0.5.0,2026-08-02,2026-08-02,https://zenodo.org/records/7761477,primary_quantity_resolved,270,participants,Primary quantity reported in the reviewed catalog source,not_assessed,legacy_catalog_field,https://zenodo.org/records/7761477,1,0,"[{""count"": 270, ""evidence_basis"": ""legacy_catalog_field"", ""evidence_url"": ""https://zenodo.org/records/7761477"", ""exactness"": ""not_assessed"", ""notes"": """", ""primary"": true, ""review_date"": ""2026-08-01"", ""scope"": ""Primary quantity reported in the reviewed catalog source"", ""unit"": ""participants""}]",Quantities with different units are not interchangeable. Related records and derivative components may overlap.
glaucoma_oct_fundus,Glaucoma Detection Dataset with OCT and Fundus Images,fundus,fundus,0.5.0,2026-08-02,2026-08-02,https://doi.org/10.6084/m9.figshare.32051124.v1,primary_quantity_unresolved,,,,,,,0,0,[],Quantities with different units are not interchangeable. Related records and derivative components may overlap.
gleam,GLEAM Multimodal Glaucoma Staging Dataset,oct,oct,0.5.0,2026-08-02,2026-08-02,https://www.kaggle.com/datasets/zhangyiyinge/gleam-dataset,primary_quantity_unresolved,,,,,,,0,0,[],Quantities with different units are not interchangeable. Related records and derivative components may overlap.
goals,GOALS — Glaucoma OCT Layer Segmentation (MICCAI 2022),oct,oct,0.5.0,2026-08-02,2026-08-02,https://aistudio.baidu.com/competition/detail/783/0/introduction,primary_quantity_resolved,300,images,Primary quantity reported in the reviewed catalog source,not_assessed,legacy_catalog_field,https://aistudio.baidu.com/competition/detail/783/0/introduction,1,0,"[{""count"": 300, ""evidence_basis"": ""legacy_catalog_field"", ""evidence_url"": ""https://aistudio.baidu.com/competition/detail/783/0/introduction"", ""exactness"": ""not_assessed"", ""notes"": """", ""primary"": true, ""review_date"": ""2026-08-01"", ""scope"": ""Primary quantity reported in the reviewed catalog source"", ""unit"": ""images""}]",Quantities with different units are not interchangeable. Related records and derivative components may overlap.
goblet_cell_segmentation,Human Conjunctival Goblet Cell Segmentation Dataset,cell_microscopy,cell_microscopy,0.5.0,2026-08-02,2026-08-02,https://doi.org/10.5281/zenodo.18642562,primary_quantity_resolved,24,images,Unpatched microscopy fields,exact,official_source_description,https://doi.org/10.5281/zenodo.18642562,2,1,"[{""count"": 24, ""evidence_basis"": ""official_source_description"", ""evidence_url"": ""https://doi.org/10.5281/zenodo.18642562"", ""exactness"": ""exact"", ""notes"": """", ""primary"": true, ""review_date"": ""2026-08-01"", ""scope"": ""Unpatched microscopy fields"", ""unit"": ""images""}, {""count"": 1152, ""evidence_basis"": ""official_source_description"", ""evidence_url"": ""https://doi.org/10.5281/zenodo.18642562"", ""exactness"": ""exact"", ""notes"": ""Patches derive from the 24 primary fields and must not be added as independent source images."", ""primary"": false, ""review_date"": ""2026-08-01"", ""scope"": ""Derivative 256 by 256 patches"", ""unit"": ""images""}]",Quantities with different units are not interchangeable. Related records and derivative components may overlap.
grape,GRAPE: Glaucoma Real-world Appraisal Progression Ensemble,multimodal,fundus|oct|visual_field|tabular,0.5.0,2026-08-02,2026-08-02,https://doi.org/10.6084/m9.figshare.c.6406319,primary_quantity_resolved,1115,examinations,Primary quantity reported in the reviewed catalog source,not_assessed,legacy_catalog_field,https://doi.org/10.6084/m9.figshare.c.6406319,1,0,"[{""count"": 1115, ""evidence_basis"": ""legacy_catalog_field"", ""evidence_url"": ""https://doi.org/10.6084/m9.figshare.c.6406319"", ""exactness"": ""not_assessed"", ""notes"": """", ""primary"": true, ""review_date"": ""2026-08-01"", ""scope"": ""Primary quantity reported in the reviewed catalog source"", ""unit"": ""examinations""}]",Quantities with different units are not interchangeable. Related records and derivative components may overlap.
harvard_fairvision,"Harvard-FairVision (AMD + DR + Glaucoma, paired SLO + OCT)",multimodal,fundus|oct,0.5.0,2026-08-02,2026-08-02,https://ophai.hms.harvard.edu/datasets/harvard-fairvision30k,primary_quantity_resolved,30000,participants,Primary quantity reported in the reviewed catalog source,not_assessed,legacy_catalog_field,https://ophai.hms.harvard.edu/datasets/harvard-fairvision30k,1,0,"[{""count"": 30000, ""evidence_basis"": ""legacy_catalog_field"", ""evidence_url"": ""https://ophai.hms.harvard.edu/datasets/harvard-fairvision30k"", ""exactness"": ""not_assessed"", ""notes"": """", ""primary"": true, ""review_date"": ""2026-08-01"", ""scope"": ""Primary quantity reported in the reviewed catalog source"", ""unit"": ""participants""}]",Quantities with different units are not interchangeable. Related records and derivative components may overlap.
harvard_gdp,Harvard GDP: Glaucoma Detection and Progression Dataset,oct,oct|visual_field|tabular,0.5.0,2026-08-02,2026-08-02,https://drive.google.com/drive/folders/1JMi_HCql113uc9X0DOaMkNfEWfxaDlEz,primary_quantity_resolved,1000,participants,Primary quantity reported in the reviewed catalog source,not_assessed,legacy_catalog_field,https://drive.google.com/drive/folders/1JMi_HCql113uc9X0DOaMkNfEWfxaDlEz,1,0,"[{""count"": 1000, ""evidence_basis"": ""legacy_catalog_field"", ""evidence_url"": ""https://drive.google.com/drive/folders/1JMi_HCql113uc9X0DOaMkNfEWfxaDlEz"", ""exactness"": ""not_assessed"", ""notes"": """", ""primary"": true, ""review_date"": ""2026-08-01"", ""scope"": ""Primary quantity reported in the reviewed catalog source"", ""unit"": ""participants""}]",Quantities with different units are not interchangeable. Related records and derivative components may overlap.
harvard_glaucoma,Harvard Glaucoma Fundus Image Dataset,fundus,fundus,0.5.0,2026-08-02,2026-08-02,https://doi.org/10.7910/DVN/1YRRAC,primary_quantity_resolved,1000,images,Primary quantity reported in the reviewed catalog source,not_assessed,legacy_catalog_field,https://doi.org/10.7910/DVN/1YRRAC,1,0,"[{""count"": 1000, ""evidence_basis"": ""legacy_catalog_field"", ""evidence_url"": ""https://doi.org/10.7910/DVN/1YRRAC"", ""exactness"": ""not_assessed"", ""notes"": """", ""primary"": true, ""review_date"": ""2026-08-01"", ""scope"": ""Primary quantity reported in the reviewed catalog source"", ""unit"": ""images""}]",Quantities with different units are not interchangeable. Related records and derivative components may overlap.
hassan_composite_retina,Composite Retinal Fundus and OCT Dataset with Clinical Markings,multimodal,fundus|oct,0.5.0,2026-08-02,2026-08-02,https://data.mendeley.com/datasets/trghs22fpg/4,primary_quantity_unresolved,,,,,,,2,2,"[{""count"": 64, ""evidence_basis"": ""associated_publication"", ""evidence_url"": ""https://doi.org/10.1016/B978-0-12-817438-8.00005-5"", ""exactness"": ""exact"", ""notes"": ""The count was not confirmed as the exact content of the cataloged Mendeley v4 archive."", ""primary"": false, ""review_date"": ""2026-08-01"", ""scope"": ""Fundus component described by the associated publication"", ""unit"": ""images""}, {""count"": 2497, ""evidence_basis"": ""associated_publication"", ""evidence_url"": ""https://doi.org/10.1016/B978-0-12-817438-8.00005-5"", ""exactness"": ""exact"", ""notes"": ""The count was not confirmed as the exact content of the cataloged Mendeley v4 archive."", ""primary"": false, ""review_date"": ""2026-08-01"", ""scope"": ""OCT component described by the associated publication"", ""unit"": ""b_scans""}]",Quantities with different units are not interchangeable. Related records and derivative components may overlap.
hei_med,HEI-MED: Hamilton Eye Institute Macular Edema Dataset,fundus,fundus,0.5.0,2026-08-02,2026-08-02,https://github.com/lgiancaUTH/HEI-MED,primary_quantity_resolved,169,images,Primary quantity reported in the reviewed catalog source,not_assessed,legacy_catalog_field,https://github.com/lgiancaUTH/HEI-MED,1,0,"[{""count"": 169, ""evidence_basis"": ""legacy_catalog_field"", ""evidence_url"": ""https://github.com/lgiancaUTH/HEI-MED"", ""exactness"": ""not_assessed"", ""notes"": """", ""primary"": true, ""review_date"": ""2026-08-01"", ""scope"": ""Primary quantity reported in the reviewed catalog source"", ""unit"": ""images""}]",Quantities with different units are not interchangeable. Related records and derivative components may overlap.
hesc_retinal_organoid_early_differentiation,hESC-Derived Retinal Organoid Early Differentiation Imaging Dataset,cell_microscopy,cell_microscopy|microscopy,0.5.0,2026-08-02,2026-08-02,https://doi.org/10.6084/m9.figshare.30102802.v1,primary_quantity_unresolved,,,,,,,0,0,[],Quantities with different units are not interchangeable. Related records and derivative components may overlap.
hesc_rpe_electrical_excitability,hESC-Derived RPE Electrical Excitability Dataset,electrophysiology,electrophysiology,0.5.0,2026-08-02,2026-08-02,https://doi.org/10.6084/m9.figshare.22246969.v2,primary_quantity_unresolved,,,,,,,0,0,[],Quantities with different units are not interchangeable. Related records and derivative components may overlap.
higancnn_generated_glaucoma,HiGANCNN Generated Glaucoma Dataset,fundus,fundus,0.5.0,2026-08-02,2026-08-02,https://www.kaggle.com/datasets/hindsaud/datasets-higancnn-glaucoma-detection,primary_quantity_resolved,30000,images,"Source reports 30,000 generated eye images.",exact,official_source_description,https://www.kaggle.com/datasets/hindsaud/datasets-higancnn-glaucoma-detection,1,0,"[{""count"": 30000, ""evidence_basis"": ""official_source_description"", ""evidence_url"": ""https://www.kaggle.com/datasets/hindsaud/datasets-higancnn-glaucoma-detection"", ""exactness"": ""exact"", ""notes"": ""Source-stated quantity; repository file count is separate."", ""primary"": true, ""review_date"": ""2026-08-02"", ""scope"": ""Source reports 30,000 generated eye images."", ""unit"": ""images""}]",Quantities with different units are not interchangeable. Related records and derivative components may overlap.
hpmi,HPMI: High & Pathological Myopia Identification,fundus,fundus,0.5.0,2026-08-02,2026-08-02,https://doi.org/10.6084/m9.figshare.24800232,primary_quantity_resolved,4011,images,Primary quantity reported in the reviewed catalog source,not_assessed,legacy_catalog_field,https://doi.org/10.6084/m9.figshare.24800232,1,0,"[{""count"": 4011, ""evidence_basis"": ""legacy_catalog_field"", ""evidence_url"": ""https://doi.org/10.6084/m9.figshare.24800232"", ""exactness"": ""not_assessed"", ""notes"": """", ""primary"": true, ""review_date"": ""2026-08-01"", ""scope"": ""Primary quantity reported in the reviewed catalog source"", ""unit"": ""images""}]",Quantities with different units are not interchangeable. Related records and derivative components may overlap.
hrf,HRF: High-Resolution Fundus Image Database,fundus,fundus,0.5.0,2026-08-02,2026-08-02,https://www5.cs.fau.de/research/data/fundus-images/,primary_quantity_resolved,45,images,Primary quantity reported in the reviewed catalog source,not_assessed,legacy_catalog_field,https://www5.cs.fau.de/research/data/fundus-images/,1,0,"[{""count"": 45, ""evidence_basis"": ""legacy_catalog_field"", ""evidence_url"": ""https://www5.cs.fau.de/research/data/fundus-images/"", ""exactness"": ""not_assessed"", ""notes"": """", ""primary"": true, ""review_date"": ""2026-08-01"", ""scope"": ""Primary quantity reported in the reviewed catalog source"", ""unit"": ""images""}]",Quantities with different units are not interchangeable. Related records and derivative components may overlap.
hrf_seg_plus,HRF-Seg+: Multi-Structure Fundus Annotations,fundus,fundus,0.5.0,2026-08-02,2026-08-02,https://zenodo.org/records/16744782,primary_quantity_resolved,45,images,HRF images receiving extended annotations,exact,official_source_description,https://zenodo.org/records/16744782,1,0,"[{""count"": 45, ""evidence_basis"": ""official_source_description"", ""evidence_url"": ""https://zenodo.org/records/16744782"", ""exactness"": ""exact"", ""notes"": """", ""primary"": true, ""review_date"": ""2026-08-01"", ""scope"": ""HRF images receiving extended annotations"", ""unit"": ""images""}]",Quantities with different units are not interchangeable. Related records and derivative components may overlap.
hyamd,HYAMD High-Resolution Fundus Image Dataset for AMD Diagnosis,fundus,fundus,0.5.0,2026-08-02,2026-08-02,https://physionet.org/content/hillel-yaffe-fundus-amd/1.0.0/,primary_quantity_resolved,1560,images,Primary quantity reported in the reviewed catalog source,not_assessed,legacy_catalog_field,https://physionet.org/content/hillel-yaffe-fundus-amd/1.0.0/,1,0,"[{""count"": 1560, ""evidence_basis"": ""legacy_catalog_field"", ""evidence_url"": ""https://physionet.org/content/hillel-yaffe-fundus-amd/1.0.0/"", ""exactness"": ""not_assessed"", ""notes"": """", ""primary"": true, ""review_date"": ""2026-08-01"", ""scope"": ""Primary quantity reported in the reviewed catalog source"", ""unit"": ""images""}]",Quantities with different units are not interchangeable. Related records and derivative components may overlap.
hybridgaze,HybridGaze Dataset,eye_tracking,eye_tracking,0.5.0,2026-08-02,2026-08-02,https://www.kaggle.com/datasets/michachwesiuk/hybridgaze,primary_quantity_unresolved,,,,,,,0,0,[],Quantities with different units are not interchangeable. Related records and derivative components may overlap.
hygd,HYGD: Hillel Yaffe Glaucoma Dataset,fundus,fundus,0.5.0,2026-08-02,2026-08-02,https://doi.org/10.13026/pdxv-m215,primary_quantity_resolved,747,images,Primary quantity reported in the reviewed catalog source,not_assessed,legacy_catalog_field,https://doi.org/10.13026/pdxv-m215,1,0,"[{""count"": 747, ""evidence_basis"": ""legacy_catalog_field"", ""evidence_url"": ""https://doi.org/10.13026/pdxv-m215"", ""exactness"": ""not_assessed"", ""notes"": """", ""primary"": true, ""review_date"": ""2026-08-01"", ""scope"": ""Primary quantity reported in the reviewed catalog source"", ""unit"": ""images""}]",Quantities with different units are not interchangeable. Related records and derivative components may overlap.
ichallenge_amd,iChallenge-AMD: Age-related Macular Degeneration,fundus,fundus,0.5.0,2026-08-02,2026-08-02,https://amd.grand-challenge.org/download/,primary_quantity_resolved,400,images,Primary quantity reported in the reviewed catalog source,not_assessed,legacy_catalog_field,https://amd.grand-challenge.org/download/,1,0,"[{""count"": 400, ""evidence_basis"": ""legacy_catalog_field"", ""evidence_url"": ""https://amd.grand-challenge.org/download/"", ""exactness"": ""not_assessed"", ""notes"": """", ""primary"": true, ""review_date"": ""2026-08-01"", ""scope"": ""Primary quantity reported in the reviewed catalog source"", ""unit"": ""images""}]",Quantities with different units are not interchangeable. Related records and derivative components may overlap.
ichallenge_oct,iChallenge OCT Datasets (HDMILab / OMIA Workshops),oct,oct,0.5.0,2026-08-02,2026-08-02,http://hdmilab.cn/ichallenge,primary_quantity_resolved,300,volumes,Primary quantity reported in the reviewed catalog source,not_assessed,legacy_catalog_field,http://hdmilab.cn/ichallenge,1,0,"[{""count"": 300, ""evidence_basis"": ""legacy_catalog_field"", ""evidence_url"": ""http://hdmilab.cn/ichallenge"", ""exactness"": ""not_assessed"", ""notes"": """", ""primary"": true, ""review_date"": ""2026-08-01"", ""scope"": ""Primary quantity reported in the reviewed catalog source"", ""unit"": ""volumes""}]",Quantities with different units are not interchangeable. Related records and derivative components may overlap.
idrid,IDRiD: Indian Diabetic Retinopathy Image Dataset,fundus,fundus,0.5.0,2026-08-02,2026-08-02,https://ieee-dataport.org/open-access/indian-diabetic-retinopathy-image-dataset-idrid,primary_quantity_resolved,516,images,Primary quantity reported in the reviewed catalog source,not_assessed,legacy_catalog_field,https://ieee-dataport.org/open-access/indian-diabetic-retinopathy-image-dataset-idrid,1,0,"[{""count"": 516, ""evidence_basis"": ""legacy_catalog_field"", ""evidence_url"": ""https://ieee-dataport.org/open-access/indian-diabetic-retinopathy-image-dataset-idrid"", ""exactness"": ""not_assessed"", ""notes"": """", ""primary"": true, ""review_date"": ""2026-08-01"", ""scope"": ""Primary quantity reported in the reviewed catalog source"", ""unit"": ""images""}]",Quantities with different units are not interchangeable. Related records and derivative components may overlap.
insegcat,InSegCat: Instance Segmentation for Cataract Surgery,surgical_video,surgical_video,0.5.0,2026-08-02,2026-08-02,https://ftp.itec.aau.at/datasets/ovid/InSegCat/,primary_quantity_resolved,5581,annotated_images,Current Dataset 1 v2 plus Dataset 2,exact,derived_from_reported_components,https://ftp.itec.aau.at/datasets/ovid/InSegCat/,3,2,"[{""count"": 5581, ""evidence_basis"": ""derived_from_reported_components"", ""evidence_url"": ""https://ftp.itec.aau.at/datasets/ovid/InSegCat/"", ""exactness"": ""exact"", ""notes"": """", ""primary"": true, ""review_date"": ""2026-08-01"", ""scope"": ""Current Dataset 1 v2 plus Dataset 2"", ""unit"": ""annotated_images""}, {""count"": 843, ""evidence_basis"": ""official_source_description"", ""evidence_url"": ""https://ftp.itec.aau.at/datasets/ovid/InSegCat/"", ""exactness"": ""exact"", ""notes"": """", ""primary"": false, ""review_date"": ""2026-08-01"", ""scope"": ""Dataset 1 v2, manually annotated Cataract-101 frames"", ""unit"": ""annotated_images""}, {""count"": 4738, ""evidence_basis"": ""official_source_description"", ""evidence_url"": ""https://ftp.itec.aau.at/datasets/ovid/InSegCat/"", ""exactness"": ""exact"", ""notes"": """", ""primary"": false, ""review_date"": ""2026-08-01"", ""scope"": ""Dataset 2, CaDIS-derived annotations"", ""unit"": ""annotated_images""}]",Quantities with different units are not interchangeable. Related records and derivative components may overlap.
intraretinal_cystoid_fluid,Intraretinal Cystoid Fluid OCT Segmentation Dataset,oct,oct,0.5.0,2026-08-02,2026-08-02,https://www.kaggle.com/datasets/zeeshanahmed13/intraretinal-cystoid-fluid,primary_quantity_resolved,1460,images,Primary quantity reported in the reviewed catalog source,not_assessed,legacy_catalog_field,https://www.kaggle.com/datasets/zeeshanahmed13/intraretinal-cystoid-fluid,1,0,"[{""count"": 1460, ""evidence_basis"": ""legacy_catalog_field"", ""evidence_url"": ""https://www.kaggle.com/datasets/zeeshanahmed13/intraretinal-cystoid-fluid"", ""exactness"": ""not_assessed"", ""notes"": """", ""primary"": true, ""review_date"": ""2026-08-01"", ""scope"": ""Primary quantity reported in the reviewed catalog source"", ""unit"": ""images""}]",Quantities with different units are not interchangeable. Related records and derivative components may overlap.
irfdrd,Iraqi Retinal Fundus Diabetic Retinopathy Dataset,fundus,fundus,0.5.0,2026-08-02,2026-08-02,https://zenodo.org/records/12552326,primary_quantity_resolved,700,images,JPEG files in the three nested class archives,exact,current_deposit_file_listing,https://zenodo.org/records/12552326,1,0,"[{""count"": 700, ""evidence_basis"": ""current_deposit_file_listing"", ""evidence_url"": ""https://zenodo.org/records/12552326"", ""exactness"": ""exact"", ""notes"": ""Archive listing resolves a conflicting class table in the source description: 153 healthy, 59 mild, 304 moderate, 99 severe, and 85 PDR files."", ""primary"": true, ""review_date"": ""2026-08-01"", ""scope"": ""JPEG files in the three nested class archives"", ""unit"": ""images""}]",Quantities with different units are not interchangeable. Related records and derivative components may overlap.
itec_iris_pupil,ITEC Iris and Pupil Segmentation Dataset,surgical_video,surgical_video,0.5.0,2026-08-02,2026-08-02,https://ftp.itec.aau.at/datasets/ovid/iris_pupil_seg/index.html,primary_quantity_resolved,82,frames,Official ITEC source reports 82 annotated frames from 35 cataract-surgery videos.,exact,official_source_description,https://ftp.itec.aau.at/datasets/ovid/iris_pupil_seg/index.html,1,0,"[{""count"": 82, ""evidence_basis"": ""official_source_description"", ""evidence_url"": ""https://ftp.itec.aau.at/datasets/ovid/iris_pupil_seg/index.html"", ""exactness"": ""exact"", ""notes"": ""Source-stated quantity; repository file count is separate."", ""primary"": true, ""review_date"": ""2026-08-02"", ""scope"": ""Official ITEC source reports 82 annotated frames from 35 cataract-surgery videos."", ""unit"": ""frames""}]",Quantities with different units are not interchangeable. Related records and derivative components may overlap.
jichi,Jichi Medical University Diabetic Retinopathy Dataset,fundus,fundus,0.5.0,2026-08-02,2026-08-02,https://doi.org/10.6084/m9.figshare.4879853,primary_quantity_resolved,9939,images,Primary quantity reported in the reviewed catalog source,not_assessed,legacy_catalog_field,https://doi.org/10.6084/m9.figshare.4879853,1,0,"[{""count"": 9939, ""evidence_basis"": ""legacy_catalog_field"", ""evidence_url"": ""https://doi.org/10.6084/m9.figshare.4879853"", ""exactness"": ""not_assessed"", ""notes"": """", ""primary"": true, ""review_date"": ""2026-08-01"", ""scope"": ""Primary quantity reported in the reviewed catalog source"", ""unit"": ""images""}]",Quantities with different units are not interchangeable. Related records and derivative components may overlap.
jrc_multimodal_vessels,JRC Multi-Modal Retinal Vessel Segmentation,multimodal,fundus|fundus_angiography|fundus_autofluorescence|infrared,0.5.0,2026-08-02,2026-08-02,https://zenodo.org/records/17874693,primary_quantity_resolved,120,images,"Forty images in each of FA, FAF, and infrared subsets",exact,derived_from_reported_components,https://zenodo.org/records/17874693,1,0,"[{""count"": 120, ""evidence_basis"": ""derived_from_reported_components"", ""evidence_url"": ""https://zenodo.org/records/17874693"", ""exactness"": ""exact"", ""notes"": """", ""primary"": true, ""review_date"": ""2026-08-01"", ""scope"": ""Forty images in each of FA, FAF, and infrared subsets"", ""unit"": ""images""}]",Quantities with different units are not interchangeable. Related records and derivative components may overlap.
jsiec,JSIEC Fundus Photo Dataset,fundus,fundus,0.5.0,2026-08-02,2026-08-02,https://zenodo.org/record/3477553,primary_quantity_resolved,1000,images,Primary quantity reported in the reviewed catalog source,not_assessed,legacy_catalog_field,https://zenodo.org/record/3477553,1,0,"[{""count"": 1000, ""evidence_basis"": ""legacy_catalog_field"", ""evidence_url"": ""https://zenodo.org/record/3477553"", ""exactness"": ""not_assessed"", ""notes"": """", ""primary"": true, ""review_date"": ""2026-08-01"", ""scope"": ""Primary quantity reported in the reviewed catalog source"", ""unit"": ""images""}]",Quantities with different units are not interchangeable. Related records and derivative components may overlap.
justraigs,JustRAIGS: Just Referral AI Glaucoma Screening Dataset,fundus,fundus,0.5.0,2026-08-02,2026-08-02,https://zenodo.org/records/10035093,primary_quantity_resolved,101442,images,Primary quantity reported in the reviewed catalog source,not_assessed,legacy_catalog_field,https://zenodo.org/records/10035093,1,0,"[{""count"": 101442, ""evidence_basis"": ""legacy_catalog_field"", ""evidence_url"": ""https://zenodo.org/records/10035093"", ""exactness"": ""not_assessed"", ""notes"": """", ""primary"": true, ""review_date"": ""2026-08-01"", ""scope"": ""Primary quantity reported in the reviewed catalog source"", ""unit"": ""images""}]",Quantities with different units are not interchangeable. Related records and derivative components may overlap.
keratoconus_detection_kaggle,Keratoconus Detection Corneal Maps,corneal_topography,corneal_topography,0.5.0,2026-08-02,2026-08-02,https://www.kaggle.com/datasets/elmehdi12/keratoconus-detection,primary_quantity_resolved,573,images,Primary quantity reported in the reviewed catalog source,not_assessed,legacy_catalog_field,https://www.kaggle.com/datasets/elmehdi12/keratoconus-detection,1,0,"[{""count"": 573, ""evidence_basis"": ""legacy_catalog_field"", ""evidence_url"": ""https://www.kaggle.com/datasets/elmehdi12/keratoconus-detection"", ""exactness"": ""not_assessed"", ""notes"": """", ""primary"": true, ""review_date"": ""2026-08-01"", ""scope"": ""Primary quantity reported in the reviewed catalog source"", ""unit"": ""images""}]",Quantities with different units are not interchangeable. Related records and derivative components may overlap.
kermany_oct,Kermany OCT 2018: Retinal OCT Image Classification,oct,oct,0.5.0,2026-08-02,2026-08-02,https://www.kaggle.com/datasets/paultimothymooney/kermany2018,primary_quantity_resolved,84484,images,Primary quantity reported in the reviewed catalog source,not_assessed,legacy_catalog_field,https://www.kaggle.com/datasets/paultimothymooney/kermany2018,1,0,"[{""count"": 84484, ""evidence_basis"": ""legacy_catalog_field"", ""evidence_url"": ""https://www.kaggle.com/datasets/paultimothymooney/kermany2018"", ""exactness"": ""not_assessed"", ""notes"": """", ""primary"": true, ""review_date"": ""2026-08-01"", ""scope"": ""Primary quantity reported in the reviewed catalog source"", ""unit"": ""images""}]",Quantities with different units are not interchangeable. Related records and derivative components may overlap.
lag,LAG: Large-scale Attention-based Glaucoma Database,fundus,fundus,0.5.0,2026-08-02,2026-08-02,https://github.com/smilell/AG-CNN,primary_quantity_resolved,11760,images,Primary quantity reported in the reviewed catalog source,not_assessed,legacy_catalog_field,https://github.com/smilell/AG-CNN,1,0,"[{""count"": 11760, ""evidence_basis"": ""legacy_catalog_field"", ""evidence_url"": ""https://github.com/smilell/AG-CNN"", ""exactness"": ""not_assessed"", ""notes"": """", ""primary"": true, ""review_date"": ""2026-08-01"", ""scope"": ""Primary quantity reported in the reviewed catalog source"", ""unit"": ""images""}]",Quantities with different units are not interchangeable. Related records and derivative components may overlap.
leops_erg,LEOPs Light-Adapted Electroretinogram and Oscillatory Potentials Dataset,electrophysiology,electrophysiology|tabular,0.5.0,2026-08-02,2026-08-02,https://data.mendeley.com/datasets/w3yx7hdds7/1,primary_quantity_resolved,9743,signals,Averaged ERG and oscillatory-potential waveforms,exact,derived_from_reported_components,https://data.mendeley.com/datasets/w3yx7hdds7/1,3,2,"[{""count"": 9743, ""evidence_basis"": ""derived_from_reported_components"", ""evidence_url"": ""https://data.mendeley.com/datasets/w3yx7hdds7/1"", ""exactness"": ""exact"", ""notes"": """", ""primary"": true, ""review_date"": ""2026-08-01"", ""scope"": ""Averaged ERG and oscillatory-potential waveforms"", ""unit"": ""signals""}, {""count"": 253, ""evidence_basis"": ""official_source_description"", ""evidence_url"": ""https://data.mendeley.com/datasets/w3yx7hdds7/1"", ""exactness"": ""exact"", ""notes"": """", ""primary"": false, ""review_date"": ""2026-08-01"", ""scope"": ""Pediatric participants"", ""unit"": ""participants""}, {""count"": 558, ""evidence_basis"": ""official_source_description"", ""evidence_url"": ""https://data.mendeley.com/datasets/w3yx7hdds7/1"", ""exactness"": ""exact"", ""notes"": """", ""primary"": false, ""review_date"": ""2026-08-01"", ""scope"": ""Electrode-position eye images"", ""unit"": ""images""}]",Quantities with different units are not interchangeable. Related records and derivative components may overlap.
lmod_cataract_1k,LMOD-Cataract-1K,surgical_video,surgical_video,0.5.0,2026-08-02,2026-08-02,https://huggingface.co/datasets/mehti/LMOD-Cataract-1K,primary_quantity_resolved,2256,images,Rows in the versioned Hugging Face deposit,exact,current_deposit_table,https://huggingface.co/datasets/mehti/LMOD-Cataract-1K,1,0,"[{""count"": 2256, ""evidence_basis"": ""current_deposit_table"", ""evidence_url"": ""https://huggingface.co/datasets/mehti/LMOD-Cataract-1K"", ""exactness"": ""exact"", ""notes"": """", ""primary"": true, ""review_date"": ""2026-08-01"", ""scope"": ""Rows in the versioned Hugging Face deposit"", ""unit"": ""images""}]",Quantities with different units are not interchangeable. Related records and derivative components may overlap.
lmod_cataract_1k_cot,Cataract-1K Surgical Analysis Chain-of-Thought Dataset,multimodal,surgical_video|text,0.5.0,2026-08-02,2026-08-02,https://huggingface.co/datasets/mehti/LMOD-Cataract-1K-surgical-analysis-cot,primary_quantity_resolved,2256,images,PNG images in the versioned Hugging Face deposit,exact,current_deposit_file_listing,https://huggingface.co/datasets/mehti/LMOD-Cataract-1K-surgical-analysis-cot,2,1,"[{""count"": 2256, ""evidence_basis"": ""current_deposit_file_listing"", ""evidence_url"": ""https://huggingface.co/datasets/mehti/LMOD-Cataract-1K-surgical-analysis-cot"", ""exactness"": ""exact"", ""notes"": """", ""primary"": true, ""review_date"": ""2026-08-01"", ""scope"": ""PNG images in the versioned Hugging Face deposit"", ""unit"": ""images""}, {""count"": 11280, ""evidence_basis"": ""current_deposit_table"", ""evidence_url"": ""https://huggingface.co/datasets/mehti/LMOD-Cataract-1K-surgical-analysis-cot"", ""exactness"": ""exact"", ""notes"": ""The five folds repeat the 2,256 source images; 11,280 is not a unique-image count."", ""primary"": false, ""review_date"": ""2026-08-01"", ""scope"": ""Rows across five cross-validation train/validation fold pairs"", ""unit"": ""question_answer_pairs""}]",Quantities with different units are not interchangeable. Related records and derivative components may overlap.
lmod_plus,LMOD+ Multimodal Ophthalmology Benchmark,multimodal,fundus|oct|external_eye|surgical_video|text|tabular,0.5.0,2026-08-02,2026-08-02,https://kfzyqin.github.io/lmod_plus/,primary_quantity_resolved,32633,annotated_instances,Composite benchmark instances,exact,official_source_description,https://kfzyqin.github.io/lmod_plus/,1,0,"[{""count"": 32633, ""evidence_basis"": ""official_source_description"", ""evidence_url"": ""https://kfzyqin.github.io/lmod_plus/"", ""exactness"": ""exact"", ""notes"": """", ""primary"": true, ""review_date"": ""2026-08-01"", ""scope"": ""Composite benchmark instances"", ""unit"": ""annotated_instances""}]",Quantities with different units are not interchangeable. Related records and derivative components may overlap.
lpw,LPW Labelled Pupils in the Wild,eye_tracking,eye_tracking,0.5.0,2026-08-02,2026-08-02,https://www.mpi-inf.mpg.de/de/departments/computer-vision-and-machine-learning/research/gaze-based-human-computer-interaction/labelled-pupils-in-the-wild-lpw/,primary_quantity_resolved,130856,frames,Labeled eye-region images,exact,official_source_description,https://www.mpi-inf.mpg.de/departments/computer-vision-and-machine-learning/research/gaze-based-human-computer-interaction/labelled-pupils-in-the-wild-lpw,3,2,"[{""count"": 130856, ""evidence_basis"": ""official_source_description"", ""evidence_url"": ""https://www.mpi-inf.mpg.de/departments/computer-vision-and-machine-learning/research/gaze-based-human-computer-interaction/labelled-pupils-in-the-wild-lpw"", ""exactness"": ""exact"", ""notes"": """", ""primary"": true, ""review_date"": ""2026-08-01"", ""scope"": ""Labeled eye-region images"", ""unit"": ""frames""}, {""count"": 66, ""evidence_basis"": ""official_source_description"", ""evidence_url"": ""https://www.mpi-inf.mpg.de/departments/computer-vision-and-machine-learning/research/gaze-based-human-computer-interaction/labelled-pupils-in-the-wild-lpw"", ""exactness"": ""exact"", ""notes"": """", ""primary"": false, ""review_date"": ""2026-08-01"", ""scope"": ""High-speed source videos"", ""unit"": ""videos""}, {""count"": 22, ""evidence_basis"": ""official_source_description"", ""evidence_url"": ""https://www.mpi-inf.mpg.de/departments/computer-vision-and-machine-learning/research/gaze-based-human-computer-interaction/labelled-pupils-in-the-wild-lpw"", ""exactness"": ""exact"", ""notes"": """", ""primary"": false, ""review_date"": ""2026-08-01"", ""scope"": ""Participants recorded in everyday locations"", ""unit"": ""participants""}]",Quantities with different units are not interchangeable. Related records and derivative components may overlap.
maetschke_glaucoma_oct,OCT Volumes for Glaucoma Detection,oct,oct,0.5.0,2026-08-02,2026-08-02,https://doi.org/10.5281/zenodo.1481223,primary_quantity_resolved,1110,volumes,Primary quantity reported in the reviewed catalog source,not_assessed,legacy_catalog_field,https://doi.org/10.5281/zenodo.1481223,1,0,"[{""count"": 1110, ""evidence_basis"": ""legacy_catalog_field"", ""evidence_url"": ""https://doi.org/10.5281/zenodo.1481223"", ""exactness"": ""not_assessed"", ""notes"": """", ""primary"": true, ""review_date"": ""2026-08-01"", ""scope"": ""Primary quantity reported in the reviewed catalog source"", ""unit"": ""volumes""}]",Quantities with different units are not interchangeable. Related records and derivative components may overlap.
maples_dr,MAPLES-DR: Montreal Annotation Project for DR,fundus,fundus,0.5.0,2026-08-02,2026-08-02,https://doi.org/10.6084/m9.figshare.24328660,primary_quantity_resolved,198,images,Primary quantity reported in the reviewed catalog source,not_assessed,legacy_catalog_field,https://doi.org/10.6084/m9.figshare.24328660,1,0,"[{""count"": 198, ""evidence_basis"": ""legacy_catalog_field"", ""evidence_url"": ""https://doi.org/10.6084/m9.figshare.24328660"", ""exactness"": ""not_assessed"", ""notes"": """", ""primary"": true, ""review_date"": ""2026-08-01"", ""scope"": ""Primary quantity reported in the reviewed catalog source"", ""unit"": ""images""}]",Quantities with different units are not interchangeable. Related records and derivative components may overlap.
mario,MARIO: AMD-Progression Longitudinal OCT (MICCAI 2024),oct,oct,0.5.0,2026-08-02,2026-08-02,https://zenodo.org/records/15270469,primary_quantity_resolved,30000,images,Primary quantity reported in the reviewed catalog source,not_assessed,legacy_catalog_field,https://zenodo.org/records/15270469,1,0,"[{""count"": 30000, ""evidence_basis"": ""legacy_catalog_field"", ""evidence_url"": ""https://zenodo.org/records/15270469"", ""exactness"": ""not_assessed"", ""notes"": """", ""primary"": true, ""review_date"": ""2026-08-01"", ""scope"": ""Primary quantity reported in the reviewed catalog source"", ""unit"": ""images""}]",Quantities with different units are not interchangeable. Related records and derivative components may overlap.
mbrset,mBRSET: Mobile Brazilian Retinal Dataset,fundus,fundus,0.5.0,2026-08-02,2026-08-02,https://physionet.org/content/mbrset/1.0/,primary_quantity_resolved,5164,images,Primary quantity reported in the reviewed catalog source,not_assessed,legacy_catalog_field,https://physionet.org/content/mbrset/1.0/,1,0,"[{""count"": 5164, ""evidence_basis"": ""legacy_catalog_field"", ""evidence_url"": ""https://physionet.org/content/mbrset/1.0/"", ""exactness"": ""not_assessed"", ""notes"": """", ""primary"": true, ""review_date"": ""2026-08-01"", ""scope"": ""Primary quantity reported in the reviewed catalog source"", ""unit"": ""images""}]",Quantities with different units are not interchangeable. Related records and derivative components may overlap.
mcoa,MCOA: Multimodal Corneal Opacity Assessment Dataset,multimodal,oct|external_eye,0.5.0,2026-08-02,2026-08-02,https://doi.org/10.6084/m9.figshare.28123088.v1,primary_quantity_resolved,6664,images,Primary quantity reported in the reviewed catalog source,not_assessed,legacy_catalog_field,https://doi.org/10.6084/m9.figshare.28123088.v1,1,0,"[{""count"": 6664, ""evidence_basis"": ""legacy_catalog_field"", ""evidence_url"": ""https://doi.org/10.6084/m9.figshare.28123088.v1"", ""exactness"": ""not_assessed"", ""notes"": """", ""primary"": true, ""review_date"": ""2026-08-01"", ""scope"": ""Primary quantity reported in the reviewed catalog source"", ""unit"": ""images""}]",Quantities with different units are not interchangeable. Related records and derivative components may overlap.
mendeley_3_year_follow_up_optic_neuritis,a 3-year follow-up of optic neuritis phenotypes in Chinese cohort,tabular,tabular,0.5.0,2026-08-02,2026-08-02,https://data.mendeley.com/datasets/zvb55v8mzw,primary_quantity_unresolved,,,,,,,0,0,[],Quantities with different units are not interchangeable. Related records and derivative components may overlap.
mendeley_adjuvant_ketorolac_dexamethasone_hypoxic_human_retinal,Adjuvant Ketorolac and Dexamethasone + Hypoxic Human Retinal Pigment Epithelium (RPE) and Endothelial Cells (HREC),omics,omics,0.5.0,2026-08-02,2026-08-02,https://data.mendeley.com/datasets/xzf382pby9,primary_quantity_unresolved,,,,,,,0,0,[],Quantities with different units are not interchangeable. Related records and derivative components may overlap.
mendeley_analysis_macular_pigment_carotenoids_human_blood,Analysis of macular pigment carotenoids in human blood serum of glaucoma patients as a measure of ocular health: A Raman spectroscopic study,omics,omics,0.5.0,2026-08-02,2026-08-02,https://data.mendeley.com/datasets/8pwpbcrjd8,primary_quantity_unresolved,,,,,,,0,0,[],Quantities with different units are not interchangeable. Related records and derivative components may overlap.
mendeley_annotated_infant_fundus_images_object_detection,Annotated Infant Fundus Images for Object Detection of Key Structures (Optic Disk and Macula),fundus,fundus,0.5.0,2026-08-02,2026-08-02,https://data.mendeley.com/datasets/9kvk7nkhx6,primary_quantity_unresolved,,,,,,,0,0,[],Quantities with different units are not interchangeable. Related records and derivative components may overlap.
mendeley_anterior_segment_optical_coherence_tomography_angiography,Data for: Anterior Segment Optical Coherence Tomography Angiography Imaging of Conjunctiva and Intrasclera in Treated Primary Open-Angle Glaucoma,tabular,tabular,0.5.0,2026-08-02,2026-08-02,https://data.mendeley.com/datasets/tsh3xwbkkg,primary_quantity_unresolved,,,,,,,0,0,[],Quantities with different units are not interchangeable. Related records and derivative components may overlap.
mendeley_application_machine_learning_detecting_iron_deficiency,Application of Machine Learning in Detecting Iron Deficiency Anemia Using  Conjunctiva image Dataset from Ghana,tabular,tabular,0.5.0,2026-08-02,2026-08-02,https://data.mendeley.com/datasets/nt7r8hv2pz,primary_quantity_unresolved,,,,,,,0,0,[],Quantities with different units are not interchangeable. Related records and derivative components may overlap.
mendeley_biochemical_parameters_tear_fluid_chemical_burns,Dataset of biochemical parameters of tear fluid in chemical burns,tabular,tabular,0.5.0,2026-08-02,2026-08-02,https://data.mendeley.com/datasets/zhk775h6n4,primary_quantity_resolved,110,participants,Source-stated quantity,exact,official_source_description,https://data.mendeley.com/datasets/zhk775h6n4,1,0,"[{""count"": 110, ""evidence_basis"": ""official_source_description"", ""evidence_url"": ""https://data.mendeley.com/datasets/zhk775h6n4"", ""exactness"": ""exact"", ""notes"": ""Preserved from the source-confirmation record."", ""primary"": true, ""review_date"": ""2026-08-02"", ""scope"": ""Source-stated quantity"", ""unit"": ""participants""}]",Quantities with different units are not interchangeable. Related records and derivative components may overlap.
mendeley_biomechanical_properties_adult_patients_high_myopia,"Biomechanical properties of adult patients with high myopia after implantable collamer lens (ICL, V4) implantation",corneal_topography,corneal_topography,0.5.0,2026-08-02,2026-08-02,https://data.mendeley.com/datasets/yry4r9y9v5,primary_quantity_resolved,110,eyes,Source-stated quantity,exact,official_source_description,https://data.mendeley.com/datasets/yry4r9y9v5,1,0,"[{""count"": 110, ""evidence_basis"": ""official_source_description"", ""evidence_url"": ""https://data.mendeley.com/datasets/yry4r9y9v5"", ""exactness"": ""exact"", ""notes"": ""Preserved from the source-confirmation record."", ""primary"": true, ""review_date"": ""2026-08-02"", ""scope"": ""Source-stated quantity"", ""unit"": ""eyes""}]",Quantities with different units are not interchangeable. Related records and derivative components may overlap.
mendeley_blinking_its_relationship_ocular_surface_digital,Blinking and its relationship with the ocular surface and digital device use in school aged children ,tabular,tabular,0.5.0,2026-08-02,2026-08-02,https://data.mendeley.com/datasets/vyb5fv6ppp,primary_quantity_resolved,45,participants,Source-stated quantity,exact,official_source_description,https://data.mendeley.com/datasets/vyb5fv6ppp,1,0,"[{""count"": 45, ""evidence_basis"": ""official_source_description"", ""evidence_url"": ""https://data.mendeley.com/datasets/vyb5fv6ppp"", ""exactness"": ""exact"", ""notes"": ""Preserved from the source-confirmation record."", ""primary"": true, ""review_date"": ""2026-08-02"", ""scope"": ""Source-stated quantity"", ""unit"": ""participants""}]",Quantities with different units are not interchangeable. Related records and derivative components may overlap.
mendeley_cell_types_human_retina_its_organoids,Cell types of the human retina and its organoids at single-cell resolution. Cowan et al,omics,omics,0.5.0,2026-08-02,2026-08-02,https://data.mendeley.com/datasets/sm67hr5bpm,primary_quantity_unresolved,,,,,,,0,0,[],Quantities with different units are not interchangeable. Related records and derivative components may overlap.
mendeley_changes_retinal_photosensitivity_diabetic_retinopathy_therapy,Changes in retinal photosensitivity in diabetic retinopathy therapy,tabular,tabular,0.5.0,2026-08-02,2026-08-02,https://data.mendeley.com/datasets/tsf8b4yj3j,primary_quantity_unresolved,,,,,,,0,0,[],Quantities with different units are not interchangeable. Related records and derivative components may overlap.
mendeley_chemical_reprogramming_fibroblasts_into_functional_retinal,Chemical Reprogramming of Fibroblasts into Functional Retinal Pigment Epithelium Cells,tabular,tabular,0.5.0,2026-08-02,2026-08-02,https://data.mendeley.com/datasets/sg2rywwwxb,primary_quantity_unresolved,,,,,,,0,0,[],Quantities with different units are not interchangeable. Related records and derivative components may overlap.
mendeley_clinical_application_cyanoacrylate_tissue_adhesive_pediatric,Clinical Application of Cyanoacrylate Tissue Adhesive in Pediatric Ophthalmic Emergency: A Randomized Controlled Study,tabular,tabular,0.5.0,2026-08-02,2026-08-02,https://data.mendeley.com/datasets/ctnygyvwt5,primary_quantity_unresolved,,,,,,,0,0,[],Quantities with different units are not interchangeable. Related records and derivative components may overlap.
mendeley_clinical_assessment_scleral_canal_expansion_glaucoma,Data for: Clinical Assessment of Scleral Canal Expansion in Glaucoma Using Spectral Domain Optical Coherence Tomography,visual_field,visual_field,0.5.0,2026-08-02,2026-08-02,https://data.mendeley.com/datasets/7x3tgtskyj,primary_quantity_unresolved,,,,,,,0,0,[],Quantities with different units are not interchangeable. Related records and derivative components may overlap.
mendeley_code_manuscript_fixational_eye_movements_as,Data and code for manuscript: Fixational eye movements as active sensation for high visual acuity,tabular,tabular,0.5.0,2026-08-02,2026-08-02,https://data.mendeley.com/datasets/p7dyyrfds6,primary_quantity_unresolved,,,,,,,0,0,[],Quantities with different units are not interchangeable. Related records and derivative components may overlap.
mendeley_comparison_aqueous_humor_levels_plgf_vegf,Data for: Comparison of aqueous humor levels of PlGF and VEGF in proliferative diabetic retinopathy before and after intravitreal conbercept injection,tabular,tabular,0.5.0,2026-08-02,2026-08-02,https://data.mendeley.com/datasets/wtcc9fcjdy,primary_quantity_unresolved,,,,,,,0,0,[],Quantities with different units are not interchangeable. Related records and derivative components may overlap.
mendeley_comparison_cervical_ocular_vestibular_evoked_myogenic,Comparison of Cervical and Ocular Vestibular Evoked Myogenic Potentials Among Individuals with Hearing Impairment Aged 50–70 Years,tabular,tabular,0.5.0,2026-08-02,2026-08-02,https://data.mendeley.com/datasets/2jkhncb5kw,primary_quantity_unresolved,,,,,,,0,0,[],Quantities with different units are not interchangeable. Related records and derivative components may overlap.
mendeley_comparison_clinical_outcomes_visual_quality_visual,"Comparison of clinical outcomes, visual quality and visual function of two presbyopia-correcting intraocular lenses made from the same material, but with different design and optics",tabular,tabular,0.5.0,2026-08-02,2026-08-02,https://data.mendeley.com/datasets/y6n5k7s6f7,primary_quantity_unresolved,,,,,,,0,0,[],Quantities with different units are not interchangeable. Related records and derivative components may overlap.
mendeley_comparison_ocular_biometry_using_new_opticalcoherence,Comparison of ocular biometry using new OpticalCoherence Tomography-based Optical Biometer with Other Device. ,tabular,tabular,0.5.0,2026-08-02,2026-08-02,https://data.mendeley.com/datasets/kwv73shvxh,primary_quantity_unresolved,,,,,,,0,0,[],Quantities with different units are not interchangeable. Related records and derivative components may overlap.
mendeley_comparison_retinal_choroidal_vascular_changes_via,Comparison of retinal and choroidal vascular changes via optical coherence tomography angiography between Pseudoexfoliative glaucoma and Pseudoexfoliative syndrome and control group,tabular,tabular,0.5.0,2026-08-02,2026-08-02,https://data.mendeley.com/datasets/3m8fcfmp9j,primary_quantity_unresolved,,,,,,,0,0,[],Quantities with different units are not interchangeable. Related records and derivative components may overlap.
mendeley_comparison_two_novel_comfilcon_contact_lens,Comparison of Two Novel Comfilcon A Contact Lens Designs in the Management of Computer Vision Syndrome: A Pilot Study ,tabular,tabular,0.5.0,2026-08-02,2026-08-02,https://data.mendeley.com/datasets/fnbxs7gb82,primary_quantity_unresolved,,,,,,,0,0,[],Quantities with different units are not interchangeable. Related records and derivative components may overlap.
mendeley_conjunctival_melanoma_detection_using_deep_learning,Conjunctival melanoma detection using deep learning in smartphone images,tabular,tabular,0.5.0,2026-08-02,2026-08-02,https://data.mendeley.com/datasets/t75wjsw6bw,primary_quantity_unresolved,,,,,,,0,0,[],Quantities with different units are not interchangeable. Related records and derivative components may overlap.
mendeley_contrast_sensitivity_visual_acuity_multifocal_contact,Data for: Contrast sensitivity and visual acuity with multifocal contact lenses with high additions dedicated for myopia progression control ,tabular,tabular,0.5.0,2026-08-02,2026-08-02,https://data.mendeley.com/datasets/j5cw4wn23y,primary_quantity_unresolved,,,,,,,0,0,[],Quantities with different units are not interchangeable. Related records and derivative components may overlap.
mendeley_corneal_higher_order_aberrations_stevens_johnson,Data for: Corneal Higher-order Aberrations in Stevens-Johnson Syndrome and Toxic Epidermal Necrolysis,corneal_topography,corneal_topography,0.5.0,2026-08-02,2026-08-02,https://data.mendeley.com/datasets/2k96xky4rf,primary_quantity_unresolved,,,,,,,0,0,[],Quantities with different units are not interchangeable. Related records and derivative components may overlap.
mendeley_corneal_refractive_parameters_age_patients_without,corneal refractive parameters with age in patients without corneal diseases based on Fourier analysis ,corneal_topography,corneal_topography,0.5.0,2026-08-02,2026-08-02,https://data.mendeley.com/datasets/yr8hbwmsvy,primary_quantity_resolved,2545,participants,Source-stated quantity,exact,official_source_description,https://data.mendeley.com/datasets/yr8hbwmsvy,1,0,"[{""count"": 2545, ""evidence_basis"": ""official_source_description"", ""evidence_url"": ""https://data.mendeley.com/datasets/yr8hbwmsvy"", ""exactness"": ""exact"", ""notes"": ""Preserved from the source-confirmation record."", ""primary"": true, ""review_date"": ""2026-08-02"", ""scope"": ""Source-stated quantity"", ""unit"": ""participants""}]",Quantities with different units are not interchangeable. Related records and derivative components may overlap.
mendeley_cost_effectiveness_limited_vitrectomy_vision_degrading,Data for: Cost Effectiveness of Limited Vitrectomy for Vision Degrading Myodesopsia,tabular,tabular,0.5.0,2026-08-02,2026-08-02,https://data.mendeley.com/datasets/487dpg7v38,primary_quantity_unresolved,,,,,,,0,0,[],Quantities with different units are not interchangeable. Related records and derivative components may overlap.
mendeley_cp_anemic_conjunctival_pallor_ghana,CP-AnemiC (A Conjunctival Pallor) Dataset from Ghana,tabular,tabular,0.5.0,2026-08-02,2026-08-02,https://data.mendeley.com/datasets/m53vz6b7fx,primary_quantity_unresolved,,,,,,,0,0,[],Quantities with different units are not interchangeable. Related records and derivative components may overlap.
mendeley_cust_iris,CUST-Iris,iris_biometrics,iris_biometrics,0.5.0,2026-08-02,2026-08-02,https://data.mendeley.com/datasets/3j6skjpsng,primary_quantity_resolved,2880,images,Source-stated quantity,exact,official_source_description,https://data.mendeley.com/datasets/3j6skjpsng,1,0,"[{""count"": 2880, ""evidence_basis"": ""official_source_description"", ""evidence_url"": ""https://data.mendeley.com/datasets/3j6skjpsng"", ""exactness"": ""exact"", ""notes"": ""Preserved from the source-confirmation record."", ""primary"": true, ""review_date"": ""2026-08-02"", ""scope"": ""Source-stated quantity"", ""unit"": ""images""}]",Quantities with different units are not interchangeable. Related records and derivative components may overlap.
mendeley_deep_learning_prediction_uncorrected_refractive_error,Deep Learning for the Prediction of Uncorrected Refractive Error using OCT,oct,oct,0.5.0,2026-08-02,2026-08-02,https://data.mendeley.com/datasets/89z7h5gnpw,primary_quantity_unresolved,,,,,,,0,0,[],Quantities with different units are not interchangeable. Related records and derivative components may overlap.
mendeley_demographic_profile_clinical_characteristics_patients_presenting,Demographic profile and clinical characteristics of patients presenting with acute ocular burns,tabular,tabular,0.5.0,2026-08-02,2026-08-02,https://data.mendeley.com/datasets/hwnm88jyzg,primary_quantity_resolved,2,documents,Source-stated quantity,exact,official_source_description,https://data.mendeley.com/datasets/hwnm88jyzg,1,0,"[{""count"": 2, ""evidence_basis"": ""official_source_description"", ""evidence_url"": ""https://data.mendeley.com/datasets/hwnm88jyzg"", ""exactness"": ""exact"", ""notes"": ""Preserved from the source-confirmation record."", ""primary"": true, ""review_date"": ""2026-08-02"", ""scope"": ""Source-stated quantity"", ""unit"": ""documents""}]",Quantities with different units are not interchangeable. Related records and derivative components may overlap.
mendeley_development_deep_learning_based_system_optic,Dataset for - Development of a Deep Learning-based system for Optic Nerve characterization in Transorbital Ultrasound Images on a multicenter dataset,tabular,tabular,0.5.0,2026-08-02,2026-08-02,https://data.mendeley.com/datasets/kw8gvp8m8x,primary_quantity_unresolved,,,,,,,0,0,[],Quantities with different units are not interchangeable. Related records and derivative components may overlap.
mendeley_development_deep_learning_model_epiretinal_membrane,Development of a deep learning model for epiretinal membrane detection in fundus photography,fundus,fundus,0.5.0,2026-08-02,2026-08-02,https://data.mendeley.com/datasets/jrgntpv8b8,primary_quantity_unresolved,,,,,,,0,0,[],Quantities with different units are not interchangeable. Related records and derivative components may overlap.
mendeley_dex_combined_ppv_pdr,DEX combined PPV in PDR,tabular,tabular,0.5.0,2026-08-02,2026-08-02,https://data.mendeley.com/datasets/zcmpcczdhs,primary_quantity_resolved,104,eyes,Source-stated quantity,exact,official_source_description,https://data.mendeley.com/datasets/zcmpcczdhs,1,0,"[{""count"": 104, ""evidence_basis"": ""official_source_description"", ""evidence_url"": ""https://data.mendeley.com/datasets/zcmpcczdhs"", ""exactness"": ""exact"", ""notes"": ""Preserved from the source-confirmation record."", ""primary"": true, ""review_date"": ""2026-08-02"", ""scope"": ""Source-stated quantity"", ""unit"": ""eyes""}]",Quantities with different units are not interchangeable. Related records and derivative components may overlap.
mendeley_difference_retinal_nerve_fiber_layer_thickness,Data for: Difference of the Retinal Nerve Fiber Layer Thickness Assessed on the Disc Center and Bruch’s Membrane Opening Center in Myopic Eyes,tabular,tabular,0.5.0,2026-08-02,2026-08-02,https://data.mendeley.com/datasets/dtz8wmt5xt,primary_quantity_unresolved,,,,,,,0,0,[],Quantities with different units are not interchangeable. Related records and derivative components may overlap.
mendeley_digital_holograms_rbcs_glaucoma_patients_healthy,Digital holograms of RBCs from the glaucoma patients and healthy controls,tabular,tabular,0.5.0,2026-08-02,2026-08-02,https://data.mendeley.com/datasets/tryd7r3wct,primary_quantity_unresolved,,,,,,,0,0,[],Quantities with different units are not interchangeable. Related records and derivative components may overlap.
mendeley_dme_classification_fundus_imaging_vision_transformers,DME Classification in Fundus Imaging with Vision Transformers and ETDRS-Guided Annotation,fundus,fundus,0.5.0,2026-08-02,2026-08-02,https://data.mendeley.com/datasets/sdcfn87pvs,primary_quantity_unresolved,,,,,,,0,0,[],Quantities with different units are not interchangeable. Related records and derivative components may overlap.
mendeley_dry_eye_symptoms_children_can_we,Dry eye symptoms in children: can we reliably measure them?,tabular,tabular,0.5.0,2026-08-02,2026-08-02,https://data.mendeley.com/datasets/h79366vw73,primary_quantity_unresolved,,,,,,,0,0,[],Quantities with different units are not interchangeable. Related records and derivative components may overlap.
mendeley_early_detection_glaucomatous_visual_field_progression,Data for: Early Detection of Glaucomatous Visual Field Progression Using Pointwise Linear Regression with Binomial Test in the Central 10 Degrees,visual_field,visual_field,0.5.0,2026-08-02,2026-08-02,https://data.mendeley.com/datasets/w34s5mhvpm,primary_quantity_unresolved,,,,,,,0,0,[],Quantities with different units are not interchangeable. Related records and derivative components may overlap.
mendeley_effect_adlay_seed_extract_on_level,Effect of Adlay Seed Extract on the Level of Neuroprotection Gene Expression in Human Nasal Orbital Mesenchymal Stem Cells ,tabular,tabular,0.5.0,2026-08-02,2026-08-02,https://data.mendeley.com/datasets/x7rcj9yz65,primary_quantity_unresolved,,,,,,,0,0,[],Quantities with different units are not interchangeable. Related records and derivative components may overlap.
mendeley_effect_central_hole_location_phakic_intraocular,Data for: Effect of Central Hole Location of Phakic Intraocular Lens on Visual Function under Progressive Headlight Glare Sources.,tabular,tabular,0.5.0,2026-08-02,2026-08-02,https://data.mendeley.com/datasets/jjknx3wbkf,primary_quantity_unresolved,,,,,,,0,0,[],Quantities with different units are not interchangeable. Related records and derivative components may overlap.
mendeley_effect_one_hour_smartphone_gaming_on,"The effect of one hour smartphone gaming on blinking, ocular symptoms and tear film function in school-aged children ",tabular,tabular,0.5.0,2026-08-02,2026-08-02,https://data.mendeley.com/datasets/zn64p6r992,primary_quantity_unresolved,,,,,,,0,0,[],Quantities with different units are not interchangeable. Related records and derivative components may overlap.
mendeley_effect_prednisone_plus_either_adalimumab_or,Effect of prednisone plus either adalimumab or cyclosporine on dermatological symptoms in Vogt-Koyanagi-Harada disease: systemic outcomes from a randomized trial,tabular,tabular,0.5.0,2026-08-02,2026-08-02,https://data.mendeley.com/datasets/yzv3mrvwf4,primary_quantity_unresolved,,,,,,,0,0,[],Quantities with different units are not interchangeable. Related records and derivative components may overlap.
mendeley_effects_implantable_collamer_lens_icl_implantation,The effects of implantable collamer lens ICL implantation in high myopia patients’ mental health,tabular,tabular,0.5.0,2026-08-02,2026-08-02,https://data.mendeley.com/datasets/t6pmbvkvtd,primary_quantity_resolved,43,participants,Source-stated quantity,exact,official_source_description,https://data.mendeley.com/datasets/t6pmbvkvtd,1,0,"[{""count"": 43, ""evidence_basis"": ""official_source_description"", ""evidence_url"": ""https://data.mendeley.com/datasets/t6pmbvkvtd"", ""exactness"": ""exact"", ""notes"": ""Preserved from the source-confirmation record."", ""primary"": true, ""review_date"": ""2026-08-02"", ""scope"": ""Source-stated quantity"", ""unit"": ""participants""}]",Quantities with different units are not interchangeable. Related records and derivative components may overlap.
mendeley_efficacy_combined_orthokeratology_0_01_atropine,Dataset for: Efficacy of combined orthokeratology and 0.01% atropine solution for slowing axial elongation in children with myopia: a 2-year randomised trial,corneal_topography,corneal_topography,0.5.0,2026-08-02,2026-08-02,https://data.mendeley.com/datasets/y58rh8bfkv,primary_quantity_unresolved,,,,,,,0,0,[],Quantities with different units are not interchangeable. Related records and derivative components may overlap.
mendeley_electrooculography_eog_blink_analysis_ocular_fatigue,Electrooculography (EOG) Dataset for Blink Analysis and Ocular Fatigue Detection,tabular,tabular,0.5.0,2026-08-02,2026-08-02,https://data.mendeley.com/datasets/w7hm97cts5,primary_quantity_resolved,4,participants,Source-stated quantity,exact,official_source_description,https://data.mendeley.com/datasets/w7hm97cts5,1,0,"[{""count"": 4, ""evidence_basis"": ""official_source_description"", ""evidence_url"": ""https://data.mendeley.com/datasets/w7hm97cts5"", ""exactness"": ""exact"", ""notes"": ""Preserved from the source-confirmation record."", ""primary"": true, ""review_date"": ""2026-08-02"", ""scope"": ""Source-stated quantity"", ""unit"": ""participants""}]",Quantities with different units are not interchangeable. Related records and derivative components may overlap.
mendeley_et_pd_vis_eye_tracking_visualization,ET_PD_VIS: Eye Tracking Visualization Dataset on Trail Making Test for Parkinson’s Disease Analysis ,eye_tracking,eye_tracking,0.5.0,2026-08-02,2026-08-02,https://data.mendeley.com/datasets/83htprx9y6,primary_quantity_unresolved,,,,,,,0,0,[],Quantities with different units are not interchangeable. Related records and derivative components may overlap.
mendeley_evaluation_dry_eye_severity_ocular_surface,Evaluation of dry eye severity and ocular surface inflammation in patients with pemphigus and pemphigoid,tabular,tabular,0.5.0,2026-08-02,2026-08-02,https://data.mendeley.com/datasets/zzgw9t9jsy,primary_quantity_unresolved,,,,,,,0,0,[],Quantities with different units are not interchangeable. Related records and derivative components may overlap.
mendeley_evaluation_refractive_visual_outcomes_as_well,"Evaluation of refractive and visual outcomes, as well as astigmatism-correcting efficiency and rotational stability of a double-loop haptic toric intraocular lens - a one-year follow-up",tabular,tabular,0.5.0,2026-08-02,2026-08-02,https://data.mendeley.com/datasets/r2v99nw7vg,primary_quantity_unresolved,,,,,,,0,0,[],Quantities with different units are not interchangeable. Related records and derivative components may overlap.
mendeley_exome_sequencing_clec3b,Exome sequencing data for CLEC3B,omics,omics,0.5.0,2026-08-02,2026-08-02,https://data.mendeley.com/datasets/xcw5x5z49r,primary_quantity_resolved,9,participants,Source-stated quantity,exact,official_source_description,https://data.mendeley.com/datasets/xcw5x5z49r,1,0,"[{""count"": 9, ""evidence_basis"": ""official_source_description"", ""evidence_url"": ""https://data.mendeley.com/datasets/xcw5x5z49r"", ""exactness"": ""exact"", ""notes"": ""Preserved from the source-confirmation record."", ""primary"": true, ""review_date"": ""2026-08-02"", ""scope"": ""Source-stated quantity"", ""unit"": ""participants""}]",Quantities with different units are not interchangeable. Related records and derivative components may overlap.
mendeley_fferg_reference_healthy_controls_university_eye,ffERG Reference Data from Healthy Controls (University Eye Hospital Tuebingen),electrophysiology,electrophysiology,0.5.0,2026-08-02,2026-08-02,https://data.mendeley.com/datasets/37wxt2ybvj,primary_quantity_unresolved,,,,,,,0,0,[],Quantities with different units are not interchangeable. Related records and derivative components may overlap.
mendeley_foveal_cone_photoreceptor_outer_segment_length,Foveal cone photoreceptor outer segment length and cone density,oct,oct,0.5.0,2026-08-02,2026-08-02,https://data.mendeley.com/datasets/89rykrg8j2,primary_quantity_unresolved,,,,,,,0,0,[],Quantities with different units are not interchangeable. Related records and derivative components may overlap.
mendeley_fundus_autofluorescence_premature_infants,Fundus Autofluorescence in Premature Infants,fundus,fundus,0.5.0,2026-08-02,2026-08-02,https://data.mendeley.com/datasets/k5jsssjtmz,primary_quantity_unresolved,,,,,,,0,0,[],Quantities with different units are not interchangeable. Related records and derivative components may overlap.
mendeley_fundus_mctn,Fundus dataset of MCTN,fundus,fundus,0.5.0,2026-08-02,2026-08-02,https://data.mendeley.com/datasets/spz4b8tbzt,primary_quantity_unresolved,,,,,,,0,0,[],Quantities with different units are not interchangeable. Related records and derivative components may overlap.
mendeley_hpsc_derived_photoreceptor_axon_extension_growth,hPSC-derived Photoreceptor Axon Extension and Growth Cone Motility Data Sets and Code,tabular,tabular,0.5.0,2026-08-02,2026-08-02,https://data.mendeley.com/datasets/cpy5j23354,primary_quantity_unresolved,,,,,,,0,0,[],Quantities with different units are not interchangeable. Related records and derivative components may overlap.
mendeley_human_foveal_cone_topography_preferred_retinal,Human foveal cone topography and preferred retinal locus of fixation,eye_tracking,eye_tracking,0.5.0,2026-08-02,2026-08-02,https://data.mendeley.com/datasets/9gkpxsmz23,primary_quantity_unresolved,,,,,,,0,0,[],Quantities with different units are not interchangeable. Related records and derivative components may overlap.
mendeley_human_mesenchymal_stem_cells_derived_adipose,Human mesenchymal stem cells derived from adipose tissue showed greater effect than from umbilical cord in promoting corneal graft survival through suppressing lymphangiogenesis,corneal_topography,corneal_topography,0.5.0,2026-08-02,2026-08-02,https://data.mendeley.com/datasets/bm45p4tcbz,primary_quantity_unresolved,,,,,,,0,0,[],Quantities with different units are not interchangeable. Related records and derivative components may overlap.
mendeley_hvdropdb_datasets_classification_segmentation_research_retinopathy,"HVDROPDB Datasets for Classification and Segmentation for Research in Retinopathy of Prematurity, Ranjana Agrawal",fundus,fundus,0.5.0,2026-08-02,2026-08-02,https://data.mendeley.com/datasets/xw5xc7xrmp,primary_quantity_unresolved,,,,,,,0,0,[],Quantities with different units are not interchangeable. Related records and derivative components may overlap.
mendeley_identification_human_retinal_stem_like_cells,Identification of Human Retinal Stem-Like Cells for Retina Regeneration,tabular,tabular,0.5.0,2026-08-02,2026-08-02,https://data.mendeley.com/datasets/s9wbscpsrs,primary_quantity_unresolved,,,,,,,0,0,[],Quantities with different units are not interchangeable. Related records and derivative components may overlap.
mendeley_imaging_retinal_choroidal_vasculature_using_spatio,Imaging the retinal and choroidal vasculature using Spatio-Temporal Optical Coherence Tomography (STOC-T),octa,octa,0.5.0,2026-08-02,2026-08-02,https://data.mendeley.com/datasets/j39vyvp8ny,primary_quantity_unresolved,,,,,,,0,0,[],Quantities with different units are not interchangeable. Related records and derivative components may overlap.
mendeley_improved_retinal_displacement_quantification_between_retinal,Improved Retinal Displacement Quantification Between Retinal Vessels and Corresponding Retinal Vessel Printings Across the 3D Spherical Surface of the Eye: Dataset of Measurements on Fundus Autofluorescence Imaging,fundus,fundus,0.5.0,2026-08-02,2026-08-02,https://data.mendeley.com/datasets/jxwkym2phr,primary_quantity_resolved,53,participants,Source-stated quantity,exact,official_source_description,https://data.mendeley.com/datasets/jxwkym2phr,1,0,"[{""count"": 53, ""evidence_basis"": ""official_source_description"", ""evidence_url"": ""https://data.mendeley.com/datasets/jxwkym2phr"", ""exactness"": ""exact"", ""notes"": ""Preserved from the source-confirmation record."", ""primary"": true, ""review_date"": ""2026-08-02"", ""scope"": ""Source-stated quantity"", ""unit"": ""participants""}]",Quantities with different units are not interchangeable. Related records and derivative components may overlap.
mendeley_influence_angle_alpha_angle_kappa_optical,"The influence of angle alpha, angle kappa and optical aberra-tions on the visual outcomes after implantation of a high-addition trifocal IOL_2021",tabular,tabular,0.5.0,2026-08-02,2026-08-02,https://data.mendeley.com/datasets/w5ws4pzzxr,primary_quantity_resolved,56,eyes,Source-stated quantity,exact,official_source_description,https://data.mendeley.com/datasets/w5ws4pzzxr,1,0,"[{""count"": 56, ""evidence_basis"": ""official_source_description"", ""evidence_url"": ""https://data.mendeley.com/datasets/w5ws4pzzxr"", ""exactness"": ""exact"", ""notes"": ""Preserved from the source-confirmation record."", ""primary"": true, ""review_date"": ""2026-08-02"", ""scope"": ""Source-stated quantity"", ""unit"": ""eyes""}]",Quantities with different units are not interchangeable. Related records and derivative components may overlap.
mendeley_interocular_retinal_nerve_fiber_layer_thickness,Interocular retinal nerve fiber layer thickness differences,tabular,tabular,0.5.0,2026-08-02,2026-08-02,https://data.mendeley.com/datasets/ss2nynfc8s,primary_quantity_unresolved,,,,,,,0,0,[],Quantities with different units are not interchangeable. Related records and derivative components may overlap.
mendeley_iscev_standard_full_field_erg_reference,"ISCEV standard full-field ERG reference limits from 407 healthy subjects, derived from transference and validation of reference data between electrode types and centres",electrophysiology,electrophysiology,0.5.0,2026-08-02,2026-08-02,https://data.mendeley.com/datasets/kcptb9jrf5,primary_quantity_resolved,407,participants,Source-stated quantity,exact,official_source_description,https://data.mendeley.com/datasets/kcptb9jrf5,1,0,"[{""count"": 407, ""evidence_basis"": ""official_source_description"", ""evidence_url"": ""https://data.mendeley.com/datasets/kcptb9jrf5"", ""exactness"": ""exact"", ""notes"": ""Preserved from the source-confirmation record."", ""primary"": true, ""review_date"": ""2026-08-02"", ""scope"": ""Source-stated quantity"", ""unit"": ""participants""}]",Quantities with different units are not interchangeable. Related records and derivative components may overlap.
mendeley_keratoconus_ukraine_children,Keratoconus Ukraine children ОХМАТДИТ ,corneal_topography,corneal_topography,0.5.0,2026-08-02,2026-08-02,https://data.mendeley.com/datasets/ydmxn3264h,primary_quantity_unresolved,,,,,,,0,0,[],Quantities with different units are not interchangeable. Related records and derivative components may overlap.
mendeley_long_term_results_using_gelatin_microfistulae,Long-term results using gelatin microfistulae (XEN) implantation in glaucoma surgery.,tabular,tabular,0.5.0,2026-08-02,2026-08-02,https://data.mendeley.com/datasets/7xjcbsmzzc,primary_quantity_unresolved,,,,,,,0,0,[],Quantities with different units are not interchangeable. Related records and derivative components may overlap.
mendeley_long_term_safety_efficacy_limited_vitrectomy,Data for: Long-Term Safety and Efficacy of Limited Vitrectomy for Vision Degrading Vitreopathy from Vitreous Floaters,tabular,tabular,0.5.0,2026-08-02,2026-08-02,https://data.mendeley.com/datasets/dnss5ttn73,primary_quantity_unresolved,,,,,,,0,0,[],Quantities with different units are not interchangeable. Related records and derivative components may overlap.
mendeley_micro_go_study_transcriptional_profiling_orbital,MICRO-GO study: transcriptional profiling of orbital tissues in Graves’ orbitopathy & microbiome composition,omics,omics,0.5.0,2026-08-02,2026-08-02,https://data.mendeley.com/datasets/mrvmsrn9r6,primary_quantity_unresolved,,,,,,,0,0,[],Quantities with different units are not interchangeable. Related records and derivative components may overlap.
mendeley_microvascular_changes_poag_after_npds,Microvascular changes in POAG after NPDS,tabular,tabular,0.5.0,2026-08-02,2026-08-02,https://data.mendeley.com/datasets/vc99wcmvk2,primary_quantity_unresolved,,,,,,,0,0,[],Quantities with different units are not interchangeable. Related records and derivative components may overlap.
mendeley_multi_class_retinal_fundus_image_deep,A Multi-Class Retinal Fundus Image Dataset for Deep Learning-Based Ocular Disease Diagnosis,fundus,fundus,0.5.0,2026-08-02,2026-08-02,https://data.mendeley.com/datasets/z227d626vm,primary_quantity_resolved,1222,images,Source-stated quantity,exact,official_source_description,https://data.mendeley.com/datasets/z227d626vm,1,0,"[{""count"": 1222, ""evidence_basis"": ""official_source_description"", ""evidence_url"": ""https://data.mendeley.com/datasets/z227d626vm"", ""exactness"": ""exact"", ""notes"": ""Preserved from the source-confirmation record."", ""primary"": true, ""review_date"": ""2026-08-02"", ""scope"": ""Source-stated quantity"", ""unit"": ""images""}]",Quantities with different units are not interchangeable. Related records and derivative components may overlap.
mendeley_myopia_metal_mixture_exposure,Dataset: Myopia and Metal Mixture Exposure,tabular,tabular,0.5.0,2026-08-02,2026-08-02,https://data.mendeley.com/datasets/jgh7dxdwyy,primary_quantity_unresolved,,,,,,,0,0,[],Quantities with different units are not interchangeable. Related records and derivative components may overlap.
mendeley_nagyz_liberty_677my_vs_alcon_acrysof,NagyZ_Liberty 677MY vs. Alcon AcrySof,tabular,tabular,0.5.0,2026-08-02,2026-08-02,https://data.mendeley.com/datasets/zygxgyf4ns,primary_quantity_resolved,100,eyes,Source-stated quantity,exact,official_source_description,https://data.mendeley.com/datasets/zygxgyf4ns,1,0,"[{""count"": 100, ""evidence_basis"": ""official_source_description"", ""evidence_url"": ""https://data.mendeley.com/datasets/zygxgyf4ns"", ""exactness"": ""exact"", ""notes"": ""Preserved from the source-confirmation record."", ""primary"": true, ""review_date"": ""2026-08-02"", ""scope"": ""Source-stated quantity"", ""unit"": ""eyes""}]",Quantities with different units are not interchangeable. Related records and derivative components may overlap.
mendeley_netarsudil_on_kdb_treated_eyes,Netarsudil on KDB-treated Eyes,tabular,tabular,0.5.0,2026-08-02,2026-08-02,https://data.mendeley.com/datasets/r6gw6fnvdm,primary_quantity_resolved,70,eyes,Source-stated quantity,exact,official_source_description,https://data.mendeley.com/datasets/r6gw6fnvdm,1,0,"[{""count"": 70, ""evidence_basis"": ""official_source_description"", ""evidence_url"": ""https://data.mendeley.com/datasets/r6gw6fnvdm"", ""exactness"": ""exact"", ""notes"": ""Preserved from the source-confirmation record."", ""primary"": true, ""review_date"": ""2026-08-02"", ""scope"": ""Source-stated quantity"", ""unit"": ""eyes""}]",Quantities with different units are not interchangeable. Related records and derivative components may overlap.
mendeley_neurophysiologic_ophthalmic_markers_chemotherapy_related_cognitive,Data for: Neurophysiologic and ophthalmic markers of chemotherapy-related cognitive impairment in patients diagnosed with hematologic cancer,tabular,tabular,0.5.0,2026-08-02,2026-08-02,https://data.mendeley.com/datasets/npt7rp69gm,primary_quantity_unresolved,,,,,,,0,0,[],Quantities with different units are not interchangeable. Related records and derivative components may overlap.
mendeley_nuclear_cataract_database_biomedical_machine_learning,Nuclear Cataract Database for Biomedical and Machine Learning Applications,tabular,tabular,0.5.0,2026-08-02,2026-08-02,https://data.mendeley.com/datasets/6wv33nbcvv,primary_quantity_unresolved,,,,,,,0,0,[],Quantities with different units are not interchangeable. Related records and derivative components may overlap.
mendeley_ocular_biometry, OCULAR BIOMETRY DATA,tabular,tabular,0.5.0,2026-08-02,2026-08-02,https://data.mendeley.com/datasets/4twnn4546j,primary_quantity_unresolved,,,,,,,0,0,[],Quantities with different units are not interchangeable. Related records and derivative components may overlap.
mendeley_ocular_sebaceous_neoplasms,Ocular sebaceous neoplasms,tabular,tabular,0.5.0,2026-08-02,2026-08-02,https://data.mendeley.com/datasets/xg9jcjn388,primary_quantity_unresolved,,,,,,,0,0,[],Quantities with different units are not interchangeable. Related records and derivative components may overlap.
mendeley_ocular_surface_disorders_affect_quality_life,Ocular Surface Disorders Affect Quality of Life in Patients with Autoimmune Blistering Skin Diseases: A Cross-Sectional Study,tabular,tabular,0.5.0,2026-08-02,2026-08-02,https://data.mendeley.com/datasets/73r8vrxksx,primary_quantity_unresolved,,,,,,,0,0,[],Quantities with different units are not interchangeable. Related records and derivative components may overlap.
mendeley_on_comparison_ocular_surface_disease_index,"Dataset on comparison of the ocular surface disease index questionnaire, the tear film break-up time and Schirmer tests for the evaluation of tear film in computer users and contact lenses without dry eye symptoms",tabular,tabular,0.5.0,2026-08-02,2026-08-02,https://data.mendeley.com/datasets/m7fzwvsm77,primary_quantity_unresolved,,,,,,,0,0,[],Quantities with different units are not interchangeable. Related records and derivative components may overlap.
mendeley_ophthalmic_anthropometry_malawians,Ophthalmic Anthropometry of Malawians,tabular,tabular,0.5.0,2026-08-02,2026-08-02,https://data.mendeley.com/datasets/bctfh4m93c,primary_quantity_unresolved,,,,,,,0,0,[],Quantities with different units are not interchangeable. Related records and derivative components may overlap.
mendeley_ophthalmic_stroke_biomarkers_south_asia,Ophthalmic Stroke Biomarkers in south Asia,tabular,tabular,0.5.0,2026-08-02,2026-08-02,https://data.mendeley.com/datasets/whpsmdc2gk,primary_quantity_unresolved,,,,,,,0,0,[],Quantities with different units are not interchangeable. Related records and derivative components may overlap.
mendeley_optical_coherence_tomography_oct_images_proliferative,"Optical Coherence Tomography (OCT) Images of Proliferative Vitreoretinopathy, Uveitis, and Normal Eyes",oct,oct,0.5.0,2026-08-02,2026-08-02,https://data.mendeley.com/datasets/hbr5pwk5w5,primary_quantity_unresolved,,,,,,,0,0,[],Quantities with different units are not interchangeable. Related records and derivative components may overlap.
mendeley_orbscan_iiz_anterior_maps,"Multimodal Orbscan IIz Dataset: 3,000 Axial Power Anterior Maps with OCR-Extracted Clinical Parameters from 3,000 Unique Patients",corneal_topography,corneal_topography,0.5.0,2026-08-02,2026-08-02,https://data.mendeley.com/datasets/78wt2nc387,primary_quantity_unresolved,,,,,,,0,0,[],Quantities with different units are not interchangeable. Related records and derivative components may overlap.
mendeley_performance_corneal_vs_scleral_rigid_gas,Data for: Performance of corneal vs. scleral rigid gas permeable contact lenses for ectatic corneal disorders,corneal_topography,corneal_topography,0.5.0,2026-08-02,2026-08-02,https://data.mendeley.com/datasets/gmrbh4fvt2,primary_quantity_unresolved,,,,,,,0,0,[],Quantities with different units are not interchangeable. Related records and derivative components may overlap.
mendeley_peripapillary_retinal_nerve_fiber_layer_thinning,Data for: Peripapillary Retinal Nerve Fiber Layer Thinning in Genetic Generalized Epilepsy,tabular,tabular,0.5.0,2026-08-02,2026-08-02,https://data.mendeley.com/datasets/wyys4gvk4n,primary_quantity_unresolved,,,,,,,0,0,[],Quantities with different units are not interchangeable. Related records and derivative components may overlap.
mendeley_plasma_energy_metabolomics_patients_ocular_disease,plasma energy metabolomics in patients with ocular disease,omics,omics,0.5.0,2026-08-02,2026-08-02,https://data.mendeley.com/datasets/tybzw7zsng,primary_quantity_unresolved,,,,,,,0,0,[],Quantities with different units are not interchangeable. Related records and derivative components may overlap.
mendeley_post_intravitreal_injection_ciprofloxacin_conjunctival_flora,Data for: Post-Intravitreal Injection Ciprofloxacin and Conjunctival Flora Resistance,oct,oct,0.5.0,2026-08-02,2026-08-02,https://data.mendeley.com/datasets/53nxz6xr5j,primary_quantity_unresolved,,,,,,,0,0,[],Quantities with different units are not interchangeable. Related records and derivative components may overlap.
mendeley_postural_stargardt_s_syndrome_patients,Data for: Postural data from Stargardt's syndrome patients,tabular,tabular,0.5.0,2026-08-02,2026-08-02,https://data.mendeley.com/datasets/5rz9j8t6p4,primary_quantity_unresolved,,,,,,,0,0,[],Quantities with different units are not interchangeable. Related records and derivative components may overlap.
mendeley_proteomic_analysis_human_autoimmune_retinopathy_air,Proteomic analysis of human autoimmune retinopathy (AIR) vitreous,omics,omics,0.5.0,2026-08-02,2026-08-02,https://data.mendeley.com/datasets/t7yrm5x3ws,primary_quantity_resolved,5,participants,Source-stated quantity,exact,official_source_description,https://data.mendeley.com/datasets/t7yrm5x3ws,1,0,"[{""count"": 5, ""evidence_basis"": ""official_source_description"", ""evidence_url"": ""https://data.mendeley.com/datasets/t7yrm5x3ws"", ""exactness"": ""exact"", ""notes"": ""Preserved from the source-confirmation record."", ""primary"": true, ""review_date"": ""2026-08-02"", ""scope"": ""Source-stated quantity"", ""unit"": ""participants""}]",Quantities with different units are not interchangeable. Related records and derivative components may overlap.
mendeley_quantified_processed_microarray_22_individuals_without,Quantified processed microarray data for 22 individuals with and without proliferative retinopathy,omics,omics,0.5.0,2026-08-02,2026-08-02,https://data.mendeley.com/datasets/72b47vpgtz,primary_quantity_unresolved,,,,,,,0,0,[],Quantities with different units are not interchangeable. Related records and derivative components may overlap.
mendeley_radial_peripapillary_capillary_density_as_predictive,Radial peripapillary capillary density as a predictive factor for glaucoma in eyes with ocular hypertension,tabular,tabular,0.5.0,2026-08-02,2026-08-02,https://data.mendeley.com/datasets/h9tntd4gkf,primary_quantity_unresolved,,,,,,,0,0,[],Quantities with different units are not interchangeable. Related records and derivative components may overlap.
mendeley_raw_manuscript_light_responsive_microrna_molecules,RAW DATA to manuscript: Light-Responsive MicroRNA Molecules in Human Retinal Organoids are Differentially Regulated by Distinct Wavelengths of Light,omics,omics,0.5.0,2026-08-02,2026-08-02,https://data.mendeley.com/datasets/8ksg9fssd9,primary_quantity_unresolved,,,,,,,0,0,[],Quantities with different units are not interchangeable. Related records and derivative components may overlap.
mendeley_red_lesion_localization_messidor_retinal_images,Red lesion localization for MESSIDOR retinal images dataset using patch-based convolutional neural networks.,tabular,tabular,0.5.0,2026-08-02,2026-08-02,https://data.mendeley.com/datasets/3r5m3nfdkv,primary_quantity_unresolved,,,,,,,0,0,[],Quantities with different units are not interchangeable. Related records and derivative components may overlap.
mendeley_refractive_error_visual_impairment_among_school,"Refractive error and Visual Impairment data among school children in Blantyre, Southern Malawi",tabular,tabular,0.5.0,2026-08-02,2026-08-02,https://data.mendeley.com/datasets/crgbf93fnw,primary_quantity_unresolved,,,,,,,0,0,[],Quantities with different units are not interchangeable. Related records and derivative components may overlap.
mendeley_retina_identification_database_ridb,Retina Identification Database (RIDB),multimodal,fundus|tabular,0.5.0,2026-08-02,2026-08-02,https://data.mendeley.com/datasets/tjw3zwntv6,primary_quantity_resolved,100,images,Source-stated quantity,exact,official_source_description,https://data.mendeley.com/datasets/tjw3zwntv6,1,0,"[{""count"": 100, ""evidence_basis"": ""official_source_description"", ""evidence_url"": ""https://data.mendeley.com/datasets/tjw3zwntv6"", ""exactness"": ""exact"", ""notes"": ""Preserved from the source-confirmation record."", ""primary"": true, ""review_date"": ""2026-08-02"", ""scope"": ""Source-stated quantity"", ""unit"": ""images""}]",Quantities with different units are not interchangeable. Related records and derivative components may overlap.
mendeley_retinal_blood_vessel_segmentation_rop,Retinal blood vessel segmentation(ROP),tabular,tabular,0.5.0,2026-08-02,2026-08-02,https://data.mendeley.com/datasets/prcy36j53v,primary_quantity_unresolved,,,,,,,0,0,[],Quantities with different units are not interchangeable. Related records and derivative components may overlap.
mendeley_rop_retinopathy_prematurity_infants_serum_metabolomic,ROP (retinopathy of prematurity) infants' serum metabolomic data,omics,omics,0.5.0,2026-08-02,2026-08-02,https://data.mendeley.com/datasets/7r7xt6pf6x,primary_quantity_unresolved,,,,,,,0,0,[],Quantities with different units are not interchangeable. Related records and derivative components may overlap.
mendeley_sars_cov_2_infection_ocular_cells,"SARS-CoV-2 infection of ocular cells from human adult donor eyes and hESC-derived ocular lineages, Eriksen et al",omics,omics,0.5.0,2026-08-02,2026-08-02,https://data.mendeley.com/datasets/jgw2mcgb67,primary_quantity_unresolved,,,,,,,0,0,[],Quantities with different units are not interchangeable. Related records and derivative components may overlap.
mendeley_selective_laser_trabeculoplasty_patients_angle_recession,Data for: Selective Laser Trabeculoplasty in patients with angle recession glaucoma: a case series.,tabular,tabular,0.5.0,2026-08-02,2026-08-02,https://data.mendeley.com/datasets/rvw8k4k8g7,primary_quantity_unresolved,,,,,,,0,0,[],Quantities with different units are not interchangeable. Related records and derivative components may overlap.
mendeley_serum_proteomic_profiles_keratoconus_post_laser,"Serum proteomic profiles in keratoconus, post-laser vision correction ectasia, and pellucid marginal degeneration",omics,omics,0.5.0,2026-08-02,2026-08-02,https://data.mendeley.com/datasets/yzsktrxh6y,primary_quantity_unresolved,,,,,,,0,0,[],Quantities with different units are not interchangeable. Related records and derivative components may overlap.
mendeley_set_relationship_between_plasma_amino_acid,data set of Relationship between plasma amino acid and carnitine levels and primary angle closure glaucoma based on mass spectrometry metabolomics,omics,omics,0.5.0,2026-08-02,2026-08-02,https://data.mendeley.com/datasets/fn9986thfh,primary_quantity_unresolved,,,,,,,0,0,[],Quantities with different units are not interchangeable. Related records and derivative components may overlap.
mendeley_spatio_temporal_optical_coherence_tomography_provides,Spatio-Temporal Optical Coherence Tomography provides full thickness imaging of the chorioretinal complex,oct,oct,0.5.0,2026-08-02,2026-08-02,https://data.mendeley.com/datasets/9pzm3mbp7w,primary_quantity_unresolved,,,,,,,0,0,[],Quantities with different units are not interchangeable. Related records and derivative components may overlap.
mendeley_sub_cone_visual_resolution_by_active,"Data from: Sub-cone visual resolution by active, adaptive sampling in the human foveola",tabular,tabular,0.5.0,2026-08-02,2026-08-02,https://data.mendeley.com/datasets/zp6d5w8kdv,primary_quantity_resolved,16,participants,Source-stated quantity,exact,official_source_description,https://data.mendeley.com/datasets/zp6d5w8kdv,1,0,"[{""count"": 16, ""evidence_basis"": ""official_source_description"", ""evidence_url"": ""https://data.mendeley.com/datasets/zp6d5w8kdv"", ""exactness"": ""exact"", ""notes"": ""Preserved from the source-confirmation record."", ""primary"": true, ""review_date"": ""2026-08-02"", ""scope"": ""Source-stated quantity"", ""unit"": ""participants""}]",Quantities with different units are not interchangeable. Related records and derivative components may overlap.
mendeley_superficial_conjunctival_cells_dupilumab_treated_atopic,Superficial Conjunctival Cells from Dupilumab-treated Atopic Dermatitis Patients with Ocular Adverse Events Display a Transcriptomic Psoriasis Signature,omics,omics,0.5.0,2026-08-02,2026-08-02,https://data.mendeley.com/datasets/222mnygnjz,primary_quantity_unresolved,,,,,,,0,0,[],Quantities with different units are not interchangeable. Related records and derivative components may overlap.
mendeley_test_results_article_motion_perception_glaucoma,"Test results - Article ""Motion perception and glaucoma""",omics,omics,0.5.0,2026-08-02,2026-08-02,https://data.mendeley.com/datasets/zhz8kjsykf,primary_quantity_unresolved,,,,,,,0,0,[],Quantities with different units are not interchangeable. Related records and derivative components may overlap.
mendeley_towards_ocular_biomarkers_sarcopenia_result_korean,Towards ocular biomarkers for sarcopenia: a result from a Korean nationwide cross-sectional study,tabular,tabular,0.5.0,2026-08-02,2026-08-02,https://data.mendeley.com/datasets/h547645876,primary_quantity_unresolved,,,,,,,0,0,[],Quantities with different units are not interchangeable. Related records and derivative components may overlap.
mendeley_trabecular_microbypass_stent_implantation_pseudophakic_eyes,Data for: Trabecular microbypass stent implantation in pseudophakic eyes with open-angle glaucoma: long-term results,tabular,tabular,0.5.0,2026-08-02,2026-08-02,https://data.mendeley.com/datasets/zsxt8wk4sh,primary_quantity_resolved,51,eyes,Source-stated quantity,exact,official_source_description,https://data.mendeley.com/datasets/zsxt8wk4sh,1,0,"[{""count"": 51, ""evidence_basis"": ""official_source_description"", ""evidence_url"": ""https://data.mendeley.com/datasets/zsxt8wk4sh"", ""exactness"": ""exact"", ""notes"": ""Preserved from the source-confirmation record."", ""primary"": true, ""review_date"": ""2026-08-02"", ""scope"": ""Source-stated quantity"", ""unit"": ""eyes""}]",Quantities with different units are not interchangeable. Related records and derivative components may overlap.
mendeley_two_photon_excited_fluorescence_scanning_laser,Two-photon excited fluorescence scanning laser ophthalmoscopy images and software for data processing,tabular,tabular,0.5.0,2026-08-02,2026-08-02,https://data.mendeley.com/datasets/nhpnt78ssy,primary_quantity_resolved,1,participants,Source-stated quantity,exact,official_source_description,https://data.mendeley.com/datasets/nhpnt78ssy,1,0,"[{""count"": 1, ""evidence_basis"": ""official_source_description"", ""evidence_url"": ""https://data.mendeley.com/datasets/nhpnt78ssy"", ""exactness"": ""exact"", ""notes"": ""Preserved from the source-confirmation record."", ""primary"": true, ""review_date"": ""2026-08-02"", ""scope"": ""Source-stated quantity"", ""unit"": ""participants""}]",Quantities with different units are not interchangeable. Related records and derivative components may overlap.
mendeley_utilizing_responsive_web_portal_studying_disc,Data for: Utilizing A Responsive Web Portal For Studying Disc Tracing Agreement in Retinal Images,oct,oct,0.5.0,2026-08-02,2026-08-02,https://data.mendeley.com/datasets/7xv5rzxgrh,primary_quantity_unresolved,,,,,,,0,0,[],Quantities with different units are not interchangeable. Related records and derivative components may overlap.
mendeley_vivo_analysis_comparison_anterior_segment_structures,In Vivo Analysis and Comparison of Anterior Segment Structures of Both Eyes in Unilateral Herpetic Anterior Uveitis,oct,oct,0.5.0,2026-08-02,2026-08-02,https://data.mendeley.com/datasets/hmz2cz3jcg,primary_quantity_unresolved,,,,,,,0,0,[],Quantities with different units are not interchangeable. Related records and derivative components may overlap.
mendeley_vivo_cone_photoreceptor_topography_human_foveola,In-vivo cone photoreceptor topography of the human foveola,tabular,tabular,0.5.0,2026-08-02,2026-08-02,https://data.mendeley.com/datasets/m5nkpb8phv,primary_quantity_unresolved,,,,,,,0,0,[],Quantities with different units are not interchangeable. Related records and derivative components may overlap.
messidor2,MESSIDOR-2,fundus,fundus,0.5.0,2026-08-02,2026-08-02,https://www.adcis.net/en/third-party/messidor2/,primary_quantity_resolved,1748,images,Primary quantity reported in the reviewed catalog source,not_assessed,legacy_catalog_field,https://www.adcis.net/en/third-party/messidor2/,1,0,"[{""count"": 1748, ""evidence_basis"": ""legacy_catalog_field"", ""evidence_url"": ""https://www.adcis.net/en/third-party/messidor2/"", ""exactness"": ""not_assessed"", ""notes"": """", ""primary"": true, ""review_date"": ""2026-08-01"", ""scope"": ""Primary quantity reported in the reviewed catalog source"", ""unit"": ""images""}]",Quantities with different units are not interchangeable. Related records and derivative components may overlap.
mfiddr,MFIDDR: Multi-Field Imaging Dataset for Diabetic Retinopathy,fundus,fundus,0.5.0,2026-08-02,2026-08-02,https://github.com/mfiddr/MFIDDR,primary_quantity_resolved,34452,images,Primary quantity reported in the reviewed catalog source,not_assessed,legacy_catalog_field,https://github.com/mfiddr/MFIDDR,1,0,"[{""count"": 34452, ""evidence_basis"": ""legacy_catalog_field"", ""evidence_url"": ""https://github.com/mfiddr/MFIDDR"", ""exactness"": ""not_assessed"", ""notes"": """", ""primary"": true, ""review_date"": ""2026-08-01"", ""scope"": ""Primary quantity reported in the reviewed catalog source"", ""unit"": ""images""}]",Quantities with different units are not interchangeable. Related records and derivative components may overlap.
mgd1k,MGD-1k Meibomian Gland Dataset,external_eye,external_eye,0.5.0,2026-08-02,2026-08-02,https://mgd1k.github.io/index.html,primary_quantity_resolved,1000,images,Primary quantity reported in the reviewed catalog source,not_assessed,legacy_catalog_field,https://mgd1k.github.io/index.html,1,0,"[{""count"": 1000, ""evidence_basis"": ""legacy_catalog_field"", ""evidence_url"": ""https://mgd1k.github.io/index.html"", ""exactness"": ""not_assessed"", ""notes"": """", ""primary"": true, ""review_date"": ""2026-08-01"", ""scope"": ""Primary quantity reported in the reviewed catalog source"", ""unit"": ""images""}]",Quantities with different units are not interchangeable. Related records and derivative components may overlap.
migs_video,Multicenter Fine-Annotated MIGS Surgical Video Dataset,surgical_video,surgical_video,0.5.0,2026-08-02,2026-08-02,https://zenodo.org/records/19438128,primary_quantity_resolved,186,videos,Primary quantity reported in the reviewed catalog source,not_assessed,legacy_catalog_field,https://doi.org/10.1038/s41597-026-07535-2,1,0,"[{""count"": 186, ""evidence_basis"": ""legacy_catalog_field"", ""evidence_url"": ""https://doi.org/10.1038/s41597-026-07535-2"", ""exactness"": ""not_assessed"", ""notes"": """", ""primary"": true, ""review_date"": ""2026-08-01"", ""scope"": ""Primary quantity reported in the reviewed catalog source"", ""unit"": ""videos""}]",Quantities with different units are not interchangeable. Related records and derivative components may overlap.
mm_retinal_reason,MM-Retinal-Reason: Ophthalmology Multimodal Reasoning Dataset,multimodal,fundus|fundus_angiography|oct|text,0.5.0,2026-08-02,2026-08-02,https://huggingface.co/datasets/lxirich/MM-Retinal-Reason,primary_quantity_resolved,130,question_answer_pairs,Sixty basic and seventy complex reasoning records,exact,current_deposit_table,https://huggingface.co/datasets/lxirich/MM-Retinal-Reason/tree/d6243baa82c0914dba3c6f43ca79fdbf856982ef,3,2,"[{""count"": 130, ""evidence_basis"": ""current_deposit_table"", ""evidence_url"": ""https://huggingface.co/datasets/lxirich/MM-Retinal-Reason/tree/d6243baa82c0914dba3c6f43ca79fdbf856982ef"", ""exactness"": ""exact"", ""notes"": """", ""primary"": true, ""review_date"": ""2026-08-01"", ""scope"": ""Sixty basic and seventy complex reasoning records"", ""unit"": ""question_answer_pairs""}, {""count"": 227, ""evidence_basis"": ""current_deposit_table"", ""evidence_url"": ""https://huggingface.co/datasets/lxirich/MM-Retinal-Reason/tree/d6243baa82c0914dba3c6f43ca79fdbf856982ef"", ""exactness"": ""exact"", ""notes"": ""Complex records can reference more than one image; references need not be unique images."", ""primary"": false, ""review_date"": ""2026-08-01"", ""scope"": ""Image references across the 130 reasoning records"", ""unit"": ""image_references""}, {""count"": 45, ""evidence_basis"": ""official_source_description"", ""evidence_url"": ""https://huggingface.co/datasets/lxirich/MM-Retinal-Reason/tree/d6243baa82c0914dba3c6f43ca79fdbf856982ef"", ""exactness"": ""exact"", ""notes"": """", ""primary"": false, ""review_date"": ""2026-08-01"", ""scope"": ""Public source datasets reported by the resource"", ""unit"": ""source_datasets""}]",Quantities with different units are not interchangeable. Related records and derivative components may overlap.
mmrdr,MMRDR: Multi-Modal Retinal Diabetic Retinopathy Dataset,multimodal,fundus|oct|uwf_fundus,0.5.0,2026-08-02,2026-08-02,https://doi.org/10.6084/m9.figshare.29423747,primary_quantity_resolved,24460,images,Primary quantity reported in the reviewed catalog source,not_assessed,legacy_catalog_field,https://doi.org/10.6084/m9.figshare.29423747,1,0,"[{""count"": 24460, ""evidence_basis"": ""legacy_catalog_field"", ""evidence_url"": ""https://doi.org/10.6084/m9.figshare.29423747"", ""exactness"": ""not_assessed"", ""notes"": """", ""primary"": true, ""review_date"": ""2026-08-01"", ""scope"": ""Primary quantity reported in the reviewed catalog source"", ""unit"": ""images""}]",Quantities with different units are not interchangeable. Related records and derivative components may overlap.
mpii_gaze,MPIIGaze Appearance-Based Gaze Estimation Dataset,eye_tracking,eye_tracking,0.5.0,2026-08-02,2026-08-02,https://www.mpi-inf.mpg.de/de/departments/computer-vision-and-machine-learning/research/gaze-based-human-computer-interaction/appearance-based-gaze-estimation-in-the-wild,primary_quantity_resolved,213659,images,Primary quantity reported in the reviewed catalog source,not_assessed,legacy_catalog_field,https://www.mpi-inf.mpg.de/de/departments/computer-vision-and-machine-learning/research/gaze-based-human-computer-interaction/appearance-based-gaze-estimation-in-the-wild,1,0,"[{""count"": 213659, ""evidence_basis"": ""legacy_catalog_field"", ""evidence_url"": ""https://www.mpi-inf.mpg.de/de/departments/computer-vision-and-machine-learning/research/gaze-based-human-computer-interaction/appearance-based-gaze-estimation-in-the-wild"", ""exactness"": ""not_assessed"", ""notes"": """", ""primary"": true, ""review_date"": ""2026-08-01"", ""scope"": ""Primary quantity reported in the reviewed catalog source"", ""unit"": ""images""}]",Quantities with different units are not interchangeable. Related records and derivative components may overlap.
mpxv_ocular_manifestations_south_kivu,MPXV Ocular Manifestations South Kivu Dataset,tabular,tabular,0.5.0,2026-08-02,2026-08-02,https://doi.org/10.1371/journal.pgph.0005971.s001,primary_quantity_unresolved,,,,,,,0,0,[],Quantities with different units are not interchangeable. Related records and derivative components may overlap.
mshf,Multi-Source Heterogeneous Fundus Dataset for Image Quality Assessment,fundus,fundus,0.5.0,2026-08-02,2026-08-02,https://doi.org/10.6084/m9.figshare.21507564,primary_quantity_resolved,1302,images,Unique source images in the Original directory,exact,current_deposit_file_listing,https://doi.org/10.6084/m9.figshare.21507564,2,1,"[{""count"": 1302, ""evidence_basis"": ""current_deposit_file_listing"", ""evidence_url"": ""https://doi.org/10.6084/m9.figshare.21507564"", ""exactness"": ""exact"", ""notes"": """", ""primary"": true, ""review_date"": ""2026-08-01"", ""scope"": ""Unique source images in the Original directory"", ""unit"": ""images""}, {""count"": 1302, ""evidence_basis"": ""current_deposit_file_listing"", ""evidence_url"": ""https://doi.org/10.6084/m9.figshare.21507564"", ""exactness"": ""exact"", ""notes"": ""These are copies of the 1,302 source images and are not an additional cohort."", ""primary"": false, ""review_date"": ""2026-08-01"", ""scope"": ""Train/test analysis copies"", ""unit"": ""images""}]",Quantities with different units are not interchangeable. Related records and derivative components may overlap.
msila_fundus_dr,M'Sila Retinal Fundus Dataset for Diabetic Retinopathy Classification,fundus,fundus,0.5.0,2026-08-02,2026-08-02,https://zenodo.org/records/19169587,primary_quantity_resolved,1335,images,Primary quantity reported in the reviewed catalog source,not_assessed,legacy_catalog_field,https://zenodo.org/records/19169587,1,0,"[{""count"": 1335, ""evidence_basis"": ""legacy_catalog_field"", ""evidence_url"": ""https://zenodo.org/records/19169587"", ""exactness"": ""not_assessed"", ""notes"": """", ""primary"": true, ""review_date"": ""2026-08-01"", ""scope"": ""Primary quantity reported in the reviewed catalog source"", ""unit"": ""images""}]",Quantities with different units are not interchangeable. Related records and derivative components may overlap.
multieye,MultiEYE: OCT-Enhanced Fundus Multi-Disease Benchmark,multimodal,fundus|oct,0.5.0,2026-08-02,2026-08-02,https://huggingface.co/datasets/Luxuriant16/MultiEYE,primary_quantity_resolved,103959,images,Fundus and OCT images across the composite benchmark,exact,derived_from_reported_components,https://arxiv.org/abs/2412.09402,3,2,"[{""count"": 103959, ""evidence_basis"": ""derived_from_reported_components"", ""evidence_url"": ""https://arxiv.org/abs/2412.09402"", ""exactness"": ""exact"", ""notes"": ""Component source datasets overlap other catalog records."", ""primary"": true, ""review_date"": ""2026-08-01"", ""scope"": ""Fundus and OCT images across the composite benchmark"", ""unit"": ""images""}, {""count"": 58036, ""evidence_basis"": ""official_source_description"", ""evidence_url"": ""https://arxiv.org/abs/2412.09402"", ""exactness"": ""exact"", ""notes"": """", ""primary"": false, ""review_date"": ""2026-08-01"", ""scope"": ""Fundus component"", ""unit"": ""images""}, {""count"": 45923, ""evidence_basis"": ""official_source_description"", ""evidence_url"": ""https://arxiv.org/abs/2412.09402"", ""exactness"": ""exact"", ""notes"": """", ""primary"": false, ""review_date"": ""2026-08-01"", ""scope"": ""OCT component"", ""unit"": ""images""}]",Quantities with different units are not interchangeable. Related records and derivative components may overlap.
mured,MuReD: Multi-label Retinal Diseases Dataset,fundus,fundus,0.5.0,2026-08-02,2026-08-02,https://data.mendeley.com/datasets/pc4mb3h8hz/1,primary_quantity_resolved,2208,images,Primary quantity reported in the reviewed catalog source,not_assessed,legacy_catalog_field,https://data.mendeley.com/datasets/pc4mb3h8hz/1,1,0,"[{""count"": 2208, ""evidence_basis"": ""legacy_catalog_field"", ""evidence_url"": ""https://data.mendeley.com/datasets/pc4mb3h8hz/1"", ""exactness"": ""not_assessed"", ""notes"": """", ""primary"": true, ""review_date"": ""2026-08-01"", ""scope"": ""Primary quantity reported in the reviewed catalog source"", ""unit"": ""images""}]",Quantities with different units are not interchangeable. Related records and derivative components may overlap.
myopic_regression_fundus,Myopic Regression after Corneal Refractive Surgery Fundus Sample,fundus,fundus,0.5.0,2026-08-02,2026-08-02,https://data.mendeley.com/datasets/k34rvfw3dg/2,primary_quantity_resolved,330,images,Primary quantity reported in the reviewed catalog source,not_assessed,legacy_catalog_field,https://data.mendeley.com/datasets/k34rvfw3dg/2,1,0,"[{""count"": 330, ""evidence_basis"": ""legacy_catalog_field"", ""evidence_url"": ""https://data.mendeley.com/datasets/k34rvfw3dg/2"", ""exactness"": ""not_assessed"", ""notes"": """", ""primary"": true, ""review_date"": ""2026-08-01"", ""scope"": ""Primary quantity reported in the reviewed catalog source"", ""unit"": ""images""}]",Quantities with different units are not interchangeable. Related records and derivative components may overlap.
natural_scene_eye_tracking_collection,Natural-Scene Tobii Eye-Tracking Collection,eye_tracking,eye_tracking,0.5.0,2026-08-02,2026-08-02,https://doi.org/10.6084/m9.figshare.30520733.v1,primary_quantity_unresolved,,,,,,,0,0,[],Quantities with different units are not interchangeable. Related records and derivative components may overlap.
nd_iris_0405,ND-IRIS-0405 Iris Image Dataset,iris_biometrics,iris_biometrics,0.5.0,2026-08-02,2026-08-02,https://tsapps.nist.gov/BDbC/Search/Details/371,primary_quantity_resolved,64980,images,Primary quantity reported in the reviewed catalog source,not_assessed,legacy_catalog_field,https://tsapps.nist.gov/BDbC/Search/Details/371,1,0,"[{""count"": 64980, ""evidence_basis"": ""legacy_catalog_field"", ""evidence_url"": ""https://tsapps.nist.gov/BDbC/Search/Details/371"", ""exactness"": ""not_assessed"", ""notes"": """", ""primary"": true, ""review_date"": ""2026-08-01"", ""scope"": ""Primary quantity reported in the reviewed catalog source"", ""unit"": ""images""}]",Quantities with different units are not interchangeable. Related records and derivative components may overlap.
nehut,NEH-UT Retinal OCT Dataset,oct,oct,0.5.0,2026-08-02,2026-08-02,https://data.mendeley.com/datasets/8kt969dhx6/2,primary_quantity_resolved,16822,images,Primary quantity reported in the reviewed catalog source,not_assessed,legacy_catalog_field,https://data.mendeley.com/datasets/8kt969dhx6/2,1,0,"[{""count"": 16822, ""evidence_basis"": ""legacy_catalog_field"", ""evidence_url"": ""https://data.mendeley.com/datasets/8kt969dhx6/2"", ""exactness"": ""not_assessed"", ""notes"": """", ""primary"": true, ""review_date"": ""2026-08-01"", ""scope"": ""Primary quantity reported in the reviewed catalog source"", ""unit"": ""images""}]",Quantities with different units are not interchangeable. Related records and derivative components may overlap.
ochid,OCHID: OCT Choroidal Image Dataset,oct,oct,0.5.0,2026-08-02,2026-08-02,https://imed.nimte.ac.cn/OCHID.html,primary_quantity_resolved,640,images,Primary quantity reported in the reviewed catalog source,not_assessed,legacy_catalog_field,https://imed.nimte.ac.cn/OCHID.html,1,0,"[{""count"": 640, ""evidence_basis"": ""legacy_catalog_field"", ""evidence_url"": ""https://imed.nimte.ac.cn/OCHID.html"", ""exactness"": ""not_assessed"", ""notes"": """", ""primary"": true, ""review_date"": ""2026-08-01"", ""scope"": ""Primary quantity reported in the reviewed catalog source"", ""unit"": ""images""}]",Quantities with different units are not interchangeable. Related records and derivative components may overlap.
oct5k,OCT5k: Multi-Disease Retinal Layer Annotations,oct,oct,0.5.0,2026-08-02,2026-08-02,https://doi.org/10.5522/04/22128671,primary_quantity_resolved,1672,images,Primary quantity reported in the reviewed catalog source,not_assessed,legacy_catalog_field,https://doi.org/10.5522/04/22128671,1,0,"[{""count"": 1672, ""evidence_basis"": ""legacy_catalog_field"", ""evidence_url"": ""https://doi.org/10.5522/04/22128671"", ""exactness"": ""not_assessed"", ""notes"": """", ""primary"": true, ""review_date"": ""2026-08-01"", ""scope"": ""Primary quantity reported in the reviewed catalog source"", ""unit"": ""images""}]",Quantities with different units are not interchangeable. Related records and derivative components may overlap.
oct_c8,Retinal OCT-C8: 8-Class OCT Classification,oct,oct,0.5.0,2026-08-02,2026-08-02,https://www.kaggle.com/datasets/obulisainaren/retinal-oct-c8,primary_quantity_resolved,24000,images,Primary quantity reported in the reviewed catalog source,not_assessed,legacy_catalog_field,https://www.kaggle.com/datasets/obulisainaren/retinal-oct-c8,1,0,"[{""count"": 24000, ""evidence_basis"": ""legacy_catalog_field"", ""evidence_url"": ""https://www.kaggle.com/datasets/obulisainaren/retinal-oct-c8"", ""exactness"": ""not_assessed"", ""notes"": """", ""primary"": true, ""review_date"": ""2026-08-01"", ""scope"": ""Primary quantity reported in the reviewed catalog source"", ""unit"": ""images""}]",Quantities with different units are not interchangeable. Related records and derivative components may overlap.
oct_cirrus,Duke Srinivasan Retinal OCT Dataset,oct,oct,0.5.0,2026-08-02,2026-08-02,https://people.duke.edu/~sf59/Srinivasan_BOE_2014_dataset.htm,primary_quantity_resolved,45,volumes,Primary quantity reported in the reviewed catalog source,not_assessed,legacy_catalog_field,https://people.duke.edu/~sf59/Srinivasan_BOE_2014_dataset.htm,1,0,"[{""count"": 45, ""evidence_basis"": ""legacy_catalog_field"", ""evidence_url"": ""https://people.duke.edu/~sf59/Srinivasan_BOE_2014_dataset.htm"", ""exactness"": ""not_assessed"", ""notes"": """", ""primary"": true, ""review_date"": ""2026-08-01"", ""scope"": ""Primary quantity reported in the reviewed catalog source"", ""unit"": ""volumes""}]",Quantities with different units are not interchangeable. Related records and derivative components may overlap.
oct_fundus_dme_dr_mexico,OCT and Eye Fundus Dataset for DME and DR,multimodal,fundus|oct,0.5.0,2026-08-02,2026-08-02,https://github.com/Traslational-Visual-Health-Laboratory/OCT-AND-EYE-FUNDUS-DATASET,primary_quantity_resolved,2661,images,Primary quantity reported in the reviewed catalog source,not_assessed,legacy_catalog_field,https://github.com/Traslational-Visual-Health-Laboratory/OCT-AND-EYE-FUNDUS-DATASET,1,0,"[{""count"": 2661, ""evidence_basis"": ""legacy_catalog_field"", ""evidence_url"": ""https://github.com/Traslational-Visual-Health-Laboratory/OCT-AND-EYE-FUNDUS-DATASET"", ""exactness"": ""not_assessed"", ""notes"": """", ""primary"": true, ""review_date"": ""2026-08-01"", ""scope"": ""Primary quantity reported in the reviewed catalog source"", ""unit"": ""images""}]",Quantities with different units are not interchangeable. Related records and derivative components may overlap.
oct_macular_hole_postsurgery,HD-OCT of Macular Hole Before and After Surgery,oct,oct,0.5.0,2026-08-02,2026-08-02,https://www.kaggle.com/datasets/mathieugodbout/oct-postsurgery-visual-improvement,primary_quantity_resolved,2658,images,Primary quantity reported in the reviewed catalog source,not_assessed,legacy_catalog_field,https://www.kaggle.com/datasets/mathieugodbout/oct-postsurgery-visual-improvement,1,0,"[{""count"": 2658, ""evidence_basis"": ""legacy_catalog_field"", ""evidence_url"": ""https://www.kaggle.com/datasets/mathieugodbout/oct-postsurgery-visual-improvement"", ""exactness"": ""not_assessed"", ""notes"": """", ""primary"": true, ""review_date"": ""2026-08-01"", ""scope"": ""Primary quantity reported in the reviewed catalog source"", ""unit"": ""images""}]",Quantities with different units are not interchangeable. Related records and derivative components may overlap.
oct_ms_jhu,OCT Retinal Layer Segmentation — MS & Healthy Controls (JHU/IACL),oct,oct,0.5.0,2026-08-02,2026-08-02,https://iacl.ece.jhu.edu/~aaron/data/OCT_Manual_Delineations-2018_June_29_b.zip,primary_quantity_resolved,1715,b_scans,B-scans in 35 OCT volumes,exact,associated_publication,https://doi.org/10.1016/j.dib.2018.11.060,2,1,"[{""count"": 1715, ""evidence_basis"": ""associated_publication"", ""evidence_url"": ""https://doi.org/10.1016/j.dib.2018.11.060"", ""exactness"": ""exact"", ""notes"": """", ""primary"": true, ""review_date"": ""2026-08-01"", ""scope"": ""B-scans in 35 OCT volumes"", ""unit"": ""b_scans""}, {""count"": 35, ""evidence_basis"": ""associated_publication"", ""evidence_url"": ""https://doi.org/10.1016/j.dib.2018.11.060"", ""exactness"": ""exact"", ""notes"": """", ""primary"": false, ""review_date"": ""2026-08-01"", ""scope"": ""Spectralis OCT volumes"", ""unit"": ""volumes""}]",Quantities with different units are not interchangeable. Related records and derivative components may overlap.
octa_500,OCTA-500: Large-scale OCTA Multi-task Benchmark,octa,octa,0.5.0,2026-08-02,2026-08-02,https://ieee-dataport.org/open-access/octa-500,primary_quantity_resolved,500,participants,Primary quantity reported in the reviewed catalog source,not_assessed,legacy_catalog_field,https://ieee-dataport.org/open-access/octa-500,1,0,"[{""count"": 500, ""evidence_basis"": ""legacy_catalog_field"", ""evidence_url"": ""https://ieee-dataport.org/open-access/octa-500"", ""exactness"": ""not_assessed"", ""notes"": """", ""primary"": true, ""review_date"": ""2026-08-01"", ""scope"": ""Primary quantity reported in the reviewed catalog source"", ""unit"": ""participants""}]",Quantities with different units are not interchangeable. Related records and derivative components may overlap.
octa_macula_coronal,OCTA Macula Coronal Views,octa,octa,0.5.0,2026-08-02,2026-08-02,https://data.mendeley.com/datasets/p5h7x55zw7/1,primary_quantity_resolved,82560,images,Derived coronal PNG views,exact,derived_from_reported_components,https://data.mendeley.com/datasets/p5h7x55zw7/1,2,1,"[{""count"": 82560, ""evidence_basis"": ""derived_from_reported_components"", ""evidence_url"": ""https://data.mendeley.com/datasets/p5h7x55zw7/1"", ""exactness"": ""exact"", ""notes"": """", ""primary"": true, ""review_date"": ""2026-08-01"", ""scope"": ""Derived coronal PNG views"", ""unit"": ""images""}, {""count"": 129, ""evidence_basis"": ""official_source_description"", ""evidence_url"": ""https://data.mendeley.com/datasets/p5h7x55zw7/1"", ""exactness"": ""exact"", ""notes"": """", ""primary"": false, ""review_date"": ""2026-08-01"", ""scope"": ""Subject-level OCTA scans"", ""unit"": ""participants""}]",Quantities with different units are not interchangeable. Related records and derivative components may overlap.
octave,OCTAVE: 3D SD-OCT Retinal Segmentation Dataset,oct,oct,0.5.0,2026-08-02,2026-08-02,https://zenodo.org/records/14580071,primary_quantity_resolved,198,volumes,Primary quantity reported in the reviewed catalog source,not_assessed,legacy_catalog_field,https://zenodo.org/records/14580071,1,0,"[{""count"": 198, ""evidence_basis"": ""legacy_catalog_field"", ""evidence_url"": ""https://zenodo.org/records/14580071"", ""exactness"": ""not_assessed"", ""notes"": """", ""primary"": true, ""review_date"": ""2026-08-01"", ""scope"": ""Primary quantity reported in the reviewed catalog source"", ""unit"": ""volumes""}]",Quantities with different units are not interchangeable. Related records and derivative components may overlap.
octdl,OCTDL: OCT Deep Learning Dataset,oct,oct,0.5.0,2026-08-02,2026-08-02,https://data.mendeley.com/datasets/sncdhf53xc/4,primary_quantity_resolved,2000,images,Primary quantity reported in the reviewed catalog source,not_assessed,legacy_catalog_field,https://data.mendeley.com/datasets/sncdhf53xc/4,1,0,"[{""count"": 2000, ""evidence_basis"": ""legacy_catalog_field"", ""evidence_url"": ""https://data.mendeley.com/datasets/sncdhf53xc/4"", ""exactness"": ""not_assessed"", ""notes"": """", ""primary"": true, ""review_date"": ""2026-08-01"", ""scope"": ""Primary quantity reported in the reviewed catalog source"", ""unit"": ""images""}]",Quantities with different units are not interchangeable. Related records and derivative components may overlap.
octid,OCTID: OCT Image Database,oct,oct,0.5.0,2026-08-02,2026-08-02,https://borealisdata.ca/dataverse/OCTID,primary_quantity_resolved,500,images,Primary quantity reported in the reviewed catalog source,not_assessed,legacy_catalog_field,https://borealisdata.ca/dataverse/OCTID,1,0,"[{""count"": 500, ""evidence_basis"": ""legacy_catalog_field"", ""evidence_url"": ""https://borealisdata.ca/dataverse/OCTID"", ""exactness"": ""not_assessed"", ""notes"": """", ""primary"": true, ""review_date"": ""2026-08-01"", ""scope"": ""Primary quantity reported in the reviewed catalog source"", ""unit"": ""images""}]",Quantities with different units are not interchangeable. Related records and derivative components may overlap.
ocular_chat_vqa,OcularChat-VQA: AREDS-Derived Patient-Physician Dialogue Dataset,multimodal,text|tabular,0.5.0,2026-08-02,2026-08-02,https://huggingface.co/datasets/ncbi/OcularChat-VQA,primary_quantity_resolved,844000,records,Primary quantity reported in the reviewed catalog source,not_assessed,legacy_catalog_field,https://huggingface.co/datasets/ncbi/OcularChat-VQA,1,0,"[{""count"": 844000, ""evidence_basis"": ""legacy_catalog_field"", ""evidence_url"": ""https://huggingface.co/datasets/ncbi/OcularChat-VQA"", ""exactness"": ""not_assessed"", ""notes"": """", ""primary"": true, ""review_date"": ""2026-08-01"", ""scope"": ""Primary quantity reported in the reviewed catalog source"", ""unit"": ""records""}]",Quantities with different units are not interchangeable. Related records and derivative components may overlap.
ocular_generalized_myasthenia_korea,Ocular and Generalized Myasthenia Gravis Korea Dataset,tabular,tabular,0.5.0,2026-08-02,2026-08-02,https://doi.org/10.6084/m9.figshare.31981347.v1,primary_quantity_unresolved,,,,,,,0,0,[],Quantities with different units are not interchangeable. Related records and derivative components may overlap.
oculoscope,OculoScope: Fairer AI in Ophthalmology Dataset,uwf_fundus,uwf_fundus|tabular,0.5.0,2026-08-02,2026-08-02,https://figshare.com/s/926c2c2ef9e77ab5eb9d,primary_quantity_resolved,16530,images,Primary quantity reported in the reviewed catalog source,not_assessed,legacy_catalog_field,https://figshare.com/s/926c2c2ef9e77ab5eb9d,1,0,"[{""count"": 16530, ""evidence_basis"": ""legacy_catalog_field"", ""evidence_url"": ""https://figshare.com/s/926c2c2ef9e77ab5eb9d"", ""exactness"": ""not_assessed"", ""notes"": """", ""primary"": true, ""review_date"": ""2026-08-01"", ""scope"": ""Primary quantity reported in the reviewed catalog source"", ""unit"": ""images""}]",Quantities with different units are not interchangeable. Related records and derivative components may overlap.
odir2019,ODIR-2019: Ocular Disease Intelligent Recognition,fundus,fundus,0.5.0,2026-08-02,2026-08-02,https://www.kaggle.com/datasets/andrewmvd/ocular-disease-recognition-odir5k,primary_quantity_resolved,8000,participants,Primary quantity reported in the reviewed catalog source,not_assessed,legacy_catalog_field,https://www.kaggle.com/datasets/andrewmvd/ocular-disease-recognition-odir5k,2,1,"[{""count"": 8000, ""evidence_basis"": ""legacy_catalog_field"", ""evidence_url"": ""https://www.kaggle.com/datasets/andrewmvd/ocular-disease-recognition-odir5k"", ""exactness"": ""not_assessed"", ""notes"": """", ""primary"": true, ""review_date"": ""2026-08-01"", ""scope"": ""Primary quantity reported in the reviewed catalog source"", ""unit"": ""participants""}, {""count"": 16000, ""evidence_basis"": ""official_source_description"", ""evidence_url"": ""https://odir2019.grand-challenge.org/"", ""exactness"": ""exact"", ""notes"": """", ""primary"": false, ""review_date"": ""2026-08-01"", ""scope"": ""Left- and right-eye fundus images"", ""unit"": ""images""}]",Quantities with different units are not interchangeable. Related records and derivative components may overlap.
oimhs,OIMHS: OCT Image Macular Hole Segmentation Dataset,oct,oct,0.5.0,2026-08-02,2026-08-02,https://doi.org/10.6084/m9.figshare.23508453,primary_quantity_resolved,3859,images,Primary quantity reported in the reviewed catalog source,not_assessed,legacy_catalog_field,https://doi.org/10.6084/m9.figshare.23508453,1,0,"[{""count"": 3859, ""evidence_basis"": ""legacy_catalog_field"", ""evidence_url"": ""https://doi.org/10.6084/m9.figshare.23508453"", ""exactness"": ""not_assessed"", ""notes"": """", ""primary"": true, ""review_date"": ""2026-08-01"", ""scope"": ""Primary quantity reported in the reviewed catalog source"", ""unit"": ""images""}]",Quantities with different units are not interchangeable. Related records and derivative components may overlap.
olives,OLIVES: Ophthalmic Labels for Investigating Visual Eye Semantics,oct,oct|fundus|tabular,0.5.0,2026-08-02,2026-08-02,https://zenodo.org/records/7105232,primary_quantity_resolved,9408,b_scans,Biomarker-labeled OCT B-scans,exact,official_source_description,https://zenodo.org/records/7105232,3,2,"[{""count"": 9408, ""evidence_basis"": ""official_source_description"", ""evidence_url"": ""https://zenodo.org/records/7105232"", ""exactness"": ""exact"", ""notes"": """", ""primary"": true, ""review_date"": ""2026-08-01"", ""scope"": ""Biomarker-labeled OCT B-scans"", ""unit"": ""b_scans""}, {""count"": 1268, ""evidence_basis"": ""official_source_description"", ""evidence_url"": ""https://zenodo.org/records/7105232"", ""exactness"": ""exact"", ""notes"": """", ""primary"": false, ""review_date"": ""2026-08-01"", ""scope"": ""Paired fundus photographs"", ""unit"": ""images""}, {""count"": 96, ""evidence_basis"": ""official_source_description"", ""evidence_url"": ""https://zenodo.org/records/7105232"", ""exactness"": ""exact"", ""notes"": """", ""primary"": false, ""review_date"": ""2026-08-01"", ""scope"": ""Longitudinal eye-level cohort"", ""unit"": ""eyes""}]",Quantities with different units are not interchangeable. Related records and derivative components may overlap.
ophnet2024,OphNet2024: Ophthalmic Surgical Video Dataset,surgical_video,surgical_video,0.5.0,2026-08-02,2026-08-02,https://huggingface.co/datasets/xioamiyh/OphNet2024,primary_quantity_resolved,2278,videos,Primary quantity reported in the reviewed catalog source,not_assessed,legacy_catalog_field,https://huggingface.co/datasets/xioamiyh/OphNet2024,4,3,"[{""count"": 2278, ""evidence_basis"": ""legacy_catalog_field"", ""evidence_url"": ""https://huggingface.co/datasets/xioamiyh/OphNet2024"", ""exactness"": ""not_assessed"", ""notes"": """", ""primary"": true, ""review_date"": ""2026-08-01"", ""scope"": ""Primary quantity reported in the reviewed catalog source"", ""unit"": ""videos""}, {""count"": 1969, ""evidence_basis"": ""official_source_description"", ""evidence_url"": ""https://huggingface.co/datasets/xioamiyh/OphNet2024"", ""exactness"": ""exact"", ""notes"": """", ""primary"": false, ""review_date"": ""2026-08-01"", ""scope"": ""Untrimmed videos"", ""unit"": ""videos""}, {""count"": 17508, ""evidence_basis"": ""official_source_description"", ""evidence_url"": ""https://huggingface.co/datasets/xioamiyh/OphNet2024"", ""exactness"": ""exact"", ""notes"": """", ""primary"": false, ""review_date"": ""2026-08-01"", ""scope"": ""Trimmed operation-level clips"", ""unit"": ""video_clips""}, {""count"": 14674, ""evidence_basis"": ""official_source_description"", ""evidence_url"": ""https://huggingface.co/datasets/xioamiyh/OphNet2024"", ""exactness"": ""exact"", ""notes"": """", ""primary"": false, ""review_date"": ""2026-08-01"", ""scope"": ""Trimmed phase-level clips"", ""unit"": ""video_clips""}]",Quantities with different units are not interchangeable. Related records and derivative components may overlap.
ophora,Ophora-160K: Ophthalmic Surgical Video Instruction Dataset,surgical_video,surgical_video|text,0.5.0,2026-08-02,2026-08-02,https://huggingface.co/datasets/General-Medical-AI/Ophora-160K,primary_quantity_resolved,162185,video_clip_instruction_pairs,Primary quantity reported in the reviewed catalog source,not_assessed,legacy_catalog_field,https://huggingface.co/datasets/General-Medical-AI/Ophora-160K,1,0,"[{""count"": 162185, ""evidence_basis"": ""legacy_catalog_field"", ""evidence_url"": ""https://huggingface.co/datasets/General-Medical-AI/Ophora-160K"", ""exactness"": ""not_assessed"", ""notes"": """", ""primary"": true, ""review_date"": ""2026-08-01"", ""scope"": ""Primary quantity reported in the reviewed catalog source"", ""unit"": ""video_clip_instruction_pairs""}]",Quantities with different units are not interchangeable. Related records and derivative components may overlap.
ophthalmology_eqa_v3,Ophthalmology-EQA-v3,text,text,0.5.0,2026-08-02,2026-08-02,https://huggingface.co/datasets/BaekSeungJu/Ophthalmology-EQA-v3,primary_quantity_resolved,49300,questions,Explanatory or free-form ophthalmology questions,exact,official_source_description,https://huggingface.co/datasets/BaekSeungJu/Ophthalmology-EQA-v3,1,0,"[{""count"": 49300, ""evidence_basis"": ""official_source_description"", ""evidence_url"": ""https://huggingface.co/datasets/BaekSeungJu/Ophthalmology-EQA-v3"", ""exactness"": ""exact"", ""notes"": """", ""primary"": true, ""review_date"": ""2026-08-01"", ""scope"": ""Explanatory or free-form ophthalmology questions"", ""unit"": ""questions""}]",Quantities with different units are not interchangeable. Related records and derivative components may overlap.
ophthalmology_mcqa_v3,Ophthalmology-MCQA-v3,text,text,0.5.0,2026-08-02,2026-08-02,https://huggingface.co/datasets/BaekSeungJu/Ophthalmology-MCQA-v3,primary_quantity_resolved,51745,questions,Multiple-choice ophthalmology questions,exact,official_source_description,https://huggingface.co/datasets/BaekSeungJu/Ophthalmology-MCQA-v3,1,0,"[{""count"": 51745, ""evidence_basis"": ""official_source_description"", ""evidence_url"": ""https://huggingface.co/datasets/BaekSeungJu/Ophthalmology-MCQA-v3"", ""exactness"": ""exact"", ""notes"": """", ""primary"": true, ""review_date"": ""2026-08-01"", ""scope"": ""Multiple-choice ophthalmology questions"", ""unit"": ""questions""}]",Quantities with different units are not interchangeable. Related records and derivative components may overlap.
ophthalmology_pubmed_corpus,Ophthalmology PubMed Corpus,text,text,0.5.0,2026-08-02,2026-08-02,https://huggingface.co/datasets/BaekSeungJu/Ophthalmology-PubMed-Corpus,primary_quantity_resolved,39794,documents,Ophthalmology-focused PubMed corpus records,exact,official_source_description,https://huggingface.co/datasets/BaekSeungJu/Ophthalmology-PubMed-Corpus,1,0,"[{""count"": 39794, ""evidence_basis"": ""official_source_description"", ""evidence_url"": ""https://huggingface.co/datasets/BaekSeungJu/Ophthalmology-PubMed-Corpus"", ""exactness"": ""exact"", ""notes"": """", ""primary"": true, ""review_date"": ""2026-08-01"", ""scope"": ""Ophthalmology-focused PubMed corpus records"", ""unit"": ""documents""}]",Quantities with different units are not interchangeable. Related records and derivative components may overlap.
ophthalvqa,OphthalVQA Dataset,multimodal,fundus|fundus_angiography|oct|ocular_ultrasound|external_eye|text,0.5.0,2026-08-02,2026-08-02,https://doi.org/10.6084/m9.figshare.25624917,primary_quantity_resolved,600,question_answer_pairs,Rows in OphthalVQA.csv,exact,current_deposit_table,https://doi.org/10.6084/m9.figshare.25624917,2,1,"[{""count"": 600, ""evidence_basis"": ""current_deposit_table"", ""evidence_url"": ""https://doi.org/10.6084/m9.figshare.25624917"", ""exactness"": ""exact"", ""notes"": """", ""primary"": true, ""review_date"": ""2026-08-01"", ""scope"": ""Rows in OphthalVQA.csv"", ""unit"": ""question_answer_pairs""}, {""count"": 60, ""evidence_basis"": ""current_deposit_file_listing"", ""evidence_url"": ""https://doi.org/10.6084/m9.figshare.25624917"", ""exactness"": ""exact"", ""notes"": """", ""primary"": false, ""review_date"": ""2026-08-01"", ""scope"": ""JPG image files in the current deposit"", ""unit"": ""images""}]",Quantities with different units are not interchangeable. Related records and derivative components may overlap.
ophthalwechat,OphthalWeChat Dataset,text,text,0.5.0,2026-08-02,2026-08-02,https://doi.org/10.6084/m9.figshare.29064149,primary_quantity_resolved,30120,question_answer_pairs,Rows in OphthalWeChat_QA.xlsx,exact,current_deposit_table,https://doi.org/10.6084/m9.figshare.29064149,2,1,"[{""count"": 30120, ""evidence_basis"": ""current_deposit_table"", ""evidence_url"": ""https://doi.org/10.6084/m9.figshare.29064149"", ""exactness"": ""exact"", ""notes"": """", ""primary"": true, ""review_date"": ""2026-08-01"", ""scope"": ""Rows in OphthalWeChat_QA.xlsx"", ""unit"": ""question_answer_pairs""}, {""count"": 3469, ""evidence_basis"": ""current_deposit_table"", ""evidence_url"": ""https://doi.org/10.6084/m9.figshare.29064149"", ""exactness"": ""exact"", ""notes"": ""The deposit stores image links and identifiers, not image files; 3,403 URLs are unique."", ""primary"": false, ""review_date"": ""2026-08-01"", ""scope"": ""Rows in OphthalWeChat_image_information.xlsx"", ""unit"": ""linked_image_rows""}]",Quantities with different units are not interchangeable. Related records and derivative components may overlap.
ophtho_readability,Language and Readability Barriers in Ophthalmology Dataset,text,text|tabular,0.5.0,2026-08-02,2026-08-02,https://zenodo.org/records/16592100,primary_quantity_resolved,139,documents,Data rows in the deposited workbook,exact,current_deposit_table,https://zenodo.org/records/16592100,1,0,"[{""count"": 139, ""evidence_basis"": ""current_deposit_table"", ""evidence_url"": ""https://zenodo.org/records/16592100"", ""exactness"": ""exact"", ""notes"": """", ""primary"": true, ""review_date"": ""2026-08-01"", ""scope"": ""Data rows in the deposited workbook"", ""unit"": ""documents""}]",Quantities with different units are not interchangeable. Related records and derivative components may overlap.
paired_retina,Paired Retina Dataset: Cross-Device Fundus Pairs,fundus,fundus,0.5.0,2026-08-02,2026-08-02,https://huggingface.co/datasets/smartretina2025/paired_retina,primary_quantity_resolved,399,images,Image rows in the current versioned Hugging Face deposit,exact,current_deposit_file_listing,https://huggingface.co/datasets/smartretina2025/paired_retina/tree/9dc39ab4aebb3e25a7e9f409ad7b19fc14db73c5,2,1,"[{""count"": 399, ""evidence_basis"": ""current_deposit_file_listing"", ""evidence_url"": ""https://huggingface.co/datasets/smartretina2025/paired_retina/tree/9dc39ab4aebb3e25a7e9f409ad7b19fc14db73c5"", ""exactness"": ""exact"", ""notes"": ""The dataset card describes a planned 327-patient paired cohort, but the current deposit contains 399 images and is not a complete 654-image paired release."", ""primary"": true, ""review_date"": ""2026-08-01"", ""scope"": ""Image rows in the current versioned Hugging Face deposit"", ""unit"": ""images""}, {""count"": 327, ""evidence_basis"": ""official_source_description"", ""evidence_url"": ""https://huggingface.co/datasets/smartretina2025/paired_retina"", ""exactness"": ""exact"", ""notes"": ""This source-described cohort is not fully represented in the current deposit."", ""primary"": false, ""review_date"": ""2026-08-01"", ""scope"": ""Cohort described by the dataset card"", ""unit"": ""participants""}]",Quantities with different units are not interchangeable. Related records and derivative components may overlap.
palm,PALM — iChallenge Pathologic Myopia,fundus,fundus,0.5.0,2026-08-02,2026-08-02,https://drive.google.com/file/d/14XWD6kX0dVRfAyEc7FkZGKZibWEkvnyv/view,primary_quantity_resolved,1200,images,Primary quantity reported in the reviewed catalog source,not_assessed,legacy_catalog_field,https://drive.google.com/file/d/14XWD6kX0dVRfAyEc7FkZGKZibWEkvnyv/view,1,0,"[{""count"": 1200, ""evidence_basis"": ""legacy_catalog_field"", ""evidence_url"": ""https://drive.google.com/file/d/14XWD6kX0dVRfAyEc7FkZGKZibWEkvnyv/view"", ""exactness"": ""not_assessed"", ""notes"": """", ""primary"": true, ""review_date"": ""2026-08-01"", ""scope"": ""Primary quantity reported in the reviewed catalog source"", ""unit"": ""images""}]",Quantities with different units are not interchangeable. Related records and derivative components may overlap.
papila,PAPILA: Glaucoma Fundus Dataset with Clinical Data,fundus,fundus|tabular,0.5.0,2026-08-02,2026-08-02,https://zenodo.org/records/6379970,primary_quantity_resolved,488,images,Primary quantity reported in the reviewed catalog source,not_assessed,legacy_catalog_field,https://zenodo.org/records/6379970,1,0,"[{""count"": 488, ""evidence_basis"": ""legacy_catalog_field"", ""evidence_url"": ""https://zenodo.org/records/6379970"", ""exactness"": ""not_assessed"", ""notes"": """", ""primary"": true, ""review_date"": ""2026-08-01"", ""scope"": ""Primary quantity reported in the reviewed catalog source"", ""unit"": ""images""}]",Quantities with different units are not interchangeable. Related records and derivative components may overlap.
paraguay_dr,Paraguay Color Fundus DR Dataset,fundus,fundus,0.5.0,2026-08-02,2026-08-02,https://zenodo.org/record/4647952,primary_quantity_resolved,757,images,Primary quantity reported in the reviewed catalog source,not_assessed,legacy_catalog_field,https://zenodo.org/record/4647952,1,0,"[{""count"": 757, ""evidence_basis"": ""legacy_catalog_field"", ""evidence_url"": ""https://zenodo.org/record/4647952"", ""exactness"": ""not_assessed"", ""notes"": """", ""primary"": true, ""review_date"": ""2026-08-01"", ""scope"": ""Primary quantity reported in the reviewed catalog source"", ""unit"": ""images""}]",Quantities with different units are not interchangeable. Related records and derivative components may overlap.
parkinsons_directional_oct,Parkinson Disease Directional OCT Dataset,oct,oct,0.5.0,2026-08-02,2026-08-02,https://doi.org/10.26188/30750011.v1,primary_quantity_unresolved,,,,,,,0,0,[],Quantities with different units are not interchangeable. Related records and derivative components may overlap.
parkinsons_outer_retinal_structure,Parkinson Disease Outer Retinal Structure and Function Dataset,oct,oct,0.5.0,2026-08-02,2026-08-02,https://doi.org/10.26188/24138420.v2,primary_quantity_unresolved,,,,,,,0,0,[],Quantities with different units are not interchangeable. Related records and derivative components may overlap.
pco_namd,PCO-nAMD Paired CFP and OCT Dataset,fundus,fundus,0.5.0,2026-08-02,2026-08-02,https://doi.org/10.6084/m9.figshare.32873501.v1,primary_quantity_resolved,654,image_pairs,Source reports 654 paired CFP/OCT images from 327 patients.,exact,official_source_description,https://doi.org/10.6084/m9.figshare.32873501.v1,1,0,"[{""count"": 654, ""evidence_basis"": ""official_source_description"", ""evidence_url"": ""https://doi.org/10.6084/m9.figshare.32873501.v1"", ""exactness"": ""exact"", ""notes"": ""Source-stated quantity; repository file count is separate."", ""primary"": true, ""review_date"": ""2026-08-02"", ""scope"": ""Source reports 654 paired CFP/OCT images from 327 patients."", ""unit"": ""image_pairs""}]",Quantities with different units are not interchangeable. Related records and derivative components may overlap.
perg_ioba,PERG-IOBA Ocular Electrophysiology Dataset,electrophysiology,electrophysiology|tabular,0.5.0,2026-08-02,2026-08-02,https://physionet.org/content/perg-ioba-dataset/1.0.0/,primary_quantity_resolved,1354,signals,Transient pattern electroretinogram responses,exact,official_source_description,https://physionet.org/content/perg-ioba-dataset/1.0.0/,2,1,"[{""count"": 1354, ""evidence_basis"": ""official_source_description"", ""evidence_url"": ""https://physionet.org/content/perg-ioba-dataset/1.0.0/"", ""exactness"": ""exact"", ""notes"": """", ""primary"": true, ""review_date"": ""2026-08-01"", ""scope"": ""Transient pattern electroretinogram responses"", ""unit"": ""signals""}, {""count"": 304, ""evidence_basis"": ""official_source_description"", ""evidence_url"": ""https://physionet.org/content/perg-ioba-dataset/1.0.0/"", ""exactness"": ""exact"", ""notes"": """", ""primary"": false, ""review_date"": ""2026-08-01"", ""scope"": ""Participants represented in 336 records"", ""unit"": ""participants""}]",Quantities with different units are not interchangeable. Related records and derivative components may overlap.
periorbital_segmentation,Open-Source Periorbital Segmentation Dataset,external_eye,external_eye,0.5.0,2026-08-02,2026-08-02,https://doi.org/10.5281/zenodo.13916845,primary_quantity_resolved,2842,images,Primary quantity reported in the reviewed catalog source,not_assessed,legacy_catalog_field,https://doi.org/10.5281/zenodo.13916845,1,0,"[{""count"": 2842, ""evidence_basis"": ""legacy_catalog_field"", ""evidence_url"": ""https://doi.org/10.5281/zenodo.13916845"", ""exactness"": ""not_assessed"", ""notes"": """", ""primary"": true, ""review_date"": ""2026-08-01"", ""scope"": ""Primary quantity reported in the reviewed catalog source"", ""unit"": ""images""}]",Quantities with different units are not interchangeable. Related records and derivative components may overlap.
pimd_visual_preference_eye_tracking,PIMD Visual Preference Eye-Tracking Dataset,eye_tracking,eye_tracking,0.5.0,2026-08-02,2026-08-02,https://doi.org/10.1371/journal.pone.0266176.s010,primary_quantity_unresolved,,,,,,,0,0,[],Quantities with different units are not interchangeable. Related records and derivative components may overlap.
popeye_nir,PopEYE Infrared Ocular Image Dataset,external_eye,external_eye,0.5.0,2026-08-02,2026-08-02,https://zenodo.org/records/18430187,primary_quantity_resolved,14976,images,Primary quantity reported in the reviewed catalog source,not_assessed,legacy_catalog_field,https://zenodo.org/records/18430187,1,0,"[{""count"": 14976, ""evidence_basis"": ""legacy_catalog_field"", ""evidence_url"": ""https://zenodo.org/records/18430187"", ""exactness"": ""not_assessed"", ""notes"": """", ""primary"": true, ""review_date"": ""2026-08-01"", ""scope"": ""Primary quantity reported in the reviewed catalog source"", ""unit"": ""images""}]",Quantities with different units are not interchangeable. Related records and derivative components may overlap.
post_glaucoma_surgery_ptosis_strabismus,Post-Glaucoma-Surgery Ptosis and Strabismus Dataset,tabular,tabular,0.5.0,2026-08-02,2026-08-02,https://doi.org/10.1371/journal.pone.0335074.s001,primary_quantity_resolved,705,records,Source reports 705 glaucoma-surgery clinical records.,exact,official_source_description,https://doi.org/10.1371/journal.pone.0335074.s001,1,0,"[{""count"": 705, ""evidence_basis"": ""official_source_description"", ""evidence_url"": ""https://doi.org/10.1371/journal.pone.0335074.s001"", ""exactness"": ""exact"", ""notes"": ""Source-stated quantity; repository file count is separate."", ""primary"": true, ""review_date"": ""2026-08-02"", ""scope"": ""Source reports 705 glaucoma-surgery clinical records."", ""unit"": ""records""}]",Quantities with different units are not interchangeable. Related records and derivative components may overlap.
prime_fp20,PRIME-FP20: Ultra-Widefield Vessel Segmentation,uwf_fundus,uwf_fundus,0.5.0,2026-08-02,2026-08-02,https://ieee-dataport.org/open-access/prime-fp20-ultra-widefield-fundus-photography-vessel-segmentation-dataset,primary_quantity_resolved,15,images,Primary quantity reported in the reviewed catalog source,not_assessed,legacy_catalog_field,https://ieee-dataport.org/open-access/prime-fp20-ultra-widefield-fundus-photography-vessel-segmentation-dataset,1,0,"[{""count"": 15, ""evidence_basis"": ""legacy_catalog_field"", ""evidence_url"": ""https://ieee-dataport.org/open-access/prime-fp20-ultra-widefield-fundus-photography-vessel-segmentation-dataset"", ""exactness"": ""not_assessed"", ""notes"": """", ""primary"": true, ""review_date"": ""2026-08-01"", ""scope"": ""Primary quantity reported in the reviewed catalog source"", ""unit"": ""images""}]",Quantities with different units are not interchangeable. Related records and derivative components may overlap.
pupillometry_eeg_fmri_salience,"Pupillometry, EEG, and fMRI Salience Dataset",eye_tracking,eye_tracking|pupillometry,0.5.0,2026-08-02,2026-08-02,https://doi.org/10.6084/m9.figshare.22518010.v1,primary_quantity_unresolved,,,,,,,0,0,[],Quantities with different units are not interchangeable. Related records and derivative components may overlap.
puwf_av,PUWF-AV Pediatric Ultra-Widefield Fundus Artery-Vein Dataset,fundus,fundus,0.5.0,2026-08-02,2026-08-02,https://doi.org/10.6084/m9.figshare.32509329.v1,primary_quantity_resolved,60,images,Source reports 60 ultra-widefield fundus images.,exact,official_source_description,https://doi.org/10.6084/m9.figshare.32509329.v1,1,0,"[{""count"": 60, ""evidence_basis"": ""official_source_description"", ""evidence_url"": ""https://doi.org/10.6084/m9.figshare.32509329.v1"", ""exactness"": ""exact"", ""notes"": ""Source-stated quantity; repository file count is separate."", ""primary"": true, ""review_date"": ""2026-08-02"", ""scope"": ""Source reports 60 ultra-widefield fundus images."", ""unit"": ""images""}]",Quantities with different units are not interchangeable. Related records and derivative components may overlap.
rao_fundus,RAO Retinal Artery Occlusion Fundus Photography Dataset,fundus,fundus,0.5.0,2026-08-02,2026-08-02,https://data.mendeley.com/datasets/5428684j44/2,primary_quantity_unresolved,,,,,,,0,0,[],Quantities with different units are not interchangeable. Related records and derivative components may overlap.
rasti_oct,"Rasti OCT Dataset (Noor Eye Hospital, Tehran)",oct,oct,0.5.0,2026-08-02,2026-08-02,https://drive.google.com/file/d/1Rv82F7CjPveyONdy1YbRHh05emCb6_Eu,primary_quantity_resolved,4254,b_scans,Approximate B-scan count,approximate,associated_publication,https://doi.org/10.1109/TMI.2017.2780115,2,1,"[{""count"": 4254, ""evidence_basis"": ""associated_publication"", ""evidence_url"": ""https://doi.org/10.1109/TMI.2017.2780115"", ""exactness"": ""approximate"", ""notes"": """", ""primary"": true, ""review_date"": ""2026-08-01"", ""scope"": ""Approximate B-scan count"", ""unit"": ""b_scans""}, {""count"": 148, ""evidence_basis"": ""associated_publication"", ""evidence_url"": ""https://doi.org/10.1109/TMI.2017.2780115"", ""exactness"": ""exact"", ""notes"": """", ""primary"": false, ""review_date"": ""2026-08-01"", ""scope"": ""Heidelberg Spectralis volumes"", ""unit"": ""volumes""}]",Quantities with different units are not interchangeable. Related records and derivative components may overlap.
ravir,RAVIR: Retinal Artery/Vein Segmentation in IR,fundus,fundus,0.5.0,2026-08-02,2026-08-02,https://ravir.grand-challenge.org/data/,primary_quantity_resolved,42,images,Primary quantity reported in the reviewed catalog source,not_assessed,legacy_catalog_field,https://ravir.grand-challenge.org/data/,1,0,"[{""count"": 42, ""evidence_basis"": ""legacy_catalog_field"", ""evidence_url"": ""https://ravir.grand-challenge.org/data/"", ""exactness"": ""not_assessed"", ""notes"": """", ""primary"": true, ""review_date"": ""2026-08-01"", ""scope"": ""Primary quantity reported in the reviewed catalog source"", ""unit"": ""images""}]",Quantities with different units are not interchangeable. Related records and derivative components may overlap.
rbad,RBAD Retinal Branching-Angle Detection Benchmark,fundus,fundus,0.5.0,2026-08-02,2026-08-02,https://github.com/Retinal-Research/RBAD,primary_quantity_resolved,40,images,Branching-angle benchmark images,exact,official_source_description,https://github.com/Retinal-Research/RBAD,1,0,"[{""count"": 40, ""evidence_basis"": ""official_source_description"", ""evidence_url"": ""https://github.com/Retinal-Research/RBAD"", ""exactness"": ""exact"", ""notes"": """", ""primary"": true, ""review_date"": ""2026-08-01"", ""scope"": ""Branching-angle benchmark images"", ""unit"": ""images""}]",Quantities with different units are not interchangeable. Related records and derivative components may overlap.
real_fundus,Real Fundus Clinical Image Restoration Benchmark,fundus,fundus,0.5.0,2026-08-02,2026-08-02,https://github.com/dengzhuo-AI/Real-Fundus/releases/tag/v.1.0.0,primary_quantity_resolved,120,image_pairs,Matched low-quality and high-quality fundus pairs,exact,official_source_description,https://github.com/dengzhuo-AI/Real-Fundus,2,1,"[{""count"": 120, ""evidence_basis"": ""official_source_description"", ""evidence_url"": ""https://github.com/dengzhuo-AI/Real-Fundus"", ""exactness"": ""exact"", ""notes"": """", ""primary"": true, ""review_date"": ""2026-08-01"", ""scope"": ""Matched low-quality and high-quality fundus pairs"", ""unit"": ""image_pairs""}, {""count"": 240, ""evidence_basis"": ""derived_from_reported_components"", ""evidence_url"": ""https://github.com/dengzhuo-AI/Real-Fundus"", ""exactness"": ""exact"", ""notes"": """", ""primary"": false, ""review_date"": ""2026-08-01"", ""scope"": ""Images participating in 120 restoration pairs"", ""unit"": ""images""}]",Quantities with different units are not interchangeable. Related records and derivative components may overlap.
refuge1_multirater,REFUGE Multi-Rater — Glaucoma with Multi-Expert Annotations,fundus,fundus,0.5.0,2026-08-02,2026-08-02,https://drive.google.com/file/d/1TXTrZyaZ76faXek46pEzaYQmAejLf30d/view,primary_quantity_resolved,1200,images,Primary quantity reported in the reviewed catalog source,not_assessed,legacy_catalog_field,https://drive.google.com/file/d/1TXTrZyaZ76faXek46pEzaYQmAejLf30d/view,1,0,"[{""count"": 1200, ""evidence_basis"": ""legacy_catalog_field"", ""evidence_url"": ""https://drive.google.com/file/d/1TXTrZyaZ76faXek46pEzaYQmAejLf30d/view"", ""exactness"": ""not_assessed"", ""notes"": """", ""primary"": true, ""review_date"": ""2026-08-01"", ""scope"": ""Primary quantity reported in the reviewed catalog source"", ""unit"": ""images""}]",Quantities with different units are not interchangeable. Related records and derivative components may overlap.
refuge2,REFUGE2 — Retinal Fundus Glaucoma Challenge 2,fundus,fundus,0.5.0,2026-08-02,2026-08-02,https://drive.google.com/file/d/1DspRzDqypeBOxZnWPQxmXprNVmJwkBRJ/view,primary_quantity_resolved,2000,images,Primary quantity reported in the reviewed catalog source,not_assessed,legacy_catalog_field,https://drive.google.com/file/d/1DspRzDqypeBOxZnWPQxmXprNVmJwkBRJ/view,1,0,"[{""count"": 2000, ""evidence_basis"": ""legacy_catalog_field"", ""evidence_url"": ""https://drive.google.com/file/d/1DspRzDqypeBOxZnWPQxmXprNVmJwkBRJ/view"", ""exactness"": ""not_assessed"", ""notes"": """", ""primary"": true, ""review_date"": ""2026-08-01"", ""scope"": ""Primary quantity reported in the reviewed catalog source"", ""unit"": ""images""}]",Quantities with different units are not interchangeable. Related records and derivative components may overlap.
refuge2018,REFUGE 2018: Retinal Fundus Glaucoma Challenge,fundus,fundus,0.5.0,2026-08-02,2026-08-02,https://refuge.grand-challenge.org/,primary_quantity_resolved,1200,images,Primary quantity reported in the reviewed catalog source,not_assessed,legacy_catalog_field,https://refuge.grand-challenge.org/,1,0,"[{""count"": 1200, ""evidence_basis"": ""legacy_catalog_field"", ""evidence_url"": ""https://refuge.grand-challenge.org/"", ""exactness"": ""not_assessed"", ""notes"": """", ""primary"": true, ""review_date"": ""2026-08-01"", ""scope"": ""Primary quantity reported in the reviewed catalog source"", ""unit"": ""images""}]",Quantities with different units are not interchangeable. Related records and derivative components may overlap.
reta_benchmark,RETA Benchmark for Retinal Vascular Tree Analysis,fundus,fundus,0.5.0,2026-08-02,2026-08-02,https://doi.org/10.6084/m9.figshare.16960855,primary_quantity_resolved,81,images,IDRiD-derived images with vascular-tree annotations,exact,official_source_description,https://doi.org/10.6084/m9.figshare.16960855,1,0,"[{""count"": 81, ""evidence_basis"": ""official_source_description"", ""evidence_url"": ""https://doi.org/10.6084/m9.figshare.16960855"", ""exactness"": ""exact"", ""notes"": """", ""primary"": true, ""review_date"": ""2026-08-01"", ""scope"": ""IDRiD-derived images with vascular-tree annotations"", ""unit"": ""images""}]",Quantities with different units are not interchangeable. Related records and derivative components may overlap.
retina_age_analysis,Retina Age Analysis,fundus,fundus,0.5.0,2026-08-02,2026-08-02,https://huggingface.co/datasets/ramankamran/retina-age-analysis,primary_quantity_resolved,9857,images,Primary quantity reported in the reviewed catalog source,not_assessed,legacy_catalog_field,https://huggingface.co/datasets/ramankamran/retina-age-analysis,1,0,"[{""count"": 9857, ""evidence_basis"": ""legacy_catalog_field"", ""evidence_url"": ""https://huggingface.co/datasets/ramankamran/retina-age-analysis"", ""exactness"": ""not_assessed"", ""notes"": """", ""primary"": true, ""review_date"": ""2026-08-01"", ""scope"": ""Primary quantity reported in the reviewed catalog source"", ""unit"": ""images""}]",Quantities with different units are not interchangeable. Related records and derivative components may overlap.
retinal_corrugations_oct,Outer Retinal Corrugations Imaging Dataset,oct,oct,0.5.0,2026-08-02,2026-08-02,https://data.mendeley.com/datasets/bzsc7gd9p3/2,primary_quantity_resolved,69,b_scans,Baseline swept-source OCT scans described for the current Mendeley v2 deposit,source_conflict,associated_publication,https://doi.org/10.1016/j.dib.2023.108920,2,1,"[{""count"": 69, ""evidence_basis"": ""associated_publication"", ""evidence_url"": ""https://doi.org/10.1016/j.dib.2023.108920"", ""exactness"": ""source_conflict"", ""notes"": ""The article abstract and specifications table report 69 scans from 66 patients; one methods passage reports 66 assessed scans."", ""primary"": true, ""review_date"": ""2026-08-01"", ""scope"": ""Baseline swept-source OCT scans described for the current Mendeley v2 deposit"", ""unit"": ""b_scans""}, {""count"": 66, ""evidence_basis"": ""associated_publication"", ""evidence_url"": ""https://doi.org/10.1016/j.dib.2023.108920"", ""exactness"": ""exact"", ""notes"": """", ""primary"": false, ""review_date"": ""2026-08-01"", ""scope"": ""Patients represented by the baseline SS-OCT cohort"", ""unit"": ""participants""}]",Quantities with different units are not interchangeable. Related records and derivative components may overlap.
retinal_dr_longitudinal,Retinal DR Longitudinal Fundus Pairs,fundus,fundus,0.5.0,2026-08-02,2026-08-02,https://huggingface.co/datasets/usama10/retinal-dr-longitudinal,primary_quantity_resolved,1115,image_pairs,Rows in corrected_manifest.csv,exact,current_deposit_table,https://huggingface.co/datasets/usama10/retinal-dr-longitudinal/tree/d6e13e91dae69f3080259afd478db92412c7f32d,3,2,"[{""count"": 1115, ""evidence_basis"": ""current_deposit_table"", ""evidence_url"": ""https://huggingface.co/datasets/usama10/retinal-dr-longitudinal/tree/d6e13e91dae69f3080259afd478db92412c7f32d"", ""exactness"": ""exact"", ""notes"": """", ""primary"": true, ""review_date"": ""2026-08-01"", ""scope"": ""Rows in corrected_manifest.csv"", ""unit"": ""image_pairs""}, {""count"": 2428, ""evidence_basis"": ""current_deposit_file_listing"", ""evidence_url"": ""https://huggingface.co/datasets/usama10/retinal-dr-longitudinal/tree/d6e13e91dae69f3080259afd478db92412c7f32d"", ""exactness"": ""exact"", ""notes"": ""The deposit contains 1,250 baseline and 1,178 follow-up images; 2,230 participate in the corrected 1,115-pair manifest."", ""primary"": false, ""review_date"": ""2026-08-01"", ""scope"": ""JPG files in the current deposit"", ""unit"": ""images""}, {""count"": 572, ""evidence_basis"": ""current_deposit_table"", ""evidence_url"": ""https://huggingface.co/datasets/usama10/retinal-dr-longitudinal/tree/d6e13e91dae69f3080259afd478db92412c7f32d"", ""exactness"": ""exact"", ""notes"": """", ""primary"": false, ""review_date"": ""2026-08-01"", ""scope"": ""Unique patient IDs in corrected_manifest.csv"", ""unit"": ""participants""}]",Quantities with different units are not interchangeable. Related records and derivative components may overlap.
retinal_oct_octa_two_subjects_processed,Processed Retinal OCT and OCTA Two-Subject Dataset,octa,octa,0.5.0,2026-08-02,2026-08-02,https://www.kaggle.com/datasets/cnzakimuena/retinal-oct-and-octa-data-3,primary_quantity_unresolved,,,,,,,0,0,[],Quantities with different units are not interchangeable. Related records and derivative components may overlap.
retinal_optic_flow_locomotion,Retinal Optic Flow and Locomotion Dataset,eye_tracking,eye_tracking,0.5.0,2026-08-02,2026-08-02,https://doi.org/10.25452/figshare.plus.17113883.v1,primary_quantity_unresolved,,,,,,,0,0,[],Quantities with different units are not interchangeable. Related records and derivative components may overlap.
retinal_photoplethysmography_rnfl,Retinal Photoplethysmography and RNFL Dataset,oct,oct,0.5.0,2026-08-02,2026-08-02,https://doi.org/10.6084/m9.figshare.21197173.v1,primary_quantity_unresolved,,,,,,,0,0,[],Quantities with different units are not interchangeable. Related records and derivative components may overlap.
retinal_vessel_robustness,Natural Robustness Benchmark for Retinal Vessel Segmentation,fundus,fundus,0.5.0,2026-08-02,2026-08-02,https://zenodo.org/records/12659652,primary_quantity_resolved,13024,images,Files under the images directories in all three current archives,exact,current_deposit_file_listing,https://zenodo.org/records/12659652,1,0,"[{""count"": 13024, ""evidence_basis"": ""current_deposit_file_listing"", ""evidence_url"": ""https://zenodo.org/records/12659652"", ""exactness"": ""exact"", ""notes"": ""Includes 5,920 DRIVE, 4,144 CHASE, and 2,960 STARE original or augmented images; parent datasets overlap catalog records."", ""primary"": true, ""review_date"": ""2026-08-01"", ""scope"": ""Files under the images directories in all three current archives"", ""unit"": ""images""}]",Quantities with different units are not interchangeable. Related records and derivative components may overlap.
retouch,RETOUCH: RETinal OCT Fluid Challenge,oct,oct,0.5.0,2026-08-02,2026-08-02,https://retouch.grand-challenge.org/,primary_quantity_resolved,112,volumes,Primary quantity reported in the reviewed catalog source,not_assessed,legacy_catalog_field,https://retouch.grand-challenge.org/,1,0,"[{""count"": 112, ""evidence_basis"": ""legacy_catalog_field"", ""evidence_url"": ""https://retouch.grand-challenge.org/"", ""exactness"": ""not_assessed"", ""notes"": """", ""primary"": true, ""review_date"": ""2026-08-01"", ""scope"": ""Primary quantity reported in the reviewed catalog source"", ""unit"": ""volumes""}]",Quantities with different units are not interchangeable. Related records and derivative components may overlap.
rfmid,RFMiD: Retinal Fundus Multi-disease Image Dataset,fundus,fundus,0.5.0,2026-08-02,2026-08-02,https://www.kaggle.com/datasets/andrewmvd/retinal-disease-classification,primary_quantity_resolved,3200,images,Primary quantity reported in the reviewed catalog source,not_assessed,legacy_catalog_field,https://www.kaggle.com/datasets/andrewmvd/retinal-disease-classification,1,0,"[{""count"": 3200, ""evidence_basis"": ""legacy_catalog_field"", ""evidence_url"": ""https://www.kaggle.com/datasets/andrewmvd/retinal-disease-classification"", ""exactness"": ""not_assessed"", ""notes"": """", ""primary"": true, ""review_date"": ""2026-08-01"", ""scope"": ""Primary quantity reported in the reviewed catalog source"", ""unit"": ""images""}]",Quantities with different units are not interchangeable. Related records and derivative components may overlap.
rfmid2,RFMiD 2.0 Auxiliary Multi-Disease Fundus Dataset,fundus,fundus,0.5.0,2026-08-02,2026-08-02,https://zenodo.org/records/7505822,primary_quantity_resolved,860,images,RFMiD 2.0 auxiliary images,exact,official_source_description,https://zenodo.org/records/7505822,1,0,"[{""count"": 860, ""evidence_basis"": ""official_source_description"", ""evidence_url"": ""https://zenodo.org/records/7505822"", ""exactness"": ""exact"", ""notes"": """", ""primary"": true, ""review_date"": ""2026-08-01"", ""scope"": ""RFMiD 2.0 auxiliary images"", ""unit"": ""images""}]",Quantities with different units are not interchangeable. Related records and derivative components may overlap.
riga,RIGA: Retinal Fundus Images for Glaucoma Analysis,fundus,fundus,0.5.0,2026-08-02,2026-08-02,https://deepblue.lib.umich.edu/data/concern/data_sets/3b591905z,primary_quantity_resolved,750,images,Primary quantity reported in the reviewed catalog source,not_assessed,legacy_catalog_field,https://deepblue.lib.umich.edu/data/concern/data_sets/3b591905z,1,0,"[{""count"": 750, ""evidence_basis"": ""legacy_catalog_field"", ""evidence_url"": ""https://deepblue.lib.umich.edu/data/concern/data_sets/3b591905z"", ""exactness"": ""not_assessed"", ""notes"": """", ""primary"": true, ""review_date"": ""2026-08-01"", ""scope"": ""Primary quantity reported in the reviewed catalog source"", ""unit"": ""images""}]",Quantities with different units are not interchangeable. Related records and derivative components may overlap.
riga_plus,RIGA+ Domain Adaptation Dataset,fundus,fundus,0.5.0,2026-08-02,2026-08-02,https://zenodo.org/records/6325549,primary_quantity_resolved,1461,images,TIF images in the RIGA directory of the current deposit,exact,current_deposit_file_listing,https://zenodo.org/records/6325549,1,0,"[{""count"": 1461, ""evidence_basis"": ""current_deposit_file_listing"", ""evidence_url"": ""https://zenodo.org/records/6325549"", ""exactness"": ""exact"", ""notes"": ""The source reports removal of six RIGA duplicates and cross-dataset duplicates with MESSIDOR."", ""primary"": true, ""review_date"": ""2026-08-01"", ""scope"": ""TIF images in the RIGA directory of the current deposit"", ""unit"": ""images""}]",Quantities with different units are not interchangeable. Related records and derivative components may overlap.
rimone_dl,RIM-ONE DL,fundus,fundus,0.5.0,2026-08-02,2026-08-02,https://www.kaggle.com/datasets/orvile/rim-one-retinal-dataset-for-assessing-glaucoma,primary_quantity_resolved,485,images,Primary quantity reported in the reviewed catalog source,not_assessed,legacy_catalog_field,https://www.kaggle.com/datasets/orvile/rim-one-retinal-dataset-for-assessing-glaucoma,1,0,"[{""count"": 485, ""evidence_basis"": ""legacy_catalog_field"", ""evidence_url"": ""https://www.kaggle.com/datasets/orvile/rim-one-retinal-dataset-for-assessing-glaucoma"", ""exactness"": ""not_assessed"", ""notes"": """", ""primary"": true, ""review_date"": ""2026-08-01"", ""scope"": ""Primary quantity reported in the reviewed catalog source"", ""unit"": ""images""}]",Quantities with different units are not interchangeable. Related records and derivative components may overlap.
rite,RITE: Retinal Images Vessel Tree Extraction (Artery/Vein),fundus,fundus,0.5.0,2026-08-02,2026-08-02,https://eye.medicine.uiowa.edu/rite-dataset,primary_quantity_resolved,40,images,Primary quantity reported in the reviewed catalog source,not_assessed,legacy_catalog_field,https://eye.medicine.uiowa.edu/rite-dataset,1,0,"[{""count"": 40, ""evidence_basis"": ""legacy_catalog_field"", ""evidence_url"": ""https://eye.medicine.uiowa.edu/rite-dataset"", ""exactness"": ""not_assessed"", ""notes"": """", ""primary"": true, ""review_date"": ""2026-08-01"", ""scope"": ""Primary quantity reported in the reviewed catalog source"", ""unit"": ""images""}]",Quantities with different units are not interchangeable. Related records and derivative components may overlap.
roc,ROC: Retinopathy Online Challenge,fundus,fundus,0.5.0,2026-08-02,2026-08-02,http://webeye.ophth.uiowa.edu/ROC/,primary_quantity_resolved,100,images,Primary quantity reported in the reviewed catalog source,not_assessed,legacy_catalog_field,http://webeye.ophth.uiowa.edu/ROC/,1,0,"[{""count"": 100, ""evidence_basis"": ""legacy_catalog_field"", ""evidence_url"": ""http://webeye.ophth.uiowa.edu/ROC/"", ""exactness"": ""not_assessed"", ""notes"": """", ""primary"": true, ""review_date"": ""2026-08-01"", ""scope"": ""Primary quantity reported in the reviewed catalog source"", ""unit"": ""images""}]",Quantities with different units are not interchangeable. Related records and derivative components may overlap.
rocc,ROCC: Retinal OCT Classification Challenge,oct,oct,0.5.0,2026-08-02,2026-08-02,https://rocc.grand-challenge.org/,primary_quantity_resolved,165,volumes,OCT volumes in the challenge cohort,exact,official_source_description,https://rocc.grand-challenge.org/,1,0,"[{""count"": 165, ""evidence_basis"": ""official_source_description"", ""evidence_url"": ""https://rocc.grand-challenge.org/"", ""exactness"": ""exact"", ""notes"": """", ""primary"": true, ""review_date"": ""2026-08-01"", ""scope"": ""OCT volumes in the challenge cohort"", ""unit"": ""volumes""}]",Quantities with different units are not interchangeable. Related records and derivative components may overlap.
rop_ostrava,Retinal Image Dataset of Infants and ROP (Ostrava),fundus,fundus,0.5.0,2026-08-02,2026-08-02,https://www.kaggle.com/datasets/jananowakova/retinal-image-dataset-of-infants-and-rop,primary_quantity_resolved,6004,images,Primary quantity reported in the reviewed catalog source,not_assessed,legacy_catalog_field,https://www.kaggle.com/datasets/jananowakova/retinal-image-dataset-of-infants-and-rop,1,0,"[{""count"": 6004, ""evidence_basis"": ""legacy_catalog_field"", ""evidence_url"": ""https://www.kaggle.com/datasets/jananowakova/retinal-image-dataset-of-infants-and-rop"", ""exactness"": ""not_assessed"", ""notes"": """", ""primary"": true, ""review_date"": ""2026-08-01"", ""scope"": ""Primary quantity reported in the reviewed catalog source"", ""unit"": ""images""}]",Quantities with different units are not interchangeable. Related records and derivative components may overlap.
rop_synthetic_mendeley,Synthetic Medical Images for ROP Diagnosis,fundus,fundus,0.5.0,2026-08-02,2026-08-02,https://data.mendeley.com/datasets/fscyyhg6vt/1,primary_quantity_resolved,5842,images,Source retinal fundus images,exact,official_source_description,https://data.mendeley.com/datasets/fscyyhg6vt/1,2,1,"[{""count"": 5842, ""evidence_basis"": ""official_source_description"", ""evidence_url"": ""https://data.mendeley.com/datasets/fscyyhg6vt/1"", ""exactness"": ""exact"", ""notes"": """", ""primary"": true, ""review_date"": ""2026-08-01"", ""scope"": ""Source retinal fundus images"", ""unit"": ""images""}, {""count"": 963, ""evidence_basis"": ""official_source_description"", ""evidence_url"": ""https://data.mendeley.com/datasets/fscyyhg6vt/1"", ""exactness"": ""exact"", ""notes"": """", ""primary"": false, ""review_date"": ""2026-08-01"", ""scope"": ""Preterm infants contributing source images"", ""unit"": ""participants""}]",Quantities with different units are not interchangeable. Related records and derivative components may overlap.
rop_uwf_intelligent,Fundus Dataset for Intelligent ROP System,fundus,fundus,0.5.0,2026-08-02,2026-08-02,https://doi.org/10.6084/m9.figshare.25514449,primary_quantity_resolved,1099,images,Primary quantity reported in the reviewed catalog source,not_assessed,legacy_catalog_field,https://doi.org/10.6084/m9.figshare.25514449,1,0,"[{""count"": 1099, ""evidence_basis"": ""legacy_catalog_field"", ""evidence_url"": ""https://doi.org/10.6084/m9.figshare.25514449"", ""exactness"": ""not_assessed"", ""notes"": """", ""primary"": true, ""review_date"": ""2026-08-01"", ""scope"": ""Primary quantity reported in the reviewed catalog source"", ""unit"": ""images""}]",Quantities with different units are not interchangeable. Related records and derivative components may overlap.
rop_vl,ROP-VL Retinopathy of Prematurity Vision-Language Dataset,fundus,fundus,0.5.0,2026-08-02,2026-08-02,https://doi.org/10.6084/m9.figshare.30143461.v1,primary_quantity_resolved,2020,images,"Source reports 2,020 color fundus photographs from 1,116 infants.",exact,official_source_description,https://doi.org/10.6084/m9.figshare.30143461.v1,1,0,"[{""count"": 2020, ""evidence_basis"": ""official_source_description"", ""evidence_url"": ""https://doi.org/10.6084/m9.figshare.30143461.v1"", ""exactness"": ""exact"", ""notes"": ""Source-stated quantity; repository file count is separate."", ""primary"": true, ""review_date"": ""2026-08-02"", ""scope"": ""Source reports 2,020 color fundus photographs from 1,116 infants."", ""unit"": ""images""}]",Quantities with different units are not interchangeable. Related records and derivative components may overlap.
rose,ROSE: Retinal OCT-Angiography Vessel Segmentation,octa,octa,0.5.0,2026-08-02,2026-08-02,https://zenodo.org/doi/10.5281/zenodo.12775880,primary_quantity_resolved,229,images,Primary quantity reported in the reviewed catalog source,not_assessed,legacy_catalog_field,https://zenodo.org/doi/10.5281/zenodo.12775880,1,0,"[{""count"": 229, ""evidence_basis"": ""legacy_catalog_field"", ""evidence_url"": ""https://zenodo.org/doi/10.5281/zenodo.12775880"", ""exactness"": ""not_assessed"", ""notes"": """", ""primary"": true, ""review_date"": ""2026-08-01"", ""scope"": ""Primary quantity reported in the reviewed catalog source"", ""unit"": ""images""}]",Quantities with different units are not interchangeable. Related records and derivative components may overlap.
ru_medical_texts_ophthalmology,Ophthalmology Russian-English Medical Text Translations,text,text,0.5.0,2026-08-02,2026-08-02,https://www.kaggle.com/datasets/cheshrcat/ru-medical-texts-ophtalmology,primary_quantity_resolved,3473,sentence_pairs,Russian-English sentence or glossary pairs,exact,official_source_description,https://www.kaggle.com/datasets/cheshrcat/ru-medical-texts-ophtalmology,1,0,"[{""count"": 3473, ""evidence_basis"": ""official_source_description"", ""evidence_url"": ""https://www.kaggle.com/datasets/cheshrcat/ru-medical-texts-ophtalmology"", ""exactness"": ""exact"", ""notes"": """", ""primary"": true, ""review_date"": ""2026-08-01"", ""scope"": ""Russian-English sentence or glossary pairs"", ""unit"": ""sentence_pairs""}]",Quantities with different units are not interchangeable. Related records and derivative components may overlap.
rvo_me,RVO-ME: Retinal Vein Occlusion Macular Edema OCT Dataset,oct,oct,0.5.0,2026-08-02,2026-08-02,https://doi.org/10.6084/m9.figshare.29804435.v1,primary_quantity_resolved,3012,images,Primary quantity reported in the reviewed catalog source,not_assessed,legacy_catalog_field,https://doi.org/10.6084/m9.figshare.29804435.v1,1,0,"[{""count"": 3012, ""evidence_basis"": ""legacy_catalog_field"", ""evidence_url"": ""https://doi.org/10.6084/m9.figshare.29804435.v1"", ""exactness"": ""not_assessed"", ""notes"": """", ""primary"": true, ""review_date"": ""2026-08-01"", ""scope"": ""Primary quantity reported in the reviewed catalog source"", ""unit"": ""images""}]",Quantities with different units are not interchangeable. Related records and derivative components may overlap.
sics155,SICS-155 Small Incision Cataract Surgery Videos,surgical_video,surgical_video,0.5.0,2026-08-02,2026-08-02,https://zenodo.org/records/19482928,primary_quantity_resolved,155,videos,SICS surgical videos,exact,official_source_description,https://zenodo.org/records/19482928,1,0,"[{""count"": 155, ""evidence_basis"": ""official_source_description"", ""evidence_url"": ""https://zenodo.org/records/19482928"", ""exactness"": ""exact"", ""notes"": """", ""primary"": true, ""review_date"": ""2026-08-01"", ""scope"": ""SICS surgical videos"", ""unit"": ""videos""}]",Quantities with different units are not interchangeable. Related records and derivative components may overlap.
slid,SLID: Slit-Lamp Image Dataset,multimodal,external_eye,0.5.0,2026-08-02,2026-08-02,https://github.com/xumingyu-hub/SLID,primary_quantity_resolved,2617,images,Primary quantity reported in the reviewed catalog source,not_assessed,legacy_catalog_field,https://github.com/xumingyu-hub/SLID,1,0,"[{""count"": 2617, ""evidence_basis"": ""legacy_catalog_field"", ""evidence_url"": ""https://github.com/xumingyu-hub/SLID"", ""exactness"": ""not_assessed"", ""notes"": """", ""primary"": true, ""review_date"": ""2026-08-01"", ""scope"": ""Primary quantity reported in the reviewed catalog source"", ""unit"": ""images""}]",Quantities with different units are not interchangeable. Related records and derivative components may overlap.
slid_e,SLID-E Slit-Lamp Image Dataset for Epiphora,external_eye,external_eye|slit_lamp,0.5.0,2026-08-02,2026-08-02,https://doi.org/10.6084/m9.figshare.26172919.v2,primary_quantity_resolved,2999,images,"Source reports 2,999 slit-lamp photographs from 1,563 patients.",exact,official_source_description,https://doi.org/10.6084/m9.figshare.26172919.v2,1,0,"[{""count"": 2999, ""evidence_basis"": ""official_source_description"", ""evidence_url"": ""https://doi.org/10.6084/m9.figshare.26172919.v2"", ""exactness"": ""exact"", ""notes"": ""Source-stated quantity; repository file count is separate."", ""primary"": true, ""review_date"": ""2026-08-02"", ""scope"": ""Source reports 2,999 slit-lamp photographs from 1,563 patients."", ""unit"": ""images""}]",Quantities with different units are not interchangeable. Related records and derivative components may overlap.
slp_vld,SLP-VLD Anonymized Slit-Lamp Vision-Language Dataset,external_eye,external_eye|slit_lamp,0.5.0,2026-08-02,2026-08-02,https://doi.org/10.6084/m9.figshare.32576697.v3,primary_quantity_resolved,2228,images,"Source reports 2,228 slit-lamp photographs.",exact,official_source_description,https://doi.org/10.6084/m9.figshare.32576697.v3,1,0,"[{""count"": 2228, ""evidence_basis"": ""official_source_description"", ""evidence_url"": ""https://doi.org/10.6084/m9.figshare.32576697.v3"", ""exactness"": ""exact"", ""notes"": ""Source-stated quantity; repository file count is separate."", ""primary"": true, ""review_date"": ""2026-08-02"", ""scope"": ""Source reports 2,228 slit-lamp photographs."", ""unit"": ""images""}]",Quantities with different units are not interchangeable. Related records and derivative components may overlap.
smdg,SMDG-19: Standardized Multi-channel Glaucoma Benchmark,fundus,fundus,0.5.0,2026-08-02,2026-08-02,https://www.kaggle.com/datasets/deathtrooper/multichannel-glaucoma-benchmark-dataset,primary_quantity_resolved,12449,images,Primary quantity reported in the reviewed catalog source,not_assessed,legacy_catalog_field,https://www.kaggle.com/datasets/deathtrooper/multichannel-glaucoma-benchmark-dataset,1,0,"[{""count"": 12449, ""evidence_basis"": ""legacy_catalog_field"", ""evidence_url"": ""https://www.kaggle.com/datasets/deathtrooper/multichannel-glaucoma-benchmark-dataset"", ""exactness"": ""not_assessed"", ""notes"": """", ""primary"": true, ""review_date"": ""2026-08-01"", ""scope"": ""Primary quantity reported in the reviewed catalog source"", ""unit"": ""images""}]",Quantities with different units are not interchangeable. Related records and derivative components may overlap.
soul_octa,SOUL: OCTA Human-Machine Collaborative Annotation Dataset,octa,octa|text|tabular,0.5.0,2026-08-02,2026-08-02,https://doi.org/10.6084/m9.figshare.24893358.v3,primary_quantity_resolved,178,longitudinal_samples,Six source-reported longitudinal subsets,exact,official_source_description,https://doi.org/10.6084/m9.figshare.24893358.v3,1,0,"[{""count"": 178, ""evidence_basis"": ""official_source_description"", ""evidence_url"": ""https://doi.org/10.6084/m9.figshare.24893358.v3"", ""exactness"": ""exact"", ""notes"": ""The current archive contains 2,046 JPG assets including raw images and corresponding labels; these are not 2,046 independent samples."", ""primary"": true, ""review_date"": ""2026-08-01"", ""scope"": ""Six source-reported longitudinal subsets"", ""unit"": ""longitudinal_samples""}]",Quantities with different units are not interchangeable. Related records and derivative components may overlap.
spectrosense_pupil_light_exposure,SpectroSense Pupil Light Exposure Dataset,eye_tracking,eye_tracking|pupillometry,0.5.0,2026-08-02,2026-08-02,https://doi.org/10.6084/m9.figshare.28176839.v1,primary_quantity_unresolved,,,,,,,0,0,[],Quantities with different units are not interchangeable. Related records and derivative components may overlap.
stage_task1,STAGE 2023 Task 1 — Mean Deviation Prediction from OCT,oct,oct|visual_field,0.5.0,2026-08-02,2026-08-02,https://aistudio.baidu.com/aistudio/competition/detail/968/0/datasets,primary_quantity_resolved,400,volumes,Primary quantity reported in the reviewed catalog source,not_assessed,legacy_catalog_field,https://aistudio.baidu.com/aistudio/competition/detail/968/0/datasets,1,0,"[{""count"": 400, ""evidence_basis"": ""legacy_catalog_field"", ""evidence_url"": ""https://aistudio.baidu.com/aistudio/competition/detail/968/0/datasets"", ""exactness"": ""not_assessed"", ""notes"": """", ""primary"": true, ""review_date"": ""2026-08-01"", ""scope"": ""Primary quantity reported in the reviewed catalog source"", ""unit"": ""volumes""}]",Quantities with different units are not interchangeable. Related records and derivative components may overlap.
stage_task2,STAGE 2023 Task 2 — Visual Field Sensitivity Map Prediction,oct,oct|visual_field,0.5.0,2026-08-02,2026-08-02,https://aistudio.baidu.com/aistudio/competition/detail/968/0/datasets,primary_quantity_resolved,400,volumes,Primary quantity reported in the reviewed catalog source,not_assessed,legacy_catalog_field,https://aistudio.baidu.com/aistudio/competition/detail/968/0/datasets,1,0,"[{""count"": 400, ""evidence_basis"": ""legacy_catalog_field"", ""evidence_url"": ""https://aistudio.baidu.com/aistudio/competition/detail/968/0/datasets"", ""exactness"": ""not_assessed"", ""notes"": """", ""primary"": true, ""review_date"": ""2026-08-01"", ""scope"": ""Primary quantity reported in the reviewed catalog source"", ""unit"": ""volumes""}]",Quantities with different units are not interchangeable. Related records and derivative components may overlap.
stage_task3,STAGE 2023 Task 3 — Pattern Deviation Probability Map,oct,oct|visual_field,0.5.0,2026-08-02,2026-08-02,https://aistudio.baidu.com/aistudio/competition/detail/968/0/datasets,primary_quantity_resolved,400,volumes,Primary quantity reported in the reviewed catalog source,not_assessed,legacy_catalog_field,https://aistudio.baidu.com/aistudio/competition/detail/968/0/datasets,1,0,"[{""count"": 400, ""evidence_basis"": ""legacy_catalog_field"", ""evidence_url"": ""https://aistudio.baidu.com/aistudio/competition/detail/968/0/datasets"", ""exactness"": ""not_assessed"", ""notes"": """", ""primary"": true, ""review_date"": ""2026-08-01"", ""scope"": ""Primary quantity reported in the reviewed catalog source"", ""unit"": ""volumes""}]",Quantities with different units are not interchangeable. Related records and derivative components may overlap.
stare,STARE: Structured Analysis of the Retina,fundus,fundus,0.5.0,2026-08-02,2026-08-02,https://cecas.clemson.edu/~ahoover/stare/,primary_quantity_resolved,20,images,Primary quantity reported in the reviewed catalog source,not_assessed,legacy_catalog_field,https://cecas.clemson.edu/~ahoover/stare/,1,0,"[{""count"": 20, ""evidence_basis"": ""legacy_catalog_field"", ""evidence_url"": ""https://cecas.clemson.edu/~ahoover/stare/"", ""exactness"": ""not_assessed"", ""notes"": """", ""primary"": true, ""review_date"": ""2026-08-01"", ""scope"": ""Primary quantity reported in the reviewed catalog source"", ""unit"": ""images""}]",Quantities with different units are not interchangeable. Related records and derivative components may overlap.
superccm_fineset,SuperCCM-FineSet,confocal,confocal,0.5.0,2026-08-02,2026-08-02,https://zenodo.org/records/17051148,primary_quantity_resolved,210,images,Restricted fine-segmentation image set,exact,official_source_description,https://zenodo.org/records/17051148,1,0,"[{""count"": 210, ""evidence_basis"": ""official_source_description"", ""evidence_url"": ""https://zenodo.org/records/17051148"", ""exactness"": ""exact"", ""notes"": """", ""primary"": true, ""review_date"": ""2026-08-01"", ""scope"": ""Restricted fine-segmentation image set"", ""unit"": ""images""}]",Quantities with different units are not interchangeable. Related records and derivative components may overlap.
sustech_sysu,SUSTech-SYSU Diabetic Retinopathy + Exudate Dataset,fundus,fundus,0.5.0,2026-08-02,2026-08-02,https://doi.org/10.6084/m9.figshare.12570770,primary_quantity_resolved,1219,images,Primary quantity reported in the reviewed catalog source,not_assessed,legacy_catalog_field,https://doi.org/10.6084/m9.figshare.12570770,1,0,"[{""count"": 1219, ""evidence_basis"": ""legacy_catalog_field"", ""evidence_url"": ""https://doi.org/10.6084/m9.figshare.12570770"", ""exactness"": ""not_assessed"", ""notes"": """", ""primary"": true, ""review_date"": ""2026-08-01"", ""scope"": ""Primary quantity reported in the reviewed catalog source"", ""unit"": ""images""}]",Quantities with different units are not interchangeable. Related records and derivative components may overlap.
sustech_sysu_corneal_ulcers,SUSTech-SYSU Corneal Ulcer Dataset,external_eye,external_eye,0.5.0,2026-08-02,2026-08-02,https://doi.org/10.6084/m9.figshare.10247501.v1,primary_quantity_unresolved,,,,,,,0,0,[],Quantities with different units are not interchangeable. Related records and derivative components may overlap.
syn_oct,SYN-OCT Synthetic Glaucoma OCT Dataset,oct,oct,0.5.0,2026-08-02,2026-08-02,https://doi.org/10.5281/zenodo.17151869,primary_quantity_resolved,200000,images,Primary quantity reported in the reviewed catalog source,not_assessed,legacy_catalog_field,https://doi.org/10.5281/zenodo.17151869,1,0,"[{""count"": 200000, ""evidence_basis"": ""legacy_catalog_field"", ""evidence_url"": ""https://doi.org/10.5281/zenodo.17151869"", ""exactness"": ""not_assessed"", ""notes"": """", ""primary"": true, ""review_date"": ""2026-08-01"", ""scope"": ""Primary quantity reported in the reviewed catalog source"", ""unit"": ""images""}]",Quantities with different units are not interchangeable. Related records and derivative components may overlap.
synthetic_retinal_oct_biomarkers,Synthetic Retinal OCT Biomarker Dataset,oct,oct,0.5.0,2026-08-02,2026-08-02,https://huggingface.co/datasets/serag-ai/Synthetic-Ophthalmology-Images,primary_quantity_unresolved,,,,,,,0,0,[],Quantities with different units are not interchangeable. Related records and derivative components may overlap.
tear_meniscus,Multicentre Tear Meniscus Segmentation Dataset,multimodal,external_eye|infrared,0.5.0,2026-08-02,2026-08-02,https://doi.org/10.6084/m9.figshare.28650536.v2,primary_quantity_resolved,3432,images,Primary quantity reported in the reviewed catalog source,not_assessed,legacy_catalog_field,https://doi.org/10.6084/m9.figshare.28650536.v2,1,0,"[{""count"": 3432, ""evidence_basis"": ""legacy_catalog_field"", ""evidence_url"": ""https://doi.org/10.6084/m9.figshare.28650536.v2"", ""exactness"": ""not_assessed"", ""notes"": """", ""primary"": true, ""review_date"": ""2026-08-01"", ""scope"": ""Primary quantity reported in the reviewed catalog source"", ""unit"": ""images""}]",Quantities with different units are not interchangeable. Related records and derivative components may overlap.
teyed,TEyeD Real-World Eye-Tracking Dataset,eye_tracking,eye_tracking,0.5.0,2026-08-02,2026-08-02,https://arxiv.org/abs/2102.02115,primary_quantity_resolved,20666096,images,Primary quantity reported in the reviewed catalog source,not_assessed,legacy_catalog_field,https://arxiv.org/abs/2102.02115,1,0,"[{""count"": 20666096, ""evidence_basis"": ""legacy_catalog_field"", ""evidence_url"": ""https://arxiv.org/abs/2102.02115"", ""exactness"": ""not_assessed"", ""notes"": """", ""primary"": true, ""review_date"": ""2026-08-01"", ""scope"": ""Primary quantity reported in the reviewed catalog source"", ""unit"": ""images""}]",Quantities with different units are not interchangeable. Related records and derivative components may overlap.
thoct1800,THOCT1800 Retinal OCT Dataset,oct,oct,0.5.0,2026-08-02,2026-08-02,https://github.com/SJD095/OCT-Segmentation,primary_quantity_resolved,1800,images,Primary quantity reported in the reviewed catalog source,not_assessed,legacy_catalog_field,https://github.com/SJD095/OCT-Segmentation,1,0,"[{""count"": 1800, ""evidence_basis"": ""legacy_catalog_field"", ""evidence_url"": ""https://github.com/SJD095/OCT-Segmentation"", ""exactness"": ""not_assessed"", ""notes"": """", ""primary"": true, ""review_date"": ""2026-08-01"", ""scope"": ""Primary quantity reported in the reviewed catalog source"", ""unit"": ""images""}]",Quantities with different units are not interchangeable. Related records and derivative components may overlap.
thyroid_ophthalmopathy_external,Thyroid Ophthalmopathy External Ocular Images,external_eye,external_eye,0.5.0,2026-08-02,2026-08-02,https://data.mendeley.com/datasets/z7ys7r4bdn/2,primary_quantity_unresolved,,,,,,,1,1,"[{""count"": 2, ""evidence_basis"": ""current_deposit_file_listing"", ""evidence_url"": ""https://data.mendeley.com/datasets/z7ys7r4bdn/2"", ""exactness"": ""exact"", ""notes"": ""The source does not report the number of photographs inside dataset.zip."", ""primary"": false, ""review_date"": ""2026-08-01"", ""scope"": ""Artifacts listed by the current Mendeley v2 deposit"", ""unit"": ""deposited_files""}]",Quantities with different units are not interchangeable. Related records and derivative components may overlap.
tian_oct,Tian OCTRIMA 3D OCT Layer Segmentation Dataset,oct,oct,0.5.0,2026-08-02,2026-08-02,https://doi.org/10.1371/journal.pone.0133908.s002,primary_quantity_resolved,10,volumes,Primary quantity reported in the reviewed catalog source,not_assessed,legacy_catalog_field,https://doi.org/10.1371/journal.pone.0133908.s002,1,0,"[{""count"": 10, ""evidence_basis"": ""legacy_catalog_field"", ""evidence_url"": ""https://doi.org/10.1371/journal.pone.0133908.s002"", ""exactness"": ""not_assessed"", ""notes"": """", ""primary"": true, ""review_date"": ""2026-08-01"", ""scope"": ""Primary quantity reported in the reviewed catalog source"", ""unit"": ""volumes""}]",Quantities with different units are not interchangeable. Related records and derivative components may overlap.
tom500,TOM500: Multi-Organ Annotated Orbital MRI Dataset for Thyroid Eye Disease,multimodal,orbital_mri|tabular,0.5.0,2026-08-02,2026-08-02,https://doi.org/10.6084/m9.figshare.27133389.v1,primary_quantity_resolved,500,volumes,Primary quantity reported in the reviewed catalog source,not_assessed,legacy_catalog_field,https://doi.org/10.6084/m9.figshare.27133389.v1,1,0,"[{""count"": 500, ""evidence_basis"": ""legacy_catalog_field"", ""evidence_url"": ""https://doi.org/10.6084/m9.figshare.27133389.v1"", ""exactness"": ""not_assessed"", ""notes"": """", ""primary"": true, ""review_date"": ""2026-08-01"", ""scope"": ""Primary quantity reported in the reviewed catalog source"", ""unit"": ""volumes""}]",Quantities with different units are not interchangeable. Related records and derivative components may overlap.
toxofundus,ToxoFundus: Ocular Toxoplasmosis Fundus Dataset,fundus,fundus,0.5.0,2026-08-02,2026-08-02,https://www.kaggle.com/datasets/nafin59/ocular-toxoplasmosis-fundus-images-dataset,primary_quantity_resolved,412,images,Primary quantity reported in the reviewed catalog source,not_assessed,legacy_catalog_field,https://www.kaggle.com/datasets/nafin59/ocular-toxoplasmosis-fundus-images-dataset,1,0,"[{""count"": 412, ""evidence_basis"": ""legacy_catalog_field"", ""evidence_url"": ""https://www.kaggle.com/datasets/nafin59/ocular-toxoplasmosis-fundus-images-dataset"", ""exactness"": ""not_assessed"", ""notes"": """", ""primary"": true, ""review_date"": ""2026-08-01"", ""scope"": ""Primary quantity reported in the reviewed catalog source"", ""unit"": ""images""}]",Quantities with different units are not interchangeable. Related records and derivative components may overlap.
trend2_fundus,TREND2 Chronic Disease Portable Fundus Dataset,fundus,fundus,0.5.0,2026-08-02,2026-08-02,https://zenodo.org/records/7678656,primary_quantity_resolved,28,images,Primary color fundus images,exact,official_source_description,https://zenodo.org/records/7678656,1,0,"[{""count"": 28, ""evidence_basis"": ""official_source_description"", ""evidence_url"": ""https://zenodo.org/records/7678656"", ""exactness"": ""exact"", ""notes"": """", ""primary"": true, ""review_date"": ""2026-08-01"", ""scope"": ""Primary color fundus images"", ""unit"": ""images""}]",Quantities with different units are not interchangeable. Related records and derivative components may overlap.
trend_fundus,TREND Portable Fundus Microvascular Network Dataset,fundus,fundus,0.5.0,2026-08-02,2026-08-02,https://zenodo.org/records/4521044,primary_quantity_resolved,82,images,Primary quantity reported in the reviewed catalog source,not_assessed,legacy_catalog_field,https://zenodo.org/records/4521044,1,0,"[{""count"": 82, ""evidence_basis"": ""legacy_catalog_field"", ""evidence_url"": ""https://zenodo.org/records/4521044"", ""exactness"": ""not_assessed"", ""notes"": """", ""primary"": true, ""review_date"": ""2026-08-01"", ""scope"": ""Primary quantity reported in the reviewed catalog source"", ""unit"": ""images""}]",Quantities with different units are not interchangeable. Related records and derivative components may overlap.
tsukazaki_uwf,Tsukazaki Hospital UWF Fundus Dataset,uwf_fundus,uwf_fundus,0.5.0,2026-08-02,2026-08-02,https://github.com/DateCazuki/Fundus_Diagnosis,primary_quantity_resolved,13047,images,Primary quantity reported in the reviewed catalog source,not_assessed,legacy_catalog_field,https://github.com/DateCazuki/Fundus_Diagnosis,1,0,"[{""count"": 13047, ""evidence_basis"": ""legacy_catalog_field"", ""evidence_url"": ""https://github.com/DateCazuki/Fundus_Diagnosis"", ""exactness"": ""not_assessed"", ""notes"": """", ""primary"": true, ""review_date"": ""2026-08-01"", ""scope"": ""Primary quantity reported in the reviewed catalog source"", ""unit"": ""images""}]",Quantities with different units are not interchangeable. Related records and derivative components may overlap.
tunisian_retinal_oct_multidisease,Tunisian Retinal OCT Multi-Disease Dataset,oct,oct,0.5.0,2026-08-02,2026-08-02,https://doi.org/10.6084/m9.figshare.31385596.v3,primary_quantity_unresolved,,,,,,,0,0,[],Quantities with different units are not interchangeable. Related records and derivative components may overlap.
ubiris_v2,UBIRIS.v2 Noisy Visible-Wavelength Iris Database,iris_biometrics,iris_biometrics,0.5.0,2026-08-02,2026-08-02,https://iris.di.ubi.pt/index.html,primary_quantity_resolved,11102,images,Primary quantity reported in the reviewed catalog source,not_assessed,legacy_catalog_field,https://iris.di.ubi.pt/index.html,1,0,"[{""count"": 11102, ""evidence_basis"": ""legacy_catalog_field"", ""evidence_url"": ""https://iris.di.ubi.pt/index.html"", ""exactness"": ""not_assessed"", ""notes"": """", ""primary"": true, ""review_date"": ""2026-08-01"", ""scope"": ""Primary quantity reported in the reviewed catalog source"", ""unit"": ""images""}]",Quantities with different units are not interchangeable. Related records and derivative components may overlap.
umn_parhi_oct,UMN Parhi Lab AMD OCT Fluid Segmentation Dataset,oct,oct,0.5.0,2026-08-02,2026-08-02,http://people.ece.umn.edu/users/parhi/.DATA/OCT/DME/UMNDataset.mat,primary_quantity_resolved,600,images,Primary quantity reported in the reviewed catalog source,not_assessed,legacy_catalog_field,http://people.ece.umn.edu/users/parhi/.DATA/OCT/DME/UMNDataset.mat,1,0,"[{""count"": 600, ""evidence_basis"": ""legacy_catalog_field"", ""evidence_url"": ""http://people.ece.umn.edu/users/parhi/.DATA/OCT/DME/UMNDataset.mat"", ""exactness"": ""not_assessed"", ""notes"": """", ""primary"": true, ""review_date"": ""2026-08-01"", ""scope"": ""Primary quantity reported in the reviewed catalog source"", ""unit"": ""images""}]",Quantities with different units are not interchangeable. Related records and derivative components may overlap.
ut_fsocta,UTHealth Fundus and Synthetic OCTA Dataset,multimodal,fundus|octa,0.5.0,2026-08-02,2026-08-02,https://zenodo.org/records/6476639,primary_quantity_resolved,112,participants,Subjects with aligned fundus and en-face OCTA data,exact,official_source_description,https://zenodo.org/records/6476639,4,3,"[{""count"": 112, ""evidence_basis"": ""official_source_description"", ""evidence_url"": ""https://zenodo.org/records/6476639"", ""exactness"": ""exact"", ""notes"": """", ""primary"": true, ""review_date"": ""2026-08-01"", ""scope"": ""Subjects with aligned fundus and en-face OCTA data"", ""unit"": ""participants""}, {""count"": 194, ""evidence_basis"": ""current_deposit_file_listing"", ""evidence_url"": ""https://zenodo.org/records/6476639"", ""exactness"": ""exact"", ""notes"": """", ""primary"": false, ""review_date"": ""2026-08-01"", ""scope"": ""Full-field fundus JPG files in the current archive"", ""unit"": ""images""}, {""count"": 194, ""evidence_basis"": ""current_deposit_file_listing"", ""evidence_url"": ""https://zenodo.org/records/6476639"", ""exactness"": ""exact"", ""notes"": ""Synthetic outputs derive from the fundus images and are not an independent cohort."", ""primary"": false, ""review_date"": ""2026-08-01"", ""scope"": ""Full-field synthetic OCTA PNG files in the current archive"", ""unit"": ""images""}, {""count"": 362, ""evidence_basis"": ""current_deposit_file_listing"", ""evidence_url"": ""https://zenodo.org/records/6476639"", ""exactness"": ""exact"", ""notes"": """", ""primary"": false, ""review_date"": ""2026-08-01"", ""scope"": ""Cropped en-face OCTA PNG files in the current archive"", ""unit"": ""images""}]",Quantities with different units are not interchangeable. Related records and derivative components may overlap.
uveitis_smote,Image Dataset on Eye Diseases Classification with Symptoms and SMOTE Validation,multimodal,external_eye|tabular,0.5.0,2026-08-02,2026-08-02,https://data.mendeley.com/datasets/n9zp473wfw/2,primary_quantity_resolved,3245,images,Primary quantity reported in the reviewed catalog source,not_assessed,legacy_catalog_field,https://data.mendeley.com/datasets/n9zp473wfw/2,1,0,"[{""count"": 3245, ""evidence_basis"": ""legacy_catalog_field"", ""evidence_url"": ""https://data.mendeley.com/datasets/n9zp473wfw/2"", ""exactness"": ""not_assessed"", ""notes"": """", ""primary"": true, ""review_date"": ""2026-08-01"", ""scope"": ""Primary quantity reported in the reviewed catalog source"", ""unit"": ""images""}]",Quantities with different units are not interchangeable. Related records and derivative components may overlap.
uwf_dr,UWF DR Reasoning Dataset,uwf_fundus,uwf_fundus,0.5.0,2026-08-02,2026-08-02,https://drive.google.com/drive/folders/1wOqM-O_amSwMdli4OlFnGpf4hslPgDNu,primary_quantity_resolved,495,images,Primary quantity reported in the reviewed catalog source,not_assessed,legacy_catalog_field,https://drive.google.com/drive/folders/1wOqM-O_amSwMdli4OlFnGpf4hslPgDNu,1,0,"[{""count"": 495, ""evidence_basis"": ""legacy_catalog_field"", ""evidence_url"": ""https://drive.google.com/drive/folders/1wOqM-O_amSwMdli4OlFnGpf4hslPgDNu"", ""exactness"": ""not_assessed"", ""notes"": """", ""primary"": true, ""review_date"": ""2026-08-01"", ""scope"": ""Primary quantity reported in the reviewed catalog source"", ""unit"": ""images""}]",Quantities with different units are not interchangeable. Related records and derivative components may overlap.
uwf_dr_peng,"UWF Fundus DR Dataset (Peng et al., 2026)",uwf_fundus,uwf_fundus,0.5.0,2026-08-02,2026-08-02,https://doi.org/10.6084/m9.figshare.31259494,primary_quantity_resolved,1630,images,Primary quantity reported in the reviewed catalog source,not_assessed,legacy_catalog_field,https://doi.org/10.6084/m9.figshare.31259494,1,0,"[{""count"": 1630, ""evidence_basis"": ""legacy_catalog_field"", ""evidence_url"": ""https://doi.org/10.6084/m9.figshare.31259494"", ""exactness"": ""not_assessed"", ""notes"": """", ""primary"": true, ""review_date"": ""2026-08-01"", ""scope"": ""Primary quantity reported in the reviewed catalog source"", ""unit"": ""images""}]",Quantities with different units are not interchangeable. Related records and derivative components may overlap.
uwf_tumor,UWF Fundus Intraocular Tumor Dataset,uwf_fundus,uwf_fundus,0.5.0,2026-08-02,2026-08-02,https://doi.org/10.6084/m9.figshare.27986258,primary_quantity_resolved,2031,images,Primary quantity reported in the reviewed catalog source,not_assessed,legacy_catalog_field,https://doi.org/10.6084/m9.figshare.27986258,1,0,"[{""count"": 2031, ""evidence_basis"": ""legacy_catalog_field"", ""evidence_url"": ""https://doi.org/10.6084/m9.figshare.27986258"", ""exactness"": ""not_assessed"", ""notes"": """", ""primary"": true, ""review_date"": ""2026-08-01"", ""scope"": ""Primary quantity reported in the reviewed catalog source"", ""unit"": ""images""}]",Quantities with different units are not interchangeable. Related records and derivative components may overlap.
uwf_zhejiang,Open UWF Fundus Dataset with Disease + Quality Labels,uwf_fundus,uwf_fundus,0.5.0,2026-08-02,2026-08-02,https://doi.org/10.6084/m9.figshare.26936446,primary_quantity_resolved,700,images,Primary quantity reported in the reviewed catalog source,not_assessed,legacy_catalog_field,https://doi.org/10.6084/m9.figshare.26936446,1,0,"[{""count"": 700, ""evidence_basis"": ""legacy_catalog_field"", ""evidence_url"": ""https://doi.org/10.6084/m9.figshare.26936446"", ""exactness"": ""not_assessed"", ""notes"": """", ""primary"": true, ""review_date"": ""2026-08-01"", ""scope"": ""Primary quantity reported in the reviewed catalog source"", ""unit"": ""images""}]",Quantities with different units are not interchangeable. Related records and derivative components may overlap.
uwhvf,UWHVF: University of Washington Humphrey Visual Field,visual_field,visual_field,0.5.0,2026-08-02,2026-08-02,https://github.com/uw-biomedical-ml/uwhvf/archive/refs/heads/master.zip,primary_quantity_resolved,28943,visual_field_tests,HFA 24-2 tests,exact,official_source_description,https://github.com/uw-biomedical-ml/uwhvf,1,0,"[{""count"": 28943, ""evidence_basis"": ""official_source_description"", ""evidence_url"": ""https://github.com/uw-biomedical-ml/uwhvf"", ""exactness"": ""exact"", ""notes"": """", ""primary"": true, ""review_date"": ""2026-08-01"", ""scope"": ""HFA 24-2 tests"", ""unit"": ""visual_field_tests""}]",Quantities with different units are not interchangeable. Related records and derivative components may overlap.
vietai_retinal_disease,VietAI Retinal Disease Detection 2020,fundus,fundus,0.5.0,2026-08-02,2026-08-02,https://www.kaggle.com/competitions/vietai-advance-retinal-disease-detection-2020/data,primary_quantity_resolved,3785,images,Primary quantity reported in the reviewed catalog source,not_assessed,legacy_catalog_field,https://www.kaggle.com/competitions/vietai-advance-retinal-disease-detection-2020/data,1,0,"[{""count"": 3785, ""evidence_basis"": ""legacy_catalog_field"", ""evidence_url"": ""https://www.kaggle.com/competitions/vietai-advance-retinal-disease-detection-2020/data"", ""exactness"": ""not_assessed"", ""notes"": """", ""primary"": true, ""review_date"": ""2026-08-01"", ""scope"": ""Primary quantity reported in the reviewed catalog source"", ""unit"": ""images""}]",Quantities with different units are not interchangeable. Related records and derivative components may overlap.
visual_field_test_perception,Visual Field Test Perception Dataset,visual_field,visual_field,0.5.0,2026-08-02,2026-08-02,https://doi.org/10.6084/m9.figshare.12443594.v2,primary_quantity_unresolved,,,,,,,0,0,[],Quantities with different units are not interchangeable. Related records and derivative components may overlap.
visual_field_testing_experiment,Visual Field Testing Experiment,visual_field,visual_field,0.5.0,2026-08-02,2026-08-02,https://www.kaggle.com/datasets/shozosaeki/visual-field-testing-experiment,primary_quantity_resolved,78,visual_fields,Rows and distinct IDs in fields.csv,exact,current_deposit_table,https://www.kaggle.com/datasets/shozosaeki/visual-field-testing-experiment,3,2,"[{""count"": 78, ""evidence_basis"": ""current_deposit_table"", ""evidence_url"": ""https://www.kaggle.com/datasets/shozosaeki/visual-field-testing-experiment"", ""exactness"": ""exact"", ""notes"": """", ""primary"": true, ""review_date"": ""2026-08-01"", ""scope"": ""Rows and distinct IDs in fields.csv"", ""unit"": ""visual_fields""}, {""count"": 15678, ""evidence_basis"": ""current_deposit_table"", ""evidence_url"": ""https://www.kaggle.com/datasets/shozosaeki/visual-field-testing-experiment"", ""exactness"": ""exact"", ""notes"": """", ""primary"": false, ""review_date"": ""2026-08-01"", ""scope"": ""Eye-guided measurement rows in display_results.csv"", ""unit"": ""measurement_rows""}, {""count"": 4212, ""evidence_basis"": ""current_deposit_table"", ""evidence_url"": ""https://www.kaggle.com/datasets/shozosaeki/visual-field-testing-experiment"", ""exactness"": ""exact"", ""notes"": """", ""primary"": false, ""review_date"": ""2026-08-01"", ""scope"": ""Humphrey field-analyzer rows in hfa_results.csv"", ""unit"": ""measurement_rows""}]",Quantities with different units are not interchangeable. Related records and derivative components may overlap.
x_pcr,X-PCR Ophthalmology Progressive Clinical Reasoning Benchmark,multimodal,fundus|fundus_angiography|oct|external_eye|retcam|text,0.5.0,2026-08-02,2026-08-02,https://huggingface.co/datasets/Fantasy666/X-PCR,primary_quantity_resolved,18735,rows,Primary quantity reported in the reviewed catalog source,not_assessed,legacy_catalog_field,https://huggingface.co/datasets/Fantasy666/X-PCR,1,0,"[{""count"": 18735, ""evidence_basis"": ""legacy_catalog_field"", ""evidence_url"": ""https://huggingface.co/datasets/Fantasy666/X-PCR"", ""exactness"": ""not_assessed"", ""notes"": """", ""primary"": true, ""review_date"": ""2026-08-01"", ""scope"": ""Primary quantity reported in the reviewed catalog source"", ""unit"": ""rows""}]",Quantities with different units are not interchangeable. Related records and derivative components may overlap.
