record_id,canonical_name,primary_category,modalities,catalog_version,catalog_search_cutoff,quantity_review_date,official_source_url,primary_quantity_status,primary_count,primary_unit,primary_scope,primary_exactness,primary_evidence_basis,primary_evidence_url,reported_quantity_count,additional_quantity_count,reported_quantities_json,counting_note
acrima,ACRIMA: Glaucoma Optic Disc Fundus Database,fundus,fundus,0.3.0,2026-07-25,2026-08-01,https://figshare.com/s/c2d31f850af14c5b5232,primary_quantity_resolved,705,images,Primary quantity reported in the reviewed catalog source,not_assessed,legacy_catalog_field,https://figshare.com/s/c2d31f850af14c5b5232,1,0,"[{""count"": 705, ""evidence_basis"": ""legacy_catalog_field"", ""evidence_url"": ""https://figshare.com/s/c2d31f850af14c5b5232"", ""exactness"": ""not_assessed"", ""notes"": """", ""primary"": true, ""review_date"": ""2026-08-01"", ""scope"": ""Primary quantity reported in the reviewed catalog source"", ""unit"": ""images""}]",Quantities with different units are not interchangeable. Related records and derivative components may overlap.
adam_challenge,ADAM — Automatic Detection of AMD Challenge,fundus,fundus,0.3.0,2026-07-25,2026-08-01,https://drive.google.com/file/d/1Uz5x0aqXb0aecjzNWQ4522oCxaRDZxBt/view,primary_quantity_resolved,1200,images,Primary quantity reported in the reviewed catalog source,not_assessed,legacy_catalog_field,https://drive.google.com/file/d/1Uz5x0aqXb0aecjzNWQ4522oCxaRDZxBt/view,1,0,"[{""count"": 1200, ""evidence_basis"": ""legacy_catalog_field"", ""evidence_url"": ""https://drive.google.com/file/d/1Uz5x0aqXb0aecjzNWQ4522oCxaRDZxBt/view"", ""exactness"": ""not_assessed"", ""notes"": """", ""primary"": true, ""review_date"": ""2026-08-01"", ""scope"": ""Primary quantity reported in the reviewed catalog source"", ""unit"": ""images""}]",Quantities with different units are not interchangeable. Related records and derivative components may overlap.
afio_fundus_vessels,AFIO Fundus Images for Vessel Segmentation and Disease Annotation,fundus,fundus,0.3.0,2026-07-25,2026-08-01,https://data.mendeley.com/datasets/3csr652p9y/2,primary_quantity_resolved,100,images,Primary quantity reported in the reviewed catalog source,not_assessed,legacy_catalog_field,https://data.mendeley.com/datasets/3csr652p9y/2,1,0,"[{""count"": 100, ""evidence_basis"": ""legacy_catalog_field"", ""evidence_url"": ""https://data.mendeley.com/datasets/3csr652p9y/2"", ""exactness"": ""not_assessed"", ""notes"": """", ""primary"": true, ""review_date"": ""2026-08-01"", ""scope"": ""Primary quantity reported in the reviewed catalog source"", ""unit"": ""images""}]",Quantities with different units are not interchangeable. Related records and derivative components may overlap.
agar300,AGAR300 Microaneurysm Fundus Image Dataset,fundus,fundus,0.3.0,2026-07-25,2026-08-01,https://ieee-dataport.org/open-access/diabetic-retinopathy-fundus-image-datasetagar300,primary_quantity_resolved,28,images,Primary quantity reported in the reviewed catalog source,not_assessed,legacy_catalog_field,https://ieee-dataport.org/open-access/diabetic-retinopathy-fundus-image-datasetagar300,1,0,"[{""count"": 28, ""evidence_basis"": ""legacy_catalog_field"", ""evidence_url"": ""https://ieee-dataport.org/open-access/diabetic-retinopathy-fundus-image-datasetagar300"", ""exactness"": ""not_assessed"", ""notes"": """", ""primary"": true, ""review_date"": ""2026-08-01"", ""scope"": ""Primary quantity reported in the reviewed catalog source"", ""unit"": ""images""}]",Quantities with different units are not interchangeable. Related records and derivative components may overlap.
age_challenge,AGE — Angle-Closure Glaucoma Evaluation Challenge (AS-OCT),oct,oct,0.3.0,2026-07-25,2026-08-01,https://drive.google.com/file/d/1Qlkqj74SW8DJRKdYL_-ApC_0H5Z7uyvr/view,primary_quantity_resolved,4800,images,Primary quantity reported in the reviewed catalog source,not_assessed,legacy_catalog_field,https://drive.google.com/file/d/1Qlkqj74SW8DJRKdYL_-ApC_0H5Z7uyvr/view,1,0,"[{""count"": 4800, ""evidence_basis"": ""legacy_catalog_field"", ""evidence_url"": ""https://drive.google.com/file/d/1Qlkqj74SW8DJRKdYL_-ApC_0H5Z7uyvr/view"", ""exactness"": ""not_assessed"", ""notes"": """", ""primary"": true, ""review_date"": ""2026-08-01"", ""scope"": ""Primary quantity reported in the reviewed catalog source"", ""unit"": ""images""}]",Quantities with different units are not interchangeable. Related records and derivative components may overlap.
airogs,AIROGS: AI for Robust Glaucoma Screening,fundus,fundus,0.3.0,2026-07-25,2026-08-01,https://zenodo.org/records/5793241,primary_quantity_resolved,113893,images,Primary quantity reported in the reviewed catalog source,not_assessed,legacy_catalog_field,https://zenodo.org/records/5793241,1,0,"[{""count"": 113893, ""evidence_basis"": ""legacy_catalog_field"", ""evidence_url"": ""https://zenodo.org/records/5793241"", ""exactness"": ""not_assessed"", ""notes"": """", ""primary"": true, ""review_date"": ""2026-08-01"", ""scope"": ""Primary quantity reported in the reviewed catalog source"", ""unit"": ""images""}]",Quantities with different units are not interchangeable. Related records and derivative components may overlap.
amd_dme_3d_oct,Comprehensive 3D OCT Dataset for AMD and DME,oct,oct,0.3.0,2026-07-25,2026-08-01,https://doi.org/10.6084/m9.figshare.30582035.v1,primary_quantity_resolved,224,volumes,Primary quantity reported in the reviewed catalog source,not_assessed,legacy_catalog_field,https://doi.org/10.6084/m9.figshare.30582035.v1,1,0,"[{""count"": 224, ""evidence_basis"": ""legacy_catalog_field"", ""evidence_url"": ""https://doi.org/10.6084/m9.figshare.30582035.v1"", ""exactness"": ""not_assessed"", ""notes"": """", ""primary"": true, ""review_date"": ""2026-08-01"", ""scope"": ""Primary quantity reported in the reviewed catalog source"", ""unit"": ""volumes""}]",Quantities with different units are not interchangeable. Related records and derivative components may overlap.
amd_sd,AMD-SD: OCT Wet AMD Lesion Segmentation Dataset,oct,oct,0.3.0,2026-07-25,2026-08-01,https://www.kaggle.com/datasets/gaoweihao/amd-sd,primary_quantity_resolved,3049,images,Primary quantity reported in the reviewed catalog source,not_assessed,legacy_catalog_field,https://www.kaggle.com/datasets/gaoweihao/amd-sd,1,0,"[{""count"": 3049, ""evidence_basis"": ""legacy_catalog_field"", ""evidence_url"": ""https://www.kaggle.com/datasets/gaoweihao/amd-sd"", ""exactness"": ""not_assessed"", ""notes"": """", ""primary"": true, ""review_date"": ""2026-08-01"", ""scope"": ""Primary quantity reported in the reviewed catalog source"", ""unit"": ""images""}]",Quantities with different units are not interchangeable. Related records and derivative components may overlap.
amdnet23,AMDNet23 Fundus Image Dataset for AMD Detection,fundus,fundus,0.3.0,2026-07-25,2026-08-01,https://data.mendeley.com/datasets/yj35kjgrv3/1,primary_quantity_resolved,2000,images,Primary quantity reported in the reviewed catalog source,not_assessed,legacy_catalog_field,https://data.mendeley.com/datasets/yj35kjgrv3/1,1,0,"[{""count"": 2000, ""evidence_basis"": ""legacy_catalog_field"", ""evidence_url"": ""https://data.mendeley.com/datasets/yj35kjgrv3/1"", ""exactness"": ""not_assessed"", ""notes"": """", ""primary"": true, ""review_date"": ""2026-08-01"", ""scope"": ""Primary quantity reported in the reviewed catalog source"", ""unit"": ""images""}]",Quantities with different units are not interchangeable. Related records and derivative components may overlap.
angioreport,AngioReport Fundus Angiography Report Dataset,multimodal,fundus|fundus_angiography|text,0.3.0,2026-07-25,2026-08-01,https://tianchi.aliyun.com/dataset/170128,primary_quantity_resolved,55361,images,Primary quantity reported in the reviewed catalog source,not_assessed,legacy_catalog_field,https://tianchi.aliyun.com/dataset/170128,1,0,"[{""count"": 55361, ""evidence_basis"": ""legacy_catalog_field"", ""evidence_url"": ""https://tianchi.aliyun.com/dataset/170128"", ""exactness"": ""not_assessed"", ""notes"": """", ""primary"": true, ""review_date"": ""2026-08-01"", ""scope"": ""Primary quantity reported in the reviewed catalog source"", ""unit"": ""images""}]",Quantities with different units are not interchangeable. Related records and derivative components may overlap.
anterior_segment_smile,Anterior Segment Parameters After SMILE Surgery,tabular,tabular,0.3.0,2026-07-25,2026-08-01,https://data.mendeley.com/datasets/vkdxsnhkrm/1,primary_quantity_resolved,69,eyes,Source-described cohort: 69 eyes from 35 participants,exact,associated_publication,https://doi.org/10.21203/rs.3.rs-8639765/v1,2,1,"[{""count"": 69, ""evidence_basis"": ""associated_publication"", ""evidence_url"": ""https://doi.org/10.21203/rs.3.rs-8639765/v1"", ""exactness"": ""exact"", ""notes"": ""The current Mendeley v1 deposit does not expose an enumerable row count."", ""primary"": true, ""review_date"": ""2026-08-01"", ""scope"": ""Source-described cohort: 69 eyes from 35 participants"", ""unit"": ""eyes""}, {""count"": 35, ""evidence_basis"": ""associated_publication"", ""evidence_url"": ""https://doi.org/10.21203/rs.3.rs-8639765/v1"", ""exactness"": ""exact"", ""notes"": """", ""primary"": false, ""review_date"": ""2026-08-01"", ""scope"": ""Source-described cohort"", ""unit"": ""participants""}]",Quantities with different units are not interchangeable. Related records and derivative components may overlap.
aod,AOD: Augmented Ocular Diseases Dataset,fundus,fundus,0.3.0,2026-07-25,2026-08-01,https://www.kaggle.com/datasets/nurmukhammed7/augemnted-ocular-diseases,primary_quantity_resolved,14813,images,Primary quantity reported in the reviewed catalog source,not_assessed,legacy_catalog_field,https://www.kaggle.com/datasets/nurmukhammed7/augemnted-ocular-diseases,1,0,"[{""count"": 14813, ""evidence_basis"": ""legacy_catalog_field"", ""evidence_url"": ""https://www.kaggle.com/datasets/nurmukhammed7/augemnted-ocular-diseases"", ""exactness"": ""not_assessed"", ""notes"": """", ""primary"": true, ""review_date"": ""2026-08-01"", ""scope"": ""Primary quantity reported in the reviewed catalog source"", ""unit"": ""images""}]",Quantities with different units are not interchangeable. Related records and derivative components may overlap.
aptos2019,APTOS 2019 Blindness Detection,fundus,fundus,0.3.0,2026-07-25,2026-08-01,https://www.kaggle.com/c/aptos2019-blindness-detection,primary_quantity_resolved,3662,images,Primary quantity reported in the reviewed catalog source,not_assessed,legacy_catalog_field,https://www.kaggle.com/c/aptos2019-blindness-detection,1,0,"[{""count"": 3662, ""evidence_basis"": ""legacy_catalog_field"", ""evidence_url"": ""https://www.kaggle.com/c/aptos2019-blindness-detection"", ""exactness"": ""not_assessed"", ""notes"": """", ""primary"": true, ""review_date"": ""2026-08-01"", ""scope"": ""Primary quantity reported in the reviewed catalog source"", ""unit"": ""images""}]",Quantities with different units are not interchangeable. Related records and derivative components may overlap.
aptos_arcade_onh_masks,APTOS Vascular Arcade and Optic Nerve Head Masks,fundus,fundus,0.3.0,2026-07-25,2026-08-01,https://zenodo.org/records/20711325,primary_quantity_resolved,500,images,Primary quantity reported in the reviewed catalog source,not_assessed,legacy_catalog_field,https://zenodo.org/records/20711325,1,0,"[{""count"": 500, ""evidence_basis"": ""legacy_catalog_field"", ""evidence_url"": ""https://zenodo.org/records/20711325"", ""exactness"": ""not_assessed"", ""notes"": """", ""primary"": true, ""review_date"": ""2026-08-01"", ""scope"": ""Primary quantity reported in the reviewed catalog source"", ""unit"": ""images""}]",Quantities with different units are not interchangeable. Related records and derivative components may overlap.
aroi,AROI: Annotated Retinal OCT Images Database,oct,oct,0.3.0,2026-07-25,2026-08-01,https://drive.google.com/file/d/10Ys4xsw81evjHewZEvqHy4Kri0my8C2S/view,primary_quantity_resolved,1136,images,Primary quantity reported in the reviewed catalog source,not_assessed,legacy_catalog_field,https://drive.google.com/file/d/10Ys4xsw81evjHewZEvqHy4Kri0my8C2S/view,1,0,"[{""count"": 1136, ""evidence_basis"": ""legacy_catalog_field"", ""evidence_url"": ""https://drive.google.com/file/d/10Ys4xsw81evjHewZEvqHy4Kri0my8C2S/view"", ""exactness"": ""not_assessed"", ""notes"": """", ""primary"": true, ""review_date"": ""2026-08-01"", ""scope"": ""Primary quantity reported in the reviewed catalog source"", ""unit"": ""images""}]",Quantities with different units are not interchangeable. Related records and derivative components may overlap.
aroma_octa,AROMA Retinal OCTA Artifact Dataset,octa,octa,0.3.0,2026-07-25,2026-08-01,https://doi.org/10.5281/zenodo.18258095,primary_quantity_resolved,281,images,Primary quantity reported in the reviewed catalog source,not_assessed,legacy_catalog_field,https://doi.org/10.5281/zenodo.18258095,1,0,"[{""count"": 281, ""evidence_basis"": ""legacy_catalog_field"", ""evidence_url"": ""https://doi.org/10.5281/zenodo.18258095"", ""exactness"": ""not_assessed"", ""notes"": """", ""primary"": true, ""review_date"": ""2026-08-01"", ""scope"": ""Primary quantity reported in the reviewed catalog source"", ""unit"": ""images""}]",Quantities with different units are not interchangeable. Related records and derivative components may overlap.
as_oct_keratitis,AS-OCT Keratitis Segmentation Dataset,oct,oct,0.3.0,2026-07-25,2026-08-01,https://doi.org/10.6084/m9.figshare.c.7036994.v1,primary_quantity_resolved,1168,images,Primary quantity reported in the reviewed catalog source,not_assessed,legacy_catalog_field,https://doi.org/10.6084/m9.figshare.c.7036994.v1,1,0,"[{""count"": 1168, ""evidence_basis"": ""legacy_catalog_field"", ""evidence_url"": ""https://doi.org/10.6084/m9.figshare.c.7036994.v1"", ""exactness"": ""not_assessed"", ""notes"": """", ""primary"": true, ""review_date"": ""2026-08-01"", ""scope"": ""Primary quantity reported in the reviewed catalog source"", ""unit"": ""images""}]",Quantities with different units are not interchangeable. Related records and derivative components may overlap.
bajwa_multi_eye,Bajwa Hospital Multi Eye Disease Dataset,fundus,fundus,0.3.0,2026-07-25,2026-08-01,https://data.mendeley.com/datasets/rgwpd4m785/3,primary_quantity_resolved,300,images,Four-class image collection,exact,official_source_description,https://data.mendeley.com/datasets/rgwpd4m785/3,1,0,"[{""count"": 300, ""evidence_basis"": ""official_source_description"", ""evidence_url"": ""https://data.mendeley.com/datasets/rgwpd4m785/3"", ""exactness"": ""exact"", ""notes"": """", ""primary"": true, ""review_date"": ""2026-08-01"", ""scope"": ""Four-class image collection"", ""unit"": ""images""}]",Quantities with different units are not interchangeable. Related records and derivative components may overlap.
beh,BEH: Bangladesh Eye Hospital Glaucoma Dataset,fundus,fundus,0.3.0,2026-07-25,2026-08-01,https://drive.google.com/file/d/1YdZm-sioiAbTdBRy4oej1q6tZL8Baft7,primary_quantity_resolved,634,images,Primary quantity reported in the reviewed catalog source,not_assessed,legacy_catalog_field,https://drive.google.com/file/d/1YdZm-sioiAbTdBRy4oej1q6tZL8Baft7,1,0,"[{""count"": 634, ""evidence_basis"": ""legacy_catalog_field"", ""evidence_url"": ""https://drive.google.com/file/d/1YdZm-sioiAbTdBRy4oej1q6tZL8Baft7"", ""exactness"": ""not_assessed"", ""notes"": """", ""primary"": true, ""review_date"": ""2026-08-01"", ""scope"": ""Primary quantity reported in the reviewed catalog source"", ""unit"": ""images""}]",Quantities with different units are not interchangeable. Related records and derivative components may overlap.
belo,BELO Benchmark for Evaluating Language Models in Ophthalmology,text,text,0.3.0,2026-07-25,2026-08-01,https://belo-dataset.vercel.app/,primary_quantity_resolved,900,questions,Held-out multiple-choice benchmark,exact,official_source_description,https://belo-dataset.vercel.app/,1,0,"[{""count"": 900, ""evidence_basis"": ""official_source_description"", ""evidence_url"": ""https://belo-dataset.vercel.app/"", ""exactness"": ""exact"", ""notes"": """", ""primary"": true, ""review_date"": ""2026-08-01"", ""scope"": ""Held-out multiple-choice benchmark"", ""unit"": ""questions""}]",Quantities with different units are not interchangeable. Related records and derivative components may overlap.
bidr,BiDR: Diabetic Retinopathy Diagnosis Dataset,fundus,fundus,0.3.0,2026-07-25,2026-08-01,https://www.kaggle.com/datasets/pkdarabi/diagnosis-of-diabetic-retinopathy,primary_quantity_resolved,35126,images,Primary quantity reported in the reviewed catalog source,not_assessed,legacy_catalog_field,https://www.kaggle.com/datasets/pkdarabi/diagnosis-of-diabetic-retinopathy,1,0,"[{""count"": 35126, ""evidence_basis"": ""legacy_catalog_field"", ""evidence_url"": ""https://www.kaggle.com/datasets/pkdarabi/diagnosis-of-diabetic-retinopathy"", ""exactness"": ""not_assessed"", ""notes"": """", ""primary"": true, ""review_date"": ""2026-08-01"", ""scope"": ""Primary quantity reported in the reviewed catalog source"", ""unit"": ""images""}]",Quantities with different units are not interchangeable. Related records and derivative components may overlap.
birdshot_wide,Birdshot-WIDE Widefield Fundus Dataset,uwf_fundus,uwf_fundus,0.3.0,2026-07-25,2026-08-01,https://doi.org/10.5281/zenodo.19474623,primary_quantity_resolved,6352,images,Primary quantity reported in the reviewed catalog source,not_assessed,legacy_catalog_field,https://doi.org/10.5281/zenodo.19474623,1,0,"[{""count"": 6352, ""evidence_basis"": ""legacy_catalog_field"", ""evidence_url"": ""https://doi.org/10.5281/zenodo.19474623"", ""exactness"": ""not_assessed"", ""notes"": """", ""primary"": true, ""review_date"": ""2026-08-01"", ""scope"": ""Primary quantity reported in the reviewed catalog source"", ""unit"": ""images""}]",Quantities with different units are not interchangeable. Related records and derivative components may overlap.
bmrd,Bangladesh Multi-Disease Retinal Dataset,fundus,fundus,0.3.0,2026-07-25,2026-08-01,https://data.mendeley.com/datasets/959whsbc6v/1,primary_quantity_resolved,1786,images,Primary quantity reported in the reviewed catalog source,not_assessed,legacy_catalog_field,https://data.mendeley.com/datasets/959whsbc6v/1,1,0,"[{""count"": 1786, ""evidence_basis"": ""legacy_catalog_field"", ""evidence_url"": ""https://data.mendeley.com/datasets/959whsbc6v/1"", ""exactness"": ""not_assessed"", ""notes"": """", ""primary"": true, ""review_date"": ""2026-08-01"", ""scope"": ""Primary quantity reported in the reviewed catalog source"", ""unit"": ""images""}]",Quantities with different units are not interchangeable. Related records and derivative components may overlap.
brset,BRSET: Brazilian Multilabel Ophthalmological Dataset,fundus,fundus,0.3.0,2026-07-25,2026-08-01,https://physionet.org/content/brazilian-ophthalmological/1.0.1/,primary_quantity_resolved,16266,images,Primary quantity reported in the reviewed catalog source,not_assessed,legacy_catalog_field,https://physionet.org/content/brazilian-ophthalmological/1.0.1/,1,0,"[{""count"": 16266, ""evidence_basis"": ""legacy_catalog_field"", ""evidence_url"": ""https://physionet.org/content/brazilian-ophthalmological/1.0.1/"", ""exactness"": ""not_assessed"", ""notes"": """", ""primary"": true, ""review_date"": ""2026-08-01"", ""scope"": ""Primary quantity reported in the reviewed catalog source"", ""unit"": ""images""}]",Quantities with different units are not interchangeable. Related records and derivative components may overlap.
brset_mbrset_embeddings,Embedding-Based Representations for BRSET and mBRSET,tabular,tabular,0.3.0,2026-07-25,2026-08-01,https://physionet.org/content/embedding-brset-mbrset/1.0.0/,primary_quantity_resolved,53188,embedding_vectors,Rows across six model-specific CSV files,exact,derived_from_reported_components,https://physionet.org/content/embedding-brset-mbrset/1.0.0/,2,1,"[{""count"": 53188, ""evidence_basis"": ""derived_from_reported_components"", ""evidence_url"": ""https://physionet.org/content/embedding-brset-mbrset/1.0.0/"", ""exactness"": ""exact"", ""notes"": ""Two BRSET files contain 16,266 rows each and four mBRSET files contain 5,164 rows each."", ""primary"": true, ""review_date"": ""2026-08-01"", ""scope"": ""Rows across six model-specific CSV files"", ""unit"": ""embedding_vectors""}, {""count"": 21430, ""evidence_basis"": ""derived_from_reported_components"", ""evidence_url"": ""https://physionet.org/content/embedding-brset-mbrset/1.0.0/"", ""exactness"": ""exact"", ""notes"": ""This is 16,266 BRSET plus 5,164 mBRSET images; it is not a new image cohort."", ""primary"": false, ""review_date"": ""2026-08-01"", ""scope"": ""Distinct parent images represented by at least one embedding"", ""unit"": ""images""}]",Quantities with different units are not interchangeable. Related records and derivative components may overlap.
cadis,CaDIS: Cataract Dataset for Image Segmentation,surgical_video,surgical_video,0.3.0,2026-07-25,2026-08-01,https://cataracts-semantic-segmentation2020.grand-challenge.org/,primary_quantity_resolved,4670,images,Primary quantity reported in the reviewed catalog source,not_assessed,legacy_catalog_field,https://cataracts-semantic-segmentation2020.grand-challenge.org/,1,0,"[{""count"": 4670, ""evidence_basis"": ""legacy_catalog_field"", ""evidence_url"": ""https://cataracts-semantic-segmentation2020.grand-challenge.org/"", ""exactness"": ""not_assessed"", ""notes"": """", ""primary"": true, ""review_date"": ""2026-08-01"", ""scope"": ""Primary quantity reported in the reviewed catalog source"", ""unit"": ""images""}]",Quantities with different units are not interchangeable. Related records and derivative components may overlap.
casia_iris_v4,CASIA-IrisV4 Iris Image Database,iris_biometrics,iris_biometrics,0.3.0,2026-07-25,2026-08-01,https://hycasia.github.io/dataset/casia-irisv4/,primary_quantity_resolved,54601,images,Six CASIA-IrisV4 subsets,exact,official_source_description,https://hycasia.github.io/dataset/casia-irisv4/,1,0,"[{""count"": 54601, ""evidence_basis"": ""official_source_description"", ""evidence_url"": ""https://hycasia.github.io/dataset/casia-irisv4/"", ""exactness"": ""exact"", ""notes"": """", ""primary"": true, ""review_date"": ""2026-08-01"", ""scope"": ""Six CASIA-IrisV4 subsets"", ""unit"": ""images""}]",Quantities with different units are not interchangeable. Related records and derivative components may overlap.
cataract,Cataract Fundus Classification Dataset,fundus,fundus,0.3.0,2026-07-25,2026-08-01,https://www.kaggle.com/datasets/jr2ngb/cataractdataset,primary_quantity_resolved,601,images,Primary quantity reported in the reviewed catalog source,not_assessed,legacy_catalog_field,https://www.kaggle.com/datasets/jr2ngb/cataractdataset,1,0,"[{""count"": 601, ""evidence_basis"": ""legacy_catalog_field"", ""evidence_url"": ""https://www.kaggle.com/datasets/jr2ngb/cataractdataset"", ""exactness"": ""not_assessed"", ""notes"": """", ""primary"": true, ""review_date"": ""2026-08-01"", ""scope"": ""Primary quantity reported in the reviewed catalog source"", ""unit"": ""images""}]",Quantities with different units are not interchangeable. Related records and derivative components may overlap.
cataract101_extended_labels,Cataract-101 Extended Labels,surgical_video,surgical_video,0.3.0,2026-07-25,2026-08-01,https://zenodo.org/records/4984167,primary_quantity_resolved,101,videos,Cataract-101 videos receiving extended labels,exact,official_source_description,https://zenodo.org/records/4984167,1,0,"[{""count"": 101, ""evidence_basis"": ""official_source_description"", ""evidence_url"": ""https://zenodo.org/records/4984167"", ""exactness"": ""exact"", ""notes"": """", ""primary"": true, ""review_date"": ""2026-08-01"", ""scope"": ""Cataract-101 videos receiving extended labels"", ""unit"": ""videos""}]",Quantities with different units are not interchangeable. Related records and derivative components may overlap.
cataract1k,Cataract-1K: Large-Scale Cataract Surgery Video Dataset,surgical_video,surgical_video,0.3.0,2026-07-25,2026-08-01,https://www.synapse.org/#!Synapse:syn53404917,primary_quantity_resolved,1000,videos,Primary quantity reported in the reviewed catalog source,not_assessed,legacy_catalog_field,https://www.synapse.org/#!Synapse:syn53404917,1,0,"[{""count"": 1000, ""evidence_basis"": ""legacy_catalog_field"", ""evidence_url"": ""https://www.synapse.org/#!Synapse:syn53404917"", ""exactness"": ""not_assessed"", ""notes"": """", ""primary"": true, ""review_date"": ""2026-08-01"", ""scope"": ""Primary quantity reported in the reviewed catalog source"", ""unit"": ""videos""}]",Quantities with different units are not interchangeable. Related records and derivative components may overlap.
cataract_101,Cataract-101: 101 Cataract Surgery Videos with Phase Annotations,surgical_video,surgical_video,0.3.0,2026-07-25,2026-08-01,https://ftp.itec.aau.at/datasets/ovid/cat-101/,primary_quantity_resolved,101,videos,Primary quantity reported in the reviewed catalog source,not_assessed,legacy_catalog_field,https://ftp.itec.aau.at/datasets/ovid/cat-101/,1,0,"[{""count"": 101, ""evidence_basis"": ""legacy_catalog_field"", ""evidence_url"": ""https://ftp.itec.aau.at/datasets/ovid/cat-101/"", ""exactness"": ""not_assessed"", ""notes"": """", ""primary"": true, ""review_date"": ""2026-08-01"", ""scope"": ""Primary quantity reported in the reviewed catalog source"", ""unit"": ""videos""}]",Quantities with different units are not interchangeable. Related records and derivative components may overlap.
cataract_lmm,Cataract-LMM: Large-Scale Multi-Source Multi-Task Cataract Surgery Benchmark,surgical_video,surgical_video,0.3.0,2026-07-25,2026-08-01,https://huggingface.co/datasets/mjahmadi/Cataract-LMM,primary_quantity_resolved,3000,videos,Primary quantity reported in the reviewed catalog source,not_assessed,legacy_catalog_field,https://huggingface.co/datasets/mjahmadi/Cataract-LMM,1,0,"[{""count"": 3000, ""evidence_basis"": ""legacy_catalog_field"", ""evidence_url"": ""https://huggingface.co/datasets/mjahmadi/Cataract-LMM"", ""exactness"": ""not_assessed"", ""notes"": """", ""primary"": true, ""review_date"": ""2026-08-01"", ""scope"": ""Primary quantity reported in the reviewed catalog source"", ""unit"": ""videos""}]",Quantities with different units are not interchangeable. Related records and derivative components may overlap.
cataracts2017,CATARACTS 2017: Surgical Tool Detection Challenge,surgical_video,surgical_video,0.3.0,2026-07-25,2026-08-01,https://ieee-dataport.org/open-access/cataracts,primary_quantity_resolved,50,videos,Primary quantity reported in the reviewed catalog source,not_assessed,legacy_catalog_field,https://ieee-dataport.org/open-access/cataracts,1,0,"[{""count"": 50, ""evidence_basis"": ""legacy_catalog_field"", ""evidence_url"": ""https://ieee-dataport.org/open-access/cataracts"", ""exactness"": ""not_assessed"", ""notes"": """", ""primary"": true, ""review_date"": ""2026-08-01"", ""scope"": ""Primary quantity reported in the reviewed catalog source"", ""unit"": ""videos""}]",Quantities with different units are not interchangeable. Related records and derivative components may overlap.
cavri,CAVRI: Computer Analysis of VitreoRetinal Interface Dataset,oct,oct,0.3.0,2026-07-25,2026-08-01,https://dsp.put.poznan.pl/cavri_database-191/,primary_quantity_resolved,50,volumes,Primary quantity reported in the reviewed catalog source,not_assessed,legacy_catalog_field,https://dsp.put.poznan.pl/cavri_database-191/,1,0,"[{""count"": 50, ""evidence_basis"": ""legacy_catalog_field"", ""evidence_url"": ""https://dsp.put.poznan.pl/cavri_database-191/"", ""exactness"": ""not_assessed"", ""notes"": """", ""primary"": true, ""review_date"": ""2026-08-01"", ""scope"": ""Primary quantity reported in the reviewed catalog source"", ""unit"": ""volumes""}]",Quantities with different units are not interchangeable. Related records and derivative components may overlap.
chaksu,CHAKSU: Multi-Device Glaucoma Fundus Dataset,fundus,fundus,0.3.0,2026-07-25,2026-08-01,https://doi.org/10.6084/m9.figshare.20123135,primary_quantity_resolved,1345,images,Primary quantity reported in the reviewed catalog source,not_assessed,legacy_catalog_field,https://doi.org/10.6084/m9.figshare.20123135,1,0,"[{""count"": 1345, ""evidence_basis"": ""legacy_catalog_field"", ""evidence_url"": ""https://doi.org/10.6084/m9.figshare.20123135"", ""exactness"": ""not_assessed"", ""notes"": """", ""primary"": true, ""review_date"": ""2026-08-01"", ""scope"": ""Primary quantity reported in the reviewed catalog source"", ""unit"": ""images""}]",Quantities with different units are not interchangeable. Related records and derivative components may overlap.
chase_db1,CHASE_DB1: Child Heart and Health Study in England,fundus,fundus,0.3.0,2026-07-25,2026-08-01,https://researchinnovation.kingston.ac.uk/en/datasets/chasedb1-retinal-vessel-reference-dataset-4/,primary_quantity_resolved,28,images,Primary quantity reported in the reviewed catalog source,not_assessed,legacy_catalog_field,https://researchinnovation.kingston.ac.uk/en/datasets/chasedb1-retinal-vessel-reference-dataset-4/,1,0,"[{""count"": 28, ""evidence_basis"": ""legacy_catalog_field"", ""evidence_url"": ""https://researchinnovation.kingston.ac.uk/en/datasets/chasedb1-retinal-vessel-reference-dataset-4/"", ""exactness"": ""not_assessed"", ""notes"": """", ""primary"": true, ""review_date"": ""2026-08-01"", ""scope"": ""Primary quantity reported in the reviewed catalog source"", ""unit"": ""images""}]",Quantities with different units are not interchangeable. Related records and derivative components may overlap.
chronic_corneal_disorders,Chronic Corneal Disorders Clinical Dataset,tabular,tabular,0.3.0,2026-07-25,2026-08-01,https://data.mendeley.com/datasets/mcwv6thk8m/1,primary_quantity_resolved,332,participants,Primary quantity reported in the reviewed catalog source,not_assessed,legacy_catalog_field,https://data.mendeley.com/datasets/mcwv6thk8m/1,1,0,"[{""count"": 332, ""evidence_basis"": ""legacy_catalog_field"", ""evidence_url"": ""https://data.mendeley.com/datasets/mcwv6thk8m/1"", ""exactness"": ""not_assessed"", ""notes"": """", ""primary"": true, ""review_date"": ""2026-08-01"", ""scope"": ""Primary quantity reported in the reviewed catalog source"", ""unit"": ""participants""}]",Quantities with different units are not interchangeable. Related records and derivative components may overlap.
coph100,COph100: Comprehensive Infant Fundus Image Registration Dataset (RIDIRP),fundus,fundus,0.3.0,2026-07-25,2026-08-01,https://doi.org/10.6084/m9.figshare.27061084.v1,primary_quantity_resolved,491,image_pairs,Registered infant fundus pairs,exact,official_source_description,https://doi.org/10.6084/m9.figshare.27061084.v1,3,2,"[{""count"": 491, ""evidence_basis"": ""official_source_description"", ""evidence_url"": ""https://doi.org/10.6084/m9.figshare.27061084.v1"", ""exactness"": ""exact"", ""notes"": """", ""primary"": true, ""review_date"": ""2026-08-01"", ""scope"": ""Registered infant fundus pairs"", ""unit"": ""image_pairs""}, {""count"": 982, ""evidence_basis"": ""derived_from_reported_components"", ""evidence_url"": ""https://doi.org/10.6084/m9.figshare.27061084.v1"", ""exactness"": ""exact"", ""notes"": """", ""primary"": false, ""review_date"": ""2026-08-01"", ""scope"": ""Images participating in 491 pairs"", ""unit"": ""images""}, {""count"": 100, ""evidence_basis"": ""official_source_description"", ""evidence_url"": ""https://doi.org/10.6084/m9.figshare.27061084.v1"", ""exactness"": ""exact"", ""notes"": """", ""primary"": false, ""review_date"": ""2026-08-01"", ""scope"": ""Source-described infant eyes"", ""unit"": ""eyes""}]",Quantities with different units are not interchangeable. Related records and derivative components may overlap.
corn1500,CORN-1500: Corneal Nerve Tortuosity Grading,confocal,confocal,0.3.0,2026-07-25,2026-08-01,https://zenodo.org/records/5880419,primary_quantity_resolved,1500,images,Primary quantity reported in the reviewed catalog source,not_assessed,legacy_catalog_field,https://zenodo.org/records/5880419,1,0,"[{""count"": 1500, ""evidence_basis"": ""legacy_catalog_field"", ""evidence_url"": ""https://zenodo.org/records/5880419"", ""exactness"": ""not_assessed"", ""notes"": """", ""primary"": true, ""review_date"": ""2026-08-01"", ""scope"": ""Primary quantity reported in the reviewed catalog source"", ""unit"": ""images""}]",Quantities with different units are not interchangeable. Related records and derivative components may overlap.
corn_collection,CORN: Corneal Confocal Microscope Dataset Collection,confocal,confocal,0.3.0,2026-07-25,2026-08-01,https://zenodo.org/records/19689814,primary_quantity_resolved,12931,images,Sum of six source-described CORN subsets,exact,derived_from_reported_components,https://zenodo.org/records/19689814,1,0,"[{""count"": 12931, ""evidence_basis"": ""derived_from_reported_components"", ""evidence_url"": ""https://zenodo.org/records/19689814"", ""exactness"": ""exact"", ""notes"": ""Includes the separately cataloged CORN1500 and CORN-Pro components and must not be added as an independent cohort total."", ""primary"": true, ""review_date"": ""2026-08-01"", ""scope"": ""Sum of six source-described CORN subsets"", ""unit"": ""images""}]",Quantities with different units are not interchangeable. Related records and derivative components may overlap.
corn_pro,CORN Pro: Corneal Nerve Confocal Microscopy Dataset,confocal,confocal,0.3.0,2026-07-25,2026-08-01,https://zenodo.org/records/14263883,primary_quantity_resolved,1120,images,Primary quantity reported in the reviewed catalog source,not_assessed,legacy_catalog_field,https://zenodo.org/records/14263883,1,0,"[{""count"": 1120, ""evidence_basis"": ""legacy_catalog_field"", ""evidence_url"": ""https://zenodo.org/records/14263883"", ""exactness"": ""not_assessed"", ""notes"": """", ""primary"": true, ""review_date"": ""2026-08-01"", ""scope"": ""Primary quantity reported in the reviewed catalog source"", ""unit"": ""images""}]",Quantities with different units are not interchangeable. Related records and derivative components may overlap.
corneal_curvature_fundus,Corneal Curvature Prediction Using Fundus Photography,fundus,fundus,0.3.0,2026-07-25,2026-08-01,https://data.mendeley.com/datasets/bc2jfr7dv9/1,primary_quantity_resolved,150,images,Primary quantity reported in the reviewed catalog source,not_assessed,legacy_catalog_field,https://data.mendeley.com/datasets/bc2jfr7dv9/1,1,0,"[{""count"": 150, ""evidence_basis"": ""legacy_catalog_field"", ""evidence_url"": ""https://data.mendeley.com/datasets/bc2jfr7dv9/1"", ""exactness"": ""not_assessed"", ""notes"": """", ""primary"": true, ""review_date"": ""2026-08-01"", ""scope"": ""Primary quantity reported in the reviewed catalog source"", ""unit"": ""images""}]",Quantities with different units are not interchangeable. Related records and derivative components may overlap.
corneal_epithelium_confocal,Keratoconus Corneal Epithelium Confocal Fluorescence Dataset,confocal,confocal,0.3.0,2026-07-25,2026-08-01,https://data.mendeley.com/datasets/n3gky25brh/2,primary_quantity_resolved,7,participants,Keratoconus patients with both-eye measurements,exact,official_source_description,https://data.mendeley.com/datasets/n3gky25brh/2,1,0,"[{""count"": 7, ""evidence_basis"": ""official_source_description"", ""evidence_url"": ""https://data.mendeley.com/datasets/n3gky25brh/2"", ""exactness"": ""exact"", ""notes"": """", ""primary"": true, ""review_date"": ""2026-08-01"", ""scope"": ""Keratoconus patients with both-eye measurements"", ""unit"": ""participants""}]",Quantities with different units are not interchangeable. Related records and derivative components may overlap.
corneal_parameters_kc,Corneal Parameters Keratoconus Study,tabular,tabular,0.3.0,2026-07-25,2026-08-01,https://data.mendeley.com/datasets/3nz4fkwn3y/1,primary_quantity_resolved,77,records,Primary quantity reported in the reviewed catalog source,not_assessed,legacy_catalog_field,https://data.mendeley.com/datasets/3nz4fkwn3y/1,1,0,"[{""count"": 77, ""evidence_basis"": ""legacy_catalog_field"", ""evidence_url"": ""https://data.mendeley.com/datasets/3nz4fkwn3y/1"", ""exactness"": ""not_assessed"", ""notes"": """", ""primary"": true, ""review_date"": ""2026-08-01"", ""scope"": ""Primary quantity reported in the reviewed catalog source"", ""unit"": ""records""}]",Quantities with different units are not interchangeable. Related records and derivative components may overlap.
corneal_tomography_iol,Multi-Parameter Corneal Tomography Dataset for IOL Selection,tabular,tabular,0.3.0,2026-07-25,2026-08-01,https://data.mendeley.com/datasets/wddj7bh9p9/1,primary_quantity_resolved,61,eyes,One structured row per eye,exact,official_source_description,https://data.mendeley.com/datasets/wddj7bh9p9/1,1,0,"[{""count"": 61, ""evidence_basis"": ""official_source_description"", ""evidence_url"": ""https://data.mendeley.com/datasets/wddj7bh9p9/1"", ""exactness"": ""exact"", ""notes"": """", ""primary"": true, ""review_date"": ""2026-08-01"", ""scope"": ""One structured row per eye"", ""unit"": ""eyes""}]",Quantities with different units are not interchangeable. Related records and derivative components may overlap.
cornorb,CornOrb: Orbscan Corneal Topography and Clinical Annotations,corneal_topography,corneal_topography,0.3.0,2026-07-25,2026-08-01,https://zenodo.org/records/20542091,primary_quantity_resolved,1454,eyes,Rows in the current clinical-data table,exact,current_deposit_table,https://zenodo.org/records/20542091,1,0,"[{""count"": 1454, ""evidence_basis"": ""current_deposit_table"", ""evidence_url"": ""https://zenodo.org/records/20542091"", ""exactness"": ""exact"", ""notes"": """", ""primary"": true, ""review_date"": ""2026-08-01"", ""scope"": ""Rows in the current clinical-data table"", ""unit"": ""eyes""}]",Quantities with different units are not interchangeable. Related records and derivative components may overlap.
csc_fundus_segmentation,Central Serous Chorioretinopathy Fundus Segmentation Dataset,fundus,fundus,0.3.0,2026-07-25,2026-08-01,https://data.mendeley.com/datasets/4k64fwnp4k/5,primary_quantity_resolved,287,images,Primary quantity reported in the reviewed catalog source,not_assessed,legacy_catalog_field,https://data.mendeley.com/datasets/4k64fwnp4k/5,1,0,"[{""count"": 287, ""evidence_basis"": ""legacy_catalog_field"", ""evidence_url"": ""https://data.mendeley.com/datasets/4k64fwnp4k/5"", ""exactness"": ""not_assessed"", ""notes"": """", ""primary"": true, ""review_date"": ""2026-08-01"", ""scope"": ""Primary quantity reported in the reviewed catalog source"", ""unit"": ""images""}]",Quantities with different units are not interchangeable. Related records and derivative components may overlap.
csdi,CSDI: Cataract Severity Diagnostic Image Dataset,fundus,fundus|text,0.3.0,2026-07-25,2026-08-01,https://huggingface.co/datasets/RainyNight/CSDI,primary_quantity_resolved,187,images,Primary quantity reported in the reviewed catalog source,not_assessed,legacy_catalog_field,https://huggingface.co/datasets/RainyNight/CSDI,1,0,"[{""count"": 187, ""evidence_basis"": ""legacy_catalog_field"", ""evidence_url"": ""https://huggingface.co/datasets/RainyNight/CSDI"", ""exactness"": ""not_assessed"", ""notes"": """", ""primary"": true, ""review_date"": ""2026-08-01"", ""scope"": ""Primary quantity reported in the reviewed catalog source"", ""unit"": ""images""}]",Quantities with different units are not interchangeable. Related records and derivative components may overlap.
data_oct_fundus_glaucoma,Data on OCT and Fundus Images,multimodal,fundus|oct,0.3.0,2026-07-25,2026-08-01,https://data.mendeley.com/datasets/2rnnz5nz74/2,primary_quantity_resolved,50,images,Primary quantity reported in the reviewed catalog source,not_assessed,legacy_catalog_field,https://data.mendeley.com/datasets/2rnnz5nz74/2,1,0,"[{""count"": 50, ""evidence_basis"": ""legacy_catalog_field"", ""evidence_url"": ""https://data.mendeley.com/datasets/2rnnz5nz74/2"", ""exactness"": ""not_assessed"", ""notes"": """", ""primary"": true, ""review_date"": ""2026-08-01"", ""scope"": ""Primary quantity reported in the reviewed catalog source"", ""unit"": ""images""}]",Quantities with different units are not interchangeable. Related records and derivative components may overlap.
ddr,DDR: Diabetic Retinopathy Detection & Grading,fundus,fundus,0.3.0,2026-07-25,2026-08-01,https://drive.google.com/drive/folders/1z6tSFmxW_aNayUqVxx6h6bY4kwGzUTEC,primary_quantity_resolved,12522,images,Primary quantity reported in the reviewed catalog source,not_assessed,legacy_catalog_field,https://drive.google.com/drive/folders/1z6tSFmxW_aNayUqVxx6h6bY4kwGzUTEC,1,0,"[{""count"": 12522, ""evidence_basis"": ""legacy_catalog_field"", ""evidence_url"": ""https://drive.google.com/drive/folders/1z6tSFmxW_aNayUqVxx6h6bY4kwGzUTEC"", ""exactness"": ""not_assessed"", ""notes"": """", ""primary"": true, ""review_date"": ""2026-08-01"", ""scope"": ""Primary quantity reported in the reviewed catalog source"", ""unit"": ""images""}]",Quantities with different units are not interchangeable. Related records and derivative components may overlap.
deepdrid,DeepDRiD: Diabetic Retinopathy Grading and Image Quality Dataset,fundus,fundus|uwf_fundus,0.3.0,2026-07-25,2026-08-01,https://zenodo.org/records/8248825,primary_quantity_resolved,2256,images,Primary quantity reported in the reviewed catalog source,not_assessed,legacy_catalog_field,https://zenodo.org/records/8248825,1,0,"[{""count"": 2256, ""evidence_basis"": ""legacy_catalog_field"", ""evidence_url"": ""https://zenodo.org/records/8248825"", ""exactness"": ""not_assessed"", ""notes"": """", ""primary"": true, ""review_date"": ""2026-08-01"", ""scope"": ""Primary quantity reported in the reviewed catalog source"", ""unit"": ""images""}]",Quantities with different units are not interchangeable. Related records and derivative components may overlap.
deepeyenet,DeepEyeNet (DEN): Fundus Report Generation Dataset,fundus,fundus|text,0.3.0,2026-07-25,2026-08-01,https://github.com/Jhhuangkay/DeepOpht-Medical-Report-Generation-for-Retinal-Images-via-Deep-Models-and-Visual-Explanation,primary_quantity_resolved,15709,images,Primary quantity reported in the reviewed catalog source,not_assessed,legacy_catalog_field,https://github.com/Jhhuangkay/DeepOpht-Medical-Report-Generation-for-Retinal-Images-via-Deep-Models-and-Visual-Explanation,1,0,"[{""count"": 15709, ""evidence_basis"": ""legacy_catalog_field"", ""evidence_url"": ""https://github.com/Jhhuangkay/DeepOpht-Medical-Report-Generation-for-Retinal-Images-via-Deep-Models-and-Visual-Explanation"", ""exactness"": ""not_assessed"", ""notes"": """", ""primary"": true, ""review_date"": ""2026-08-01"", ""scope"": ""Primary quantity reported in the reviewed catalog source"", ""unit"": ""images""}]",Quantities with different units are not interchangeable. Related records and derivative components may overlap.
dme_vqa,Diabetic Macular Edema Visual Question Answering Dataset,multimodal,fundus|text,0.3.0,2026-07-25,2026-08-01,https://zenodo.org/records/6784358,primary_quantity_resolved,13470,question_answer_pairs,"Train, validation, and test QA pairs",exact,derived_from_reported_components,https://zenodo.org/records/6784358,2,1,"[{""count"": 13470, ""evidence_basis"": ""derived_from_reported_components"", ""evidence_url"": ""https://zenodo.org/records/6784358"", ""exactness"": ""exact"", ""notes"": """", ""primary"": true, ""review_date"": ""2026-08-01"", ""scope"": ""Train, validation, and test QA pairs"", ""unit"": ""question_answer_pairs""}, {""count"": 679, ""evidence_basis"": ""derived_from_reported_components"", ""evidence_url"": ""https://zenodo.org/records/6784358"", ""exactness"": ""exact"", ""notes"": """", ""primary"": false, ""review_date"": ""2026-08-01"", ""scope"": ""Train, validation, and test images"", ""unit"": ""images""}]",Quantities with different units are not interchangeable. Related records and derivative components may overlap.
dme_vqa_logical,DME VQA Dataset with Logical Relations,multimodal,fundus|text,0.3.0,2026-07-25,2026-08-01,https://zenodo.org/records/7777849,primary_quantity_resolved,13470,question_answer_pairs,DME VQA pairs with added logical relations,exact,official_source_description,https://zenodo.org/records/7777849,2,1,"[{""count"": 13470, ""evidence_basis"": ""official_source_description"", ""evidence_url"": ""https://zenodo.org/records/7777849"", ""exactness"": ""exact"", ""notes"": ""The source states that this is the same DME VQA dataset with logical relations added."", ""primary"": true, ""review_date"": ""2026-08-01"", ""scope"": ""DME VQA pairs with added logical relations"", ""unit"": ""question_answer_pairs""}, {""count"": 679, ""evidence_basis"": ""official_source_description"", ""evidence_url"": ""https://zenodo.org/records/7777849"", ""exactness"": ""exact"", ""notes"": ""These images overlap completely with dme_vqa."", ""primary"": false, ""review_date"": ""2026-08-01"", ""scope"": ""Parent DME VQA images reused by this extension"", ""unit"": ""images""}]",Quantities with different units are not interchangeable. Related records and derivative components may overlap.
dr_arranged,Diabetic Retinopathy Arranged Dataset (Tianchi 93926),fundus,fundus,0.3.0,2026-07-25,2026-08-01,https://tianchi.aliyun.com/dataset/93926,primary_quantity_resolved,35126,images,Primary quantity reported in the reviewed catalog source,not_assessed,legacy_catalog_field,https://tianchi.aliyun.com/dataset/93926,1,0,"[{""count"": 35126, ""evidence_basis"": ""legacy_catalog_field"", ""evidence_url"": ""https://tianchi.aliyun.com/dataset/93926"", ""exactness"": ""not_assessed"", ""notes"": """", ""primary"": true, ""review_date"": ""2026-08-01"", ""scope"": ""Primary quantity reported in the reviewed catalog source"", ""unit"": ""images""}]",Quantities with different units are not interchangeable. Related records and derivative components may overlap.
drac22,DRAC 2022: Diabetic Retinopathy Analysis Challenge,octa,octa,0.3.0,2026-07-25,2026-08-01,https://zenodo.org/records/10280359,primary_quantity_resolved,174,images,Primary quantity reported in the reviewed catalog source,not_assessed,legacy_catalog_field,https://zenodo.org/records/10280359,1,0,"[{""count"": 174, ""evidence_basis"": ""legacy_catalog_field"", ""evidence_url"": ""https://zenodo.org/records/10280359"", ""exactness"": ""not_assessed"", ""notes"": """", ""primary"": true, ""review_date"": ""2026-08-01"", ""scope"": ""Primary quantity reported in the reviewed catalog source"", ""unit"": ""images""}]",Quantities with different units are not interchangeable. Related records and derivative components may overlap.
dridb,DRiDB: Diabetic Retinopathy Image Database,fundus,fundus,0.3.0,2026-07-25,2026-08-01,https://ipg.fer.hr/ipg/resources/image_database,primary_quantity_resolved,50,images,Primary quantity reported in the reviewed catalog source,not_assessed,legacy_catalog_field,https://ipg.fer.hr/ipg/resources/image_database,1,0,"[{""count"": 50, ""evidence_basis"": ""legacy_catalog_field"", ""evidence_url"": ""https://ipg.fer.hr/ipg/resources/image_database"", ""exactness"": ""not_assessed"", ""notes"": """", ""primary"": true, ""review_date"": ""2026-08-01"", ""scope"": ""Primary quantity reported in the reviewed catalog source"", ""unit"": ""images""}]",Quantities with different units are not interchangeable. Related records and derivative components may overlap.
drions_db,DRIONS-DB: Digital Retinal Images for Optic Nerve Segmentation,fundus,fundus,0.3.0,2026-07-25,2026-08-01,https://www.ia.uned.es/~ejcarmona/DRIONS-DB.html,primary_quantity_resolved,110,images,Primary quantity reported in the reviewed catalog source,not_assessed,legacy_catalog_field,https://www.ia.uned.es/~ejcarmona/DRIONS-DB.html,1,0,"[{""count"": 110, ""evidence_basis"": ""legacy_catalog_field"", ""evidence_url"": ""https://www.ia.uned.es/~ejcarmona/DRIONS-DB.html"", ""exactness"": ""not_assessed"", ""notes"": """", ""primary"": true, ""review_date"": ""2026-08-01"", ""scope"": ""Primary quantity reported in the reviewed catalog source"", ""unit"": ""images""}]",Quantities with different units are not interchangeable. Related records and derivative components may overlap.
drishti_gs,DRISHTI-GS: Optic Disc and Cup Segmentation,fundus,fundus,0.3.0,2026-07-25,2026-08-01,https://www.kaggle.com/datasets/lokeshsaipureddi/drishtigs-retina-dataset-for-onh-segmentation,primary_quantity_resolved,101,images,Primary quantity reported in the reviewed catalog source,not_assessed,legacy_catalog_field,https://www.kaggle.com/datasets/lokeshsaipureddi/drishtigs-retina-dataset-for-onh-segmentation,1,0,"[{""count"": 101, ""evidence_basis"": ""legacy_catalog_field"", ""evidence_url"": ""https://www.kaggle.com/datasets/lokeshsaipureddi/drishtigs-retina-dataset-for-onh-segmentation"", ""exactness"": ""not_assessed"", ""notes"": """", ""primary"": true, ""review_date"": ""2026-08-01"", ""scope"": ""Primary quantity reported in the reviewed catalog source"", ""unit"": ""images""}]",Quantities with different units are not interchangeable. Related records and derivative components may overlap.
drive,DRIVE: Digital Retinal Images for Vessel Extraction,fundus,fundus,0.3.0,2026-07-25,2026-08-01,https://drive.grand-challenge.org/DRIVE/,primary_quantity_resolved,40,images,Primary quantity reported in the reviewed catalog source,not_assessed,legacy_catalog_field,https://drive.grand-challenge.org/DRIVE/,1,0,"[{""count"": 40, ""evidence_basis"": ""legacy_catalog_field"", ""evidence_url"": ""https://drive.grand-challenge.org/DRIVE/"", ""exactness"": ""not_assessed"", ""notes"": """", ""primary"": true, ""review_date"": ""2026-08-01"", ""scope"": ""Primary quantity reported in the reviewed catalog source"", ""unit"": ""images""}]",Quantities with different units are not interchangeable. Related records and derivative components may overlap.
drtid,DRTiD: Diabetic Retinopathy Two-field Image Dataset,fundus,fundus,0.3.0,2026-07-25,2026-08-01,https://github.com/FDU-VTS/DRTiD,primary_quantity_resolved,3100,images,Primary quantity reported in the reviewed catalog source,not_assessed,legacy_catalog_field,https://github.com/FDU-VTS/DRTiD,1,0,"[{""count"": 3100, ""evidence_basis"": ""legacy_catalog_field"", ""evidence_url"": ""https://github.com/FDU-VTS/DRTiD"", ""exactness"": ""not_assessed"", ""notes"": """", ""primary"": true, ""review_date"": ""2026-08-01"", ""scope"": ""Primary quantity reported in the reviewed catalog source"", ""unit"": ""images""}]",Quantities with different units are not interchangeable. Related records and derivative components may overlap.
dryad_aoslo_rpe,AOSLO RPE Cell Morphometry and Cone Mosaic Dataset,adaptive_optics,adaptive_optics,0.3.0,2026-07-25,2026-08-01,https://doi.org/10.5061/dryad.b41j15h,primary_quantity_resolved,10,participants,Normal participants in the primary cohort,exact,official_source_description,https://doi.org/10.5061/dryad.b41j15h,1,0,"[{""count"": 10, ""evidence_basis"": ""official_source_description"", ""evidence_url"": ""https://doi.org/10.5061/dryad.b41j15h"", ""exactness"": ""exact"", ""notes"": """", ""primary"": true, ""review_date"": ""2026-08-01"", ""scope"": ""Normal participants in the primary cohort"", ""unit"": ""participants""}]",Quantities with different units are not interchangeable. Related records and derivative components may overlap.
dryad_cornea_oct_pentacam,Corneal OCT and Pentacam Tomography Dataset,multimodal,oct|corneal_topography,0.3.0,2026-07-25,2026-08-01,https://doi.org/10.5061/dryad.tht76hf0c,primary_quantity_unresolved,,,,,,,1,1,"[{""count"": 1, ""evidence_basis"": ""current_deposit_file_listing"", ""evidence_url"": ""https://doi.org/10.5061/dryad.tht76hf0c"", ""exactness"": ""exact"", ""notes"": ""The archive does not expose a reproducible participant, eye, volume, or B-scan count without inspecting the credentialed contents."", ""primary"": false, ""review_date"": ""2026-08-01"", ""scope"": ""OCT_.zip in the current Dryad version"", ""unit"": ""deposited_files""}]",Quantities with different units are not interchangeable. Related records and derivative components may overlap.
dryad_functional_oct_alzheimer,Functional OCT Retinal Response Dataset,oct,oct,0.3.0,2026-07-25,2026-08-01,https://doi.org/10.5061/dryad.msbcc2ftc,primary_quantity_unresolved,,,,,,,5,5,"[{""count"": 1, ""evidence_basis"": ""current_deposit_file_listing"", ""evidence_url"": ""https://doi.org/10.5061/dryad.msbcc2ftc"", ""exactness"": ""exact"", ""notes"": ""The source describes four experiments but does not expose a single non-overlapping participant or image total."", ""primary"": false, ""review_date"": ""2026-08-01"", ""scope"": ""RAR archive in the current Dryad version"", ""unit"": ""deposited_files""}, {""count"": 8, ""evidence_basis"": ""official_source_description"", ""evidence_url"": ""https://doi.org/10.5061/dryad.msbcc2ftc"", ""exactness"": ""exact"", ""notes"": """", ""primary"": false, ""review_date"": ""2026-08-01"", ""scope"": ""Healthy young-adult experiment"", ""unit"": ""group_enrollments""}, {""count"": 3, ""evidence_basis"": ""official_source_description"", ""evidence_url"": ""https://doi.org/10.5061/dryad.msbcc2ftc"", ""exactness"": ""exact"", ""notes"": """", ""primary"": false, ""review_date"": ""2026-08-01"", ""scope"": ""Aquaporin-4 antibody experiment"", ""unit"": ""group_enrollments""}, {""count"": 14, ""evidence_basis"": ""official_source_description"", ""evidence_url"": ""https://doi.org/10.5061/dryad.msbcc2ftc"", ""exactness"": ""exact"", ""notes"": """", ""primary"": false, ""review_date"": ""2026-08-01"", ""scope"": ""Early-onset Alzheimer group"", ""unit"": ""group_enrollments""}, {""count"": 14, ""evidence_basis"": ""official_source_description"", ""evidence_url"": ""https://doi.org/10.5061/dryad.msbcc2ftc"", ""exactness"": ""exact"", ""notes"": ""Group counts are not summed because cross-experiment overlap was not resolved."", ""primary"": false, ""review_date"": ""2026-08-01"", ""scope"": ""Age-matched control group"", ""unit"": ""group_enrollments""}]",Quantities with different units are not interchangeable. Related records and derivative components may overlap.
dryad_gcc_glaucoma,Glaucoma Ganglion Cell Complex Clinical Dataset,tabular,tabular,0.3.0,2026-07-25,2026-08-01,https://doi.org/10.5061/dryad.xwdbrv1tn,primary_quantity_resolved,406,eyes,Eye-level table rows,exact,official_source_description,https://doi.org/10.5061/dryad.xwdbrv1tn,2,1,"[{""count"": 406, ""evidence_basis"": ""official_source_description"", ""evidence_url"": ""https://doi.org/10.5061/dryad.xwdbrv1tn"", ""exactness"": ""exact"", ""notes"": """", ""primary"": true, ""review_date"": ""2026-08-01"", ""scope"": ""Eye-level table rows"", ""unit"": ""eyes""}, {""count"": 203, ""evidence_basis"": ""official_source_description"", ""evidence_url"": ""https://doi.org/10.5061/dryad.xwdbrv1tn"", ""exactness"": ""exact"", ""notes"": """", ""primary"": false, ""review_date"": ""2026-08-01"", ""scope"": ""Participants contributing 406 eye rows"", ""unit"": ""participants""}]",Quantities with different units are not interchangeable. Related records and derivative components may overlap.
dryad_glaucoma_rnfl_vf,RNFL and Visual-Field Glaucoma Diagnosis Dataset,tabular,tabular|visual_field,0.3.0,2026-07-25,2026-08-01,https://doi.org/10.5061/dryad.q6ft5,primary_quantity_resolved,499,records,Primary quantity reported in the reviewed catalog source,not_assessed,legacy_catalog_field,https://doi.org/10.5061/dryad.q6ft5,1,0,"[{""count"": 499, ""evidence_basis"": ""legacy_catalog_field"", ""evidence_url"": ""https://doi.org/10.5061/dryad.q6ft5"", ""exactness"": ""not_assessed"", ""notes"": """", ""primary"": true, ""review_date"": ""2026-08-01"", ""scope"": ""Primary quantity reported in the reviewed catalog source"", ""unit"": ""records""}]",Quantities with different units are not interchangeable. Related records and derivative components may overlap.
dryad_namd_oct_quant,Moorfields nAMD Quantitative OCT Biomarker Dataset,tabular,tabular|oct,0.3.0,2026-07-25,2026-08-01,https://doi.org/10.5061/dryad.2rbnzs7m4,primary_quantity_resolved,2966,volumes,Primary quantity reported in the reviewed catalog source,not_assessed,legacy_catalog_field,https://doi.org/10.5061/dryad.2rbnzs7m4,1,0,"[{""count"": 2966, ""evidence_basis"": ""legacy_catalog_field"", ""evidence_url"": ""https://doi.org/10.5061/dryad.2rbnzs7m4"", ""exactness"": ""not_assessed"", ""notes"": """", ""primary"": true, ""review_date"": ""2026-08-01"", ""scope"": ""Primary quantity reported in the reviewed catalog source"", ""unit"": ""volumes""}]",Quantities with different units are not interchangeable. Related records and derivative components may overlap.
dryad_namd_visual_prediction,Moorfields nAMD Visual-Change Prediction Dataset,tabular,tabular|oct,0.3.0,2026-07-25,2026-08-01,https://doi.org/10.5061/dryad.573n5tb5d,primary_quantity_resolved,926,eyes,Treatment-naive first-treated eyes in the primary analysis,exact,official_source_description,https://doi.org/10.5061/dryad.573n5tb5d,1,0,"[{""count"": 926, ""evidence_basis"": ""official_source_description"", ""evidence_url"": ""https://doi.org/10.5061/dryad.573n5tb5d"", ""exactness"": ""exact"", ""notes"": """", ""primary"": true, ""review_date"": ""2026-08-01"", ""scope"": ""Treatment-naive first-treated eyes in the primary analysis"", ""unit"": ""eyes""}]",Quantities with different units are not interchangeable. Related records and derivative components may overlap.
dryad_retinal_vein_cannulation,Autonomous Retinal Vein Cannulation Data and Code,multimodal,surgical_video|oct,0.3.0,2026-07-25,2026-08-01,https://doi.org/10.5061/dryad.3ffbg79zd,primary_quantity_resolved,26,experimental_eyes,Ex vivo porcine eyes,exact,official_source_description,https://doi.org/10.5061/dryad.3ffbg79zd,1,0,"[{""count"": 26, ""evidence_basis"": ""official_source_description"", ""evidence_url"": ""https://doi.org/10.5061/dryad.3ffbg79zd"", ""exactness"": ""exact"", ""notes"": """", ""primary"": true, ""review_date"": ""2026-08-01"", ""scope"": ""Ex vivo porcine eyes"", ""unit"": ""experimental_eyes""}]",Quantities with different units are not interchangeable. Related records and derivative components may overlap.
dryad_subretinal_robot,Head-Mounted Robot Subretinal Injection Dataset,multimodal,surgical_video|oct|tabular,0.3.0,2026-07-25,2026-08-01,https://doi.org/10.5061/dryad.w0vt4b91w,primary_quantity_resolved,21,experimental_eyes,Bleb-formation attempts in ex vivo porcine eyes,exact,associated_publication,https://doi.org/10.1126/scirobotics.adp7700,1,0,"[{""count"": 21, ""evidence_basis"": ""associated_publication"", ""evidence_url"": ""https://doi.org/10.1126/scirobotics.adp7700"", ""exactness"": ""exact"", ""notes"": ""The current deposit does not expose a reproducible frame or video count."", ""primary"": true, ""review_date"": ""2026-08-01"", ""scope"": ""Bleb-formation attempts in ex vivo porcine eyes"", ""unit"": ""experimental_eyes""}]",Quantities with different units are not interchangeable. Related records and derivative components may overlap.
dryad_uveal_melanoma_coog2,COOG2.1 Uveal Melanoma Prognostic Dataset,omics,omics,0.3.0,2026-07-25,2026-08-01,https://doi.org/10.5061/dryad.n8pk0p340,primary_quantity_resolved,1577,participants,Multicenter prognostic cohort,exact,official_source_description,https://doi.org/10.5061/dryad.n8pk0p340,1,0,"[{""count"": 1577, ""evidence_basis"": ""official_source_description"", ""evidence_url"": ""https://doi.org/10.5061/dryad.n8pk0p340"", ""exactness"": ""exact"", ""notes"": """", ""primary"": true, ""review_date"": ""2026-08-01"", ""scope"": ""Multicenter prognostic cohort"", ""unit"": ""participants""}]",Quantities with different units are not interchangeable. Related records and derivative components may overlap.
duke_amd_chiu,Duke AMD Pathology OCT Segmentation Dataset,oct,oct,0.3.0,2026-07-25,2026-08-01,https://people.duke.edu/~sf59/Chiu_IOVS_2011_dataset.htm,primary_quantity_resolved,20,volumes,Primary quantity reported in the reviewed catalog source,not_assessed,legacy_catalog_field,https://people.duke.edu/~sf59/Chiu_IOVS_2011_dataset.htm,1,0,"[{""count"": 20, ""evidence_basis"": ""legacy_catalog_field"", ""evidence_url"": ""https://people.duke.edu/~sf59/Chiu_IOVS_2011_dataset.htm"", ""exactness"": ""not_assessed"", ""notes"": """", ""primary"": true, ""review_date"": ""2026-08-01"", ""scope"": ""Primary quantity reported in the reviewed catalog source"", ""unit"": ""volumes""}]",Quantities with different units are not interchangeable. Related records and derivative components may overlap.
duke_chiu_boe,Duke OCT DME Dataset (Chiu BOE 2014),oct,oct,0.3.0,2026-07-25,2026-08-01,http://people.duke.edu/~sf59/Chiu_BOE_2014_dataset.htm,primary_quantity_resolved,110,images,Primary quantity reported in the reviewed catalog source,not_assessed,legacy_catalog_field,http://people.duke.edu/~sf59/Chiu_BOE_2014_dataset.htm,1,0,"[{""count"": 110, ""evidence_basis"": ""legacy_catalog_field"", ""evidence_url"": ""http://people.duke.edu/~sf59/Chiu_BOE_2014_dataset.htm"", ""exactness"": ""not_assessed"", ""notes"": """", ""primary"": true, ""review_date"": ""2026-08-01"", ""scope"": ""Primary quantity reported in the reviewed catalog source"", ""unit"": ""images""}]",Quantities with different units are not interchangeable. Related records and derivative components may overlap.
duke_rpedc,Duke RPE-Drusen Complex OCT Dataset,oct,oct,0.3.0,2026-07-25,2026-08-01,https://people.duke.edu/~sf59/RPEDC_Ophth_2013_dataset.htm,primary_quantity_resolved,384,participants,Primary quantity reported in the reviewed catalog source,not_assessed,legacy_catalog_field,https://people.duke.edu/~sf59/RPEDC_Ophth_2013_dataset.htm,2,1,"[{""count"": 384, ""evidence_basis"": ""legacy_catalog_field"", ""evidence_url"": ""https://people.duke.edu/~sf59/RPEDC_Ophth_2013_dataset.htm"", ""exactness"": ""not_assessed"", ""notes"": """", ""primary"": true, ""review_date"": ""2026-08-01"", ""scope"": ""Primary quantity reported in the reviewed catalog source"", ""unit"": ""participants""}, {""count"": 38400, ""evidence_basis"": ""official_source_description"", ""evidence_url"": ""https://people.duke.edu/~sf59/Srinivasan_BOE_2014_dataset.htm"", ""exactness"": ""exact"", ""notes"": """", ""primary"": false, ""review_date"": ""2026-08-01"", ""scope"": ""B-scans derived from 384 participants"", ""unit"": ""b_scans""}]",Quantities with different units are not interchangeable. Related records and derivative components may overlap.
e_ophtha,E-ophtha (EX + MA): Exudate and Microaneurysm Segmentation,fundus,fundus,0.3.0,2026-07-25,2026-08-01,https://www.kaggle.com/datasets/samriddhibagchi/e-ophtha-diabetic-retinopathy-datasets-ex-ma,primary_quantity_resolved,463,images,Primary quantity reported in the reviewed catalog source,not_assessed,legacy_catalog_field,https://www.kaggle.com/datasets/samriddhibagchi/e-ophtha-diabetic-retinopathy-datasets-ex-ma,1,0,"[{""count"": 463, ""evidence_basis"": ""legacy_catalog_field"", ""evidence_url"": ""https://www.kaggle.com/datasets/samriddhibagchi/e-ophtha-diabetic-retinopathy-datasets-ex-ma"", ""exactness"": ""not_assessed"", ""notes"": """", ""primary"": true, ""review_date"": ""2026-08-01"", ""scope"": ""Primary quantity reported in the reviewed catalog source"", ""unit"": ""images""}]",Quantities with different units are not interchangeable. Related records and derivative components may overlap.
eed_astig,EED-Astig Pediatric External-Eye Dataset,external_eye,external_eye|tabular,0.3.0,2026-07-25,2026-08-01,https://doi.org/10.5281/zenodo.18976824,primary_quantity_resolved,3088,images,Primary quantity reported in the reviewed catalog source,not_assessed,legacy_catalog_field,https://doi.org/10.5281/zenodo.18976824,1,0,"[{""count"": 3088, ""evidence_basis"": ""legacy_catalog_field"", ""evidence_url"": ""https://doi.org/10.5281/zenodo.18976824"", ""exactness"": ""not_assessed"", ""notes"": """", ""primary"": true, ""review_date"": ""2026-08-01"", ""scope"": ""Primary quantity reported in the reviewed catalog source"", ""unit"": ""images""}]",Quantities with different units are not interchangeable. Related records and derivative components may overlap.
erdes,ERDES: Ocular Ultrasound Video Benchmark (Retinal Detachment + Macula),multimodal,ocular_ultrasound,0.3.0,2026-07-25,2026-08-01,https://arxiv.org/abs/2503.04525,primary_quantity_resolved,5381,video_clips,Ocular-ultrasound B-scan clips,exact,associated_publication,https://arxiv.org/abs/2503.04525,1,0,"[{""count"": 5381, ""evidence_basis"": ""associated_publication"", ""evidence_url"": ""https://arxiv.org/abs/2503.04525"", ""exactness"": ""exact"", ""notes"": """", ""primary"": true, ""review_date"": ""2026-08-01"", ""scope"": ""Ocular-ultrasound B-scan clips"", ""unit"": ""video_clips""}]",Quantities with different units are not interchangeable. Related records and derivative components may overlap.
eth_xgaze,ETH-XGaze Extreme-Pose Gaze Estimation Dataset,eye_tracking,eye_tracking,0.3.0,2026-07-25,2026-08-01,https://ait.ethz.ch/xgaze,primary_quantity_resolved,1083492,images,Primary quantity reported in the reviewed catalog source,not_assessed,legacy_catalog_field,https://ait.ethz.ch/xgaze,1,0,"[{""count"": 1083492, ""evidence_basis"": ""legacy_catalog_field"", ""evidence_url"": ""https://ait.ethz.ch/xgaze"", ""exactness"": ""not_assessed"", ""notes"": """", ""primary"": true, ""review_date"": ""2026-08-01"", ""scope"": ""Primary quantity reported in the reviewed catalog source"", ""unit"": ""images""}]",Quantities with different units are not interchangeable. Related records and derivative components may overlap.
external_eye_blepharitis,External Eye Photographs for Screening Referable Blepharitis,external_eye,external_eye,0.3.0,2026-07-25,2026-08-01,https://data.mendeley.com/datasets/bp37vw4z8d/1,primary_quantity_unresolved,,,,,,,0,0,[],Quantities with different units are not interchangeable. Related records and derivative components may overlap.
eye_conjunctiva_segmentation,Eye Conjunctiva Segmentation Dataset,external_eye,external_eye,0.3.0,2026-07-25,2026-08-01,https://data.mendeley.com/datasets/yxwjgcndg2/1,primary_quantity_resolved,547,images,Primary quantity reported in the reviewed catalog source,not_assessed,legacy_catalog_field,https://data.mendeley.com/datasets/yxwjgcndg2/1,1,0,"[{""count"": 547, ""evidence_basis"": ""legacy_catalog_field"", ""evidence_url"": ""https://data.mendeley.com/datasets/yxwjgcndg2/1"", ""exactness"": ""not_assessed"", ""notes"": """", ""primary"": true, ""review_date"": ""2026-08-01"", ""scope"": ""Primary quantity reported in the reviewed catalog source"", ""unit"": ""images""}]",Quantities with different units are not interchangeable. Related records and derivative components may overlap.
eye_disease_image_mendeley,Eye Disease Image Dataset,fundus,fundus,0.3.0,2026-07-25,2026-08-01,https://data.mendeley.com/datasets/s9bfhswzjb/1,primary_quantity_resolved,5335,images,Original and augmented image collection,exact,official_source_description,https://data.mendeley.com/datasets/s9bfhswzjb/1,1,0,"[{""count"": 5335, ""evidence_basis"": ""official_source_description"", ""evidence_url"": ""https://data.mendeley.com/datasets/s9bfhswzjb/1"", ""exactness"": ""exact"", ""notes"": """", ""primary"": true, ""review_date"": ""2026-08-01"", ""scope"": ""Original and augmented image collection"", ""unit"": ""images""}]",Quantities with different units are not interchangeable. Related records and derivative components may overlap.
eyecare_100k,Eyecare-100K: Multimodal Ophthalmology VQA Corpus,multimodal,fundus|fundus_angiography|fundus_autofluorescence|oct|ocular_ultrasound|external_eye|ct|text,0.3.0,2026-07-25,2026-08-01,https://github.com/DCDmllm/EyecareGPT,primary_quantity_resolved,102000,question_answer_pairs,Source-described VQA corpus,approximate,official_source_description,https://github.com/DCDmllm/EyecareGPT,2,1,"[{""count"": 102000, ""evidence_basis"": ""official_source_description"", ""evidence_url"": ""https://github.com/DCDmllm/EyecareGPT"", ""exactness"": ""approximate"", ""notes"": ""The dataset was described as pending release at the catalog cutoff."", ""primary"": true, ""review_date"": ""2026-08-01"", ""scope"": ""Source-described VQA corpus"", ""unit"": ""question_answer_pairs""}, {""count"": 58485, ""evidence_basis"": ""official_source_description"", ""evidence_url"": ""https://github.com/DCDmllm/EyecareGPT"", ""exactness"": ""approximate"", ""notes"": """", ""primary"": false, ""review_date"": ""2026-08-01"", ""scope"": ""Source images represented by the VQA corpus"", ""unit"": ""images""}]",Quantities with different units are not interchangeable. Related records and derivative components may overlap.
eyecatcher_visual_field,Eyecatcher Tablet-Based Visual Field Home-Monitoring Data,visual_field,visual_field,0.3.0,2026-07-25,2026-08-01,https://data.mendeley.com/datasets/swsfj47cxw/2,primary_quantity_resolved,440,visual_field_tests,Twenty participants by two eyes by eleven scheduled tests,exact,official_source_description,https://data.mendeley.com/datasets/swsfj47cxw/2,2,1,"[{""count"": 440, ""evidence_basis"": ""official_source_description"", ""evidence_url"": ""https://data.mendeley.com/datasets/swsfj47cxw/2"", ""exactness"": ""exact"", ""notes"": """", ""primary"": true, ""review_date"": ""2026-08-01"", ""scope"": ""Twenty participants by two eyes by eleven scheduled tests"", ""unit"": ""visual_field_tests""}, {""count"": 20, ""evidence_basis"": ""official_source_description"", ""evidence_url"": ""https://data.mendeley.com/datasets/swsfj47cxw/2"", ""exactness"": ""exact"", ""notes"": """", ""primary"": false, ""review_date"": ""2026-08-01"", ""scope"": ""Home-monitoring cohort"", ""unit"": ""participants""}]",Quantities with different units are not interchangeable. Related records and derivative components may overlap.
eyepacs,EyePACS — Diabetic Retinopathy Detection (Kaggle 2015),fundus,fundus,0.3.0,2026-07-25,2026-08-01,https://www.kaggle.com/c/diabetic-retinopathy-detection,primary_quantity_resolved,88702,images,Primary quantity reported in the reviewed catalog source,not_assessed,legacy_catalog_field,https://www.kaggle.com/c/diabetic-retinopathy-detection,1,0,"[{""count"": 88702, ""evidence_basis"": ""legacy_catalog_field"", ""evidence_url"": ""https://www.kaggle.com/c/diabetic-retinopathy-detection"", ""exactness"": ""not_assessed"", ""notes"": """", ""primary"": true, ""review_date"": ""2026-08-01"", ""scope"": ""Primary quantity reported in the reviewed catalog source"", ""unit"": ""images""}]",Quantities with different units are not interchangeable. Related records and derivative components may overlap.
eyeq,EyeQ Retinal Image Quality Assessment Dataset,fundus,fundus,0.3.0,2026-07-25,2026-08-01,https://github.com/HzFu/EyeQ,primary_quantity_resolved,28792,images,Primary quantity reported in the reviewed catalog source,not_assessed,legacy_catalog_field,https://github.com/HzFu/EyeQ,1,0,"[{""count"": 28792, ""evidence_basis"": ""legacy_catalog_field"", ""evidence_url"": ""https://github.com/HzFu/EyeQ"", ""exactness"": ""not_assessed"", ""notes"": """", ""primary"": true, ""review_date"": ""2026-08-01"", ""scope"": ""Primary quantity reported in the reviewed catalog source"", ""unit"": ""images""}]",Quantities with different units are not interchangeable. Related records and derivative components may overlap.
fairvlmed,FairVLMed: Fair Vision-Language Medical Ophthalmic Dataset,multimodal,fundus|visual_field|text|tabular,0.3.0,2026-07-25,2026-08-01,https://huggingface.co/datasets/harvardairobotics/FairVLMed,primary_quantity_resolved,10000,images,Primary quantity reported in the reviewed catalog source,not_assessed,legacy_catalog_field,https://huggingface.co/datasets/harvardairobotics/FairVLMed,1,0,"[{""count"": 10000, ""evidence_basis"": ""legacy_catalog_field"", ""evidence_url"": ""https://huggingface.co/datasets/harvardairobotics/FairVLMed"", ""exactness"": ""not_assessed"", ""notes"": """", ""primary"": true, ""review_date"": ""2026-08-01"", ""scope"": ""Primary quantity reported in the reviewed catalog source"", ""unit"": ""images""}]",Quantities with different units are not interchangeable. Related records and derivative components may overlap.
fang_sbsdi_oct,Duke Fang SBSDI Retinal OCT Dataset,oct,oct,0.3.0,2026-07-25,2026-08-01,https://people.duke.edu/~sf59/Fang_TMI_2013.htm,primary_quantity_resolved,41,participants,Human participants described by the associated paper,exact,associated_publication,https://doi.org/10.1109/TMI.2013.2271904,1,0,"[{""count"": 41, ""evidence_basis"": ""associated_publication"", ""evidence_url"": ""https://doi.org/10.1109/TMI.2013.2271904"", ""exactness"": ""exact"", ""notes"": ""The archive also contains software and mouse imaging data; a file-level image count is not asserted."", ""primary"": true, ""review_date"": ""2026-08-01"", ""scope"": ""Human participants described by the associated paper"", ""unit"": ""participants""}]",Quantities with different units are not interchangeable. Related records and derivative components may overlap.
farfum_rop,FARFUM-ROP: Fundus Annotation Repository for Retinopathy of Prematurity,fundus,fundus,0.3.0,2026-07-25,2026-08-01,https://doi.org/10.6084/m9.figshare.c.6721269,primary_quantity_resolved,1533,images,Primary quantity reported in the reviewed catalog source,not_assessed,legacy_catalog_field,https://doi.org/10.6084/m9.figshare.c.6721269,1,0,"[{""count"": 1533, ""evidence_basis"": ""legacy_catalog_field"", ""evidence_url"": ""https://doi.org/10.6084/m9.figshare.c.6721269"", ""exactness"": ""not_assessed"", ""notes"": """", ""primary"": true, ""review_date"": ""2026-08-01"", ""scope"": ""Primary quantity reported in the reviewed catalog source"", ""unit"": ""images""}]",Quantities with different units are not interchangeable. Related records and derivative components may overlap.
ffa_ir,FFA-IR Medical Report Dataset,multimodal,fundus|fundus_angiography|text,0.3.0,2026-07-25,2026-08-01,https://doi.org/10.13026/k5rp-9h43,primary_quantity_resolved,47247,images,Primary quantity reported in the reviewed catalog source,not_assessed,legacy_catalog_field,https://doi.org/10.13026/k5rp-9h43,1,0,"[{""count"": 47247, ""evidence_basis"": ""legacy_catalog_field"", ""evidence_url"": ""https://doi.org/10.13026/k5rp-9h43"", ""exactness"": ""not_assessed"", ""notes"": """", ""primary"": true, ""review_date"": ""2026-08-01"", ""scope"": ""Primary quantity reported in the reviewed catalog source"", ""unit"": ""images""}]",Quantities with different units are not interchangeable. Related records and derivative components may overlap.
fimd,Fundus Image Myopia Development Dataset,fundus,fundus,0.3.0,2026-07-25,2026-08-01,https://data.mendeley.com/datasets/jkzsh6pcv4/1,primary_quantity_resolved,70,image_pairs,Longitudinal retinal registration pairs,exact,official_source_description,https://data.mendeley.com/datasets/jkzsh6pcv4/1,2,1,"[{""count"": 70, ""evidence_basis"": ""official_source_description"", ""evidence_url"": ""https://data.mendeley.com/datasets/jkzsh6pcv4/1"", ""exactness"": ""exact"", ""notes"": """", ""primary"": true, ""review_date"": ""2026-08-01"", ""scope"": ""Longitudinal retinal registration pairs"", ""unit"": ""image_pairs""}, {""count"": 140, ""evidence_basis"": ""derived_from_reported_components"", ""evidence_url"": ""https://data.mendeley.com/datasets/jkzsh6pcv4/1"", ""exactness"": ""exact"", ""notes"": """", ""primary"": false, ""review_date"": ""2026-08-01"", ""scope"": ""Images participating in 70 pairs"", ""unit"": ""images""}]",Quantities with different units are not interchangeable. Related records and derivative components may overlap.
fiqs,FIQS: Fundus Image Quality Scores Dataset,fundus,fundus,0.3.0,2026-07-25,2026-08-01,https://doi.org/10.6084/m9.figshare.28129847.v1,primary_quantity_resolved,2246,images,Primary quantity reported in the reviewed catalog source,not_assessed,legacy_catalog_field,https://doi.org/10.6084/m9.figshare.28129847.v1,1,0,"[{""count"": 2246, ""evidence_basis"": ""legacy_catalog_field"", ""evidence_url"": ""https://doi.org/10.6084/m9.figshare.28129847.v1"", ""exactness"": ""not_assessed"", ""notes"": """", ""primary"": true, ""review_date"": ""2026-08-01"", ""scope"": ""Primary quantity reported in the reviewed catalog source"", ""unit"": ""images""}]",Quantities with different units are not interchangeable. Related records and derivative components may overlap.
fire,FIRE: Fundus Image Registration Dataset,fundus,fundus,0.3.0,2026-07-25,2026-08-01,https://projects.ics.forth.gr/cvrl/fire/,primary_quantity_resolved,129,images,Primary quantity reported in the reviewed catalog source,not_assessed,legacy_catalog_field,https://projects.ics.forth.gr/cvrl/fire/,1,0,"[{""count"": 129, ""evidence_basis"": ""legacy_catalog_field"", ""evidence_url"": ""https://projects.ics.forth.gr/cvrl/fire/"", ""exactness"": ""not_assessed"", ""notes"": """", ""primary"": true, ""review_date"": ""2026-08-01"", ""scope"": ""Primary quantity reported in the reviewed catalog source"", ""unit"": ""images""}]",Quantities with different units are not interchangeable. Related records and derivative components may overlap.
fives,FIVES: Fundus Image Vessel Segmentation,fundus,fundus,0.3.0,2026-07-25,2026-08-01,https://doi.org/10.6084/m9.figshare.19688169,primary_quantity_resolved,800,images,Primary quantity reported in the reviewed catalog source,not_assessed,legacy_catalog_field,https://doi.org/10.6084/m9.figshare.19688169,1,0,"[{""count"": 800, ""evidence_basis"": ""legacy_catalog_field"", ""evidence_url"": ""https://doi.org/10.6084/m9.figshare.19688169"", ""exactness"": ""not_assessed"", ""notes"": """", ""primary"": true, ""review_date"": ""2026-08-01"", ""scope"": ""Primary quantity reported in the reviewed catalog source"", ""unit"": ""images""}]",Quantities with different units are not interchangeable. Related records and derivative components may overlap.
fociset_pamm,FociSet PAMM OCT Lesion Dataset,oct,oct,0.3.0,2026-07-25,2026-08-01,https://data.mendeley.com/datasets/mkwxn7rjpm/2,primary_quantity_resolved,133,images,Primary quantity reported in the reviewed catalog source,not_assessed,legacy_catalog_field,https://data.mendeley.com/datasets/mkwxn7rjpm/2,1,0,"[{""count"": 133, ""evidence_basis"": ""legacy_catalog_field"", ""evidence_url"": ""https://data.mendeley.com/datasets/mkwxn7rjpm/2"", ""exactness"": ""not_assessed"", ""notes"": """", ""primary"": true, ""review_date"": ""2026-08-01"", ""scope"": ""Primary quantity reported in the reviewed catalog source"", ""unit"": ""images""}]",Quantities with different units are not interchangeable. Related records and derivative components may overlap.
fovea,FOVEA: Pre/Intra-Operative Fundus + Biomicroscopy,multimodal,fundus|surgical_video,0.3.0,2026-07-25,2026-08-01,https://doi.org/10.6084/m9.figshare.28329338,primary_quantity_resolved,40,participants,Primary quantity reported in the reviewed catalog source,not_assessed,legacy_catalog_field,https://doi.org/10.6084/m9.figshare.28329338,1,0,"[{""count"": 40, ""evidence_basis"": ""legacy_catalog_field"", ""evidence_url"": ""https://doi.org/10.6084/m9.figshare.28329338"", ""exactness"": ""not_assessed"", ""notes"": """", ""primary"": true, ""review_date"": ""2026-08-01"", ""scope"": ""Primary quantity reported in the reviewed catalog source"", ""unit"": ""participants""}]",Quantities with different units are not interchangeable. Related records and derivative components may overlap.
fprm_retina,FPRM Multimodal Eye Imaging and Psychological Assessment Dataset,multimodal,fundus|retinal_oximetry|pupillometry|tabular,0.3.0,2026-07-25,2026-08-01,https://doi.org/10.7303/syn61672643,primary_quantity_resolved,3361,images,Fundus photographs,exact,associated_publication,https://doi.org/10.1038/s41597-024-03690-6,3,2,"[{""count"": 3361, ""evidence_basis"": ""associated_publication"", ""evidence_url"": ""https://doi.org/10.1038/s41597-024-03690-6"", ""exactness"": ""exact"", ""notes"": """", ""primary"": true, ""review_date"": ""2026-08-01"", ""scope"": ""Fundus photographs"", ""unit"": ""images""}, {""count"": 1683, ""evidence_basis"": ""associated_publication"", ""evidence_url"": ""https://doi.org/10.1038/s41597-024-03690-6"", ""exactness"": ""exact"", ""notes"": """", ""primary"": false, ""review_date"": ""2026-08-01"", ""scope"": ""Participants contributing fundus photographs"", ""unit"": ""participants""}, {""count"": 384, ""evidence_basis"": ""associated_publication"", ""evidence_url"": ""https://doi.org/10.1038/s41597-024-03690-6"", ""exactness"": ""exact"", ""notes"": ""This group is not added to the fundus cohort because overlap is not resolved here."", ""primary"": false, ""review_date"": ""2026-08-01"", ""scope"": ""Participants contributing additional multimodal imaging"", ""unit"": ""participants""}]",Quantities with different units are not interchangeable. Related records and derivative components may overlap.
fundus_105k,Fundus-105K Text Dataset,text,text,0.3.0,2026-07-25,2026-08-01,https://huggingface.co/datasets/PJMixers-Dev/Fundus-105K,primary_quantity_resolved,105000,text_items,Fundus-focused text corpus entries,exact,official_source_description,https://huggingface.co/datasets/PJMixers-Dev/Fundus-105K,1,0,"[{""count"": 105000, ""evidence_basis"": ""official_source_description"", ""evidence_url"": ""https://huggingface.co/datasets/PJMixers-Dev/Fundus-105K"", ""exactness"": ""exact"", ""notes"": """", ""primary"": true, ""review_date"": ""2026-08-01"", ""scope"": ""Fundus-focused text corpus entries"", ""unit"": ""text_items""}]",Quantities with different units are not interchangeable. Related records and derivative components may overlap.
fundus_avseg,Fundus-AVSeg: Artery-Vein-Crossing Segmentation,fundus,fundus,0.3.0,2026-07-25,2026-08-01,https://doi.org/10.6084/m9.figshare.27938034,primary_quantity_resolved,100,images,Primary quantity reported in the reviewed catalog source,not_assessed,legacy_catalog_field,https://doi.org/10.6084/m9.figshare.27938034,1,0,"[{""count"": 100, ""evidence_basis"": ""legacy_catalog_field"", ""evidence_url"": ""https://doi.org/10.6084/m9.figshare.27938034"", ""exactness"": ""not_assessed"", ""notes"": """", ""primary"": true, ""review_date"": ""2026-08-01"", ""scope"": ""Primary quantity reported in the reviewed catalog source"", ""unit"": ""images""}]",Quantities with different units are not interchangeable. Related records and derivative components may overlap.
fundus_cc_2_5m,Fundus-CC-2.5M Text Corpus,text,text,0.3.0,2026-07-25,2026-08-01,https://huggingface.co/datasets/PJMixers-Dev/Fundus-CC-2.5M,primary_quantity_resolved,2500000,text_items,Multilingual fundus-related corpus entries,exact,official_source_description,https://huggingface.co/datasets/PJMixers-Dev/Fundus-CC-2.5M,1,0,"[{""count"": 2500000, ""evidence_basis"": ""official_source_description"", ""evidence_url"": ""https://huggingface.co/datasets/PJMixers-Dev/Fundus-CC-2.5M"", ""exactness"": ""exact"", ""notes"": """", ""primary"": true, ""review_date"": ""2026-08-01"", ""scope"": ""Multilingual fundus-related corpus entries"", ""unit"": ""text_items""}]",Quantities with different units are not interchangeable. Related records and derivative components may overlap.
fundus_domain_generalization,Fundus Dataset for Domain Generalization in Optic Disc/Cup Segmentation,fundus,fundus,0.3.0,2026-07-25,2026-08-01,https://zenodo.org/records/8009107,primary_quantity_resolved,1441,images,Five source domains after the documented train/test composition,exact,derived_from_reported_components,https://zenodo.org/records/8009107,1,0,"[{""count"": 1441, ""evidence_basis"": ""derived_from_reported_components"", ""evidence_url"": ""https://zenodo.org/records/8009107"", ""exactness"": ""exact"", ""notes"": ""The images reuse REFUGE, Drishti-GS, ORIGA, and RIGA sources."", ""primary"": true, ""review_date"": ""2026-08-01"", ""scope"": ""Five source domains after the documented train/test composition"", ""unit"": ""images""}]",Quantities with different units are not interchangeable. Related records and derivative components may overlap.
fundus_report_dataset,Fundus Report Dataset,multimodal,fundus|uwf_fundus|text,0.3.0,2026-07-25,2026-08-01,https://huggingface.co/datasets/zzzzineun/fundus-report-dataset,primary_quantity_resolved,422,image_report_pairs,Fundus or UWF image-report rows,exact,official_source_description,https://huggingface.co/datasets/zzzzineun/fundus-report-dataset,1,0,"[{""count"": 422, ""evidence_basis"": ""official_source_description"", ""evidence_url"": ""https://huggingface.co/datasets/zzzzineun/fundus-report-dataset"", ""exactness"": ""exact"", ""notes"": """", ""primary"": true, ""review_date"": ""2026-08-01"", ""scope"": ""Fundus or UWF image-report rows"", ""unit"": ""image_report_pairs""}]",Quantities with different units are not interchangeable. Related records and derivative components may overlap.
g1020,G1020: Glaucoma Benchmark Fundus Dataset,fundus,fundus,0.3.0,2026-07-25,2026-08-01,https://arxiv.org/abs/2006.09158,primary_quantity_resolved,1020,images,Primary quantity reported in the reviewed catalog source,not_assessed,legacy_catalog_field,https://arxiv.org/abs/2006.09158,1,0,"[{""count"": 1020, ""evidence_basis"": ""legacy_catalog_field"", ""evidence_url"": ""https://arxiv.org/abs/2006.09158"", ""exactness"": ""not_assessed"", ""notes"": """", ""primary"": true, ""review_date"": ""2026-08-01"", ""scope"": ""Primary quantity reported in the reviewed catalog source"", ""unit"": ""images""}]",Quantities with different units are not interchangeable. Related records and derivative components may overlap.
gamma,GAMMA — Glaucoma Grading from Multi-Modality Images,multimodal,fundus|oct,0.3.0,2026-07-25,2026-08-01,https://drive.google.com/file/d/1thJDE1_TR-xa8f3H-0PwPpDxun7rV8Sw/view,primary_quantity_resolved,300,volumes,Primary quantity reported in the reviewed catalog source,not_assessed,legacy_catalog_field,https://drive.google.com/file/d/1thJDE1_TR-xa8f3H-0PwPpDxun7rV8Sw/view,1,0,"[{""count"": 300, ""evidence_basis"": ""legacy_catalog_field"", ""evidence_url"": ""https://drive.google.com/file/d/1thJDE1_TR-xa8f3H-0PwPpDxun7rV8Sw/view"", ""exactness"": ""not_assessed"", ""notes"": """", ""primary"": true, ""review_date"": ""2026-08-01"", ""scope"": ""Primary quantity reported in the reviewed catalog source"", ""unit"": ""volumes""}]",Quantities with different units are not interchangeable. Related records and derivative components may overlap.
gaze360,Gaze360 Physically Unconstrained Gaze Dataset,eye_tracking,eye_tracking,0.3.0,2026-07-25,2026-08-01,https://gaze360.csail.mit.edu/,primary_quantity_resolved,172000,frames,Labeled panoramic-camera frames,approximate,official_source_description,http://gaze360.csail.mit.edu/,2,1,"[{""count"": 172000, ""evidence_basis"": ""official_source_description"", ""evidence_url"": ""http://gaze360.csail.mit.edu/"", ""exactness"": ""approximate"", ""notes"": """", ""primary"": true, ""review_date"": ""2026-08-01"", ""scope"": ""Labeled panoramic-camera frames"", ""unit"": ""frames""}, {""count"": 238, ""evidence_basis"": ""official_source_description"", ""evidence_url"": ""http://gaze360.csail.mit.edu/"", ""exactness"": ""exact"", ""notes"": """", ""primary"": false, ""review_date"": ""2026-08-01"", ""scope"": ""Source-described participants"", ""unit"": ""participants""}]",Quantities with different units are not interchangeable. Related records and derivative components may overlap.
gaze_capture,GazeCapture Mobile Eye-Tracking Dataset,eye_tracking,eye_tracking,0.3.0,2026-07-25,2026-08-01,https://gazecapture.csail.mit.edu/dataset.php,primary_quantity_resolved,2445504,frames,Labeled mobile-camera frames,exact,official_source_description,https://gazecapture.csail.mit.edu/,2,1,"[{""count"": 2445504, ""evidence_basis"": ""official_source_description"", ""evidence_url"": ""https://gazecapture.csail.mit.edu/"", ""exactness"": ""exact"", ""notes"": """", ""primary"": true, ""review_date"": ""2026-08-01"", ""scope"": ""Labeled mobile-camera frames"", ""unit"": ""frames""}, {""count"": 1474, ""evidence_basis"": ""official_source_description"", ""evidence_url"": ""https://gazecapture.csail.mit.edu/"", ""exactness"": ""exact"", ""notes"": """", ""primary"": false, ""review_date"": ""2026-08-01"", ""scope"": ""Crowdsourced participants"", ""unit"": ""participants""}]",Quantities with different units are not interchangeable. Related records and derivative components may overlap.
ghana_eye_screening,Eye Screening Data for First-Year University Students in Ghana,tabular,tabular,0.3.0,2026-07-25,2026-08-01,https://data.mendeley.com/datasets/mfv6sb5wyc/4,primary_quantity_resolved,2494,participants,Participants completing questionnaire and clinical examination,exact,official_source_description,https://data.mendeley.com/datasets/mfv6sb5wyc/4,1,0,"[{""count"": 2494, ""evidence_basis"": ""official_source_description"", ""evidence_url"": ""https://data.mendeley.com/datasets/mfv6sb5wyc/4"", ""exactness"": ""exact"", ""notes"": """", ""primary"": true, ""review_date"": ""2026-08-01"", ""scope"": ""Participants completing questionnaire and clinical examination"", ""unit"": ""participants""}]",Quantities with different units are not interchangeable. Related records and derivative components may overlap.
glaucoma_eye_movements,Eye Movements of Glaucoma Patients with Asymmetrical Visual Field Loss,eye_tracking,eye_tracking,0.3.0,2026-07-25,2026-08-01,https://zenodo.org/records/7761477,primary_quantity_resolved,270,participants,Primary quantity reported in the reviewed catalog source,not_assessed,legacy_catalog_field,https://zenodo.org/records/7761477,1,0,"[{""count"": 270, ""evidence_basis"": ""legacy_catalog_field"", ""evidence_url"": ""https://zenodo.org/records/7761477"", ""exactness"": ""not_assessed"", ""notes"": """", ""primary"": true, ""review_date"": ""2026-08-01"", ""scope"": ""Primary quantity reported in the reviewed catalog source"", ""unit"": ""participants""}]",Quantities with different units are not interchangeable. Related records and derivative components may overlap.
goals,GOALS — Glaucoma OCT Layer Segmentation (MICCAI 2022),oct,oct,0.3.0,2026-07-25,2026-08-01,https://aistudio.baidu.com/competition/detail/783/0/introduction,primary_quantity_resolved,300,images,Primary quantity reported in the reviewed catalog source,not_assessed,legacy_catalog_field,https://aistudio.baidu.com/competition/detail/783/0/introduction,1,0,"[{""count"": 300, ""evidence_basis"": ""legacy_catalog_field"", ""evidence_url"": ""https://aistudio.baidu.com/competition/detail/783/0/introduction"", ""exactness"": ""not_assessed"", ""notes"": """", ""primary"": true, ""review_date"": ""2026-08-01"", ""scope"": ""Primary quantity reported in the reviewed catalog source"", ""unit"": ""images""}]",Quantities with different units are not interchangeable. Related records and derivative components may overlap.
goblet_cell_segmentation,Human Conjunctival Goblet Cell Segmentation Dataset,cell_microscopy,cell_microscopy,0.3.0,2026-07-25,2026-08-01,https://doi.org/10.5281/zenodo.18642562,primary_quantity_resolved,24,images,Unpatched microscopy fields,exact,official_source_description,https://doi.org/10.5281/zenodo.18642562,2,1,"[{""count"": 24, ""evidence_basis"": ""official_source_description"", ""evidence_url"": ""https://doi.org/10.5281/zenodo.18642562"", ""exactness"": ""exact"", ""notes"": """", ""primary"": true, ""review_date"": ""2026-08-01"", ""scope"": ""Unpatched microscopy fields"", ""unit"": ""images""}, {""count"": 1152, ""evidence_basis"": ""official_source_description"", ""evidence_url"": ""https://doi.org/10.5281/zenodo.18642562"", ""exactness"": ""exact"", ""notes"": ""Patches derive from the 24 primary fields and must not be added as independent source images."", ""primary"": false, ""review_date"": ""2026-08-01"", ""scope"": ""Derivative 256 by 256 patches"", ""unit"": ""images""}]",Quantities with different units are not interchangeable. Related records and derivative components may overlap.
grape,GRAPE: Glaucoma Real-world Appraisal Progression Ensemble,multimodal,fundus|oct|visual_field|tabular,0.3.0,2026-07-25,2026-08-01,https://doi.org/10.6084/m9.figshare.c.6406319,primary_quantity_resolved,1115,examinations,Primary quantity reported in the reviewed catalog source,not_assessed,legacy_catalog_field,https://doi.org/10.6084/m9.figshare.c.6406319,1,0,"[{""count"": 1115, ""evidence_basis"": ""legacy_catalog_field"", ""evidence_url"": ""https://doi.org/10.6084/m9.figshare.c.6406319"", ""exactness"": ""not_assessed"", ""notes"": """", ""primary"": true, ""review_date"": ""2026-08-01"", ""scope"": ""Primary quantity reported in the reviewed catalog source"", ""unit"": ""examinations""}]",Quantities with different units are not interchangeable. Related records and derivative components may overlap.
harvard_fairvision,"Harvard-FairVision (AMD + DR + Glaucoma, paired SLO + OCT)",multimodal,fundus|oct,0.3.0,2026-07-25,2026-08-01,https://ophai.hms.harvard.edu/datasets/harvard-fairvision30k,primary_quantity_resolved,30000,participants,Primary quantity reported in the reviewed catalog source,not_assessed,legacy_catalog_field,https://ophai.hms.harvard.edu/datasets/harvard-fairvision30k,1,0,"[{""count"": 30000, ""evidence_basis"": ""legacy_catalog_field"", ""evidence_url"": ""https://ophai.hms.harvard.edu/datasets/harvard-fairvision30k"", ""exactness"": ""not_assessed"", ""notes"": """", ""primary"": true, ""review_date"": ""2026-08-01"", ""scope"": ""Primary quantity reported in the reviewed catalog source"", ""unit"": ""participants""}]",Quantities with different units are not interchangeable. Related records and derivative components may overlap.
harvard_gdp,Harvard GDP: Glaucoma Detection and Progression Dataset,oct,oct|visual_field|tabular,0.3.0,2026-07-25,2026-08-01,https://drive.google.com/drive/folders/1JMi_HCql113uc9X0DOaMkNfEWfxaDlEz,primary_quantity_resolved,1000,participants,Primary quantity reported in the reviewed catalog source,not_assessed,legacy_catalog_field,https://drive.google.com/drive/folders/1JMi_HCql113uc9X0DOaMkNfEWfxaDlEz,1,0,"[{""count"": 1000, ""evidence_basis"": ""legacy_catalog_field"", ""evidence_url"": ""https://drive.google.com/drive/folders/1JMi_HCql113uc9X0DOaMkNfEWfxaDlEz"", ""exactness"": ""not_assessed"", ""notes"": """", ""primary"": true, ""review_date"": ""2026-08-01"", ""scope"": ""Primary quantity reported in the reviewed catalog source"", ""unit"": ""participants""}]",Quantities with different units are not interchangeable. Related records and derivative components may overlap.
harvard_glaucoma,Harvard Glaucoma Fundus Image Dataset,fundus,fundus,0.3.0,2026-07-25,2026-08-01,https://doi.org/10.7910/DVN/1YRRAC,primary_quantity_resolved,1000,images,Primary quantity reported in the reviewed catalog source,not_assessed,legacy_catalog_field,https://doi.org/10.7910/DVN/1YRRAC,1,0,"[{""count"": 1000, ""evidence_basis"": ""legacy_catalog_field"", ""evidence_url"": ""https://doi.org/10.7910/DVN/1YRRAC"", ""exactness"": ""not_assessed"", ""notes"": """", ""primary"": true, ""review_date"": ""2026-08-01"", ""scope"": ""Primary quantity reported in the reviewed catalog source"", ""unit"": ""images""}]",Quantities with different units are not interchangeable. Related records and derivative components may overlap.
hassan_composite_retina,Composite Retinal Fundus and OCT Dataset with Clinical Markings,multimodal,fundus|oct,0.3.0,2026-07-25,2026-08-01,https://data.mendeley.com/datasets/trghs22fpg/4,primary_quantity_unresolved,,,,,,,2,2,"[{""count"": 64, ""evidence_basis"": ""associated_publication"", ""evidence_url"": ""https://doi.org/10.1016/B978-0-12-817438-8.00005-5"", ""exactness"": ""exact"", ""notes"": ""The count was not confirmed as the exact content of the cataloged Mendeley v4 archive."", ""primary"": false, ""review_date"": ""2026-08-01"", ""scope"": ""Fundus component described by the associated publication"", ""unit"": ""images""}, {""count"": 2497, ""evidence_basis"": ""associated_publication"", ""evidence_url"": ""https://doi.org/10.1016/B978-0-12-817438-8.00005-5"", ""exactness"": ""exact"", ""notes"": ""The count was not confirmed as the exact content of the cataloged Mendeley v4 archive."", ""primary"": false, ""review_date"": ""2026-08-01"", ""scope"": ""OCT component described by the associated publication"", ""unit"": ""b_scans""}]",Quantities with different units are not interchangeable. Related records and derivative components may overlap.
hei_med,HEI-MED: Hamilton Eye Institute Macular Edema Dataset,fundus,fundus,0.3.0,2026-07-25,2026-08-01,https://github.com/lgiancaUTH/HEI-MED,primary_quantity_resolved,169,images,Primary quantity reported in the reviewed catalog source,not_assessed,legacy_catalog_field,https://github.com/lgiancaUTH/HEI-MED,1,0,"[{""count"": 169, ""evidence_basis"": ""legacy_catalog_field"", ""evidence_url"": ""https://github.com/lgiancaUTH/HEI-MED"", ""exactness"": ""not_assessed"", ""notes"": """", ""primary"": true, ""review_date"": ""2026-08-01"", ""scope"": ""Primary quantity reported in the reviewed catalog source"", ""unit"": ""images""}]",Quantities with different units are not interchangeable. Related records and derivative components may overlap.
hpmi,HPMI: High & Pathological Myopia Identification,fundus,fundus,0.3.0,2026-07-25,2026-08-01,https://doi.org/10.6084/m9.figshare.24800232,primary_quantity_resolved,4011,images,Primary quantity reported in the reviewed catalog source,not_assessed,legacy_catalog_field,https://doi.org/10.6084/m9.figshare.24800232,1,0,"[{""count"": 4011, ""evidence_basis"": ""legacy_catalog_field"", ""evidence_url"": ""https://doi.org/10.6084/m9.figshare.24800232"", ""exactness"": ""not_assessed"", ""notes"": """", ""primary"": true, ""review_date"": ""2026-08-01"", ""scope"": ""Primary quantity reported in the reviewed catalog source"", ""unit"": ""images""}]",Quantities with different units are not interchangeable. Related records and derivative components may overlap.
hrf,HRF: High-Resolution Fundus Image Database,fundus,fundus,0.3.0,2026-07-25,2026-08-01,https://www5.cs.fau.de/research/data/fundus-images/,primary_quantity_resolved,45,images,Primary quantity reported in the reviewed catalog source,not_assessed,legacy_catalog_field,https://www5.cs.fau.de/research/data/fundus-images/,1,0,"[{""count"": 45, ""evidence_basis"": ""legacy_catalog_field"", ""evidence_url"": ""https://www5.cs.fau.de/research/data/fundus-images/"", ""exactness"": ""not_assessed"", ""notes"": """", ""primary"": true, ""review_date"": ""2026-08-01"", ""scope"": ""Primary quantity reported in the reviewed catalog source"", ""unit"": ""images""}]",Quantities with different units are not interchangeable. Related records and derivative components may overlap.
hrf_seg_plus,HRF-Seg+: Multi-Structure Fundus Annotations,fundus,fundus,0.3.0,2026-07-25,2026-08-01,https://zenodo.org/records/16744782,primary_quantity_resolved,45,images,HRF images receiving extended annotations,exact,official_source_description,https://zenodo.org/records/16744782,1,0,"[{""count"": 45, ""evidence_basis"": ""official_source_description"", ""evidence_url"": ""https://zenodo.org/records/16744782"", ""exactness"": ""exact"", ""notes"": """", ""primary"": true, ""review_date"": ""2026-08-01"", ""scope"": ""HRF images receiving extended annotations"", ""unit"": ""images""}]",Quantities with different units are not interchangeable. Related records and derivative components may overlap.
hyamd,HYAMD High-Resolution Fundus Image Dataset for AMD Diagnosis,fundus,fundus,0.3.0,2026-07-25,2026-08-01,https://physionet.org/content/hillel-yaffe-fundus-amd/1.0.0/,primary_quantity_resolved,1560,images,Primary quantity reported in the reviewed catalog source,not_assessed,legacy_catalog_field,https://physionet.org/content/hillel-yaffe-fundus-amd/1.0.0/,1,0,"[{""count"": 1560, ""evidence_basis"": ""legacy_catalog_field"", ""evidence_url"": ""https://physionet.org/content/hillel-yaffe-fundus-amd/1.0.0/"", ""exactness"": ""not_assessed"", ""notes"": """", ""primary"": true, ""review_date"": ""2026-08-01"", ""scope"": ""Primary quantity reported in the reviewed catalog source"", ""unit"": ""images""}]",Quantities with different units are not interchangeable. Related records and derivative components may overlap.
hygd,HYGD: Hillel Yaffe Glaucoma Dataset,fundus,fundus,0.3.0,2026-07-25,2026-08-01,https://doi.org/10.13026/pdxv-m215,primary_quantity_resolved,747,images,Primary quantity reported in the reviewed catalog source,not_assessed,legacy_catalog_field,https://doi.org/10.13026/pdxv-m215,1,0,"[{""count"": 747, ""evidence_basis"": ""legacy_catalog_field"", ""evidence_url"": ""https://doi.org/10.13026/pdxv-m215"", ""exactness"": ""not_assessed"", ""notes"": """", ""primary"": true, ""review_date"": ""2026-08-01"", ""scope"": ""Primary quantity reported in the reviewed catalog source"", ""unit"": ""images""}]",Quantities with different units are not interchangeable. Related records and derivative components may overlap.
ichallenge_amd,iChallenge-AMD: Age-related Macular Degeneration,fundus,fundus,0.3.0,2026-07-25,2026-08-01,https://amd.grand-challenge.org/download/,primary_quantity_resolved,400,images,Primary quantity reported in the reviewed catalog source,not_assessed,legacy_catalog_field,https://amd.grand-challenge.org/download/,1,0,"[{""count"": 400, ""evidence_basis"": ""legacy_catalog_field"", ""evidence_url"": ""https://amd.grand-challenge.org/download/"", ""exactness"": ""not_assessed"", ""notes"": """", ""primary"": true, ""review_date"": ""2026-08-01"", ""scope"": ""Primary quantity reported in the reviewed catalog source"", ""unit"": ""images""}]",Quantities with different units are not interchangeable. Related records and derivative components may overlap.
ichallenge_oct,iChallenge OCT Datasets (HDMILab / OMIA Workshops),oct,oct,0.3.0,2026-07-25,2026-08-01,http://hdmilab.cn/ichallenge,primary_quantity_resolved,300,volumes,Primary quantity reported in the reviewed catalog source,not_assessed,legacy_catalog_field,http://hdmilab.cn/ichallenge,1,0,"[{""count"": 300, ""evidence_basis"": ""legacy_catalog_field"", ""evidence_url"": ""http://hdmilab.cn/ichallenge"", ""exactness"": ""not_assessed"", ""notes"": """", ""primary"": true, ""review_date"": ""2026-08-01"", ""scope"": ""Primary quantity reported in the reviewed catalog source"", ""unit"": ""volumes""}]",Quantities with different units are not interchangeable. Related records and derivative components may overlap.
idrid,IDRiD: Indian Diabetic Retinopathy Image Dataset,fundus,fundus,0.3.0,2026-07-25,2026-08-01,https://ieee-dataport.org/open-access/indian-diabetic-retinopathy-image-dataset-idrid,primary_quantity_resolved,516,images,Primary quantity reported in the reviewed catalog source,not_assessed,legacy_catalog_field,https://ieee-dataport.org/open-access/indian-diabetic-retinopathy-image-dataset-idrid,1,0,"[{""count"": 516, ""evidence_basis"": ""legacy_catalog_field"", ""evidence_url"": ""https://ieee-dataport.org/open-access/indian-diabetic-retinopathy-image-dataset-idrid"", ""exactness"": ""not_assessed"", ""notes"": """", ""primary"": true, ""review_date"": ""2026-08-01"", ""scope"": ""Primary quantity reported in the reviewed catalog source"", ""unit"": ""images""}]",Quantities with different units are not interchangeable. Related records and derivative components may overlap.
insegcat,InSegCat: Instance Segmentation for Cataract Surgery,surgical_video,surgical_video,0.3.0,2026-07-25,2026-08-01,https://ftp.itec.aau.at/datasets/ovid/InSegCat/,primary_quantity_resolved,5581,annotated_images,Current Dataset 1 v2 plus Dataset 2,exact,derived_from_reported_components,https://ftp.itec.aau.at/datasets/ovid/InSegCat/,3,2,"[{""count"": 5581, ""evidence_basis"": ""derived_from_reported_components"", ""evidence_url"": ""https://ftp.itec.aau.at/datasets/ovid/InSegCat/"", ""exactness"": ""exact"", ""notes"": """", ""primary"": true, ""review_date"": ""2026-08-01"", ""scope"": ""Current Dataset 1 v2 plus Dataset 2"", ""unit"": ""annotated_images""}, {""count"": 843, ""evidence_basis"": ""official_source_description"", ""evidence_url"": ""https://ftp.itec.aau.at/datasets/ovid/InSegCat/"", ""exactness"": ""exact"", ""notes"": """", ""primary"": false, ""review_date"": ""2026-08-01"", ""scope"": ""Dataset 1 v2, manually annotated Cataract-101 frames"", ""unit"": ""annotated_images""}, {""count"": 4738, ""evidence_basis"": ""official_source_description"", ""evidence_url"": ""https://ftp.itec.aau.at/datasets/ovid/InSegCat/"", ""exactness"": ""exact"", ""notes"": """", ""primary"": false, ""review_date"": ""2026-08-01"", ""scope"": ""Dataset 2, CaDIS-derived annotations"", ""unit"": ""annotated_images""}]",Quantities with different units are not interchangeable. Related records and derivative components may overlap.
intraretinal_cystoid_fluid,Intraretinal Cystoid Fluid OCT Segmentation Dataset,oct,oct,0.3.0,2026-07-25,2026-08-01,https://www.kaggle.com/datasets/zeeshanahmed13/intraretinal-cystoid-fluid,primary_quantity_resolved,1460,images,Primary quantity reported in the reviewed catalog source,not_assessed,legacy_catalog_field,https://www.kaggle.com/datasets/zeeshanahmed13/intraretinal-cystoid-fluid,1,0,"[{""count"": 1460, ""evidence_basis"": ""legacy_catalog_field"", ""evidence_url"": ""https://www.kaggle.com/datasets/zeeshanahmed13/intraretinal-cystoid-fluid"", ""exactness"": ""not_assessed"", ""notes"": """", ""primary"": true, ""review_date"": ""2026-08-01"", ""scope"": ""Primary quantity reported in the reviewed catalog source"", ""unit"": ""images""}]",Quantities with different units are not interchangeable. Related records and derivative components may overlap.
irfdrd,Iraqi Retinal Fundus Diabetic Retinopathy Dataset,fundus,fundus,0.3.0,2026-07-25,2026-08-01,https://zenodo.org/records/12552326,primary_quantity_resolved,700,images,JPEG files in the three nested class archives,exact,current_deposit_file_listing,https://zenodo.org/records/12552326,1,0,"[{""count"": 700, ""evidence_basis"": ""current_deposit_file_listing"", ""evidence_url"": ""https://zenodo.org/records/12552326"", ""exactness"": ""exact"", ""notes"": ""Archive listing resolves a conflicting class table in the source description: 153 healthy, 59 mild, 304 moderate, 99 severe, and 85 PDR files."", ""primary"": true, ""review_date"": ""2026-08-01"", ""scope"": ""JPEG files in the three nested class archives"", ""unit"": ""images""}]",Quantities with different units are not interchangeable. Related records and derivative components may overlap.
jichi,Jichi Medical University Diabetic Retinopathy Dataset,fundus,fundus,0.3.0,2026-07-25,2026-08-01,https://doi.org/10.6084/m9.figshare.4879853,primary_quantity_resolved,9939,images,Primary quantity reported in the reviewed catalog source,not_assessed,legacy_catalog_field,https://doi.org/10.6084/m9.figshare.4879853,1,0,"[{""count"": 9939, ""evidence_basis"": ""legacy_catalog_field"", ""evidence_url"": ""https://doi.org/10.6084/m9.figshare.4879853"", ""exactness"": ""not_assessed"", ""notes"": """", ""primary"": true, ""review_date"": ""2026-08-01"", ""scope"": ""Primary quantity reported in the reviewed catalog source"", ""unit"": ""images""}]",Quantities with different units are not interchangeable. Related records and derivative components may overlap.
jrc_multimodal_vessels,JRC Multi-Modal Retinal Vessel Segmentation,multimodal,fundus|fundus_angiography|fundus_autofluorescence|infrared,0.3.0,2026-07-25,2026-08-01,https://zenodo.org/records/17874693,primary_quantity_resolved,120,images,"Forty images in each of FA, FAF, and infrared subsets",exact,derived_from_reported_components,https://zenodo.org/records/17874693,1,0,"[{""count"": 120, ""evidence_basis"": ""derived_from_reported_components"", ""evidence_url"": ""https://zenodo.org/records/17874693"", ""exactness"": ""exact"", ""notes"": """", ""primary"": true, ""review_date"": ""2026-08-01"", ""scope"": ""Forty images in each of FA, FAF, and infrared subsets"", ""unit"": ""images""}]",Quantities with different units are not interchangeable. Related records and derivative components may overlap.
jsiec,JSIEC Fundus Photo Dataset,fundus,fundus,0.3.0,2026-07-25,2026-08-01,https://zenodo.org/record/3477553,primary_quantity_resolved,1000,images,Primary quantity reported in the reviewed catalog source,not_assessed,legacy_catalog_field,https://zenodo.org/record/3477553,1,0,"[{""count"": 1000, ""evidence_basis"": ""legacy_catalog_field"", ""evidence_url"": ""https://zenodo.org/record/3477553"", ""exactness"": ""not_assessed"", ""notes"": """", ""primary"": true, ""review_date"": ""2026-08-01"", ""scope"": ""Primary quantity reported in the reviewed catalog source"", ""unit"": ""images""}]",Quantities with different units are not interchangeable. Related records and derivative components may overlap.
justraigs,JustRAIGS: Just Referral AI Glaucoma Screening Dataset,fundus,fundus,0.3.0,2026-07-25,2026-08-01,https://zenodo.org/records/10035093,primary_quantity_resolved,101442,images,Primary quantity reported in the reviewed catalog source,not_assessed,legacy_catalog_field,https://zenodo.org/records/10035093,1,0,"[{""count"": 101442, ""evidence_basis"": ""legacy_catalog_field"", ""evidence_url"": ""https://zenodo.org/records/10035093"", ""exactness"": ""not_assessed"", ""notes"": """", ""primary"": true, ""review_date"": ""2026-08-01"", ""scope"": ""Primary quantity reported in the reviewed catalog source"", ""unit"": ""images""}]",Quantities with different units are not interchangeable. Related records and derivative components may overlap.
keratoconus_detection_kaggle,Keratoconus Detection Corneal Maps,corneal_topography,corneal_topography,0.3.0,2026-07-25,2026-08-01,https://www.kaggle.com/datasets/elmehdi12/keratoconus-detection,primary_quantity_resolved,573,images,Primary quantity reported in the reviewed catalog source,not_assessed,legacy_catalog_field,https://www.kaggle.com/datasets/elmehdi12/keratoconus-detection,1,0,"[{""count"": 573, ""evidence_basis"": ""legacy_catalog_field"", ""evidence_url"": ""https://www.kaggle.com/datasets/elmehdi12/keratoconus-detection"", ""exactness"": ""not_assessed"", ""notes"": """", ""primary"": true, ""review_date"": ""2026-08-01"", ""scope"": ""Primary quantity reported in the reviewed catalog source"", ""unit"": ""images""}]",Quantities with different units are not interchangeable. Related records and derivative components may overlap.
kermany_oct,Kermany OCT 2018: Retinal OCT Image Classification,oct,oct,0.3.0,2026-07-25,2026-08-01,https://www.kaggle.com/datasets/paultimothymooney/kermany2018,primary_quantity_resolved,84484,images,Primary quantity reported in the reviewed catalog source,not_assessed,legacy_catalog_field,https://www.kaggle.com/datasets/paultimothymooney/kermany2018,1,0,"[{""count"": 84484, ""evidence_basis"": ""legacy_catalog_field"", ""evidence_url"": ""https://www.kaggle.com/datasets/paultimothymooney/kermany2018"", ""exactness"": ""not_assessed"", ""notes"": """", ""primary"": true, ""review_date"": ""2026-08-01"", ""scope"": ""Primary quantity reported in the reviewed catalog source"", ""unit"": ""images""}]",Quantities with different units are not interchangeable. Related records and derivative components may overlap.
lag,LAG: Large-scale Attention-based Glaucoma Database,fundus,fundus,0.3.0,2026-07-25,2026-08-01,https://github.com/smilell/AG-CNN,primary_quantity_resolved,11760,images,Primary quantity reported in the reviewed catalog source,not_assessed,legacy_catalog_field,https://github.com/smilell/AG-CNN,1,0,"[{""count"": 11760, ""evidence_basis"": ""legacy_catalog_field"", ""evidence_url"": ""https://github.com/smilell/AG-CNN"", ""exactness"": ""not_assessed"", ""notes"": """", ""primary"": true, ""review_date"": ""2026-08-01"", ""scope"": ""Primary quantity reported in the reviewed catalog source"", ""unit"": ""images""}]",Quantities with different units are not interchangeable. Related records and derivative components may overlap.
leops_erg,LEOPs Light-Adapted Electroretinogram and Oscillatory Potentials Dataset,electrophysiology,electrophysiology|tabular,0.3.0,2026-07-25,2026-08-01,https://data.mendeley.com/datasets/w3yx7hdds7/1,primary_quantity_resolved,9743,signals,Averaged ERG and oscillatory-potential waveforms,exact,derived_from_reported_components,https://data.mendeley.com/datasets/w3yx7hdds7/1,3,2,"[{""count"": 9743, ""evidence_basis"": ""derived_from_reported_components"", ""evidence_url"": ""https://data.mendeley.com/datasets/w3yx7hdds7/1"", ""exactness"": ""exact"", ""notes"": """", ""primary"": true, ""review_date"": ""2026-08-01"", ""scope"": ""Averaged ERG and oscillatory-potential waveforms"", ""unit"": ""signals""}, {""count"": 253, ""evidence_basis"": ""official_source_description"", ""evidence_url"": ""https://data.mendeley.com/datasets/w3yx7hdds7/1"", ""exactness"": ""exact"", ""notes"": """", ""primary"": false, ""review_date"": ""2026-08-01"", ""scope"": ""Pediatric participants"", ""unit"": ""participants""}, {""count"": 558, ""evidence_basis"": ""official_source_description"", ""evidence_url"": ""https://data.mendeley.com/datasets/w3yx7hdds7/1"", ""exactness"": ""exact"", ""notes"": """", ""primary"": false, ""review_date"": ""2026-08-01"", ""scope"": ""Electrode-position eye images"", ""unit"": ""images""}]",Quantities with different units are not interchangeable. Related records and derivative components may overlap.
lmod_cataract_1k,LMOD-Cataract-1K,surgical_video,surgical_video,0.3.0,2026-07-25,2026-08-01,https://huggingface.co/datasets/mehti/LMOD-Cataract-1K,primary_quantity_resolved,2256,images,Rows in the versioned Hugging Face deposit,exact,current_deposit_table,https://huggingface.co/datasets/mehti/LMOD-Cataract-1K,1,0,"[{""count"": 2256, ""evidence_basis"": ""current_deposit_table"", ""evidence_url"": ""https://huggingface.co/datasets/mehti/LMOD-Cataract-1K"", ""exactness"": ""exact"", ""notes"": """", ""primary"": true, ""review_date"": ""2026-08-01"", ""scope"": ""Rows in the versioned Hugging Face deposit"", ""unit"": ""images""}]",Quantities with different units are not interchangeable. Related records and derivative components may overlap.
lmod_cataract_1k_cot,Cataract-1K Surgical Analysis Chain-of-Thought Dataset,multimodal,surgical_video|text,0.3.0,2026-07-25,2026-08-01,https://huggingface.co/datasets/mehti/LMOD-Cataract-1K-surgical-analysis-cot,primary_quantity_resolved,2256,images,PNG images in the versioned Hugging Face deposit,exact,current_deposit_file_listing,https://huggingface.co/datasets/mehti/LMOD-Cataract-1K-surgical-analysis-cot,2,1,"[{""count"": 2256, ""evidence_basis"": ""current_deposit_file_listing"", ""evidence_url"": ""https://huggingface.co/datasets/mehti/LMOD-Cataract-1K-surgical-analysis-cot"", ""exactness"": ""exact"", ""notes"": """", ""primary"": true, ""review_date"": ""2026-08-01"", ""scope"": ""PNG images in the versioned Hugging Face deposit"", ""unit"": ""images""}, {""count"": 11280, ""evidence_basis"": ""current_deposit_table"", ""evidence_url"": ""https://huggingface.co/datasets/mehti/LMOD-Cataract-1K-surgical-analysis-cot"", ""exactness"": ""exact"", ""notes"": ""The five folds repeat the 2,256 source images; 11,280 is not a unique-image count."", ""primary"": false, ""review_date"": ""2026-08-01"", ""scope"": ""Rows across five cross-validation train/validation fold pairs"", ""unit"": ""question_answer_pairs""}]",Quantities with different units are not interchangeable. Related records and derivative components may overlap.
lmod_plus,LMOD+ Multimodal Ophthalmology Benchmark,multimodal,fundus|oct|external_eye|surgical_video|text|tabular,0.3.0,2026-07-25,2026-08-01,https://kfzyqin.github.io/lmod_plus/,primary_quantity_resolved,32633,annotated_instances,Composite benchmark instances,exact,official_source_description,https://kfzyqin.github.io/lmod_plus/,1,0,"[{""count"": 32633, ""evidence_basis"": ""official_source_description"", ""evidence_url"": ""https://kfzyqin.github.io/lmod_plus/"", ""exactness"": ""exact"", ""notes"": """", ""primary"": true, ""review_date"": ""2026-08-01"", ""scope"": ""Composite benchmark instances"", ""unit"": ""annotated_instances""}]",Quantities with different units are not interchangeable. Related records and derivative components may overlap.
lpw,LPW Labelled Pupils in the Wild,eye_tracking,eye_tracking,0.3.0,2026-07-25,2026-08-01,https://www.mpi-inf.mpg.de/de/departments/computer-vision-and-machine-learning/research/gaze-based-human-computer-interaction/labelled-pupils-in-the-wild-lpw/,primary_quantity_resolved,130856,frames,Labeled eye-region images,exact,official_source_description,https://www.mpi-inf.mpg.de/departments/computer-vision-and-machine-learning/research/gaze-based-human-computer-interaction/labelled-pupils-in-the-wild-lpw,3,2,"[{""count"": 130856, ""evidence_basis"": ""official_source_description"", ""evidence_url"": ""https://www.mpi-inf.mpg.de/departments/computer-vision-and-machine-learning/research/gaze-based-human-computer-interaction/labelled-pupils-in-the-wild-lpw"", ""exactness"": ""exact"", ""notes"": """", ""primary"": true, ""review_date"": ""2026-08-01"", ""scope"": ""Labeled eye-region images"", ""unit"": ""frames""}, {""count"": 66, ""evidence_basis"": ""official_source_description"", ""evidence_url"": ""https://www.mpi-inf.mpg.de/departments/computer-vision-and-machine-learning/research/gaze-based-human-computer-interaction/labelled-pupils-in-the-wild-lpw"", ""exactness"": ""exact"", ""notes"": """", ""primary"": false, ""review_date"": ""2026-08-01"", ""scope"": ""High-speed source videos"", ""unit"": ""videos""}, {""count"": 22, ""evidence_basis"": ""official_source_description"", ""evidence_url"": ""https://www.mpi-inf.mpg.de/departments/computer-vision-and-machine-learning/research/gaze-based-human-computer-interaction/labelled-pupils-in-the-wild-lpw"", ""exactness"": ""exact"", ""notes"": """", ""primary"": false, ""review_date"": ""2026-08-01"", ""scope"": ""Participants recorded in everyday locations"", ""unit"": ""participants""}]",Quantities with different units are not interchangeable. Related records and derivative components may overlap.
maetschke_glaucoma_oct,OCT Volumes for Glaucoma Detection,oct,oct,0.3.0,2026-07-25,2026-08-01,https://doi.org/10.5281/zenodo.1481223,primary_quantity_resolved,1110,volumes,Primary quantity reported in the reviewed catalog source,not_assessed,legacy_catalog_field,https://doi.org/10.5281/zenodo.1481223,1,0,"[{""count"": 1110, ""evidence_basis"": ""legacy_catalog_field"", ""evidence_url"": ""https://doi.org/10.5281/zenodo.1481223"", ""exactness"": ""not_assessed"", ""notes"": """", ""primary"": true, ""review_date"": ""2026-08-01"", ""scope"": ""Primary quantity reported in the reviewed catalog source"", ""unit"": ""volumes""}]",Quantities with different units are not interchangeable. Related records and derivative components may overlap.
maples_dr,MAPLES-DR: Montreal Annotation Project for DR,fundus,fundus,0.3.0,2026-07-25,2026-08-01,https://doi.org/10.6084/m9.figshare.24328660,primary_quantity_resolved,198,images,Primary quantity reported in the reviewed catalog source,not_assessed,legacy_catalog_field,https://doi.org/10.6084/m9.figshare.24328660,1,0,"[{""count"": 198, ""evidence_basis"": ""legacy_catalog_field"", ""evidence_url"": ""https://doi.org/10.6084/m9.figshare.24328660"", ""exactness"": ""not_assessed"", ""notes"": """", ""primary"": true, ""review_date"": ""2026-08-01"", ""scope"": ""Primary quantity reported in the reviewed catalog source"", ""unit"": ""images""}]",Quantities with different units are not interchangeable. Related records and derivative components may overlap.
mario,MARIO: AMD-Progression Longitudinal OCT (MICCAI 2024),oct,oct,0.3.0,2026-07-25,2026-08-01,https://zenodo.org/records/15270469,primary_quantity_resolved,30000,images,Primary quantity reported in the reviewed catalog source,not_assessed,legacy_catalog_field,https://zenodo.org/records/15270469,1,0,"[{""count"": 30000, ""evidence_basis"": ""legacy_catalog_field"", ""evidence_url"": ""https://zenodo.org/records/15270469"", ""exactness"": ""not_assessed"", ""notes"": """", ""primary"": true, ""review_date"": ""2026-08-01"", ""scope"": ""Primary quantity reported in the reviewed catalog source"", ""unit"": ""images""}]",Quantities with different units are not interchangeable. Related records and derivative components may overlap.
mbrset,mBRSET: Mobile Brazilian Retinal Dataset,fundus,fundus,0.3.0,2026-07-25,2026-08-01,https://physionet.org/content/mbrset/1.0/,primary_quantity_resolved,5164,images,Primary quantity reported in the reviewed catalog source,not_assessed,legacy_catalog_field,https://physionet.org/content/mbrset/1.0/,1,0,"[{""count"": 5164, ""evidence_basis"": ""legacy_catalog_field"", ""evidence_url"": ""https://physionet.org/content/mbrset/1.0/"", ""exactness"": ""not_assessed"", ""notes"": """", ""primary"": true, ""review_date"": ""2026-08-01"", ""scope"": ""Primary quantity reported in the reviewed catalog source"", ""unit"": ""images""}]",Quantities with different units are not interchangeable. Related records and derivative components may overlap.
mcoa,MCOA: Multimodal Corneal Opacity Assessment Dataset,multimodal,oct|external_eye,0.3.0,2026-07-25,2026-08-01,https://doi.org/10.6084/m9.figshare.28123088.v1,primary_quantity_resolved,6664,images,Primary quantity reported in the reviewed catalog source,not_assessed,legacy_catalog_field,https://doi.org/10.6084/m9.figshare.28123088.v1,1,0,"[{""count"": 6664, ""evidence_basis"": ""legacy_catalog_field"", ""evidence_url"": ""https://doi.org/10.6084/m9.figshare.28123088.v1"", ""exactness"": ""not_assessed"", ""notes"": """", ""primary"": true, ""review_date"": ""2026-08-01"", ""scope"": ""Primary quantity reported in the reviewed catalog source"", ""unit"": ""images""}]",Quantities with different units are not interchangeable. Related records and derivative components may overlap.
messidor2,MESSIDOR-2,fundus,fundus,0.3.0,2026-07-25,2026-08-01,https://www.adcis.net/en/third-party/messidor2/,primary_quantity_resolved,1748,images,Primary quantity reported in the reviewed catalog source,not_assessed,legacy_catalog_field,https://www.adcis.net/en/third-party/messidor2/,1,0,"[{""count"": 1748, ""evidence_basis"": ""legacy_catalog_field"", ""evidence_url"": ""https://www.adcis.net/en/third-party/messidor2/"", ""exactness"": ""not_assessed"", ""notes"": """", ""primary"": true, ""review_date"": ""2026-08-01"", ""scope"": ""Primary quantity reported in the reviewed catalog source"", ""unit"": ""images""}]",Quantities with different units are not interchangeable. Related records and derivative components may overlap.
mfiddr,MFIDDR: Multi-Field Imaging Dataset for Diabetic Retinopathy,fundus,fundus,0.3.0,2026-07-25,2026-08-01,https://github.com/mfiddr/MFIDDR,primary_quantity_resolved,34452,images,Primary quantity reported in the reviewed catalog source,not_assessed,legacy_catalog_field,https://github.com/mfiddr/MFIDDR,1,0,"[{""count"": 34452, ""evidence_basis"": ""legacy_catalog_field"", ""evidence_url"": ""https://github.com/mfiddr/MFIDDR"", ""exactness"": ""not_assessed"", ""notes"": """", ""primary"": true, ""review_date"": ""2026-08-01"", ""scope"": ""Primary quantity reported in the reviewed catalog source"", ""unit"": ""images""}]",Quantities with different units are not interchangeable. Related records and derivative components may overlap.
mgd1k,MGD-1k Meibomian Gland Dataset,external_eye,external_eye,0.3.0,2026-07-25,2026-08-01,https://mgd1k.github.io/index.html,primary_quantity_resolved,1000,images,Primary quantity reported in the reviewed catalog source,not_assessed,legacy_catalog_field,https://mgd1k.github.io/index.html,1,0,"[{""count"": 1000, ""evidence_basis"": ""legacy_catalog_field"", ""evidence_url"": ""https://mgd1k.github.io/index.html"", ""exactness"": ""not_assessed"", ""notes"": """", ""primary"": true, ""review_date"": ""2026-08-01"", ""scope"": ""Primary quantity reported in the reviewed catalog source"", ""unit"": ""images""}]",Quantities with different units are not interchangeable. Related records and derivative components may overlap.
migs_video,Multicenter Fine-Annotated MIGS Surgical Video Dataset,surgical_video,surgical_video,0.3.0,2026-07-25,2026-08-01,https://zenodo.org/records/19438128,primary_quantity_resolved,186,videos,Primary quantity reported in the reviewed catalog source,not_assessed,legacy_catalog_field,https://doi.org/10.1038/s41597-026-07535-2,1,0,"[{""count"": 186, ""evidence_basis"": ""legacy_catalog_field"", ""evidence_url"": ""https://doi.org/10.1038/s41597-026-07535-2"", ""exactness"": ""not_assessed"", ""notes"": """", ""primary"": true, ""review_date"": ""2026-08-01"", ""scope"": ""Primary quantity reported in the reviewed catalog source"", ""unit"": ""videos""}]",Quantities with different units are not interchangeable. Related records and derivative components may overlap.
mm_retinal_reason,MM-Retinal-Reason: Ophthalmology Multimodal Reasoning Dataset,multimodal,fundus|fundus_angiography|oct|text,0.3.0,2026-07-25,2026-08-01,https://huggingface.co/datasets/lxirich/MM-Retinal-Reason,primary_quantity_resolved,130,question_answer_pairs,Sixty basic and seventy complex reasoning records,exact,current_deposit_table,https://huggingface.co/datasets/lxirich/MM-Retinal-Reason/tree/d6243baa82c0914dba3c6f43ca79fdbf856982ef,3,2,"[{""count"": 130, ""evidence_basis"": ""current_deposit_table"", ""evidence_url"": ""https://huggingface.co/datasets/lxirich/MM-Retinal-Reason/tree/d6243baa82c0914dba3c6f43ca79fdbf856982ef"", ""exactness"": ""exact"", ""notes"": """", ""primary"": true, ""review_date"": ""2026-08-01"", ""scope"": ""Sixty basic and seventy complex reasoning records"", ""unit"": ""question_answer_pairs""}, {""count"": 227, ""evidence_basis"": ""current_deposit_table"", ""evidence_url"": ""https://huggingface.co/datasets/lxirich/MM-Retinal-Reason/tree/d6243baa82c0914dba3c6f43ca79fdbf856982ef"", ""exactness"": ""exact"", ""notes"": ""Complex records can reference more than one image; references need not be unique images."", ""primary"": false, ""review_date"": ""2026-08-01"", ""scope"": ""Image references across the 130 reasoning records"", ""unit"": ""image_references""}, {""count"": 45, ""evidence_basis"": ""official_source_description"", ""evidence_url"": ""https://huggingface.co/datasets/lxirich/MM-Retinal-Reason/tree/d6243baa82c0914dba3c6f43ca79fdbf856982ef"", ""exactness"": ""exact"", ""notes"": """", ""primary"": false, ""review_date"": ""2026-08-01"", ""scope"": ""Public source datasets reported by the resource"", ""unit"": ""source_datasets""}]",Quantities with different units are not interchangeable. Related records and derivative components may overlap.
mmrdr,MMRDR: Multi-Modal Retinal Diabetic Retinopathy Dataset,multimodal,fundus|oct|uwf_fundus,0.3.0,2026-07-25,2026-08-01,https://doi.org/10.6084/m9.figshare.29423747,primary_quantity_resolved,24460,images,Primary quantity reported in the reviewed catalog source,not_assessed,legacy_catalog_field,https://doi.org/10.6084/m9.figshare.29423747,1,0,"[{""count"": 24460, ""evidence_basis"": ""legacy_catalog_field"", ""evidence_url"": ""https://doi.org/10.6084/m9.figshare.29423747"", ""exactness"": ""not_assessed"", ""notes"": """", ""primary"": true, ""review_date"": ""2026-08-01"", ""scope"": ""Primary quantity reported in the reviewed catalog source"", ""unit"": ""images""}]",Quantities with different units are not interchangeable. Related records and derivative components may overlap.
mpii_gaze,MPIIGaze Appearance-Based Gaze Estimation Dataset,eye_tracking,eye_tracking,0.3.0,2026-07-25,2026-08-01,https://www.mpi-inf.mpg.de/de/departments/computer-vision-and-machine-learning/research/gaze-based-human-computer-interaction/appearance-based-gaze-estimation-in-the-wild,primary_quantity_resolved,213659,images,Primary quantity reported in the reviewed catalog source,not_assessed,legacy_catalog_field,https://www.mpi-inf.mpg.de/de/departments/computer-vision-and-machine-learning/research/gaze-based-human-computer-interaction/appearance-based-gaze-estimation-in-the-wild,1,0,"[{""count"": 213659, ""evidence_basis"": ""legacy_catalog_field"", ""evidence_url"": ""https://www.mpi-inf.mpg.de/de/departments/computer-vision-and-machine-learning/research/gaze-based-human-computer-interaction/appearance-based-gaze-estimation-in-the-wild"", ""exactness"": ""not_assessed"", ""notes"": """", ""primary"": true, ""review_date"": ""2026-08-01"", ""scope"": ""Primary quantity reported in the reviewed catalog source"", ""unit"": ""images""}]",Quantities with different units are not interchangeable. Related records and derivative components may overlap.
mshf,Multi-Source Heterogeneous Fundus Dataset for Image Quality Assessment,fundus,fundus,0.3.0,2026-07-25,2026-08-01,https://doi.org/10.6084/m9.figshare.21507564,primary_quantity_resolved,1302,images,Unique source images in the Original directory,exact,current_deposit_file_listing,https://doi.org/10.6084/m9.figshare.21507564,2,1,"[{""count"": 1302, ""evidence_basis"": ""current_deposit_file_listing"", ""evidence_url"": ""https://doi.org/10.6084/m9.figshare.21507564"", ""exactness"": ""exact"", ""notes"": """", ""primary"": true, ""review_date"": ""2026-08-01"", ""scope"": ""Unique source images in the Original directory"", ""unit"": ""images""}, {""count"": 1302, ""evidence_basis"": ""current_deposit_file_listing"", ""evidence_url"": ""https://doi.org/10.6084/m9.figshare.21507564"", ""exactness"": ""exact"", ""notes"": ""These are copies of the 1,302 source images and are not an additional cohort."", ""primary"": false, ""review_date"": ""2026-08-01"", ""scope"": ""Train/test analysis copies"", ""unit"": ""images""}]",Quantities with different units are not interchangeable. Related records and derivative components may overlap.
msila_fundus_dr,M'Sila Retinal Fundus Dataset for Diabetic Retinopathy Classification,fundus,fundus,0.3.0,2026-07-25,2026-08-01,https://zenodo.org/records/19169587,primary_quantity_resolved,1335,images,Primary quantity reported in the reviewed catalog source,not_assessed,legacy_catalog_field,https://zenodo.org/records/19169587,1,0,"[{""count"": 1335, ""evidence_basis"": ""legacy_catalog_field"", ""evidence_url"": ""https://zenodo.org/records/19169587"", ""exactness"": ""not_assessed"", ""notes"": """", ""primary"": true, ""review_date"": ""2026-08-01"", ""scope"": ""Primary quantity reported in the reviewed catalog source"", ""unit"": ""images""}]",Quantities with different units are not interchangeable. Related records and derivative components may overlap.
multieye,MultiEYE: OCT-Enhanced Fundus Multi-Disease Benchmark,multimodal,fundus|oct,0.3.0,2026-07-25,2026-08-01,https://huggingface.co/datasets/Luxuriant16/MultiEYE,primary_quantity_resolved,103959,images,Fundus and OCT images across the composite benchmark,exact,derived_from_reported_components,https://arxiv.org/abs/2412.09402,3,2,"[{""count"": 103959, ""evidence_basis"": ""derived_from_reported_components"", ""evidence_url"": ""https://arxiv.org/abs/2412.09402"", ""exactness"": ""exact"", ""notes"": ""Component source datasets overlap other catalog records."", ""primary"": true, ""review_date"": ""2026-08-01"", ""scope"": ""Fundus and OCT images across the composite benchmark"", ""unit"": ""images""}, {""count"": 58036, ""evidence_basis"": ""official_source_description"", ""evidence_url"": ""https://arxiv.org/abs/2412.09402"", ""exactness"": ""exact"", ""notes"": """", ""primary"": false, ""review_date"": ""2026-08-01"", ""scope"": ""Fundus component"", ""unit"": ""images""}, {""count"": 45923, ""evidence_basis"": ""official_source_description"", ""evidence_url"": ""https://arxiv.org/abs/2412.09402"", ""exactness"": ""exact"", ""notes"": """", ""primary"": false, ""review_date"": ""2026-08-01"", ""scope"": ""OCT component"", ""unit"": ""images""}]",Quantities with different units are not interchangeable. Related records and derivative components may overlap.
mured,MuReD: Multi-label Retinal Diseases Dataset,fundus,fundus,0.3.0,2026-07-25,2026-08-01,https://data.mendeley.com/datasets/pc4mb3h8hz/1,primary_quantity_resolved,2208,images,Primary quantity reported in the reviewed catalog source,not_assessed,legacy_catalog_field,https://data.mendeley.com/datasets/pc4mb3h8hz/1,1,0,"[{""count"": 2208, ""evidence_basis"": ""legacy_catalog_field"", ""evidence_url"": ""https://data.mendeley.com/datasets/pc4mb3h8hz/1"", ""exactness"": ""not_assessed"", ""notes"": """", ""primary"": true, ""review_date"": ""2026-08-01"", ""scope"": ""Primary quantity reported in the reviewed catalog source"", ""unit"": ""images""}]",Quantities with different units are not interchangeable. Related records and derivative components may overlap.
myopic_regression_fundus,Myopic Regression after Corneal Refractive Surgery Fundus Sample,fundus,fundus,0.3.0,2026-07-25,2026-08-01,https://data.mendeley.com/datasets/k34rvfw3dg/2,primary_quantity_resolved,330,images,Primary quantity reported in the reviewed catalog source,not_assessed,legacy_catalog_field,https://data.mendeley.com/datasets/k34rvfw3dg/2,1,0,"[{""count"": 330, ""evidence_basis"": ""legacy_catalog_field"", ""evidence_url"": ""https://data.mendeley.com/datasets/k34rvfw3dg/2"", ""exactness"": ""not_assessed"", ""notes"": """", ""primary"": true, ""review_date"": ""2026-08-01"", ""scope"": ""Primary quantity reported in the reviewed catalog source"", ""unit"": ""images""}]",Quantities with different units are not interchangeable. Related records and derivative components may overlap.
nd_iris_0405,ND-IRIS-0405 Iris Image Dataset,iris_biometrics,iris_biometrics,0.3.0,2026-07-25,2026-08-01,https://tsapps.nist.gov/BDbC/Search/Details/371,primary_quantity_resolved,64980,images,Primary quantity reported in the reviewed catalog source,not_assessed,legacy_catalog_field,https://tsapps.nist.gov/BDbC/Search/Details/371,1,0,"[{""count"": 64980, ""evidence_basis"": ""legacy_catalog_field"", ""evidence_url"": ""https://tsapps.nist.gov/BDbC/Search/Details/371"", ""exactness"": ""not_assessed"", ""notes"": """", ""primary"": true, ""review_date"": ""2026-08-01"", ""scope"": ""Primary quantity reported in the reviewed catalog source"", ""unit"": ""images""}]",Quantities with different units are not interchangeable. Related records and derivative components may overlap.
nehut,NEH-UT Retinal OCT Dataset,oct,oct,0.3.0,2026-07-25,2026-08-01,https://data.mendeley.com/datasets/8kt969dhx6/2,primary_quantity_resolved,16822,images,Primary quantity reported in the reviewed catalog source,not_assessed,legacy_catalog_field,https://data.mendeley.com/datasets/8kt969dhx6/2,1,0,"[{""count"": 16822, ""evidence_basis"": ""legacy_catalog_field"", ""evidence_url"": ""https://data.mendeley.com/datasets/8kt969dhx6/2"", ""exactness"": ""not_assessed"", ""notes"": """", ""primary"": true, ""review_date"": ""2026-08-01"", ""scope"": ""Primary quantity reported in the reviewed catalog source"", ""unit"": ""images""}]",Quantities with different units are not interchangeable. Related records and derivative components may overlap.
ochid,OCHID: OCT Choroidal Image Dataset,oct,oct,0.3.0,2026-07-25,2026-08-01,https://imed.nimte.ac.cn/OCHID.html,primary_quantity_resolved,640,images,Primary quantity reported in the reviewed catalog source,not_assessed,legacy_catalog_field,https://imed.nimte.ac.cn/OCHID.html,1,0,"[{""count"": 640, ""evidence_basis"": ""legacy_catalog_field"", ""evidence_url"": ""https://imed.nimte.ac.cn/OCHID.html"", ""exactness"": ""not_assessed"", ""notes"": """", ""primary"": true, ""review_date"": ""2026-08-01"", ""scope"": ""Primary quantity reported in the reviewed catalog source"", ""unit"": ""images""}]",Quantities with different units are not interchangeable. Related records and derivative components may overlap.
oct5k,OCT5k: Multi-Disease Retinal Layer Annotations,oct,oct,0.3.0,2026-07-25,2026-08-01,https://doi.org/10.5522/04/22128671,primary_quantity_resolved,1672,images,Primary quantity reported in the reviewed catalog source,not_assessed,legacy_catalog_field,https://doi.org/10.5522/04/22128671,1,0,"[{""count"": 1672, ""evidence_basis"": ""legacy_catalog_field"", ""evidence_url"": ""https://doi.org/10.5522/04/22128671"", ""exactness"": ""not_assessed"", ""notes"": """", ""primary"": true, ""review_date"": ""2026-08-01"", ""scope"": ""Primary quantity reported in the reviewed catalog source"", ""unit"": ""images""}]",Quantities with different units are not interchangeable. Related records and derivative components may overlap.
oct_c8,Retinal OCT-C8: 8-Class OCT Classification,oct,oct,0.3.0,2026-07-25,2026-08-01,https://www.kaggle.com/datasets/obulisainaren/retinal-oct-c8,primary_quantity_resolved,24000,images,Primary quantity reported in the reviewed catalog source,not_assessed,legacy_catalog_field,https://www.kaggle.com/datasets/obulisainaren/retinal-oct-c8,1,0,"[{""count"": 24000, ""evidence_basis"": ""legacy_catalog_field"", ""evidence_url"": ""https://www.kaggle.com/datasets/obulisainaren/retinal-oct-c8"", ""exactness"": ""not_assessed"", ""notes"": """", ""primary"": true, ""review_date"": ""2026-08-01"", ""scope"": ""Primary quantity reported in the reviewed catalog source"", ""unit"": ""images""}]",Quantities with different units are not interchangeable. Related records and derivative components may overlap.
oct_cirrus,Duke Srinivasan Retinal OCT Dataset,oct,oct,0.3.0,2026-07-25,2026-08-01,https://people.duke.edu/~sf59/Srinivasan_BOE_2014_dataset.htm,primary_quantity_resolved,45,volumes,Primary quantity reported in the reviewed catalog source,not_assessed,legacy_catalog_field,https://people.duke.edu/~sf59/Srinivasan_BOE_2014_dataset.htm,1,0,"[{""count"": 45, ""evidence_basis"": ""legacy_catalog_field"", ""evidence_url"": ""https://people.duke.edu/~sf59/Srinivasan_BOE_2014_dataset.htm"", ""exactness"": ""not_assessed"", ""notes"": """", ""primary"": true, ""review_date"": ""2026-08-01"", ""scope"": ""Primary quantity reported in the reviewed catalog source"", ""unit"": ""volumes""}]",Quantities with different units are not interchangeable. Related records and derivative components may overlap.
oct_fundus_dme_dr_mexico,OCT and Eye Fundus Dataset for DME and DR,multimodal,fundus|oct,0.3.0,2026-07-25,2026-08-01,https://github.com/Traslational-Visual-Health-Laboratory/OCT-AND-EYE-FUNDUS-DATASET,primary_quantity_resolved,2661,images,Primary quantity reported in the reviewed catalog source,not_assessed,legacy_catalog_field,https://github.com/Traslational-Visual-Health-Laboratory/OCT-AND-EYE-FUNDUS-DATASET,1,0,"[{""count"": 2661, ""evidence_basis"": ""legacy_catalog_field"", ""evidence_url"": ""https://github.com/Traslational-Visual-Health-Laboratory/OCT-AND-EYE-FUNDUS-DATASET"", ""exactness"": ""not_assessed"", ""notes"": """", ""primary"": true, ""review_date"": ""2026-08-01"", ""scope"": ""Primary quantity reported in the reviewed catalog source"", ""unit"": ""images""}]",Quantities with different units are not interchangeable. Related records and derivative components may overlap.
oct_macular_hole_postsurgery,HD-OCT of Macular Hole Before and After Surgery,oct,oct,0.3.0,2026-07-25,2026-08-01,https://www.kaggle.com/datasets/mathieugodbout/oct-postsurgery-visual-improvement,primary_quantity_resolved,2658,images,Primary quantity reported in the reviewed catalog source,not_assessed,legacy_catalog_field,https://www.kaggle.com/datasets/mathieugodbout/oct-postsurgery-visual-improvement,1,0,"[{""count"": 2658, ""evidence_basis"": ""legacy_catalog_field"", ""evidence_url"": ""https://www.kaggle.com/datasets/mathieugodbout/oct-postsurgery-visual-improvement"", ""exactness"": ""not_assessed"", ""notes"": """", ""primary"": true, ""review_date"": ""2026-08-01"", ""scope"": ""Primary quantity reported in the reviewed catalog source"", ""unit"": ""images""}]",Quantities with different units are not interchangeable. Related records and derivative components may overlap.
oct_ms_jhu,OCT Retinal Layer Segmentation — MS & Healthy Controls (JHU/IACL),oct,oct,0.3.0,2026-07-25,2026-08-01,https://iacl.ece.jhu.edu/~aaron/data/OCT_Manual_Delineations-2018_June_29_b.zip,primary_quantity_resolved,1715,b_scans,B-scans in 35 OCT volumes,exact,associated_publication,https://doi.org/10.1016/j.dib.2018.11.060,2,1,"[{""count"": 1715, ""evidence_basis"": ""associated_publication"", ""evidence_url"": ""https://doi.org/10.1016/j.dib.2018.11.060"", ""exactness"": ""exact"", ""notes"": """", ""primary"": true, ""review_date"": ""2026-08-01"", ""scope"": ""B-scans in 35 OCT volumes"", ""unit"": ""b_scans""}, {""count"": 35, ""evidence_basis"": ""associated_publication"", ""evidence_url"": ""https://doi.org/10.1016/j.dib.2018.11.060"", ""exactness"": ""exact"", ""notes"": """", ""primary"": false, ""review_date"": ""2026-08-01"", ""scope"": ""Spectralis OCT volumes"", ""unit"": ""volumes""}]",Quantities with different units are not interchangeable. Related records and derivative components may overlap.
octa_500,OCTA-500: Large-scale OCTA Multi-task Benchmark,octa,octa,0.3.0,2026-07-25,2026-08-01,https://ieee-dataport.org/open-access/octa-500,primary_quantity_resolved,500,participants,Primary quantity reported in the reviewed catalog source,not_assessed,legacy_catalog_field,https://ieee-dataport.org/open-access/octa-500,1,0,"[{""count"": 500, ""evidence_basis"": ""legacy_catalog_field"", ""evidence_url"": ""https://ieee-dataport.org/open-access/octa-500"", ""exactness"": ""not_assessed"", ""notes"": """", ""primary"": true, ""review_date"": ""2026-08-01"", ""scope"": ""Primary quantity reported in the reviewed catalog source"", ""unit"": ""participants""}]",Quantities with different units are not interchangeable. Related records and derivative components may overlap.
octa_macula_coronal,OCTA Macula Coronal Views,octa,octa,0.3.0,2026-07-25,2026-08-01,https://data.mendeley.com/datasets/p5h7x55zw7/1,primary_quantity_resolved,82560,images,Derived coronal PNG views,exact,derived_from_reported_components,https://data.mendeley.com/datasets/p5h7x55zw7/1,2,1,"[{""count"": 82560, ""evidence_basis"": ""derived_from_reported_components"", ""evidence_url"": ""https://data.mendeley.com/datasets/p5h7x55zw7/1"", ""exactness"": ""exact"", ""notes"": """", ""primary"": true, ""review_date"": ""2026-08-01"", ""scope"": ""Derived coronal PNG views"", ""unit"": ""images""}, {""count"": 129, ""evidence_basis"": ""official_source_description"", ""evidence_url"": ""https://data.mendeley.com/datasets/p5h7x55zw7/1"", ""exactness"": ""exact"", ""notes"": """", ""primary"": false, ""review_date"": ""2026-08-01"", ""scope"": ""Subject-level OCTA scans"", ""unit"": ""participants""}]",Quantities with different units are not interchangeable. Related records and derivative components may overlap.
octave,OCTAVE: 3D SD-OCT Retinal Segmentation Dataset,oct,oct,0.3.0,2026-07-25,2026-08-01,https://zenodo.org/records/14580071,primary_quantity_resolved,198,volumes,Primary quantity reported in the reviewed catalog source,not_assessed,legacy_catalog_field,https://zenodo.org/records/14580071,1,0,"[{""count"": 198, ""evidence_basis"": ""legacy_catalog_field"", ""evidence_url"": ""https://zenodo.org/records/14580071"", ""exactness"": ""not_assessed"", ""notes"": """", ""primary"": true, ""review_date"": ""2026-08-01"", ""scope"": ""Primary quantity reported in the reviewed catalog source"", ""unit"": ""volumes""}]",Quantities with different units are not interchangeable. Related records and derivative components may overlap.
octdl,OCTDL: OCT Deep Learning Dataset,oct,oct,0.3.0,2026-07-25,2026-08-01,https://data.mendeley.com/datasets/sncdhf53xc/4,primary_quantity_resolved,2000,images,Primary quantity reported in the reviewed catalog source,not_assessed,legacy_catalog_field,https://data.mendeley.com/datasets/sncdhf53xc/4,1,0,"[{""count"": 2000, ""evidence_basis"": ""legacy_catalog_field"", ""evidence_url"": ""https://data.mendeley.com/datasets/sncdhf53xc/4"", ""exactness"": ""not_assessed"", ""notes"": """", ""primary"": true, ""review_date"": ""2026-08-01"", ""scope"": ""Primary quantity reported in the reviewed catalog source"", ""unit"": ""images""}]",Quantities with different units are not interchangeable. Related records and derivative components may overlap.
octid,OCTID: OCT Image Database,oct,oct,0.3.0,2026-07-25,2026-08-01,https://borealisdata.ca/dataverse/OCTID,primary_quantity_resolved,500,images,Primary quantity reported in the reviewed catalog source,not_assessed,legacy_catalog_field,https://borealisdata.ca/dataverse/OCTID,1,0,"[{""count"": 500, ""evidence_basis"": ""legacy_catalog_field"", ""evidence_url"": ""https://borealisdata.ca/dataverse/OCTID"", ""exactness"": ""not_assessed"", ""notes"": """", ""primary"": true, ""review_date"": ""2026-08-01"", ""scope"": ""Primary quantity reported in the reviewed catalog source"", ""unit"": ""images""}]",Quantities with different units are not interchangeable. Related records and derivative components may overlap.
ocular_chat_vqa,OcularChat-VQA: AREDS-Derived Patient-Physician Dialogue Dataset,multimodal,text|tabular,0.3.0,2026-07-25,2026-08-01,https://huggingface.co/datasets/ncbi/OcularChat-VQA,primary_quantity_resolved,844000,records,Primary quantity reported in the reviewed catalog source,not_assessed,legacy_catalog_field,https://huggingface.co/datasets/ncbi/OcularChat-VQA,1,0,"[{""count"": 844000, ""evidence_basis"": ""legacy_catalog_field"", ""evidence_url"": ""https://huggingface.co/datasets/ncbi/OcularChat-VQA"", ""exactness"": ""not_assessed"", ""notes"": """", ""primary"": true, ""review_date"": ""2026-08-01"", ""scope"": ""Primary quantity reported in the reviewed catalog source"", ""unit"": ""records""}]",Quantities with different units are not interchangeable. Related records and derivative components may overlap.
oculoscope,OculoScope: Fairer AI in Ophthalmology Dataset,uwf_fundus,uwf_fundus|tabular,0.3.0,2026-07-25,2026-08-01,https://figshare.com/s/926c2c2ef9e77ab5eb9d,primary_quantity_resolved,16530,images,Primary quantity reported in the reviewed catalog source,not_assessed,legacy_catalog_field,https://figshare.com/s/926c2c2ef9e77ab5eb9d,1,0,"[{""count"": 16530, ""evidence_basis"": ""legacy_catalog_field"", ""evidence_url"": ""https://figshare.com/s/926c2c2ef9e77ab5eb9d"", ""exactness"": ""not_assessed"", ""notes"": """", ""primary"": true, ""review_date"": ""2026-08-01"", ""scope"": ""Primary quantity reported in the reviewed catalog source"", ""unit"": ""images""}]",Quantities with different units are not interchangeable. Related records and derivative components may overlap.
odir2019,ODIR-2019: Ocular Disease Intelligent Recognition,fundus,fundus,0.3.0,2026-07-25,2026-08-01,https://www.kaggle.com/datasets/andrewmvd/ocular-disease-recognition-odir5k,primary_quantity_resolved,8000,participants,Primary quantity reported in the reviewed catalog source,not_assessed,legacy_catalog_field,https://www.kaggle.com/datasets/andrewmvd/ocular-disease-recognition-odir5k,2,1,"[{""count"": 8000, ""evidence_basis"": ""legacy_catalog_field"", ""evidence_url"": ""https://www.kaggle.com/datasets/andrewmvd/ocular-disease-recognition-odir5k"", ""exactness"": ""not_assessed"", ""notes"": """", ""primary"": true, ""review_date"": ""2026-08-01"", ""scope"": ""Primary quantity reported in the reviewed catalog source"", ""unit"": ""participants""}, {""count"": 16000, ""evidence_basis"": ""official_source_description"", ""evidence_url"": ""https://odir2019.grand-challenge.org/"", ""exactness"": ""exact"", ""notes"": """", ""primary"": false, ""review_date"": ""2026-08-01"", ""scope"": ""Left- and right-eye fundus images"", ""unit"": ""images""}]",Quantities with different units are not interchangeable. Related records and derivative components may overlap.
oimhs,OIMHS: OCT Image Macular Hole Segmentation Dataset,oct,oct,0.3.0,2026-07-25,2026-08-01,https://doi.org/10.6084/m9.figshare.23508453,primary_quantity_resolved,3859,images,Primary quantity reported in the reviewed catalog source,not_assessed,legacy_catalog_field,https://doi.org/10.6084/m9.figshare.23508453,1,0,"[{""count"": 3859, ""evidence_basis"": ""legacy_catalog_field"", ""evidence_url"": ""https://doi.org/10.6084/m9.figshare.23508453"", ""exactness"": ""not_assessed"", ""notes"": """", ""primary"": true, ""review_date"": ""2026-08-01"", ""scope"": ""Primary quantity reported in the reviewed catalog source"", ""unit"": ""images""}]",Quantities with different units are not interchangeable. Related records and derivative components may overlap.
olives,OLIVES: Ophthalmic Labels for Investigating Visual Eye Semantics,oct,oct|fundus|tabular,0.3.0,2026-07-25,2026-08-01,https://zenodo.org/records/7105232,primary_quantity_resolved,9408,b_scans,Biomarker-labeled OCT B-scans,exact,official_source_description,https://zenodo.org/records/7105232,3,2,"[{""count"": 9408, ""evidence_basis"": ""official_source_description"", ""evidence_url"": ""https://zenodo.org/records/7105232"", ""exactness"": ""exact"", ""notes"": """", ""primary"": true, ""review_date"": ""2026-08-01"", ""scope"": ""Biomarker-labeled OCT B-scans"", ""unit"": ""b_scans""}, {""count"": 1268, ""evidence_basis"": ""official_source_description"", ""evidence_url"": ""https://zenodo.org/records/7105232"", ""exactness"": ""exact"", ""notes"": """", ""primary"": false, ""review_date"": ""2026-08-01"", ""scope"": ""Paired fundus photographs"", ""unit"": ""images""}, {""count"": 96, ""evidence_basis"": ""official_source_description"", ""evidence_url"": ""https://zenodo.org/records/7105232"", ""exactness"": ""exact"", ""notes"": """", ""primary"": false, ""review_date"": ""2026-08-01"", ""scope"": ""Longitudinal eye-level cohort"", ""unit"": ""eyes""}]",Quantities with different units are not interchangeable. Related records and derivative components may overlap.
ophnet2024,OphNet2024: Ophthalmic Surgical Video Dataset,surgical_video,surgical_video,0.3.0,2026-07-25,2026-08-01,https://huggingface.co/datasets/xioamiyh/OphNet2024,primary_quantity_resolved,2278,videos,Primary quantity reported in the reviewed catalog source,not_assessed,legacy_catalog_field,https://huggingface.co/datasets/xioamiyh/OphNet2024,4,3,"[{""count"": 2278, ""evidence_basis"": ""legacy_catalog_field"", ""evidence_url"": ""https://huggingface.co/datasets/xioamiyh/OphNet2024"", ""exactness"": ""not_assessed"", ""notes"": """", ""primary"": true, ""review_date"": ""2026-08-01"", ""scope"": ""Primary quantity reported in the reviewed catalog source"", ""unit"": ""videos""}, {""count"": 1969, ""evidence_basis"": ""official_source_description"", ""evidence_url"": ""https://huggingface.co/datasets/xioamiyh/OphNet2024"", ""exactness"": ""exact"", ""notes"": """", ""primary"": false, ""review_date"": ""2026-08-01"", ""scope"": ""Untrimmed videos"", ""unit"": ""videos""}, {""count"": 17508, ""evidence_basis"": ""official_source_description"", ""evidence_url"": ""https://huggingface.co/datasets/xioamiyh/OphNet2024"", ""exactness"": ""exact"", ""notes"": """", ""primary"": false, ""review_date"": ""2026-08-01"", ""scope"": ""Trimmed operation-level clips"", ""unit"": ""video_clips""}, {""count"": 14674, ""evidence_basis"": ""official_source_description"", ""evidence_url"": ""https://huggingface.co/datasets/xioamiyh/OphNet2024"", ""exactness"": ""exact"", ""notes"": """", ""primary"": false, ""review_date"": ""2026-08-01"", ""scope"": ""Trimmed phase-level clips"", ""unit"": ""video_clips""}]",Quantities with different units are not interchangeable. Related records and derivative components may overlap.
ophora,Ophora-160K: Ophthalmic Surgical Video Instruction Dataset,surgical_video,surgical_video|text,0.3.0,2026-07-25,2026-08-01,https://huggingface.co/datasets/General-Medical-AI/Ophora-160K,primary_quantity_resolved,162185,video_clip_instruction_pairs,Primary quantity reported in the reviewed catalog source,not_assessed,legacy_catalog_field,https://huggingface.co/datasets/General-Medical-AI/Ophora-160K,1,0,"[{""count"": 162185, ""evidence_basis"": ""legacy_catalog_field"", ""evidence_url"": ""https://huggingface.co/datasets/General-Medical-AI/Ophora-160K"", ""exactness"": ""not_assessed"", ""notes"": """", ""primary"": true, ""review_date"": ""2026-08-01"", ""scope"": ""Primary quantity reported in the reviewed catalog source"", ""unit"": ""video_clip_instruction_pairs""}]",Quantities with different units are not interchangeable. Related records and derivative components may overlap.
ophthalmology_eqa_v3,Ophthalmology-EQA-v3,text,text,0.3.0,2026-07-25,2026-08-01,https://huggingface.co/datasets/BaekSeungJu/Ophthalmology-EQA-v3,primary_quantity_resolved,49300,questions,Explanatory or free-form ophthalmology questions,exact,official_source_description,https://huggingface.co/datasets/BaekSeungJu/Ophthalmology-EQA-v3,1,0,"[{""count"": 49300, ""evidence_basis"": ""official_source_description"", ""evidence_url"": ""https://huggingface.co/datasets/BaekSeungJu/Ophthalmology-EQA-v3"", ""exactness"": ""exact"", ""notes"": """", ""primary"": true, ""review_date"": ""2026-08-01"", ""scope"": ""Explanatory or free-form ophthalmology questions"", ""unit"": ""questions""}]",Quantities with different units are not interchangeable. Related records and derivative components may overlap.
ophthalmology_mcqa_v3,Ophthalmology-MCQA-v3,text,text,0.3.0,2026-07-25,2026-08-01,https://huggingface.co/datasets/BaekSeungJu/Ophthalmology-MCQA-v3,primary_quantity_resolved,51745,questions,Multiple-choice ophthalmology questions,exact,official_source_description,https://huggingface.co/datasets/BaekSeungJu/Ophthalmology-MCQA-v3,1,0,"[{""count"": 51745, ""evidence_basis"": ""official_source_description"", ""evidence_url"": ""https://huggingface.co/datasets/BaekSeungJu/Ophthalmology-MCQA-v3"", ""exactness"": ""exact"", ""notes"": """", ""primary"": true, ""review_date"": ""2026-08-01"", ""scope"": ""Multiple-choice ophthalmology questions"", ""unit"": ""questions""}]",Quantities with different units are not interchangeable. Related records and derivative components may overlap.
ophthalmology_pubmed_corpus,Ophthalmology PubMed Corpus,text,text,0.3.0,2026-07-25,2026-08-01,https://huggingface.co/datasets/BaekSeungJu/Ophthalmology-PubMed-Corpus,primary_quantity_resolved,39794,documents,Ophthalmology-focused PubMed corpus records,exact,official_source_description,https://huggingface.co/datasets/BaekSeungJu/Ophthalmology-PubMed-Corpus,1,0,"[{""count"": 39794, ""evidence_basis"": ""official_source_description"", ""evidence_url"": ""https://huggingface.co/datasets/BaekSeungJu/Ophthalmology-PubMed-Corpus"", ""exactness"": ""exact"", ""notes"": """", ""primary"": true, ""review_date"": ""2026-08-01"", ""scope"": ""Ophthalmology-focused PubMed corpus records"", ""unit"": ""documents""}]",Quantities with different units are not interchangeable. Related records and derivative components may overlap.
ophthalvqa,OphthalVQA Dataset,multimodal,fundus|fundus_angiography|oct|ocular_ultrasound|external_eye|text,0.3.0,2026-07-25,2026-08-01,https://doi.org/10.6084/m9.figshare.25624917,primary_quantity_resolved,600,question_answer_pairs,Rows in OphthalVQA.csv,exact,current_deposit_table,https://doi.org/10.6084/m9.figshare.25624917,2,1,"[{""count"": 600, ""evidence_basis"": ""current_deposit_table"", ""evidence_url"": ""https://doi.org/10.6084/m9.figshare.25624917"", ""exactness"": ""exact"", ""notes"": """", ""primary"": true, ""review_date"": ""2026-08-01"", ""scope"": ""Rows in OphthalVQA.csv"", ""unit"": ""question_answer_pairs""}, {""count"": 60, ""evidence_basis"": ""current_deposit_file_listing"", ""evidence_url"": ""https://doi.org/10.6084/m9.figshare.25624917"", ""exactness"": ""exact"", ""notes"": """", ""primary"": false, ""review_date"": ""2026-08-01"", ""scope"": ""JPG image files in the current deposit"", ""unit"": ""images""}]",Quantities with different units are not interchangeable. Related records and derivative components may overlap.
ophthalwechat,OphthalWeChat Dataset,text,text,0.3.0,2026-07-25,2026-08-01,https://doi.org/10.6084/m9.figshare.29064149,primary_quantity_resolved,30120,question_answer_pairs,Rows in OphthalWeChat_QA.xlsx,exact,current_deposit_table,https://doi.org/10.6084/m9.figshare.29064149,2,1,"[{""count"": 30120, ""evidence_basis"": ""current_deposit_table"", ""evidence_url"": ""https://doi.org/10.6084/m9.figshare.29064149"", ""exactness"": ""exact"", ""notes"": """", ""primary"": true, ""review_date"": ""2026-08-01"", ""scope"": ""Rows in OphthalWeChat_QA.xlsx"", ""unit"": ""question_answer_pairs""}, {""count"": 3469, ""evidence_basis"": ""current_deposit_table"", ""evidence_url"": ""https://doi.org/10.6084/m9.figshare.29064149"", ""exactness"": ""exact"", ""notes"": ""The deposit stores image links and identifiers, not image files; 3,403 URLs are unique."", ""primary"": false, ""review_date"": ""2026-08-01"", ""scope"": ""Rows in OphthalWeChat_image_information.xlsx"", ""unit"": ""linked_image_rows""}]",Quantities with different units are not interchangeable. Related records and derivative components may overlap.
ophtho_readability,Language and Readability Barriers in Ophthalmology Dataset,text,text|tabular,0.3.0,2026-07-25,2026-08-01,https://zenodo.org/records/16592100,primary_quantity_resolved,139,documents,Data rows in the deposited workbook,exact,current_deposit_table,https://zenodo.org/records/16592100,1,0,"[{""count"": 139, ""evidence_basis"": ""current_deposit_table"", ""evidence_url"": ""https://zenodo.org/records/16592100"", ""exactness"": ""exact"", ""notes"": """", ""primary"": true, ""review_date"": ""2026-08-01"", ""scope"": ""Data rows in the deposited workbook"", ""unit"": ""documents""}]",Quantities with different units are not interchangeable. Related records and derivative components may overlap.
paired_retina,Paired Retina Dataset: Cross-Device Fundus Pairs,fundus,fundus,0.3.0,2026-07-25,2026-08-01,https://huggingface.co/datasets/smartretina2025/paired_retina,primary_quantity_resolved,399,images,Image rows in the current versioned Hugging Face deposit,exact,current_deposit_file_listing,https://huggingface.co/datasets/smartretina2025/paired_retina/tree/9dc39ab4aebb3e25a7e9f409ad7b19fc14db73c5,2,1,"[{""count"": 399, ""evidence_basis"": ""current_deposit_file_listing"", ""evidence_url"": ""https://huggingface.co/datasets/smartretina2025/paired_retina/tree/9dc39ab4aebb3e25a7e9f409ad7b19fc14db73c5"", ""exactness"": ""exact"", ""notes"": ""The dataset card describes a planned 327-patient paired cohort, but the current deposit contains 399 images and is not a complete 654-image paired release."", ""primary"": true, ""review_date"": ""2026-08-01"", ""scope"": ""Image rows in the current versioned Hugging Face deposit"", ""unit"": ""images""}, {""count"": 327, ""evidence_basis"": ""official_source_description"", ""evidence_url"": ""https://huggingface.co/datasets/smartretina2025/paired_retina"", ""exactness"": ""exact"", ""notes"": ""This source-described cohort is not fully represented in the current deposit."", ""primary"": false, ""review_date"": ""2026-08-01"", ""scope"": ""Cohort described by the dataset card"", ""unit"": ""participants""}]",Quantities with different units are not interchangeable. Related records and derivative components may overlap.
palm,PALM — iChallenge Pathologic Myopia,fundus,fundus,0.3.0,2026-07-25,2026-08-01,https://drive.google.com/file/d/14XWD6kX0dVRfAyEc7FkZGKZibWEkvnyv/view,primary_quantity_resolved,1200,images,Primary quantity reported in the reviewed catalog source,not_assessed,legacy_catalog_field,https://drive.google.com/file/d/14XWD6kX0dVRfAyEc7FkZGKZibWEkvnyv/view,1,0,"[{""count"": 1200, ""evidence_basis"": ""legacy_catalog_field"", ""evidence_url"": ""https://drive.google.com/file/d/14XWD6kX0dVRfAyEc7FkZGKZibWEkvnyv/view"", ""exactness"": ""not_assessed"", ""notes"": """", ""primary"": true, ""review_date"": ""2026-08-01"", ""scope"": ""Primary quantity reported in the reviewed catalog source"", ""unit"": ""images""}]",Quantities with different units are not interchangeable. Related records and derivative components may overlap.
papila,PAPILA: Glaucoma Fundus Dataset with Clinical Data,fundus,fundus|tabular,0.3.0,2026-07-25,2026-08-01,https://zenodo.org/records/6379970,primary_quantity_resolved,488,images,Primary quantity reported in the reviewed catalog source,not_assessed,legacy_catalog_field,https://zenodo.org/records/6379970,1,0,"[{""count"": 488, ""evidence_basis"": ""legacy_catalog_field"", ""evidence_url"": ""https://zenodo.org/records/6379970"", ""exactness"": ""not_assessed"", ""notes"": """", ""primary"": true, ""review_date"": ""2026-08-01"", ""scope"": ""Primary quantity reported in the reviewed catalog source"", ""unit"": ""images""}]",Quantities with different units are not interchangeable. Related records and derivative components may overlap.
paraguay_dr,Paraguay Color Fundus DR Dataset,fundus,fundus,0.3.0,2026-07-25,2026-08-01,https://zenodo.org/record/4647952,primary_quantity_resolved,757,images,Primary quantity reported in the reviewed catalog source,not_assessed,legacy_catalog_field,https://zenodo.org/record/4647952,1,0,"[{""count"": 757, ""evidence_basis"": ""legacy_catalog_field"", ""evidence_url"": ""https://zenodo.org/record/4647952"", ""exactness"": ""not_assessed"", ""notes"": """", ""primary"": true, ""review_date"": ""2026-08-01"", ""scope"": ""Primary quantity reported in the reviewed catalog source"", ""unit"": ""images""}]",Quantities with different units are not interchangeable. Related records and derivative components may overlap.
perg_ioba,PERG-IOBA Ocular Electrophysiology Dataset,electrophysiology,electrophysiology|tabular,0.3.0,2026-07-25,2026-08-01,https://physionet.org/content/perg-ioba-dataset/1.0.0/,primary_quantity_resolved,1354,signals,Transient pattern electroretinogram responses,exact,official_source_description,https://physionet.org/content/perg-ioba-dataset/1.0.0/,2,1,"[{""count"": 1354, ""evidence_basis"": ""official_source_description"", ""evidence_url"": ""https://physionet.org/content/perg-ioba-dataset/1.0.0/"", ""exactness"": ""exact"", ""notes"": """", ""primary"": true, ""review_date"": ""2026-08-01"", ""scope"": ""Transient pattern electroretinogram responses"", ""unit"": ""signals""}, {""count"": 304, ""evidence_basis"": ""official_source_description"", ""evidence_url"": ""https://physionet.org/content/perg-ioba-dataset/1.0.0/"", ""exactness"": ""exact"", ""notes"": """", ""primary"": false, ""review_date"": ""2026-08-01"", ""scope"": ""Participants represented in 336 records"", ""unit"": ""participants""}]",Quantities with different units are not interchangeable. Related records and derivative components may overlap.
periorbital_segmentation,Open-Source Periorbital Segmentation Dataset,external_eye,external_eye,0.3.0,2026-07-25,2026-08-01,https://doi.org/10.5281/zenodo.13916845,primary_quantity_resolved,2842,images,Primary quantity reported in the reviewed catalog source,not_assessed,legacy_catalog_field,https://doi.org/10.5281/zenodo.13916845,1,0,"[{""count"": 2842, ""evidence_basis"": ""legacy_catalog_field"", ""evidence_url"": ""https://doi.org/10.5281/zenodo.13916845"", ""exactness"": ""not_assessed"", ""notes"": """", ""primary"": true, ""review_date"": ""2026-08-01"", ""scope"": ""Primary quantity reported in the reviewed catalog source"", ""unit"": ""images""}]",Quantities with different units are not interchangeable. Related records and derivative components may overlap.
popeye_nir,PopEYE Infrared Ocular Image Dataset,external_eye,external_eye,0.3.0,2026-07-25,2026-08-01,https://zenodo.org/records/18430187,primary_quantity_resolved,14976,images,Primary quantity reported in the reviewed catalog source,not_assessed,legacy_catalog_field,https://zenodo.org/records/18430187,1,0,"[{""count"": 14976, ""evidence_basis"": ""legacy_catalog_field"", ""evidence_url"": ""https://zenodo.org/records/18430187"", ""exactness"": ""not_assessed"", ""notes"": """", ""primary"": true, ""review_date"": ""2026-08-01"", ""scope"": ""Primary quantity reported in the reviewed catalog source"", ""unit"": ""images""}]",Quantities with different units are not interchangeable. Related records and derivative components may overlap.
prime_fp20,PRIME-FP20: Ultra-Widefield Vessel Segmentation,uwf_fundus,uwf_fundus,0.3.0,2026-07-25,2026-08-01,https://ieee-dataport.org/open-access/prime-fp20-ultra-widefield-fundus-photography-vessel-segmentation-dataset,primary_quantity_resolved,15,images,Primary quantity reported in the reviewed catalog source,not_assessed,legacy_catalog_field,https://ieee-dataport.org/open-access/prime-fp20-ultra-widefield-fundus-photography-vessel-segmentation-dataset,1,0,"[{""count"": 15, ""evidence_basis"": ""legacy_catalog_field"", ""evidence_url"": ""https://ieee-dataport.org/open-access/prime-fp20-ultra-widefield-fundus-photography-vessel-segmentation-dataset"", ""exactness"": ""not_assessed"", ""notes"": """", ""primary"": true, ""review_date"": ""2026-08-01"", ""scope"": ""Primary quantity reported in the reviewed catalog source"", ""unit"": ""images""}]",Quantities with different units are not interchangeable. Related records and derivative components may overlap.
rao_fundus,RAO Retinal Artery Occlusion Fundus Photography Dataset,fundus,fundus,0.3.0,2026-07-25,2026-08-01,https://data.mendeley.com/datasets/5428684j44/2,primary_quantity_unresolved,,,,,,,0,0,[],Quantities with different units are not interchangeable. Related records and derivative components may overlap.
rasti_oct,"Rasti OCT Dataset (Noor Eye Hospital, Tehran)",oct,oct,0.3.0,2026-07-25,2026-08-01,https://drive.google.com/file/d/1Rv82F7CjPveyONdy1YbRHh05emCb6_Eu,primary_quantity_resolved,4254,b_scans,Approximate B-scan count,approximate,associated_publication,https://doi.org/10.1109/TMI.2017.2780115,2,1,"[{""count"": 4254, ""evidence_basis"": ""associated_publication"", ""evidence_url"": ""https://doi.org/10.1109/TMI.2017.2780115"", ""exactness"": ""approximate"", ""notes"": """", ""primary"": true, ""review_date"": ""2026-08-01"", ""scope"": ""Approximate B-scan count"", ""unit"": ""b_scans""}, {""count"": 148, ""evidence_basis"": ""associated_publication"", ""evidence_url"": ""https://doi.org/10.1109/TMI.2017.2780115"", ""exactness"": ""exact"", ""notes"": """", ""primary"": false, ""review_date"": ""2026-08-01"", ""scope"": ""Heidelberg Spectralis volumes"", ""unit"": ""volumes""}]",Quantities with different units are not interchangeable. Related records and derivative components may overlap.
ravir,RAVIR: Retinal Artery/Vein Segmentation in IR,fundus,fundus,0.3.0,2026-07-25,2026-08-01,https://ravir.grand-challenge.org/data/,primary_quantity_resolved,42,images,Primary quantity reported in the reviewed catalog source,not_assessed,legacy_catalog_field,https://ravir.grand-challenge.org/data/,1,0,"[{""count"": 42, ""evidence_basis"": ""legacy_catalog_field"", ""evidence_url"": ""https://ravir.grand-challenge.org/data/"", ""exactness"": ""not_assessed"", ""notes"": """", ""primary"": true, ""review_date"": ""2026-08-01"", ""scope"": ""Primary quantity reported in the reviewed catalog source"", ""unit"": ""images""}]",Quantities with different units are not interchangeable. Related records and derivative components may overlap.
rbad,RBAD Retinal Branching-Angle Detection Benchmark,fundus,fundus,0.3.0,2026-07-25,2026-08-01,https://github.com/Retinal-Research/RBAD,primary_quantity_resolved,40,images,Branching-angle benchmark images,exact,official_source_description,https://github.com/Retinal-Research/RBAD,1,0,"[{""count"": 40, ""evidence_basis"": ""official_source_description"", ""evidence_url"": ""https://github.com/Retinal-Research/RBAD"", ""exactness"": ""exact"", ""notes"": """", ""primary"": true, ""review_date"": ""2026-08-01"", ""scope"": ""Branching-angle benchmark images"", ""unit"": ""images""}]",Quantities with different units are not interchangeable. Related records and derivative components may overlap.
real_fundus,Real Fundus Clinical Image Restoration Benchmark,fundus,fundus,0.3.0,2026-07-25,2026-08-01,https://github.com/dengzhuo-AI/Real-Fundus/releases/tag/v.1.0.0,primary_quantity_resolved,120,image_pairs,Matched low-quality and high-quality fundus pairs,exact,official_source_description,https://github.com/dengzhuo-AI/Real-Fundus,2,1,"[{""count"": 120, ""evidence_basis"": ""official_source_description"", ""evidence_url"": ""https://github.com/dengzhuo-AI/Real-Fundus"", ""exactness"": ""exact"", ""notes"": """", ""primary"": true, ""review_date"": ""2026-08-01"", ""scope"": ""Matched low-quality and high-quality fundus pairs"", ""unit"": ""image_pairs""}, {""count"": 240, ""evidence_basis"": ""derived_from_reported_components"", ""evidence_url"": ""https://github.com/dengzhuo-AI/Real-Fundus"", ""exactness"": ""exact"", ""notes"": """", ""primary"": false, ""review_date"": ""2026-08-01"", ""scope"": ""Images participating in 120 restoration pairs"", ""unit"": ""images""}]",Quantities with different units are not interchangeable. Related records and derivative components may overlap.
refuge1_multirater,REFUGE Multi-Rater — Glaucoma with Multi-Expert Annotations,fundus,fundus,0.3.0,2026-07-25,2026-08-01,https://drive.google.com/file/d/1TXTrZyaZ76faXek46pEzaYQmAejLf30d/view,primary_quantity_resolved,1200,images,Primary quantity reported in the reviewed catalog source,not_assessed,legacy_catalog_field,https://drive.google.com/file/d/1TXTrZyaZ76faXek46pEzaYQmAejLf30d/view,1,0,"[{""count"": 1200, ""evidence_basis"": ""legacy_catalog_field"", ""evidence_url"": ""https://drive.google.com/file/d/1TXTrZyaZ76faXek46pEzaYQmAejLf30d/view"", ""exactness"": ""not_assessed"", ""notes"": """", ""primary"": true, ""review_date"": ""2026-08-01"", ""scope"": ""Primary quantity reported in the reviewed catalog source"", ""unit"": ""images""}]",Quantities with different units are not interchangeable. Related records and derivative components may overlap.
refuge2,REFUGE2 — Retinal Fundus Glaucoma Challenge 2,fundus,fundus,0.3.0,2026-07-25,2026-08-01,https://drive.google.com/file/d/1DspRzDqypeBOxZnWPQxmXprNVmJwkBRJ/view,primary_quantity_resolved,2000,images,Primary quantity reported in the reviewed catalog source,not_assessed,legacy_catalog_field,https://drive.google.com/file/d/1DspRzDqypeBOxZnWPQxmXprNVmJwkBRJ/view,1,0,"[{""count"": 2000, ""evidence_basis"": ""legacy_catalog_field"", ""evidence_url"": ""https://drive.google.com/file/d/1DspRzDqypeBOxZnWPQxmXprNVmJwkBRJ/view"", ""exactness"": ""not_assessed"", ""notes"": """", ""primary"": true, ""review_date"": ""2026-08-01"", ""scope"": ""Primary quantity reported in the reviewed catalog source"", ""unit"": ""images""}]",Quantities with different units are not interchangeable. Related records and derivative components may overlap.
refuge2018,REFUGE 2018: Retinal Fundus Glaucoma Challenge,fundus,fundus,0.3.0,2026-07-25,2026-08-01,https://refuge.grand-challenge.org/,primary_quantity_resolved,1200,images,Primary quantity reported in the reviewed catalog source,not_assessed,legacy_catalog_field,https://refuge.grand-challenge.org/,1,0,"[{""count"": 1200, ""evidence_basis"": ""legacy_catalog_field"", ""evidence_url"": ""https://refuge.grand-challenge.org/"", ""exactness"": ""not_assessed"", ""notes"": """", ""primary"": true, ""review_date"": ""2026-08-01"", ""scope"": ""Primary quantity reported in the reviewed catalog source"", ""unit"": ""images""}]",Quantities with different units are not interchangeable. Related records and derivative components may overlap.
reta_benchmark,RETA Benchmark for Retinal Vascular Tree Analysis,fundus,fundus,0.3.0,2026-07-25,2026-08-01,https://doi.org/10.6084/m9.figshare.16960855,primary_quantity_resolved,81,images,IDRiD-derived images with vascular-tree annotations,exact,official_source_description,https://doi.org/10.6084/m9.figshare.16960855,1,0,"[{""count"": 81, ""evidence_basis"": ""official_source_description"", ""evidence_url"": ""https://doi.org/10.6084/m9.figshare.16960855"", ""exactness"": ""exact"", ""notes"": """", ""primary"": true, ""review_date"": ""2026-08-01"", ""scope"": ""IDRiD-derived images with vascular-tree annotations"", ""unit"": ""images""}]",Quantities with different units are not interchangeable. Related records and derivative components may overlap.
retina_age_analysis,Retina Age Analysis,fundus,fundus,0.3.0,2026-07-25,2026-08-01,https://huggingface.co/datasets/ramankamran/retina-age-analysis,primary_quantity_resolved,9857,images,Primary quantity reported in the reviewed catalog source,not_assessed,legacy_catalog_field,https://huggingface.co/datasets/ramankamran/retina-age-analysis,1,0,"[{""count"": 9857, ""evidence_basis"": ""legacy_catalog_field"", ""evidence_url"": ""https://huggingface.co/datasets/ramankamran/retina-age-analysis"", ""exactness"": ""not_assessed"", ""notes"": """", ""primary"": true, ""review_date"": ""2026-08-01"", ""scope"": ""Primary quantity reported in the reviewed catalog source"", ""unit"": ""images""}]",Quantities with different units are not interchangeable. Related records and derivative components may overlap.
retinal_corrugations_oct,Outer Retinal Corrugations Imaging Dataset,oct,oct,0.3.0,2026-07-25,2026-08-01,https://data.mendeley.com/datasets/bzsc7gd9p3/2,primary_quantity_resolved,69,b_scans,Baseline swept-source OCT scans described for the current Mendeley v2 deposit,source_conflict,associated_publication,https://doi.org/10.1016/j.dib.2023.108920,2,1,"[{""count"": 69, ""evidence_basis"": ""associated_publication"", ""evidence_url"": ""https://doi.org/10.1016/j.dib.2023.108920"", ""exactness"": ""source_conflict"", ""notes"": ""The article abstract and specifications table report 69 scans from 66 patients; one methods passage reports 66 assessed scans."", ""primary"": true, ""review_date"": ""2026-08-01"", ""scope"": ""Baseline swept-source OCT scans described for the current Mendeley v2 deposit"", ""unit"": ""b_scans""}, {""count"": 66, ""evidence_basis"": ""associated_publication"", ""evidence_url"": ""https://doi.org/10.1016/j.dib.2023.108920"", ""exactness"": ""exact"", ""notes"": """", ""primary"": false, ""review_date"": ""2026-08-01"", ""scope"": ""Patients represented by the baseline SS-OCT cohort"", ""unit"": ""participants""}]",Quantities with different units are not interchangeable. Related records and derivative components may overlap.
retinal_dr_longitudinal,Retinal DR Longitudinal Fundus Pairs,fundus,fundus,0.3.0,2026-07-25,2026-08-01,https://huggingface.co/datasets/usama10/retinal-dr-longitudinal,primary_quantity_resolved,1115,image_pairs,Rows in corrected_manifest.csv,exact,current_deposit_table,https://huggingface.co/datasets/usama10/retinal-dr-longitudinal/tree/d6e13e91dae69f3080259afd478db92412c7f32d,3,2,"[{""count"": 1115, ""evidence_basis"": ""current_deposit_table"", ""evidence_url"": ""https://huggingface.co/datasets/usama10/retinal-dr-longitudinal/tree/d6e13e91dae69f3080259afd478db92412c7f32d"", ""exactness"": ""exact"", ""notes"": """", ""primary"": true, ""review_date"": ""2026-08-01"", ""scope"": ""Rows in corrected_manifest.csv"", ""unit"": ""image_pairs""}, {""count"": 2428, ""evidence_basis"": ""current_deposit_file_listing"", ""evidence_url"": ""https://huggingface.co/datasets/usama10/retinal-dr-longitudinal/tree/d6e13e91dae69f3080259afd478db92412c7f32d"", ""exactness"": ""exact"", ""notes"": ""The deposit contains 1,250 baseline and 1,178 follow-up images; 2,230 participate in the corrected 1,115-pair manifest."", ""primary"": false, ""review_date"": ""2026-08-01"", ""scope"": ""JPG files in the current deposit"", ""unit"": ""images""}, {""count"": 572, ""evidence_basis"": ""current_deposit_table"", ""evidence_url"": ""https://huggingface.co/datasets/usama10/retinal-dr-longitudinal/tree/d6e13e91dae69f3080259afd478db92412c7f32d"", ""exactness"": ""exact"", ""notes"": """", ""primary"": false, ""review_date"": ""2026-08-01"", ""scope"": ""Unique patient IDs in corrected_manifest.csv"", ""unit"": ""participants""}]",Quantities with different units are not interchangeable. Related records and derivative components may overlap.
retinal_vessel_robustness,Natural Robustness Benchmark for Retinal Vessel Segmentation,fundus,fundus,0.3.0,2026-07-25,2026-08-01,https://zenodo.org/records/12659652,primary_quantity_resolved,13024,images,Files under the images directories in all three current archives,exact,current_deposit_file_listing,https://zenodo.org/records/12659652,1,0,"[{""count"": 13024, ""evidence_basis"": ""current_deposit_file_listing"", ""evidence_url"": ""https://zenodo.org/records/12659652"", ""exactness"": ""exact"", ""notes"": ""Includes 5,920 DRIVE, 4,144 CHASE, and 2,960 STARE original or augmented images; parent datasets overlap catalog records."", ""primary"": true, ""review_date"": ""2026-08-01"", ""scope"": ""Files under the images directories in all three current archives"", ""unit"": ""images""}]",Quantities with different units are not interchangeable. Related records and derivative components may overlap.
retouch,RETOUCH: RETinal OCT Fluid Challenge,oct,oct,0.3.0,2026-07-25,2026-08-01,https://retouch.grand-challenge.org/,primary_quantity_resolved,112,volumes,Primary quantity reported in the reviewed catalog source,not_assessed,legacy_catalog_field,https://retouch.grand-challenge.org/,1,0,"[{""count"": 112, ""evidence_basis"": ""legacy_catalog_field"", ""evidence_url"": ""https://retouch.grand-challenge.org/"", ""exactness"": ""not_assessed"", ""notes"": """", ""primary"": true, ""review_date"": ""2026-08-01"", ""scope"": ""Primary quantity reported in the reviewed catalog source"", ""unit"": ""volumes""}]",Quantities with different units are not interchangeable. Related records and derivative components may overlap.
rfmid,RFMiD: Retinal Fundus Multi-disease Image Dataset,fundus,fundus,0.3.0,2026-07-25,2026-08-01,https://www.kaggle.com/datasets/andrewmvd/retinal-disease-classification,primary_quantity_resolved,3200,images,Primary quantity reported in the reviewed catalog source,not_assessed,legacy_catalog_field,https://www.kaggle.com/datasets/andrewmvd/retinal-disease-classification,1,0,"[{""count"": 3200, ""evidence_basis"": ""legacy_catalog_field"", ""evidence_url"": ""https://www.kaggle.com/datasets/andrewmvd/retinal-disease-classification"", ""exactness"": ""not_assessed"", ""notes"": """", ""primary"": true, ""review_date"": ""2026-08-01"", ""scope"": ""Primary quantity reported in the reviewed catalog source"", ""unit"": ""images""}]",Quantities with different units are not interchangeable. Related records and derivative components may overlap.
rfmid2,RFMiD 2.0 Auxiliary Multi-Disease Fundus Dataset,fundus,fundus,0.3.0,2026-07-25,2026-08-01,https://zenodo.org/records/7505822,primary_quantity_resolved,860,images,RFMiD 2.0 auxiliary images,exact,official_source_description,https://zenodo.org/records/7505822,1,0,"[{""count"": 860, ""evidence_basis"": ""official_source_description"", ""evidence_url"": ""https://zenodo.org/records/7505822"", ""exactness"": ""exact"", ""notes"": """", ""primary"": true, ""review_date"": ""2026-08-01"", ""scope"": ""RFMiD 2.0 auxiliary images"", ""unit"": ""images""}]",Quantities with different units are not interchangeable. Related records and derivative components may overlap.
riga,RIGA: Retinal Fundus Images for Glaucoma Analysis,fundus,fundus,0.3.0,2026-07-25,2026-08-01,https://deepblue.lib.umich.edu/data/concern/data_sets/3b591905z,primary_quantity_resolved,750,images,Primary quantity reported in the reviewed catalog source,not_assessed,legacy_catalog_field,https://deepblue.lib.umich.edu/data/concern/data_sets/3b591905z,1,0,"[{""count"": 750, ""evidence_basis"": ""legacy_catalog_field"", ""evidence_url"": ""https://deepblue.lib.umich.edu/data/concern/data_sets/3b591905z"", ""exactness"": ""not_assessed"", ""notes"": """", ""primary"": true, ""review_date"": ""2026-08-01"", ""scope"": ""Primary quantity reported in the reviewed catalog source"", ""unit"": ""images""}]",Quantities with different units are not interchangeable. Related records and derivative components may overlap.
riga_plus,RIGA+ Domain Adaptation Dataset,fundus,fundus,0.3.0,2026-07-25,2026-08-01,https://zenodo.org/records/6325549,primary_quantity_resolved,1461,images,TIF images in the RIGA directory of the current deposit,exact,current_deposit_file_listing,https://zenodo.org/records/6325549,1,0,"[{""count"": 1461, ""evidence_basis"": ""current_deposit_file_listing"", ""evidence_url"": ""https://zenodo.org/records/6325549"", ""exactness"": ""exact"", ""notes"": ""The source reports removal of six RIGA duplicates and cross-dataset duplicates with MESSIDOR."", ""primary"": true, ""review_date"": ""2026-08-01"", ""scope"": ""TIF images in the RIGA directory of the current deposit"", ""unit"": ""images""}]",Quantities with different units are not interchangeable. Related records and derivative components may overlap.
rimone_dl,RIM-ONE DL,fundus,fundus,0.3.0,2026-07-25,2026-08-01,https://www.kaggle.com/datasets/orvile/rim-one-retinal-dataset-for-assessing-glaucoma,primary_quantity_resolved,485,images,Primary quantity reported in the reviewed catalog source,not_assessed,legacy_catalog_field,https://www.kaggle.com/datasets/orvile/rim-one-retinal-dataset-for-assessing-glaucoma,1,0,"[{""count"": 485, ""evidence_basis"": ""legacy_catalog_field"", ""evidence_url"": ""https://www.kaggle.com/datasets/orvile/rim-one-retinal-dataset-for-assessing-glaucoma"", ""exactness"": ""not_assessed"", ""notes"": """", ""primary"": true, ""review_date"": ""2026-08-01"", ""scope"": ""Primary quantity reported in the reviewed catalog source"", ""unit"": ""images""}]",Quantities with different units are not interchangeable. Related records and derivative components may overlap.
rite,RITE: Retinal Images Vessel Tree Extraction (Artery/Vein),fundus,fundus,0.3.0,2026-07-25,2026-08-01,https://eye.medicine.uiowa.edu/rite-dataset,primary_quantity_resolved,40,images,Primary quantity reported in the reviewed catalog source,not_assessed,legacy_catalog_field,https://eye.medicine.uiowa.edu/rite-dataset,1,0,"[{""count"": 40, ""evidence_basis"": ""legacy_catalog_field"", ""evidence_url"": ""https://eye.medicine.uiowa.edu/rite-dataset"", ""exactness"": ""not_assessed"", ""notes"": """", ""primary"": true, ""review_date"": ""2026-08-01"", ""scope"": ""Primary quantity reported in the reviewed catalog source"", ""unit"": ""images""}]",Quantities with different units are not interchangeable. Related records and derivative components may overlap.
roc,ROC: Retinopathy Online Challenge,fundus,fundus,0.3.0,2026-07-25,2026-08-01,http://webeye.ophth.uiowa.edu/ROC/,primary_quantity_resolved,100,images,Primary quantity reported in the reviewed catalog source,not_assessed,legacy_catalog_field,http://webeye.ophth.uiowa.edu/ROC/,1,0,"[{""count"": 100, ""evidence_basis"": ""legacy_catalog_field"", ""evidence_url"": ""http://webeye.ophth.uiowa.edu/ROC/"", ""exactness"": ""not_assessed"", ""notes"": """", ""primary"": true, ""review_date"": ""2026-08-01"", ""scope"": ""Primary quantity reported in the reviewed catalog source"", ""unit"": ""images""}]",Quantities with different units are not interchangeable. Related records and derivative components may overlap.
rocc,ROCC: Retinal OCT Classification Challenge,oct,oct,0.3.0,2026-07-25,2026-08-01,https://rocc.grand-challenge.org/,primary_quantity_resolved,165,volumes,OCT volumes in the challenge cohort,exact,official_source_description,https://rocc.grand-challenge.org/,1,0,"[{""count"": 165, ""evidence_basis"": ""official_source_description"", ""evidence_url"": ""https://rocc.grand-challenge.org/"", ""exactness"": ""exact"", ""notes"": """", ""primary"": true, ""review_date"": ""2026-08-01"", ""scope"": ""OCT volumes in the challenge cohort"", ""unit"": ""volumes""}]",Quantities with different units are not interchangeable. Related records and derivative components may overlap.
rop_ostrava,Retinal Image Dataset of Infants and ROP (Ostrava),fundus,fundus,0.3.0,2026-07-25,2026-08-01,https://www.kaggle.com/datasets/jananowakova/retinal-image-dataset-of-infants-and-rop,primary_quantity_resolved,6004,images,Primary quantity reported in the reviewed catalog source,not_assessed,legacy_catalog_field,https://www.kaggle.com/datasets/jananowakova/retinal-image-dataset-of-infants-and-rop,1,0,"[{""count"": 6004, ""evidence_basis"": ""legacy_catalog_field"", ""evidence_url"": ""https://www.kaggle.com/datasets/jananowakova/retinal-image-dataset-of-infants-and-rop"", ""exactness"": ""not_assessed"", ""notes"": """", ""primary"": true, ""review_date"": ""2026-08-01"", ""scope"": ""Primary quantity reported in the reviewed catalog source"", ""unit"": ""images""}]",Quantities with different units are not interchangeable. Related records and derivative components may overlap.
rop_synthetic_mendeley,Synthetic Medical Images for ROP Diagnosis,fundus,fundus,0.3.0,2026-07-25,2026-08-01,https://data.mendeley.com/datasets/fscyyhg6vt/1,primary_quantity_resolved,5842,images,Source retinal fundus images,exact,official_source_description,https://data.mendeley.com/datasets/fscyyhg6vt/1,2,1,"[{""count"": 5842, ""evidence_basis"": ""official_source_description"", ""evidence_url"": ""https://data.mendeley.com/datasets/fscyyhg6vt/1"", ""exactness"": ""exact"", ""notes"": """", ""primary"": true, ""review_date"": ""2026-08-01"", ""scope"": ""Source retinal fundus images"", ""unit"": ""images""}, {""count"": 963, ""evidence_basis"": ""official_source_description"", ""evidence_url"": ""https://data.mendeley.com/datasets/fscyyhg6vt/1"", ""exactness"": ""exact"", ""notes"": """", ""primary"": false, ""review_date"": ""2026-08-01"", ""scope"": ""Preterm infants contributing source images"", ""unit"": ""participants""}]",Quantities with different units are not interchangeable. Related records and derivative components may overlap.
rop_uwf_intelligent,Fundus Dataset for Intelligent ROP System,fundus,fundus,0.3.0,2026-07-25,2026-08-01,https://doi.org/10.6084/m9.figshare.25514449,primary_quantity_resolved,1099,images,Primary quantity reported in the reviewed catalog source,not_assessed,legacy_catalog_field,https://doi.org/10.6084/m9.figshare.25514449,1,0,"[{""count"": 1099, ""evidence_basis"": ""legacy_catalog_field"", ""evidence_url"": ""https://doi.org/10.6084/m9.figshare.25514449"", ""exactness"": ""not_assessed"", ""notes"": """", ""primary"": true, ""review_date"": ""2026-08-01"", ""scope"": ""Primary quantity reported in the reviewed catalog source"", ""unit"": ""images""}]",Quantities with different units are not interchangeable. Related records and derivative components may overlap.
rose,ROSE: Retinal OCT-Angiography Vessel Segmentation,octa,octa,0.3.0,2026-07-25,2026-08-01,https://zenodo.org/doi/10.5281/zenodo.12775880,primary_quantity_resolved,229,images,Primary quantity reported in the reviewed catalog source,not_assessed,legacy_catalog_field,https://zenodo.org/doi/10.5281/zenodo.12775880,1,0,"[{""count"": 229, ""evidence_basis"": ""legacy_catalog_field"", ""evidence_url"": ""https://zenodo.org/doi/10.5281/zenodo.12775880"", ""exactness"": ""not_assessed"", ""notes"": """", ""primary"": true, ""review_date"": ""2026-08-01"", ""scope"": ""Primary quantity reported in the reviewed catalog source"", ""unit"": ""images""}]",Quantities with different units are not interchangeable. Related records and derivative components may overlap.
ru_medical_texts_ophthalmology,Ophthalmology Russian-English Medical Text Translations,text,text,0.3.0,2026-07-25,2026-08-01,https://www.kaggle.com/datasets/cheshrcat/ru-medical-texts-ophtalmology,primary_quantity_resolved,3473,sentence_pairs,Russian-English sentence or glossary pairs,exact,official_source_description,https://www.kaggle.com/datasets/cheshrcat/ru-medical-texts-ophtalmology,1,0,"[{""count"": 3473, ""evidence_basis"": ""official_source_description"", ""evidence_url"": ""https://www.kaggle.com/datasets/cheshrcat/ru-medical-texts-ophtalmology"", ""exactness"": ""exact"", ""notes"": """", ""primary"": true, ""review_date"": ""2026-08-01"", ""scope"": ""Russian-English sentence or glossary pairs"", ""unit"": ""sentence_pairs""}]",Quantities with different units are not interchangeable. Related records and derivative components may overlap.
rvo_me,RVO-ME: Retinal Vein Occlusion Macular Edema OCT Dataset,oct,oct,0.3.0,2026-07-25,2026-08-01,https://doi.org/10.6084/m9.figshare.29804435.v1,primary_quantity_resolved,3012,images,Primary quantity reported in the reviewed catalog source,not_assessed,legacy_catalog_field,https://doi.org/10.6084/m9.figshare.29804435.v1,1,0,"[{""count"": 3012, ""evidence_basis"": ""legacy_catalog_field"", ""evidence_url"": ""https://doi.org/10.6084/m9.figshare.29804435.v1"", ""exactness"": ""not_assessed"", ""notes"": """", ""primary"": true, ""review_date"": ""2026-08-01"", ""scope"": ""Primary quantity reported in the reviewed catalog source"", ""unit"": ""images""}]",Quantities with different units are not interchangeable. Related records and derivative components may overlap.
sics155,SICS-155 Small Incision Cataract Surgery Videos,surgical_video,surgical_video,0.3.0,2026-07-25,2026-08-01,https://zenodo.org/records/19482928,primary_quantity_resolved,155,videos,SICS surgical videos,exact,official_source_description,https://zenodo.org/records/19482928,1,0,"[{""count"": 155, ""evidence_basis"": ""official_source_description"", ""evidence_url"": ""https://zenodo.org/records/19482928"", ""exactness"": ""exact"", ""notes"": """", ""primary"": true, ""review_date"": ""2026-08-01"", ""scope"": ""SICS surgical videos"", ""unit"": ""videos""}]",Quantities with different units are not interchangeable. Related records and derivative components may overlap.
slid,SLID: Slit-Lamp Image Dataset,multimodal,external_eye,0.3.0,2026-07-25,2026-08-01,https://github.com/xumingyu-hub/SLID,primary_quantity_resolved,2617,images,Primary quantity reported in the reviewed catalog source,not_assessed,legacy_catalog_field,https://github.com/xumingyu-hub/SLID,1,0,"[{""count"": 2617, ""evidence_basis"": ""legacy_catalog_field"", ""evidence_url"": ""https://github.com/xumingyu-hub/SLID"", ""exactness"": ""not_assessed"", ""notes"": """", ""primary"": true, ""review_date"": ""2026-08-01"", ""scope"": ""Primary quantity reported in the reviewed catalog source"", ""unit"": ""images""}]",Quantities with different units are not interchangeable. Related records and derivative components may overlap.
smdg,SMDG-19: Standardized Multi-channel Glaucoma Benchmark,fundus,fundus,0.3.0,2026-07-25,2026-08-01,https://www.kaggle.com/datasets/deathtrooper/multichannel-glaucoma-benchmark-dataset,primary_quantity_resolved,12449,images,Primary quantity reported in the reviewed catalog source,not_assessed,legacy_catalog_field,https://www.kaggle.com/datasets/deathtrooper/multichannel-glaucoma-benchmark-dataset,1,0,"[{""count"": 12449, ""evidence_basis"": ""legacy_catalog_field"", ""evidence_url"": ""https://www.kaggle.com/datasets/deathtrooper/multichannel-glaucoma-benchmark-dataset"", ""exactness"": ""not_assessed"", ""notes"": """", ""primary"": true, ""review_date"": ""2026-08-01"", ""scope"": ""Primary quantity reported in the reviewed catalog source"", ""unit"": ""images""}]",Quantities with different units are not interchangeable. Related records and derivative components may overlap.
soul_octa,SOUL: OCTA Human-Machine Collaborative Annotation Dataset,octa,octa|text|tabular,0.3.0,2026-07-25,2026-08-01,https://doi.org/10.6084/m9.figshare.24893358.v3,primary_quantity_resolved,178,longitudinal_samples,Six source-reported longitudinal subsets,exact,official_source_description,https://doi.org/10.6084/m9.figshare.24893358.v3,1,0,"[{""count"": 178, ""evidence_basis"": ""official_source_description"", ""evidence_url"": ""https://doi.org/10.6084/m9.figshare.24893358.v3"", ""exactness"": ""exact"", ""notes"": ""The current archive contains 2,046 JPG assets including raw images and corresponding labels; these are not 2,046 independent samples."", ""primary"": true, ""review_date"": ""2026-08-01"", ""scope"": ""Six source-reported longitudinal subsets"", ""unit"": ""longitudinal_samples""}]",Quantities with different units are not interchangeable. Related records and derivative components may overlap.
stage_task1,STAGE 2023 Task 1 — Mean Deviation Prediction from OCT,oct,oct|visual_field,0.3.0,2026-07-25,2026-08-01,https://aistudio.baidu.com/aistudio/competition/detail/968/0/datasets,primary_quantity_resolved,400,volumes,Primary quantity reported in the reviewed catalog source,not_assessed,legacy_catalog_field,https://aistudio.baidu.com/aistudio/competition/detail/968/0/datasets,1,0,"[{""count"": 400, ""evidence_basis"": ""legacy_catalog_field"", ""evidence_url"": ""https://aistudio.baidu.com/aistudio/competition/detail/968/0/datasets"", ""exactness"": ""not_assessed"", ""notes"": """", ""primary"": true, ""review_date"": ""2026-08-01"", ""scope"": ""Primary quantity reported in the reviewed catalog source"", ""unit"": ""volumes""}]",Quantities with different units are not interchangeable. Related records and derivative components may overlap.
stage_task2,STAGE 2023 Task 2 — Visual Field Sensitivity Map Prediction,oct,oct|visual_field,0.3.0,2026-07-25,2026-08-01,https://aistudio.baidu.com/aistudio/competition/detail/968/0/datasets,primary_quantity_resolved,400,volumes,Primary quantity reported in the reviewed catalog source,not_assessed,legacy_catalog_field,https://aistudio.baidu.com/aistudio/competition/detail/968/0/datasets,1,0,"[{""count"": 400, ""evidence_basis"": ""legacy_catalog_field"", ""evidence_url"": ""https://aistudio.baidu.com/aistudio/competition/detail/968/0/datasets"", ""exactness"": ""not_assessed"", ""notes"": """", ""primary"": true, ""review_date"": ""2026-08-01"", ""scope"": ""Primary quantity reported in the reviewed catalog source"", ""unit"": ""volumes""}]",Quantities with different units are not interchangeable. Related records and derivative components may overlap.
stage_task3,STAGE 2023 Task 3 — Pattern Deviation Probability Map,oct,oct|visual_field,0.3.0,2026-07-25,2026-08-01,https://aistudio.baidu.com/aistudio/competition/detail/968/0/datasets,primary_quantity_resolved,400,volumes,Primary quantity reported in the reviewed catalog source,not_assessed,legacy_catalog_field,https://aistudio.baidu.com/aistudio/competition/detail/968/0/datasets,1,0,"[{""count"": 400, ""evidence_basis"": ""legacy_catalog_field"", ""evidence_url"": ""https://aistudio.baidu.com/aistudio/competition/detail/968/0/datasets"", ""exactness"": ""not_assessed"", ""notes"": """", ""primary"": true, ""review_date"": ""2026-08-01"", ""scope"": ""Primary quantity reported in the reviewed catalog source"", ""unit"": ""volumes""}]",Quantities with different units are not interchangeable. Related records and derivative components may overlap.
stare,STARE: Structured Analysis of the Retina,fundus,fundus,0.3.0,2026-07-25,2026-08-01,https://cecas.clemson.edu/~ahoover/stare/,primary_quantity_resolved,20,images,Primary quantity reported in the reviewed catalog source,not_assessed,legacy_catalog_field,https://cecas.clemson.edu/~ahoover/stare/,1,0,"[{""count"": 20, ""evidence_basis"": ""legacy_catalog_field"", ""evidence_url"": ""https://cecas.clemson.edu/~ahoover/stare/"", ""exactness"": ""not_assessed"", ""notes"": """", ""primary"": true, ""review_date"": ""2026-08-01"", ""scope"": ""Primary quantity reported in the reviewed catalog source"", ""unit"": ""images""}]",Quantities with different units are not interchangeable. Related records and derivative components may overlap.
superccm_fineset,SuperCCM-FineSet,confocal,confocal,0.3.0,2026-07-25,2026-08-01,https://zenodo.org/records/17051148,primary_quantity_resolved,210,images,Restricted fine-segmentation image set,exact,official_source_description,https://zenodo.org/records/17051148,1,0,"[{""count"": 210, ""evidence_basis"": ""official_source_description"", ""evidence_url"": ""https://zenodo.org/records/17051148"", ""exactness"": ""exact"", ""notes"": """", ""primary"": true, ""review_date"": ""2026-08-01"", ""scope"": ""Restricted fine-segmentation image set"", ""unit"": ""images""}]",Quantities with different units are not interchangeable. Related records and derivative components may overlap.
sustech_sysu,SUSTech-SYSU Diabetic Retinopathy + Exudate Dataset,fundus,fundus,0.3.0,2026-07-25,2026-08-01,https://doi.org/10.6084/m9.figshare.12570770,primary_quantity_resolved,1219,images,Primary quantity reported in the reviewed catalog source,not_assessed,legacy_catalog_field,https://doi.org/10.6084/m9.figshare.12570770,1,0,"[{""count"": 1219, ""evidence_basis"": ""legacy_catalog_field"", ""evidence_url"": ""https://doi.org/10.6084/m9.figshare.12570770"", ""exactness"": ""not_assessed"", ""notes"": """", ""primary"": true, ""review_date"": ""2026-08-01"", ""scope"": ""Primary quantity reported in the reviewed catalog source"", ""unit"": ""images""}]",Quantities with different units are not interchangeable. Related records and derivative components may overlap.
syn_oct,SYN-OCT Synthetic Glaucoma OCT Dataset,oct,oct,0.3.0,2026-07-25,2026-08-01,https://doi.org/10.5281/zenodo.17151869,primary_quantity_resolved,200000,images,Primary quantity reported in the reviewed catalog source,not_assessed,legacy_catalog_field,https://doi.org/10.5281/zenodo.17151869,1,0,"[{""count"": 200000, ""evidence_basis"": ""legacy_catalog_field"", ""evidence_url"": ""https://doi.org/10.5281/zenodo.17151869"", ""exactness"": ""not_assessed"", ""notes"": """", ""primary"": true, ""review_date"": ""2026-08-01"", ""scope"": ""Primary quantity reported in the reviewed catalog source"", ""unit"": ""images""}]",Quantities with different units are not interchangeable. Related records and derivative components may overlap.
tear_meniscus,Multicentre Tear Meniscus Segmentation Dataset,multimodal,external_eye|infrared,0.3.0,2026-07-25,2026-08-01,https://doi.org/10.6084/m9.figshare.28650536.v2,primary_quantity_resolved,3432,images,Primary quantity reported in the reviewed catalog source,not_assessed,legacy_catalog_field,https://doi.org/10.6084/m9.figshare.28650536.v2,1,0,"[{""count"": 3432, ""evidence_basis"": ""legacy_catalog_field"", ""evidence_url"": ""https://doi.org/10.6084/m9.figshare.28650536.v2"", ""exactness"": ""not_assessed"", ""notes"": """", ""primary"": true, ""review_date"": ""2026-08-01"", ""scope"": ""Primary quantity reported in the reviewed catalog source"", ""unit"": ""images""}]",Quantities with different units are not interchangeable. Related records and derivative components may overlap.
teyed,TEyeD Real-World Eye-Tracking Dataset,eye_tracking,eye_tracking,0.3.0,2026-07-25,2026-08-01,https://arxiv.org/abs/2102.02115,primary_quantity_resolved,20666096,images,Primary quantity reported in the reviewed catalog source,not_assessed,legacy_catalog_field,https://arxiv.org/abs/2102.02115,1,0,"[{""count"": 20666096, ""evidence_basis"": ""legacy_catalog_field"", ""evidence_url"": ""https://arxiv.org/abs/2102.02115"", ""exactness"": ""not_assessed"", ""notes"": """", ""primary"": true, ""review_date"": ""2026-08-01"", ""scope"": ""Primary quantity reported in the reviewed catalog source"", ""unit"": ""images""}]",Quantities with different units are not interchangeable. Related records and derivative components may overlap.
thoct1800,THOCT1800 Retinal OCT Dataset,oct,oct,0.3.0,2026-07-25,2026-08-01,https://github.com/SJD095/OCT-Segmentation,primary_quantity_resolved,1800,images,Primary quantity reported in the reviewed catalog source,not_assessed,legacy_catalog_field,https://github.com/SJD095/OCT-Segmentation,1,0,"[{""count"": 1800, ""evidence_basis"": ""legacy_catalog_field"", ""evidence_url"": ""https://github.com/SJD095/OCT-Segmentation"", ""exactness"": ""not_assessed"", ""notes"": """", ""primary"": true, ""review_date"": ""2026-08-01"", ""scope"": ""Primary quantity reported in the reviewed catalog source"", ""unit"": ""images""}]",Quantities with different units are not interchangeable. Related records and derivative components may overlap.
thyroid_ophthalmopathy_external,Thyroid Ophthalmopathy External Ocular Images,external_eye,external_eye,0.3.0,2026-07-25,2026-08-01,https://data.mendeley.com/datasets/z7ys7r4bdn/2,primary_quantity_unresolved,,,,,,,1,1,"[{""count"": 2, ""evidence_basis"": ""current_deposit_file_listing"", ""evidence_url"": ""https://data.mendeley.com/datasets/z7ys7r4bdn/2"", ""exactness"": ""exact"", ""notes"": ""The source does not report the number of photographs inside dataset.zip."", ""primary"": false, ""review_date"": ""2026-08-01"", ""scope"": ""Artifacts listed by the current Mendeley v2 deposit"", ""unit"": ""deposited_files""}]",Quantities with different units are not interchangeable. Related records and derivative components may overlap.
tian_oct,Tian OCTRIMA 3D OCT Layer Segmentation Dataset,oct,oct,0.3.0,2026-07-25,2026-08-01,https://doi.org/10.1371/journal.pone.0133908.s002,primary_quantity_resolved,10,volumes,Primary quantity reported in the reviewed catalog source,not_assessed,legacy_catalog_field,https://doi.org/10.1371/journal.pone.0133908.s002,1,0,"[{""count"": 10, ""evidence_basis"": ""legacy_catalog_field"", ""evidence_url"": ""https://doi.org/10.1371/journal.pone.0133908.s002"", ""exactness"": ""not_assessed"", ""notes"": """", ""primary"": true, ""review_date"": ""2026-08-01"", ""scope"": ""Primary quantity reported in the reviewed catalog source"", ""unit"": ""volumes""}]",Quantities with different units are not interchangeable. Related records and derivative components may overlap.
tom500,TOM500: Multi-Organ Annotated Orbital MRI Dataset for Thyroid Eye Disease,multimodal,orbital_mri|tabular,0.3.0,2026-07-25,2026-08-01,https://doi.org/10.6084/m9.figshare.27133389.v1,primary_quantity_resolved,500,volumes,Primary quantity reported in the reviewed catalog source,not_assessed,legacy_catalog_field,https://doi.org/10.6084/m9.figshare.27133389.v1,1,0,"[{""count"": 500, ""evidence_basis"": ""legacy_catalog_field"", ""evidence_url"": ""https://doi.org/10.6084/m9.figshare.27133389.v1"", ""exactness"": ""not_assessed"", ""notes"": """", ""primary"": true, ""review_date"": ""2026-08-01"", ""scope"": ""Primary quantity reported in the reviewed catalog source"", ""unit"": ""volumes""}]",Quantities with different units are not interchangeable. Related records and derivative components may overlap.
toxofundus,ToxoFundus: Ocular Toxoplasmosis Fundus Dataset,fundus,fundus,0.3.0,2026-07-25,2026-08-01,https://www.kaggle.com/datasets/nafin59/ocular-toxoplasmosis-fundus-images-dataset,primary_quantity_resolved,412,images,Primary quantity reported in the reviewed catalog source,not_assessed,legacy_catalog_field,https://www.kaggle.com/datasets/nafin59/ocular-toxoplasmosis-fundus-images-dataset,1,0,"[{""count"": 412, ""evidence_basis"": ""legacy_catalog_field"", ""evidence_url"": ""https://www.kaggle.com/datasets/nafin59/ocular-toxoplasmosis-fundus-images-dataset"", ""exactness"": ""not_assessed"", ""notes"": """", ""primary"": true, ""review_date"": ""2026-08-01"", ""scope"": ""Primary quantity reported in the reviewed catalog source"", ""unit"": ""images""}]",Quantities with different units are not interchangeable. Related records and derivative components may overlap.
trend2_fundus,TREND2 Chronic Disease Portable Fundus Dataset,fundus,fundus,0.3.0,2026-07-25,2026-08-01,https://zenodo.org/records/7678656,primary_quantity_resolved,28,images,Primary color fundus images,exact,official_source_description,https://zenodo.org/records/7678656,1,0,"[{""count"": 28, ""evidence_basis"": ""official_source_description"", ""evidence_url"": ""https://zenodo.org/records/7678656"", ""exactness"": ""exact"", ""notes"": """", ""primary"": true, ""review_date"": ""2026-08-01"", ""scope"": ""Primary color fundus images"", ""unit"": ""images""}]",Quantities with different units are not interchangeable. Related records and derivative components may overlap.
trend_fundus,TREND Portable Fundus Microvascular Network Dataset,fundus,fundus,0.3.0,2026-07-25,2026-08-01,https://zenodo.org/records/4521044,primary_quantity_resolved,82,images,Primary quantity reported in the reviewed catalog source,not_assessed,legacy_catalog_field,https://zenodo.org/records/4521044,1,0,"[{""count"": 82, ""evidence_basis"": ""legacy_catalog_field"", ""evidence_url"": ""https://zenodo.org/records/4521044"", ""exactness"": ""not_assessed"", ""notes"": """", ""primary"": true, ""review_date"": ""2026-08-01"", ""scope"": ""Primary quantity reported in the reviewed catalog source"", ""unit"": ""images""}]",Quantities with different units are not interchangeable. Related records and derivative components may overlap.
tsukazaki_uwf,Tsukazaki Hospital UWF Fundus Dataset,uwf_fundus,uwf_fundus,0.3.0,2026-07-25,2026-08-01,https://github.com/DateCazuki/Fundus_Diagnosis,primary_quantity_resolved,13047,images,Primary quantity reported in the reviewed catalog source,not_assessed,legacy_catalog_field,https://github.com/DateCazuki/Fundus_Diagnosis,1,0,"[{""count"": 13047, ""evidence_basis"": ""legacy_catalog_field"", ""evidence_url"": ""https://github.com/DateCazuki/Fundus_Diagnosis"", ""exactness"": ""not_assessed"", ""notes"": """", ""primary"": true, ""review_date"": ""2026-08-01"", ""scope"": ""Primary quantity reported in the reviewed catalog source"", ""unit"": ""images""}]",Quantities with different units are not interchangeable. Related records and derivative components may overlap.
ubiris_v2,UBIRIS.v2 Noisy Visible-Wavelength Iris Database,iris_biometrics,iris_biometrics,0.3.0,2026-07-25,2026-08-01,https://iris.di.ubi.pt/index.html,primary_quantity_resolved,11102,images,Primary quantity reported in the reviewed catalog source,not_assessed,legacy_catalog_field,https://iris.di.ubi.pt/index.html,1,0,"[{""count"": 11102, ""evidence_basis"": ""legacy_catalog_field"", ""evidence_url"": ""https://iris.di.ubi.pt/index.html"", ""exactness"": ""not_assessed"", ""notes"": """", ""primary"": true, ""review_date"": ""2026-08-01"", ""scope"": ""Primary quantity reported in the reviewed catalog source"", ""unit"": ""images""}]",Quantities with different units are not interchangeable. Related records and derivative components may overlap.
umn_parhi_oct,UMN Parhi Lab AMD OCT Fluid Segmentation Dataset,oct,oct,0.3.0,2026-07-25,2026-08-01,http://people.ece.umn.edu/users/parhi/.DATA/OCT/DME/UMNDataset.mat,primary_quantity_resolved,600,images,Primary quantity reported in the reviewed catalog source,not_assessed,legacy_catalog_field,http://people.ece.umn.edu/users/parhi/.DATA/OCT/DME/UMNDataset.mat,1,0,"[{""count"": 600, ""evidence_basis"": ""legacy_catalog_field"", ""evidence_url"": ""http://people.ece.umn.edu/users/parhi/.DATA/OCT/DME/UMNDataset.mat"", ""exactness"": ""not_assessed"", ""notes"": """", ""primary"": true, ""review_date"": ""2026-08-01"", ""scope"": ""Primary quantity reported in the reviewed catalog source"", ""unit"": ""images""}]",Quantities with different units are not interchangeable. Related records and derivative components may overlap.
ut_fsocta,UTHealth Fundus and Synthetic OCTA Dataset,multimodal,fundus|octa,0.3.0,2026-07-25,2026-08-01,https://zenodo.org/records/6476639,primary_quantity_resolved,112,participants,Subjects with aligned fundus and en-face OCTA data,exact,official_source_description,https://zenodo.org/records/6476639,4,3,"[{""count"": 112, ""evidence_basis"": ""official_source_description"", ""evidence_url"": ""https://zenodo.org/records/6476639"", ""exactness"": ""exact"", ""notes"": """", ""primary"": true, ""review_date"": ""2026-08-01"", ""scope"": ""Subjects with aligned fundus and en-face OCTA data"", ""unit"": ""participants""}, {""count"": 194, ""evidence_basis"": ""current_deposit_file_listing"", ""evidence_url"": ""https://zenodo.org/records/6476639"", ""exactness"": ""exact"", ""notes"": """", ""primary"": false, ""review_date"": ""2026-08-01"", ""scope"": ""Full-field fundus JPG files in the current archive"", ""unit"": ""images""}, {""count"": 194, ""evidence_basis"": ""current_deposit_file_listing"", ""evidence_url"": ""https://zenodo.org/records/6476639"", ""exactness"": ""exact"", ""notes"": ""Synthetic outputs derive from the fundus images and are not an independent cohort."", ""primary"": false, ""review_date"": ""2026-08-01"", ""scope"": ""Full-field synthetic OCTA PNG files in the current archive"", ""unit"": ""images""}, {""count"": 362, ""evidence_basis"": ""current_deposit_file_listing"", ""evidence_url"": ""https://zenodo.org/records/6476639"", ""exactness"": ""exact"", ""notes"": """", ""primary"": false, ""review_date"": ""2026-08-01"", ""scope"": ""Cropped en-face OCTA PNG files in the current archive"", ""unit"": ""images""}]",Quantities with different units are not interchangeable. Related records and derivative components may overlap.
uveitis_smote,Image Dataset on Eye Diseases Classification with Symptoms and SMOTE Validation,multimodal,external_eye|tabular,0.3.0,2026-07-25,2026-08-01,https://data.mendeley.com/datasets/n9zp473wfw/2,primary_quantity_resolved,3245,images,Primary quantity reported in the reviewed catalog source,not_assessed,legacy_catalog_field,https://data.mendeley.com/datasets/n9zp473wfw/2,1,0,"[{""count"": 3245, ""evidence_basis"": ""legacy_catalog_field"", ""evidence_url"": ""https://data.mendeley.com/datasets/n9zp473wfw/2"", ""exactness"": ""not_assessed"", ""notes"": """", ""primary"": true, ""review_date"": ""2026-08-01"", ""scope"": ""Primary quantity reported in the reviewed catalog source"", ""unit"": ""images""}]",Quantities with different units are not interchangeable. Related records and derivative components may overlap.
uwf_dr,UWF DR Reasoning Dataset,uwf_fundus,uwf_fundus,0.3.0,2026-07-25,2026-08-01,https://drive.google.com/drive/folders/1wOqM-O_amSwMdli4OlFnGpf4hslPgDNu,primary_quantity_resolved,495,images,Primary quantity reported in the reviewed catalog source,not_assessed,legacy_catalog_field,https://drive.google.com/drive/folders/1wOqM-O_amSwMdli4OlFnGpf4hslPgDNu,1,0,"[{""count"": 495, ""evidence_basis"": ""legacy_catalog_field"", ""evidence_url"": ""https://drive.google.com/drive/folders/1wOqM-O_amSwMdli4OlFnGpf4hslPgDNu"", ""exactness"": ""not_assessed"", ""notes"": """", ""primary"": true, ""review_date"": ""2026-08-01"", ""scope"": ""Primary quantity reported in the reviewed catalog source"", ""unit"": ""images""}]",Quantities with different units are not interchangeable. Related records and derivative components may overlap.
uwf_dr_peng,"UWF Fundus DR Dataset (Peng et al., 2026)",uwf_fundus,uwf_fundus,0.3.0,2026-07-25,2026-08-01,https://doi.org/10.6084/m9.figshare.31259494,primary_quantity_resolved,1630,images,Primary quantity reported in the reviewed catalog source,not_assessed,legacy_catalog_field,https://doi.org/10.6084/m9.figshare.31259494,1,0,"[{""count"": 1630, ""evidence_basis"": ""legacy_catalog_field"", ""evidence_url"": ""https://doi.org/10.6084/m9.figshare.31259494"", ""exactness"": ""not_assessed"", ""notes"": """", ""primary"": true, ""review_date"": ""2026-08-01"", ""scope"": ""Primary quantity reported in the reviewed catalog source"", ""unit"": ""images""}]",Quantities with different units are not interchangeable. Related records and derivative components may overlap.
uwf_tumor,UWF Fundus Intraocular Tumor Dataset,uwf_fundus,uwf_fundus,0.3.0,2026-07-25,2026-08-01,https://doi.org/10.6084/m9.figshare.27986258,primary_quantity_resolved,2031,images,Primary quantity reported in the reviewed catalog source,not_assessed,legacy_catalog_field,https://doi.org/10.6084/m9.figshare.27986258,1,0,"[{""count"": 2031, ""evidence_basis"": ""legacy_catalog_field"", ""evidence_url"": ""https://doi.org/10.6084/m9.figshare.27986258"", ""exactness"": ""not_assessed"", ""notes"": """", ""primary"": true, ""review_date"": ""2026-08-01"", ""scope"": ""Primary quantity reported in the reviewed catalog source"", ""unit"": ""images""}]",Quantities with different units are not interchangeable. Related records and derivative components may overlap.
uwf_zhejiang,Open UWF Fundus Dataset with Disease + Quality Labels,uwf_fundus,uwf_fundus,0.3.0,2026-07-25,2026-08-01,https://doi.org/10.6084/m9.figshare.26936446,primary_quantity_resolved,700,images,Primary quantity reported in the reviewed catalog source,not_assessed,legacy_catalog_field,https://doi.org/10.6084/m9.figshare.26936446,1,0,"[{""count"": 700, ""evidence_basis"": ""legacy_catalog_field"", ""evidence_url"": ""https://doi.org/10.6084/m9.figshare.26936446"", ""exactness"": ""not_assessed"", ""notes"": """", ""primary"": true, ""review_date"": ""2026-08-01"", ""scope"": ""Primary quantity reported in the reviewed catalog source"", ""unit"": ""images""}]",Quantities with different units are not interchangeable. Related records and derivative components may overlap.
uwhvf,UWHVF: University of Washington Humphrey Visual Field,visual_field,visual_field,0.3.0,2026-07-25,2026-08-01,https://github.com/uw-biomedical-ml/uwhvf/archive/refs/heads/master.zip,primary_quantity_resolved,28943,visual_field_tests,HFA 24-2 tests,exact,official_source_description,https://github.com/uw-biomedical-ml/uwhvf,1,0,"[{""count"": 28943, ""evidence_basis"": ""official_source_description"", ""evidence_url"": ""https://github.com/uw-biomedical-ml/uwhvf"", ""exactness"": ""exact"", ""notes"": """", ""primary"": true, ""review_date"": ""2026-08-01"", ""scope"": ""HFA 24-2 tests"", ""unit"": ""visual_field_tests""}]",Quantities with different units are not interchangeable. Related records and derivative components may overlap.
vietai_retinal_disease,VietAI Retinal Disease Detection 2020,fundus,fundus,0.3.0,2026-07-25,2026-08-01,https://www.kaggle.com/competitions/vietai-advance-retinal-disease-detection-2020/data,primary_quantity_resolved,3785,images,Primary quantity reported in the reviewed catalog source,not_assessed,legacy_catalog_field,https://www.kaggle.com/competitions/vietai-advance-retinal-disease-detection-2020/data,1,0,"[{""count"": 3785, ""evidence_basis"": ""legacy_catalog_field"", ""evidence_url"": ""https://www.kaggle.com/competitions/vietai-advance-retinal-disease-detection-2020/data"", ""exactness"": ""not_assessed"", ""notes"": """", ""primary"": true, ""review_date"": ""2026-08-01"", ""scope"": ""Primary quantity reported in the reviewed catalog source"", ""unit"": ""images""}]",Quantities with different units are not interchangeable. Related records and derivative components may overlap.
visual_field_testing_experiment,Visual Field Testing Experiment,visual_field,visual_field,0.3.0,2026-07-25,2026-08-01,https://www.kaggle.com/datasets/shozosaeki/visual-field-testing-experiment,primary_quantity_resolved,78,visual_fields,Rows and distinct IDs in fields.csv,exact,current_deposit_table,https://www.kaggle.com/datasets/shozosaeki/visual-field-testing-experiment,3,2,"[{""count"": 78, ""evidence_basis"": ""current_deposit_table"", ""evidence_url"": ""https://www.kaggle.com/datasets/shozosaeki/visual-field-testing-experiment"", ""exactness"": ""exact"", ""notes"": """", ""primary"": true, ""review_date"": ""2026-08-01"", ""scope"": ""Rows and distinct IDs in fields.csv"", ""unit"": ""visual_fields""}, {""count"": 15678, ""evidence_basis"": ""current_deposit_table"", ""evidence_url"": ""https://www.kaggle.com/datasets/shozosaeki/visual-field-testing-experiment"", ""exactness"": ""exact"", ""notes"": """", ""primary"": false, ""review_date"": ""2026-08-01"", ""scope"": ""Eye-guided measurement rows in display_results.csv"", ""unit"": ""measurement_rows""}, {""count"": 4212, ""evidence_basis"": ""current_deposit_table"", ""evidence_url"": ""https://www.kaggle.com/datasets/shozosaeki/visual-field-testing-experiment"", ""exactness"": ""exact"", ""notes"": """", ""primary"": false, ""review_date"": ""2026-08-01"", ""scope"": ""Humphrey field-analyzer rows in hfa_results.csv"", ""unit"": ""measurement_rows""}]",Quantities with different units are not interchangeable. Related records and derivative components may overlap.
x_pcr,X-PCR Ophthalmology Progressive Clinical Reasoning Benchmark,multimodal,fundus|fundus_angiography|oct|external_eye|retcam|text,0.3.0,2026-07-25,2026-08-01,https://huggingface.co/datasets/Fantasy666/X-PCR,primary_quantity_resolved,18735,rows,Primary quantity reported in the reviewed catalog source,not_assessed,legacy_catalog_field,https://huggingface.co/datasets/Fantasy666/X-PCR,1,0,"[{""count"": 18735, ""evidence_basis"": ""legacy_catalog_field"", ""evidence_url"": ""https://huggingface.co/datasets/Fantasy666/X-PCR"", ""exactness"": ""not_assessed"", ""notes"": """", ""primary"": true, ""review_date"": ""2026-08-01"", ""scope"": ""Primary quantity reported in the reviewed catalog source"", ""unit"": ""rows""}]",Quantities with different units are not interchangeable. Related records and derivative components may overlap.
