record_id,canonical_name,catalog_version,catalog_search_cutoff,identity_review_date,current_catalog_record,resource_role,resource_role_definition,dataset_family_id,dataset_family_member_count,dataset_family_members,outgoing_relationship_types,outgoing_relationship_targets,incoming_relationship_sources,relationship_evidence_urls,official_source_url,counting_rule
acrima,ACRIMA: Glaucoma Optic Disc Fundus Database,0.6.0,2026-08-02,2026-08-02,True,current_dataset,A current cataloged data product without a more specific structural role.,acrima,1,acrima,,,higancnn_generated_glaucoma|mm_retinal_reason,https://huggingface.co/datasets/lxirich/MM-Retinal-Reason/tree/d6243baa82c0914dba3c6f43ca79fdbf856982ef|https://www.kaggle.com/datasets/hindsaud/datasets-higancnn-glaucoma-detection,https://figshare.com/s/c2d31f850af14c5b5232,Current data products are counted once. Previous versions and unmodified alternate deposits are links only. Dataset-family counts collapse documented collection/component records and exact task views; derivatives and uncertain overlaps remain separate.
adam_challenge,ADAM — Automatic Detection of AMD Challenge,0.6.0,2026-08-02,2026-08-02,True,current_dataset,A current cataloged data product without a more specific structural role.,adam_challenge,1,adam_challenge,,,,,https://drive.google.com/file/d/1Uz5x0aqXb0aecjzNWQ4522oCxaRDZxBt/view,Current data products are counted once. Previous versions and unmodified alternate deposits are links only. Dataset-family counts collapse documented collection/component records and exact task views; derivatives and uncertain overlaps remain separate.
afio_fundus_vessels,AFIO Fundus Images for Vessel Segmentation and Disease Annotation,0.6.0,2026-08-02,2026-08-02,True,current_dataset,A current cataloged data product without a more specific structural role.,afio_fundus_vessels,1,afio_fundus_vessels,,,,,https://data.mendeley.com/datasets/3csr652p9y/2,Current data products are counted once. Previous versions and unmodified alternate deposits are links only. Dataset-family counts collapse documented collection/component records and exact task views; derivatives and uncertain overlaps remain separate.
agar300,AGAR300 Microaneurysm Fundus Image Dataset,0.6.0,2026-08-02,2026-08-02,True,current_dataset,A current cataloged data product without a more specific structural role.,agar300,1,agar300,,,,,https://ieee-dataport.org/open-access/diabetic-retinopathy-fundus-image-datasetagar300,Current data products are counted once. Previous versions and unmodified alternate deposits are links only. Dataset-family counts collapse documented collection/component records and exact task views; derivatives and uncertain overlaps remain separate.
age_challenge,AGE — Angle-Closure Glaucoma Evaluation Challenge (AS-OCT),0.6.0,2026-08-02,2026-08-02,True,current_dataset,A current cataloged data product without a more specific structural role.,age_challenge,1,age_challenge,,,,,https://drive.google.com/file/d/1Qlkqj74SW8DJRKdYL_-ApC_0H5Z7uyvr/view,Current data products are counted once. Previous versions and unmodified alternate deposits are links only. Dataset-family counts collapse documented collection/component records and exact task views; derivatives and uncertain overlaps remain separate.
airogs,AIROGS: AI for Robust Glaucoma Screening,0.6.0,2026-08-02,2026-08-02,True,current_dataset,A current cataloged data product without a more specific structural role.,airogs,1,airogs,,,smdg,https://www.kaggle.com/datasets/deathtrooper/multichannel-glaucoma-benchmark-dataset,https://zenodo.org/records/5793241,Current data products are counted once. Previous versions and unmodified alternate deposits are links only. Dataset-family counts collapse documented collection/component records and exact task views; derivatives and uncertain overlaps remain separate.
amd_dme_3d_oct,Comprehensive 3D OCT Dataset for AMD and DME,0.6.0,2026-08-02,2026-08-02,True,current_dataset,A current cataloged data product without a more specific structural role.,amd_dme_3d_oct,1,amd_dme_3d_oct,,,,,https://doi.org/10.6084/m9.figshare.30582035.v1,Current data products are counted once. Previous versions and unmodified alternate deposits are links only. Dataset-family counts collapse documented collection/component records and exact task views; derivatives and uncertain overlaps remain separate.
amd_sd,AMD-SD: OCT Wet AMD Lesion Segmentation Dataset,0.6.0,2026-08-02,2026-08-02,True,current_dataset,A current cataloged data product without a more specific structural role.,amd_sd,1,amd_sd,,,,,https://www.kaggle.com/datasets/gaoweihao/amd-sd,Current data products are counted once. Previous versions and unmodified alternate deposits are links only. Dataset-family counts collapse documented collection/component records and exact task views; derivatives and uncertain overlaps remain separate.
amdnet23,AMDNet23 Fundus Image Dataset for AMD Detection,0.6.0,2026-08-02,2026-08-02,True,derivative_dataset,"A distinct data product that reuses one or more cataloged resources and adds processing, representations, synthesis, aggregation, or benchmark structure.",amdnet23,1,amdnet23,derived_from,hrf|odir2019|rfmid,,https://doi.org/10.17632/yj35kjgrv3.1,https://data.mendeley.com/datasets/yj35kjgrv3/1,Current data products are counted once. Previous versions and unmodified alternate deposits are links only. Dataset-family counts collapse documented collection/component records and exact task views; derivatives and uncertain overlaps remain separate.
angioreport,AngioReport Fundus Angiography Report Dataset,0.6.0,2026-08-02,2026-08-02,True,current_dataset,A current cataloged data product without a more specific structural role.,angioreport,1,angioreport,,,,,https://tianchi.aliyun.com/dataset/170128,Current data products are counted once. Previous versions and unmodified alternate deposits are links only. Dataset-family counts collapse documented collection/component records and exact task views; derivatives and uncertain overlaps remain separate.
anterior_segment_smile,Anterior Segment Parameters After SMILE Surgery,0.6.0,2026-08-02,2026-08-02,True,current_dataset,A current cataloged data product without a more specific structural role.,anterior_segment_smile,1,anterior_segment_smile,,,,,https://data.mendeley.com/datasets/vkdxsnhkrm/1,Current data products are counted once. Previous versions and unmodified alternate deposits are links only. Dataset-family counts collapse documented collection/component records and exact task views; derivatives and uncertain overlaps remain separate.
anterior_uveitis_corneal_endothelium,Anterior Uveitis Corneal Endothelium Dataset,0.6.0,2026-08-02,2026-08-02,True,current_dataset,A current cataloged data product without a more specific structural role.,anterior_uveitis_corneal_endothelium,1,anterior_uveitis_corneal_endothelium,,,,,https://doi.org/10.6084/m9.figshare.32054064.v1,Current data products are counted once. Previous versions and unmodified alternate deposits are links only. Dataset-family counts collapse documented collection/component records and exact task views; derivatives and uncertain overlaps remain separate.
aod,AOD: Augmented Ocular Diseases Dataset,0.6.0,2026-08-02,2026-08-02,True,derivative_dataset,"A distinct data product that reuses one or more cataloged resources and adds processing, representations, synthesis, aggregation, or benchmark structure.",aod,1,aod,derived_from,odir2019,,https://doi.org/10.17632/d73g6m8d5m.1,https://www.kaggle.com/datasets/nurmukhammed7/augemnted-ocular-diseases,Current data products are counted once. Previous versions and unmodified alternate deposits are links only. Dataset-family counts collapse documented collection/component records and exact task views; derivatives and uncertain overlaps remain separate.
aptos2019,APTOS 2019 Blindness Detection,0.6.0,2026-08-02,2026-08-02,True,current_dataset,A current cataloged data product without a more specific structural role.,aptos2019,1,aptos2019,,,aptos_arcade_onh_masks|mm_retinal_reason|x_pcr,https://huggingface.co/datasets/Fantasy666/X-PCR/tree/06a318fd852230326386e3c6514d8a11b7a6b4af|https://huggingface.co/datasets/lxirich/MM-Retinal-Reason/tree/d6243baa82c0914dba3c6f43ca79fdbf856982ef|https://zenodo.org/records/20711325,https://www.kaggle.com/c/aptos2019-blindness-detection,Current data products are counted once. Previous versions and unmodified alternate deposits are links only. Dataset-family counts collapse documented collection/component records and exact task views; derivatives and uncertain overlaps remain separate.
aptos_arcade_onh_masks,APTOS Vascular Arcade and Optic Nerve Head Masks,0.6.0,2026-08-02,2026-08-02,True,annotation_layer,"A data product whose principal addition is labels, masks, reports, questions, reasoning records, or other annotations for existing data.",aptos_arcade_onh_masks,1,aptos_arcade_onh_masks,derived_from,aptos2019,,https://zenodo.org/records/20711325,https://zenodo.org/records/20711325,Current data products are counted once. Previous versions and unmodified alternate deposits are links only. Dataset-family counts collapse documented collection/component records and exact task views; derivatives and uncertain overlaps remain separate.
aqp4_optic_neuritis_oct_layers,AQP4 Optic Neuritis OCT Layers Dataset,0.6.0,2026-08-02,2026-08-02,True,current_dataset,A current cataloged data product without a more specific structural role.,aqp4_optic_neuritis_oct_layers,1,aqp4_optic_neuritis_oct_layers,,,,,https://doi.org/10.6084/m9.figshare.3209908.v1,Current data products are counted once. Previous versions and unmodified alternate deposits are links only. Dataset-family counts collapse documented collection/component records and exact task views; derivatives and uncertain overlaps remain separate.
aroi,AROI: Annotated Retinal OCT Images Database,0.6.0,2026-08-02,2026-08-02,True,current_dataset,A current cataloged data product without a more specific structural role.,aroi,1,aroi,,,,,https://drive.google.com/file/d/10Ys4xsw81evjHewZEvqHy4Kri0my8C2S/view,Current data products are counted once. Previous versions and unmodified alternate deposits are links only. Dataset-family counts collapse documented collection/component records and exact task views; derivatives and uncertain overlaps remain separate.
aroma_octa,AROMA Retinal OCTA Artifact Dataset,0.6.0,2026-08-02,2026-08-02,True,current_dataset,A current cataloged data product without a more specific structural role.,aroma_octa,1,aroma_octa,,,,,https://doi.org/10.5281/zenodo.18258095,Current data products are counted once. Previous versions and unmodified alternate deposits are links only. Dataset-family counts collapse documented collection/component records and exact task views; derivatives and uncertain overlaps remain separate.
as_oct_keratitis,AS-OCT Keratitis Segmentation Dataset,0.6.0,2026-08-02,2026-08-02,True,current_dataset,A current cataloged data product without a more specific structural role.,as_oct_keratitis,1,as_oct_keratitis,,,,,https://doi.org/10.6084/m9.figshare.c.7036994.v1,Current data products are counted once. Previous versions and unmodified alternate deposits are links only. Dataset-family counts collapse documented collection/component records and exact task views; derivatives and uncertain overlaps remain separate.
asd_eye_tracking,Autism Spectrum Disorder Eye-Tracking Dataset,0.6.0,2026-08-02,2026-08-02,True,current_dataset,A current cataloged data product without a more specific structural role.,asd_eye_tracking,1,asd_eye_tracking,,,,,https://doi.org/10.6084/m9.figshare.20113592.v1,Current data products are counted once. Previous versions and unmodified alternate deposits are links only. Dataset-family counts collapse documented collection/component records and exact task views; derivatives and uncertain overlaps remain separate.
bajwa_multi_eye,Bajwa Hospital Multi Eye Disease Dataset,0.6.0,2026-08-02,2026-08-02,True,current_dataset,A current cataloged data product without a more specific structural role.,bajwa_multi_eye,1,bajwa_multi_eye,,,,,https://data.mendeley.com/datasets/rgwpd4m785/3,Current data products are counted once. Previous versions and unmodified alternate deposits are links only. Dataset-family counts collapse documented collection/component records and exact task views; derivatives and uncertain overlaps remain separate.
beh,BEH: Bangladesh Eye Hospital Glaucoma Dataset,0.6.0,2026-08-02,2026-08-02,True,current_dataset,A current cataloged data product without a more specific structural role.,beh,1,beh,,,smdg|x_pcr,https://huggingface.co/datasets/Fantasy666/X-PCR/tree/06a318fd852230326386e3c6514d8a11b7a6b4af|https://www.kaggle.com/datasets/deathtrooper/multichannel-glaucoma-benchmark-dataset,https://drive.google.com/file/d/1YdZm-sioiAbTdBRy4oej1q6tZL8Baft7,Current data products are counted once. Previous versions and unmodified alternate deposits are links only. Dataset-family counts collapse documented collection/component records and exact task views; derivatives and uncertain overlaps remain separate.
belo,BELO Benchmark for Evaluating Language Models in Ophthalmology,0.6.0,2026-08-02,2026-08-02,True,current_dataset,A current cataloged data product without a more specific structural role.,belo,1,belo,,,,,https://belo-dataset.vercel.app/,Current data products are counted once. Previous versions and unmodified alternate deposits are links only. Dataset-family counts collapse documented collection/component records and exact task views; derivatives and uncertain overlaps remain separate.
binocular_fundus_images,Binocular Fundus Image Dataset,0.6.0,2026-08-02,2026-08-02,True,current_dataset,A current cataloged data product without a more specific structural role.,binocular_fundus_images,1,binocular_fundus_images,,,,,https://doi.org/10.6084/m9.figshare.31981557.v1,Current data products are counted once. Previous versions and unmodified alternate deposits are links only. Dataset-family counts collapse documented collection/component records and exact task views; derivatives and uncertain overlaps remain separate.
birdshot_wide,Birdshot-WIDE Widefield Fundus Dataset,0.6.0,2026-08-02,2026-08-02,True,current_dataset,A current cataloged data product without a more specific structural role.,birdshot_wide,1,birdshot_wide,,,,,https://doi.org/10.5281/zenodo.19474623,Current data products are counted once. Previous versions and unmodified alternate deposits are links only. Dataset-family counts collapse documented collection/component records and exact task views; derivatives and uncertain overlaps remain separate.
bmrd,Bangladesh Multi-Disease Retinal Dataset,0.6.0,2026-08-02,2026-08-02,True,current_dataset,A current cataloged data product without a more specific structural role.,bmrd,1,bmrd,,,,,https://data.mendeley.com/datasets/959whsbc6v/1,Current data products are counted once. Previous versions and unmodified alternate deposits are links only. Dataset-family counts collapse documented collection/component records and exact task views; derivatives and uncertain overlaps remain separate.
brasil_glaucoma_brg,Brazil Glaucoma (BrG) Dataset,0.6.0,2026-08-02,2026-08-02,True,current_dataset,A current cataloged data product without a more specific structural role.,brasil_glaucoma_brg,1,brasil_glaucoma_brg,,,,,https://www.kaggle.com/datasets/clerimar/brasil-glaucoma-brg,Current data products are counted once. Previous versions and unmodified alternate deposits are links only. Dataset-family counts collapse documented collection/component records and exact task views; derivatives and uncertain overlaps remain separate.
brset,BRSET: Brazilian Multilabel Ophthalmological Dataset,0.6.0,2026-08-02,2026-08-02,True,current_dataset,A current cataloged data product without a more specific structural role.,brset,1,brset,,,brset_mbrset_embeddings,https://physionet.org/content/embedding-brset-mbrset/1.0.0/,https://physionet.org/content/brazilian-ophthalmological/1.0.1/,Current data products are counted once. Previous versions and unmodified alternate deposits are links only. Dataset-family counts collapse documented collection/component records and exact task views; derivatives and uncertain overlaps remain separate.
brset_mbrset_embeddings,Embedding-Based Representations for BRSET and mBRSET,0.6.0,2026-08-02,2026-08-02,True,derivative_dataset,"A distinct data product that reuses one or more cataloged resources and adds processing, representations, synthesis, aggregation, or benchmark structure.",brset_mbrset_embeddings,1,brset_mbrset_embeddings,derived_from,brset|mbrset,,https://physionet.org/content/embedding-brset-mbrset/1.0.0/,https://physionet.org/content/embedding-brset-mbrset/1.0.0/,Current data products are counted once. Previous versions and unmodified alternate deposits are links only. Dataset-family counts collapse documented collection/component records and exact task views; derivatives and uncertain overlaps remain separate.
cadis,CaDIS: Cataract Dataset for Image Segmentation,0.6.0,2026-08-02,2026-08-02,True,annotation_layer,"A data product whose principal addition is labels, masks, reports, questions, reasoning records, or other annotations for existing data.",cadis,1,cadis,derived_from,cataracts2017,insegcat,https://cataracts-semantic-segmentation2020.grand-challenge.org/|https://ftp.itec.aau.at/datasets/ovid/InSegCat/,https://cataracts-semantic-segmentation2020.grand-challenge.org/,Current data products are counted once. Previous versions and unmodified alternate deposits are links only. Dataset-family counts collapse documented collection/component records and exact task views; derivatives and uncertain overlaps remain separate.
casia2_as_oct_repeatability,CASIA2 Anterior-Segment OCT Repeatability Dataset,0.6.0,2026-08-02,2026-08-02,True,current_dataset,A current cataloged data product without a more specific structural role.,casia2_as_oct_repeatability,1,casia2_as_oct_repeatability,,,,,https://doi.org/10.6084/m9.figshare.29302664.v1,Current data products are counted once. Previous versions and unmodified alternate deposits are links only. Dataset-family counts collapse documented collection/component records and exact task views; derivatives and uncertain overlaps remain separate.
casia2_keratometric_astigmatism,CASIA2 Keratometric Astigmatism Dataset,0.6.0,2026-08-02,2026-08-02,True,current_dataset,A current cataloged data product without a more specific structural role.,casia2_keratometric_astigmatism,1,casia2_keratometric_astigmatism,,,,,https://doi.org/10.6084/m9.figshare.26395018.v1,Current data products are counted once. Previous versions and unmodified alternate deposits are links only. Dataset-family counts collapse documented collection/component records and exact task views; derivatives and uncertain overlaps remain separate.
casia_iris_v4,CASIA-IrisV4 Iris Image Database,0.6.0,2026-08-02,2026-08-02,True,current_dataset,A current cataloged data product without a more specific structural role.,casia_iris_v4,1,casia_iris_v4,,,,,https://hycasia.github.io/dataset/casia-irisv4/,Current data products are counted once. Previous versions and unmodified alternate deposits are links only. Dataset-family counts collapse documented collection/component records and exact task views; derivatives and uncertain overlaps remain separate.
cataract,Cataract Fundus Classification Dataset,0.6.0,2026-08-02,2026-08-02,True,current_dataset,A current cataloged data product without a more specific structural role.,cataract,1,cataract,,,,,https://www.kaggle.com/datasets/jr2ngb/cataractdataset,Current data products are counted once. Previous versions and unmodified alternate deposits are links only. Dataset-family counts collapse documented collection/component records and exact task views; derivatives and uncertain overlaps remain separate.
cataract101_extended_labels,Cataract-101 Extended Labels,0.6.0,2026-08-02,2026-08-02,True,annotation_layer,"A data product whose principal addition is labels, masks, reports, questions, reasoning records, or other annotations for existing data.",cataract101_extended_labels,1,cataract101_extended_labels,derived_from,cataract_101,,https://zenodo.org/records/4984167,https://zenodo.org/records/4984167,Current data products are counted once. Previous versions and unmodified alternate deposits are links only. Dataset-family counts collapse documented collection/component records and exact task views; derivatives and uncertain overlaps remain separate.
cataract1k,Cataract-1K: Large-Scale Cataract Surgery Video Dataset,0.6.0,2026-08-02,2026-08-02,True,current_dataset,A current cataloged data product without a more specific structural role.,cataract1k,1,cataract1k,,,lmod_cataract_1k|lmod_plus,https://huggingface.co/datasets/mehti/LMOD-Cataract-1K|https://kfzyqin.github.io/lmod_plus/,https://www.synapse.org/#!Synapse:syn53404917,Current data products are counted once. Previous versions and unmodified alternate deposits are links only. Dataset-family counts collapse documented collection/component records and exact task views; derivatives and uncertain overlaps remain separate.
cataract_101,Cataract-101: 101 Cataract Surgery Videos with Phase Annotations,0.6.0,2026-08-02,2026-08-02,True,current_dataset,A current cataloged data product without a more specific structural role.,cataract_101,1,cataract_101,,,cataract101_extended_labels|insegcat|itec_iris_pupil,https://ftp.itec.aau.at/datasets/ovid/InSegCat/|https://ftp.itec.aau.at/datasets/ovid/iris_pupil_seg/index.html|https://zenodo.org/records/4984167,https://ftp.itec.aau.at/datasets/ovid/cat-101/,Current data products are counted once. Previous versions and unmodified alternate deposits are links only. Dataset-family counts collapse documented collection/component records and exact task views; derivatives and uncertain overlaps remain separate.
cataract_iol_biometry_outcomes,Cataract IOL Biometry and Outcomes Dataset,0.6.0,2026-08-02,2026-08-02,True,current_dataset,A current cataloged data product without a more specific structural role.,cataract_iol_biometry_outcomes,1,cataract_iol_biometry_outcomes,,,,,https://doi.org/10.6084/m9.figshare.22736687.v1,Current data products are counted once. Previous versions and unmodified alternate deposits are links only. Dataset-family counts collapse documented collection/component records and exact task views; derivatives and uncertain overlaps remain separate.
cataract_lenstar_biometric_symmetry,Cataract LenStar Biometric Symmetry Dataset,0.6.0,2026-08-02,2026-08-02,True,current_dataset,A current cataloged data product without a more specific structural role.,cataract_lenstar_biometric_symmetry,1,cataract_lenstar_biometric_symmetry,,,,,https://doi.org/10.6084/m9.figshare.32833895.v1,Current data products are counted once. Previous versions and unmodified alternate deposits are links only. Dataset-family counts collapse documented collection/component records and exact task views; derivatives and uncertain overlaps remain separate.
cataract_lmm,Cataract-LMM: Large-Scale Multi-Source Multi-Task Cataract Surgery Benchmark,0.6.0,2026-08-02,2026-08-02,True,current_dataset,A current cataloged data product without a more specific structural role.,cataract_lmm,1,cataract_lmm,,,,,https://huggingface.co/datasets/mjahmadi/Cataract-LMM,Current data products are counted once. Previous versions and unmodified alternate deposits are links only. Dataset-family counts collapse documented collection/component records and exact task views; derivatives and uncertain overlaps remain separate.
cataracts2017,CATARACTS 2017: Surgical Tool Detection Challenge,0.6.0,2026-08-02,2026-08-02,True,current_dataset,A current cataloged data product without a more specific structural role.,cataracts2017,1,cataracts2017,,,cadis,https://cataracts-semantic-segmentation2020.grand-challenge.org/,https://ieee-dataport.org/open-access/cataracts,Current data products are counted once. Previous versions and unmodified alternate deposits are links only. Dataset-family counts collapse documented collection/component records and exact task views; derivatives and uncertain overlaps remain separate.
cavri,CAVRI: Computer Analysis of VitreoRetinal Interface Dataset,0.6.0,2026-08-02,2026-08-02,True,current_dataset,A current cataloged data product without a more specific structural role.,cavri,1,cavri,,,,,https://dsp.put.poznan.pl/cavri_database-191/,Current data products are counted once. Previous versions and unmodified alternate deposits are links only. Dataset-family counts collapse documented collection/component records and exact task views; derivatives and uncertain overlaps remain separate.
central_retinal_vessel_trunk_oag,Central Retinal Vessel Trunk Open-Angle Glaucoma Dataset,0.6.0,2026-08-02,2026-08-02,True,current_dataset,A current cataloged data product without a more specific structural role.,central_retinal_vessel_trunk_oag,1,central_retinal_vessel_trunk_oag,,,,,https://doi.org/10.1371/journal.pone.0158443.s001,Current data products are counted once. Previous versions and unmodified alternate deposits are links only. Dataset-family counts collapse documented collection/component records and exact task views; derivatives and uncertain overlaps remain separate.
chaksu,CHAKSU: Multi-Device Glaucoma Fundus Dataset,0.6.0,2026-08-02,2026-08-02,True,current_dataset,A current cataloged data product without a more specific structural role.,chaksu,1,chaksu,,,mm_retinal_reason,https://huggingface.co/datasets/lxirich/MM-Retinal-Reason/tree/d6243baa82c0914dba3c6f43ca79fdbf856982ef,https://doi.org/10.6084/m9.figshare.20123135,Current data products are counted once. Previous versions and unmodified alternate deposits are links only. Dataset-family counts collapse documented collection/component records and exact task views; derivatives and uncertain overlaps remain separate.
chase_db1,CHASE_DB1: Child Heart and Health Study in England,0.6.0,2026-08-02,2026-08-02,True,current_dataset,A current cataloged data product without a more specific structural role.,chase_db1,1,chase_db1,,,retinal_vessel_robustness,https://zenodo.org/records/12659652,https://researchinnovation.kingston.ac.uk/en/datasets/chasedb1-retinal-vessel-reference-dataset-4/,Current data products are counted once. Previous versions and unmodified alternate deposits are links only. Dataset-family counts collapse documented collection/component records and exact task views; derivatives and uncertain overlaps remain separate.
china_fundus_cimt,China Fundus and Carotid Intima-Media Thickness Dataset,0.6.0,2026-08-02,2026-08-02,True,current_dataset,A current cataloged data product without a more specific structural role.,china_fundus_cimt,1,china_fundus_cimt,,,,,https://doi.org/10.6084/m9.figshare.27907056.v1,Current data products are counted once. Previous versions and unmodified alternate deposits are links only. Dataset-family counts collapse documented collection/component records and exact task views; derivatives and uncertain overlaps remain separate.
chronic_corneal_disorders,Chronic Corneal Disorders Clinical Dataset,0.6.0,2026-08-02,2026-08-02,True,current_dataset,A current cataloged data product without a more specific structural role.,chronic_corneal_disorders,1,chronic_corneal_disorders,,,,,https://data.mendeley.com/datasets/mcwv6thk8m/1,Current data products are counted once. Previous versions and unmodified alternate deposits are links only. Dataset-family counts collapse documented collection/component records and exact task views; derivatives and uncertain overlaps remain separate.
coph100,COph100: Comprehensive Infant Fundus Image Registration Dataset (RIDIRP),0.6.0,2026-08-02,2026-08-02,True,current_dataset,A current cataloged data product without a more specific structural role.,coph100,1,coph100,,,,,https://doi.org/10.6084/m9.figshare.27061084.v1,Current data products are counted once. Previous versions and unmodified alternate deposits are links only. Dataset-family counts collapse documented collection/component records and exact task views; derivatives and uncertain overlaps remain separate.
corn1500,CORN-1500: Corneal Nerve Tortuosity Grading,0.6.0,2026-08-02,2026-08-02,True,component_dataset,A separately named and citable component of a cataloged collection.,corn_collection,3,corn1500|corn_collection|corn_pro,component_of,corn_collection,corn_collection,https://zenodo.org/records/19689814,https://zenodo.org/records/5880419,Current data products are counted once. Previous versions and unmodified alternate deposits are links only. Dataset-family counts collapse documented collection/component records and exact task views; derivatives and uncertain overlaps remain separate.
corn_collection,CORN: Corneal Confocal Microscope Dataset Collection,0.6.0,2026-08-02,2026-08-02,True,collection,A combined deposit or portal that exposes multiple named component datasets.,corn_collection,3,corn1500|corn_collection|corn_pro,has_component,corn1500|corn_pro,corn1500|corn_pro,https://zenodo.org/records/19689814,https://zenodo.org/records/19689814,Current data products are counted once. Previous versions and unmodified alternate deposits are links only. Dataset-family counts collapse documented collection/component records and exact task views; derivatives and uncertain overlaps remain separate.
corn_pro,CORN Pro: Corneal Nerve Confocal Microscopy Dataset,0.6.0,2026-08-02,2026-08-02,True,component_dataset,A separately named and citable component of a cataloged collection.,corn_collection,3,corn1500|corn_collection|corn_pro,component_of,corn_collection,corn_collection,https://zenodo.org/records/19689814,https://zenodo.org/records/14263883,Current data products are counted once. Previous versions and unmodified alternate deposits are links only. Dataset-family counts collapse documented collection/component records and exact task views; derivatives and uncertain overlaps remain separate.
corneal_curvature_fundus,Corneal Curvature Prediction Using Fundus Photography,0.6.0,2026-08-02,2026-08-02,True,current_dataset,A current cataloged data product without a more specific structural role.,corneal_curvature_fundus,1,corneal_curvature_fundus,,,,,https://data.mendeley.com/datasets/bc2jfr7dv9/1,Current data products are counted once. Previous versions and unmodified alternate deposits are links only. Dataset-family counts collapse documented collection/component records and exact task views; derivatives and uncertain overlaps remain separate.
corneal_epithelium_confocal,Keratoconus Corneal Epithelium Confocal Fluorescence Dataset,0.6.0,2026-08-02,2026-08-02,True,current_dataset,A current cataloged data product without a more specific structural role.,corneal_epithelium_confocal,1,corneal_epithelium_confocal,,,,,https://data.mendeley.com/datasets/n3gky25brh/2,Current data products are counted once. Previous versions and unmodified alternate deposits are links only. Dataset-family counts collapse documented collection/component records and exact task views; derivatives and uncertain overlaps remain separate.
corneal_nerve_parkinsons,Corneal Nerve Parkinson Disease Dataset,0.6.0,2026-08-02,2026-08-02,True,current_dataset,A current cataloged data product without a more specific structural role.,corneal_nerve_parkinsons,1,corneal_nerve_parkinsons,,,,,https://doi.org/10.6084/m9.figshare.28189571.v1,Current data products are counted once. Previous versions and unmodified alternate deposits are links only. Dataset-family counts collapse documented collection/component records and exact task views; derivatives and uncertain overlaps remain separate.
corneal_parameters_kc,Corneal Parameters Keratoconus Study,0.6.0,2026-08-02,2026-08-02,True,current_dataset,A current cataloged data product without a more specific structural role.,corneal_parameters_kc,1,corneal_parameters_kc,,,,,https://data.mendeley.com/datasets/3nz4fkwn3y/1,Current data products are counted once. Previous versions and unmodified alternate deposits are links only. Dataset-family counts collapse documented collection/component records and exact task views; derivatives and uncertain overlaps remain separate.
corneal_tomography_iol,Multi-Parameter Corneal Tomography Dataset for IOL Selection,0.6.0,2026-08-02,2026-08-02,True,current_dataset,A current cataloged data product without a more specific structural role.,corneal_tomography_iol,1,corneal_tomography_iol,,,,,https://data.mendeley.com/datasets/wddj7bh9p9/1,Current data products are counted once. Previous versions and unmodified alternate deposits are links only. Dataset-family counts collapse documented collection/component records and exact task views; derivatives and uncertain overlaps remain separate.
cornorb,CornOrb: Orbscan Corneal Topography and Clinical Annotations,0.6.0,2026-08-02,2026-08-02,True,current_dataset,A current cataloged data product without a more specific structural role.,cornorb,1,cornorb,,,,,https://zenodo.org/records/20542091,Current data products are counted once. Previous versions and unmodified alternate deposits are links only. Dataset-family counts collapse documented collection/component records and exact task views; derivatives and uncertain overlaps remain separate.
csc_fundus_segmentation,Central Serous Chorioretinopathy Fundus Segmentation Dataset,0.6.0,2026-08-02,2026-08-02,True,current_dataset,A current cataloged data product without a more specific structural role.,csc_fundus_segmentation,1,csc_fundus_segmentation,,,,,https://data.mendeley.com/datasets/4k64fwnp4k/5,Current data products are counted once. Previous versions and unmodified alternate deposits are links only. Dataset-family counts collapse documented collection/component records and exact task views; derivatives and uncertain overlaps remain separate.
csdi,CSDI: Cataract Severity Diagnostic Image Dataset,0.6.0,2026-08-02,2026-08-02,True,current_dataset,A current cataloged data product without a more specific structural role.,csdi,1,csdi,,,,,https://huggingface.co/datasets/RainyNight/CSDI,Current data products are counted once. Previous versions and unmodified alternate deposits are links only. Dataset-family counts collapse documented collection/component records and exact task views; derivatives and uncertain overlaps remain separate.
cyp1b1_poag_genotypes,CYP1B1 Primary Open-Angle Glaucoma Genotype Dataset,0.6.0,2026-08-02,2026-08-02,True,current_dataset,A current cataloged data product without a more specific structural role.,cyp1b1_poag_genotypes,1,cyp1b1_poag_genotypes,,,,,https://doi.org/10.25451/flinders.16545561.v1,Current data products are counted once. Previous versions and unmodified alternate deposits are links only. Dataset-family counts collapse documented collection/component records and exact task views; derivatives and uncertain overlaps remain separate.
data_oct_fundus_glaucoma,Data on OCT and Fundus Images,0.6.0,2026-08-02,2026-08-02,True,current_dataset,A current cataloged data product without a more specific structural role.,data_oct_fundus_glaucoma,1,data_oct_fundus_glaucoma,,,,,https://data.mendeley.com/datasets/2rnnz5nz74/2,Current data products are counted once. Previous versions and unmodified alternate deposits are links only. Dataset-family counts collapse documented collection/component records and exact task views; derivatives and uncertain overlaps remain separate.
ddr,DDR: Diabetic Retinopathy Detection & Grading,0.6.0,2026-08-02,2026-08-02,True,current_dataset,A current cataloged data product without a more specific structural role.,ddr,1,ddr,,,mm_retinal_reason|mmrdr|multieye,https://arxiv.org/abs/2412.09402|https://doi.org/10.1038/s41597-026-07005-9|https://huggingface.co/datasets/lxirich/MM-Retinal-Reason/tree/d6243baa82c0914dba3c6f43ca79fdbf856982ef,https://drive.google.com/drive/folders/1z6tSFmxW_aNayUqVxx6h6bY4kwGzUTEC,Current data products are counted once. Previous versions and unmodified alternate deposits are links only. Dataset-family counts collapse documented collection/component records and exact task views; derivatives and uncertain overlaps remain separate.
deepdrid,DeepDRiD: Diabetic Retinopathy Grading and Image Quality Dataset,0.6.0,2026-08-02,2026-08-02,True,current_dataset,A current cataloged data product without a more specific structural role.,deepdrid,1,deepdrid,,,fundus_report_dataset|mm_retinal_reason|x_pcr,https://huggingface.co/datasets/Fantasy666/X-PCR/tree/06a318fd852230326386e3c6514d8a11b7a6b4af|https://huggingface.co/datasets/lxirich/MM-Retinal-Reason/tree/d6243baa82c0914dba3c6f43ca79fdbf856982ef|https://huggingface.co/datasets/zzzzineun/fundus-report-dataset,https://zenodo.org/records/8248825,Current data products are counted once. Previous versions and unmodified alternate deposits are links only. Dataset-family counts collapse documented collection/component records and exact task views; derivatives and uncertain overlaps remain separate.
deepeyenet,DeepEyeNet (DEN): Fundus Report Generation Dataset,0.6.0,2026-08-02,2026-08-02,True,current_dataset,A current cataloged data product without a more specific structural role.,deepeyenet,1,deepeyenet,,,,,https://github.com/Jhhuangkay/DeepOpht-Medical-Report-Generation-for-Retinal-Images-via-Deep-Models-and-Visual-Explanation,Current data products are counted once. Previous versions and unmodified alternate deposits are links only. Dataset-family counts collapse documented collection/component records and exact task views; derivatives and uncertain overlaps remain separate.
dme_vqa,Diabetic Macular Edema Visual Question Answering Dataset,0.6.0,2026-08-02,2026-08-02,True,annotation_layer,"A data product whose principal addition is labels, masks, reports, questions, reasoning records, or other annotations for existing data.",dme_vqa,1,dme_vqa,derived_from,e_ophtha|idrid,dme_vqa_logical,https://zenodo.org/records/6784358|https://zenodo.org/records/7777849,https://zenodo.org/records/6784358,Current data products are counted once. Previous versions and unmodified alternate deposits are links only. Dataset-family counts collapse documented collection/component records and exact task views; derivatives and uncertain overlaps remain separate.
dme_vqa_logical,DME VQA Dataset with Logical Relations,0.6.0,2026-08-02,2026-08-02,True,annotation_layer,"A data product whose principal addition is labels, masks, reports, questions, reasoning records, or other annotations for existing data.",dme_vqa_logical,1,dme_vqa_logical,extension_of,dme_vqa,,https://zenodo.org/records/7777849,https://zenodo.org/records/7777849,Current data products are counted once. Previous versions and unmodified alternate deposits are links only. Dataset-family counts collapse documented collection/component records and exact task views; derivatives and uncertain overlaps remain separate.
doomgan_ocular_morphs,DOOMGAN Ocular Morph-Attack Dataset,0.6.0,2026-08-02,2026-08-02,True,current_dataset,A current cataloged data product without a more specific structural role.,doomgan_ocular_morphs,1,doomgan_ocular_morphs,,,,,https://huggingface.co/datasets/BharathK333/DOOMGAN-Ocular-Morphs,Current data products are counted once. Previous versions and unmodified alternate deposits are links only. Dataset-family counts collapse documented collection/component records and exact task views; derivatives and uncertain overlaps remain separate.
drac22,DRAC 2022: Diabetic Retinopathy Analysis Challenge,0.6.0,2026-08-02,2026-08-02,True,current_dataset,A current cataloged data product without a more specific structural role.,drac22,1,drac22,,,,,https://zenodo.org/records/10280359,Current data products are counted once. Previous versions and unmodified alternate deposits are links only. Dataset-family counts collapse documented collection/component records and exact task views; derivatives and uncertain overlaps remain separate.
dridb,DRiDB: Diabetic Retinopathy Image Database,0.6.0,2026-08-02,2026-08-02,True,current_dataset,A current cataloged data product without a more specific structural role.,dridb,1,dridb,,,,,https://ipg.fer.hr/ipg/resources/image_database,Current data products are counted once. Previous versions and unmodified alternate deposits are links only. Dataset-family counts collapse documented collection/component records and exact task views; derivatives and uncertain overlaps remain separate.
drions_db,DRIONS-DB: Digital Retinal Images for Optic Nerve Segmentation,0.6.0,2026-08-02,2026-08-02,True,current_dataset,A current cataloged data product without a more specific structural role.,drions_db,1,drions_db,,,,,https://www.ia.uned.es/~ejcarmona/DRIONS-DB.html,Current data products are counted once. Previous versions and unmodified alternate deposits are links only. Dataset-family counts collapse documented collection/component records and exact task views; derivatives and uncertain overlaps remain separate.
drishti_gs,DRISHTI-GS: Optic Disc and Cup Segmentation,0.6.0,2026-08-02,2026-08-02,True,current_dataset,A current cataloged data product without a more specific structural role.,drishti_gs,1,drishti_gs,,,fundus_domain_generalization|higancnn_generated_glaucoma|mendeley_utilizing_responsive_web_portal_studying_disc|mm_retinal_reason|smdg,https://data.mendeley.com/datasets/7xv5rzxgrh|https://huggingface.co/datasets/lxirich/MM-Retinal-Reason/tree/d6243baa82c0914dba3c6f43ca79fdbf856982ef|https://www.kaggle.com/datasets/deathtrooper/multichannel-glaucoma-benchmark-dataset|https://www.kaggle.com/datasets/hindsaud/datasets-higancnn-glaucoma-detection|https://zenodo.org/records/8009107,https://www.kaggle.com/datasets/lokeshsaipureddi/drishtigs-retina-dataset-for-onh-segmentation,Current data products are counted once. Previous versions and unmodified alternate deposits are links only. Dataset-family counts collapse documented collection/component records and exact task views; derivatives and uncertain overlaps remain separate.
drive,DRIVE: Digital Retinal Images for Vessel Extraction,0.6.0,2026-08-02,2026-08-02,True,current_dataset,A current cataloged data product without a more specific structural role.,drive,1,drive,,,retinal_vessel_robustness|rite,https://medicine.uiowa.edu/eye/rite-dataset|https://zenodo.org/records/12659652,https://drive.grand-challenge.org/DRIVE/,Current data products are counted once. Previous versions and unmodified alternate deposits are links only. Dataset-family counts collapse documented collection/component records and exact task views; derivatives and uncertain overlaps remain separate.
drtid,DRTiD: Diabetic Retinopathy Two-field Image Dataset,0.6.0,2026-08-02,2026-08-02,True,current_dataset,A current cataloged data product without a more specific structural role.,drtid,1,drtid,,,,,https://github.com/FDU-VTS/DRTiD,Current data products are counted once. Previous versions and unmodified alternate deposits are links only. Dataset-family counts collapse documented collection/component records and exact task views; derivatives and uncertain overlaps remain separate.
dryad_acanthamoeba_keratitis_transcriptome,Human conjunctival transcriptome in Acanthamoeba keratitis: An exploratory study,0.6.0,2026-08-02,2026-08-02,True,current_dataset,A current cataloged data product without a more specific structural role.,dryad_acanthamoeba_keratitis_transcriptome,1,dryad_acanthamoeba_keratitis_transcriptome,,,,,https://doi.org/10.5061/dryad.k3j9kd5fx,Current data products are counted once. Previous versions and unmodified alternate deposits are links only. Dataset-family counts collapse documented collection/component records and exact task views; derivatives and uncertain overlaps remain separate.
dryad_amd_zinc_complement,AMD Zinc Complement Dataset,0.6.0,2026-08-02,2026-08-02,True,current_dataset,A current cataloged data product without a more specific structural role.,dryad_amd_zinc_complement,1,dryad_amd_zinc_complement,,,,,https://doi.org/10.5061/dryad.3gq6t,Current data products are counted once. Previous versions and unmodified alternate deposits are links only. Dataset-family counts collapse documented collection/component records and exact task views; derivatives and uncertain overlaps remain separate.
dryad_aoslo_rpe,AOSLO RPE Cell Morphometry and Cone Mosaic Dataset,0.6.0,2026-08-02,2026-08-02,True,current_dataset,A current cataloged data product without a more specific structural role.,dryad_aoslo_rpe,1,dryad_aoslo_rpe,,,,,https://doi.org/10.5061/dryad.b41j15h,Current data products are counted once. Previous versions and unmodified alternate deposits are links only. Dataset-family counts collapse documented collection/component records and exact task views; derivatives and uncertain overlaps remain separate.
dryad_bariatric_ophthalmology,Bariatric Surgery Ophthalmic Evaluation Dataset,0.6.0,2026-08-02,2026-08-02,True,current_dataset,A current cataloged data product without a more specific structural role.,dryad_bariatric_ophthalmology,1,dryad_bariatric_ophthalmology,,,,,https://doi.org/10.5061/dryad.1g6vm34,Current data products are counted once. Previous versions and unmodified alternate deposits are links only. Dataset-family counts collapse documented collection/component records and exact task views; derivatives and uncertain overlaps remain separate.
dryad_brvo_bevacizumab_multimodal,BRVO Bevacizumab Multimodal Dataset,0.6.0,2026-08-02,2026-08-02,True,current_dataset,A current cataloged data product without a more specific structural role.,dryad_brvo_bevacizumab_multimodal,1,dryad_brvo_bevacizumab_multimodal,,,,,https://doi.org/10.5061/dryad.3cp54,Current data products are counted once. Previous versions and unmodified alternate deposits are links only. Dataset-family counts collapse documented collection/component records and exact task views; derivatives and uncertain overlaps remain separate.
dryad_clcc1_retinitis_pigmentosa,CLCC1 Retinitis Pigmentosa Genomics Dataset,0.6.0,2026-08-02,2026-08-02,True,current_dataset,A current cataloged data product without a more specific structural role.,dryad_clcc1_retinitis_pigmentosa,1,dryad_clcc1_retinitis_pigmentosa,,,,,https://doi.org/10.5061/dryad.3vv31qq,Current data products are counted once. Previous versions and unmodified alternate deposits are links only. Dataset-family counts collapse documented collection/component records and exact task views; derivatives and uncertain overlaps remain separate.
dryad_congenital_cataract_sight_restoration,Congenital Cataract Sight Restoration Dataset,0.6.0,2026-08-02,2026-08-02,True,current_dataset,A current cataloged data product without a more specific structural role.,dryad_congenital_cataract_sight_restoration,1,dryad_congenital_cataract_sight_restoration,,,,,https://doi.org/10.5061/dryad.0gb5mkm9b,Current data products are counted once. Previous versions and unmodified alternate deposits are links only. Dataset-family counts collapse documented collection/component records and exact task views; derivatives and uncertain overlaps remain separate.
dryad_congenital_glaucoma_wes,Identification of novel variants in LTBP2 and PXDN using whole-exome sequencing in developmental and congenital glaucoma,0.6.0,2026-08-02,2026-08-02,True,current_dataset,A current cataloged data product without a more specific structural role.,dryad_congenital_glaucoma_wes,1,dryad_congenital_glaucoma_wes,,,,,https://doi.org/10.5061/dryad.k7455,Current data products are counted once. Previous versions and unmodified alternate deposits are links only. Dataset-family counts collapse documented collection/component records and exact task views; derivatives and uncertain overlaps remain separate.
dryad_cornea_oct_pentacam,Corneal OCT and Pentacam Tomography Dataset,0.6.0,2026-08-02,2026-08-02,True,current_dataset,A current cataloged data product without a more specific structural role.,dryad_cornea_oct_pentacam,1,dryad_cornea_oct_pentacam,,,,,https://doi.org/10.5061/dryad.tht76hf0c,Current data products are counted once. Previous versions and unmodified alternate deposits are links only. Dataset-family counts collapse documented collection/component records and exact task views; derivatives and uncertain overlaps remain separate.
dryad_corneal_biomechanics_prostaglandin,Changes in corneal biomechanical properties after long-term topical prostaglandin therapy,0.6.0,2026-08-02,2026-08-02,True,current_dataset,A current cataloged data product without a more specific structural role.,dryad_corneal_biomechanics_prostaglandin,1,dryad_corneal_biomechanics_prostaglandin,,,,,https://doi.org/10.5061/dryad.d35s0,Current data products are counted once. Previous versions and unmodified alternate deposits are links only. Dataset-family counts collapse documented collection/component records and exact task views; derivatives and uncertain overlaps remain separate.
dryad_corneal_conjunctivitis_biomarker,Corneal Conjunctivitis Biomarker Dataset,0.6.0,2026-08-02,2026-08-02,True,current_dataset,A current cataloged data product without a more specific structural role.,dryad_corneal_conjunctivitis_biomarker,1,dryad_corneal_conjunctivitis_biomarker,,,,,https://doi.org/10.5061/dryad.4j0zpc8mm,Current data products are counted once. Previous versions and unmodified alternate deposits are links only. Dataset-family counts collapse documented collection/component records and exact task views; derivatives and uncertain overlaps remain separate.
dryad_corneal_laser_procedure,Corneal Laser Procedure for safety and efficacy in vision improvement,0.6.0,2026-08-02,2026-08-02,True,current_dataset,A current cataloged data product without a more specific structural role.,dryad_corneal_laser_procedure,1,dryad_corneal_laser_procedure,,,,,https://doi.org/10.5061/dryad.m905qfv2r,Current data products are counted once. Previous versions and unmodified alternate deposits are links only. Dataset-family counts collapse documented collection/component records and exact task views; derivatives and uncertain overlaps remain separate.
dryad_crvo_vegf_tortuosity,CRVO Retinal Tortuosity and VEGF Dataset,0.6.0,2026-08-02,2026-08-02,True,current_dataset,A current cataloged data product without a more specific structural role.,dryad_crvo_vegf_tortuosity,1,dryad_crvo_vegf_tortuosity,,,,,https://doi.org/10.5061/dryad.5dn13,Current data products are counted once. Previous versions and unmodified alternate deposits are links only. Dataset-family counts collapse documented collection/component records and exact task views; derivatives and uncertain overlaps remain separate.
dryad_d1zd5s,Single cell transcriptomic analyses reveal the impact of bHLH factors on human retinal organoid development,0.6.0,2026-08-02,2026-08-02,True,current_dataset,A current cataloged data product without a more specific structural role.,dryad_d1zd5s,1,dryad_d1zd5s,,,,,https://doi.org/10.5068/d1zd5s,Current data products are counted once. Previous versions and unmodified alternate deposits are links only. Dataset-family counts collapse documented collection/component records and exact task views; derivatives and uncertain overlaps remain separate.
dryad_diabetes_retinal_capillary,Diabetes Retinal Capillary Rarefaction Dataset,0.6.0,2026-08-02,2026-08-02,True,current_dataset,A current cataloged data product without a more specific structural role.,dryad_diabetes_retinal_capillary,1,dryad_diabetes_retinal_capillary,,,,,https://doi.org/10.5061/dryad.58791,Current data products are counted once. Previous versions and unmodified alternate deposits are links only. Dataset-family counts collapse documented collection/component records and exact task views; derivatives and uncertain overlaps remain separate.
dryad_diabetic_retinopathy_renal,Diabetic Retinopathy and Renal Function Dataset,0.6.0,2026-08-02,2026-08-02,True,current_dataset,A current cataloged data product without a more specific structural role.,dryad_diabetic_retinopathy_renal,1,dryad_diabetic_retinopathy_renal,,,,,https://doi.org/10.5061/dryad.6kg1sd7,Current data products are counted once. Previous versions and unmodified alternate deposits are links only. Dataset-family counts collapse documented collection/component records and exact task views; derivatives and uncertain overlaps remain separate.
dryad_dome_shaped_macula,Observational study of clinical characteristics of dome-shaped macula in Chinese Han with high myopia at Zhongshan Ophthalmic Center,0.6.0,2026-08-02,2026-08-02,True,current_dataset,A current cataloged data product without a more specific structural role.,dryad_dome_shaped_macula,1,dryad_dome_shaped_macula,,,,,https://doi.org/10.5061/dryad.h544560,Current data products are counted once. Previous versions and unmodified alternate deposits are links only. Dataset-family counts collapse documented collection/component records and exact task views; derivatives and uncertain overlaps remain separate.
dryad_dry_eye_nlrp3,Dry Eye NLRP3 Ocular Surface Dataset,0.6.0,2026-08-02,2026-08-02,True,current_dataset,A current cataloged data product without a more specific structural role.,dryad_dry_eye_nlrp3,1,dryad_dry_eye_nlrp3,,,,,https://doi.org/10.5061/dryad.7vn28,Current data products are counted once. Previous versions and unmodified alternate deposits are links only. Dataset-family counts collapse documented collection/component records and exact task views; derivatives and uncertain overlaps remain separate.
dryad_eye_care_quality_of_life,Utility index and vision related quality of life in patients awaiting specialist eye care,0.6.0,2026-08-02,2026-08-02,True,current_dataset,A current cataloged data product without a more specific structural role.,dryad_eye_care_quality_of_life,1,dryad_eye_care_quality_of_life,,,,,https://doi.org/10.5061/dryad.h44j0zpv3,Current data products are counted once. Previous versions and unmodified alternate deposits are links only. Dataset-family counts collapse documented collection/component records and exact task views; derivatives and uncertain overlaps remain separate.
dryad_functional_oct_alzheimer,Functional OCT Retinal Response Dataset,0.6.0,2026-08-02,2026-08-02,True,current_dataset,A current cataloged data product without a more specific structural role.,dryad_functional_oct_alzheimer,1,dryad_functional_oct_alzheimer,,,,,https://doi.org/10.5061/dryad.msbcc2ftc,Current data products are counted once. Previous versions and unmodified alternate deposits are links only. Dataset-family counts collapse documented collection/component records and exact task views; derivatives and uncertain overlaps remain separate.
dryad_fundus_venous_pulsation,Fundus Venous Pulsation Sequence Dataset,0.6.0,2026-08-02,2026-08-02,True,current_dataset,A current cataloged data product without a more specific structural role.,dryad_fundus_venous_pulsation,1,dryad_fundus_venous_pulsation,,,,,https://doi.org/10.5061/dryad.56f1h,Current data products are counted once. Previous versions and unmodified alternate deposits are links only. Dataset-family counts collapse documented collection/component records and exact task views; derivatives and uncertain overlaps remain separate.
dryad_fungal_keratitis_cci,CCI.net fungal keratitis cases dataset,0.6.0,2026-08-02,2026-08-02,True,current_dataset,A current cataloged data product without a more specific structural role.,dryad_fungal_keratitis_cci,1,dryad_fungal_keratitis_cci,,,,,https://doi.org/10.5061/dryad.8931zcrw5,Current data products are counted once. Previous versions and unmodified alternate deposits are links only. Dataset-family counts collapse documented collection/component records and exact task views; derivatives and uncertain overlaps remain separate.
dryad_ga_biofeedback,Biofeedback fixation training in the rehabilitation of patients suffering from geographic atrophy,0.6.0,2026-08-02,2026-08-02,True,current_dataset,A current cataloged data product without a more specific structural role.,dryad_ga_biofeedback,1,dryad_ga_biofeedback,,,,,https://doi.org/10.5061/dryad.ngf1vhj81,Current data products are counted once. Previous versions and unmodified alternate deposits are links only. Dataset-family counts collapse documented collection/component records and exact task views; derivatives and uncertain overlaps remain separate.
dryad_gca_optic_nerve_dwi,GCA Optic Nerve Diffusion MRI Dataset,0.6.0,2026-08-02,2026-08-02,True,current_dataset,A current cataloged data product without a more specific structural role.,dryad_gca_optic_nerve_dwi,1,dryad_gca_optic_nerve_dwi,,,,,https://doi.org/10.5061/dryad.59zw3r2bk,Current data products are counted once. Previous versions and unmodified alternate deposits are links only. Dataset-family counts collapse documented collection/component records and exact task views; derivatives and uncertain overlaps remain separate.
dryad_gcc_glaucoma,Glaucoma Ganglion Cell Complex Clinical Dataset,0.6.0,2026-08-02,2026-08-02,True,current_dataset,A current cataloged data product without a more specific structural role.,dryad_gcc_glaucoma,1,dryad_gcc_glaucoma,,,,,https://doi.org/10.5061/dryad.xwdbrv1tn,Current data products are counted once. Previous versions and unmodified alternate deposits are links only. Dataset-family counts collapse documented collection/component records and exact task views; derivatives and uncertain overlaps remain separate.
dryad_glaucoma_lhon_mitochondrial,Glaucoma and LHON Mitochondrial Function Dataset,0.6.0,2026-08-02,2026-08-02,True,current_dataset,A current cataloged data product without a more specific structural role.,dryad_glaucoma_lhon_mitochondrial,1,dryad_glaucoma_lhon_mitochondrial,,,,,https://doi.org/10.5061/dryad.2k4v4,Current data products are counted once. Previous versions and unmodified alternate deposits are links only. Dataset-family counts collapse documented collection/component records and exact task views; derivatives and uncertain overlaps remain separate.
dryad_glaucoma_rnfl_vf,RNFL and Visual-Field Glaucoma Diagnosis Dataset,0.6.0,2026-08-02,2026-08-02,True,current_dataset,A current cataloged data product without a more specific structural role.,dryad_glaucoma_rnfl_vf,1,dryad_glaucoma_rnfl_vf,,,,,https://doi.org/10.5061/dryad.q6ft5,Current data products are counted once. Previous versions and unmodified alternate deposits are links only. Dataset-family counts collapse documented collection/component records and exact task views; derivatives and uncertain overlaps remain separate.
dryad_human_foveal_cones,Human foveal cone photoreceptor topography and its dependence on eye length,0.6.0,2026-08-02,2026-08-02,True,current_dataset,A current cataloged data product without a more specific structural role.,dryad_human_foveal_cones,1,dryad_human_foveal_cones,,,,,https://doi.org/10.5061/dryad.nh0fp1b,Current data products are counted once. Previous versions and unmodified alternate deposits are links only. Dataset-family counts collapse documented collection/component records and exact task views; derivatives and uncertain overlaps remain separate.
dryad_huntingtons_retinal_oct,Is retina affected in Huntington's disease? Is optical coherence tomography a good biomarker?,0.6.0,2026-08-02,2026-08-02,True,current_dataset,A current cataloged data product without a more specific structural role.,dryad_huntingtons_retinal_oct,1,dryad_huntingtons_retinal_oct,,,,,https://doi.org/10.5061/dryad.ncjsxksxr,Current data products are counted once. Previous versions and unmodified alternate deposits are links only. Dataset-family counts collapse documented collection/component records and exact task views; derivatives and uncertain overlaps remain separate.
dryad_icmr_eye_see_cataract,ICMR EYE SEE Cataract and Sun Exposure Dataset,0.6.0,2026-08-02,2026-08-02,True,current_dataset,A current cataloged data product without a more specific structural role.,dryad_icmr_eye_see_cataract,1,dryad_icmr_eye_see_cataract,,,,,https://doi.org/10.5061/dryad.5qfttdz19,Current data products are counted once. Previous versions and unmodified alternate deposits are links only. Dataset-family counts collapse documented collection/component records and exact task views; derivatives and uncertain overlaps remain separate.
dryad_iris_surface_features,Iris Surface Features Dataset,0.6.0,2026-08-02,2026-08-02,True,current_dataset,A current cataloged data product without a more specific structural role.,dryad_iris_surface_features,1,dryad_iris_surface_features,,,,,https://doi.org/10.5061/dryad.0kt87,Current data products are counted once. Previous versions and unmodified alternate deposits are links only. Dataset-family counts collapse documented collection/component records and exact task views; derivatives and uncertain overlaps remain separate.
dryad_karachi_cataract_outcomes,Karachi Cataract Surgery Quality Dataset,0.6.0,2026-08-02,2026-08-02,True,current_dataset,A current cataloged data product without a more specific structural role.,dryad_karachi_cataract_outcomes,1,dryad_karachi_cataract_outcomes,,,,,https://doi.org/10.5061/dryad.7q5c7,Current data products are counted once. Previous versions and unmodified alternate deposits are links only. Dataset-family counts collapse documented collection/component records and exact task views; derivatives and uncertain overlaps remain separate.
dryad_lens_fluorescence_twins,Long-term development of lens fluorescence in a twin cohort: Heritability and effects of age and lifestyle,0.6.0,2026-08-02,2026-08-02,True,current_dataset,A current cataloged data product without a more specific structural role.,dryad_lens_fluorescence_twins,1,dryad_lens_fluorescence_twins,,,,,https://doi.org/10.5061/dryad.mcvdnck22,Current data products are counted once. Previous versions and unmodified alternate deposits are links only. Dataset-family counts collapse documented collection/component records and exact task views; derivatives and uncertain overlaps remain separate.
dryad_lvpei_cataract_outcomes,LVPEI Cataract Surgery Outcome Dataset,0.6.0,2026-08-02,2026-08-02,True,current_dataset,A current cataloged data product without a more specific structural role.,dryad_lvpei_cataract_outcomes,1,dryad_lvpei_cataract_outcomes,,,,,https://doi.org/10.5061/dryad.71hp4,Current data products are counted once. Previous versions and unmodified alternate deposits are links only. Dataset-family counts collapse documented collection/component records and exact task views; derivatives and uncertain overlaps remain separate.
dryad_moorfields_amd_1_2_year,One and two year visual outcomes from the Moorfields age-related macular degeneration database: a retrospective cohort study and an open science resource,0.6.0,2026-08-02,2026-08-02,True,current_dataset,A current cataloged data product without a more specific structural role.,dryad_moorfields_amd_1_2_year,1,dryad_moorfields_amd_1_2_year,same_or_overlapping_cohort_as,dryad_moorfields_namd_fellow_eye|dryad_namd_oct_quant|dryad_namd_visual_prediction,dryad_moorfields_namd_fellow_eye|dryad_namd_oct_quant|dryad_namd_visual_prediction,https://doi.org/10.5061/dryad.2rbnzs7m4|https://doi.org/10.5061/dryad.4mw6m906b|https://doi.org/10.5061/dryad.573n5tb5d|https://doi.org/10.5061/dryad.97r9289,https://doi.org/10.5061/dryad.97r9289,Current data products are counted once. Previous versions and unmodified alternate deposits are links only. Dataset-family counts collapse documented collection/component records and exact task views; derivatives and uncertain overlaps remain separate.
dryad_moorfields_namd_fellow_eye,Moorfields nAMD Fellow-Eye Dataset,0.6.0,2026-08-02,2026-08-02,True,current_dataset,A current cataloged data product without a more specific structural role.,dryad_moorfields_namd_fellow_eye,1,dryad_moorfields_namd_fellow_eye,same_or_overlapping_cohort_as,dryad_moorfields_amd_1_2_year|dryad_namd_oct_quant|dryad_namd_visual_prediction,dryad_moorfields_amd_1_2_year|dryad_namd_oct_quant|dryad_namd_visual_prediction,https://doi.org/10.5061/dryad.2rbnzs7m4|https://doi.org/10.5061/dryad.4mw6m906b|https://doi.org/10.5061/dryad.573n5tb5d|https://doi.org/10.5061/dryad.97r9289,https://doi.org/10.5061/dryad.4mw6m906b,Current data products are counted once. Previous versions and unmodified alternate deposits are links only. Dataset-family counts collapse documented collection/component records and exact task views; derivatives and uncertain overlaps remain separate.
dryad_myopia_glaucoma_visual_field,Myopia and Glaucoma Visual Field Prognosis Dataset,0.6.0,2026-08-02,2026-08-02,True,current_dataset,A current cataloged data product without a more specific structural role.,dryad_myopia_glaucoma_visual_field,1,dryad_myopia_glaucoma_visual_field,,,,,https://doi.org/10.5061/dryad.1n50q,Current data products are counted once. Previous versions and unmodified alternate deposits are links only. Dataset-family counts collapse documented collection/component records and exact task views; derivatives and uncertain overlaps remain separate.
dryad_namd_12_year_survival,Insights from survival analyses during 12 years of anti-VEGF therapy for neovascular age-related macular degeneration,0.6.0,2026-08-02,2026-08-02,True,current_dataset,A current cataloged data product without a more specific structural role.,dryad_namd_12_year_survival,1,dryad_namd_12_year_survival,,,,,https://doi.org/10.5061/dryad.nvx0k6dqg,Current data products are counted once. Previous versions and unmodified alternate deposits are links only. Dataset-family counts collapse documented collection/component records and exact task views; derivatives and uncertain overlaps remain separate.
dryad_namd_oct_longitudinal,Quantifying changes on optical coherence tomography in eyes receiving treatment for neovascular age-related macular degeneration,0.6.0,2026-08-02,2026-08-02,True,current_dataset,A current cataloged data product without a more specific structural role.,dryad_namd_oct_longitudinal,1,dryad_namd_oct_longitudinal,,,,,https://doi.org/10.5061/dryad.8cz8w9h0v,Current data products are counted once. Previous versions and unmodified alternate deposits are links only. Dataset-family counts collapse documented collection/component records and exact task views; derivatives and uncertain overlaps remain separate.
dryad_namd_oct_quant,Moorfields nAMD Quantitative OCT Biomarker Dataset,0.6.0,2026-08-02,2026-08-02,True,current_dataset,A current cataloged data product without a more specific structural role.,dryad_namd_oct_quant,1,dryad_namd_oct_quant,same_or_overlapping_cohort_as,dryad_moorfields_amd_1_2_year|dryad_moorfields_namd_fellow_eye|dryad_namd_visual_prediction,dryad_moorfields_amd_1_2_year|dryad_moorfields_namd_fellow_eye|dryad_namd_visual_prediction,https://doi.org/10.5061/dryad.2rbnzs7m4|https://doi.org/10.5061/dryad.4mw6m906b|https://doi.org/10.5061/dryad.573n5tb5d|https://doi.org/10.5061/dryad.97r9289,https://doi.org/10.5061/dryad.2rbnzs7m4,Current data products are counted once. Previous versions and unmodified alternate deposits are links only. Dataset-family counts collapse documented collection/component records and exact task views; derivatives and uncertain overlaps remain separate.
dryad_namd_ten_year_survival,Ten-year survival trends of neovascular age-related macular degeneration at first presentation,0.6.0,2026-08-02,2026-08-02,True,current_dataset,A current cataloged data product without a more specific structural role.,dryad_namd_ten_year_survival,1,dryad_namd_ten_year_survival,,,,,https://doi.org/10.5061/dryad.9cnp5hqfm,Current data products are counted once. Previous versions and unmodified alternate deposits are links only. Dataset-family counts collapse documented collection/component records and exact task views; derivatives and uncertain overlaps remain separate.
dryad_namd_visual_prediction,Moorfields nAMD Visual-Change Prediction Dataset,0.6.0,2026-08-02,2026-08-02,True,current_dataset,A current cataloged data product without a more specific structural role.,dryad_namd_visual_prediction,1,dryad_namd_visual_prediction,same_or_overlapping_cohort_as,dryad_moorfields_amd_1_2_year|dryad_moorfields_namd_fellow_eye|dryad_namd_oct_quant,dryad_moorfields_amd_1_2_year|dryad_moorfields_namd_fellow_eye|dryad_namd_oct_quant,https://doi.org/10.5061/dryad.2rbnzs7m4|https://doi.org/10.5061/dryad.4mw6m906b|https://doi.org/10.5061/dryad.573n5tb5d|https://doi.org/10.5061/dryad.97r9289,https://doi.org/10.5061/dryad.573n5tb5d,Current data products are counted once. Previous versions and unmodified alternate deposits are links only. Dataset-family counts collapse documented collection/component records and exact task views; derivatives and uncertain overlaps remain separate.
dryad_nigeria_cataract_services,Nigeria Cataract Services Dataset,0.6.0,2026-08-02,2026-08-02,True,current_dataset,A current cataloged data product without a more specific structural role.,dryad_nigeria_cataract_services,1,dryad_nigeria_cataract_services,,,,,https://doi.org/10.5061/dryad.13bp2,Current data products are counted once. Previous versions and unmodified alternate deposits are links only. Dataset-family counts collapse documented collection/component records and exact task views; derivatives and uncertain overlaps remain separate.
dryad_ocular_chemical_injuries_shanghai,Clinical characteristics of patients hospitalized for ocular chemical injuries in Shanghai from 2012 to 2017,0.6.0,2026-08-02,2026-08-02,True,current_dataset,A current cataloged data product without a more specific structural role.,dryad_ocular_chemical_injuries_shanghai,1,dryad_ocular_chemical_injuries_shanghai,,,,,https://doi.org/10.5061/dryad.9707661,Current data products are counted once. Previous versions and unmodified alternate deposits are links only. Dataset-family counts collapse documented collection/component records and exact task views; derivatives and uncertain overlaps remain separate.
dryad_ocular_surface_amr,Ocular Surface AMR Keratitis Dataset,0.6.0,2026-08-02,2026-08-02,True,current_dataset,A current cataloged data product without a more specific structural role.,dryad_ocular_surface_amr,1,dryad_ocular_surface_amr,,,,,https://doi.org/10.5061/dryad.6t1g1jx9s,Current data products are counted once. Previous versions and unmodified alternate deposits are links only. Dataset-family counts collapse documented collection/component records and exact task views; derivatives and uncertain overlaps remain separate.
dryad_optic_neuritis_metacontrast,Dichoptic metacontrast masking functions to infer transmission delay in optic neuritis,0.6.0,2026-08-02,2026-08-02,True,current_dataset,A current cataloged data product without a more specific structural role.,dryad_optic_neuritis_metacontrast,1,dryad_optic_neuritis_metacontrast,,,,,https://doi.org/10.5061/dryad.cp4j7,Current data products are counted once. Previous versions and unmodified alternate deposits are links only. Dataset-family counts collapse documented collection/component records and exact task views; derivatives and uncertain overlaps remain separate.
dryad_pediatric_corneal_endothelium,Corneal endothelial morphology of healthy myopic Malaysian children of Chinese ethnicity aged 8-9 years and its association with axial length,0.6.0,2026-08-02,2026-08-02,True,current_dataset,A current cataloged data product without a more specific structural role.,dryad_pediatric_corneal_endothelium,1,dryad_pediatric_corneal_endothelium,,,,,https://doi.org/10.5061/dryad.hhmgqnkjc,Current data products are counted once. Previous versions and unmodified alternate deposits are links only. Dataset-family counts collapse documented collection/component records and exact task views; derivatives and uncertain overlaps remain separate.
dryad_pediatric_myopia_longitudinal,Axial length elongation and myopia incidence increase in primary school-age children: 3-year follow-up study,0.6.0,2026-08-02,2026-08-02,True,current_dataset,A current cataloged data product without a more specific structural role.,dryad_pediatric_myopia_longitudinal,1,dryad_pediatric_myopia_longitudinal,,,,,https://doi.org/10.5061/dryad.d4mb3pn,Current data products are counted once. Previous versions and unmodified alternate deposits are links only. Dataset-family counts collapse documented collection/component records and exact task views; derivatives and uncertain overlaps remain separate.
dryad_pediatric_optical_quality,Intra- and intersession repeatability of an optical quality and intraocular scattering measurement system in children,0.6.0,2026-08-02,2026-08-02,True,current_dataset,A current cataloged data product without a more specific structural role.,dryad_pediatric_optical_quality,1,dryad_pediatric_optical_quality,,,,,https://doi.org/10.5061/dryad.bm8nv,Current data products are counted once. Previous versions and unmodified alternate deposits are links only. Dataset-family counts collapse documented collection/component records and exact task views; derivatives and uncertain overlaps remain separate.
dryad_pediatric_secondary_iol,Pediatric Secondary IOL Outcome Dataset,0.6.0,2026-08-02,2026-08-02,True,current_dataset,A current cataloged data product without a more specific structural role.,dryad_pediatric_secondary_iol,1,dryad_pediatric_secondary_iol,,,,,https://doi.org/10.5061/dryad.5t9d1,Current data products are counted once. Previous versions and unmodified alternate deposits are links only. Dataset-family counts collapse documented collection/component records and exact task views; derivatives and uncertain overlaps remain separate.
dryad_pk31jt2,Data from: Low incidence of choroidal neovascularization following subthreshold diode micropulse laser (SDM) in high-risk AMD,0.6.0,2026-08-02,2026-08-02,True,current_dataset,A current cataloged data product without a more specific structural role.,dryad_pk31jt2,1,dryad_pk31jt2,,,,,https://doi.org/10.5061/dryad.pk31jt2,Current data products are counted once. Previous versions and unmodified alternate deposits are links only. Dataset-family counts collapse documented collection/component records and exact task views; derivatives and uncertain overlaps remain separate.
dryad_pnvx0k6hv,Time trends and associated factors of axial length in 4 and 5 year-olds children in Shanghai from 2013 to 2019,0.6.0,2026-08-02,2026-08-02,True,current_dataset,A current cataloged data product without a more specific structural role.,dryad_pnvx0k6hv,1,dryad_pnvx0k6hv,,,,,https://doi.org/10.5061/dryad.pnvx0k6hv,Current data products are counted once. Previous versions and unmodified alternate deposits are links only. Dataset-family counts collapse documented collection/component records and exact task views; derivatives and uncertain overlaps remain separate.
dryad_preeclampsia_ocular_octa,Plane wave ultrasound and OCT angiography of the eye in preeclampsia,0.6.0,2026-08-02,2026-08-02,True,current_dataset,A current cataloged data product without a more specific structural role.,dryad_preeclampsia_ocular_octa,1,dryad_preeclampsia_ocular_octa,,,,,https://doi.org/10.5061/dryad.j0zpc86kg,Current data products are counted once. Previous versions and unmodified alternate deposits are links only. Dataset-family counts collapse documented collection/component records and exact task views; derivatives and uncertain overlaps remain separate.
dryad_pvd_diagnostic_oct,"Accuracy of biomicroscopy, ultrasonography and spectral-domain OCT in detection of complete posterior vitreous detachment",0.6.0,2026-08-02,2026-08-02,True,current_dataset,A current cataloged data product without a more specific structural role.,dryad_pvd_diagnostic_oct,1,dryad_pvd_diagnostic_oct,,,,,https://doi.org/10.5061/dryad.h44j0zpnp,Current data products are counted once. Previous versions and unmodified alternate deposits are links only. Dataset-family counts collapse documented collection/component records and exact task views; derivatives and uncertain overlaps remain separate.
dryad_pzgmsbcfw,Anti-vegf therapy in diabetic macular oedema patients over four years,0.6.0,2026-08-02,2026-08-02,True,current_dataset,A current cataloged data product without a more specific structural role.,dryad_pzgmsbcfw,1,dryad_pzgmsbcfw,,,,,https://doi.org/10.5061/dryad.pzgmsbcfw,Current data products are counted once. Previous versions and unmodified alternate deposits are links only. Dataset-family counts collapse documented collection/component records and exact task views; derivatives and uncertain overlaps remain separate.
dryad_qfttdz0dr,Association of APOE gene polymorphisms with primary open angle glaucoma in Brazilian patients,0.6.0,2026-08-02,2026-08-02,True,current_dataset,A current cataloged data product without a more specific structural role.,dryad_qfttdz0dr,1,dryad_qfttdz0dr,,,,,https://doi.org/10.5061/dryad.qfttdz0dr,Current data products are counted once. Previous versions and unmodified alternate deposits are links only. Dataset-family counts collapse documented collection/component records and exact task views; derivatives and uncertain overlaps remain separate.
dryad_r7s04,"Data from: Prevalence of depression, anxiety, adjustment disorders, and somatoform disorders in patients with age-related macular degeneration in Germany",0.6.0,2026-08-02,2026-08-02,True,current_dataset,A current cataloged data product without a more specific structural role.,dryad_r7s04,1,dryad_r7s04,,,,,https://doi.org/10.5061/dryad.r7s04,Current data products are counted once. Previous versions and unmodified alternate deposits are links only. Dataset-family counts collapse documented collection/component records and exact task views; derivatives and uncertain overlaps remain separate.
dryad_rao_multiomics,Data and code from: Fatty acid metabolism reprograms immune microenvironment in retinal artery occlusion: Multi-Omics analysis highlights immunometabolic crosstalk,0.6.0,2026-08-02,2026-08-02,True,current_dataset,A current cataloged data product without a more specific structural role.,dryad_rao_multiomics,1,dryad_rao_multiomics,,,,,https://doi.org/10.5061/dryad.98sf7m0wt,Current data products are counted once. Previous versions and unmodified alternate deposits are links only. Dataset-family counts collapse documented collection/component records and exact task views; derivatives and uncertain overlaps remain separate.
dryad_ravi_cataract_outcomes,RAVI Cataract Surgery Outcome Dataset,0.6.0,2026-08-02,2026-08-02,True,current_dataset,A current cataloged data product without a more specific structural role.,dryad_ravi_cataract_outcomes,1,dryad_ravi_cataract_outcomes,,,,,https://doi.org/10.5061/dryad.4p55b,Current data products are counted once. Previous versions and unmodified alternate deposits are links only. Dataset-family counts collapse documented collection/component records and exact task views; derivatives and uncertain overlaps remain separate.
dryad_retinal_prosthesis_navigation,Visual and non-visual navigation in blind patients with a retinal prosthesis,0.6.0,2026-08-02,2026-08-02,True,current_dataset,A current cataloged data product without a more specific structural role.,dryad_retinal_prosthesis_navigation,1,dryad_retinal_prosthesis_navigation,,,,,https://doi.org/10.5061/dryad.c6147,Current data products are counted once. Previous versions and unmodified alternate deposits are links only. Dataset-family counts collapse documented collection/component records and exact task views; derivatives and uncertain overlaps remain separate.
dryad_rn38r,"Data from: Do picture-based charts overestimate visual acuity? Comparison of Kay Pictures, Lea Symbols, HOTV and Keeler logMAR charts with Sloan Letters in adults and children",0.6.0,2026-08-02,2026-08-02,True,current_dataset,A current cataloged data product without a more specific structural role.,dryad_rn38r,1,dryad_rn38r,,,,,https://doi.org/10.5061/dryad.rn38r,Current data products are counted once. Previous versions and unmodified alternate deposits are links only. Dataset-family counts collapse documented collection/component records and exact task views; derivatives and uncertain overlaps remain separate.
dryad_rn8pk0p70,Socioeconomic status and decreasing incidence of ocular injuries in Bosnia and Herzegovina,0.6.0,2026-08-02,2026-08-02,True,current_dataset,A current cataloged data product without a more specific structural role.,dryad_rn8pk0p70,1,dryad_rn8pk0p70,,,,,https://doi.org/10.5061/dryad.rn8pk0p70,Current data products are counted once. Previous versions and unmodified alternate deposits are links only. Dataset-family counts collapse documented collection/component records and exact task views; derivatives and uncertain overlaps remain separate.
dryad_rn8pk0pdp,"Detection of SARS-CoV-2 in conjunctival secretion and tears in patients with COVID-19 in a tertiary care centre, South India",0.6.0,2026-08-02,2026-08-02,True,current_dataset,A current cataloged data product without a more specific structural role.,dryad_rn8pk0pdp,1,dryad_rn8pk0pdp,,,,,https://doi.org/10.5061/dryad.rn8pk0pdp,Current data products are counted once. Previous versions and unmodified alternate deposits are links only. Dataset-family counts collapse documented collection/component records and exact task views; derivatives and uncertain overlaps remain separate.
dryad_rop_plane_wave_doppler,ROP Plane-Wave Doppler Dataset,0.6.0,2026-08-02,2026-08-02,True,current_dataset,A current cataloged data product without a more specific structural role.,dryad_rop_plane_wave_doppler,1,dryad_rop_plane_wave_doppler,,,,,https://doi.org/10.5061/dryad.612jm649r,Current data products are counted once. Previous versions and unmodified alternate deposits are links only. Dataset-family counts collapse documented collection/component records and exact task views; derivatives and uncertain overlaps remain separate.
dryad_rpgr_cone_rod_wes,RPGR Cone-Rod Dystrophy WES Dataset,0.6.0,2026-08-02,2026-08-02,True,current_dataset,A current cataloged data product without a more specific structural role.,dryad_rpgr_cone_rod_wes,1,dryad_rpgr_cone_rod_wes,,,,,https://doi.org/10.5061/dryad.5qfttdz5d,Current data products are counted once. Previous versions and unmodified alternate deposits are links only. Dataset-family counts collapse documented collection/component records and exact task views; derivatives and uncertain overlaps remain separate.
dryad_sbcc2fr6n,Exploring phenotypic diversity of pigmented traits and iris features in Pakistani population,0.6.0,2026-08-02,2026-08-02,True,current_dataset,A current cataloged data product without a more specific structural role.,dryad_sbcc2fr6n,1,dryad_sbcc2fr6n,,,,,https://doi.org/10.5061/dryad.sbcc2fr6n,Current data products are counted once. Previous versions and unmodified alternate deposits are links only. Dataset-family counts collapse documented collection/component records and exact task views; derivatives and uncertain overlaps remain separate.
dryad_sbcc2fr7r,Gender and age-related differences of ccular biometric parameters in patients undergoing cataract surgery in Bosnia and Herzegovina,0.6.0,2026-08-02,2026-08-02,True,current_dataset,A current cataloged data product without a more specific structural role.,dryad_sbcc2fr7r,1,dryad_sbcc2fr7r,,,,,https://doi.org/10.5061/dryad.sbcc2fr7r,Current data products are counted once. Previous versions and unmodified alternate deposits are links only. Dataset-family counts collapse documented collection/component records and exact task views; derivatives and uncertain overlaps remain separate.
dryad_shanghai_myopia_2014_2018,"Age-related change of axial length, spherical equivalent, prevalence of myopia and high myopia in school-age children in Shanghai: 2014 to 2018",0.6.0,2026-08-02,2026-08-02,True,current_dataset,A current cataloged data product without a more specific structural role.,dryad_shanghai_myopia_2014_2018,1,dryad_shanghai_myopia_2014_2018,,,,,https://doi.org/10.5061/dryad.c2fqz615c,Current data products are counted once. Previous versions and unmodified alternate deposits are links only. Dataset-family counts collapse documented collection/component records and exact task views; derivatives and uncertain overlaps remain separate.
dryad_sn02v6x2x,Data from: Corneal laser procedure for vision improvement in patients with late stage dry age-related macular degeneration,0.6.0,2026-08-02,2026-08-02,True,current_dataset,A current cataloged data product without a more specific structural role.,dryad_sn02v6x2x,1,dryad_sn02v6x2x,,,,,https://doi.org/10.5061/dryad.sn02v6x2x,Current data products are counted once. Previous versions and unmodified alternate deposits are links only. Dataset-family counts collapse documented collection/component records and exact task views; derivatives and uncertain overlaps remain separate.
dryad_stargardt_wes,Stargardt Disease WES Variant Dataset,0.6.0,2026-08-02,2026-08-02,True,current_dataset,A current cataloged data product without a more specific structural role.,dryad_stargardt_wes,1,dryad_stargardt_wes,,,,,https://doi.org/10.5061/dryad.0qk7f,Current data products are counted once. Previous versions and unmodified alternate deposits are links only. Dataset-family counts collapse documented collection/component records and exact task views; derivatives and uncertain overlaps remain separate.
dryad_taizhou_cataract_outdoors,The association of outdoor activity and age-related cataract in a rural population of Taizhou Eye Study: phase 1 report,0.6.0,2026-08-02,2026-08-02,True,current_dataset,A current cataloged data product without a more specific structural role.,dryad_taizhou_cataract_outdoors,1,dryad_taizhou_cataract_outdoors,,,,,https://doi.org/10.5061/dryad.gt410,Current data products are counted once. Previous versions and unmodified alternate deposits are links only. Dataset-family counts collapse documented collection/component records and exact task views; derivatives and uncertain overlaps remain separate.
dryad_tb_uveitis_ifn,Type 1 interferon-inducible gene expression in QuantiFERON Gold TB-positive uveitis: a tool to stratify a high versus low risk of active tuberculosis?,0.6.0,2026-08-02,2026-08-02,True,current_dataset,A current cataloged data product without a more specific structural role.,dryad_tb_uveitis_ifn,1,dryad_tb_uveitis_ifn,,,,,https://doi.org/10.5061/dryad.8jk03jd,Current data products are counted once. Previous versions and unmodified alternate deposits are links only. Dataset-family counts collapse documented collection/component records and exact task views; derivatives and uncertain overlaps remain separate.
dryad_tmpg4f4vb,Effects of capsular tension ring on surgical outcomes of premium intraocular lens in patients with suspected zonular weakness,0.6.0,2026-08-02,2026-08-02,True,current_dataset,A current cataloged data product without a more specific structural role.,dryad_tmpg4f4vb,1,dryad_tmpg4f4vb,,,,,https://doi.org/10.5061/dryad.tmpg4f4vb,Current data products are counted once. Previous versions and unmodified alternate deposits are links only. Dataset-family counts collapse documented collection/component records and exact task views; derivatives and uncertain overlaps remain separate.
dryad_toric_iol_incision,Toric Intraocular Lens Incision Outcome Dataset,0.6.0,2026-08-02,2026-08-02,True,current_dataset,A current cataloged data product without a more specific structural role.,dryad_toric_iol_incision,1,dryad_toric_iol_incision,,,,,https://doi.org/10.5061/dryad.01n20,Current data products are counted once. Previous versions and unmodified alternate deposits are links only. Dataset-family counts collapse documented collection/component records and exact task views; derivatives and uncertain overlaps remain separate.
dryad_uveal_melanoma_coog2,COOG2.1 Uveal Melanoma Prognostic Dataset,0.6.0,2026-08-02,2026-08-02,True,current_dataset,A current cataloged data product without a more specific structural role.,dryad_uveal_melanoma_coog2,1,dryad_uveal_melanoma_coog2,,,,,https://doi.org/10.5061/dryad.n8pk0p340,Current data products are counted once. Previous versions and unmodified alternate deposits are links only. Dataset-family counts collapse documented collection/component records and exact task views; derivatives and uncertain overlaps remain separate.
dryad_uveitis_vitreous_biomarkers,Uveitis Vitreous Biomarker Dataset,0.6.0,2026-08-02,2026-08-02,True,current_dataset,A current cataloged data product without a more specific structural role.,dryad_uveitis_vitreous_biomarkers,1,dryad_uveitis_vitreous_biomarkers,,,,,https://doi.org/10.5061/dryad.597ch,Current data products are counted once. Previous versions and unmodified alternate deposits are links only. Dataset-family counts collapse documented collection/component records and exact task views; derivatives and uncertain overlaps remain separate.
dryad_v6wwpzh1b,Data from: Micropulse transscleral cyclophotocoagulation results in secondary glaucoma,0.6.0,2026-08-02,2026-08-02,True,current_dataset,A current cataloged data product without a more specific structural role.,dryad_v6wwpzh1b,1,dryad_v6wwpzh1b,,,,,https://doi.org/10.5061/dryad.v6wwpzh1b,Current data products are counted once. Previous versions and unmodified alternate deposits are links only. Dataset-family counts collapse documented collection/component records and exact task views; derivatives and uncertain overlaps remain separate.
dryad_v9p0b,Data from: Retinal capillary rarefaction in patients with untreated mild-moderate hypertension,0.6.0,2026-08-02,2026-08-02,True,current_dataset,A current cataloged data product without a more specific structural role.,dryad_v9p0b,1,dryad_v9p0b,,,,,https://doi.org/10.5061/dryad.v9p0b,Current data products are counted once. Previous versions and unmodified alternate deposits are links only. Dataset-family counts collapse documented collection/component records and exact task views; derivatives and uncertain overlaps remain separate.
dryad_vkh_apoe,VKH APOE Transcriptomics and Proteomics Dataset,0.6.0,2026-08-02,2026-08-02,True,current_dataset,A current cataloged data product without a more specific structural role.,dryad_vkh_apoe,1,dryad_vkh_apoe,,,,,https://doi.org/10.5061/dryad.37pvmcvzx,Current data products are counted once. Previous versions and unmodified alternate deposits are links only. Dataset-family counts collapse documented collection/component records and exact task views; derivatives and uncertain overlaps remain separate.
dryad_xgxd254pk,"Supporting information for: Discrimination ability of central visual field testing using stimulus size I, II, and III and relationship with macular ganglion cell thickness in chiasmal compression",0.6.0,2026-08-02,2026-08-02,True,current_dataset,A current cataloged data product without a more specific structural role.,dryad_xgxd254pk,1,dryad_xgxd254pk,,,,,https://doi.org/10.5061/dryad.xgxd254pk,Current data products are counted once. Previous versions and unmodified alternate deposits are links only. Dataset-family counts collapse documented collection/component records and exact task views; derivatives and uncertain overlaps remain separate.
dryad_young_adult_uv_transmission,Individual variation in the transmission of ultraviolet radiation in the young adult eye.,0.6.0,2026-08-02,2026-08-02,True,current_dataset,A current cataloged data product without a more specific structural role.,dryad_young_adult_uv_transmission,1,dryad_young_adult_uv_transmission,,,,,https://doi.org/10.5061/dryad.hg000c2,Current data products are counted once. Previous versions and unmodified alternate deposits are links only. Dataset-family counts collapse documented collection/component records and exact task views; derivatives and uncertain overlaps remain separate.
dryad_z8w9ghx9c,Accuracy of intraocular lens calculation formulas in cataract patients with steep corneal curvature,0.6.0,2026-08-02,2026-08-02,True,current_dataset,A current cataloged data product without a more specific structural role.,dryad_z8w9ghx9c,1,dryad_z8w9ghx9c,,,,,https://doi.org/10.5061/dryad.z8w9ghx9c,Current data products are counted once. Previous versions and unmodified alternate deposits are links only. Dataset-family counts collapse documented collection/component records and exact task views; derivatives and uncertain overlaps remain separate.
dual_scheimpflug_ss_oct_biometry,Dual Scheimpflug and Swept-Source OCT Biometry Dataset,0.6.0,2026-08-02,2026-08-02,True,current_dataset,A current cataloged data product without a more specific structural role.,dual_scheimpflug_ss_oct_biometry,1,dual_scheimpflug_ss_oct_biometry,,,,,https://doi.org/10.6084/m9.figshare.16828996.v1,Current data products are counted once. Previous versions and unmodified alternate deposits are links only. Dataset-family counts collapse documented collection/component records and exact task views; derivatives and uncertain overlaps remain separate.
duke_amd_chiu,Duke AMD Pathology OCT Segmentation Dataset,0.6.0,2026-08-02,2026-08-02,True,current_dataset,A current cataloged data product without a more specific structural role.,duke_amd_chiu,1,duke_amd_chiu,,,,,https://people.duke.edu/~sf59/Chiu_IOVS_2011_dataset.htm,Current data products are counted once. Previous versions and unmodified alternate deposits are links only. Dataset-family counts collapse documented collection/component records and exact task views; derivatives and uncertain overlaps remain separate.
duke_chiu_boe,Duke OCT DME Dataset (Chiu BOE 2014),0.6.0,2026-08-02,2026-08-02,True,current_dataset,A current cataloged data product without a more specific structural role.,duke_chiu_boe,1,duke_chiu_boe,,,mm_retinal_reason,https://huggingface.co/datasets/lxirich/MM-Retinal-Reason/tree/d6243baa82c0914dba3c6f43ca79fdbf856982ef,http://people.duke.edu/~sf59/Chiu_BOE_2014_dataset.htm,Current data products are counted once. Previous versions and unmodified alternate deposits are links only. Dataset-family counts collapse documented collection/component records and exact task views; derivatives and uncertain overlaps remain separate.
duke_rpedc,Duke RPE-Drusen Complex OCT Dataset,0.6.0,2026-08-02,2026-08-02,True,current_dataset,A current cataloged data product without a more specific structural role.,duke_rpedc,1,duke_rpedc,,,,,https://people.duke.edu/~sf59/RPEDC_Ophth_2013_dataset.htm,Current data products are counted once. Previous versions and unmodified alternate deposits are links only. Dataset-family counts collapse documented collection/component records and exact task views; derivatives and uncertain overlaps remain separate.
e_ophtha,E-ophtha (EX + MA): Exudate and Microaneurysm Segmentation,0.6.0,2026-08-02,2026-08-02,True,current_dataset,A current cataloged data product without a more specific structural role.,e_ophtha,1,e_ophtha,,,dme_vqa|mm_retinal_reason,https://huggingface.co/datasets/lxirich/MM-Retinal-Reason/tree/d6243baa82c0914dba3c6f43ca79fdbf856982ef|https://zenodo.org/records/6784358,https://www.kaggle.com/datasets/samriddhibagchi/e-ophtha-diabetic-retinopathy-datasets-ex-ma,Current data products are counted once. Previous versions and unmodified alternate deposits are links only. Dataset-family counts collapse documented collection/component records and exact task views; derivatives and uncertain overlaps remain separate.
eed_astig,EED-Astig Pediatric External-Eye Dataset,0.6.0,2026-08-02,2026-08-02,True,current_dataset,A current cataloged data product without a more specific structural role.,eed_astig,1,eed_astig,,,,,https://doi.org/10.5281/zenodo.18976824,Current data products are counted once. Previous versions and unmodified alternate deposits are links only. Dataset-family counts collapse documented collection/component records and exact task views; derivatives and uncertain overlaps remain separate.
erdes,ERDES: Ocular Ultrasound Video Benchmark (Retinal Detachment + Macula),0.6.0,2026-08-02,2026-08-02,True,current_dataset,A current cataloged data product without a more specific structural role.,erdes,1,erdes,,,,,https://arxiv.org/abs/2503.04525,Current data products are counted once. Previous versions and unmodified alternate deposits are links only. Dataset-family counts collapse documented collection/component records and exact task views; derivatives and uncertain overlaps remain separate.
eth_xgaze,ETH-XGaze Extreme-Pose Gaze Estimation Dataset,0.6.0,2026-08-02,2026-08-02,True,current_dataset,A current cataloged data product without a more specific structural role.,eth_xgaze,1,eth_xgaze,,,,,https://ait.ethz.ch/xgaze,Current data products are counted once. Previous versions and unmodified alternate deposits are links only. Dataset-family counts collapse documented collection/component records and exact task views; derivatives and uncertain overlaps remain separate.
external_eye_blepharitis,External Eye Photographs for Screening Referable Blepharitis,0.6.0,2026-08-02,2026-08-02,True,current_dataset,A current cataloged data product without a more specific structural role.,external_eye_blepharitis,1,external_eye_blepharitis,,,,,https://data.mendeley.com/datasets/bp37vw4z8d/1,Current data products are counted once. Previous versions and unmodified alternate deposits are links only. Dataset-family counts collapse documented collection/component records and exact task views; derivatives and uncertain overlaps remain separate.
eye_conjunctiva_segmentation,Eye Conjunctiva Segmentation Dataset,0.6.0,2026-08-02,2026-08-02,True,current_dataset,A current cataloged data product without a more specific structural role.,eye_conjunctiva_segmentation,1,eye_conjunctiva_segmentation,,,,,https://data.mendeley.com/datasets/yxwjgcndg2/1,Current data products are counted once. Previous versions and unmodified alternate deposits are links only. Dataset-family counts collapse documented collection/component records and exact task views; derivatives and uncertain overlaps remain separate.
eye_disease_image_mendeley,Eye Disease Image Dataset,0.6.0,2026-08-02,2026-08-02,True,current_dataset,A current cataloged data product without a more specific structural role.,eye_disease_image_mendeley,1,eye_disease_image_mendeley,,,x_pcr,https://huggingface.co/datasets/Fantasy666/X-PCR/tree/06a318fd852230326386e3c6514d8a11b7a6b4af,https://data.mendeley.com/datasets/s9bfhswzjb/1,Current data products are counted once. Previous versions and unmodified alternate deposits are links only. Dataset-family counts collapse documented collection/component records and exact task views; derivatives and uncertain overlaps remain separate.
eyecare_100k,Eyecare-100K: Multimodal Ophthalmology VQA Corpus,0.6.0,2026-08-02,2026-08-02,True,current_dataset,A current cataloged data product without a more specific structural role.,eyecare_100k,1,eyecare_100k,,,,,https://github.com/DCDmllm/EyecareGPT,Current data products are counted once. Previous versions and unmodified alternate deposits are links only. Dataset-family counts collapse documented collection/component records and exact task views; derivatives and uncertain overlaps remain separate.
eyecatcher_visual_field,Eyecatcher Tablet-Based Visual Field Home-Monitoring Data,0.6.0,2026-08-02,2026-08-02,True,current_dataset,A current cataloged data product without a more specific structural role.,eyecatcher_visual_field,1,eyecatcher_visual_field,,,,,https://data.mendeley.com/datasets/swsfj47cxw/2,Current data products are counted once. Previous versions and unmodified alternate deposits are links only. Dataset-family counts collapse documented collection/component records and exact task views; derivatives and uncertain overlaps remain separate.
eyepacs,EyePACS — Diabetic Retinopathy Detection (Kaggle 2015),0.6.0,2026-08-02,2026-08-02,True,current_dataset,A current cataloged data product without a more specific structural role.,eyepacs,1,eyepacs,,,eyeq|mm_retinal_reason|multieye|x_pcr,https://arxiv.org/abs/2412.09402|https://github.com/HzFu/EyeQ|https://huggingface.co/datasets/Fantasy666/X-PCR/tree/06a318fd852230326386e3c6514d8a11b7a6b4af|https://huggingface.co/datasets/lxirich/MM-Retinal-Reason/tree/d6243baa82c0914dba3c6f43ca79fdbf856982ef,https://www.kaggle.com/c/diabetic-retinopathy-detection,Current data products are counted once. Previous versions and unmodified alternate deposits are links only. Dataset-family counts collapse documented collection/component records and exact task views; derivatives and uncertain overlaps remain separate.
eyeq,EyeQ Retinal Image Quality Assessment Dataset,0.6.0,2026-08-02,2026-08-02,True,annotation_layer,"A data product whose principal addition is labels, masks, reports, questions, reasoning records, or other annotations for existing data.",eyeq,1,eyeq,derived_from,eyepacs,,https://github.com/HzFu/EyeQ,https://github.com/HzFu/EyeQ,Current data products are counted once. Previous versions and unmodified alternate deposits are links only. Dataset-family counts collapse documented collection/component records and exact task views; derivatives and uncertain overlaps remain separate.
fairvlmed,FairVLMed: Fair Vision-Language Medical Ophthalmic Dataset,0.6.0,2026-08-02,2026-08-02,True,current_dataset,A current cataloged data product without a more specific structural role.,fairvlmed,1,fairvlmed,,,,,https://huggingface.co/datasets/harvardairobotics/FairVLMed,Current data products are counted once. Previous versions and unmodified alternate deposits are links only. Dataset-family counts collapse documented collection/component records and exact task views; derivatives and uncertain overlaps remain separate.
fang_sbsdi_oct,Duke Fang SBSDI Retinal OCT Dataset,0.6.0,2026-08-02,2026-08-02,True,current_dataset,A current cataloged data product without a more specific structural role.,fang_sbsdi_oct,1,fang_sbsdi_oct,,,,,https://people.duke.edu/~sf59/Fang_TMI_2013.htm,Current data products are counted once. Previous versions and unmodified alternate deposits are links only. Dataset-family counts collapse documented collection/component records and exact task views; derivatives and uncertain overlaps remain separate.
farfum_rop,FARFUM-ROP: Fundus Annotation Repository for Retinopathy of Prematurity,0.6.0,2026-08-02,2026-08-02,True,current_dataset,A current cataloged data product without a more specific structural role.,farfum_rop,1,farfum_rop,,,,,https://doi.org/10.6084/m9.figshare.c.6721269,Current data products are counted once. Previous versions and unmodified alternate deposits are links only. Dataset-family counts collapse documented collection/component records and exact task views; derivatives and uncertain overlaps remain separate.
fd3611,FD3611 Multi-Class Color Fundus Image Dataset,0.6.0,2026-08-02,2026-08-02,True,current_dataset,A current cataloged data product without a more specific structural role.,fd3611,1,fd3611,,,,,https://doi.org/10.6084/m9.figshare.32086296.v1,Current data products are counted once. Previous versions and unmodified alternate deposits are links only. Dataset-family counts collapse documented collection/component records and exact task views; derivatives and uncertain overlaps remain separate.
ffa_ir,FFA-IR Medical Report Dataset,0.6.0,2026-08-02,2026-08-02,True,current_dataset,A current cataloged data product without a more specific structural role.,ffa_ir,1,ffa_ir,,,,,https://doi.org/10.13026/k5rp-9h43,Current data products are counted once. Previous versions and unmodified alternate deposits are links only. Dataset-family counts collapse documented collection/component records and exact task views; derivatives and uncertain overlaps remain separate.
fimd,Fundus Image Myopia Development Dataset,0.6.0,2026-08-02,2026-08-02,True,current_dataset,A current cataloged data product without a more specific structural role.,fimd,1,fimd,,,,,https://data.mendeley.com/datasets/jkzsh6pcv4/1,Current data products are counted once. Previous versions and unmodified alternate deposits are links only. Dataset-family counts collapse documented collection/component records and exact task views; derivatives and uncertain overlaps remain separate.
fiqs,FIQS: Fundus Image Quality Scores Dataset,0.6.0,2026-08-02,2026-08-02,True,current_dataset,A current cataloged data product without a more specific structural role.,fiqs,1,fiqs,,,,,https://doi.org/10.6084/m9.figshare.28129847.v1,Current data products are counted once. Previous versions and unmodified alternate deposits are links only. Dataset-family counts collapse documented collection/component records and exact task views; derivatives and uncertain overlaps remain separate.
fire,FIRE: Fundus Image Registration Dataset,0.6.0,2026-08-02,2026-08-02,True,current_dataset,A current cataloged data product without a more specific structural role.,fire,1,fire,,,,,https://projects.ics.forth.gr/cvrl/fire/,Current data products are counted once. Previous versions and unmodified alternate deposits are links only. Dataset-family counts collapse documented collection/component records and exact task views; derivatives and uncertain overlaps remain separate.
fives,FIVES: Fundus Image Vessel Segmentation,0.6.0,2026-08-02,2026-08-02,True,current_dataset,A current cataloged data product without a more specific structural role.,fives,1,fives,,,mm_retinal_reason|multieye|smdg,https://arxiv.org/abs/2412.09402|https://huggingface.co/datasets/lxirich/MM-Retinal-Reason/tree/d6243baa82c0914dba3c6f43ca79fdbf856982ef|https://www.kaggle.com/datasets/deathtrooper/multichannel-glaucoma-benchmark-dataset,https://doi.org/10.6084/m9.figshare.19688169,Current data products are counted once. Previous versions and unmodified alternate deposits are links only. Dataset-family counts collapse documented collection/component records and exact task views; derivatives and uncertain overlaps remain separate.
fociset_pamm,FociSet PAMM OCT Lesion Dataset,0.6.0,2026-08-02,2026-08-02,True,current_dataset,A current cataloged data product without a more specific structural role.,fociset_pamm,1,fociset_pamm,,,,,https://data.mendeley.com/datasets/mkwxn7rjpm/2,Current data products are counted once. Previous versions and unmodified alternate deposits are links only. Dataset-family counts collapse documented collection/component records and exact task views; derivatives and uncertain overlaps remain separate.
fovea,FOVEA: Pre/Intra-Operative Fundus + Biomicroscopy,0.6.0,2026-08-02,2026-08-02,True,current_dataset,A current cataloged data product without a more specific structural role.,fovea,1,fovea,,,,,https://doi.org/10.6084/m9.figshare.28329338,Current data products are counted once. Previous versions and unmodified alternate deposits are links only. Dataset-family counts collapse documented collection/component records and exact task views; derivatives and uncertain overlaps remain separate.
fprm_retina,FPRM Multimodal Eye Imaging and Psychological Assessment Dataset,0.6.0,2026-08-02,2026-08-02,True,current_dataset,A current cataloged data product without a more specific structural role.,fprm_retina,1,fprm_retina,,,,,https://doi.org/10.7303/syn61672643,Current data products are counted once. Previous versions and unmodified alternate deposits are links only. Dataset-family counts collapse documented collection/component records and exact task views; derivatives and uncertain overlaps remain separate.
fundus_105k,Fundus-105K Text Dataset,0.6.0,2026-08-02,2026-08-02,True,current_dataset,A current cataloged data product without a more specific structural role.,fundus_105k,1,fundus_105k,,,,,https://huggingface.co/datasets/PJMixers-Dev/Fundus-105K,Current data products are counted once. Previous versions and unmodified alternate deposits are links only. Dataset-family counts collapse documented collection/component records and exact task views; derivatives and uncertain overlaps remain separate.
fundus_avseg,Fundus-AVSeg: Artery-Vein-Crossing Segmentation,0.6.0,2026-08-02,2026-08-02,True,current_dataset,A current cataloged data product without a more specific structural role.,fundus_avseg,1,fundus_avseg,,,,,https://doi.org/10.6084/m9.figshare.27938034,Current data products are counted once. Previous versions and unmodified alternate deposits are links only. Dataset-family counts collapse documented collection/component records and exact task views; derivatives and uncertain overlaps remain separate.
fundus_cc_2_5m,Fundus-CC-2.5M Text Corpus,0.6.0,2026-08-02,2026-08-02,True,current_dataset,A current cataloged data product without a more specific structural role.,fundus_cc_2_5m,1,fundus_cc_2_5m,,,,,https://huggingface.co/datasets/PJMixers-Dev/Fundus-CC-2.5M,Current data products are counted once. Previous versions and unmodified alternate deposits are links only. Dataset-family counts collapse documented collection/component records and exact task views; derivatives and uncertain overlaps remain separate.
fundus_domain_generalization,Fundus Dataset for Domain Generalization in Optic Disc/Cup Segmentation,0.6.0,2026-08-02,2026-08-02,True,derivative_dataset,"A distinct data product that reuses one or more cataloged resources and adds processing, representations, synthesis, aggregation, or benchmark structure.",fundus_domain_generalization,1,fundus_domain_generalization,derived_from,drishti_gs|refuge2|riga,,https://zenodo.org/records/8009107,https://zenodo.org/records/8009107,Current data products are counted once. Previous versions and unmodified alternate deposits are links only. Dataset-family counts collapse documented collection/component records and exact task views; derivatives and uncertain overlaps remain separate.
fundus_report_dataset,Fundus Report Dataset,0.6.0,2026-08-02,2026-08-02,True,annotation_layer,"A data product whose principal addition is labels, masks, reports, questions, reasoning records, or other annotations for existing data.",fundus_report_dataset,1,fundus_report_dataset,derived_from,deepdrid,,https://huggingface.co/datasets/zzzzineun/fundus-report-dataset,https://huggingface.co/datasets/zzzzineun/fundus-report-dataset,Current data products are counted once. Previous versions and unmodified alternate deposits are links only. Dataset-family counts collapse documented collection/component records and exact task views; derivatives and uncertain overlaps remain separate.
g1020,G1020: Glaucoma Benchmark Fundus Dataset,0.6.0,2026-08-02,2026-08-02,True,current_dataset,A current cataloged data product without a more specific structural role.,g1020,1,g1020,,,lmod_plus|mm_retinal_reason|smdg,https://huggingface.co/datasets/lxirich/MM-Retinal-Reason/tree/d6243baa82c0914dba3c6f43ca79fdbf856982ef|https://kfzyqin.github.io/lmod_plus/|https://www.kaggle.com/datasets/deathtrooper/multichannel-glaucoma-benchmark-dataset,https://arxiv.org/abs/2006.09158,Current data products are counted once. Previous versions and unmodified alternate deposits are links only. Dataset-family counts collapse documented collection/component records and exact task views; derivatives and uncertain overlaps remain separate.
gamma,GAMMA — Glaucoma Grading from Multi-Modality Images,0.6.0,2026-08-02,2026-08-02,True,component_dataset,A separately named and citable component of a cataloged collection.,ichallenge_gamma,2,gamma|ichallenge_oct,component_of,ichallenge_oct,ichallenge_oct|mm_retinal_reason,http://hdmilab.cn/ichallenge|https://huggingface.co/datasets/lxirich/MM-Retinal-Reason/tree/d6243baa82c0914dba3c6f43ca79fdbf856982ef,https://drive.google.com/file/d/1thJDE1_TR-xa8f3H-0PwPpDxun7rV8Sw/view,Current data products are counted once. Previous versions and unmodified alternate deposits are links only. Dataset-family counts collapse documented collection/component records and exact task views; derivatives and uncertain overlaps remain separate.
gaze360,Gaze360 Physically Unconstrained Gaze Dataset,0.6.0,2026-08-02,2026-08-02,True,current_dataset,A current cataloged data product without a more specific structural role.,gaze360,1,gaze360,,,,,https://gaze360.csail.mit.edu/,Current data products are counted once. Previous versions and unmodified alternate deposits are links only. Dataset-family counts collapse documented collection/component records and exact task views; derivatives and uncertain overlaps remain separate.
gaze_capture,GazeCapture Mobile Eye-Tracking Dataset,0.6.0,2026-08-02,2026-08-02,True,current_dataset,A current cataloged data product without a more specific structural role.,gaze_capture,1,gaze_capture,,,,,https://gazecapture.csail.mit.edu/dataset.php,Current data products are counted once. Previous versions and unmodified alternate deposits are links only. Dataset-family counts collapse documented collection/component records and exact task views; derivatives and uncertain overlaps remain separate.
ghana_eye_screening,Eye Screening Data for First-Year University Students in Ghana,0.6.0,2026-08-02,2026-08-02,True,current_dataset,A current cataloged data product without a more specific structural role.,ghana_eye_screening,1,ghana_eye_screening,,,,,https://data.mendeley.com/datasets/mfv6sb5wyc/4,Current data products are counted once. Previous versions and unmodified alternate deposits are links only. Dataset-family counts collapse documented collection/component records and exact task views; derivatives and uncertain overlaps remain separate.
glaucoma_expert_cot_refined,Glaucoma Expert Chain-of-Thought Refined Dataset,0.6.0,2026-08-02,2026-08-02,True,annotation_layer,"A data product whose principal addition is labels, masks, reports, questions, reasoning records, or other annotations for existing data.",glaucoma_expert_cot_refined,1,glaucoma_expert_cot_refined,derived_from,lag|papila,,https://huggingface.co/datasets/yuzhench/glaucoma-expert-cot-refined-1077,https://huggingface.co/datasets/yuzhench/glaucoma-expert-cot-refined-1077,Current data products are counted once. Previous versions and unmodified alternate deposits are links only. Dataset-family counts collapse documented collection/component records and exact task views; derivatives and uncertain overlaps remain separate.
glaucoma_eye_movements,Eye Movements of Glaucoma Patients with Asymmetrical Visual Field Loss,0.6.0,2026-08-02,2026-08-02,True,current_dataset,A current cataloged data product without a more specific structural role.,glaucoma_eye_movements,1,glaucoma_eye_movements,,,,,https://zenodo.org/records/7761477,Current data products are counted once. Previous versions and unmodified alternate deposits are links only. Dataset-family counts collapse documented collection/component records and exact task views; derivatives and uncertain overlaps remain separate.
glaucoma_oct_fundus,Glaucoma Detection Dataset with OCT and Fundus Images,0.6.0,2026-08-02,2026-08-02,True,current_dataset,A current cataloged data product without a more specific structural role.,glaucoma_oct_fundus,1,glaucoma_oct_fundus,,,,,https://doi.org/10.6084/m9.figshare.32051124.v1,Current data products are counted once. Previous versions and unmodified alternate deposits are links only. Dataset-family counts collapse documented collection/component records and exact task views; derivatives and uncertain overlaps remain separate.
gleam,GLEAM Multimodal Glaucoma Staging Dataset,0.6.0,2026-08-02,2026-08-02,True,current_dataset,A current cataloged data product without a more specific structural role.,gleam,1,gleam,,,,,https://www.kaggle.com/datasets/zhangyiyinge/gleam-dataset,Current data products are counted once. Previous versions and unmodified alternate deposits are links only. Dataset-family counts collapse documented collection/component records and exact task views; derivatives and uncertain overlaps remain separate.
goals,GOALS — Glaucoma OCT Layer Segmentation (MICCAI 2022),0.6.0,2026-08-02,2026-08-02,True,current_dataset,A current cataloged data product without a more specific structural role.,goals,1,goals,,,mm_retinal_reason|multieye,https://arxiv.org/abs/2412.09402|https://huggingface.co/datasets/lxirich/MM-Retinal-Reason/tree/d6243baa82c0914dba3c6f43ca79fdbf856982ef,https://aistudio.baidu.com/competition/detail/783/0/introduction,Current data products are counted once. Previous versions and unmodified alternate deposits are links only. Dataset-family counts collapse documented collection/component records and exact task views; derivatives and uncertain overlaps remain separate.
goblet_cell_segmentation,Human Conjunctival Goblet Cell Segmentation Dataset,0.6.0,2026-08-02,2026-08-02,True,current_dataset,A current cataloged data product without a more specific structural role.,goblet_cell_segmentation,1,goblet_cell_segmentation,,,,,https://doi.org/10.5281/zenodo.18642562,Current data products are counted once. Previous versions and unmodified alternate deposits are links only. Dataset-family counts collapse documented collection/component records and exact task views; derivatives and uncertain overlaps remain separate.
grape,GRAPE: Glaucoma Real-world Appraisal Progression Ensemble,0.6.0,2026-08-02,2026-08-02,True,current_dataset,A current cataloged data product without a more specific structural role.,grape,1,grape,,,,,https://doi.org/10.6084/m9.figshare.c.6406319,Current data products are counted once. Previous versions and unmodified alternate deposits are links only. Dataset-family counts collapse documented collection/component records and exact task views; derivatives and uncertain overlaps remain separate.
harvard_fairvision,"Harvard-FairVision (AMD + DR + Glaucoma, paired SLO + OCT)",0.6.0,2026-08-02,2026-08-02,True,current_dataset,A current cataloged data product without a more specific structural role.,harvard_fairvision,1,harvard_fairvision,,,,,https://ophai.hms.harvard.edu/datasets/harvard-fairvision30k,Current data products are counted once. Previous versions and unmodified alternate deposits are links only. Dataset-family counts collapse documented collection/component records and exact task views; derivatives and uncertain overlaps remain separate.
harvard_gdp,Harvard GDP: Glaucoma Detection and Progression Dataset,0.6.0,2026-08-02,2026-08-02,True,current_dataset,A current cataloged data product without a more specific structural role.,harvard_gdp,1,harvard_gdp,,,x_pcr,https://huggingface.co/datasets/Fantasy666/X-PCR/tree/06a318fd852230326386e3c6514d8a11b7a6b4af,https://drive.google.com/drive/folders/1JMi_HCql113uc9X0DOaMkNfEWfxaDlEz,Current data products are counted once. Previous versions and unmodified alternate deposits are links only. Dataset-family counts collapse documented collection/component records and exact task views; derivatives and uncertain overlaps remain separate.
harvard_glaucoma,Harvard Glaucoma Fundus Image Dataset,0.6.0,2026-08-02,2026-08-02,True,current_dataset,A current cataloged data product without a more specific structural role.,harvard_glaucoma,1,harvard_glaucoma,,,,,https://doi.org/10.7910/DVN/1YRRAC,Current data products are counted once. Previous versions and unmodified alternate deposits are links only. Dataset-family counts collapse documented collection/component records and exact task views; derivatives and uncertain overlaps remain separate.
hassan_composite_retina,Composite Retinal Fundus and OCT Dataset with Clinical Markings,0.6.0,2026-08-02,2026-08-02,True,current_dataset,A current cataloged data product without a more specific structural role.,hassan_composite_retina,1,hassan_composite_retina,,,mm_retinal_reason|multieye,https://arxiv.org/abs/2412.09402|https://huggingface.co/datasets/lxirich/MM-Retinal-Reason/tree/d6243baa82c0914dba3c6f43ca79fdbf856982ef,https://data.mendeley.com/datasets/trghs22fpg/4,Current data products are counted once. Previous versions and unmodified alternate deposits are links only. Dataset-family counts collapse documented collection/component records and exact task views; derivatives and uncertain overlaps remain separate.
hei_med,HEI-MED: Hamilton Eye Institute Macular Edema Dataset,0.6.0,2026-08-02,2026-08-02,True,current_dataset,A current cataloged data product without a more specific structural role.,hei_med,1,hei_med,,,,,https://github.com/lgiancaUTH/HEI-MED,Current data products are counted once. Previous versions and unmodified alternate deposits are links only. Dataset-family counts collapse documented collection/component records and exact task views; derivatives and uncertain overlaps remain separate.
hesc_retinal_organoid_early_differentiation,hESC-Derived Retinal Organoid Early Differentiation Imaging Dataset,0.6.0,2026-08-02,2026-08-02,True,current_dataset,A current cataloged data product without a more specific structural role.,hesc_retinal_organoid_early_differentiation,1,hesc_retinal_organoid_early_differentiation,,,,,https://doi.org/10.6084/m9.figshare.30102802.v1,Current data products are counted once. Previous versions and unmodified alternate deposits are links only. Dataset-family counts collapse documented collection/component records and exact task views; derivatives and uncertain overlaps remain separate.
hesc_rpe_electrical_excitability,hESC-Derived RPE Electrical Excitability Dataset,0.6.0,2026-08-02,2026-08-02,True,current_dataset,A current cataloged data product without a more specific structural role.,hesc_rpe_electrical_excitability,1,hesc_rpe_electrical_excitability,,,,,https://doi.org/10.6084/m9.figshare.22246969.v2,Current data products are counted once. Previous versions and unmodified alternate deposits are links only. Dataset-family counts collapse documented collection/component records and exact task views; derivatives and uncertain overlaps remain separate.
higancnn_generated_glaucoma,HiGANCNN Generated Glaucoma Dataset,0.6.0,2026-08-02,2026-08-02,True,derivative_dataset,"A distinct data product that reuses one or more cataloged resources and adds processing, representations, synthesis, aggregation, or benchmark structure.",higancnn_generated_glaucoma,1,higancnn_generated_glaucoma,derived_from,acrima|drishti_gs|hrf,,https://www.kaggle.com/datasets/hindsaud/datasets-higancnn-glaucoma-detection,https://www.kaggle.com/datasets/hindsaud/datasets-higancnn-glaucoma-detection,Current data products are counted once. Previous versions and unmodified alternate deposits are links only. Dataset-family counts collapse documented collection/component records and exact task views; derivatives and uncertain overlaps remain separate.
hpmi,HPMI: High & Pathological Myopia Identification,0.6.0,2026-08-02,2026-08-02,True,current_dataset,A current cataloged data product without a more specific structural role.,hpmi,1,hpmi,,,,,https://doi.org/10.6084/m9.figshare.24800232,Current data products are counted once. Previous versions and unmodified alternate deposits are links only. Dataset-family counts collapse documented collection/component records and exact task views; derivatives and uncertain overlaps remain separate.
hrf,HRF: High-Resolution Fundus Image Database,0.6.0,2026-08-02,2026-08-02,True,current_dataset,A current cataloged data product without a more specific structural role.,hrf,1,hrf,,,amdnet23|higancnn_generated_glaucoma|hrf_seg_plus|mm_retinal_reason|smdg,https://doi.org/10.17632/yj35kjgrv3.1|https://huggingface.co/datasets/lxirich/MM-Retinal-Reason/tree/d6243baa82c0914dba3c6f43ca79fdbf856982ef|https://www.kaggle.com/datasets/deathtrooper/multichannel-glaucoma-benchmark-dataset|https://www.kaggle.com/datasets/hindsaud/datasets-higancnn-glaucoma-detection|https://zenodo.org/records/16744782,https://www5.cs.fau.de/research/data/fundus-images/,Current data products are counted once. Previous versions and unmodified alternate deposits are links only. Dataset-family counts collapse documented collection/component records and exact task views; derivatives and uncertain overlaps remain separate.
hrf_seg_plus,HRF-Seg+: Multi-Structure Fundus Annotations,0.6.0,2026-08-02,2026-08-02,True,annotation_layer,"A data product whose principal addition is labels, masks, reports, questions, reasoning records, or other annotations for existing data.",hrf_seg_plus,1,hrf_seg_plus,derived_from,hrf,,https://zenodo.org/records/16744782,https://zenodo.org/records/16744782,Current data products are counted once. Previous versions and unmodified alternate deposits are links only. Dataset-family counts collapse documented collection/component records and exact task views; derivatives and uncertain overlaps remain separate.
hyamd,HYAMD High-Resolution Fundus Image Dataset for AMD Diagnosis,0.6.0,2026-08-02,2026-08-02,True,current_dataset,A current cataloged data product without a more specific structural role.,hyamd,1,hyamd,,,,,https://physionet.org/content/hillel-yaffe-fundus-amd/1.0.0/,Current data products are counted once. Previous versions and unmodified alternate deposits are links only. Dataset-family counts collapse documented collection/component records and exact task views; derivatives and uncertain overlaps remain separate.
hybridgaze,HybridGaze Dataset,0.6.0,2026-08-02,2026-08-02,True,current_dataset,A current cataloged data product without a more specific structural role.,hybridgaze,1,hybridgaze,,,,,https://www.kaggle.com/datasets/michachwesiuk/hybridgaze,Current data products are counted once. Previous versions and unmodified alternate deposits are links only. Dataset-family counts collapse documented collection/component records and exact task views; derivatives and uncertain overlaps remain separate.
hygd,HYGD: Hillel Yaffe Glaucoma Dataset,0.6.0,2026-08-02,2026-08-02,True,current_dataset,A current cataloged data product without a more specific structural role.,hygd,1,hygd,,,,,https://doi.org/10.13026/pdxv-m215,Current data products are counted once. Previous versions and unmodified alternate deposits are links only. Dataset-family counts collapse documented collection/component records and exact task views; derivatives and uncertain overlaps remain separate.
ichallenge_amd,iChallenge-AMD: Age-related Macular Degeneration,0.6.0,2026-08-02,2026-08-02,True,current_dataset,A current cataloged data product without a more specific structural role.,ichallenge_amd,1,ichallenge_amd,,,,,https://amd.grand-challenge.org/download/,Current data products are counted once. Previous versions and unmodified alternate deposits are links only. Dataset-family counts collapse documented collection/component records and exact task views; derivatives and uncertain overlaps remain separate.
ichallenge_oct,iChallenge OCT Datasets (HDMILab / OMIA Workshops),0.6.0,2026-08-02,2026-08-02,True,collection,A combined deposit or portal that exposes multiple named component datasets.,ichallenge_gamma,2,gamma|ichallenge_oct,has_component,gamma,gamma,http://hdmilab.cn/ichallenge,http://hdmilab.cn/ichallenge,Current data products are counted once. Previous versions and unmodified alternate deposits are links only. Dataset-family counts collapse documented collection/component records and exact task views; derivatives and uncertain overlaps remain separate.
idrid,IDRiD: Indian Diabetic Retinopathy Image Dataset,0.6.0,2026-08-02,2026-08-02,True,current_dataset,A current cataloged data product without a more specific structural role.,idrid,1,idrid,,,dme_vqa|lmod_plus|mm_retinal_reason|reta_benchmark,https://doi.org/10.6084/m9.figshare.16960855|https://huggingface.co/datasets/lxirich/MM-Retinal-Reason/tree/d6243baa82c0914dba3c6f43ca79fdbf856982ef|https://kfzyqin.github.io/lmod_plus/|https://zenodo.org/records/6784358,https://ieee-dataport.org/open-access/indian-diabetic-retinopathy-image-dataset-idrid,Current data products are counted once. Previous versions and unmodified alternate deposits are links only. Dataset-family counts collapse documented collection/component records and exact task views; derivatives and uncertain overlaps remain separate.
insegcat,InSegCat: Instance Segmentation for Cataract Surgery,0.6.0,2026-08-02,2026-08-02,True,annotation_layer,"A data product whose principal addition is labels, masks, reports, questions, reasoning records, or other annotations for existing data.",insegcat,1,insegcat,derived_from,cadis|cataract_101,,https://ftp.itec.aau.at/datasets/ovid/InSegCat/,https://ftp.itec.aau.at/datasets/ovid/InSegCat/,Current data products are counted once. Previous versions and unmodified alternate deposits are links only. Dataset-family counts collapse documented collection/component records and exact task views; derivatives and uncertain overlaps remain separate.
intraretinal_cystoid_fluid,Intraretinal Cystoid Fluid OCT Segmentation Dataset,0.6.0,2026-08-02,2026-08-02,True,derivative_dataset,"A distinct data product that reuses one or more cataloged resources and adds processing, representations, synthesis, aggregation, or benchmark structure.",intraretinal_cystoid_fluid,1,intraretinal_cystoid_fluid,derived_from,kermany_oct,,https://www.kaggle.com/datasets/zeeshanahmed13/intraretinal-cystoid-fluid,https://www.kaggle.com/datasets/zeeshanahmed13/intraretinal-cystoid-fluid,Current data products are counted once. Previous versions and unmodified alternate deposits are links only. Dataset-family counts collapse documented collection/component records and exact task views; derivatives and uncertain overlaps remain separate.
irfdrd,Iraqi Retinal Fundus Diabetic Retinopathy Dataset,0.6.0,2026-08-02,2026-08-02,True,current_dataset,A current cataloged data product without a more specific structural role.,irfdrd,1,irfdrd,,,,,https://zenodo.org/records/12552326,Current data products are counted once. Previous versions and unmodified alternate deposits are links only. Dataset-family counts collapse documented collection/component records and exact task views; derivatives and uncertain overlaps remain separate.
itec_iris_pupil,ITEC Iris and Pupil Segmentation Dataset,0.6.0,2026-08-02,2026-08-02,True,annotation_layer,"A data product whose principal addition is labels, masks, reports, questions, reasoning records, or other annotations for existing data.",itec_iris_pupil,1,itec_iris_pupil,derived_from,cataract_101,,https://ftp.itec.aau.at/datasets/ovid/iris_pupil_seg/index.html,https://ftp.itec.aau.at/datasets/ovid/iris_pupil_seg/index.html,Current data products are counted once. Previous versions and unmodified alternate deposits are links only. Dataset-family counts collapse documented collection/component records and exact task views; derivatives and uncertain overlaps remain separate.
jichi,Jichi Medical University Diabetic Retinopathy Dataset,0.6.0,2026-08-02,2026-08-02,True,current_dataset,A current cataloged data product without a more specific structural role.,jichi,1,jichi,,,mm_retinal_reason,https://huggingface.co/datasets/lxirich/MM-Retinal-Reason/tree/d6243baa82c0914dba3c6f43ca79fdbf856982ef,https://doi.org/10.6084/m9.figshare.4879853,Current data products are counted once. Previous versions and unmodified alternate deposits are links only. Dataset-family counts collapse documented collection/component records and exact task views; derivatives and uncertain overlaps remain separate.
jrc_multimodal_vessels,JRC Multi-Modal Retinal Vessel Segmentation,0.6.0,2026-08-02,2026-08-02,True,current_dataset,A current cataloged data product without a more specific structural role.,jrc_multimodal_vessels,1,jrc_multimodal_vessels,,,,,https://zenodo.org/records/17874693,Current data products are counted once. Previous versions and unmodified alternate deposits are links only. Dataset-family counts collapse documented collection/component records and exact task views; derivatives and uncertain overlaps remain separate.
jsiec,JSIEC Fundus Photo Dataset,0.6.0,2026-08-02,2026-08-02,True,current_dataset,A current cataloged data product without a more specific structural role.,jsiec,1,jsiec,,,rao_fundus|smdg|x_pcr,https://doi.org/10.17632/5428684j44.2|https://huggingface.co/datasets/Fantasy666/X-PCR/tree/06a318fd852230326386e3c6514d8a11b7a6b4af|https://www.kaggle.com/datasets/deathtrooper/multichannel-glaucoma-benchmark-dataset,https://zenodo.org/record/3477553,Current data products are counted once. Previous versions and unmodified alternate deposits are links only. Dataset-family counts collapse documented collection/component records and exact task views; derivatives and uncertain overlaps remain separate.
justraigs,JustRAIGS: Just Referral AI Glaucoma Screening Dataset,0.6.0,2026-08-02,2026-08-02,True,current_dataset,A current cataloged data product without a more specific structural role.,justraigs,1,justraigs,,,,,https://zenodo.org/records/10035093,Current data products are counted once. Previous versions and unmodified alternate deposits are links only. Dataset-family counts collapse documented collection/component records and exact task views; derivatives and uncertain overlaps remain separate.
keratoconus_detection_kaggle,Keratoconus Detection Corneal Maps,0.6.0,2026-08-02,2026-08-02,True,current_dataset,A current cataloged data product without a more specific structural role.,keratoconus_detection_kaggle,1,keratoconus_detection_kaggle,,,,,https://www.kaggle.com/datasets/elmehdi12/keratoconus-detection,Current data products are counted once. Previous versions and unmodified alternate deposits are links only. Dataset-family counts collapse documented collection/component records and exact task views; derivatives and uncertain overlaps remain separate.
kermany_oct,Kermany OCT 2018: Retinal OCT Image Classification,0.6.0,2026-08-02,2026-08-02,True,current_dataset,A current cataloged data product without a more specific structural role.,kermany_oct,1,kermany_oct,,,intraretinal_cystoid_fluid|mm_retinal_reason|multieye|synthetic_retinal_oct_biomarkers|x_pcr,https://arxiv.org/abs/2412.09402|https://huggingface.co/datasets/Fantasy666/X-PCR/tree/06a318fd852230326386e3c6514d8a11b7a6b4af|https://huggingface.co/datasets/lxirich/MM-Retinal-Reason/tree/d6243baa82c0914dba3c6f43ca79fdbf856982ef|https://huggingface.co/datasets/serag-ai/Synthetic-Ophthalmology-Images|https://www.kaggle.com/datasets/zeeshanahmed13/intraretinal-cystoid-fluid,https://www.kaggle.com/datasets/paultimothymooney/kermany2018,Current data products are counted once. Previous versions and unmodified alternate deposits are links only. Dataset-family counts collapse documented collection/component records and exact task views; derivatives and uncertain overlaps remain separate.
lag,LAG: Large-scale Attention-based Glaucoma Database,0.6.0,2026-08-02,2026-08-02,True,current_dataset,A current cataloged data product without a more specific structural role.,lag,1,lag,,,glaucoma_expert_cot_refined|mm_retinal_reason,https://huggingface.co/datasets/lxirich/MM-Retinal-Reason/tree/d6243baa82c0914dba3c6f43ca79fdbf856982ef|https://huggingface.co/datasets/yuzhench/glaucoma-expert-cot-refined-1077,https://github.com/smilell/AG-CNN,Current data products are counted once. Previous versions and unmodified alternate deposits are links only. Dataset-family counts collapse documented collection/component records and exact task views; derivatives and uncertain overlaps remain separate.
leops_erg,LEOPs Light-Adapted Electroretinogram and Oscillatory Potentials Dataset,0.6.0,2026-08-02,2026-08-02,True,current_dataset,A current cataloged data product without a more specific structural role.,leops_erg,1,leops_erg,,,,,https://data.mendeley.com/datasets/w3yx7hdds7/1,Current data products are counted once. Previous versions and unmodified alternate deposits are links only. Dataset-family counts collapse documented collection/component records and exact task views; derivatives and uncertain overlaps remain separate.
lmod_cataract_1k,LMOD-Cataract-1K,0.6.0,2026-08-02,2026-08-02,True,derivative_dataset,"A distinct data product that reuses one or more cataloged resources and adds processing, representations, synthesis, aggregation, or benchmark structure.",lmod_cataract_1k,1,lmod_cataract_1k,derived_from,cataract1k,lmod_cataract_1k_cot,https://huggingface.co/datasets/mehti/LMOD-Cataract-1K|https://huggingface.co/datasets/mehti/LMOD-Cataract-1K-surgical-analysis-cot,https://huggingface.co/datasets/mehti/LMOD-Cataract-1K,Current data products are counted once. Previous versions and unmodified alternate deposits are links only. Dataset-family counts collapse documented collection/component records and exact task views; derivatives and uncertain overlaps remain separate.
lmod_cataract_1k_cot,Cataract-1K Surgical Analysis Chain-of-Thought Dataset,0.6.0,2026-08-02,2026-08-02,True,annotation_layer,"A data product whose principal addition is labels, masks, reports, questions, reasoning records, or other annotations for existing data.",lmod_cataract_1k_cot,1,lmod_cataract_1k_cot,derived_from,lmod_cataract_1k,,https://huggingface.co/datasets/mehti/LMOD-Cataract-1K-surgical-analysis-cot,https://huggingface.co/datasets/mehti/LMOD-Cataract-1K-surgical-analysis-cot,Current data products are counted once. Previous versions and unmodified alternate deposits are links only. Dataset-family counts collapse documented collection/component records and exact task views; derivatives and uncertain overlaps remain separate.
lmod_plus,LMOD+ Multimodal Ophthalmology Benchmark,0.6.0,2026-08-02,2026-08-02,True,derivative_dataset,"A distinct data product that reuses one or more cataloged resources and adds processing, representations, synthesis, aggregation, or benchmark structure.",lmod_plus,1,lmod_plus,derived_from,cataract1k|g1020|idrid|oimhs|refuge2,,https://kfzyqin.github.io/lmod_plus/,https://kfzyqin.github.io/lmod_plus/,Current data products are counted once. Previous versions and unmodified alternate deposits are links only. Dataset-family counts collapse documented collection/component records and exact task views; derivatives and uncertain overlaps remain separate.
lpw,LPW Labelled Pupils in the Wild,0.6.0,2026-08-02,2026-08-02,True,current_dataset,A current cataloged data product without a more specific structural role.,lpw,1,lpw,,,,,https://www.mpi-inf.mpg.de/de/departments/computer-vision-and-machine-learning/research/gaze-based-human-computer-interaction/labelled-pupils-in-the-wild-lpw/,Current data products are counted once. Previous versions and unmodified alternate deposits are links only. Dataset-family counts collapse documented collection/component records and exact task views; derivatives and uncertain overlaps remain separate.
maetschke_glaucoma_oct,OCT Volumes for Glaucoma Detection,0.6.0,2026-08-02,2026-08-02,True,current_dataset,A current cataloged data product without a more specific structural role.,maetschke_glaucoma_oct,1,maetschke_glaucoma_oct,,,,,https://doi.org/10.5281/zenodo.1481223,Current data products are counted once. Previous versions and unmodified alternate deposits are links only. Dataset-family counts collapse documented collection/component records and exact task views; derivatives and uncertain overlaps remain separate.
maples_dr,MAPLES-DR: Montreal Annotation Project for DR,0.6.0,2026-08-02,2026-08-02,True,current_dataset,A current cataloged data product without a more specific structural role.,maples_dr,1,maples_dr,,,,,https://doi.org/10.6084/m9.figshare.24328660,Current data products are counted once. Previous versions and unmodified alternate deposits are links only. Dataset-family counts collapse documented collection/component records and exact task views; derivatives and uncertain overlaps remain separate.
mario,MARIO: AMD-Progression Longitudinal OCT (MICCAI 2024),0.6.0,2026-08-02,2026-08-02,True,current_dataset,A current cataloged data product without a more specific structural role.,mario,1,mario,,,,,https://zenodo.org/records/15270469,Current data products are counted once. Previous versions and unmodified alternate deposits are links only. Dataset-family counts collapse documented collection/component records and exact task views; derivatives and uncertain overlaps remain separate.
mbrset,mBRSET: Mobile Brazilian Retinal Dataset,0.6.0,2026-08-02,2026-08-02,True,current_dataset,A current cataloged data product without a more specific structural role.,mbrset,1,mbrset,,,brset_mbrset_embeddings,https://physionet.org/content/embedding-brset-mbrset/1.0.0/,https://physionet.org/content/mbrset/1.0/,Current data products are counted once. Previous versions and unmodified alternate deposits are links only. Dataset-family counts collapse documented collection/component records and exact task views; derivatives and uncertain overlaps remain separate.
mcoa,MCOA: Multimodal Corneal Opacity Assessment Dataset,0.6.0,2026-08-02,2026-08-02,True,current_dataset,A current cataloged data product without a more specific structural role.,mcoa,1,mcoa,,,,,https://doi.org/10.6084/m9.figshare.28123088.v1,Current data products are counted once. Previous versions and unmodified alternate deposits are links only. Dataset-family counts collapse documented collection/component records and exact task views; derivatives and uncertain overlaps remain separate.
mendeley_3_year_follow_up_optic_neuritis,a 3-year follow-up of optic neuritis phenotypes in Chinese cohort,0.6.0,2026-08-02,2026-08-02,True,current_dataset,A current cataloged data product without a more specific structural role.,mendeley_3_year_follow_up_optic_neuritis,1,mendeley_3_year_follow_up_optic_neuritis,,,,,https://data.mendeley.com/datasets/zvb55v8mzw,Current data products are counted once. Previous versions and unmodified alternate deposits are links only. Dataset-family counts collapse documented collection/component records and exact task views; derivatives and uncertain overlaps remain separate.
mendeley_adjuvant_ketorolac_dexamethasone_hypoxic_human_retinal,Adjuvant Ketorolac and Dexamethasone + Hypoxic Human Retinal Pigment Epithelium (RPE) and Endothelial Cells (HREC),0.6.0,2026-08-02,2026-08-02,True,current_dataset,A current cataloged data product without a more specific structural role.,mendeley_adjuvant_ketorolac_dexamethasone_hypoxic_human_retinal,1,mendeley_adjuvant_ketorolac_dexamethasone_hypoxic_human_retinal,,,,,https://data.mendeley.com/datasets/xzf382pby9,Current data products are counted once. Previous versions and unmodified alternate deposits are links only. Dataset-family counts collapse documented collection/component records and exact task views; derivatives and uncertain overlaps remain separate.
mendeley_analysis_macular_pigment_carotenoids_human_blood,Analysis of macular pigment carotenoids in human blood serum of glaucoma patients as a measure of ocular health: A Raman spectroscopic study,0.6.0,2026-08-02,2026-08-02,True,current_dataset,A current cataloged data product without a more specific structural role.,mendeley_analysis_macular_pigment_carotenoids_human_blood,1,mendeley_analysis_macular_pigment_carotenoids_human_blood,,,,,https://data.mendeley.com/datasets/8pwpbcrjd8,Current data products are counted once. Previous versions and unmodified alternate deposits are links only. Dataset-family counts collapse documented collection/component records and exact task views; derivatives and uncertain overlaps remain separate.
mendeley_annotated_infant_fundus_images_object_detection,Annotated Infant Fundus Images for Object Detection of Key Structures (Optic Disk and Macula),0.6.0,2026-08-02,2026-08-02,True,current_dataset,A current cataloged data product without a more specific structural role.,mendeley_annotated_infant_fundus_images_object_detection,1,mendeley_annotated_infant_fundus_images_object_detection,,,,,https://data.mendeley.com/datasets/9kvk7nkhx6,Current data products are counted once. Previous versions and unmodified alternate deposits are links only. Dataset-family counts collapse documented collection/component records and exact task views; derivatives and uncertain overlaps remain separate.
mendeley_anterior_segment_optical_coherence_tomography_angiography,Data for: Anterior Segment Optical Coherence Tomography Angiography Imaging of Conjunctiva and Intrasclera in Treated Primary Open-Angle Glaucoma,0.6.0,2026-08-02,2026-08-02,True,current_dataset,A current cataloged data product without a more specific structural role.,mendeley_anterior_segment_optical_coherence_tomography_angiography,1,mendeley_anterior_segment_optical_coherence_tomography_angiography,,,,,https://data.mendeley.com/datasets/tsh3xwbkkg,Current data products are counted once. Previous versions and unmodified alternate deposits are links only. Dataset-family counts collapse documented collection/component records and exact task views; derivatives and uncertain overlaps remain separate.
mendeley_application_machine_learning_detecting_iron_deficiency,Application of Machine Learning in Detecting Iron Deficiency Anemia Using  Conjunctiva image Dataset from Ghana,0.6.0,2026-08-02,2026-08-02,True,current_dataset,A current cataloged data product without a more specific structural role.,mendeley_application_machine_learning_detecting_iron_deficiency,1,mendeley_application_machine_learning_detecting_iron_deficiency,,,,,https://data.mendeley.com/datasets/nt7r8hv2pz,Current data products are counted once. Previous versions and unmodified alternate deposits are links only. Dataset-family counts collapse documented collection/component records and exact task views; derivatives and uncertain overlaps remain separate.
mendeley_biochemical_parameters_tear_fluid_chemical_burns,Dataset of biochemical parameters of tear fluid in chemical burns,0.6.0,2026-08-02,2026-08-02,True,current_dataset,A current cataloged data product without a more specific structural role.,mendeley_biochemical_parameters_tear_fluid_chemical_burns,1,mendeley_biochemical_parameters_tear_fluid_chemical_burns,,,,,https://data.mendeley.com/datasets/zhk775h6n4,Current data products are counted once. Previous versions and unmodified alternate deposits are links only. Dataset-family counts collapse documented collection/component records and exact task views; derivatives and uncertain overlaps remain separate.
mendeley_biomechanical_properties_adult_patients_high_myopia,"Biomechanical properties of adult patients with high myopia after implantable collamer lens (ICL, V4) implantation",0.6.0,2026-08-02,2026-08-02,True,current_dataset,A current cataloged data product without a more specific structural role.,mendeley_biomechanical_properties_adult_patients_high_myopia,1,mendeley_biomechanical_properties_adult_patients_high_myopia,,,,,https://data.mendeley.com/datasets/yry4r9y9v5,Current data products are counted once. Previous versions and unmodified alternate deposits are links only. Dataset-family counts collapse documented collection/component records and exact task views; derivatives and uncertain overlaps remain separate.
mendeley_blinking_its_relationship_ocular_surface_digital,Blinking and its relationship with the ocular surface and digital device use in school aged children ,0.6.0,2026-08-02,2026-08-02,True,current_dataset,A current cataloged data product without a more specific structural role.,mendeley_blinking_its_relationship_ocular_surface_digital,1,mendeley_blinking_its_relationship_ocular_surface_digital,,,,,https://data.mendeley.com/datasets/vyb5fv6ppp,Current data products are counted once. Previous versions and unmodified alternate deposits are links only. Dataset-family counts collapse documented collection/component records and exact task views; derivatives and uncertain overlaps remain separate.
mendeley_cell_types_human_retina_its_organoids,Cell types of the human retina and its organoids at single-cell resolution. Cowan et al,0.6.0,2026-08-02,2026-08-02,True,current_dataset,A current cataloged data product without a more specific structural role.,mendeley_cell_types_human_retina_its_organoids,1,mendeley_cell_types_human_retina_its_organoids,,,,,https://data.mendeley.com/datasets/sm67hr5bpm,Current data products are counted once. Previous versions and unmodified alternate deposits are links only. Dataset-family counts collapse documented collection/component records and exact task views; derivatives and uncertain overlaps remain separate.
mendeley_changes_retinal_photosensitivity_diabetic_retinopathy_therapy,Changes in retinal photosensitivity in diabetic retinopathy therapy,0.6.0,2026-08-02,2026-08-02,True,current_dataset,A current cataloged data product without a more specific structural role.,mendeley_changes_retinal_photosensitivity_diabetic_retinopathy_therapy,1,mendeley_changes_retinal_photosensitivity_diabetic_retinopathy_therapy,,,,,https://data.mendeley.com/datasets/tsf8b4yj3j,Current data products are counted once. Previous versions and unmodified alternate deposits are links only. Dataset-family counts collapse documented collection/component records and exact task views; derivatives and uncertain overlaps remain separate.
mendeley_chemical_reprogramming_fibroblasts_into_functional_retinal,Chemical Reprogramming of Fibroblasts into Functional Retinal Pigment Epithelium Cells,0.6.0,2026-08-02,2026-08-02,True,current_dataset,A current cataloged data product without a more specific structural role.,mendeley_chemical_reprogramming_fibroblasts_into_functional_retinal,1,mendeley_chemical_reprogramming_fibroblasts_into_functional_retinal,,,,,https://data.mendeley.com/datasets/sg2rywwwxb,Current data products are counted once. Previous versions and unmodified alternate deposits are links only. Dataset-family counts collapse documented collection/component records and exact task views; derivatives and uncertain overlaps remain separate.
mendeley_clinical_application_cyanoacrylate_tissue_adhesive_pediatric,Clinical Application of Cyanoacrylate Tissue Adhesive in Pediatric Ophthalmic Emergency: A Randomized Controlled Study,0.6.0,2026-08-02,2026-08-02,True,current_dataset,A current cataloged data product without a more specific structural role.,mendeley_clinical_application_cyanoacrylate_tissue_adhesive_pediatric,1,mendeley_clinical_application_cyanoacrylate_tissue_adhesive_pediatric,,,,,https://data.mendeley.com/datasets/ctnygyvwt5,Current data products are counted once. Previous versions and unmodified alternate deposits are links only. Dataset-family counts collapse documented collection/component records and exact task views; derivatives and uncertain overlaps remain separate.
mendeley_clinical_assessment_scleral_canal_expansion_glaucoma,Data for: Clinical Assessment of Scleral Canal Expansion in Glaucoma Using Spectral Domain Optical Coherence Tomography,0.6.0,2026-08-02,2026-08-02,True,current_dataset,A current cataloged data product without a more specific structural role.,mendeley_clinical_assessment_scleral_canal_expansion_glaucoma,1,mendeley_clinical_assessment_scleral_canal_expansion_glaucoma,,,,,https://data.mendeley.com/datasets/7x3tgtskyj,Current data products are counted once. Previous versions and unmodified alternate deposits are links only. Dataset-family counts collapse documented collection/component records and exact task views; derivatives and uncertain overlaps remain separate.
mendeley_code_manuscript_fixational_eye_movements_as,Data and code for manuscript: Fixational eye movements as active sensation for high visual acuity,0.6.0,2026-08-02,2026-08-02,True,current_dataset,A current cataloged data product without a more specific structural role.,mendeley_code_manuscript_fixational_eye_movements_as,1,mendeley_code_manuscript_fixational_eye_movements_as,,,,,https://data.mendeley.com/datasets/p7dyyrfds6,Current data products are counted once. Previous versions and unmodified alternate deposits are links only. Dataset-family counts collapse documented collection/component records and exact task views; derivatives and uncertain overlaps remain separate.
mendeley_comparison_aqueous_humor_levels_plgf_vegf,Data for: Comparison of aqueous humor levels of PlGF and VEGF in proliferative diabetic retinopathy before and after intravitreal conbercept injection,0.6.0,2026-08-02,2026-08-02,True,current_dataset,A current cataloged data product without a more specific structural role.,mendeley_comparison_aqueous_humor_levels_plgf_vegf,1,mendeley_comparison_aqueous_humor_levels_plgf_vegf,,,,,https://data.mendeley.com/datasets/wtcc9fcjdy,Current data products are counted once. Previous versions and unmodified alternate deposits are links only. Dataset-family counts collapse documented collection/component records and exact task views; derivatives and uncertain overlaps remain separate.
mendeley_comparison_cervical_ocular_vestibular_evoked_myogenic,Comparison of Cervical and Ocular Vestibular Evoked Myogenic Potentials Among Individuals with Hearing Impairment Aged 50–70 Years,0.6.0,2026-08-02,2026-08-02,True,current_dataset,A current cataloged data product without a more specific structural role.,mendeley_comparison_cervical_ocular_vestibular_evoked_myogenic,1,mendeley_comparison_cervical_ocular_vestibular_evoked_myogenic,,,,,https://data.mendeley.com/datasets/2jkhncb5kw,Current data products are counted once. Previous versions and unmodified alternate deposits are links only. Dataset-family counts collapse documented collection/component records and exact task views; derivatives and uncertain overlaps remain separate.
mendeley_comparison_clinical_outcomes_visual_quality_visual,"Comparison of clinical outcomes, visual quality and visual function of two presbyopia-correcting intraocular lenses made from the same material, but with different design and optics",0.6.0,2026-08-02,2026-08-02,True,current_dataset,A current cataloged data product without a more specific structural role.,mendeley_comparison_clinical_outcomes_visual_quality_visual,1,mendeley_comparison_clinical_outcomes_visual_quality_visual,,,,,https://data.mendeley.com/datasets/y6n5k7s6f7,Current data products are counted once. Previous versions and unmodified alternate deposits are links only. Dataset-family counts collapse documented collection/component records and exact task views; derivatives and uncertain overlaps remain separate.
mendeley_comparison_ocular_biometry_using_new_opticalcoherence,Comparison of ocular biometry using new OpticalCoherence Tomography-based Optical Biometer with Other Device. ,0.6.0,2026-08-02,2026-08-02,True,current_dataset,A current cataloged data product without a more specific structural role.,mendeley_comparison_ocular_biometry_using_new_opticalcoherence,1,mendeley_comparison_ocular_biometry_using_new_opticalcoherence,,,,,https://data.mendeley.com/datasets/kwv73shvxh,Current data products are counted once. Previous versions and unmodified alternate deposits are links only. Dataset-family counts collapse documented collection/component records and exact task views; derivatives and uncertain overlaps remain separate.
mendeley_comparison_retinal_choroidal_vascular_changes_via,Comparison of retinal and choroidal vascular changes via optical coherence tomography angiography between Pseudoexfoliative glaucoma and Pseudoexfoliative syndrome and control group,0.6.0,2026-08-02,2026-08-02,True,current_dataset,A current cataloged data product without a more specific structural role.,mendeley_comparison_retinal_choroidal_vascular_changes_via,1,mendeley_comparison_retinal_choroidal_vascular_changes_via,,,,,https://data.mendeley.com/datasets/3m8fcfmp9j,Current data products are counted once. Previous versions and unmodified alternate deposits are links only. Dataset-family counts collapse documented collection/component records and exact task views; derivatives and uncertain overlaps remain separate.
mendeley_comparison_two_novel_comfilcon_contact_lens,Comparison of Two Novel Comfilcon A Contact Lens Designs in the Management of Computer Vision Syndrome: A Pilot Study ,0.6.0,2026-08-02,2026-08-02,True,current_dataset,A current cataloged data product without a more specific structural role.,mendeley_comparison_two_novel_comfilcon_contact_lens,1,mendeley_comparison_two_novel_comfilcon_contact_lens,,,,,https://data.mendeley.com/datasets/fnbxs7gb82,Current data products are counted once. Previous versions and unmodified alternate deposits are links only. Dataset-family counts collapse documented collection/component records and exact task views; derivatives and uncertain overlaps remain separate.
mendeley_conjunctival_melanoma_detection_using_deep_learning,Conjunctival melanoma detection using deep learning in smartphone images,0.6.0,2026-08-02,2026-08-02,True,current_dataset,A current cataloged data product without a more specific structural role.,mendeley_conjunctival_melanoma_detection_using_deep_learning,1,mendeley_conjunctival_melanoma_detection_using_deep_learning,,,,,https://data.mendeley.com/datasets/t75wjsw6bw,Current data products are counted once. Previous versions and unmodified alternate deposits are links only. Dataset-family counts collapse documented collection/component records and exact task views; derivatives and uncertain overlaps remain separate.
mendeley_contrast_sensitivity_visual_acuity_multifocal_contact,Data for: Contrast sensitivity and visual acuity with multifocal contact lenses with high additions dedicated for myopia progression control ,0.6.0,2026-08-02,2026-08-02,True,current_dataset,A current cataloged data product without a more specific structural role.,mendeley_contrast_sensitivity_visual_acuity_multifocal_contact,1,mendeley_contrast_sensitivity_visual_acuity_multifocal_contact,,,,,https://data.mendeley.com/datasets/j5cw4wn23y,Current data products are counted once. Previous versions and unmodified alternate deposits are links only. Dataset-family counts collapse documented collection/component records and exact task views; derivatives and uncertain overlaps remain separate.
mendeley_corneal_higher_order_aberrations_stevens_johnson,Data for: Corneal Higher-order Aberrations in Stevens-Johnson Syndrome and Toxic Epidermal Necrolysis,0.6.0,2026-08-02,2026-08-02,True,current_dataset,A current cataloged data product without a more specific structural role.,mendeley_corneal_higher_order_aberrations_stevens_johnson,1,mendeley_corneal_higher_order_aberrations_stevens_johnson,,,,,https://data.mendeley.com/datasets/2k96xky4rf,Current data products are counted once. Previous versions and unmodified alternate deposits are links only. Dataset-family counts collapse documented collection/component records and exact task views; derivatives and uncertain overlaps remain separate.
mendeley_corneal_refractive_parameters_age_patients_without,corneal refractive parameters with age in patients without corneal diseases based on Fourier analysis ,0.6.0,2026-08-02,2026-08-02,True,current_dataset,A current cataloged data product without a more specific structural role.,mendeley_corneal_refractive_parameters_age_patients_without,1,mendeley_corneal_refractive_parameters_age_patients_without,,,,,https://data.mendeley.com/datasets/yr8hbwmsvy,Current data products are counted once. Previous versions and unmodified alternate deposits are links only. Dataset-family counts collapse documented collection/component records and exact task views; derivatives and uncertain overlaps remain separate.
mendeley_cost_effectiveness_limited_vitrectomy_vision_degrading,Data for: Cost Effectiveness of Limited Vitrectomy for Vision Degrading Myodesopsia,0.6.0,2026-08-02,2026-08-02,True,current_dataset,A current cataloged data product without a more specific structural role.,mendeley_cost_effectiveness_limited_vitrectomy_vision_degrading,1,mendeley_cost_effectiveness_limited_vitrectomy_vision_degrading,,,,,https://data.mendeley.com/datasets/487dpg7v38,Current data products are counted once. Previous versions and unmodified alternate deposits are links only. Dataset-family counts collapse documented collection/component records and exact task views; derivatives and uncertain overlaps remain separate.
mendeley_cp_anemic_conjunctival_pallor_ghana,CP-AnemiC (A Conjunctival Pallor) Dataset from Ghana,0.6.0,2026-08-02,2026-08-02,True,current_dataset,A current cataloged data product without a more specific structural role.,mendeley_cp_anemic_conjunctival_pallor_ghana,1,mendeley_cp_anemic_conjunctival_pallor_ghana,,,,,https://data.mendeley.com/datasets/m53vz6b7fx,Current data products are counted once. Previous versions and unmodified alternate deposits are links only. Dataset-family counts collapse documented collection/component records and exact task views; derivatives and uncertain overlaps remain separate.
mendeley_cust_iris,CUST-Iris,0.6.0,2026-08-02,2026-08-02,True,current_dataset,A current cataloged data product without a more specific structural role.,mendeley_cust_iris,1,mendeley_cust_iris,,,,,https://data.mendeley.com/datasets/3j6skjpsng,Current data products are counted once. Previous versions and unmodified alternate deposits are links only. Dataset-family counts collapse documented collection/component records and exact task views; derivatives and uncertain overlaps remain separate.
mendeley_deep_learning_prediction_uncorrected_refractive_error,Deep Learning for the Prediction of Uncorrected Refractive Error using OCT,0.6.0,2026-08-02,2026-08-02,True,current_dataset,A current cataloged data product without a more specific structural role.,mendeley_deep_learning_prediction_uncorrected_refractive_error,1,mendeley_deep_learning_prediction_uncorrected_refractive_error,,,,,https://data.mendeley.com/datasets/89z7h5gnpw,Current data products are counted once. Previous versions and unmodified alternate deposits are links only. Dataset-family counts collapse documented collection/component records and exact task views; derivatives and uncertain overlaps remain separate.
mendeley_demographic_profile_clinical_characteristics_patients_presenting,Demographic profile and clinical characteristics of patients presenting with acute ocular burns,0.6.0,2026-08-02,2026-08-02,True,current_dataset,A current cataloged data product without a more specific structural role.,mendeley_demographic_profile_clinical_characteristics_patients_presenting,1,mendeley_demographic_profile_clinical_characteristics_patients_presenting,,,,,https://data.mendeley.com/datasets/hwnm88jyzg,Current data products are counted once. Previous versions and unmodified alternate deposits are links only. Dataset-family counts collapse documented collection/component records and exact task views; derivatives and uncertain overlaps remain separate.
mendeley_development_deep_learning_based_system_optic,Dataset for - Development of a Deep Learning-based system for Optic Nerve characterization in Transorbital Ultrasound Images on a multicenter dataset,0.6.0,2026-08-02,2026-08-02,True,current_dataset,A current cataloged data product without a more specific structural role.,mendeley_development_deep_learning_based_system_optic,1,mendeley_development_deep_learning_based_system_optic,,,,,https://data.mendeley.com/datasets/kw8gvp8m8x,Current data products are counted once. Previous versions and unmodified alternate deposits are links only. Dataset-family counts collapse documented collection/component records and exact task views; derivatives and uncertain overlaps remain separate.
mendeley_development_deep_learning_model_epiretinal_membrane,Development of a deep learning model for epiretinal membrane detection in fundus photography,0.6.0,2026-08-02,2026-08-02,True,current_dataset,A current cataloged data product without a more specific structural role.,mendeley_development_deep_learning_model_epiretinal_membrane,1,mendeley_development_deep_learning_model_epiretinal_membrane,,,,,https://data.mendeley.com/datasets/jrgntpv8b8,Current data products are counted once. Previous versions and unmodified alternate deposits are links only. Dataset-family counts collapse documented collection/component records and exact task views; derivatives and uncertain overlaps remain separate.
mendeley_dex_combined_ppv_pdr,DEX combined PPV in PDR,0.6.0,2026-08-02,2026-08-02,True,current_dataset,A current cataloged data product without a more specific structural role.,mendeley_dex_combined_ppv_pdr,1,mendeley_dex_combined_ppv_pdr,,,,,https://data.mendeley.com/datasets/zcmpcczdhs,Current data products are counted once. Previous versions and unmodified alternate deposits are links only. Dataset-family counts collapse documented collection/component records and exact task views; derivatives and uncertain overlaps remain separate.
mendeley_difference_retinal_nerve_fiber_layer_thickness,Data for: Difference of the Retinal Nerve Fiber Layer Thickness Assessed on the Disc Center and Bruch’s Membrane Opening Center in Myopic Eyes,0.6.0,2026-08-02,2026-08-02,True,current_dataset,A current cataloged data product without a more specific structural role.,mendeley_difference_retinal_nerve_fiber_layer_thickness,1,mendeley_difference_retinal_nerve_fiber_layer_thickness,,,,,https://data.mendeley.com/datasets/dtz8wmt5xt,Current data products are counted once. Previous versions and unmodified alternate deposits are links only. Dataset-family counts collapse documented collection/component records and exact task views; derivatives and uncertain overlaps remain separate.
mendeley_digital_holograms_rbcs_glaucoma_patients_healthy,Digital holograms of RBCs from the glaucoma patients and healthy controls,0.6.0,2026-08-02,2026-08-02,True,current_dataset,A current cataloged data product without a more specific structural role.,mendeley_digital_holograms_rbcs_glaucoma_patients_healthy,1,mendeley_digital_holograms_rbcs_glaucoma_patients_healthy,,,,,https://data.mendeley.com/datasets/tryd7r3wct,Current data products are counted once. Previous versions and unmodified alternate deposits are links only. Dataset-family counts collapse documented collection/component records and exact task views; derivatives and uncertain overlaps remain separate.
mendeley_dme_classification_fundus_imaging_vision_transformers,DME Classification in Fundus Imaging with Vision Transformers and ETDRS-Guided Annotation,0.6.0,2026-08-02,2026-08-02,True,current_dataset,A current cataloged data product without a more specific structural role.,mendeley_dme_classification_fundus_imaging_vision_transformers,1,mendeley_dme_classification_fundus_imaging_vision_transformers,,,,,https://data.mendeley.com/datasets/sdcfn87pvs,Current data products are counted once. Previous versions and unmodified alternate deposits are links only. Dataset-family counts collapse documented collection/component records and exact task views; derivatives and uncertain overlaps remain separate.
mendeley_dry_eye_symptoms_children_can_we,Dry eye symptoms in children: can we reliably measure them?,0.6.0,2026-08-02,2026-08-02,True,current_dataset,A current cataloged data product without a more specific structural role.,mendeley_dry_eye_symptoms_children_can_we,1,mendeley_dry_eye_symptoms_children_can_we,,,,,https://data.mendeley.com/datasets/h79366vw73,Current data products are counted once. Previous versions and unmodified alternate deposits are links only. Dataset-family counts collapse documented collection/component records and exact task views; derivatives and uncertain overlaps remain separate.
mendeley_early_detection_glaucomatous_visual_field_progression,Data for: Early Detection of Glaucomatous Visual Field Progression Using Pointwise Linear Regression with Binomial Test in the Central 10 Degrees,0.6.0,2026-08-02,2026-08-02,True,current_dataset,A current cataloged data product without a more specific structural role.,mendeley_early_detection_glaucomatous_visual_field_progression,1,mendeley_early_detection_glaucomatous_visual_field_progression,,,,,https://data.mendeley.com/datasets/w34s5mhvpm,Current data products are counted once. Previous versions and unmodified alternate deposits are links only. Dataset-family counts collapse documented collection/component records and exact task views; derivatives and uncertain overlaps remain separate.
mendeley_effect_adlay_seed_extract_on_level,Effect of Adlay Seed Extract on the Level of Neuroprotection Gene Expression in Human Nasal Orbital Mesenchymal Stem Cells ,0.6.0,2026-08-02,2026-08-02,True,current_dataset,A current cataloged data product without a more specific structural role.,mendeley_effect_adlay_seed_extract_on_level,1,mendeley_effect_adlay_seed_extract_on_level,,,,,https://data.mendeley.com/datasets/x7rcj9yz65,Current data products are counted once. Previous versions and unmodified alternate deposits are links only. Dataset-family counts collapse documented collection/component records and exact task views; derivatives and uncertain overlaps remain separate.
mendeley_effect_central_hole_location_phakic_intraocular,Data for: Effect of Central Hole Location of Phakic Intraocular Lens on Visual Function under Progressive Headlight Glare Sources.,0.6.0,2026-08-02,2026-08-02,True,current_dataset,A current cataloged data product without a more specific structural role.,mendeley_effect_central_hole_location_phakic_intraocular,1,mendeley_effect_central_hole_location_phakic_intraocular,,,,,https://data.mendeley.com/datasets/jjknx3wbkf,Current data products are counted once. Previous versions and unmodified alternate deposits are links only. Dataset-family counts collapse documented collection/component records and exact task views; derivatives and uncertain overlaps remain separate.
mendeley_effect_one_hour_smartphone_gaming_on,"The effect of one hour smartphone gaming on blinking, ocular symptoms and tear film function in school-aged children ",0.6.0,2026-08-02,2026-08-02,True,current_dataset,A current cataloged data product without a more specific structural role.,mendeley_effect_one_hour_smartphone_gaming_on,1,mendeley_effect_one_hour_smartphone_gaming_on,,,,,https://data.mendeley.com/datasets/zn64p6r992,Current data products are counted once. Previous versions and unmodified alternate deposits are links only. Dataset-family counts collapse documented collection/component records and exact task views; derivatives and uncertain overlaps remain separate.
mendeley_effect_prednisone_plus_either_adalimumab_or,Effect of prednisone plus either adalimumab or cyclosporine on dermatological symptoms in Vogt-Koyanagi-Harada disease: systemic outcomes from a randomized trial,0.6.0,2026-08-02,2026-08-02,True,current_dataset,A current cataloged data product without a more specific structural role.,mendeley_effect_prednisone_plus_either_adalimumab_or,1,mendeley_effect_prednisone_plus_either_adalimumab_or,,,,,https://data.mendeley.com/datasets/yzv3mrvwf4,Current data products are counted once. Previous versions and unmodified alternate deposits are links only. Dataset-family counts collapse documented collection/component records and exact task views; derivatives and uncertain overlaps remain separate.
mendeley_effects_implantable_collamer_lens_icl_implantation,The effects of implantable collamer lens ICL implantation in high myopia patients’ mental health,0.6.0,2026-08-02,2026-08-02,True,current_dataset,A current cataloged data product without a more specific structural role.,mendeley_effects_implantable_collamer_lens_icl_implantation,1,mendeley_effects_implantable_collamer_lens_icl_implantation,,,,,https://data.mendeley.com/datasets/t6pmbvkvtd,Current data products are counted once. Previous versions and unmodified alternate deposits are links only. Dataset-family counts collapse documented collection/component records and exact task views; derivatives and uncertain overlaps remain separate.
mendeley_efficacy_combined_orthokeratology_0_01_atropine,Dataset for: Efficacy of combined orthokeratology and 0.01% atropine solution for slowing axial elongation in children with myopia: a 2-year randomised trial,0.6.0,2026-08-02,2026-08-02,True,current_dataset,A current cataloged data product without a more specific structural role.,mendeley_efficacy_combined_orthokeratology_0_01_atropine,1,mendeley_efficacy_combined_orthokeratology_0_01_atropine,,,,,https://data.mendeley.com/datasets/y58rh8bfkv,Current data products are counted once. Previous versions and unmodified alternate deposits are links only. Dataset-family counts collapse documented collection/component records and exact task views; derivatives and uncertain overlaps remain separate.
mendeley_electrooculography_eog_blink_analysis_ocular_fatigue,Electrooculography (EOG) Dataset for Blink Analysis and Ocular Fatigue Detection,0.6.0,2026-08-02,2026-08-02,True,current_dataset,A current cataloged data product without a more specific structural role.,mendeley_electrooculography_eog_blink_analysis_ocular_fatigue,1,mendeley_electrooculography_eog_blink_analysis_ocular_fatigue,,,,,https://data.mendeley.com/datasets/w7hm97cts5,Current data products are counted once. Previous versions and unmodified alternate deposits are links only. Dataset-family counts collapse documented collection/component records and exact task views; derivatives and uncertain overlaps remain separate.
mendeley_et_pd_vis_eye_tracking_visualization,ET_PD_VIS: Eye Tracking Visualization Dataset on Trail Making Test for Parkinson’s Disease Analysis ,0.6.0,2026-08-02,2026-08-02,True,current_dataset,A current cataloged data product without a more specific structural role.,mendeley_et_pd_vis_eye_tracking_visualization,1,mendeley_et_pd_vis_eye_tracking_visualization,,,,,https://data.mendeley.com/datasets/83htprx9y6,Current data products are counted once. Previous versions and unmodified alternate deposits are links only. Dataset-family counts collapse documented collection/component records and exact task views; derivatives and uncertain overlaps remain separate.
mendeley_evaluation_dry_eye_severity_ocular_surface,Evaluation of dry eye severity and ocular surface inflammation in patients with pemphigus and pemphigoid,0.6.0,2026-08-02,2026-08-02,True,current_dataset,A current cataloged data product without a more specific structural role.,mendeley_evaluation_dry_eye_severity_ocular_surface,1,mendeley_evaluation_dry_eye_severity_ocular_surface,,,,,https://data.mendeley.com/datasets/zzgw9t9jsy,Current data products are counted once. Previous versions and unmodified alternate deposits are links only. Dataset-family counts collapse documented collection/component records and exact task views; derivatives and uncertain overlaps remain separate.
mendeley_evaluation_refractive_visual_outcomes_as_well,"Evaluation of refractive and visual outcomes, as well as astigmatism-correcting efficiency and rotational stability of a double-loop haptic toric intraocular lens - a one-year follow-up",0.6.0,2026-08-02,2026-08-02,True,current_dataset,A current cataloged data product without a more specific structural role.,mendeley_evaluation_refractive_visual_outcomes_as_well,1,mendeley_evaluation_refractive_visual_outcomes_as_well,,,,,https://data.mendeley.com/datasets/r2v99nw7vg,Current data products are counted once. Previous versions and unmodified alternate deposits are links only. Dataset-family counts collapse documented collection/component records and exact task views; derivatives and uncertain overlaps remain separate.
mendeley_exome_sequencing_clec3b,Exome sequencing data for CLEC3B,0.6.0,2026-08-02,2026-08-02,True,current_dataset,A current cataloged data product without a more specific structural role.,mendeley_exome_sequencing_clec3b,1,mendeley_exome_sequencing_clec3b,,,,,https://data.mendeley.com/datasets/xcw5x5z49r,Current data products are counted once. Previous versions and unmodified alternate deposits are links only. Dataset-family counts collapse documented collection/component records and exact task views; derivatives and uncertain overlaps remain separate.
mendeley_fferg_reference_healthy_controls_university_eye,ffERG Reference Data from Healthy Controls (University Eye Hospital Tuebingen),0.6.0,2026-08-02,2026-08-02,True,current_dataset,A current cataloged data product without a more specific structural role.,mendeley_fferg_reference_healthy_controls_university_eye,1,mendeley_fferg_reference_healthy_controls_university_eye,,,,,https://data.mendeley.com/datasets/37wxt2ybvj,Current data products are counted once. Previous versions and unmodified alternate deposits are links only. Dataset-family counts collapse documented collection/component records and exact task views; derivatives and uncertain overlaps remain separate.
mendeley_foveal_cone_photoreceptor_outer_segment_length,Foveal cone photoreceptor outer segment length and cone density,0.6.0,2026-08-02,2026-08-02,True,current_dataset,A current cataloged data product without a more specific structural role.,mendeley_foveal_cone_photoreceptor_outer_segment_length,1,mendeley_foveal_cone_photoreceptor_outer_segment_length,,,,,https://data.mendeley.com/datasets/89rykrg8j2,Current data products are counted once. Previous versions and unmodified alternate deposits are links only. Dataset-family counts collapse documented collection/component records and exact task views; derivatives and uncertain overlaps remain separate.
mendeley_fundus_autofluorescence_premature_infants,Fundus Autofluorescence in Premature Infants,0.6.0,2026-08-02,2026-08-02,True,current_dataset,A current cataloged data product without a more specific structural role.,mendeley_fundus_autofluorescence_premature_infants,1,mendeley_fundus_autofluorescence_premature_infants,,,,,https://data.mendeley.com/datasets/k5jsssjtmz,Current data products are counted once. Previous versions and unmodified alternate deposits are links only. Dataset-family counts collapse documented collection/component records and exact task views; derivatives and uncertain overlaps remain separate.
mendeley_fundus_mctn,Fundus dataset of MCTN,0.6.0,2026-08-02,2026-08-02,True,current_dataset,A current cataloged data product without a more specific structural role.,mendeley_fundus_mctn,1,mendeley_fundus_mctn,,,,,https://data.mendeley.com/datasets/spz4b8tbzt,Current data products are counted once. Previous versions and unmodified alternate deposits are links only. Dataset-family counts collapse documented collection/component records and exact task views; derivatives and uncertain overlaps remain separate.
mendeley_hpsc_derived_photoreceptor_axon_extension_growth,hPSC-derived Photoreceptor Axon Extension and Growth Cone Motility Data Sets and Code,0.6.0,2026-08-02,2026-08-02,True,current_dataset,A current cataloged data product without a more specific structural role.,mendeley_hpsc_derived_photoreceptor_axon_extension_growth,1,mendeley_hpsc_derived_photoreceptor_axon_extension_growth,,,,,https://data.mendeley.com/datasets/cpy5j23354,Current data products are counted once. Previous versions and unmodified alternate deposits are links only. Dataset-family counts collapse documented collection/component records and exact task views; derivatives and uncertain overlaps remain separate.
mendeley_human_foveal_cone_topography_preferred_retinal,Human foveal cone topography and preferred retinal locus of fixation,0.6.0,2026-08-02,2026-08-02,True,current_dataset,A current cataloged data product without a more specific structural role.,mendeley_human_foveal_cone_topography_preferred_retinal,1,mendeley_human_foveal_cone_topography_preferred_retinal,,,,,https://data.mendeley.com/datasets/9gkpxsmz23,Current data products are counted once. Previous versions and unmodified alternate deposits are links only. Dataset-family counts collapse documented collection/component records and exact task views; derivatives and uncertain overlaps remain separate.
mendeley_human_mesenchymal_stem_cells_derived_adipose,Human mesenchymal stem cells derived from adipose tissue showed greater effect than from umbilical cord in promoting corneal graft survival through suppressing lymphangiogenesis,0.6.0,2026-08-02,2026-08-02,True,current_dataset,A current cataloged data product without a more specific structural role.,mendeley_human_mesenchymal_stem_cells_derived_adipose,1,mendeley_human_mesenchymal_stem_cells_derived_adipose,,,,,https://data.mendeley.com/datasets/bm45p4tcbz,Current data products are counted once. Previous versions and unmodified alternate deposits are links only. Dataset-family counts collapse documented collection/component records and exact task views; derivatives and uncertain overlaps remain separate.
mendeley_hvdropdb_datasets_classification_segmentation_research_retinopathy,"HVDROPDB Datasets for Classification and Segmentation for Research in Retinopathy of Prematurity, Ranjana Agrawal",0.6.0,2026-08-02,2026-08-02,True,current_dataset,A current cataloged data product without a more specific structural role.,mendeley_hvdropdb_datasets_classification_segmentation_research_retinopathy,1,mendeley_hvdropdb_datasets_classification_segmentation_research_retinopathy,,,,,https://data.mendeley.com/datasets/xw5xc7xrmp,Current data products are counted once. Previous versions and unmodified alternate deposits are links only. Dataset-family counts collapse documented collection/component records and exact task views; derivatives and uncertain overlaps remain separate.
mendeley_identification_human_retinal_stem_like_cells,Identification of Human Retinal Stem-Like Cells for Retina Regeneration,0.6.0,2026-08-02,2026-08-02,True,current_dataset,A current cataloged data product without a more specific structural role.,mendeley_identification_human_retinal_stem_like_cells,1,mendeley_identification_human_retinal_stem_like_cells,,,,,https://data.mendeley.com/datasets/s9wbscpsrs,Current data products are counted once. Previous versions and unmodified alternate deposits are links only. Dataset-family counts collapse documented collection/component records and exact task views; derivatives and uncertain overlaps remain separate.
mendeley_imaging_retinal_choroidal_vasculature_using_spatio,Imaging the retinal and choroidal vasculature using Spatio-Temporal Optical Coherence Tomography (STOC-T),0.6.0,2026-08-02,2026-08-02,True,current_dataset,A current cataloged data product without a more specific structural role.,mendeley_imaging_retinal_choroidal_vasculature_using_spatio,1,mendeley_imaging_retinal_choroidal_vasculature_using_spatio,,,,,https://data.mendeley.com/datasets/j39vyvp8ny,Current data products are counted once. Previous versions and unmodified alternate deposits are links only. Dataset-family counts collapse documented collection/component records and exact task views; derivatives and uncertain overlaps remain separate.
mendeley_improved_retinal_displacement_quantification_between_retinal,Improved Retinal Displacement Quantification Between Retinal Vessels and Corresponding Retinal Vessel Printings Across the 3D Spherical Surface of the Eye: Dataset of Measurements on Fundus Autofluorescence Imaging,0.6.0,2026-08-02,2026-08-02,True,current_dataset,A current cataloged data product without a more specific structural role.,mendeley_improved_retinal_displacement_quantification_between_retinal,1,mendeley_improved_retinal_displacement_quantification_between_retinal,,,,,https://data.mendeley.com/datasets/jxwkym2phr,Current data products are counted once. Previous versions and unmodified alternate deposits are links only. Dataset-family counts collapse documented collection/component records and exact task views; derivatives and uncertain overlaps remain separate.
mendeley_influence_angle_alpha_angle_kappa_optical,"The influence of angle alpha, angle kappa and optical aberra-tions on the visual outcomes after implantation of a high-addition trifocal IOL_2021",0.6.0,2026-08-02,2026-08-02,True,current_dataset,A current cataloged data product without a more specific structural role.,mendeley_influence_angle_alpha_angle_kappa_optical,1,mendeley_influence_angle_alpha_angle_kappa_optical,,,,,https://data.mendeley.com/datasets/w5ws4pzzxr,Current data products are counted once. Previous versions and unmodified alternate deposits are links only. Dataset-family counts collapse documented collection/component records and exact task views; derivatives and uncertain overlaps remain separate.
mendeley_interocular_retinal_nerve_fiber_layer_thickness,Interocular retinal nerve fiber layer thickness differences,0.6.0,2026-08-02,2026-08-02,True,current_dataset,A current cataloged data product without a more specific structural role.,mendeley_interocular_retinal_nerve_fiber_layer_thickness,1,mendeley_interocular_retinal_nerve_fiber_layer_thickness,,,,,https://data.mendeley.com/datasets/ss2nynfc8s,Current data products are counted once. Previous versions and unmodified alternate deposits are links only. Dataset-family counts collapse documented collection/component records and exact task views; derivatives and uncertain overlaps remain separate.
mendeley_iscev_standard_full_field_erg_reference,"ISCEV standard full-field ERG reference limits from 407 healthy subjects, derived from transference and validation of reference data between electrode types and centres",0.6.0,2026-08-02,2026-08-02,True,current_dataset,A current cataloged data product without a more specific structural role.,mendeley_iscev_standard_full_field_erg_reference,1,mendeley_iscev_standard_full_field_erg_reference,,,,,https://data.mendeley.com/datasets/kcptb9jrf5,Current data products are counted once. Previous versions and unmodified alternate deposits are links only. Dataset-family counts collapse documented collection/component records and exact task views; derivatives and uncertain overlaps remain separate.
mendeley_keratoconus_ukraine_children,Keratoconus Ukraine children ОХМАТДИТ ,0.6.0,2026-08-02,2026-08-02,True,current_dataset,A current cataloged data product without a more specific structural role.,mendeley_keratoconus_ukraine_children,1,mendeley_keratoconus_ukraine_children,,,,,https://data.mendeley.com/datasets/ydmxn3264h,Current data products are counted once. Previous versions and unmodified alternate deposits are links only. Dataset-family counts collapse documented collection/component records and exact task views; derivatives and uncertain overlaps remain separate.
mendeley_long_term_results_using_gelatin_microfistulae,Long-term results using gelatin microfistulae (XEN) implantation in glaucoma surgery.,0.6.0,2026-08-02,2026-08-02,True,current_dataset,A current cataloged data product without a more specific structural role.,mendeley_long_term_results_using_gelatin_microfistulae,1,mendeley_long_term_results_using_gelatin_microfistulae,,,,,https://data.mendeley.com/datasets/7xjcbsmzzc,Current data products are counted once. Previous versions and unmodified alternate deposits are links only. Dataset-family counts collapse documented collection/component records and exact task views; derivatives and uncertain overlaps remain separate.
mendeley_long_term_safety_efficacy_limited_vitrectomy,Data for: Long-Term Safety and Efficacy of Limited Vitrectomy for Vision Degrading Vitreopathy from Vitreous Floaters,0.6.0,2026-08-02,2026-08-02,True,current_dataset,A current cataloged data product without a more specific structural role.,mendeley_long_term_safety_efficacy_limited_vitrectomy,1,mendeley_long_term_safety_efficacy_limited_vitrectomy,,,,,https://data.mendeley.com/datasets/dnss5ttn73,Current data products are counted once. Previous versions and unmodified alternate deposits are links only. Dataset-family counts collapse documented collection/component records and exact task views; derivatives and uncertain overlaps remain separate.
mendeley_micro_go_study_transcriptional_profiling_orbital,MICRO-GO study: transcriptional profiling of orbital tissues in Graves’ orbitopathy & microbiome composition,0.6.0,2026-08-02,2026-08-02,True,current_dataset,A current cataloged data product without a more specific structural role.,mendeley_micro_go_study_transcriptional_profiling_orbital,1,mendeley_micro_go_study_transcriptional_profiling_orbital,,,,,https://data.mendeley.com/datasets/mrvmsrn9r6,Current data products are counted once. Previous versions and unmodified alternate deposits are links only. Dataset-family counts collapse documented collection/component records and exact task views; derivatives and uncertain overlaps remain separate.
mendeley_microvascular_changes_poag_after_npds,Microvascular changes in POAG after NPDS,0.6.0,2026-08-02,2026-08-02,True,current_dataset,A current cataloged data product without a more specific structural role.,mendeley_microvascular_changes_poag_after_npds,1,mendeley_microvascular_changes_poag_after_npds,,,,,https://data.mendeley.com/datasets/vc99wcmvk2,Current data products are counted once. Previous versions and unmodified alternate deposits are links only. Dataset-family counts collapse documented collection/component records and exact task views; derivatives and uncertain overlaps remain separate.
mendeley_multi_class_retinal_fundus_image_deep,A Multi-Class Retinal Fundus Image Dataset for Deep Learning-Based Ocular Disease Diagnosis,0.6.0,2026-08-02,2026-08-02,True,current_dataset,A current cataloged data product without a more specific structural role.,mendeley_multi_class_retinal_fundus_image_deep,1,mendeley_multi_class_retinal_fundus_image_deep,,,,,https://data.mendeley.com/datasets/z227d626vm,Current data products are counted once. Previous versions and unmodified alternate deposits are links only. Dataset-family counts collapse documented collection/component records and exact task views; derivatives and uncertain overlaps remain separate.
mendeley_myopia_metal_mixture_exposure,Dataset: Myopia and Metal Mixture Exposure,0.6.0,2026-08-02,2026-08-02,True,current_dataset,A current cataloged data product without a more specific structural role.,mendeley_myopia_metal_mixture_exposure,1,mendeley_myopia_metal_mixture_exposure,,,,,https://data.mendeley.com/datasets/jgh7dxdwyy,Current data products are counted once. Previous versions and unmodified alternate deposits are links only. Dataset-family counts collapse documented collection/component records and exact task views; derivatives and uncertain overlaps remain separate.
mendeley_nagyz_liberty_677my_vs_alcon_acrysof,NagyZ_Liberty 677MY vs. Alcon AcrySof,0.6.0,2026-08-02,2026-08-02,True,current_dataset,A current cataloged data product without a more specific structural role.,mendeley_nagyz_liberty_677my_vs_alcon_acrysof,1,mendeley_nagyz_liberty_677my_vs_alcon_acrysof,,,,,https://data.mendeley.com/datasets/zygxgyf4ns,Current data products are counted once. Previous versions and unmodified alternate deposits are links only. Dataset-family counts collapse documented collection/component records and exact task views; derivatives and uncertain overlaps remain separate.
mendeley_netarsudil_on_kdb_treated_eyes,Netarsudil on KDB-treated Eyes,0.6.0,2026-08-02,2026-08-02,True,current_dataset,A current cataloged data product without a more specific structural role.,mendeley_netarsudil_on_kdb_treated_eyes,1,mendeley_netarsudil_on_kdb_treated_eyes,,,,,https://data.mendeley.com/datasets/r6gw6fnvdm,Current data products are counted once. Previous versions and unmodified alternate deposits are links only. Dataset-family counts collapse documented collection/component records and exact task views; derivatives and uncertain overlaps remain separate.
mendeley_neurophysiologic_ophthalmic_markers_chemotherapy_related_cognitive,Data for: Neurophysiologic and ophthalmic markers of chemotherapy-related cognitive impairment in patients diagnosed with hematologic cancer,0.6.0,2026-08-02,2026-08-02,True,current_dataset,A current cataloged data product without a more specific structural role.,mendeley_neurophysiologic_ophthalmic_markers_chemotherapy_related_cognitive,1,mendeley_neurophysiologic_ophthalmic_markers_chemotherapy_related_cognitive,,,,,https://data.mendeley.com/datasets/npt7rp69gm,Current data products are counted once. Previous versions and unmodified alternate deposits are links only. Dataset-family counts collapse documented collection/component records and exact task views; derivatives and uncertain overlaps remain separate.
mendeley_nuclear_cataract_database_biomedical_machine_learning,Nuclear Cataract Database for Biomedical and Machine Learning Applications,0.6.0,2026-08-02,2026-08-02,True,current_dataset,A current cataloged data product without a more specific structural role.,mendeley_nuclear_cataract_database_biomedical_machine_learning,1,mendeley_nuclear_cataract_database_biomedical_machine_learning,,,,,https://data.mendeley.com/datasets/6wv33nbcvv,Current data products are counted once. Previous versions and unmodified alternate deposits are links only. Dataset-family counts collapse documented collection/component records and exact task views; derivatives and uncertain overlaps remain separate.
mendeley_ocular_biometry, OCULAR BIOMETRY DATA,0.6.0,2026-08-02,2026-08-02,True,current_dataset,A current cataloged data product without a more specific structural role.,mendeley_ocular_biometry,1,mendeley_ocular_biometry,,,,,https://data.mendeley.com/datasets/4twnn4546j,Current data products are counted once. Previous versions and unmodified alternate deposits are links only. Dataset-family counts collapse documented collection/component records and exact task views; derivatives and uncertain overlaps remain separate.
mendeley_ocular_sebaceous_neoplasms,Ocular sebaceous neoplasms,0.6.0,2026-08-02,2026-08-02,True,current_dataset,A current cataloged data product without a more specific structural role.,mendeley_ocular_sebaceous_neoplasms,1,mendeley_ocular_sebaceous_neoplasms,,,,,https://data.mendeley.com/datasets/xg9jcjn388,Current data products are counted once. Previous versions and unmodified alternate deposits are links only. Dataset-family counts collapse documented collection/component records and exact task views; derivatives and uncertain overlaps remain separate.
mendeley_ocular_surface_disorders_affect_quality_life,Ocular Surface Disorders Affect Quality of Life in Patients with Autoimmune Blistering Skin Diseases: A Cross-Sectional Study,0.6.0,2026-08-02,2026-08-02,True,current_dataset,A current cataloged data product without a more specific structural role.,mendeley_ocular_surface_disorders_affect_quality_life,1,mendeley_ocular_surface_disorders_affect_quality_life,,,,,https://data.mendeley.com/datasets/73r8vrxksx,Current data products are counted once. Previous versions and unmodified alternate deposits are links only. Dataset-family counts collapse documented collection/component records and exact task views; derivatives and uncertain overlaps remain separate.
mendeley_on_comparison_ocular_surface_disease_index,"Dataset on comparison of the ocular surface disease index questionnaire, the tear film break-up time and Schirmer tests for the evaluation of tear film in computer users and contact lenses without dry eye symptoms",0.6.0,2026-08-02,2026-08-02,True,current_dataset,A current cataloged data product without a more specific structural role.,mendeley_on_comparison_ocular_surface_disease_index,1,mendeley_on_comparison_ocular_surface_disease_index,,,,,https://data.mendeley.com/datasets/m7fzwvsm77,Current data products are counted once. Previous versions and unmodified alternate deposits are links only. Dataset-family counts collapse documented collection/component records and exact task views; derivatives and uncertain overlaps remain separate.
mendeley_ophthalmic_anthropometry_malawians,Ophthalmic Anthropometry of Malawians,0.6.0,2026-08-02,2026-08-02,True,current_dataset,A current cataloged data product without a more specific structural role.,mendeley_ophthalmic_anthropometry_malawians,1,mendeley_ophthalmic_anthropometry_malawians,,,,,https://data.mendeley.com/datasets/bctfh4m93c,Current data products are counted once. Previous versions and unmodified alternate deposits are links only. Dataset-family counts collapse documented collection/component records and exact task views; derivatives and uncertain overlaps remain separate.
mendeley_ophthalmic_stroke_biomarkers_south_asia,Ophthalmic Stroke Biomarkers in south Asia,0.6.0,2026-08-02,2026-08-02,True,current_dataset,A current cataloged data product without a more specific structural role.,mendeley_ophthalmic_stroke_biomarkers_south_asia,1,mendeley_ophthalmic_stroke_biomarkers_south_asia,,,,,https://data.mendeley.com/datasets/whpsmdc2gk,Current data products are counted once. Previous versions and unmodified alternate deposits are links only. Dataset-family counts collapse documented collection/component records and exact task views; derivatives and uncertain overlaps remain separate.
mendeley_optical_coherence_tomography_oct_images_proliferative,"Optical Coherence Tomography (OCT) Images of Proliferative Vitreoretinopathy, Uveitis, and Normal Eyes",0.6.0,2026-08-02,2026-08-02,True,current_dataset,A current cataloged data product without a more specific structural role.,mendeley_optical_coherence_tomography_oct_images_proliferative,1,mendeley_optical_coherence_tomography_oct_images_proliferative,,,,,https://data.mendeley.com/datasets/hbr5pwk5w5,Current data products are counted once. Previous versions and unmodified alternate deposits are links only. Dataset-family counts collapse documented collection/component records and exact task views; derivatives and uncertain overlaps remain separate.
mendeley_orbscan_iiz_anterior_maps,"Multimodal Orbscan IIz Dataset: 3,000 Axial Power Anterior Maps with OCR-Extracted Clinical Parameters from 3,000 Unique Patients",0.6.0,2026-08-02,2026-08-02,True,current_dataset,A current cataloged data product without a more specific structural role.,mendeley_orbscan_iiz_anterior_maps,1,mendeley_orbscan_iiz_anterior_maps,,,,,https://data.mendeley.com/datasets/78wt2nc387,Current data products are counted once. Previous versions and unmodified alternate deposits are links only. Dataset-family counts collapse documented collection/component records and exact task views; derivatives and uncertain overlaps remain separate.
mendeley_performance_corneal_vs_scleral_rigid_gas,Data for: Performance of corneal vs. scleral rigid gas permeable contact lenses for ectatic corneal disorders,0.6.0,2026-08-02,2026-08-02,True,current_dataset,A current cataloged data product without a more specific structural role.,mendeley_performance_corneal_vs_scleral_rigid_gas,1,mendeley_performance_corneal_vs_scleral_rigid_gas,,,,,https://data.mendeley.com/datasets/gmrbh4fvt2,Current data products are counted once. Previous versions and unmodified alternate deposits are links only. Dataset-family counts collapse documented collection/component records and exact task views; derivatives and uncertain overlaps remain separate.
mendeley_peripapillary_retinal_nerve_fiber_layer_thinning,Data for: Peripapillary Retinal Nerve Fiber Layer Thinning in Genetic Generalized Epilepsy,0.6.0,2026-08-02,2026-08-02,True,current_dataset,A current cataloged data product without a more specific structural role.,mendeley_peripapillary_retinal_nerve_fiber_layer_thinning,1,mendeley_peripapillary_retinal_nerve_fiber_layer_thinning,,,,,https://data.mendeley.com/datasets/wyys4gvk4n,Current data products are counted once. Previous versions and unmodified alternate deposits are links only. Dataset-family counts collapse documented collection/component records and exact task views; derivatives and uncertain overlaps remain separate.
mendeley_plasma_energy_metabolomics_patients_ocular_disease,plasma energy metabolomics in patients with ocular disease,0.6.0,2026-08-02,2026-08-02,True,current_dataset,A current cataloged data product without a more specific structural role.,mendeley_plasma_energy_metabolomics_patients_ocular_disease,1,mendeley_plasma_energy_metabolomics_patients_ocular_disease,,,,,https://data.mendeley.com/datasets/tybzw7zsng,Current data products are counted once. Previous versions and unmodified alternate deposits are links only. Dataset-family counts collapse documented collection/component records and exact task views; derivatives and uncertain overlaps remain separate.
mendeley_post_intravitreal_injection_ciprofloxacin_conjunctival_flora,Data for: Post-Intravitreal Injection Ciprofloxacin and Conjunctival Flora Resistance,0.6.0,2026-08-02,2026-08-02,True,current_dataset,A current cataloged data product without a more specific structural role.,mendeley_post_intravitreal_injection_ciprofloxacin_conjunctival_flora,1,mendeley_post_intravitreal_injection_ciprofloxacin_conjunctival_flora,,,,,https://data.mendeley.com/datasets/53nxz6xr5j,Current data products are counted once. Previous versions and unmodified alternate deposits are links only. Dataset-family counts collapse documented collection/component records and exact task views; derivatives and uncertain overlaps remain separate.
mendeley_postural_stargardt_s_syndrome_patients,Data for: Postural data from Stargardt's syndrome patients,0.6.0,2026-08-02,2026-08-02,True,current_dataset,A current cataloged data product without a more specific structural role.,mendeley_postural_stargardt_s_syndrome_patients,1,mendeley_postural_stargardt_s_syndrome_patients,,,,,https://data.mendeley.com/datasets/5rz9j8t6p4,Current data products are counted once. Previous versions and unmodified alternate deposits are links only. Dataset-family counts collapse documented collection/component records and exact task views; derivatives and uncertain overlaps remain separate.
mendeley_proteomic_analysis_human_autoimmune_retinopathy_air,Proteomic analysis of human autoimmune retinopathy (AIR) vitreous,0.6.0,2026-08-02,2026-08-02,True,current_dataset,A current cataloged data product without a more specific structural role.,mendeley_proteomic_analysis_human_autoimmune_retinopathy_air,1,mendeley_proteomic_analysis_human_autoimmune_retinopathy_air,,,,,https://data.mendeley.com/datasets/t7yrm5x3ws,Current data products are counted once. Previous versions and unmodified alternate deposits are links only. Dataset-family counts collapse documented collection/component records and exact task views; derivatives and uncertain overlaps remain separate.
mendeley_quantified_processed_microarray_22_individuals_without,Quantified processed microarray data for 22 individuals with and without proliferative retinopathy,0.6.0,2026-08-02,2026-08-02,True,current_dataset,A current cataloged data product without a more specific structural role.,mendeley_quantified_processed_microarray_22_individuals_without,1,mendeley_quantified_processed_microarray_22_individuals_without,,,,,https://data.mendeley.com/datasets/72b47vpgtz,Current data products are counted once. Previous versions and unmodified alternate deposits are links only. Dataset-family counts collapse documented collection/component records and exact task views; derivatives and uncertain overlaps remain separate.
mendeley_radial_peripapillary_capillary_density_as_predictive,Radial peripapillary capillary density as a predictive factor for glaucoma in eyes with ocular hypertension,0.6.0,2026-08-02,2026-08-02,True,current_dataset,A current cataloged data product without a more specific structural role.,mendeley_radial_peripapillary_capillary_density_as_predictive,1,mendeley_radial_peripapillary_capillary_density_as_predictive,,,,,https://data.mendeley.com/datasets/h9tntd4gkf,Current data products are counted once. Previous versions and unmodified alternate deposits are links only. Dataset-family counts collapse documented collection/component records and exact task views; derivatives and uncertain overlaps remain separate.
mendeley_raw_manuscript_light_responsive_microrna_molecules,RAW DATA to manuscript: Light-Responsive MicroRNA Molecules in Human Retinal Organoids are Differentially Regulated by Distinct Wavelengths of Light,0.6.0,2026-08-02,2026-08-02,True,current_dataset,A current cataloged data product without a more specific structural role.,mendeley_raw_manuscript_light_responsive_microrna_molecules,1,mendeley_raw_manuscript_light_responsive_microrna_molecules,,,,,https://data.mendeley.com/datasets/8ksg9fssd9,Current data products are counted once. Previous versions and unmodified alternate deposits are links only. Dataset-family counts collapse documented collection/component records and exact task views; derivatives and uncertain overlaps remain separate.
mendeley_red_lesion_localization_messidor_retinal_images,Red lesion localization for MESSIDOR retinal images dataset using patch-based convolutional neural networks.,0.6.0,2026-08-02,2026-08-02,True,current_dataset,A current cataloged data product without a more specific structural role.,mendeley_red_lesion_localization_messidor_retinal_images,1,mendeley_red_lesion_localization_messidor_retinal_images,,,,,https://data.mendeley.com/datasets/3r5m3nfdkv,Current data products are counted once. Previous versions and unmodified alternate deposits are links only. Dataset-family counts collapse documented collection/component records and exact task views; derivatives and uncertain overlaps remain separate.
mendeley_refractive_error_visual_impairment_among_school,"Refractive error and Visual Impairment data among school children in Blantyre, Southern Malawi",0.6.0,2026-08-02,2026-08-02,True,current_dataset,A current cataloged data product without a more specific structural role.,mendeley_refractive_error_visual_impairment_among_school,1,mendeley_refractive_error_visual_impairment_among_school,,,,,https://data.mendeley.com/datasets/crgbf93fnw,Current data products are counted once. Previous versions and unmodified alternate deposits are links only. Dataset-family counts collapse documented collection/component records and exact task views; derivatives and uncertain overlaps remain separate.
mendeley_retina_identification_database_ridb,Retina Identification Database (RIDB),0.6.0,2026-08-02,2026-08-02,True,current_dataset,A current cataloged data product without a more specific structural role.,mendeley_retina_identification_database_ridb,1,mendeley_retina_identification_database_ridb,,,,,https://data.mendeley.com/datasets/tjw3zwntv6,Current data products are counted once. Previous versions and unmodified alternate deposits are links only. Dataset-family counts collapse documented collection/component records and exact task views; derivatives and uncertain overlaps remain separate.
mendeley_retinal_blood_vessel_segmentation_rop,Retinal blood vessel segmentation(ROP),0.6.0,2026-08-02,2026-08-02,True,current_dataset,A current cataloged data product without a more specific structural role.,mendeley_retinal_blood_vessel_segmentation_rop,1,mendeley_retinal_blood_vessel_segmentation_rop,,,,,https://data.mendeley.com/datasets/prcy36j53v,Current data products are counted once. Previous versions and unmodified alternate deposits are links only. Dataset-family counts collapse documented collection/component records and exact task views; derivatives and uncertain overlaps remain separate.
mendeley_rop_retinopathy_prematurity_infants_serum_metabolomic,ROP (retinopathy of prematurity) infants' serum metabolomic data,0.6.0,2026-08-02,2026-08-02,True,current_dataset,A current cataloged data product without a more specific structural role.,mendeley_rop_retinopathy_prematurity_infants_serum_metabolomic,1,mendeley_rop_retinopathy_prematurity_infants_serum_metabolomic,,,,,https://data.mendeley.com/datasets/7r7xt6pf6x,Current data products are counted once. Previous versions and unmodified alternate deposits are links only. Dataset-family counts collapse documented collection/component records and exact task views; derivatives and uncertain overlaps remain separate.
mendeley_sars_cov_2_infection_ocular_cells,"SARS-CoV-2 infection of ocular cells from human adult donor eyes and hESC-derived ocular lineages, Eriksen et al",0.6.0,2026-08-02,2026-08-02,True,current_dataset,A current cataloged data product without a more specific structural role.,mendeley_sars_cov_2_infection_ocular_cells,1,mendeley_sars_cov_2_infection_ocular_cells,,,,,https://data.mendeley.com/datasets/jgw2mcgb67,Current data products are counted once. Previous versions and unmodified alternate deposits are links only. Dataset-family counts collapse documented collection/component records and exact task views; derivatives and uncertain overlaps remain separate.
mendeley_selective_laser_trabeculoplasty_patients_angle_recession,Data for: Selective Laser Trabeculoplasty in patients with angle recession glaucoma: a case series.,0.6.0,2026-08-02,2026-08-02,True,current_dataset,A current cataloged data product without a more specific structural role.,mendeley_selective_laser_trabeculoplasty_patients_angle_recession,1,mendeley_selective_laser_trabeculoplasty_patients_angle_recession,,,,,https://data.mendeley.com/datasets/rvw8k4k8g7,Current data products are counted once. Previous versions and unmodified alternate deposits are links only. Dataset-family counts collapse documented collection/component records and exact task views; derivatives and uncertain overlaps remain separate.
mendeley_serum_proteomic_profiles_keratoconus_post_laser,"Serum proteomic profiles in keratoconus, post-laser vision correction ectasia, and pellucid marginal degeneration",0.6.0,2026-08-02,2026-08-02,True,current_dataset,A current cataloged data product without a more specific structural role.,mendeley_serum_proteomic_profiles_keratoconus_post_laser,1,mendeley_serum_proteomic_profiles_keratoconus_post_laser,,,,,https://data.mendeley.com/datasets/yzsktrxh6y,Current data products are counted once. Previous versions and unmodified alternate deposits are links only. Dataset-family counts collapse documented collection/component records and exact task views; derivatives and uncertain overlaps remain separate.
mendeley_set_relationship_between_plasma_amino_acid,data set of Relationship between plasma amino acid and carnitine levels and primary angle closure glaucoma based on mass spectrometry metabolomics,0.6.0,2026-08-02,2026-08-02,True,current_dataset,A current cataloged data product without a more specific structural role.,mendeley_set_relationship_between_plasma_amino_acid,1,mendeley_set_relationship_between_plasma_amino_acid,,,,,https://data.mendeley.com/datasets/fn9986thfh,Current data products are counted once. Previous versions and unmodified alternate deposits are links only. Dataset-family counts collapse documented collection/component records and exact task views; derivatives and uncertain overlaps remain separate.
mendeley_spatio_temporal_optical_coherence_tomography_provides,Spatio-Temporal Optical Coherence Tomography provides full thickness imaging of the chorioretinal complex,0.6.0,2026-08-02,2026-08-02,True,current_dataset,A current cataloged data product without a more specific structural role.,mendeley_spatio_temporal_optical_coherence_tomography_provides,1,mendeley_spatio_temporal_optical_coherence_tomography_provides,,,,,https://data.mendeley.com/datasets/9pzm3mbp7w,Current data products are counted once. Previous versions and unmodified alternate deposits are links only. Dataset-family counts collapse documented collection/component records and exact task views; derivatives and uncertain overlaps remain separate.
mendeley_sub_cone_visual_resolution_by_active,"Data from: Sub-cone visual resolution by active, adaptive sampling in the human foveola",0.6.0,2026-08-02,2026-08-02,True,current_dataset,A current cataloged data product without a more specific structural role.,mendeley_sub_cone_visual_resolution_by_active,1,mendeley_sub_cone_visual_resolution_by_active,,,,,https://data.mendeley.com/datasets/zp6d5w8kdv,Current data products are counted once. Previous versions and unmodified alternate deposits are links only. Dataset-family counts collapse documented collection/component records and exact task views; derivatives and uncertain overlaps remain separate.
mendeley_superficial_conjunctival_cells_dupilumab_treated_atopic,Superficial Conjunctival Cells from Dupilumab-treated Atopic Dermatitis Patients with Ocular Adverse Events Display a Transcriptomic Psoriasis Signature,0.6.0,2026-08-02,2026-08-02,True,current_dataset,A current cataloged data product without a more specific structural role.,mendeley_superficial_conjunctival_cells_dupilumab_treated_atopic,1,mendeley_superficial_conjunctival_cells_dupilumab_treated_atopic,,,,,https://data.mendeley.com/datasets/222mnygnjz,Current data products are counted once. Previous versions and unmodified alternate deposits are links only. Dataset-family counts collapse documented collection/component records and exact task views; derivatives and uncertain overlaps remain separate.
mendeley_test_results_article_motion_perception_glaucoma,"Test results - Article ""Motion perception and glaucoma""",0.6.0,2026-08-02,2026-08-02,True,current_dataset,A current cataloged data product without a more specific structural role.,mendeley_test_results_article_motion_perception_glaucoma,1,mendeley_test_results_article_motion_perception_glaucoma,,,,,https://data.mendeley.com/datasets/zhz8kjsykf,Current data products are counted once. Previous versions and unmodified alternate deposits are links only. Dataset-family counts collapse documented collection/component records and exact task views; derivatives and uncertain overlaps remain separate.
mendeley_towards_ocular_biomarkers_sarcopenia_result_korean,Towards ocular biomarkers for sarcopenia: a result from a Korean nationwide cross-sectional study,0.6.0,2026-08-02,2026-08-02,True,current_dataset,A current cataloged data product without a more specific structural role.,mendeley_towards_ocular_biomarkers_sarcopenia_result_korean,1,mendeley_towards_ocular_biomarkers_sarcopenia_result_korean,,,,,https://data.mendeley.com/datasets/h547645876,Current data products are counted once. Previous versions and unmodified alternate deposits are links only. Dataset-family counts collapse documented collection/component records and exact task views; derivatives and uncertain overlaps remain separate.
mendeley_trabecular_microbypass_stent_implantation_pseudophakic_eyes,Data for: Trabecular microbypass stent implantation in pseudophakic eyes with open-angle glaucoma: long-term results,0.6.0,2026-08-02,2026-08-02,True,current_dataset,A current cataloged data product without a more specific structural role.,mendeley_trabecular_microbypass_stent_implantation_pseudophakic_eyes,1,mendeley_trabecular_microbypass_stent_implantation_pseudophakic_eyes,,,,,https://data.mendeley.com/datasets/zsxt8wk4sh,Current data products are counted once. Previous versions and unmodified alternate deposits are links only. Dataset-family counts collapse documented collection/component records and exact task views; derivatives and uncertain overlaps remain separate.
mendeley_two_photon_excited_fluorescence_scanning_laser,Two-photon excited fluorescence scanning laser ophthalmoscopy images and software for data processing,0.6.0,2026-08-02,2026-08-02,True,current_dataset,A current cataloged data product without a more specific structural role.,mendeley_two_photon_excited_fluorescence_scanning_laser,1,mendeley_two_photon_excited_fluorescence_scanning_laser,,,,,https://data.mendeley.com/datasets/nhpnt78ssy,Current data products are counted once. Previous versions and unmodified alternate deposits are links only. Dataset-family counts collapse documented collection/component records and exact task views; derivatives and uncertain overlaps remain separate.
mendeley_utilizing_responsive_web_portal_studying_disc,Data for: Utilizing A Responsive Web Portal For Studying Disc Tracing Agreement in Retinal Images,0.6.0,2026-08-02,2026-08-02,True,annotation_layer,"A data product whose principal addition is labels, masks, reports, questions, reasoning records, or other annotations for existing data.",mendeley_utilizing_responsive_web_portal_studying_disc,1,mendeley_utilizing_responsive_web_portal_studying_disc,derived_from,drishti_gs,,https://data.mendeley.com/datasets/7xv5rzxgrh,https://data.mendeley.com/datasets/7xv5rzxgrh,Current data products are counted once. Previous versions and unmodified alternate deposits are links only. Dataset-family counts collapse documented collection/component records and exact task views; derivatives and uncertain overlaps remain separate.
mendeley_vivo_analysis_comparison_anterior_segment_structures,In Vivo Analysis and Comparison of Anterior Segment Structures of Both Eyes in Unilateral Herpetic Anterior Uveitis,0.6.0,2026-08-02,2026-08-02,True,current_dataset,A current cataloged data product without a more specific structural role.,mendeley_vivo_analysis_comparison_anterior_segment_structures,1,mendeley_vivo_analysis_comparison_anterior_segment_structures,,,,,https://data.mendeley.com/datasets/hmz2cz3jcg,Current data products are counted once. Previous versions and unmodified alternate deposits are links only. Dataset-family counts collapse documented collection/component records and exact task views; derivatives and uncertain overlaps remain separate.
mendeley_vivo_cone_photoreceptor_topography_human_foveola,In-vivo cone photoreceptor topography of the human foveola,0.6.0,2026-08-02,2026-08-02,True,current_dataset,A current cataloged data product without a more specific structural role.,mendeley_vivo_cone_photoreceptor_topography_human_foveola,1,mendeley_vivo_cone_photoreceptor_topography_human_foveola,,,,,https://data.mendeley.com/datasets/m5nkpb8phv,Current data products are counted once. Previous versions and unmodified alternate deposits are links only. Dataset-family counts collapse documented collection/component records and exact task views; derivatives and uncertain overlaps remain separate.
messidor2,MESSIDOR-2,0.6.0,2026-08-02,2026-08-02,True,current_dataset,A current cataloged data product without a more specific structural role.,messidor2,1,messidor2,,,multieye,https://arxiv.org/abs/2412.09402,https://www.adcis.net/en/third-party/messidor2/,Current data products are counted once. Previous versions and unmodified alternate deposits are links only. Dataset-family counts collapse documented collection/component records and exact task views; derivatives and uncertain overlaps remain separate.
mfiddr,MFIDDR: Multi-Field Imaging Dataset for Diabetic Retinopathy,0.6.0,2026-08-02,2026-08-02,True,current_dataset,A current cataloged data product without a more specific structural role.,mfiddr,1,mfiddr,,,,,https://github.com/mfiddr/MFIDDR,Current data products are counted once. Previous versions and unmodified alternate deposits are links only. Dataset-family counts collapse documented collection/component records and exact task views; derivatives and uncertain overlaps remain separate.
mgd1k,MGD-1k Meibomian Gland Dataset,0.6.0,2026-08-02,2026-08-02,True,current_dataset,A current cataloged data product without a more specific structural role.,mgd1k,1,mgd1k,,,,,https://mgd1k.github.io/index.html,Current data products are counted once. Previous versions and unmodified alternate deposits are links only. Dataset-family counts collapse documented collection/component records and exact task views; derivatives and uncertain overlaps remain separate.
migs_video,Multicenter Fine-Annotated MIGS Surgical Video Dataset,0.6.0,2026-08-02,2026-08-02,True,current_dataset,A current cataloged data product without a more specific structural role.,migs_video,1,migs_video,,,,,https://zenodo.org/records/19438128,Current data products are counted once. Previous versions and unmodified alternate deposits are links only. Dataset-family counts collapse documented collection/component records and exact task views; derivatives and uncertain overlaps remain separate.
mm_retinal_reason,MM-Retinal-Reason: Ophthalmology Multimodal Reasoning Dataset,0.6.0,2026-08-02,2026-08-02,True,annotation_layer,"A data product whose principal addition is labels, masks, reports, questions, reasoning records, or other annotations for existing data.",mm_retinal_reason,1,mm_retinal_reason,derived_from,acrima|aptos2019|chaksu|ddr|deepdrid|drishti_gs|duke_chiu_boe|e_ophtha|eyepacs|fives|g1020|gamma|goals|hassan_composite_retina|hrf|idrid|jichi|kermany_oct|lag|oct_c8|octa_500|octdl|octid|oimhs|palm|papila|paraguay_dr|refuge2|rfmid|roc|stage_task1|stage_task2|stare|sustech_sysu,,https://huggingface.co/datasets/lxirich/MM-Retinal-Reason/tree/d6243baa82c0914dba3c6f43ca79fdbf856982ef,https://huggingface.co/datasets/lxirich/MM-Retinal-Reason,Current data products are counted once. Previous versions and unmodified alternate deposits are links only. Dataset-family counts collapse documented collection/component records and exact task views; derivatives and uncertain overlaps remain separate.
mmrdr,MMRDR: Multi-Modal Retinal Diabetic Retinopathy Dataset,0.6.0,2026-08-02,2026-08-02,True,derivative_dataset,"A distinct data product that reuses one or more cataloged resources and adds processing, representations, synthesis, aggregation, or benchmark structure.",mmrdr,1,mmrdr,derived_from,ddr,,https://doi.org/10.1038/s41597-026-07005-9,https://doi.org/10.6084/m9.figshare.29423747,Current data products are counted once. Previous versions and unmodified alternate deposits are links only. Dataset-family counts collapse documented collection/component records and exact task views; derivatives and uncertain overlaps remain separate.
mpii_gaze,MPIIGaze Appearance-Based Gaze Estimation Dataset,0.6.0,2026-08-02,2026-08-02,True,current_dataset,A current cataloged data product without a more specific structural role.,mpii_gaze,1,mpii_gaze,,,,,https://www.mpi-inf.mpg.de/de/departments/computer-vision-and-machine-learning/research/gaze-based-human-computer-interaction/appearance-based-gaze-estimation-in-the-wild,Current data products are counted once. Previous versions and unmodified alternate deposits are links only. Dataset-family counts collapse documented collection/component records and exact task views; derivatives and uncertain overlaps remain separate.
mpxv_ocular_manifestations_south_kivu,MPXV Ocular Manifestations South Kivu Dataset,0.6.0,2026-08-02,2026-08-02,True,current_dataset,A current cataloged data product without a more specific structural role.,mpxv_ocular_manifestations_south_kivu,1,mpxv_ocular_manifestations_south_kivu,,,,,https://doi.org/10.1371/journal.pgph.0005971.s001,Current data products are counted once. Previous versions and unmodified alternate deposits are links only. Dataset-family counts collapse documented collection/component records and exact task views; derivatives and uncertain overlaps remain separate.
mshf,Multi-Source Heterogeneous Fundus Dataset for Image Quality Assessment,0.6.0,2026-08-02,2026-08-02,True,current_dataset,A current cataloged data product without a more specific structural role.,mshf,1,mshf,,,,,https://doi.org/10.6084/m9.figshare.21507564,Current data products are counted once. Previous versions and unmodified alternate deposits are links only. Dataset-family counts collapse documented collection/component records and exact task views; derivatives and uncertain overlaps remain separate.
msila_fundus_dr,M'Sila Retinal Fundus Dataset for Diabetic Retinopathy Classification,0.6.0,2026-08-02,2026-08-02,True,current_dataset,A current cataloged data product without a more specific structural role.,msila_fundus_dr,1,msila_fundus_dr,,,,,https://zenodo.org/records/19169587,Current data products are counted once. Previous versions and unmodified alternate deposits are links only. Dataset-family counts collapse documented collection/component records and exact task views; derivatives and uncertain overlaps remain separate.
multieye,MultiEYE: OCT-Enhanced Fundus Multi-Disease Benchmark,0.6.0,2026-08-02,2026-08-02,True,derivative_dataset,"A distinct data product that reuses one or more cataloged resources and adds processing, representations, synthesis, aggregation, or benchmark structure.",multieye,1,multieye,derived_from,ddr|eyepacs|fives|goals|hassan_composite_retina|kermany_oct|messidor2|octid|odir2019|rfmid|rfmid2|stare|vietai_retinal_disease,,https://arxiv.org/abs/2412.09402,https://huggingface.co/datasets/Luxuriant16/MultiEYE,Current data products are counted once. Previous versions and unmodified alternate deposits are links only. Dataset-family counts collapse documented collection/component records and exact task views; derivatives and uncertain overlaps remain separate.
mured,MuReD: Multi-label Retinal Diseases Dataset,0.6.0,2026-08-02,2026-08-02,True,derivative_dataset,"A distinct data product that reuses one or more cataloged resources and adds processing, representations, synthesis, aggregation, or benchmark structure.",mured,1,mured,derived_from,rfmid|stare,x_pcr,https://doi.org/10.17632/pc4mb3h8hz.1|https://huggingface.co/datasets/Fantasy666/X-PCR/tree/06a318fd852230326386e3c6514d8a11b7a6b4af,https://data.mendeley.com/datasets/pc4mb3h8hz/1,Current data products are counted once. Previous versions and unmodified alternate deposits are links only. Dataset-family counts collapse documented collection/component records and exact task views; derivatives and uncertain overlaps remain separate.
myopic_regression_fundus,Myopic Regression after Corneal Refractive Surgery Fundus Sample,0.6.0,2026-08-02,2026-08-02,True,current_dataset,A current cataloged data product without a more specific structural role.,myopic_regression_fundus,1,myopic_regression_fundus,,,,,https://data.mendeley.com/datasets/k34rvfw3dg/2,Current data products are counted once. Previous versions and unmodified alternate deposits are links only. Dataset-family counts collapse documented collection/component records and exact task views; derivatives and uncertain overlaps remain separate.
natural_scene_eye_tracking_collection,Natural-Scene Tobii Eye-Tracking Collection,0.6.0,2026-08-02,2026-08-02,True,current_dataset,A current cataloged data product without a more specific structural role.,natural_scene_eye_tracking_collection,1,natural_scene_eye_tracking_collection,,,,,https://doi.org/10.6084/m9.figshare.30520733.v1,Current data products are counted once. Previous versions and unmodified alternate deposits are links only. Dataset-family counts collapse documented collection/component records and exact task views; derivatives and uncertain overlaps remain separate.
nd_iris_0405,ND-IRIS-0405 Iris Image Dataset,0.6.0,2026-08-02,2026-08-02,True,current_dataset,A current cataloged data product without a more specific structural role.,nd_iris_0405,1,nd_iris_0405,,,,,https://tsapps.nist.gov/BDbC/Search/Details/371,Current data products are counted once. Previous versions and unmodified alternate deposits are links only. Dataset-family counts collapse documented collection/component records and exact task views; derivatives and uncertain overlaps remain separate.
nehut,NEH-UT Retinal OCT Dataset,0.6.0,2026-08-02,2026-08-02,True,current_dataset,A current cataloged data product without a more specific structural role.,nehut,1,nehut,,,,,https://data.mendeley.com/datasets/8kt969dhx6/2,Current data products are counted once. Previous versions and unmodified alternate deposits are links only. Dataset-family counts collapse documented collection/component records and exact task views; derivatives and uncertain overlaps remain separate.
ochid,OCHID: OCT Choroidal Image Dataset,0.6.0,2026-08-02,2026-08-02,True,current_dataset,A current cataloged data product without a more specific structural role.,ochid,1,ochid,,,,,https://imed.nimte.ac.cn/OCHID.html,Current data products are counted once. Previous versions and unmodified alternate deposits are links only. Dataset-family counts collapse documented collection/component records and exact task views; derivatives and uncertain overlaps remain separate.
oct5k,OCT5k: Multi-Disease Retinal Layer Annotations,0.6.0,2026-08-02,2026-08-02,True,current_dataset,A current cataloged data product without a more specific structural role.,oct5k,1,oct5k,,,,,https://doi.org/10.5522/04/22128671,Current data products are counted once. Previous versions and unmodified alternate deposits are links only. Dataset-family counts collapse documented collection/component records and exact task views; derivatives and uncertain overlaps remain separate.
oct_c8,Retinal OCT-C8: 8-Class OCT Classification,0.6.0,2026-08-02,2026-08-02,True,current_dataset,A current cataloged data product without a more specific structural role.,oct_c8,1,oct_c8,,,mm_retinal_reason|x_pcr,https://huggingface.co/datasets/Fantasy666/X-PCR/tree/06a318fd852230326386e3c6514d8a11b7a6b4af|https://huggingface.co/datasets/lxirich/MM-Retinal-Reason/tree/d6243baa82c0914dba3c6f43ca79fdbf856982ef,https://www.kaggle.com/datasets/obulisainaren/retinal-oct-c8,Current data products are counted once. Previous versions and unmodified alternate deposits are links only. Dataset-family counts collapse documented collection/component records and exact task views; derivatives and uncertain overlaps remain separate.
oct_cirrus,Duke Srinivasan Retinal OCT Dataset,0.6.0,2026-08-02,2026-08-02,True,current_dataset,A current cataloged data product without a more specific structural role.,oct_cirrus,1,oct_cirrus,,,,,https://people.duke.edu/~sf59/Srinivasan_BOE_2014_dataset.htm,Current data products are counted once. Previous versions and unmodified alternate deposits are links only. Dataset-family counts collapse documented collection/component records and exact task views; derivatives and uncertain overlaps remain separate.
oct_fundus_dme_dr_mexico,OCT and Eye Fundus Dataset for DME and DR,0.6.0,2026-08-02,2026-08-02,True,current_dataset,A current cataloged data product without a more specific structural role.,oct_fundus_dme_dr_mexico,1,oct_fundus_dme_dr_mexico,,,,,https://github.com/Traslational-Visual-Health-Laboratory/OCT-AND-EYE-FUNDUS-DATASET,Current data products are counted once. Previous versions and unmodified alternate deposits are links only. Dataset-family counts collapse documented collection/component records and exact task views; derivatives and uncertain overlaps remain separate.
oct_macular_hole_postsurgery,HD-OCT of Macular Hole Before and After Surgery,0.6.0,2026-08-02,2026-08-02,True,current_dataset,A current cataloged data product without a more specific structural role.,oct_macular_hole_postsurgery,1,oct_macular_hole_postsurgery,,,,,https://www.kaggle.com/datasets/mathieugodbout/oct-postsurgery-visual-improvement,Current data products are counted once. Previous versions and unmodified alternate deposits are links only. Dataset-family counts collapse documented collection/component records and exact task views; derivatives and uncertain overlaps remain separate.
oct_ms_jhu,OCT Retinal Layer Segmentation — MS & Healthy Controls (JHU/IACL),0.6.0,2026-08-02,2026-08-02,True,current_dataset,A current cataloged data product without a more specific structural role.,oct_ms_jhu,1,oct_ms_jhu,,,,,https://iacl.ece.jhu.edu/~aaron/data/OCT_Manual_Delineations-2018_June_29_b.zip,Current data products are counted once. Previous versions and unmodified alternate deposits are links only. Dataset-family counts collapse documented collection/component records and exact task views; derivatives and uncertain overlaps remain separate.
octa_500,OCTA-500: Large-scale OCTA Multi-task Benchmark,0.6.0,2026-08-02,2026-08-02,True,current_dataset,A current cataloged data product without a more specific structural role.,octa_500,1,octa_500,,,mm_retinal_reason,https://huggingface.co/datasets/lxirich/MM-Retinal-Reason/tree/d6243baa82c0914dba3c6f43ca79fdbf856982ef,https://ieee-dataport.org/open-access/octa-500,Current data products are counted once. Previous versions and unmodified alternate deposits are links only. Dataset-family counts collapse documented collection/component records and exact task views; derivatives and uncertain overlaps remain separate.
octa_macula_coronal,OCTA Macula Coronal Views,0.6.0,2026-08-02,2026-08-02,True,current_dataset,A current cataloged data product without a more specific structural role.,octa_macula_coronal,1,octa_macula_coronal,,,,,https://data.mendeley.com/datasets/p5h7x55zw7/1,Current data products are counted once. Previous versions and unmodified alternate deposits are links only. Dataset-family counts collapse documented collection/component records and exact task views; derivatives and uncertain overlaps remain separate.
octave,OCTAVE: 3D SD-OCT Retinal Segmentation Dataset,0.6.0,2026-08-02,2026-08-02,True,current_dataset,A current cataloged data product without a more specific structural role.,octave,1,octave,,,,,https://zenodo.org/records/14580071,Current data products are counted once. Previous versions and unmodified alternate deposits are links only. Dataset-family counts collapse documented collection/component records and exact task views; derivatives and uncertain overlaps remain separate.
octdl,OCTDL: OCT Deep Learning Dataset,0.6.0,2026-08-02,2026-08-02,True,current_dataset,A current cataloged data product without a more specific structural role.,octdl,1,octdl,,,mm_retinal_reason,https://huggingface.co/datasets/lxirich/MM-Retinal-Reason/tree/d6243baa82c0914dba3c6f43ca79fdbf856982ef,https://data.mendeley.com/datasets/sncdhf53xc/4,Current data products are counted once. Previous versions and unmodified alternate deposits are links only. Dataset-family counts collapse documented collection/component records and exact task views; derivatives and uncertain overlaps remain separate.
octid,OCTID: OCT Image Database,0.6.0,2026-08-02,2026-08-02,True,current_dataset,A current cataloged data product without a more specific structural role.,octid,1,octid,,,mm_retinal_reason|multieye|x_pcr,https://arxiv.org/abs/2412.09402|https://huggingface.co/datasets/Fantasy666/X-PCR/tree/06a318fd852230326386e3c6514d8a11b7a6b4af|https://huggingface.co/datasets/lxirich/MM-Retinal-Reason/tree/d6243baa82c0914dba3c6f43ca79fdbf856982ef,https://borealisdata.ca/dataverse/OCTID,Current data products are counted once. Previous versions and unmodified alternate deposits are links only. Dataset-family counts collapse documented collection/component records and exact task views; derivatives and uncertain overlaps remain separate.
ocular_chat_vqa,OcularChat-VQA: AREDS-Derived Patient-Physician Dialogue Dataset,0.6.0,2026-08-02,2026-08-02,True,current_dataset,A current cataloged data product without a more specific structural role.,ocular_chat_vqa,1,ocular_chat_vqa,,,,,https://huggingface.co/datasets/ncbi/OcularChat-VQA,Current data products are counted once. Previous versions and unmodified alternate deposits are links only. Dataset-family counts collapse documented collection/component records and exact task views; derivatives and uncertain overlaps remain separate.
ocular_generalized_myasthenia_korea,Ocular and Generalized Myasthenia Gravis Korea Dataset,0.6.0,2026-08-02,2026-08-02,True,current_dataset,A current cataloged data product without a more specific structural role.,ocular_generalized_myasthenia_korea,1,ocular_generalized_myasthenia_korea,,,,,https://doi.org/10.6084/m9.figshare.31981347.v1,Current data products are counted once. Previous versions and unmodified alternate deposits are links only. Dataset-family counts collapse documented collection/component records and exact task views; derivatives and uncertain overlaps remain separate.
oculoscope,OculoScope: Fairer AI in Ophthalmology Dataset,0.6.0,2026-08-02,2026-08-02,True,current_dataset,A current cataloged data product without a more specific structural role.,oculoscope,1,oculoscope,,,,,https://figshare.com/s/926c2c2ef9e77ab5eb9d,Current data products are counted once. Previous versions and unmodified alternate deposits are links only. Dataset-family counts collapse documented collection/component records and exact task views; derivatives and uncertain overlaps remain separate.
odir2019,ODIR-2019: Ocular Disease Intelligent Recognition,0.6.0,2026-08-02,2026-08-02,True,current_dataset,A current cataloged data product without a more specific structural role.,odir2019,1,odir2019,,,amdnet23|aod|multieye|smdg|x_pcr,https://arxiv.org/abs/2412.09402|https://doi.org/10.17632/d73g6m8d5m.1|https://doi.org/10.17632/yj35kjgrv3.1|https://huggingface.co/datasets/Fantasy666/X-PCR/tree/06a318fd852230326386e3c6514d8a11b7a6b4af|https://www.kaggle.com/datasets/deathtrooper/multichannel-glaucoma-benchmark-dataset,https://www.kaggle.com/datasets/andrewmvd/ocular-disease-recognition-odir5k,Current data products are counted once. Previous versions and unmodified alternate deposits are links only. Dataset-family counts collapse documented collection/component records and exact task views; derivatives and uncertain overlaps remain separate.
oimhs,OIMHS: OCT Image Macular Hole Segmentation Dataset,0.6.0,2026-08-02,2026-08-02,True,current_dataset,A current cataloged data product without a more specific structural role.,oimhs,1,oimhs,,,lmod_plus|mm_retinal_reason|x_pcr,https://huggingface.co/datasets/Fantasy666/X-PCR/tree/06a318fd852230326386e3c6514d8a11b7a6b4af|https://huggingface.co/datasets/lxirich/MM-Retinal-Reason/tree/d6243baa82c0914dba3c6f43ca79fdbf856982ef|https://kfzyqin.github.io/lmod_plus/,https://doi.org/10.6084/m9.figshare.23508453,Current data products are counted once. Previous versions and unmodified alternate deposits are links only. Dataset-family counts collapse documented collection/component records and exact task views; derivatives and uncertain overlaps remain separate.
olives,OLIVES: Ophthalmic Labels for Investigating Visual Eye Semantics,0.6.0,2026-08-02,2026-08-02,True,current_dataset,A current cataloged data product without a more specific structural role.,olives,1,olives,,,,,https://zenodo.org/records/7105232,Current data products are counted once. Previous versions and unmodified alternate deposits are links only. Dataset-family counts collapse documented collection/component records and exact task views; derivatives and uncertain overlaps remain separate.
ophnet2024,OphNet2024: Ophthalmic Surgical Video Dataset,0.6.0,2026-08-02,2026-08-02,True,current_dataset,A current cataloged data product without a more specific structural role.,ophnet2024,1,ophnet2024,,,,,https://huggingface.co/datasets/xioamiyh/OphNet2024,Current data products are counted once. Previous versions and unmodified alternate deposits are links only. Dataset-family counts collapse documented collection/component records and exact task views; derivatives and uncertain overlaps remain separate.
ophora,Ophora-160K: Ophthalmic Surgical Video Instruction Dataset,0.6.0,2026-08-02,2026-08-02,True,current_dataset,A current cataloged data product without a more specific structural role.,ophora,1,ophora,,,,,https://huggingface.co/datasets/General-Medical-AI/Ophora-160K,Current data products are counted once. Previous versions and unmodified alternate deposits are links only. Dataset-family counts collapse documented collection/component records and exact task views; derivatives and uncertain overlaps remain separate.
ophthalmology_eqa_v3,Ophthalmology-EQA-v3,0.6.0,2026-08-02,2026-08-02,True,current_dataset,A current cataloged data product without a more specific structural role.,ophthalmology_eqa_v3,1,ophthalmology_eqa_v3,,,,,https://huggingface.co/datasets/BaekSeungJu/Ophthalmology-EQA-v3,Current data products are counted once. Previous versions and unmodified alternate deposits are links only. Dataset-family counts collapse documented collection/component records and exact task views; derivatives and uncertain overlaps remain separate.
ophthalmology_mcqa_v3,Ophthalmology-MCQA-v3,0.6.0,2026-08-02,2026-08-02,True,current_dataset,A current cataloged data product without a more specific structural role.,ophthalmology_mcqa_v3,1,ophthalmology_mcqa_v3,,,,,https://huggingface.co/datasets/BaekSeungJu/Ophthalmology-MCQA-v3,Current data products are counted once. Previous versions and unmodified alternate deposits are links only. Dataset-family counts collapse documented collection/component records and exact task views; derivatives and uncertain overlaps remain separate.
ophthalmology_pubmed_corpus,Ophthalmology PubMed Corpus,0.6.0,2026-08-02,2026-08-02,True,current_dataset,A current cataloged data product without a more specific structural role.,ophthalmology_pubmed_corpus,1,ophthalmology_pubmed_corpus,,,,,https://huggingface.co/datasets/BaekSeungJu/Ophthalmology-PubMed-Corpus,Current data products are counted once. Previous versions and unmodified alternate deposits are links only. Dataset-family counts collapse documented collection/component records and exact task views; derivatives and uncertain overlaps remain separate.
ophthalvqa,OphthalVQA Dataset,0.6.0,2026-08-02,2026-08-02,True,current_dataset,A current cataloged data product without a more specific structural role.,ophthalvqa,1,ophthalvqa,,,,,https://doi.org/10.6084/m9.figshare.25624917,Current data products are counted once. Previous versions and unmodified alternate deposits are links only. Dataset-family counts collapse documented collection/component records and exact task views; derivatives and uncertain overlaps remain separate.
ophthalwechat,OphthalWeChat Dataset,0.6.0,2026-08-02,2026-08-02,True,current_dataset,A current cataloged data product without a more specific structural role.,ophthalwechat,1,ophthalwechat,,,,,https://doi.org/10.6084/m9.figshare.29064149,Current data products are counted once. Previous versions and unmodified alternate deposits are links only. Dataset-family counts collapse documented collection/component records and exact task views; derivatives and uncertain overlaps remain separate.
ophtho_readability,Language and Readability Barriers in Ophthalmology Dataset,0.6.0,2026-08-02,2026-08-02,True,current_dataset,A current cataloged data product without a more specific structural role.,ophtho_readability,1,ophtho_readability,,,,,https://zenodo.org/records/16592100,Current data products are counted once. Previous versions and unmodified alternate deposits are links only. Dataset-family counts collapse documented collection/component records and exact task views; derivatives and uncertain overlaps remain separate.
paired_retina,Paired Retina Dataset: Cross-Device Fundus Pairs,0.6.0,2026-08-02,2026-08-02,True,current_dataset,A current cataloged data product without a more specific structural role.,paired_retina,1,paired_retina,,,,,https://huggingface.co/datasets/smartretina2025/paired_retina,Current data products are counted once. Previous versions and unmodified alternate deposits are links only. Dataset-family counts collapse documented collection/component records and exact task views; derivatives and uncertain overlaps remain separate.
palm,PALM — iChallenge Pathologic Myopia,0.6.0,2026-08-02,2026-08-02,True,current_dataset,A current cataloged data product without a more specific structural role.,palm,1,palm,,,mm_retinal_reason,https://huggingface.co/datasets/lxirich/MM-Retinal-Reason/tree/d6243baa82c0914dba3c6f43ca79fdbf856982ef,https://drive.google.com/file/d/14XWD6kX0dVRfAyEc7FkZGKZibWEkvnyv/view,Current data products are counted once. Previous versions and unmodified alternate deposits are links only. Dataset-family counts collapse documented collection/component records and exact task views; derivatives and uncertain overlaps remain separate.
papila,PAPILA: Glaucoma Fundus Dataset with Clinical Data,0.6.0,2026-08-02,2026-08-02,True,current_dataset,A current cataloged data product without a more specific structural role.,papila,1,papila,,,glaucoma_expert_cot_refined|mm_retinal_reason|smdg,https://huggingface.co/datasets/lxirich/MM-Retinal-Reason/tree/d6243baa82c0914dba3c6f43ca79fdbf856982ef|https://huggingface.co/datasets/yuzhench/glaucoma-expert-cot-refined-1077|https://www.kaggle.com/datasets/deathtrooper/multichannel-glaucoma-benchmark-dataset,https://zenodo.org/records/6379970,Current data products are counted once. Previous versions and unmodified alternate deposits are links only. Dataset-family counts collapse documented collection/component records and exact task views; derivatives and uncertain overlaps remain separate.
paraguay_dr,Paraguay Color Fundus DR Dataset,0.6.0,2026-08-02,2026-08-02,True,current_dataset,A current cataloged data product without a more specific structural role.,paraguay_dr,1,paraguay_dr,,,mm_retinal_reason,https://huggingface.co/datasets/lxirich/MM-Retinal-Reason/tree/d6243baa82c0914dba3c6f43ca79fdbf856982ef,https://zenodo.org/record/4647952,Current data products are counted once. Previous versions and unmodified alternate deposits are links only. Dataset-family counts collapse documented collection/component records and exact task views; derivatives and uncertain overlaps remain separate.
parkinsons_directional_oct,Parkinson Disease Directional OCT Dataset,0.6.0,2026-08-02,2026-08-02,True,current_dataset,A current cataloged data product without a more specific structural role.,parkinsons_directional_oct,1,parkinsons_directional_oct,,,,,https://doi.org/10.26188/30750011.v1,Current data products are counted once. Previous versions and unmodified alternate deposits are links only. Dataset-family counts collapse documented collection/component records and exact task views; derivatives and uncertain overlaps remain separate.
parkinsons_outer_retinal_structure,Parkinson Disease Outer Retinal Structure and Function Dataset,0.6.0,2026-08-02,2026-08-02,True,current_dataset,A current cataloged data product without a more specific structural role.,parkinsons_outer_retinal_structure,1,parkinsons_outer_retinal_structure,,,,,https://doi.org/10.26188/24138420.v2,Current data products are counted once. Previous versions and unmodified alternate deposits are links only. Dataset-family counts collapse documented collection/component records and exact task views; derivatives and uncertain overlaps remain separate.
pco_namd,PCO-nAMD Paired CFP and OCT Dataset,0.6.0,2026-08-02,2026-08-02,True,current_dataset,A current cataloged data product without a more specific structural role.,pco_namd,1,pco_namd,,,,,https://doi.org/10.6084/m9.figshare.32873501.v1,Current data products are counted once. Previous versions and unmodified alternate deposits are links only. Dataset-family counts collapse documented collection/component records and exact task views; derivatives and uncertain overlaps remain separate.
perg_ioba,PERG-IOBA Ocular Electrophysiology Dataset,0.6.0,2026-08-02,2026-08-02,True,current_dataset,A current cataloged data product without a more specific structural role.,perg_ioba,1,perg_ioba,,,,,https://physionet.org/content/perg-ioba-dataset/1.0.0/,Current data products are counted once. Previous versions and unmodified alternate deposits are links only. Dataset-family counts collapse documented collection/component records and exact task views; derivatives and uncertain overlaps remain separate.
periorbital_segmentation,Open-Source Periorbital Segmentation Dataset,0.6.0,2026-08-02,2026-08-02,True,current_dataset,A current cataloged data product without a more specific structural role.,periorbital_segmentation,1,periorbital_segmentation,,,,,https://doi.org/10.5281/zenodo.13916845,Current data products are counted once. Previous versions and unmodified alternate deposits are links only. Dataset-family counts collapse documented collection/component records and exact task views; derivatives and uncertain overlaps remain separate.
pimd_visual_preference_eye_tracking,PIMD Visual Preference Eye-Tracking Dataset,0.6.0,2026-08-02,2026-08-02,True,current_dataset,A current cataloged data product without a more specific structural role.,pimd_visual_preference_eye_tracking,1,pimd_visual_preference_eye_tracking,,,,,https://doi.org/10.1371/journal.pone.0266176.s010,Current data products are counted once. Previous versions and unmodified alternate deposits are links only. Dataset-family counts collapse documented collection/component records and exact task views; derivatives and uncertain overlaps remain separate.
popeye_nir,PopEYE Infrared Ocular Image Dataset,0.6.0,2026-08-02,2026-08-02,True,current_dataset,A current cataloged data product without a more specific structural role.,popeye_nir,1,popeye_nir,,,,,https://zenodo.org/records/18430187,Current data products are counted once. Previous versions and unmodified alternate deposits are links only. Dataset-family counts collapse documented collection/component records and exact task views; derivatives and uncertain overlaps remain separate.
post_glaucoma_surgery_ptosis_strabismus,Post-Glaucoma-Surgery Ptosis and Strabismus Dataset,0.6.0,2026-08-02,2026-08-02,True,current_dataset,A current cataloged data product without a more specific structural role.,post_glaucoma_surgery_ptosis_strabismus,1,post_glaucoma_surgery_ptosis_strabismus,,,,,https://doi.org/10.1371/journal.pone.0335074.s001,Current data products are counted once. Previous versions and unmodified alternate deposits are links only. Dataset-family counts collapse documented collection/component records and exact task views; derivatives and uncertain overlaps remain separate.
prime_fp20,PRIME-FP20: Ultra-Widefield Vessel Segmentation,0.6.0,2026-08-02,2026-08-02,True,current_dataset,A current cataloged data product without a more specific structural role.,prime_fp20,1,prime_fp20,,,,,https://ieee-dataport.org/open-access/prime-fp20-ultra-widefield-fundus-photography-vessel-segmentation-dataset,Current data products are counted once. Previous versions and unmodified alternate deposits are links only. Dataset-family counts collapse documented collection/component records and exact task views; derivatives and uncertain overlaps remain separate.
pupillometry_eeg_fmri_salience,"Pupillometry, EEG, and fMRI Salience Dataset",0.6.0,2026-08-02,2026-08-02,True,current_dataset,A current cataloged data product without a more specific structural role.,pupillometry_eeg_fmri_salience,1,pupillometry_eeg_fmri_salience,,,,,https://doi.org/10.6084/m9.figshare.22518010.v1,Current data products are counted once. Previous versions and unmodified alternate deposits are links only. Dataset-family counts collapse documented collection/component records and exact task views; derivatives and uncertain overlaps remain separate.
puwf_av,PUWF-AV Pediatric Ultra-Widefield Fundus Artery-Vein Dataset,0.6.0,2026-08-02,2026-08-02,True,current_dataset,A current cataloged data product without a more specific structural role.,puwf_av,1,puwf_av,,,,,https://doi.org/10.6084/m9.figshare.32509329.v1,Current data products are counted once. Previous versions and unmodified alternate deposits are links only. Dataset-family counts collapse documented collection/component records and exact task views; derivatives and uncertain overlaps remain separate.
rao_fundus,RAO Retinal Artery Occlusion Fundus Photography Dataset,0.6.0,2026-08-02,2026-08-02,True,derivative_dataset,"A distinct data product that reuses one or more cataloged resources and adds processing, representations, synthesis, aggregation, or benchmark structure.",rao_fundus,1,rao_fundus,derived_from,jsiec|rfmid,,https://doi.org/10.17632/5428684j44.2,https://data.mendeley.com/datasets/5428684j44/2,Current data products are counted once. Previous versions and unmodified alternate deposits are links only. Dataset-family counts collapse documented collection/component records and exact task views; derivatives and uncertain overlaps remain separate.
rasti_oct,"Rasti OCT Dataset (Noor Eye Hospital, Tehran)",0.6.0,2026-08-02,2026-08-02,True,current_dataset,A current cataloged data product without a more specific structural role.,rasti_oct,1,rasti_oct,,,,,https://drive.google.com/file/d/1Rv82F7CjPveyONdy1YbRHh05emCb6_Eu,Current data products are counted once. Previous versions and unmodified alternate deposits are links only. Dataset-family counts collapse documented collection/component records and exact task views; derivatives and uncertain overlaps remain separate.
ravir,RAVIR: Retinal Artery/Vein Segmentation in IR,0.6.0,2026-08-02,2026-08-02,True,current_dataset,A current cataloged data product without a more specific structural role.,ravir,1,ravir,,,,,https://ravir.grand-challenge.org/data/,Current data products are counted once. Previous versions and unmodified alternate deposits are links only. Dataset-family counts collapse documented collection/component records and exact task views; derivatives and uncertain overlaps remain separate.
rbad,RBAD Retinal Branching-Angle Detection Benchmark,0.6.0,2026-08-02,2026-08-02,True,current_dataset,A current cataloged data product without a more specific structural role.,rbad,1,rbad,,,,,https://github.com/Retinal-Research/RBAD,Current data products are counted once. Previous versions and unmodified alternate deposits are links only. Dataset-family counts collapse documented collection/component records and exact task views; derivatives and uncertain overlaps remain separate.
real_fundus,Real Fundus Clinical Image Restoration Benchmark,0.6.0,2026-08-02,2026-08-02,True,current_dataset,A current cataloged data product without a more specific structural role.,real_fundus,1,real_fundus,,,,,https://github.com/dengzhuo-AI/Real-Fundus/releases/tag/v.1.0.0,Current data products are counted once. Previous versions and unmodified alternate deposits are links only. Dataset-family counts collapse documented collection/component records and exact task views; derivatives and uncertain overlaps remain separate.
refuge1_multirater,REFUGE Multi-Rater — Glaucoma with Multi-Expert Annotations,0.6.0,2026-08-02,2026-08-02,True,annotation_layer,"A data product whose principal addition is labels, masks, reports, questions, reasoning records, or other annotations for existing data.",refuge1_multirater,1,refuge1_multirater,derived_from,refuge2,,https://huggingface.co/datasets/realslimman/REFUGE-MultiRater,https://drive.google.com/file/d/1TXTrZyaZ76faXek46pEzaYQmAejLf30d/view,Current data products are counted once. Previous versions and unmodified alternate deposits are links only. Dataset-family counts collapse documented collection/component records and exact task views; derivatives and uncertain overlaps remain separate.
refuge2,REFUGE2 — Retinal Fundus Glaucoma Challenge 2,0.6.0,2026-08-02,2026-08-02,True,current_dataset,A current cataloged data product without a more specific structural role.,refuge2,1,refuge2,,,fundus_domain_generalization|lmod_plus|mm_retinal_reason|refuge1_multirater|smdg,https://huggingface.co/datasets/lxirich/MM-Retinal-Reason/tree/d6243baa82c0914dba3c6f43ca79fdbf856982ef|https://huggingface.co/datasets/realslimman/REFUGE-MultiRater|https://kfzyqin.github.io/lmod_plus/|https://www.kaggle.com/datasets/deathtrooper/multichannel-glaucoma-benchmark-dataset|https://zenodo.org/records/8009107,https://drive.google.com/file/d/1DspRzDqypeBOxZnWPQxmXprNVmJwkBRJ/view,Current data products are counted once. Previous versions and unmodified alternate deposits are links only. Dataset-family counts collapse documented collection/component records and exact task views; derivatives and uncertain overlaps remain separate.
reta_benchmark,RETA Benchmark for Retinal Vascular Tree Analysis,0.6.0,2026-08-02,2026-08-02,True,annotation_layer,"A data product whose principal addition is labels, masks, reports, questions, reasoning records, or other annotations for existing data.",reta_benchmark,1,reta_benchmark,derived_from,idrid,,https://doi.org/10.6084/m9.figshare.16960855,https://doi.org/10.6084/m9.figshare.16960855,Current data products are counted once. Previous versions and unmodified alternate deposits are links only. Dataset-family counts collapse documented collection/component records and exact task views; derivatives and uncertain overlaps remain separate.
retina_age_analysis,Retina Age Analysis,0.6.0,2026-08-02,2026-08-02,True,current_dataset,A current cataloged data product without a more specific structural role.,retina_age_analysis,1,retina_age_analysis,,,,,https://huggingface.co/datasets/ramankamran/retina-age-analysis,Current data products are counted once. Previous versions and unmodified alternate deposits are links only. Dataset-family counts collapse documented collection/component records and exact task views; derivatives and uncertain overlaps remain separate.
retinal_corrugations_oct,Outer Retinal Corrugations Imaging Dataset,0.6.0,2026-08-02,2026-08-02,True,current_dataset,A current cataloged data product without a more specific structural role.,retinal_corrugations_oct,1,retinal_corrugations_oct,,,,,https://data.mendeley.com/datasets/bzsc7gd9p3/2,Current data products are counted once. Previous versions and unmodified alternate deposits are links only. Dataset-family counts collapse documented collection/component records and exact task views; derivatives and uncertain overlaps remain separate.
retinal_dr_longitudinal,Retinal DR Longitudinal Fundus Pairs,0.6.0,2026-08-02,2026-08-02,True,current_dataset,A current cataloged data product without a more specific structural role.,retinal_dr_longitudinal,1,retinal_dr_longitudinal,,,,,https://huggingface.co/datasets/usama10/retinal-dr-longitudinal,Current data products are counted once. Previous versions and unmodified alternate deposits are links only. Dataset-family counts collapse documented collection/component records and exact task views; derivatives and uncertain overlaps remain separate.
retinal_oct_octa_two_subjects_processed,Processed Retinal OCT and OCTA Two-Subject Dataset,0.6.0,2026-08-02,2026-08-02,True,current_dataset,A current cataloged data product without a more specific structural role.,retinal_oct_octa_two_subjects_processed,1,retinal_oct_octa_two_subjects_processed,,,,,https://www.kaggle.com/datasets/cnzakimuena/retinal-oct-and-octa-data-3,Current data products are counted once. Previous versions and unmodified alternate deposits are links only. Dataset-family counts collapse documented collection/component records and exact task views; derivatives and uncertain overlaps remain separate.
retinal_optic_flow_locomotion,Retinal Optic Flow and Locomotion Dataset,0.6.0,2026-08-02,2026-08-02,True,current_dataset,A current cataloged data product without a more specific structural role.,retinal_optic_flow_locomotion,1,retinal_optic_flow_locomotion,,,,,https://doi.org/10.25452/figshare.plus.17113883.v1,Current data products are counted once. Previous versions and unmodified alternate deposits are links only. Dataset-family counts collapse documented collection/component records and exact task views; derivatives and uncertain overlaps remain separate.
retinal_photoplethysmography_rnfl,Retinal Photoplethysmography and RNFL Dataset,0.6.0,2026-08-02,2026-08-02,True,current_dataset,A current cataloged data product without a more specific structural role.,retinal_photoplethysmography_rnfl,1,retinal_photoplethysmography_rnfl,,,,,https://doi.org/10.6084/m9.figshare.21197173.v1,Current data products are counted once. Previous versions and unmodified alternate deposits are links only. Dataset-family counts collapse documented collection/component records and exact task views; derivatives and uncertain overlaps remain separate.
retinal_vessel_robustness,Natural Robustness Benchmark for Retinal Vessel Segmentation,0.6.0,2026-08-02,2026-08-02,True,derivative_dataset,"A distinct data product that reuses one or more cataloged resources and adds processing, representations, synthesis, aggregation, or benchmark structure.",retinal_vessel_robustness,1,retinal_vessel_robustness,derived_from,chase_db1|drive|stare,,https://zenodo.org/records/12659652,https://zenodo.org/records/12659652,Current data products are counted once. Previous versions and unmodified alternate deposits are links only. Dataset-family counts collapse documented collection/component records and exact task views; derivatives and uncertain overlaps remain separate.
retouch,RETOUCH: RETinal OCT Fluid Challenge,0.6.0,2026-08-02,2026-08-02,True,current_dataset,A current cataloged data product without a more specific structural role.,retouch,1,retouch,,,,,https://retouch.grand-challenge.org/,Current data products are counted once. Previous versions and unmodified alternate deposits are links only. Dataset-family counts collapse documented collection/component records and exact task views; derivatives and uncertain overlaps remain separate.
rfmid,RFMiD: Retinal Fundus Multi-disease Image Dataset,0.6.0,2026-08-02,2026-08-02,True,current_dataset,A current cataloged data product without a more specific structural role.,rfmid,1,rfmid,,,amdnet23|mm_retinal_reason|multieye|mured|rao_fundus|rfmid2,https://arxiv.org/abs/2412.09402|https://doi.org/10.17632/5428684j44.2|https://doi.org/10.17632/pc4mb3h8hz.1|https://doi.org/10.17632/yj35kjgrv3.1|https://huggingface.co/datasets/lxirich/MM-Retinal-Reason/tree/d6243baa82c0914dba3c6f43ca79fdbf856982ef|https://zenodo.org/records/7505822,https://www.kaggle.com/datasets/andrewmvd/retinal-disease-classification,Current data products are counted once. Previous versions and unmodified alternate deposits are links only. Dataset-family counts collapse documented collection/component records and exact task views; derivatives and uncertain overlaps remain separate.
rfmid2,RFMiD 2.0 Auxiliary Multi-Disease Fundus Dataset,0.6.0,2026-08-02,2026-08-02,True,extension_dataset,A current data product that adds data to an earlier related resource without being documented as a replacement of the same release.,rfmid2,1,rfmid2,extension_of,rfmid,multieye|x_pcr,https://arxiv.org/abs/2412.09402|https://huggingface.co/datasets/Fantasy666/X-PCR/tree/06a318fd852230326386e3c6514d8a11b7a6b4af|https://zenodo.org/records/7505822,https://zenodo.org/records/7505822,Current data products are counted once. Previous versions and unmodified alternate deposits are links only. Dataset-family counts collapse documented collection/component records and exact task views; derivatives and uncertain overlaps remain separate.
riga,RIGA: Retinal Fundus Images for Glaucoma Analysis,0.6.0,2026-08-02,2026-08-02,True,current_dataset,A current cataloged data product without a more specific structural role.,riga,1,riga,,,fundus_domain_generalization|riga_plus,https://zenodo.org/records/6325549|https://zenodo.org/records/8009107,https://deepblue.lib.umich.edu/data/concern/data_sets/3b591905z,Current data products are counted once. Previous versions and unmodified alternate deposits are links only. Dataset-family counts collapse documented collection/component records and exact task views; derivatives and uncertain overlaps remain separate.
riga_plus,RIGA+ Domain Adaptation Dataset,0.6.0,2026-08-02,2026-08-02,True,derivative_dataset,"A distinct data product that reuses one or more cataloged resources and adds processing, representations, synthesis, aggregation, or benchmark structure.",riga_plus,1,riga_plus,derived_from,riga,,https://zenodo.org/records/6325549,https://zenodo.org/records/6325549,Current data products are counted once. Previous versions and unmodified alternate deposits are links only. Dataset-family counts collapse documented collection/component records and exact task views; derivatives and uncertain overlaps remain separate.
rimone_dl,RIM-ONE DL,0.6.0,2026-08-02,2026-08-02,True,current_dataset,A current cataloged data product without a more specific structural role.,rimone_dl,1,rimone_dl,,,,,https://www.kaggle.com/datasets/orvile/rim-one-retinal-dataset-for-assessing-glaucoma,Current data products are counted once. Previous versions and unmodified alternate deposits are links only. Dataset-family counts collapse documented collection/component records and exact task views; derivatives and uncertain overlaps remain separate.
rite,RITE: Retinal Images Vessel Tree Extraction (Artery/Vein),0.6.0,2026-08-02,2026-08-02,True,annotation_layer,"A data product whose principal addition is labels, masks, reports, questions, reasoning records, or other annotations for existing data.",rite,1,rite,derived_from,drive,,https://medicine.uiowa.edu/eye/rite-dataset,https://eye.medicine.uiowa.edu/rite-dataset,Current data products are counted once. Previous versions and unmodified alternate deposits are links only. Dataset-family counts collapse documented collection/component records and exact task views; derivatives and uncertain overlaps remain separate.
roc,ROC: Retinopathy Online Challenge,0.6.0,2026-08-02,2026-08-02,True,current_dataset,A current cataloged data product without a more specific structural role.,roc,1,roc,,,mm_retinal_reason,https://huggingface.co/datasets/lxirich/MM-Retinal-Reason/tree/d6243baa82c0914dba3c6f43ca79fdbf856982ef,http://webeye.ophth.uiowa.edu/ROC/,Current data products are counted once. Previous versions and unmodified alternate deposits are links only. Dataset-family counts collapse documented collection/component records and exact task views; derivatives and uncertain overlaps remain separate.
rocc,ROCC: Retinal OCT Classification Challenge,0.6.0,2026-08-02,2026-08-02,True,current_dataset,A current cataloged data product without a more specific structural role.,rocc,1,rocc,,,,,https://rocc.grand-challenge.org/,Current data products are counted once. Previous versions and unmodified alternate deposits are links only. Dataset-family counts collapse documented collection/component records and exact task views; derivatives and uncertain overlaps remain separate.
rop_ostrava,Retinal Image Dataset of Infants and ROP (Ostrava),0.6.0,2026-08-02,2026-08-02,True,current_dataset,A current cataloged data product without a more specific structural role.,rop_ostrava,1,rop_ostrava,,,,,https://www.kaggle.com/datasets/jananowakova/retinal-image-dataset-of-infants-and-rop,Current data products are counted once. Previous versions and unmodified alternate deposits are links only. Dataset-family counts collapse documented collection/component records and exact task views; derivatives and uncertain overlaps remain separate.
rop_synthetic_mendeley,Synthetic Medical Images for ROP Diagnosis,0.6.0,2026-08-02,2026-08-02,True,current_dataset,A current cataloged data product without a more specific structural role.,rop_synthetic_mendeley,1,rop_synthetic_mendeley,,,,,https://data.mendeley.com/datasets/fscyyhg6vt/1,Current data products are counted once. Previous versions and unmodified alternate deposits are links only. Dataset-family counts collapse documented collection/component records and exact task views; derivatives and uncertain overlaps remain separate.
rop_uwf_intelligent,Fundus Dataset for Intelligent ROP System,0.6.0,2026-08-02,2026-08-02,True,current_dataset,A current cataloged data product without a more specific structural role.,rop_uwf_intelligent,1,rop_uwf_intelligent,,,,,https://doi.org/10.6084/m9.figshare.25514449,Current data products are counted once. Previous versions and unmodified alternate deposits are links only. Dataset-family counts collapse documented collection/component records and exact task views; derivatives and uncertain overlaps remain separate.
rop_vl,ROP-VL Retinopathy of Prematurity Vision-Language Dataset,0.6.0,2026-08-02,2026-08-02,True,current_dataset,A current cataloged data product without a more specific structural role.,rop_vl,1,rop_vl,,,,,https://doi.org/10.6084/m9.figshare.30143461.v1,Current data products are counted once. Previous versions and unmodified alternate deposits are links only. Dataset-family counts collapse documented collection/component records and exact task views; derivatives and uncertain overlaps remain separate.
rose,ROSE: Retinal OCT-Angiography Vessel Segmentation,0.6.0,2026-08-02,2026-08-02,True,current_dataset,A current cataloged data product without a more specific structural role.,rose,1,rose,,,,,https://zenodo.org/doi/10.5281/zenodo.12775880,Current data products are counted once. Previous versions and unmodified alternate deposits are links only. Dataset-family counts collapse documented collection/component records and exact task views; derivatives and uncertain overlaps remain separate.
ru_medical_texts_ophthalmology,Ophthalmology Russian-English Medical Text Translations,0.6.0,2026-08-02,2026-08-02,True,current_dataset,A current cataloged data product without a more specific structural role.,ru_medical_texts_ophthalmology,1,ru_medical_texts_ophthalmology,,,,,https://www.kaggle.com/datasets/cheshrcat/ru-medical-texts-ophtalmology,Current data products are counted once. Previous versions and unmodified alternate deposits are links only. Dataset-family counts collapse documented collection/component records and exact task views; derivatives and uncertain overlaps remain separate.
rvo_me,RVO-ME: Retinal Vein Occlusion Macular Edema OCT Dataset,0.6.0,2026-08-02,2026-08-02,True,current_dataset,A current cataloged data product without a more specific structural role.,rvo_me,1,rvo_me,,,,,https://doi.org/10.6084/m9.figshare.29804435.v1,Current data products are counted once. Previous versions and unmodified alternate deposits are links only. Dataset-family counts collapse documented collection/component records and exact task views; derivatives and uncertain overlaps remain separate.
sics155,SICS-155 Small Incision Cataract Surgery Videos,0.6.0,2026-08-02,2026-08-02,True,current_dataset,A current cataloged data product without a more specific structural role.,sics155,1,sics155,,,,,https://zenodo.org/records/19482928,Current data products are counted once. Previous versions and unmodified alternate deposits are links only. Dataset-family counts collapse documented collection/component records and exact task views; derivatives and uncertain overlaps remain separate.
slid,SLID: Slit-Lamp Image Dataset,0.6.0,2026-08-02,2026-08-02,True,current_dataset,A current cataloged data product without a more specific structural role.,slid,1,slid,,,,,https://github.com/xumingyu-hub/SLID,Current data products are counted once. Previous versions and unmodified alternate deposits are links only. Dataset-family counts collapse documented collection/component records and exact task views; derivatives and uncertain overlaps remain separate.
slid_e,SLID-E Slit-Lamp Image Dataset for Epiphora,0.6.0,2026-08-02,2026-08-02,True,current_dataset,A current cataloged data product without a more specific structural role.,slid_e,1,slid_e,,,,,https://doi.org/10.6084/m9.figshare.26172919.v2,Current data products are counted once. Previous versions and unmodified alternate deposits are links only. Dataset-family counts collapse documented collection/component records and exact task views; derivatives and uncertain overlaps remain separate.
slp_vld,SLP-VLD Anonymized Slit-Lamp Vision-Language Dataset,0.6.0,2026-08-02,2026-08-02,True,current_dataset,A current cataloged data product without a more specific structural role.,slp_vld,1,slp_vld,,,,,https://doi.org/10.6084/m9.figshare.32576697.v3,Current data products are counted once. Previous versions and unmodified alternate deposits are links only. Dataset-family counts collapse documented collection/component records and exact task views; derivatives and uncertain overlaps remain separate.
smdg,SMDG-19: Standardized Multi-channel Glaucoma Benchmark,0.6.0,2026-08-02,2026-08-02,True,derivative_dataset,"A distinct data product that reuses one or more cataloged resources and adds processing, representations, synthesis, aggregation, or benchmark structure.",smdg,1,smdg,derived_from,airogs|beh|drishti_gs|fives|g1020|hrf|jsiec|odir2019|papila|refuge2,,https://www.kaggle.com/datasets/deathtrooper/multichannel-glaucoma-benchmark-dataset,https://www.kaggle.com/datasets/deathtrooper/multichannel-glaucoma-benchmark-dataset,Current data products are counted once. Previous versions and unmodified alternate deposits are links only. Dataset-family counts collapse documented collection/component records and exact task views; derivatives and uncertain overlaps remain separate.
soul_octa,SOUL: OCTA Human-Machine Collaborative Annotation Dataset,0.6.0,2026-08-02,2026-08-02,True,current_dataset,A current cataloged data product without a more specific structural role.,soul_octa,1,soul_octa,,,,,https://doi.org/10.6084/m9.figshare.24893358.v3,Current data products are counted once. Previous versions and unmodified alternate deposits are links only. Dataset-family counts collapse documented collection/component records and exact task views; derivatives and uncertain overlaps remain separate.
spectrosense_pupil_light_exposure,SpectroSense Pupil Light Exposure Dataset,0.6.0,2026-08-02,2026-08-02,True,current_dataset,A current cataloged data product without a more specific structural role.,spectrosense_pupil_light_exposure,1,spectrosense_pupil_light_exposure,,,,,https://doi.org/10.6084/m9.figshare.28176839.v1,Current data products are counted once. Previous versions and unmodified alternate deposits are links only. Dataset-family counts collapse documented collection/component records and exact task views; derivatives and uncertain overlaps remain separate.
stage_task1,STAGE 2023 Task 1 — Mean Deviation Prediction from OCT,0.6.0,2026-08-02,2026-08-02,True,task_view,A separately indexed task or label view over the same documented data payload.,stage_2023,3,stage_task1|stage_task2|stage_task3,same_or_overlapping_cohort_as,stage_task2|stage_task3,mm_retinal_reason|stage_task2|stage_task3,https://aistudio.baidu.com/aistudio/competition/detail/968/0/datasets|https://huggingface.co/datasets/lxirich/MM-Retinal-Reason/tree/d6243baa82c0914dba3c6f43ca79fdbf856982ef,https://aistudio.baidu.com/aistudio/competition/detail/968/0/datasets,Current data products are counted once. Previous versions and unmodified alternate deposits are links only. Dataset-family counts collapse documented collection/component records and exact task views; derivatives and uncertain overlaps remain separate.
stage_task2,STAGE 2023 Task 2 — Visual Field Sensitivity Map Prediction,0.6.0,2026-08-02,2026-08-02,True,task_view,A separately indexed task or label view over the same documented data payload.,stage_2023,3,stage_task1|stage_task2|stage_task3,same_or_overlapping_cohort_as,stage_task1|stage_task3,mm_retinal_reason|stage_task1|stage_task3,https://aistudio.baidu.com/aistudio/competition/detail/968/0/datasets|https://huggingface.co/datasets/lxirich/MM-Retinal-Reason/tree/d6243baa82c0914dba3c6f43ca79fdbf856982ef,https://aistudio.baidu.com/aistudio/competition/detail/968/0/datasets,Current data products are counted once. Previous versions and unmodified alternate deposits are links only. Dataset-family counts collapse documented collection/component records and exact task views; derivatives and uncertain overlaps remain separate.
stage_task3,STAGE 2023 Task 3 — Pattern Deviation Probability Map,0.6.0,2026-08-02,2026-08-02,True,task_view,A separately indexed task or label view over the same documented data payload.,stage_2023,3,stage_task1|stage_task2|stage_task3,same_or_overlapping_cohort_as,stage_task1|stage_task2,stage_task1|stage_task2,https://aistudio.baidu.com/aistudio/competition/detail/968/0/datasets,https://aistudio.baidu.com/aistudio/competition/detail/968/0/datasets,Current data products are counted once. Previous versions and unmodified alternate deposits are links only. Dataset-family counts collapse documented collection/component records and exact task views; derivatives and uncertain overlaps remain separate.
stare,STARE: Structured Analysis of the Retina,0.6.0,2026-08-02,2026-08-02,True,current_dataset,A current cataloged data product without a more specific structural role.,stare,1,stare,,,mm_retinal_reason|multieye|mured|retinal_vessel_robustness,https://arxiv.org/abs/2412.09402|https://doi.org/10.17632/pc4mb3h8hz.1|https://huggingface.co/datasets/lxirich/MM-Retinal-Reason/tree/d6243baa82c0914dba3c6f43ca79fdbf856982ef|https://zenodo.org/records/12659652,https://cecas.clemson.edu/~ahoover/stare/,Current data products are counted once. Previous versions and unmodified alternate deposits are links only. Dataset-family counts collapse documented collection/component records and exact task views; derivatives and uncertain overlaps remain separate.
superccm_fineset,SuperCCM-FineSet,0.6.0,2026-08-02,2026-08-02,True,current_dataset,A current cataloged data product without a more specific structural role.,superccm_fineset,1,superccm_fineset,,,,,https://zenodo.org/records/17051148,Current data products are counted once. Previous versions and unmodified alternate deposits are links only. Dataset-family counts collapse documented collection/component records and exact task views; derivatives and uncertain overlaps remain separate.
sustech_sysu,SUSTech-SYSU Diabetic Retinopathy + Exudate Dataset,0.6.0,2026-08-02,2026-08-02,True,current_dataset,A current cataloged data product without a more specific structural role.,sustech_sysu,1,sustech_sysu,,,mm_retinal_reason,https://huggingface.co/datasets/lxirich/MM-Retinal-Reason/tree/d6243baa82c0914dba3c6f43ca79fdbf856982ef,https://doi.org/10.6084/m9.figshare.12570770,Current data products are counted once. Previous versions and unmodified alternate deposits are links only. Dataset-family counts collapse documented collection/component records and exact task views; derivatives and uncertain overlaps remain separate.
sustech_sysu_corneal_ulcers,SUSTech-SYSU Corneal Ulcer Dataset,0.6.0,2026-08-02,2026-08-02,True,current_dataset,A current cataloged data product without a more specific structural role.,sustech_sysu_corneal_ulcers,1,sustech_sysu_corneal_ulcers,,,,,https://doi.org/10.6084/m9.figshare.10247501.v1,Current data products are counted once. Previous versions and unmodified alternate deposits are links only. Dataset-family counts collapse documented collection/component records and exact task views; derivatives and uncertain overlaps remain separate.
syn_oct,SYN-OCT Synthetic Glaucoma OCT Dataset,0.6.0,2026-08-02,2026-08-02,True,current_dataset,A current cataloged data product without a more specific structural role.,syn_oct,1,syn_oct,,,,,https://doi.org/10.5281/zenodo.17151869,Current data products are counted once. Previous versions and unmodified alternate deposits are links only. Dataset-family counts collapse documented collection/component records and exact task views; derivatives and uncertain overlaps remain separate.
synthetic_retinal_oct_biomarkers,Synthetic Retinal OCT Biomarker Dataset,0.6.0,2026-08-02,2026-08-02,True,derivative_dataset,"A distinct data product that reuses one or more cataloged resources and adds processing, representations, synthesis, aggregation, or benchmark structure.",synthetic_retinal_oct_biomarkers,1,synthetic_retinal_oct_biomarkers,derived_from,kermany_oct,,https://huggingface.co/datasets/serag-ai/Synthetic-Ophthalmology-Images,https://huggingface.co/datasets/serag-ai/Synthetic-Ophthalmology-Images,Current data products are counted once. Previous versions and unmodified alternate deposits are links only. Dataset-family counts collapse documented collection/component records and exact task views; derivatives and uncertain overlaps remain separate.
tear_meniscus,Multicentre Tear Meniscus Segmentation Dataset,0.6.0,2026-08-02,2026-08-02,True,current_dataset,A current cataloged data product without a more specific structural role.,tear_meniscus,1,tear_meniscus,,,,,https://doi.org/10.6084/m9.figshare.28650536.v2,Current data products are counted once. Previous versions and unmodified alternate deposits are links only. Dataset-family counts collapse documented collection/component records and exact task views; derivatives and uncertain overlaps remain separate.
teyed,TEyeD Real-World Eye-Tracking Dataset,0.6.0,2026-08-02,2026-08-02,True,current_dataset,A current cataloged data product without a more specific structural role.,teyed,1,teyed,,,,,https://arxiv.org/abs/2102.02115,Current data products are counted once. Previous versions and unmodified alternate deposits are links only. Dataset-family counts collapse documented collection/component records and exact task views; derivatives and uncertain overlaps remain separate.
thoct1800,THOCT1800 Retinal OCT Dataset,0.6.0,2026-08-02,2026-08-02,True,current_dataset,A current cataloged data product without a more specific structural role.,thoct1800,1,thoct1800,,,,,https://github.com/SJD095/OCT-Segmentation,Current data products are counted once. Previous versions and unmodified alternate deposits are links only. Dataset-family counts collapse documented collection/component records and exact task views; derivatives and uncertain overlaps remain separate.
thyroid_ophthalmopathy_external,Thyroid Ophthalmopathy External Ocular Images,0.6.0,2026-08-02,2026-08-02,True,current_dataset,A current cataloged data product without a more specific structural role.,thyroid_ophthalmopathy_external,1,thyroid_ophthalmopathy_external,,,,,https://data.mendeley.com/datasets/z7ys7r4bdn/2,Current data products are counted once. Previous versions and unmodified alternate deposits are links only. Dataset-family counts collapse documented collection/component records and exact task views; derivatives and uncertain overlaps remain separate.
tian_oct,Tian OCTRIMA 3D OCT Layer Segmentation Dataset,0.6.0,2026-08-02,2026-08-02,True,current_dataset,A current cataloged data product without a more specific structural role.,tian_oct,1,tian_oct,,,,,https://doi.org/10.1371/journal.pone.0133908.s002,Current data products are counted once. Previous versions and unmodified alternate deposits are links only. Dataset-family counts collapse documented collection/component records and exact task views; derivatives and uncertain overlaps remain separate.
tom500,TOM500: Multi-Organ Annotated Orbital MRI Dataset for Thyroid Eye Disease,0.6.0,2026-08-02,2026-08-02,True,current_dataset,A current cataloged data product without a more specific structural role.,tom500,1,tom500,,,,,https://doi.org/10.6084/m9.figshare.27133389.v1,Current data products are counted once. Previous versions and unmodified alternate deposits are links only. Dataset-family counts collapse documented collection/component records and exact task views; derivatives and uncertain overlaps remain separate.
toxofundus,ToxoFundus: Ocular Toxoplasmosis Fundus Dataset,0.6.0,2026-08-02,2026-08-02,True,current_dataset,A current cataloged data product without a more specific structural role.,toxofundus,1,toxofundus,,,,,https://www.kaggle.com/datasets/nafin59/ocular-toxoplasmosis-fundus-images-dataset,Current data products are counted once. Previous versions and unmodified alternate deposits are links only. Dataset-family counts collapse documented collection/component records and exact task views; derivatives and uncertain overlaps remain separate.
trend2_fundus,TREND2 Chronic Disease Portable Fundus Dataset,0.6.0,2026-08-02,2026-08-02,True,extension_dataset,A current data product that adds data to an earlier related resource without being documented as a replacement of the same release.,trend2_fundus,1,trend2_fundus,extension_of,trend_fundus,,https://zenodo.org/records/7678656,https://zenodo.org/records/7678656,Current data products are counted once. Previous versions and unmodified alternate deposits are links only. Dataset-family counts collapse documented collection/component records and exact task views; derivatives and uncertain overlaps remain separate.
trend_fundus,TREND Portable Fundus Microvascular Network Dataset,0.6.0,2026-08-02,2026-08-02,True,current_dataset,A current cataloged data product without a more specific structural role.,trend_fundus,1,trend_fundus,,,trend2_fundus,https://zenodo.org/records/7678656,https://zenodo.org/records/4521044,Current data products are counted once. Previous versions and unmodified alternate deposits are links only. Dataset-family counts collapse documented collection/component records and exact task views; derivatives and uncertain overlaps remain separate.
tsukazaki_uwf,Tsukazaki Hospital UWF Fundus Dataset,0.6.0,2026-08-02,2026-08-02,True,current_dataset,A current cataloged data product without a more specific structural role.,tsukazaki_uwf,1,tsukazaki_uwf,,,,,https://github.com/DateCazuki/Fundus_Diagnosis,Current data products are counted once. Previous versions and unmodified alternate deposits are links only. Dataset-family counts collapse documented collection/component records and exact task views; derivatives and uncertain overlaps remain separate.
tunisian_retinal_oct_multidisease,Tunisian Retinal OCT Multi-Disease Dataset,0.6.0,2026-08-02,2026-08-02,True,current_dataset,A current cataloged data product without a more specific structural role.,tunisian_retinal_oct_multidisease,1,tunisian_retinal_oct_multidisease,,,,,https://doi.org/10.6084/m9.figshare.31385596.v3,Current data products are counted once. Previous versions and unmodified alternate deposits are links only. Dataset-family counts collapse documented collection/component records and exact task views; derivatives and uncertain overlaps remain separate.
ubiris_v2,UBIRIS.v2 Noisy Visible-Wavelength Iris Database,0.6.0,2026-08-02,2026-08-02,True,current_dataset,A current cataloged data product without a more specific structural role.,ubiris_v2,1,ubiris_v2,,,,,https://iris.di.ubi.pt/index.html,Current data products are counted once. Previous versions and unmodified alternate deposits are links only. Dataset-family counts collapse documented collection/component records and exact task views; derivatives and uncertain overlaps remain separate.
umn_parhi_oct,UMN Parhi Lab AMD OCT Fluid Segmentation Dataset,0.6.0,2026-08-02,2026-08-02,True,current_dataset,A current cataloged data product without a more specific structural role.,umn_parhi_oct,1,umn_parhi_oct,,,,,http://people.ece.umn.edu/users/parhi/.DATA/OCT/DME/UMNDataset.mat,Current data products are counted once. Previous versions and unmodified alternate deposits are links only. Dataset-family counts collapse documented collection/component records and exact task views; derivatives and uncertain overlaps remain separate.
ut_fsocta,UTHealth Fundus and Synthetic OCTA Dataset,0.6.0,2026-08-02,2026-08-02,True,current_dataset,A current cataloged data product without a more specific structural role.,ut_fsocta,1,ut_fsocta,,,,,https://zenodo.org/records/6476639,Current data products are counted once. Previous versions and unmodified alternate deposits are links only. Dataset-family counts collapse documented collection/component records and exact task views; derivatives and uncertain overlaps remain separate.
uveitis_smote,Image Dataset on Eye Diseases Classification with Symptoms and SMOTE Validation,0.6.0,2026-08-02,2026-08-02,True,current_dataset,A current cataloged data product without a more specific structural role.,uveitis_smote,1,uveitis_smote,,,,,https://data.mendeley.com/datasets/n9zp473wfw/2,Current data products are counted once. Previous versions and unmodified alternate deposits are links only. Dataset-family counts collapse documented collection/component records and exact task views; derivatives and uncertain overlaps remain separate.
uwf_dr,UWF DR Reasoning Dataset,0.6.0,2026-08-02,2026-08-02,True,current_dataset,A current cataloged data product without a more specific structural role.,uwf_dr,1,uwf_dr,,,,,https://drive.google.com/drive/folders/1wOqM-O_amSwMdli4OlFnGpf4hslPgDNu,Current data products are counted once. Previous versions and unmodified alternate deposits are links only. Dataset-family counts collapse documented collection/component records and exact task views; derivatives and uncertain overlaps remain separate.
uwf_dr_peng,"UWF Fundus DR Dataset (Peng et al., 2026)",0.6.0,2026-08-02,2026-08-02,True,current_dataset,A current cataloged data product without a more specific structural role.,uwf_dr_peng,1,uwf_dr_peng,,,,,https://doi.org/10.6084/m9.figshare.31259494,Current data products are counted once. Previous versions and unmodified alternate deposits are links only. Dataset-family counts collapse documented collection/component records and exact task views; derivatives and uncertain overlaps remain separate.
uwf_tumor,UWF Fundus Intraocular Tumor Dataset,0.6.0,2026-08-02,2026-08-02,True,current_dataset,A current cataloged data product without a more specific structural role.,uwf_tumor,1,uwf_tumor,,,,,https://doi.org/10.6084/m9.figshare.27986258,Current data products are counted once. Previous versions and unmodified alternate deposits are links only. Dataset-family counts collapse documented collection/component records and exact task views; derivatives and uncertain overlaps remain separate.
uwf_zhejiang,Open UWF Fundus Dataset with Disease + Quality Labels,0.6.0,2026-08-02,2026-08-02,True,current_dataset,A current cataloged data product without a more specific structural role.,uwf_zhejiang,1,uwf_zhejiang,,,,,https://doi.org/10.6084/m9.figshare.26936446,Current data products are counted once. Previous versions and unmodified alternate deposits are links only. Dataset-family counts collapse documented collection/component records and exact task views; derivatives and uncertain overlaps remain separate.
uwhvf,UWHVF: University of Washington Humphrey Visual Field,0.6.0,2026-08-02,2026-08-02,True,current_dataset,A current cataloged data product without a more specific structural role.,uwhvf,1,uwhvf,,,,,https://github.com/uw-biomedical-ml/uwhvf/archive/refs/heads/master.zip,Current data products are counted once. Previous versions and unmodified alternate deposits are links only. Dataset-family counts collapse documented collection/component records and exact task views; derivatives and uncertain overlaps remain separate.
vietai_retinal_disease,VietAI Retinal Disease Detection 2020,0.6.0,2026-08-02,2026-08-02,True,current_dataset,A current cataloged data product without a more specific structural role.,vietai_retinal_disease,1,vietai_retinal_disease,,,multieye,https://arxiv.org/abs/2412.09402,https://www.kaggle.com/competitions/vietai-advance-retinal-disease-detection-2020/data,Current data products are counted once. Previous versions and unmodified alternate deposits are links only. Dataset-family counts collapse documented collection/component records and exact task views; derivatives and uncertain overlaps remain separate.
visual_field_test_perception,Visual Field Test Perception Dataset,0.6.0,2026-08-02,2026-08-02,True,current_dataset,A current cataloged data product without a more specific structural role.,visual_field_test_perception,1,visual_field_test_perception,,,,,https://doi.org/10.6084/m9.figshare.12443594.v2,Current data products are counted once. Previous versions and unmodified alternate deposits are links only. Dataset-family counts collapse documented collection/component records and exact task views; derivatives and uncertain overlaps remain separate.
visual_field_testing_experiment,Visual Field Testing Experiment,0.6.0,2026-08-02,2026-08-02,True,current_dataset,A current cataloged data product without a more specific structural role.,visual_field_testing_experiment,1,visual_field_testing_experiment,,,,,https://www.kaggle.com/datasets/shozosaeki/visual-field-testing-experiment,Current data products are counted once. Previous versions and unmodified alternate deposits are links only. Dataset-family counts collapse documented collection/component records and exact task views; derivatives and uncertain overlaps remain separate.
x_pcr,X-PCR Ophthalmology Progressive Clinical Reasoning Benchmark,0.6.0,2026-08-02,2026-08-02,True,derivative_dataset,"A distinct data product that reuses one or more cataloged resources and adds processing, representations, synthesis, aggregation, or benchmark structure.",x_pcr,1,x_pcr,derived_from,aptos2019|beh|deepdrid|eye_disease_image_mendeley|eyepacs|harvard_gdp|jsiec|kermany_oct|mured|oct_c8|octid|odir2019|oimhs|rfmid2,,https://huggingface.co/datasets/Fantasy666/X-PCR/tree/06a318fd852230326386e3c6514d8a11b7a6b4af,https://huggingface.co/datasets/Fantasy666/X-PCR,Current data products are counted once. Previous versions and unmodified alternate deposits are links only. Dataset-family counts collapse documented collection/component records and exact task views; derivatives and uncertain overlaps remain separate.
