record_id,canonical_name,provider,official_source_url,dataset_identifier,catalog_deposit_version,observed_deposit_version,version_matches_catalog,listing_result,expected_file_count,expected_bytes,file_index,file_path,file_bytes,mime_type,source_checksum_type,source_checksum_available,source_status,notes
anterior_uveitis_corneal_endothelium,Anterior Uveitis Corneal Endothelium Dataset,figshare,https://doi.org/10.6084/m9.figshare.32054064.v1,32054064,1,1,True,official_file_listing_confirmed,1,76212,1,dataset_uveitis_endothelium.xlsx,76212,application/vnd.openxmlformats-officedocument.spreadsheetml.sheet,md5,True,repository_file,Official version-specific Figshare file listing reviewed.
aqp4_optic_neuritis_oct_layers,AQP4 Optic Neuritis OCT Layers Dataset,figshare,https://doi.org/10.6084/m9.figshare.3209908.v1,3209908,1,1,True,official_file_listing_confirmed,1,254659,1,data base.rar,254659,application/x-rar,md5,True,repository_file,Official version-specific Figshare file listing reviewed.
asd_eye_tracking,Autism Spectrum Disorder Eye-Tracking Dataset,figshare,https://doi.org/10.6084/m9.figshare.20113592.v1,20113592,1,1,True,official_file_listing_confirmed,1,146058143,1,Eye-Tracking Dataset.zip,146058143,application/zip,md5,True,repository_file,Official version-specific Figshare file listing reviewed.
casia2_as_oct_repeatability,CASIA2 Anterior-Segment OCT Repeatability Dataset,figshare,https://doi.org/10.6084/m9.figshare.29302664.v1,29302664,1,1,True,official_file_listing_confirmed,1,374236,1,MinimalDataset_TomeyCasia2Repeatability.xlsx,374236,application/vnd.openxmlformats-officedocument.spreadsheetml.sheet,md5,True,repository_file,Official version-specific Figshare file listing reviewed.
casia2_keratometric_astigmatism,CASIA2 Keratometric Astigmatism Dataset,figshare,https://doi.org/10.6084/m9.figshare.26395018.v1,26395018,1,1,True,official_file_listing_confirmed,1,86855,1,Pantanelli_MinimalDataset.xlsx,86855,application/vnd.openxmlformats-officedocument.spreadsheetml.sheet,md5,True,repository_file,Official version-specific Figshare file listing reviewed.
cataract_iol_biometry_outcomes,Cataract IOL Biometry and Outcomes Dataset,figshare,https://doi.org/10.6084/m9.figshare.22736687.v1,22736687,1,1,True,official_file_listing_confirmed,1,46966,1,Minimal dataset for PONE-D-2304227 Predictions of corneal power vectors.xlsx,46966,application/vnd.openxmlformats-officedocument.spreadsheetml.sheet,md5,True,repository_file,Official version-specific Figshare file listing reviewed.
cataract_lenstar_biometric_symmetry,Cataract LenStar Biometric Symmetry Dataset,figshare,https://doi.org/10.6084/m9.figshare.32833895.v1,32833895,1,1,True,official_file_listing_confirmed,1,5038414,1,MinimalDatasetSymmetryLenStar.xlsx,5038414,application/vnd.openxmlformats-officedocument.spreadsheetml.sheet,md5,True,repository_file,Official version-specific Figshare file listing reviewed.
corneal_nerve_parkinsons,Corneal Nerve Parkinson Disease Dataset,figshare,https://doi.org/10.6084/m9.figshare.28189571.v1,28189571,1,1,True,official_file_listing_confirmed,1,33952,1,PPD_excel(clean1-53).xlsx,33952,application/vnd.openxmlformats-officedocument.spreadsheetml.sheet,md5,True,repository_file,Official version-specific Figshare file listing reviewed.
cyp1b1_poag_genotypes,CYP1B1 Primary Open-Angle Glaucoma Genotype Dataset,figshare,https://doi.org/10.25451/flinders.16545561.v1,16545561,1,1,True,official_file_listing_confirmed,2,88698,1,cyp1b1cleaned3.map,164,text/plain,md5,True,repository_file,Official version-specific Figshare file listing reviewed.
cyp1b1_poag_genotypes,CYP1B1 Primary Open-Angle Glaucoma Genotype Dataset,figshare,https://doi.org/10.25451/flinders.16545561.v1,16545561,1,1,True,official_file_listing_confirmed,2,88698,2,cyp1b1cleaned3.ped,88534,text/plain,md5,True,repository_file,Official version-specific Figshare file listing reviewed.
dryad_acanthamoeba_keratitis_transcriptome,Human conjunctival transcriptome in Acanthamoeba keratitis: An exploratory study,dryad,https://doi.org/10.5061/dryad.k3j9kd5fx,10.5061/dryad.k3j9kd5fx,4,4,True,official_file_listing_confirmed,4,5160475,1,conj_transcriptome_metadata.csv,514,text/csv,sha-256,True,copied,Official current-version metadata and file listing reviewed.
dryad_acanthamoeba_keratitis_transcriptome,Human conjunctival transcriptome in Acanthamoeba keratitis: An exploratory study,dryad,https://doi.org/10.5061/dryad.k3j9kd5fx,10.5061/dryad.k3j9kd5fx,4,4,True,official_file_listing_confirmed,4,5160475,2,conj_transcriptome_stringtie2_counts_md5-9660d96d.csv,3714941,text/csv,sha-256,True,copied,Official current-version metadata and file listing reviewed.
dryad_acanthamoeba_keratitis_transcriptome,Human conjunctival transcriptome in Acanthamoeba keratitis: An exploratory study,dryad,https://doi.org/10.5061/dryad.k3j9kd5fx,10.5061/dryad.k3j9kd5fx,4,4,True,official_file_listing_confirmed,4,5160475,3,ENSG_ID2Name.txt,1443551,text/plain,sha-256,True,copied,Official current-version metadata and file listing reviewed.
dryad_acanthamoeba_keratitis_transcriptome,Human conjunctival transcriptome in Acanthamoeba keratitis: An exploratory study,dryad,https://doi.org/10.5061/dryad.k3j9kd5fx,10.5061/dryad.k3j9kd5fx,4,4,True,official_file_listing_confirmed,4,5160475,4,README.md,1469,text/markdown,sha-256,True,created,Official current-version metadata and file listing reviewed.
dryad_clcc1_retinitis_pigmentosa,CLCC1 Retinitis Pigmentosa Genomics Dataset,dryad,https://doi.org/10.5061/dryad.3vv31qq,10.5061/dryad.3vv31qq,1,1,True,official_file_listing_confirmed,1,36607394,1,Raw data.zip,36607394,application/zip,md5,True,created,Official current-version metadata and file listing reviewed.
dryad_congenital_cataract_sight_restoration,Congenital Cataract Sight Restoration Dataset,dryad,https://doi.org/10.5061/dryad.0gb5mkm9b,10.5061/dryad.0gb5mkm9b,13,13,True,official_file_listing_confirmed,11,31105,1,demographics_cataract.txt,524,text/plain,sha-256,True,copied,Official current-version metadata and file listing reviewed.
dryad_congenital_cataract_sight_restoration,Congenital Cataract Sight Restoration Dataset,dryad,https://doi.org/10.5061/dryad.0gb5mkm9b,10.5061/dryad.0gb5mkm9b,13,13,True,official_file_listing_confirmed,11,31105,2,developmental.txt,5982,text/plain,sha-256,True,copied,Official current-version metadata and file listing reviewed.
dryad_congenital_cataract_sight_restoration,Congenital Cataract Sight Restoration Dataset,dryad,https://doi.org/10.5061/dryad.0gb5mkm9b,10.5061/dryad.0gb5mkm9b,13,13,True,official_file_listing_confirmed,11,31105,3,ethiopian_controls_exp1.txt,254,text/plain,sha-256,True,copied,Official current-version metadata and file listing reviewed.
dryad_congenital_cataract_sight_restoration,Congenital Cataract Sight Restoration Dataset,dryad,https://doi.org/10.5061/dryad.0gb5mkm9b,10.5061/dryad.0gb5mkm9b,13,13,True,official_file_listing_confirmed,11,31105,4,ethiopian_controls_exp2.txt,424,text/plain,sha-256,True,copied,Official current-version metadata and file listing reviewed.
dryad_congenital_cataract_sight_restoration,Congenital Cataract Sight Restoration Dataset,dryad,https://doi.org/10.5061/dryad.0gb5mkm9b,10.5061/dryad.0gb5mkm9b,13,13,True,official_file_listing_confirmed,11,31105,5,Exp1.txt,892,text/plain,sha-256,True,copied,Official current-version metadata and file listing reviewed.
dryad_congenital_cataract_sight_restoration,Congenital Cataract Sight Restoration Dataset,dryad,https://doi.org/10.5061/dryad.0gb5mkm9b,10.5061/dryad.0gb5mkm9b,13,13,True,official_file_listing_confirmed,11,31105,6,Exp2_3groups.txt,4834,text/plain,sha-256,True,copied,Official current-version metadata and file listing reviewed.
dryad_congenital_cataract_sight_restoration,Congenital Cataract Sight Restoration Dataset,dryad,https://doi.org/10.5061/dryad.0gb5mkm9b,10.5061/dryad.0gb5mkm9b,13,13,True,official_file_listing_confirmed,11,31105,7,Exp2_development.txt,4834,text/plain,sha-256,True,copied,Official current-version metadata and file listing reviewed.
dryad_congenital_cataract_sight_restoration,Congenital Cataract Sight Restoration Dataset,dryad,https://doi.org/10.5061/dryad.0gb5mkm9b,10.5061/dryad.0gb5mkm9b,13,13,True,official_file_listing_confirmed,11,31105,8,OF_cataracts.m,4171,,sha-256,True,copied,Official current-version metadata and file listing reviewed.
dryad_congenital_cataract_sight_restoration,Congenital Cataract Sight Restoration Dataset,dryad,https://doi.org/10.5061/dryad.0gb5mkm9b,10.5061/dryad.0gb5mkm9b,13,13,True,official_file_listing_confirmed,11,31105,9,OF_developmental_population.m,2427,,sha-256,True,copied,Official current-version metadata and file listing reviewed.
dryad_congenital_cataract_sight_restoration,Congenital Cataract Sight Restoration Dataset,dryad,https://doi.org/10.5061/dryad.0gb5mkm9b,10.5061/dryad.0gb5mkm9b,13,13,True,official_file_listing_confirmed,11,31105,10,patmodel.txt,4682,text/plain,sha-256,True,copied,Official current-version metadata and file listing reviewed.
dryad_congenital_cataract_sight_restoration,Congenital Cataract Sight Restoration Dataset,dryad,https://doi.org/10.5061/dryad.0gb5mkm9b,10.5061/dryad.0gb5mkm9b,13,13,True,official_file_listing_confirmed,11,31105,11,README.md,2081,text/markdown,sha-256,True,created,Official current-version metadata and file listing reviewed.
dryad_corneal_biomechanics_prostaglandin,Changes in corneal biomechanical properties after long-term topical prostaglandin therapy,dryad,https://doi.org/10.5061/dryad.d35s0,10.5061/dryad.d35s0,1,1,True,official_file_listing_confirmed,1,55426,1,Na Wu-corvis primary data.xlsx,55426,application/vnd.openxmlformats-officedocument.spreadsheetml.sheet,md5,True,created,Official current-version metadata and file listing reviewed.
dryad_corneal_conjunctivitis_biomarker,Corneal Conjunctivitis Biomarker Dataset,dryad,https://doi.org/10.5061/dryad.4j0zpc8mm,10.5061/dryad.4j0zpc8mm,3,3,True,official_file_listing_confirmed,4,8983041,1,biomarker_detection_count_data_md5-9b4b21f9.csv,8582094,text/csv,sha-256,True,copied,Official current-version metadata and file listing reviewed.
dryad_corneal_conjunctivitis_biomarker,Corneal Conjunctivitis Biomarker Dataset,dryad,https://doi.org/10.5061/dryad.4j0zpc8mm,10.5061/dryad.4j0zpc8mm,3,3,True,official_file_listing_confirmed,4,8983041,2,biomarker_detection_sample_table_md5-7bd7fef2.csv,2584,text/csv,sha-256,True,copied,Official current-version metadata and file listing reviewed.
dryad_corneal_conjunctivitis_biomarker,Corneal Conjunctivitis Biomarker Dataset,dryad,https://doi.org/10.5061/dryad.4j0zpc8mm,10.5061/dryad.4j0zpc8mm,3,3,True,official_file_listing_confirmed,4,8983041,3,ENSG_ID2Name.txt.zip,395477,application/zip,sha-256,True,copied,Official current-version metadata and file listing reviewed.
dryad_corneal_conjunctivitis_biomarker,Corneal Conjunctivitis Biomarker Dataset,dryad,https://doi.org/10.5061/dryad.4j0zpc8mm,10.5061/dryad.4j0zpc8mm,3,3,True,official_file_listing_confirmed,4,8983041,4,README.md,2886,text/markdown,sha-256,True,created,Official current-version metadata and file listing reviewed.
dryad_d1zd5s,Single cell transcriptomic analyses reveal the impact of bHLH factors on human retinal organoid development,dryad,https://doi.org/10.5068/d1zd5s,10.5068/d1zd5s,9,9,True,official_file_listing_confirmed,4,43985647,1,AEP_filtered_gene_bc_matrices_h5.h5,10466350,,sha-256,True,copied,Official current-version metadata and file listing reviewed.
dryad_d1zd5s,Single cell transcriptomic analyses reveal the impact of bHLH factors on human retinal organoid development,dryad,https://doi.org/10.5068/d1zd5s,10.5068/d1zd5s,9,9,True,official_file_listing_confirmed,4,43985647,2,DATASET_Readme.txt,9354,text/plain,sha-256,True,copied,Official current-version metadata and file listing reviewed.
dryad_d1zd5s,Single cell transcriptomic analyses reveal the impact of bHLH factors on human retinal organoid development,dryad,https://doi.org/10.5068/d1zd5s,10.5068/d1zd5s,9,9,True,official_file_listing_confirmed,4,43985647,3,GFP_filtered_gene_bc_matrices_h5.h5,14629900,,sha-256,True,copied,Official current-version metadata and file listing reviewed.
dryad_d1zd5s,Single cell transcriptomic analyses reveal the impact of bHLH factors on human retinal organoid development,dryad,https://doi.org/10.5068/d1zd5s,10.5068/d1zd5s,9,9,True,official_file_listing_confirmed,4,43985647,4,NEP_filtered_gene_bc_matrices_h5.h5,18880043,,sha-256,True,copied,Official current-version metadata and file listing reviewed.
dryad_fundus_venous_pulsation,Fundus Venous Pulsation Sequence Dataset,dryad,https://doi.org/10.5061/dryad.56f1h,10.5061/dryad.56f1h,1,1,True,official_file_listing_confirmed,2,118583295,1,Movies_Raw.zip,118581675,application/zip,md5,True,created,Official current-version metadata and file listing reviewed.
dryad_fundus_venous_pulsation,Fundus Venous Pulsation Sequence Dataset,dryad,https://doi.org/10.5061/dryad.56f1h,10.5061/dryad.56f1h,1,1,True,official_file_listing_confirmed,2,118583295,2,README_for_Movies_Raw.txt,1620,text/plain,md5,True,created,Official current-version metadata and file listing reviewed.
dryad_glaucoma_lhon_mitochondrial,Glaucoma and LHON Mitochondrial Function Dataset,dryad,https://doi.org/10.5061/dryad.2k4v4,10.5061/dryad.2k4v4,1,1,True,official_file_listing_confirmed,1,14688,1,PLOS_ONE_Measurement of systemic mitochondrial function.rar,14688,application/x-rar-compressed,md5,True,created,Official current-version metadata and file listing reviewed.
dryad_huntingtons_retinal_oct,Is retina affected in Huntington's disease? Is optical coherence tomography a good biomarker?,dryad,https://doi.org/10.5061/dryad.ncjsxksxr,10.5061/dryad.ncjsxksxr,5,5,True,official_file_listing_confirmed,2,24663,1,data.csv,20432,text/csv,sha-256,True,copied,Official current-version metadata and file listing reviewed.
dryad_huntingtons_retinal_oct,Is retina affected in Huntington's disease? Is optical coherence tomography a good biomarker?,dryad,https://doi.org/10.5061/dryad.ncjsxksxr,10.5061/dryad.ncjsxksxr,5,5,True,official_file_listing_confirmed,2,24663,2,README.md,4231,text/markdown,sha-256,True,created,Official current-version metadata and file listing reviewed.
dryad_iris_surface_features,Iris Surface Features Dataset,dryad,https://doi.org/10.5061/dryad.0kt87,10.5061/dryad.0kt87,1,1,True,official_file_listing_confirmed,1,155993,1,Iris features data.xlsx,155993,application/vnd.openxmlformats-officedocument.spreadsheetml.sheet,md5,True,created,Official current-version metadata and file listing reviewed.
dryad_nigeria_cataract_services,Nigeria Cataract Services Dataset,dryad,https://doi.org/10.5061/dryad.13bp2,10.5061/dryad.13bp2,1,1,True,official_file_listing_confirmed,2,418304,1,README_for_Wurno zone Sokoto Nigeria_2005.doc,62464,application/msword,md5,True,created,Official current-version metadata and file listing reviewed.
dryad_nigeria_cataract_services,Nigeria Cataract Services Dataset,dryad,https://doi.org/10.5061/dryad.13bp2,10.5061/dryad.13bp2,1,1,True,official_file_listing_confirmed,2,418304,2,Wurno zone Sokoto Nigeria_2005.xls,355840,application/vnd.ms-excel,md5,True,created,Official current-version metadata and file listing reviewed.
dryad_ocular_surface_amr,Ocular Surface AMR Keratitis Dataset,dryad,https://doi.org/10.5061/dryad.6t1g1jx9s,10.5061/dryad.6t1g1jx9s,7,7,True,official_file_listing_confirmed,3,12880,1,CAPRICORN_Malawi_UCSF_counts_cpm_per_patient_AMR_classes.csv,6174,text/csv,sha-256,True,copied,Official current-version metadata and file listing reviewed.
dryad_ocular_surface_amr,Ocular Surface AMR Keratitis Dataset,dryad,https://doi.org/10.5061/dryad.6t1g1jx9s,10.5061/dryad.6t1g1jx9s,7,7,True,official_file_listing_confirmed,3,12880,2,CAPRICORN_Malawi_UCSF_manuscript_data_share_metadata.csv,3811,text/csv,sha-256,True,copied,Official current-version metadata and file listing reviewed.
dryad_ocular_surface_amr,Ocular Surface AMR Keratitis Dataset,dryad,https://doi.org/10.5061/dryad.6t1g1jx9s,10.5061/dryad.6t1g1jx9s,7,7,True,official_file_listing_confirmed,3,12880,3,README.md,2895,text/markdown,sha-256,True,copied,Official current-version metadata and file listing reviewed.
dryad_optic_neuritis_metacontrast,Dichoptic metacontrast masking functions to infer transmission delay in optic neuritis,dryad,https://doi.org/10.5061/dryad.cp4j7,10.5061/dryad.cp4j7,1,1,True,official_file_listing_confirmed,1,309018,1,MetacontrastOpticNeuritis.zip,309018,application/zip,md5,True,created,Official current-version metadata and file listing reviewed.
dryad_pediatric_secondary_iol,Pediatric Secondary IOL Outcome Dataset,dryad,https://doi.org/10.5061/dryad.5t9d1,10.5061/dryad.5t9d1,1,1,True,official_file_listing_confirmed,1,21814,1,Data for secondary IOL implantation.xlsx,21814,application/vnd.openxmlformats-officedocument.spreadsheetml.sheet,md5,True,created,Official current-version metadata and file listing reviewed.
dryad_pk31jt2,Data from: Low incidence of choroidal neovascularization following subthreshold diode micropulse laser (SDM) in high-risk AMD,dryad,https://doi.org/10.5061/dryad.pk31jt2,10.5061/dryad.pk31jt2,1,1,True,official_file_listing_confirmed,1,64398,1,CNV study Updated Excel Dryad  .xlsx,64398,application/vnd.openxmlformats-officedocument.spreadsheetml.sheet,md5,True,created,Official current-version metadata and file listing reviewed.
dryad_pnvx0k6hv,Time trends and associated factors of axial length in 4 and 5 year-olds children in Shanghai from 2013 to 2019,dryad,https://doi.org/10.5061/dryad.pnvx0k6hv,10.5061/dryad.pnvx0k6hv,3,3,True,official_file_listing_confirmed,1,177499,1,Data.xlsx,177499,application/vnd.openxmlformats-officedocument.spreadsheetml.sheet,sha-256,True,copied,Official current-version metadata and file listing reviewed.
dryad_preeclampsia_ocular_octa,Plane wave ultrasound and OCT angiography of the eye in preeclampsia,dryad,https://doi.org/10.5061/dryad.j0zpc86kg,10.5061/dryad.j0zpc86kg,4,4,True,official_file_listing_confirmed,2,52502,1,PE_ran.sav,50127,,sha-256,True,copied,Official current-version metadata and file listing reviewed.
dryad_preeclampsia_ocular_octa,Plane wave ultrasound and OCT angiography of the eye in preeclampsia,dryad,https://doi.org/10.5061/dryad.j0zpc86kg,10.5061/dryad.j0zpc86kg,4,4,True,official_file_listing_confirmed,2,52502,2,README.md,2375,text/markdown,sha-256,True,created,Official current-version metadata and file listing reviewed.
dryad_pzgmsbcfw,Anti-vegf therapy in diabetic macular oedema patients over four years,dryad,https://doi.org/10.5061/dryad.pzgmsbcfw,10.5061/dryad.pzgmsbcfw,9,9,True,official_file_listing_confirmed,2,5116953,1,200319_DMO_report1_anonymised.csv,5099283,text/csv,sha-256,True,copied,Official current-version metadata and file listing reviewed.
dryad_pzgmsbcfw,Anti-vegf therapy in diabetic macular oedema patients over four years,dryad,https://doi.org/10.5061/dryad.pzgmsbcfw,10.5061/dryad.pzgmsbcfw,9,9,True,official_file_listing_confirmed,2,5116953,2,r_code_for_analysis.R,17670,application/octet-stream,sha-256,True,copied,Official current-version metadata and file listing reviewed.
dryad_rao_multiomics,Data and code from: Fatty acid metabolism reprograms immune microenvironment in retinal artery occlusion: Multi-Omics analysis highlights immunometabolic crosstalk,dryad,https://doi.org/10.5061/dryad.98sf7m0wt,10.5061/dryad.98sf7m0wt,4,4,True,official_file_listing_confirmed,4,19138637,1,Fatty_acid_metabolomics_code_and_related_data.zip,2444975,application/x-zip-compressed,sha-256,True,copied,Official current-version metadata and file listing reviewed.
dryad_rao_multiomics,Data and code from: Fatty acid metabolism reprograms immune microenvironment in retinal artery occlusion: Multi-Omics analysis highlights immunometabolic crosstalk,dryad,https://doi.org/10.5061/dryad.98sf7m0wt,10.5061/dryad.98sf7m0wt,4,4,True,official_file_listing_confirmed,4,19138637,2,Joint_analysis_code_of_metabolomics_and_transcriptomics_and_related_data.zip,5614212,application/x-zip-compressed,sha-256,True,copied,Official current-version metadata and file listing reviewed.
dryad_rao_multiomics,Data and code from: Fatty acid metabolism reprograms immune microenvironment in retinal artery occlusion: Multi-Omics analysis highlights immunometabolic crosstalk,dryad,https://doi.org/10.5061/dryad.98sf7m0wt,10.5061/dryad.98sf7m0wt,4,4,True,official_file_listing_confirmed,4,19138637,3,README.md,18836,text/markdown,sha-256,True,created,Official current-version metadata and file listing reviewed.
dryad_rao_multiomics,Data and code from: Fatty acid metabolism reprograms immune microenvironment in retinal artery occlusion: Multi-Omics analysis highlights immunometabolic crosstalk,dryad,https://doi.org/10.5061/dryad.98sf7m0wt,10.5061/dryad.98sf7m0wt,4,4,True,official_file_listing_confirmed,4,19138637,4,Transcriptomics_codes_and_related_data.zip,11060614,application/x-zip-compressed,sha-256,True,copied,Official current-version metadata and file listing reviewed.
dryad_rn8pk0p70,Socioeconomic status and decreasing incidence of ocular injuries in Bosnia and Herzegovina,dryad,https://doi.org/10.5061/dryad.rn8pk0p70,10.5061/dryad.rn8pk0p70,11,11,True,official_file_listing_confirmed,3,142972,1,DATA_SES_and_decreasing_incidence_of_ocular_injuries_in_B_H.dta,115855,,sha-256,True,copied,Official current-version metadata and file listing reviewed.
dryad_rn8pk0p70,Socioeconomic status and decreasing incidence of ocular injuries in Bosnia and Herzegovina,dryad,https://doi.org/10.5061/dryad.rn8pk0p70,10.5061/dryad.rn8pk0p70,11,11,True,official_file_listing_confirmed,3,142972,2,README.docx,18786,application/vnd.openxmlformats-officedocument.wordprocessingml.document,sha-256,True,copied,Official current-version metadata and file listing reviewed.
dryad_rn8pk0p70,Socioeconomic status and decreasing incidence of ocular injuries in Bosnia and Herzegovina,dryad,https://doi.org/10.5061/dryad.rn8pk0p70,10.5061/dryad.rn8pk0p70,11,11,True,official_file_listing_confirmed,3,142972,3,README.md,8331,text/markdown,sha-256,True,created,Official current-version metadata and file listing reviewed.
dryad_rop_plane_wave_doppler,ROP Plane-Wave Doppler Dataset,dryad,https://doi.org/10.5061/dryad.612jm649r,10.5061/dryad.612jm649r,4,4,True,official_file_listing_confirmed,2,33701,1,README.md,3121,text/markdown,sha-256,True,created,Official current-version metadata and file listing reviewed.
dryad_rop_plane_wave_doppler,ROP Plane-Wave Doppler Dataset,dryad,https://doi.org/10.5061/dryad.612jm649r,10.5061/dryad.612jm649r,4,4,True,official_file_listing_confirmed,2,33701,2,ROP_by_exam_shared2.sav,30580,,sha-256,True,copied,Official current-version metadata and file listing reviewed.
dryad_shanghai_myopia_2014_2018,"Age-related change of axial length, spherical equivalent, prevalence of myopia and high myopia in school-age children in Shanghai: 2014 to 2018",dryad,https://doi.org/10.5061/dryad.c2fqz615c,10.5061/dryad.c2fqz615c,4,4,True,official_file_listing_confirmed,2,2318884,1,DATA.xls,2306560,application/octet-stream,sha-256,True,created,Official current-version metadata and file listing reviewed.
dryad_shanghai_myopia_2014_2018,"Age-related change of axial length, spherical equivalent, prevalence of myopia and high myopia in school-age children in Shanghai: 2014 to 2018",dryad,https://doi.org/10.5061/dryad.c2fqz615c,10.5061/dryad.c2fqz615c,4,4,True,official_file_listing_confirmed,2,2318884,2,README.docx,12324,application/octet-stream,sha-256,True,created,Official current-version metadata and file listing reviewed.
dryad_tb_uveitis_ifn,Type 1 interferon-inducible gene expression in QuantiFERON Gold TB-positive uveitis: a tool to stratify a high versus low risk of active tuberculosis?,dryad,https://doi.org/10.5061/dryad.8jk03jd,10.5061/dryad.8jk03jd,1,1,True,official_file_listing_confirmed,1,52469,1,Type I IFN gene signature - a tool to stratify high vs low-risk TB uveitis?.xlsx,52469,application/vnd.openxmlformats-officedocument.spreadsheetml.sheet,md5,True,created,Official current-version metadata and file listing reviewed.
dryad_v6wwpzh1b,Data from: Micropulse transscleral cyclophotocoagulation results in secondary glaucoma,dryad,https://doi.org/10.5061/dryad.v6wwpzh1b,10.5061/dryad.v6wwpzh1b,4,4,True,official_file_listing_confirmed,2,14771,1,Data_Dryad.xlsx,12219,application/vnd.openxmlformats-officedocument.spreadsheetml.sheet,sha-256,True,copied,Official current-version metadata and file listing reviewed.
dryad_v6wwpzh1b,Data from: Micropulse transscleral cyclophotocoagulation results in secondary glaucoma,dryad,https://doi.org/10.5061/dryad.v6wwpzh1b,10.5061/dryad.v6wwpzh1b,4,4,True,official_file_listing_confirmed,2,14771,2,README.md,2552,text/markdown,sha-256,True,created,Official current-version metadata and file listing reviewed.
dryad_v9p0b,Data from: Retinal capillary rarefaction in patients with untreated mild-moderate hypertension,dryad,https://doi.org/10.5061/dryad.v9p0b,10.5061/dryad.v9p0b,1,1,True,official_file_listing_confirmed,1,34844,1,CapillaryRarefactionFinalsav.sav,34844,application/octet-stream,md5,True,created,Official current-version metadata and file listing reviewed.
dryad_vkh_apoe,VKH APOE Transcriptomics and Proteomics Dataset,dryad,https://doi.org/10.5061/dryad.37pvmcvzx,10.5061/dryad.37pvmcvzx,3,3,True,official_file_listing_confirmed,5,68879258875,1,Differentially_expressed_genes_ratio.csv,1523302,text/csv,sha-256,True,copied,Official current-version metadata and file listing reviewed.
dryad_vkh_apoe,VKH APOE Transcriptomics and Proteomics Dataset,dryad,https://doi.org/10.5061/dryad.37pvmcvzx,10.5061/dryad.37pvmcvzx,3,3,True,official_file_listing_confirmed,5,68879258875,2,Differentially_expressed_proteins.csv,1085855,text/csv,sha-256,True,copied,Official current-version metadata and file listing reviewed.
dryad_vkh_apoe,VKH APOE Transcriptomics and Proteomics Dataset,dryad,https://doi.org/10.5061/dryad.37pvmcvzx,10.5061/dryad.37pvmcvzx,3,3,True,official_file_listing_confirmed,5,68879258875,3,Proteomics.zip,1209706245,application/x-zip-compressed,sha-256,True,copied,Official current-version metadata and file listing reviewed.
dryad_vkh_apoe,VKH APOE Transcriptomics and Proteomics Dataset,dryad,https://doi.org/10.5061/dryad.37pvmcvzx,10.5061/dryad.37pvmcvzx,3,3,True,official_file_listing_confirmed,5,68879258875,4,README.md,4251,text/markdown,sha-256,True,created,Official current-version metadata and file listing reviewed.
dryad_vkh_apoe,VKH APOE Transcriptomics and Proteomics Dataset,dryad,https://doi.org/10.5061/dryad.37pvmcvzx,10.5061/dryad.37pvmcvzx,3,3,True,official_file_listing_confirmed,5,68879258875,5,VKH_Bulk-seq.zip,67666939222,application/x-zip-compressed,sha-256,True,copied,Official current-version metadata and file listing reviewed.
dual_scheimpflug_ss_oct_biometry,Dual Scheimpflug and Swept-Source OCT Biometry Dataset,figshare,https://doi.org/10.6084/m9.figshare.16828996.v1,16828996,1,1,True,official_file_listing_confirmed,1,22913,1,Dataset Clinical Evaluation of Ocular Biometry of Dual Scheimpflug Analyzer and Swept Source Optical Coherence Tomography.xlsx,22913,application/vnd.openxmlformats-officedocument.spreadsheetml.sheet,md5,True,repository_file,Official version-specific Figshare file listing reviewed.
external_eye_blepharitis,External Eye Photographs for Screening Referable Blepharitis,mendeley,https://data.mendeley.com/datasets/bp37vw4z8d/1,bp37vw4z8d,1,1,True,official_archive_route_confirmed,,42027691,,,,,,,,"The current version-specific Download All route returned an official ZIP archive. Internal files will be enumerated during content inspection. The bearer-token response reflects the retired OAuth audience, not source unavailability."
glaucoma_oct_fundus,Glaucoma Detection Dataset with OCT and Fundus Images,figshare,https://doi.org/10.6084/m9.figshare.32051124.v1,32051124,1,1,True,official_file_listing_confirmed,1,4428017634,1,Glaucoma_Retinal_Dataset.zip,4428017634,application/zip,md5,True,repository_file,Official version-specific Figshare file listing reviewed.
hassan_composite_retina,Composite Retinal Fundus and OCT Dataset with Clinical Markings,mendeley,https://data.mendeley.com/datasets/trghs22fpg/4,trghs22fpg,4,4,True,official_archive_route_confirmed,,1539361597,,,,,,,,"The current version-specific Download All route returned an official ZIP archive. Internal files will be enumerated during content inspection. The bearer-token response reflects the retired OAuth audience, not source unavailability."
hesc_retinal_organoid_early_differentiation,hESC-Derived Retinal Organoid Early Differentiation Imaging Dataset,figshare,https://doi.org/10.6084/m9.figshare.30102802.v1,30102802,1,1,True,official_file_listing_confirmed,13,4771203442,1,RO-Imaging-BF.zip,157467600,application/octet-stream,md5,True,repository_file,Official version-specific Figshare file listing reviewed.
hesc_retinal_organoid_early_differentiation,hESC-Derived Retinal Organoid Early Differentiation Imaging Dataset,figshare,https://doi.org/10.6084/m9.figshare.30102802.v1,30102802,1,1,True,official_file_listing_confirmed,13,4771203442,2,RO-Imaging-BF.z01,419430400,application/zip,md5,True,repository_file,Official version-specific Figshare file listing reviewed.
hesc_retinal_organoid_early_differentiation,hESC-Derived Retinal Organoid Early Differentiation Imaging Dataset,figshare,https://doi.org/10.6084/m9.figshare.30102802.v1,30102802,1,1,True,official_file_listing_confirmed,13,4771203442,3,RO-Imaging-BF.z02,419430400,application/octet-stream,md5,True,repository_file,Official version-specific Figshare file listing reviewed.
hesc_retinal_organoid_early_differentiation,hESC-Derived Retinal Organoid Early Differentiation Imaging Dataset,figshare,https://doi.org/10.6084/m9.figshare.30102802.v1,30102802,1,1,True,official_file_listing_confirmed,13,4771203442,4,RO-Imaging-BF.z03,419430400,application/octet-stream,md5,True,repository_file,Official version-specific Figshare file listing reviewed.
hesc_retinal_organoid_early_differentiation,hESC-Derived Retinal Organoid Early Differentiation Imaging Dataset,figshare,https://doi.org/10.6084/m9.figshare.30102802.v1,30102802,1,1,True,official_file_listing_confirmed,13,4771203442,5,RO-Imaging-BF.z04,419430400,application/octet-stream,md5,True,repository_file,Official version-specific Figshare file listing reviewed.
hesc_retinal_organoid_early_differentiation,hESC-Derived Retinal Organoid Early Differentiation Imaging Dataset,figshare,https://doi.org/10.6084/m9.figshare.30102802.v1,30102802,1,1,True,official_file_listing_confirmed,13,4771203442,6,RO-Imaging-BF.z05,419430400,application/octet-stream,md5,True,repository_file,Official version-specific Figshare file listing reviewed.
hesc_retinal_organoid_early_differentiation,hESC-Derived Retinal Organoid Early Differentiation Imaging Dataset,figshare,https://doi.org/10.6084/m9.figshare.30102802.v1,30102802,1,1,True,official_file_listing_confirmed,13,4771203442,7,RO-Imaging-BF.z06,419430400,application/octet-stream,md5,True,repository_file,Official version-specific Figshare file listing reviewed.
hesc_retinal_organoid_early_differentiation,hESC-Derived Retinal Organoid Early Differentiation Imaging Dataset,figshare,https://doi.org/10.6084/m9.figshare.30102802.v1,30102802,1,1,True,official_file_listing_confirmed,13,4771203442,8,RO-Imaging-BF.z08,419430400,application/octet-stream,md5,True,repository_file,Official version-specific Figshare file listing reviewed.
hesc_retinal_organoid_early_differentiation,hESC-Derived Retinal Organoid Early Differentiation Imaging Dataset,figshare,https://doi.org/10.6084/m9.figshare.30102802.v1,30102802,1,1,True,official_file_listing_confirmed,13,4771203442,9,RO-Imaging-BF.z09,419430400,application/octet-stream,md5,True,repository_file,Official version-specific Figshare file listing reviewed.
hesc_retinal_organoid_early_differentiation,hESC-Derived Retinal Organoid Early Differentiation Imaging Dataset,figshare,https://doi.org/10.6084/m9.figshare.30102802.v1,30102802,1,1,True,official_file_listing_confirmed,13,4771203442,10,RO-Imaging-BF.z10,419430400,application/octet-stream,md5,True,repository_file,Official version-specific Figshare file listing reviewed.
hesc_retinal_organoid_early_differentiation,hESC-Derived Retinal Organoid Early Differentiation Imaging Dataset,figshare,https://doi.org/10.6084/m9.figshare.30102802.v1,30102802,1,1,True,official_file_listing_confirmed,13,4771203442,11,RO-Imaging-BF.z11,419430400,application/octet-stream,md5,True,repository_file,Official version-specific Figshare file listing reviewed.
hesc_retinal_organoid_early_differentiation,hESC-Derived Retinal Organoid Early Differentiation Imaging Dataset,figshare,https://doi.org/10.6084/m9.figshare.30102802.v1,30102802,1,1,True,official_file_listing_confirmed,13,4771203442,12,RO-Imaging-BF.z07,419430400,application/octet-stream,md5,True,repository_file,Official version-specific Figshare file listing reviewed.
hesc_retinal_organoid_early_differentiation,hESC-Derived Retinal Organoid Early Differentiation Imaging Dataset,figshare,https://doi.org/10.6084/m9.figshare.30102802.v1,30102802,1,1,True,official_file_listing_confirmed,13,4771203442,13,README.txt,1442,text/plain,md5,True,repository_file,Official version-specific Figshare file listing reviewed.
hesc_rpe_electrical_excitability,hESC-Derived RPE Electrical Excitability Dataset,figshare,https://doi.org/10.6084/m9.figshare.22246969.v2,22246969,2,2,True,official_file_listing_confirmed,1,1691658524,1,Data supplement.7z,1691658524,application/x-7z-compressed,md5,True,repository_file,Official version-specific Figshare file listing reviewed.
hybridgaze,HybridGaze Dataset,kaggle,https://www.kaggle.com/datasets/michachwesiuk/hybridgaze,michachwesiuk/hybridgaze,,,True,official_file_listing_confirmed,2,46461295048,1,HybridGaze.h5,46461295048,,,False,repository_file,Official Kaggle client file listing reviewed. The listing endpoint does not expose a stable deposit-version identifier.
hybridgaze,HybridGaze Dataset,kaggle,https://www.kaggle.com/datasets/michachwesiuk/hybridgaze,michachwesiuk/hybridgaze,,,True,official_file_listing_confirmed,2,46461295048,2,readme.txt,0,,,False,repository_file,Official Kaggle client file listing reviewed. The listing endpoint does not expose a stable deposit-version identifier.
mendeley_3_year_follow_up_optic_neuritis,a 3-year follow-up of optic neuritis phenotypes in Chinese cohort,mendeley,https://data.mendeley.com/datasets/zvb55v8mzw,zvb55v8mzw,1,1,True,official_archive_route_confirmed,,23037,,,,,,,,"The current version-specific Download All route returned an official ZIP archive. Internal files will be enumerated during content inspection. The bearer-token response reflects the retired OAuth audience, not source unavailability."
mendeley_adjuvant_ketorolac_dexamethasone_hypoxic_human_retinal,Adjuvant Ketorolac and Dexamethasone + Hypoxic Human Retinal Pigment Epithelium (RPE) and Endothelial Cells (HREC),mendeley,https://data.mendeley.com/datasets/xzf382pby9,xzf382pby9,1,1,True,official_archive_route_confirmed,,6369,,,,,,,,"The current version-specific Download All route returned an official ZIP archive. Internal files will be enumerated during content inspection. The bearer-token response reflects the retired OAuth audience, not source unavailability."
mendeley_analysis_macular_pigment_carotenoids_human_blood,Analysis of macular pigment carotenoids in human blood serum of glaucoma patients as a measure of ocular health: A Raman spectroscopic study,mendeley,https://data.mendeley.com/datasets/8pwpbcrjd8,8pwpbcrjd8,1,1,True,official_archive_route_confirmed,,9184269,,,,,,,,"The current version-specific Download All route returned an official ZIP archive. Internal files will be enumerated during content inspection. The bearer-token response reflects the retired OAuth audience, not source unavailability."
mendeley_annotated_infant_fundus_images_object_detection,Annotated Infant Fundus Images for Object Detection of Key Structures (Optic Disk and Macula),mendeley,https://data.mendeley.com/datasets/9kvk7nkhx6,9kvk7nkhx6,4,4,True,official_archive_route_confirmed,,1249251773,,,,,,,,"The current version-specific Download All route returned an official ZIP archive. Internal files will be enumerated during content inspection. The bearer-token response reflects the retired OAuth audience, not source unavailability."
mendeley_anterior_segment_optical_coherence_tomography_angiography,Data for: Anterior Segment Optical Coherence Tomography Angiography Imaging of Conjunctiva and Intrasclera in Treated Primary Open-Angle Glaucoma,mendeley,https://data.mendeley.com/datasets/tsh3xwbkkg,tsh3xwbkkg,2,2,True,official_archive_route_confirmed,,22455,,,,,,,,"The current version-specific Download All route returned an official ZIP archive. Internal files will be enumerated during content inspection. The bearer-token response reflects the retired OAuth audience, not source unavailability."
mendeley_application_machine_learning_detecting_iron_deficiency,Application of Machine Learning in Detecting Iron Deficiency Anemia Using  Conjunctiva image Dataset from Ghana,mendeley,https://data.mendeley.com/datasets/nt7r8hv2pz,nt7r8hv2pz,1,1,True,official_archive_route_confirmed,,45875429,,,,,,,,"The current version-specific Download All route returned an official ZIP archive. Internal files will be enumerated during content inspection. The bearer-token response reflects the retired OAuth audience, not source unavailability."
mendeley_cell_types_human_retina_its_organoids,Cell types of the human retina and its organoids at single-cell resolution. Cowan et al,mendeley,https://data.mendeley.com/datasets/sm67hr5bpm,sm67hr5bpm,1,1,True,official_archive_route_confirmed,,2634423250,,,,,,,,"The current version-specific Download All route returned an official ZIP archive. Internal files will be enumerated during content inspection. The bearer-token response reflects the retired OAuth audience, not source unavailability."
mendeley_changes_retinal_photosensitivity_diabetic_retinopathy_therapy,Changes in retinal photosensitivity in diabetic retinopathy therapy,mendeley,https://data.mendeley.com/datasets/tsf8b4yj3j,tsf8b4yj3j,1,1,True,official_archive_route_confirmed,,962083,,,,,,,,"The current version-specific Download All route returned an official ZIP archive. Internal files will be enumerated during content inspection. The bearer-token response reflects the retired OAuth audience, not source unavailability."
mendeley_chemical_reprogramming_fibroblasts_into_functional_retinal,Chemical Reprogramming of Fibroblasts into Functional Retinal Pigment Epithelium Cells,mendeley,https://data.mendeley.com/datasets/sg2rywwwxb,sg2rywwwxb,1,1,True,official_archive_route_confirmed,,800743764,,,,,,,,"The current version-specific Download All route returned an official ZIP archive. Internal files will be enumerated during content inspection. The bearer-token response reflects the retired OAuth audience, not source unavailability."
mendeley_clinical_application_cyanoacrylate_tissue_adhesive_pediatric,Clinical Application of Cyanoacrylate Tissue Adhesive in Pediatric Ophthalmic Emergency: A Randomized Controlled Study,mendeley,https://data.mendeley.com/datasets/ctnygyvwt5,ctnygyvwt5,1,1,True,official_archive_route_confirmed,,24529,,,,,,,,"The current version-specific Download All route returned an official ZIP archive. Internal files will be enumerated during content inspection. The bearer-token response reflects the retired OAuth audience, not source unavailability."
mendeley_clinical_assessment_scleral_canal_expansion_glaucoma,Data for: Clinical Assessment of Scleral Canal Expansion in Glaucoma Using Spectral Domain Optical Coherence Tomography,mendeley,https://data.mendeley.com/datasets/7x3tgtskyj,7x3tgtskyj,2,2,True,official_archive_route_confirmed,,11108,,,,,,,,"The current version-specific Download All route returned an official ZIP archive. Internal files will be enumerated during content inspection. The bearer-token response reflects the retired OAuth audience, not source unavailability."
mendeley_code_manuscript_fixational_eye_movements_as,Data and code for manuscript: Fixational eye movements as active sensation for high visual acuity,mendeley,https://data.mendeley.com/datasets/p7dyyrfds6,p7dyyrfds6,2,2,True,official_archive_route_confirmed,,41689690,,,,,,,,"The current version-specific Download All route returned an official ZIP archive. Internal files will be enumerated during content inspection. The bearer-token response reflects the retired OAuth audience, not source unavailability."
mendeley_comparison_aqueous_humor_levels_plgf_vegf,Data for: Comparison of aqueous humor levels of PlGF and VEGF in proliferative diabetic retinopathy before and after intravitreal conbercept injection,mendeley,https://data.mendeley.com/datasets/wtcc9fcjdy,wtcc9fcjdy,1,1,True,official_archive_route_confirmed,,186054,,,,,,,,"The current version-specific Download All route returned an official ZIP archive. Internal files will be enumerated during content inspection. The bearer-token response reflects the retired OAuth audience, not source unavailability."
mendeley_comparison_cervical_ocular_vestibular_evoked_myogenic,Comparison of Cervical and Ocular Vestibular Evoked Myogenic Potentials Among Individuals with Hearing Impairment Aged 50–70 Years,mendeley,https://data.mendeley.com/datasets/2jkhncb5kw,2jkhncb5kw,1,1,True,official_archive_route_confirmed,,20711,,,,,,,,"The current version-specific Download All route returned an official ZIP archive. Internal files will be enumerated during content inspection. The bearer-token response reflects the retired OAuth audience, not source unavailability."
mendeley_comparison_clinical_outcomes_visual_quality_visual,"Comparison of clinical outcomes, visual quality and visual function of two presbyopia-correcting intraocular lenses made from the same material, but with different design and optics",mendeley,https://data.mendeley.com/datasets/y6n5k7s6f7,y6n5k7s6f7,1,1,True,official_archive_route_confirmed,,341499,,,,,,,,"The current version-specific Download All route returned an official ZIP archive. Internal files will be enumerated during content inspection. The bearer-token response reflects the retired OAuth audience, not source unavailability."
mendeley_comparison_ocular_biometry_using_new_opticalcoherence,Comparison of ocular biometry using new OpticalCoherence Tomography-based Optical Biometer with Other Device. ,mendeley,https://data.mendeley.com/datasets/kwv73shvxh,kwv73shvxh,1,1,True,official_archive_route_confirmed,,121470,,,,,,,,"The current version-specific Download All route returned an official ZIP archive. Internal files will be enumerated during content inspection. The bearer-token response reflects the retired OAuth audience, not source unavailability."
mendeley_comparison_retinal_choroidal_vascular_changes_via,Comparison of retinal and choroidal vascular changes via optical coherence tomography angiography between Pseudoexfoliative glaucoma and Pseudoexfoliative syndrome and control group,mendeley,https://data.mendeley.com/datasets/3m8fcfmp9j,3m8fcfmp9j,1,1,True,official_archive_route_confirmed,,16990,,,,,,,,"The current version-specific Download All route returned an official ZIP archive. Internal files will be enumerated during content inspection. The bearer-token response reflects the retired OAuth audience, not source unavailability."
mendeley_comparison_two_novel_comfilcon_contact_lens,Comparison of Two Novel Comfilcon A Contact Lens Designs in the Management of Computer Vision Syndrome: A Pilot Study ,mendeley,https://data.mendeley.com/datasets/fnbxs7gb82,fnbxs7gb82,1,1,True,official_archive_route_confirmed,,49758,,,,,,,,"The current version-specific Download All route returned an official ZIP archive. Internal files will be enumerated during content inspection. The bearer-token response reflects the retired OAuth audience, not source unavailability."
mendeley_conjunctival_melanoma_detection_using_deep_learning,Conjunctival melanoma detection using deep learning in smartphone images,mendeley,https://data.mendeley.com/datasets/t75wjsw6bw,t75wjsw6bw,2,2,True,official_archive_route_confirmed,,78861144,,,,,,,,"The current version-specific Download All route returned an official ZIP archive. Internal files will be enumerated during content inspection. The bearer-token response reflects the retired OAuth audience, not source unavailability."
mendeley_contrast_sensitivity_visual_acuity_multifocal_contact,Data for: Contrast sensitivity and visual acuity with multifocal contact lenses with high additions dedicated for myopia progression control ,mendeley,https://data.mendeley.com/datasets/j5cw4wn23y,j5cw4wn23y,1,1,True,official_archive_route_confirmed,,22135,,,,,,,,"The current version-specific Download All route returned an official ZIP archive. Internal files will be enumerated during content inspection. The bearer-token response reflects the retired OAuth audience, not source unavailability."
mendeley_corneal_higher_order_aberrations_stevens_johnson,Data for: Corneal Higher-order Aberrations in Stevens-Johnson Syndrome and Toxic Epidermal Necrolysis,mendeley,https://data.mendeley.com/datasets/2k96xky4rf,2k96xky4rf,1,1,True,official_archive_route_confirmed,,261102,,,,,,,,"The current version-specific Download All route returned an official ZIP archive. Internal files will be enumerated during content inspection. The bearer-token response reflects the retired OAuth audience, not source unavailability."
mendeley_cost_effectiveness_limited_vitrectomy_vision_degrading,Data for: Cost Effectiveness of Limited Vitrectomy for Vision Degrading Myodesopsia,mendeley,https://data.mendeley.com/datasets/487dpg7v38,487dpg7v38,1,1,True,official_archive_route_confirmed,,43557,,,,,,,,"The current version-specific Download All route returned an official ZIP archive. Internal files will be enumerated during content inspection. The bearer-token response reflects the retired OAuth audience, not source unavailability."
mendeley_cp_anemic_conjunctival_pallor_ghana,CP-AnemiC (A Conjunctival Pallor) Dataset from Ghana,mendeley,https://data.mendeley.com/datasets/m53vz6b7fx,m53vz6b7fx,1,1,True,official_archive_route_confirmed,,8080717,,,,,,,,"The current version-specific Download All route returned an official ZIP archive. Internal files will be enumerated during content inspection. The bearer-token response reflects the retired OAuth audience, not source unavailability."
mendeley_deep_learning_prediction_uncorrected_refractive_error,Deep Learning for the Prediction of Uncorrected Refractive Error using OCT,mendeley,https://data.mendeley.com/datasets/89z7h5gnpw,89z7h5gnpw,2,2,True,official_archive_route_confirmed,,4938285,,,,,,,,"The current version-specific Download All route returned an official ZIP archive. Internal files will be enumerated during content inspection. The bearer-token response reflects the retired OAuth audience, not source unavailability."
mendeley_development_deep_learning_based_system_optic,Dataset for - Development of a Deep Learning-based system for Optic Nerve characterization in Transorbital Ultrasound Images on a multicenter dataset,mendeley,https://data.mendeley.com/datasets/kw8gvp8m8x,kw8gvp8m8x,1,1,True,official_archive_route_confirmed,,6838621156,,,,,,,,"The current version-specific Download All route returned an official ZIP archive. Internal files will be enumerated during content inspection. The bearer-token response reflects the retired OAuth audience, not source unavailability."
mendeley_development_deep_learning_model_epiretinal_membrane,Development of a deep learning model for epiretinal membrane detection in fundus photography,mendeley,https://data.mendeley.com/datasets/jrgntpv8b8,jrgntpv8b8,1,1,True,official_archive_route_confirmed,,1432114,,,,,,,,"The current version-specific Download All route returned an official ZIP archive. Internal files will be enumerated during content inspection. The bearer-token response reflects the retired OAuth audience, not source unavailability."
mendeley_difference_retinal_nerve_fiber_layer_thickness,Data for: Difference of the Retinal Nerve Fiber Layer Thickness Assessed on the Disc Center and Bruch’s Membrane Opening Center in Myopic Eyes,mendeley,https://data.mendeley.com/datasets/dtz8wmt5xt,dtz8wmt5xt,1,1,True,official_archive_route_confirmed,,5457,,,,,,,,"The current version-specific Download All route returned an official ZIP archive. Internal files will be enumerated during content inspection. The bearer-token response reflects the retired OAuth audience, not source unavailability."
mendeley_digital_holograms_rbcs_glaucoma_patients_healthy,Digital holograms of RBCs from the glaucoma patients and healthy controls,mendeley,https://data.mendeley.com/datasets/tryd7r3wct,tryd7r3wct,3,3,True,official_archive_route_confirmed,,4656786686,,,,,,,,"The current version-specific Download All route returned an official ZIP archive. Internal files will be enumerated during content inspection. The bearer-token response reflects the retired OAuth audience, not source unavailability."
mendeley_dme_classification_fundus_imaging_vision_transformers,DME Classification in Fundus Imaging with Vision Transformers and ETDRS-Guided Annotation,mendeley,https://data.mendeley.com/datasets/sdcfn87pvs,sdcfn87pvs,1,1,True,official_archive_route_confirmed,,1053540233,,,,,,,,"The current version-specific Download All route returned an official ZIP archive. Internal files will be enumerated during content inspection. The bearer-token response reflects the retired OAuth audience, not source unavailability."
mendeley_dry_eye_symptoms_children_can_we,Dry eye symptoms in children: can we reliably measure them?,mendeley,https://data.mendeley.com/datasets/h79366vw73,h79366vw73,1,1,True,official_archive_route_confirmed,,36954,,,,,,,,"The current version-specific Download All route returned an official ZIP archive. Internal files will be enumerated during content inspection. The bearer-token response reflects the retired OAuth audience, not source unavailability."
mendeley_early_detection_glaucomatous_visual_field_progression,Data for: Early Detection of Glaucomatous Visual Field Progression Using Pointwise Linear Regression with Binomial Test in the Central 10 Degrees,mendeley,https://data.mendeley.com/datasets/w34s5mhvpm,w34s5mhvpm,1,1,True,official_archive_route_confirmed,,81660,,,,,,,,"The current version-specific Download All route returned an official ZIP archive. Internal files will be enumerated during content inspection. The bearer-token response reflects the retired OAuth audience, not source unavailability."
mendeley_effect_adlay_seed_extract_on_level,Effect of Adlay Seed Extract on the Level of Neuroprotection Gene Expression in Human Nasal Orbital Mesenchymal Stem Cells ,mendeley,https://data.mendeley.com/datasets/x7rcj9yz65,x7rcj9yz65,1,1,True,official_archive_route_confirmed,,178781,,,,,,,,"The current version-specific Download All route returned an official ZIP archive. Internal files will be enumerated during content inspection. The bearer-token response reflects the retired OAuth audience, not source unavailability."
mendeley_effect_central_hole_location_phakic_intraocular,Data for: Effect of Central Hole Location of Phakic Intraocular Lens on Visual Function under Progressive Headlight Glare Sources.,mendeley,https://data.mendeley.com/datasets/jjknx3wbkf,jjknx3wbkf,1,1,True,official_archive_route_confirmed,,14757,,,,,,,,"The current version-specific Download All route returned an official ZIP archive. Internal files will be enumerated during content inspection. The bearer-token response reflects the retired OAuth audience, not source unavailability."
mendeley_effect_one_hour_smartphone_gaming_on,"The effect of one hour smartphone gaming on blinking, ocular symptoms and tear film function in school-aged children ",mendeley,https://data.mendeley.com/datasets/zn64p6r992,zn64p6r992,1,1,True,official_archive_preparing,,,,,,,,,,"The official current-version page reports that its Download All archive is being prepared. This is a temporary source state, not a credential or dataset failure."
mendeley_effect_prednisone_plus_either_adalimumab_or,Effect of prednisone plus either adalimumab or cyclosporine on dermatological symptoms in Vogt-Koyanagi-Harada disease: systemic outcomes from a randomized trial,mendeley,https://data.mendeley.com/datasets/yzv3mrvwf4,yzv3mrvwf4,1,1,True,official_archive_route_confirmed,,225732,,,,,,,,"The current version-specific Download All route returned an official ZIP archive. Internal files will be enumerated during content inspection. The bearer-token response reflects the retired OAuth audience, not source unavailability."
mendeley_efficacy_combined_orthokeratology_0_01_atropine,Dataset for: Efficacy of combined orthokeratology and 0.01% atropine solution for slowing axial elongation in children with myopia: a 2-year randomised trial,mendeley,https://data.mendeley.com/datasets/y58rh8bfkv,y58rh8bfkv,7,7,True,official_archive_route_confirmed,,106903,,,,,,,,"The current version-specific Download All route returned an official ZIP archive. Internal files will be enumerated during content inspection. The bearer-token response reflects the retired OAuth audience, not source unavailability."
mendeley_et_pd_vis_eye_tracking_visualization,ET_PD_VIS: Eye Tracking Visualization Dataset on Trail Making Test for Parkinson’s Disease Analysis ,mendeley,https://data.mendeley.com/datasets/83htprx9y6,83htprx9y6,1,1,True,official_archive_route_confirmed,,72222368,,,,,,,,"The current version-specific Download All route returned an official ZIP archive. Internal files will be enumerated during content inspection. The bearer-token response reflects the retired OAuth audience, not source unavailability."
mendeley_evaluation_dry_eye_severity_ocular_surface,Evaluation of dry eye severity and ocular surface inflammation in patients with pemphigus and pemphigoid,mendeley,https://data.mendeley.com/datasets/zzgw9t9jsy,zzgw9t9jsy,1,1,True,official_archive_route_confirmed,,23020,,,,,,,,"The current version-specific Download All route returned an official ZIP archive. Internal files will be enumerated during content inspection. The bearer-token response reflects the retired OAuth audience, not source unavailability."
mendeley_evaluation_refractive_visual_outcomes_as_well,"Evaluation of refractive and visual outcomes, as well as astigmatism-correcting efficiency and rotational stability of a double-loop haptic toric intraocular lens - a one-year follow-up",mendeley,https://data.mendeley.com/datasets/r2v99nw7vg,r2v99nw7vg,1,1,True,official_archive_route_confirmed,,29702,,,,,,,,"The current version-specific Download All route returned an official ZIP archive. Internal files will be enumerated during content inspection. The bearer-token response reflects the retired OAuth audience, not source unavailability."
mendeley_fferg_reference_healthy_controls_university_eye,ffERG Reference Data from Healthy Controls (University Eye Hospital Tuebingen),mendeley,https://data.mendeley.com/datasets/37wxt2ybvj,37wxt2ybvj,1,1,True,official_archive_route_confirmed,,39651,,,,,,,,"The current version-specific Download All route returned an official ZIP archive. Internal files will be enumerated during content inspection. The bearer-token response reflects the retired OAuth audience, not source unavailability."
mendeley_foveal_cone_photoreceptor_outer_segment_length,Foveal cone photoreceptor outer segment length and cone density,mendeley,https://data.mendeley.com/datasets/89rykrg8j2,89rykrg8j2,1,1,True,official_archive_route_confirmed,,7196525899,,,,,,,,"The current version-specific Download All route returned an official ZIP archive. Internal files will be enumerated during content inspection. The bearer-token response reflects the retired OAuth audience, not source unavailability."
mendeley_fundus_autofluorescence_premature_infants,Fundus Autofluorescence in Premature Infants,mendeley,https://data.mendeley.com/datasets/k5jsssjtmz,k5jsssjtmz,1,1,True,official_archive_route_confirmed,,286765293,,,,,,,,"The current version-specific Download All route returned an official ZIP archive. Internal files will be enumerated during content inspection. The bearer-token response reflects the retired OAuth audience, not source unavailability."
mendeley_fundus_mctn,Fundus dataset of MCTN,mendeley,https://data.mendeley.com/datasets/spz4b8tbzt,spz4b8tbzt,1,1,True,official_archive_route_confirmed,,81493400,,,,,,,,"The current version-specific Download All route returned an official ZIP archive. Internal files will be enumerated during content inspection. The bearer-token response reflects the retired OAuth audience, not source unavailability."
mendeley_hpsc_derived_photoreceptor_axon_extension_growth,hPSC-derived Photoreceptor Axon Extension and Growth Cone Motility Data Sets and Code,mendeley,https://data.mendeley.com/datasets/cpy5j23354,cpy5j23354,1,1,True,official_archive_route_confirmed,,1735502,,,,,,,,"The current version-specific Download All route returned an official ZIP archive. Internal files will be enumerated during content inspection. The bearer-token response reflects the retired OAuth audience, not source unavailability."
mendeley_human_foveal_cone_topography_preferred_retinal,Human foveal cone topography and preferred retinal locus of fixation,mendeley,https://data.mendeley.com/datasets/9gkpxsmz23,9gkpxsmz23,1,1,True,official_archive_route_confirmed,,14217597,,,,,,,,"The current version-specific Download All route returned an official ZIP archive. Internal files will be enumerated during content inspection. The bearer-token response reflects the retired OAuth audience, not source unavailability."
mendeley_human_mesenchymal_stem_cells_derived_adipose,Human mesenchymal stem cells derived from adipose tissue showed greater effect than from umbilical cord in promoting corneal graft survival through suppressing lymphangiogenesis,mendeley,https://data.mendeley.com/datasets/bm45p4tcbz,bm45p4tcbz,1,1,True,official_archive_route_confirmed,,12771788,,,,,,,,"The current version-specific Download All route returned an official ZIP archive. Internal files will be enumerated during content inspection. The bearer-token response reflects the retired OAuth audience, not source unavailability."
mendeley_hvdropdb_datasets_classification_segmentation_research_retinopathy,"HVDROPDB Datasets for Classification and Segmentation for Research in Retinopathy of Prematurity, Ranjana Agrawal",mendeley,https://data.mendeley.com/datasets/xw5xc7xrmp,xw5xc7xrmp,3,3,True,official_archive_route_confirmed,,549276271,,,,,,,,"The current version-specific Download All route returned an official ZIP archive. Internal files will be enumerated during content inspection. The bearer-token response reflects the retired OAuth audience, not source unavailability."
mendeley_identification_human_retinal_stem_like_cells,Identification of Human Retinal Stem-Like Cells for Retina Regeneration,mendeley,https://data.mendeley.com/datasets/s9wbscpsrs,s9wbscpsrs,3,3,True,official_archive_route_confirmed,,35478794,,,,,,,,"The current version-specific Download All route returned an official ZIP archive. Internal files will be enumerated during content inspection. The bearer-token response reflects the retired OAuth audience, not source unavailability."
mendeley_imaging_retinal_choroidal_vasculature_using_spatio,Imaging the retinal and choroidal vasculature using Spatio-Temporal Optical Coherence Tomography (STOC-T),mendeley,https://data.mendeley.com/datasets/j39vyvp8ny,j39vyvp8ny,1,1,True,official_archive_route_confirmed,,201736250,,,,,,,,"The current version-specific Download All route returned an official ZIP archive. Internal files will be enumerated during content inspection. The bearer-token response reflects the retired OAuth audience, not source unavailability."
mendeley_interocular_retinal_nerve_fiber_layer_thickness,Interocular retinal nerve fiber layer thickness differences,mendeley,https://data.mendeley.com/datasets/ss2nynfc8s,ss2nynfc8s,1,1,True,official_archive_route_confirmed,,375207,,,,,,,,"The current version-specific Download All route returned an official ZIP archive. Internal files will be enumerated during content inspection. The bearer-token response reflects the retired OAuth audience, not source unavailability."
mendeley_keratoconus_ukraine_children,Keratoconus Ukraine children ОХМАТДИТ ,mendeley,https://data.mendeley.com/datasets/ydmxn3264h,ydmxn3264h,1,1,True,official_archive_route_confirmed,,143404,,,,,,,,"The current version-specific Download All route returned an official ZIP archive. Internal files will be enumerated during content inspection. The bearer-token response reflects the retired OAuth audience, not source unavailability."
mendeley_long_term_results_using_gelatin_microfistulae,Long-term results using gelatin microfistulae (XEN) implantation in glaucoma surgery.,mendeley,https://data.mendeley.com/datasets/7xjcbsmzzc,7xjcbsmzzc,1,1,True,official_archive_route_confirmed,,1523,,,,,,,,"The current version-specific Download All route returned an official ZIP archive. Internal files will be enumerated during content inspection. The bearer-token response reflects the retired OAuth audience, not source unavailability."
mendeley_long_term_safety_efficacy_limited_vitrectomy,Data for: Long-Term Safety and Efficacy of Limited Vitrectomy for Vision Degrading Vitreopathy from Vitreous Floaters,mendeley,https://data.mendeley.com/datasets/dnss5ttn73,dnss5ttn73,1,1,True,official_archive_route_confirmed,,98687,,,,,,,,"The current version-specific Download All route returned an official ZIP archive. Internal files will be enumerated during content inspection. The bearer-token response reflects the retired OAuth audience, not source unavailability."
mendeley_micro_go_study_transcriptional_profiling_orbital,MICRO-GO study: transcriptional profiling of orbital tissues in Graves’ orbitopathy & microbiome composition,mendeley,https://data.mendeley.com/datasets/mrvmsrn9r6,mrvmsrn9r6,1,1,True,official_archive_route_confirmed,,153521,,,,,,,,"The current version-specific Download All route returned an official ZIP archive. Internal files will be enumerated during content inspection. The bearer-token response reflects the retired OAuth audience, not source unavailability."
mendeley_microvascular_changes_poag_after_npds,Microvascular changes in POAG after NPDS,mendeley,https://data.mendeley.com/datasets/vc99wcmvk2,vc99wcmvk2,2,2,True,official_archive_route_confirmed,,7397,,,,,,,,"The current version-specific Download All route returned an official ZIP archive. Internal files will be enumerated during content inspection. The bearer-token response reflects the retired OAuth audience, not source unavailability."
mendeley_myopia_metal_mixture_exposure,Dataset: Myopia and Metal Mixture Exposure,mendeley,https://data.mendeley.com/datasets/jgh7dxdwyy,jgh7dxdwyy,1,1,True,official_archive_route_confirmed,,2696102,,,,,,,,"The current version-specific Download All route returned an official ZIP archive. Internal files will be enumerated during content inspection. The bearer-token response reflects the retired OAuth audience, not source unavailability."
mendeley_neurophysiologic_ophthalmic_markers_chemotherapy_related_cognitive,Data for: Neurophysiologic and ophthalmic markers of chemotherapy-related cognitive impairment in patients diagnosed with hematologic cancer,mendeley,https://data.mendeley.com/datasets/npt7rp69gm,npt7rp69gm,1,1,True,official_archive_route_confirmed,,21011,,,,,,,,"The current version-specific Download All route returned an official ZIP archive. Internal files will be enumerated during content inspection. The bearer-token response reflects the retired OAuth audience, not source unavailability."
mendeley_nuclear_cataract_database_biomedical_machine_learning,Nuclear Cataract Database for Biomedical and Machine Learning Applications,mendeley,https://data.mendeley.com/datasets/6wv33nbcvv,6wv33nbcvv,2,2,True,official_archive_route_confirmed,,648204770,,,,,,,,"The current version-specific Download All route returned an official ZIP archive. Internal files will be enumerated during content inspection. The bearer-token response reflects the retired OAuth audience, not source unavailability."
mendeley_ocular_biometry, OCULAR BIOMETRY DATA,mendeley,https://data.mendeley.com/datasets/4twnn4546j,4twnn4546j,1,1,True,official_archive_route_confirmed,,21117,,,,,,,,"The current version-specific Download All route returned an official ZIP archive. Internal files will be enumerated during content inspection. The bearer-token response reflects the retired OAuth audience, not source unavailability."
mendeley_ocular_sebaceous_neoplasms,Ocular sebaceous neoplasms,mendeley,https://data.mendeley.com/datasets/xg9jcjn388,xg9jcjn388,1,1,True,official_archive_route_confirmed,,453018601,,,,,,,,"The current version-specific Download All route returned an official ZIP archive. Internal files will be enumerated during content inspection. The bearer-token response reflects the retired OAuth audience, not source unavailability."
mendeley_ocular_surface_disorders_affect_quality_life,Ocular Surface Disorders Affect Quality of Life in Patients with Autoimmune Blistering Skin Diseases: A Cross-Sectional Study,mendeley,https://data.mendeley.com/datasets/73r8vrxksx,73r8vrxksx,1,1,True,official_archive_route_confirmed,,25638,,,,,,,,"The current version-specific Download All route returned an official ZIP archive. Internal files will be enumerated during content inspection. The bearer-token response reflects the retired OAuth audience, not source unavailability."
mendeley_on_comparison_ocular_surface_disease_index,"Dataset on comparison of the ocular surface disease index questionnaire, the tear film break-up time and Schirmer tests for the evaluation of tear film in computer users and contact lenses without dry eye symptoms",mendeley,https://data.mendeley.com/datasets/m7fzwvsm77,m7fzwvsm77,1,1,True,official_archive_route_confirmed,,11252,,,,,,,,"The current version-specific Download All route returned an official ZIP archive. Internal files will be enumerated during content inspection. The bearer-token response reflects the retired OAuth audience, not source unavailability."
mendeley_ophthalmic_anthropometry_malawians,Ophthalmic Anthropometry of Malawians,mendeley,https://data.mendeley.com/datasets/bctfh4m93c,bctfh4m93c,1,1,True,official_archive_route_confirmed,,21211,,,,,,,,"The current version-specific Download All route returned an official ZIP archive. Internal files will be enumerated during content inspection. The bearer-token response reflects the retired OAuth audience, not source unavailability."
mendeley_ophthalmic_stroke_biomarkers_south_asia,Ophthalmic Stroke Biomarkers in south Asia,mendeley,https://data.mendeley.com/datasets/whpsmdc2gk,whpsmdc2gk,1,1,True,official_archive_route_confirmed,,37888,,,,,,,,"The current version-specific Download All route returned an official ZIP archive. Internal files will be enumerated during content inspection. The bearer-token response reflects the retired OAuth audience, not source unavailability."
mendeley_optical_coherence_tomography_oct_images_proliferative,"Optical Coherence Tomography (OCT) Images of Proliferative Vitreoretinopathy, Uveitis, and Normal Eyes",mendeley,https://data.mendeley.com/datasets/hbr5pwk5w5,hbr5pwk5w5,1,1,True,official_archive_route_confirmed,,7566521,,,,,,,,"The current version-specific Download All route returned an official ZIP archive. Internal files will be enumerated during content inspection. The bearer-token response reflects the retired OAuth audience, not source unavailability."
mendeley_orbscan_iiz_anterior_maps,"Multimodal Orbscan IIz Dataset: 3,000 Axial Power Anterior Maps with OCR-Extracted Clinical Parameters from 3,000 Unique Patients",mendeley,https://data.mendeley.com/datasets/78wt2nc387,78wt2nc387,3,3,True,official_archive_route_confirmed,,1315199929,,,,,,,,"The current version-specific Download All route returned an official ZIP archive. Internal files will be enumerated during content inspection. The bearer-token response reflects the retired OAuth audience, not source unavailability."
mendeley_performance_corneal_vs_scleral_rigid_gas,Data for: Performance of corneal vs. scleral rigid gas permeable contact lenses for ectatic corneal disorders,mendeley,https://data.mendeley.com/datasets/gmrbh4fvt2,gmrbh4fvt2,1,1,True,official_archive_route_confirmed,,4922389,,,,,,,,"The current version-specific Download All route returned an official ZIP archive. Internal files will be enumerated during content inspection. The bearer-token response reflects the retired OAuth audience, not source unavailability."
mendeley_peripapillary_retinal_nerve_fiber_layer_thinning,Data for: Peripapillary Retinal Nerve Fiber Layer Thinning in Genetic Generalized Epilepsy,mendeley,https://data.mendeley.com/datasets/wyys4gvk4n,wyys4gvk4n,1,1,True,official_archive_route_confirmed,,12060,,,,,,,,"The current version-specific Download All route returned an official ZIP archive. Internal files will be enumerated during content inspection. The bearer-token response reflects the retired OAuth audience, not source unavailability."
mendeley_plasma_energy_metabolomics_patients_ocular_disease,plasma energy metabolomics in patients with ocular disease,mendeley,https://data.mendeley.com/datasets/tybzw7zsng,tybzw7zsng,1,1,True,official_archive_route_confirmed,,22705,,,,,,,,"The current version-specific Download All route returned an official ZIP archive. Internal files will be enumerated during content inspection. The bearer-token response reflects the retired OAuth audience, not source unavailability."
mendeley_post_intravitreal_injection_ciprofloxacin_conjunctival_flora,Data for: Post-Intravitreal Injection Ciprofloxacin and Conjunctival Flora Resistance,mendeley,https://data.mendeley.com/datasets/53nxz6xr5j,53nxz6xr5j,1,1,True,official_archive_route_confirmed,,14311,,,,,,,,"The current version-specific Download All route returned an official ZIP archive. Internal files will be enumerated during content inspection. The bearer-token response reflects the retired OAuth audience, not source unavailability."
mendeley_postural_stargardt_s_syndrome_patients,Data for: Postural data from Stargardt's syndrome patients,mendeley,https://data.mendeley.com/datasets/5rz9j8t6p4,5rz9j8t6p4,2,2,True,official_archive_route_confirmed,,182684592,,,,,,,,"The current version-specific Download All route returned an official ZIP archive. Internal files will be enumerated during content inspection. The bearer-token response reflects the retired OAuth audience, not source unavailability."
mendeley_quantified_processed_microarray_22_individuals_without,Quantified processed microarray data for 22 individuals with and without proliferative retinopathy,mendeley,https://data.mendeley.com/datasets/72b47vpgtz,72b47vpgtz,1,1,True,official_archive_route_confirmed,,16614105,,,,,,,,"The current version-specific Download All route returned an official ZIP archive. Internal files will be enumerated during content inspection. The bearer-token response reflects the retired OAuth audience, not source unavailability."
mendeley_radial_peripapillary_capillary_density_as_predictive,Radial peripapillary capillary density as a predictive factor for glaucoma in eyes with ocular hypertension,mendeley,https://data.mendeley.com/datasets/h9tntd4gkf,h9tntd4gkf,1,1,True,official_archive_route_confirmed,,19381,,,,,,,,"The current version-specific Download All route returned an official ZIP archive. Internal files will be enumerated during content inspection. The bearer-token response reflects the retired OAuth audience, not source unavailability."
mendeley_raw_manuscript_light_responsive_microrna_molecules,RAW DATA to manuscript: Light-Responsive MicroRNA Molecules in Human Retinal Organoids are Differentially Regulated by Distinct Wavelengths of Light,mendeley,https://data.mendeley.com/datasets/8ksg9fssd9,8ksg9fssd9,1,1,True,official_archive_route_confirmed,,57822,,,,,,,,"The current version-specific Download All route returned an official ZIP archive. Internal files will be enumerated during content inspection. The bearer-token response reflects the retired OAuth audience, not source unavailability."
mendeley_red_lesion_localization_messidor_retinal_images,Red lesion localization for MESSIDOR retinal images dataset using patch-based convolutional neural networks.,mendeley,https://data.mendeley.com/datasets/3r5m3nfdkv,3r5m3nfdkv,1,1,True,official_archive_route_confirmed,,26420570,,,,,,,,"The current version-specific Download All route returned an official ZIP archive. Internal files will be enumerated during content inspection. The bearer-token response reflects the retired OAuth audience, not source unavailability."
mendeley_refractive_error_visual_impairment_among_school,"Refractive error and Visual Impairment data among school children in Blantyre, Southern Malawi",mendeley,https://data.mendeley.com/datasets/crgbf93fnw,crgbf93fnw,2,2,True,official_archive_route_confirmed,,7538281,,,,,,,,"The current version-specific Download All route returned an official ZIP archive. Internal files will be enumerated during content inspection. The bearer-token response reflects the retired OAuth audience, not source unavailability."
mendeley_retinal_blood_vessel_segmentation_rop,Retinal blood vessel segmentation(ROP),mendeley,https://data.mendeley.com/datasets/prcy36j53v,prcy36j53v,1,1,True,official_archive_route_confirmed,,90915860,,,,,,,,"The current version-specific Download All route returned an official ZIP archive. Internal files will be enumerated during content inspection. The bearer-token response reflects the retired OAuth audience, not source unavailability."
mendeley_rop_retinopathy_prematurity_infants_serum_metabolomic,ROP (retinopathy of prematurity) infants' serum metabolomic data,mendeley,https://data.mendeley.com/datasets/7r7xt6pf6x,7r7xt6pf6x,5,5,True,official_archive_route_confirmed,,4149397,,,,,,,,"The current version-specific Download All route returned an official ZIP archive. Internal files will be enumerated during content inspection. The bearer-token response reflects the retired OAuth audience, not source unavailability."
mendeley_sars_cov_2_infection_ocular_cells,"SARS-CoV-2 infection of ocular cells from human adult donor eyes and hESC-derived ocular lineages, Eriksen et al",mendeley,https://data.mendeley.com/datasets/jgw2mcgb67,jgw2mcgb67,1,1,True,official_archive_route_confirmed,,360635,,,,,,,,"The current version-specific Download All route returned an official ZIP archive. Internal files will be enumerated during content inspection. The bearer-token response reflects the retired OAuth audience, not source unavailability."
mendeley_selective_laser_trabeculoplasty_patients_angle_recession,Data for: Selective Laser Trabeculoplasty in patients with angle recession glaucoma: a case series.,mendeley,https://data.mendeley.com/datasets/rvw8k4k8g7,rvw8k4k8g7,1,1,True,official_archive_route_confirmed,,96474,,,,,,,,"The current version-specific Download All route returned an official ZIP archive. Internal files will be enumerated during content inspection. The bearer-token response reflects the retired OAuth audience, not source unavailability."
mendeley_serum_proteomic_profiles_keratoconus_post_laser,"Serum proteomic profiles in keratoconus, post-laser vision correction ectasia, and pellucid marginal degeneration",mendeley,https://data.mendeley.com/datasets/yzsktrxh6y,yzsktrxh6y,1,1,True,official_archive_route_confirmed,,2250401,,,,,,,,"The current version-specific Download All route returned an official ZIP archive. Internal files will be enumerated during content inspection. The bearer-token response reflects the retired OAuth audience, not source unavailability."
mendeley_set_relationship_between_plasma_amino_acid,data set of Relationship between plasma amino acid and carnitine levels and primary angle closure glaucoma based on mass spectrometry metabolomics,mendeley,https://data.mendeley.com/datasets/fn9986thfh,fn9986thfh,1,1,True,official_archive_route_confirmed,,333837,,,,,,,,"The current version-specific Download All route returned an official ZIP archive. Internal files will be enumerated during content inspection. The bearer-token response reflects the retired OAuth audience, not source unavailability."
mendeley_spatio_temporal_optical_coherence_tomography_provides,Spatio-Temporal Optical Coherence Tomography provides full thickness imaging of the chorioretinal complex,mendeley,https://data.mendeley.com/datasets/9pzm3mbp7w,9pzm3mbp7w,2,2,True,official_archive_route_confirmed,,7748791482,,,,,,,,"The current version-specific Download All route returned an official ZIP archive. Internal files will be enumerated during content inspection. The bearer-token response reflects the retired OAuth audience, not source unavailability."
mendeley_superficial_conjunctival_cells_dupilumab_treated_atopic,Superficial Conjunctival Cells from Dupilumab-treated Atopic Dermatitis Patients with Ocular Adverse Events Display a Transcriptomic Psoriasis Signature,mendeley,https://data.mendeley.com/datasets/222mnygnjz,222mnygnjz,1,1,True,official_archive_route_confirmed,,75204976,,,,,,,,"The current version-specific Download All route returned an official ZIP archive. Internal files will be enumerated during content inspection. The bearer-token response reflects the retired OAuth audience, not source unavailability."
mendeley_test_results_article_motion_perception_glaucoma,"Test results - Article ""Motion perception and glaucoma""",mendeley,https://data.mendeley.com/datasets/zhz8kjsykf,zhz8kjsykf,1,1,True,official_archive_route_confirmed,,36560,,,,,,,,"The current version-specific Download All route returned an official ZIP archive. Internal files will be enumerated during content inspection. The bearer-token response reflects the retired OAuth audience, not source unavailability."
mendeley_towards_ocular_biomarkers_sarcopenia_result_korean,Towards ocular biomarkers for sarcopenia: a result from a Korean nationwide cross-sectional study,mendeley,https://data.mendeley.com/datasets/h547645876,h547645876,1,1,True,official_archive_route_confirmed,,11232983,,,,,,,,"The current version-specific Download All route returned an official ZIP archive. Internal files will be enumerated during content inspection. The bearer-token response reflects the retired OAuth audience, not source unavailability."
mendeley_utilizing_responsive_web_portal_studying_disc,Data for: Utilizing A Responsive Web Portal For Studying Disc Tracing Agreement in Retinal Images,mendeley,https://data.mendeley.com/datasets/7xv5rzxgrh,7xv5rzxgrh,1,1,True,official_archive_route_confirmed,,1073785598,,,,,,,,"The current version-specific Download All route returned an official ZIP archive. Internal files will be enumerated during content inspection. The bearer-token response reflects the retired OAuth audience, not source unavailability."
mendeley_vivo_analysis_comparison_anterior_segment_structures,In Vivo Analysis and Comparison of Anterior Segment Structures of Both Eyes in Unilateral Herpetic Anterior Uveitis,mendeley,https://data.mendeley.com/datasets/hmz2cz3jcg,hmz2cz3jcg,1,1,True,official_archive_route_confirmed,,11307,,,,,,,,"The current version-specific Download All route returned an official ZIP archive. Internal files will be enumerated during content inspection. The bearer-token response reflects the retired OAuth audience, not source unavailability."
mendeley_vivo_cone_photoreceptor_topography_human_foveola,In-vivo cone photoreceptor topography of the human foveola,mendeley,https://data.mendeley.com/datasets/m5nkpb8phv,m5nkpb8phv,1,1,True,official_archive_route_confirmed,,5059199783,,,,,,,,"The current version-specific Download All route returned an official ZIP archive. Internal files will be enumerated during content inspection. The bearer-token response reflects the retired OAuth audience, not source unavailability."
mpxv_ocular_manifestations_south_kivu,MPXV Ocular Manifestations South Kivu Dataset,figshare,https://doi.org/10.1371/journal.pgph.0005971.s001,31364760,1,1,True,official_file_listing_confirmed,1,201728,1,pgph.0005971.s001.xls,201728,application/vnd.ms-excel,md5,True,repository_file,Official version-specific Figshare file listing reviewed.
natural_scene_eye_tracking_collection,Natural-Scene Tobii Eye-Tracking Collection,figshare,https://doi.org/10.6084/m9.figshare.30520733.v1,30520733,1,1,True,official_file_listing_confirmed,217,2978555671,1,._102_S2,4096,application/octet-stream,md5,True,repository_file,Official version-specific Figshare file listing reviewed.
natural_scene_eye_tracking_collection,Natural-Scene Tobii Eye-Tracking Collection,figshare,https://doi.org/10.6084/m9.figshare.30520733.v1,30520733,1,1,True,official_file_listing_confirmed,217,2978555671,2,._106_S2,4096,application/octet-stream,md5,True,repository_file,Official version-specific Figshare file listing reviewed.
natural_scene_eye_tracking_collection,Natural-Scene Tobii Eye-Tracking Collection,figshare,https://doi.org/10.6084/m9.figshare.30520733.v1,30520733,1,1,True,official_file_listing_confirmed,217,2978555671,3,._116_I2,4096,application/octet-stream,md5,True,repository_file,Official version-specific Figshare file listing reviewed.
natural_scene_eye_tracking_collection,Natural-Scene Tobii Eye-Tracking Collection,figshare,https://doi.org/10.6084/m9.figshare.30520733.v1,30520733,1,1,True,official_file_listing_confirmed,217,2978555671,4,._107_S2,4096,application/octet-stream,md5,True,repository_file,Official version-specific Figshare file listing reviewed.
natural_scene_eye_tracking_collection,Natural-Scene Tobii Eye-Tracking Collection,figshare,https://doi.org/10.6084/m9.figshare.30520733.v1,30520733,1,1,True,official_file_listing_confirmed,217,2978555671,5,._117_I2,4096,application/octet-stream,md5,True,repository_file,Official version-specific Figshare file listing reviewed.
natural_scene_eye_tracking_collection,Natural-Scene Tobii Eye-Tracking Collection,figshare,https://doi.org/10.6084/m9.figshare.30520733.v1,30520733,1,1,True,official_file_listing_confirmed,217,2978555671,6,._103_S2,4096,application/octet-stream,md5,True,repository_file,Official version-specific Figshare file listing reviewed.
natural_scene_eye_tracking_collection,Natural-Scene Tobii Eye-Tracking Collection,figshare,https://doi.org/10.6084/m9.figshare.30520733.v1,30520733,1,1,True,official_file_listing_confirmed,217,2978555671,7,._113_I2,4096,application/octet-stream,md5,True,repository_file,Official version-specific Figshare file listing reviewed.
natural_scene_eye_tracking_collection,Natural-Scene Tobii Eye-Tracking Collection,figshare,https://doi.org/10.6084/m9.figshare.30520733.v1,30520733,1,1,True,official_file_listing_confirmed,217,2978555671,8,._108_S2,4096,application/octet-stream,md5,True,repository_file,Official version-specific Figshare file listing reviewed.
natural_scene_eye_tracking_collection,Natural-Scene Tobii Eye-Tracking Collection,figshare,https://doi.org/10.6084/m9.figshare.30520733.v1,30520733,1,1,True,official_file_listing_confirmed,217,2978555671,9,._118_I2,4096,application/octet-stream,md5,True,repository_file,Official version-specific Figshare file listing reviewed.
natural_scene_eye_tracking_collection,Natural-Scene Tobii Eye-Tracking Collection,figshare,https://doi.org/10.6084/m9.figshare.30520733.v1,30520733,1,1,True,official_file_listing_confirmed,217,2978555671,10,._109_I2,4096,application/octet-stream,md5,True,repository_file,Official version-specific Figshare file listing reviewed.
natural_scene_eye_tracking_collection,Natural-Scene Tobii Eye-Tracking Collection,figshare,https://doi.org/10.6084/m9.figshare.30520733.v1,30520733,1,1,True,official_file_listing_confirmed,217,2978555671,11,._119_I2,4096,application/octet-stream,md5,True,repository_file,Official version-specific Figshare file listing reviewed.
natural_scene_eye_tracking_collection,Natural-Scene Tobii Eye-Tracking Collection,figshare,https://doi.org/10.6084/m9.figshare.30520733.v1,30520733,1,1,True,official_file_listing_confirmed,217,2978555671,12,._104_S2,4096,application/octet-stream,md5,True,repository_file,Official version-specific Figshare file listing reviewed.
natural_scene_eye_tracking_collection,Natural-Scene Tobii Eye-Tracking Collection,figshare,https://doi.org/10.6084/m9.figshare.30520733.v1,30520733,1,1,True,official_file_listing_confirmed,217,2978555671,13,._120_I2,4096,application/octet-stream,md5,True,repository_file,Official version-specific Figshare file listing reviewed.
natural_scene_eye_tracking_collection,Natural-Scene Tobii Eye-Tracking Collection,figshare,https://doi.org/10.6084/m9.figshare.30520733.v1,30520733,1,1,True,official_file_listing_confirmed,217,2978555671,14,._114_I2,4096,application/octet-stream,md5,True,repository_file,Official version-specific Figshare file listing reviewed.
natural_scene_eye_tracking_collection,Natural-Scene Tobii Eye-Tracking Collection,figshare,https://doi.org/10.6084/m9.figshare.30520733.v1,30520733,1,1,True,official_file_listing_confirmed,217,2978555671,15,._110_I2,4096,application/octet-stream,md5,True,repository_file,Official version-specific Figshare file listing reviewed.
natural_scene_eye_tracking_collection,Natural-Scene Tobii Eye-Tracking Collection,figshare,https://doi.org/10.6084/m9.figshare.30520733.v1,30520733,1,1,True,official_file_listing_confirmed,217,2978555671,16,._111_I2,4096,application/octet-stream,md5,True,repository_file,Official version-specific Figshare file listing reviewed.
natural_scene_eye_tracking_collection,Natural-Scene Tobii Eye-Tracking Collection,figshare,https://doi.org/10.6084/m9.figshare.30520733.v1,30520733,1,1,True,official_file_listing_confirmed,217,2978555671,17,._121_I2,4096,application/octet-stream,md5,True,repository_file,Official version-specific Figshare file listing reviewed.
natural_scene_eye_tracking_collection,Natural-Scene Tobii Eye-Tracking Collection,figshare,https://doi.org/10.6084/m9.figshare.30520733.v1,30520733,1,1,True,official_file_listing_confirmed,217,2978555671,18,._115_S2,4096,application/octet-stream,md5,True,repository_file,Official version-specific Figshare file listing reviewed.
natural_scene_eye_tracking_collection,Natural-Scene Tobii Eye-Tracking Collection,figshare,https://doi.org/10.6084/m9.figshare.30520733.v1,30520733,1,1,True,official_file_listing_confirmed,217,2978555671,19,eventdata.gz,450,application/gzip,md5,True,repository_file,Official version-specific Figshare file listing reviewed.
natural_scene_eye_tracking_collection,Natural-Scene Tobii Eye-Tracking Collection,figshare,https://doi.org/10.6084/m9.figshare.30520733.v1,30520733,1,1,True,official_file_listing_confirmed,217,2978555671,20,imudata.gz,1650984,application/gzip,md5,True,repository_file,Official version-specific Figshare file listing reviewed.
natural_scene_eye_tracking_collection,Natural-Scene Tobii Eye-Tracking Collection,figshare,https://doi.org/10.6084/m9.figshare.30520733.v1,30520733,1,1,True,official_file_listing_confirmed,217,2978555671,21,snap0.jpg,131363,image/jpeg,md5,True,repository_file,Official version-specific Figshare file listing reviewed.
natural_scene_eye_tracking_collection,Natural-Scene Tobii Eye-Tracking Collection,figshare,https://doi.org/10.6084/m9.figshare.30520733.v1,30520733,1,1,True,official_file_listing_confirmed,217,2978555671,22,gazedata.gz,1623604,application/gzip,md5,True,repository_file,Official version-specific Figshare file listing reviewed.
natural_scene_eye_tracking_collection,Natural-Scene Tobii Eye-Tracking Collection,figshare,https://doi.org/10.6084/m9.figshare.30520733.v1,30520733,1,1,True,official_file_listing_confirmed,217,2978555671,23,._meta,4096,application/octet-stream,md5,True,repository_file,Official version-specific Figshare file listing reviewed.
natural_scene_eye_tracking_collection,Natural-Scene Tobii Eye-Tracking Collection,figshare,https://doi.org/10.6084/m9.figshare.30520733.v1,30520733,1,1,True,official_file_listing_confirmed,217,2978555671,24,recording.g3,1031,application/json,md5,True,repository_file,Official version-specific Figshare file listing reviewed.
natural_scene_eye_tracking_collection,Natural-Scene Tobii Eye-Tracking Collection,figshare,https://doi.org/10.6084/m9.figshare.30520733.v1,30520733,1,1,True,official_file_listing_confirmed,217,2978555671,25,scenevideo.mp4,159802664,video/mp4,md5,True,repository_file,Official version-specific Figshare file listing reviewed.
natural_scene_eye_tracking_collection,Natural-Scene Tobii Eye-Tracking Collection,figshare,https://doi.org/10.6084/m9.figshare.30520733.v1,30520733,1,1,True,official_file_listing_confirmed,217,2978555671,26,RuVersion,18,text/plain,md5,True,repository_file,Official version-specific Figshare file listing reviewed.
natural_scene_eye_tracking_collection,Natural-Scene Tobii Eye-Tracking Collection,figshare,https://doi.org/10.6084/m9.figshare.30520733.v1,30520733,1,1,True,official_file_listing_confirmed,217,2978555671,27,participant,16,application/json,md5,True,repository_file,Official version-specific Figshare file listing reviewed.
natural_scene_eye_tracking_collection,Natural-Scene Tobii Eye-Tracking Collection,figshare,https://doi.org/10.6084/m9.figshare.30520733.v1,30520733,1,1,True,official_file_listing_confirmed,217,2978555671,28,HuSerial,18,text/plain,md5,True,repository_file,Official version-specific Figshare file listing reviewed.
natural_scene_eye_tracking_collection,Natural-Scene Tobii Eye-Tracking Collection,figshare,https://doi.org/10.6084/m9.figshare.30520733.v1,30520733,1,1,True,official_file_listing_confirmed,217,2978555671,29,RuSerial,18,text/plain,md5,True,repository_file,Official version-specific Figshare file listing reviewed.
natural_scene_eye_tracking_collection,Natural-Scene Tobii Eye-Tracking Collection,figshare,https://doi.org/10.6084/m9.figshare.30520733.v1,30520733,1,1,True,official_file_listing_confirmed,217,2978555671,30,eventdata.gz,457,application/gzip,md5,True,repository_file,Official version-specific Figshare file listing reviewed.
natural_scene_eye_tracking_collection,Natural-Scene Tobii Eye-Tracking Collection,figshare,https://doi.org/10.6084/m9.figshare.30520733.v1,30520733,1,1,True,official_file_listing_confirmed,217,2978555671,31,imudata.gz,1768064,application/gzip,md5,True,repository_file,Official version-specific Figshare file listing reviewed.
natural_scene_eye_tracking_collection,Natural-Scene Tobii Eye-Tracking Collection,figshare,https://doi.org/10.6084/m9.figshare.30520733.v1,30520733,1,1,True,official_file_listing_confirmed,217,2978555671,32,snap0.jpg,113049,image/jpeg,md5,True,repository_file,Official version-specific Figshare file listing reviewed.
natural_scene_eye_tracking_collection,Natural-Scene Tobii Eye-Tracking Collection,figshare,https://doi.org/10.6084/m9.figshare.30520733.v1,30520733,1,1,True,official_file_listing_confirmed,217,2978555671,33,gazedata.gz,883539,application/gzip,md5,True,repository_file,Official version-specific Figshare file listing reviewed.
natural_scene_eye_tracking_collection,Natural-Scene Tobii Eye-Tracking Collection,figshare,https://doi.org/10.6084/m9.figshare.30520733.v1,30520733,1,1,True,official_file_listing_confirmed,217,2978555671,34,._meta,4096,application/octet-stream,md5,True,repository_file,Official version-specific Figshare file listing reviewed.
natural_scene_eye_tracking_collection,Natural-Scene Tobii Eye-Tracking Collection,figshare,https://doi.org/10.6084/m9.figshare.30520733.v1,30520733,1,1,True,official_file_listing_confirmed,217,2978555671,35,recording.g3,1031,application/json,md5,True,repository_file,Official version-specific Figshare file listing reviewed.
natural_scene_eye_tracking_collection,Natural-Scene Tobii Eye-Tracking Collection,figshare,https://doi.org/10.6084/m9.figshare.30520733.v1,30520733,1,1,True,official_file_listing_confirmed,217,2978555671,36,scenevideo.mp4,156977613,video/mp4,md5,True,repository_file,Official version-specific Figshare file listing reviewed.
natural_scene_eye_tracking_collection,Natural-Scene Tobii Eye-Tracking Collection,figshare,https://doi.org/10.6084/m9.figshare.30520733.v1,30520733,1,1,True,official_file_listing_confirmed,217,2978555671,37,RuVersion,18,text/plain,md5,True,repository_file,Official version-specific Figshare file listing reviewed.
natural_scene_eye_tracking_collection,Natural-Scene Tobii Eye-Tracking Collection,figshare,https://doi.org/10.6084/m9.figshare.30520733.v1,30520733,1,1,True,official_file_listing_confirmed,217,2978555671,38,user-event-494099b3bfc1.json,164,application/json,md5,True,repository_file,Official version-specific Figshare file listing reviewed.
natural_scene_eye_tracking_collection,Natural-Scene Tobii Eye-Tracking Collection,figshare,https://doi.org/10.6084/m9.figshare.30520733.v1,30520733,1,1,True,official_file_listing_confirmed,217,2978555671,39,participant,17,application/json,md5,True,repository_file,Official version-specific Figshare file listing reviewed.
natural_scene_eye_tracking_collection,Natural-Scene Tobii Eye-Tracking Collection,figshare,https://doi.org/10.6084/m9.figshare.30520733.v1,30520733,1,1,True,official_file_listing_confirmed,217,2978555671,40,HuSerial,18,text/plain,md5,True,repository_file,Official version-specific Figshare file listing reviewed.
natural_scene_eye_tracking_collection,Natural-Scene Tobii Eye-Tracking Collection,figshare,https://doi.org/10.6084/m9.figshare.30520733.v1,30520733,1,1,True,official_file_listing_confirmed,217,2978555671,41,RuSerial,18,text/plain,md5,True,repository_file,Official version-specific Figshare file listing reviewed.
natural_scene_eye_tracking_collection,Natural-Scene Tobii Eye-Tracking Collection,figshare,https://doi.org/10.6084/m9.figshare.30520733.v1,30520733,1,1,True,official_file_listing_confirmed,217,2978555671,42,eventdata.gz,454,application/gzip,md5,True,repository_file,Official version-specific Figshare file listing reviewed.
natural_scene_eye_tracking_collection,Natural-Scene Tobii Eye-Tracking Collection,figshare,https://doi.org/10.6084/m9.figshare.30520733.v1,30520733,1,1,True,official_file_listing_confirmed,217,2978555671,43,imudata.gz,1786886,application/gzip,md5,True,repository_file,Official version-specific Figshare file listing reviewed.
natural_scene_eye_tracking_collection,Natural-Scene Tobii Eye-Tracking Collection,figshare,https://doi.org/10.6084/m9.figshare.30520733.v1,30520733,1,1,True,official_file_listing_confirmed,217,2978555671,44,snap0.jpg,129772,image/jpeg,md5,True,repository_file,Official version-specific Figshare file listing reviewed.
natural_scene_eye_tracking_collection,Natural-Scene Tobii Eye-Tracking Collection,figshare,https://doi.org/10.6084/m9.figshare.30520733.v1,30520733,1,1,True,official_file_listing_confirmed,217,2978555671,45,gazedata.gz,839027,application/gzip,md5,True,repository_file,Official version-specific Figshare file listing reviewed.
natural_scene_eye_tracking_collection,Natural-Scene Tobii Eye-Tracking Collection,figshare,https://doi.org/10.6084/m9.figshare.30520733.v1,30520733,1,1,True,official_file_listing_confirmed,217,2978555671,46,._meta,4096,application/octet-stream,md5,True,repository_file,Official version-specific Figshare file listing reviewed.
natural_scene_eye_tracking_collection,Natural-Scene Tobii Eye-Tracking Collection,figshare,https://doi.org/10.6084/m9.figshare.30520733.v1,30520733,1,1,True,official_file_listing_confirmed,217,2978555671,47,recording.g3,1031,application/json,md5,True,repository_file,Official version-specific Figshare file listing reviewed.
natural_scene_eye_tracking_collection,Natural-Scene Tobii Eye-Tracking Collection,figshare,https://doi.org/10.6084/m9.figshare.30520733.v1,30520733,1,1,True,official_file_listing_confirmed,217,2978555671,48,scenevideo.mp4,162192224,video/mp4,md5,True,repository_file,Official version-specific Figshare file listing reviewed.
natural_scene_eye_tracking_collection,Natural-Scene Tobii Eye-Tracking Collection,figshare,https://doi.org/10.6084/m9.figshare.30520733.v1,30520733,1,1,True,official_file_listing_confirmed,217,2978555671,49,RuVersion,18,text/plain,md5,True,repository_file,Official version-specific Figshare file listing reviewed.
natural_scene_eye_tracking_collection,Natural-Scene Tobii Eye-Tracking Collection,figshare,https://doi.org/10.6084/m9.figshare.30520733.v1,30520733,1,1,True,official_file_listing_confirmed,217,2978555671,50,participant,17,application/json,md5,True,repository_file,Official version-specific Figshare file listing reviewed.
natural_scene_eye_tracking_collection,Natural-Scene Tobii Eye-Tracking Collection,figshare,https://doi.org/10.6084/m9.figshare.30520733.v1,30520733,1,1,True,official_file_listing_confirmed,217,2978555671,51,HuSerial,18,text/plain,md5,True,repository_file,Official version-specific Figshare file listing reviewed.
natural_scene_eye_tracking_collection,Natural-Scene Tobii Eye-Tracking Collection,figshare,https://doi.org/10.6084/m9.figshare.30520733.v1,30520733,1,1,True,official_file_listing_confirmed,217,2978555671,52,RuSerial,18,text/plain,md5,True,repository_file,Official version-specific Figshare file listing reviewed.
natural_scene_eye_tracking_collection,Natural-Scene Tobii Eye-Tracking Collection,figshare,https://doi.org/10.6084/m9.figshare.30520733.v1,30520733,1,1,True,official_file_listing_confirmed,217,2978555671,53,eventdata.gz,462,application/gzip,md5,True,repository_file,Official version-specific Figshare file listing reviewed.
natural_scene_eye_tracking_collection,Natural-Scene Tobii Eye-Tracking Collection,figshare,https://doi.org/10.6084/m9.figshare.30520733.v1,30520733,1,1,True,official_file_listing_confirmed,217,2978555671,54,imudata.gz,1760515,application/gzip,md5,True,repository_file,Official version-specific Figshare file listing reviewed.
natural_scene_eye_tracking_collection,Natural-Scene Tobii Eye-Tracking Collection,figshare,https://doi.org/10.6084/m9.figshare.30520733.v1,30520733,1,1,True,official_file_listing_confirmed,217,2978555671,55,snap0.jpg,118430,image/jpeg,md5,True,repository_file,Official version-specific Figshare file listing reviewed.
natural_scene_eye_tracking_collection,Natural-Scene Tobii Eye-Tracking Collection,figshare,https://doi.org/10.6084/m9.figshare.30520733.v1,30520733,1,1,True,official_file_listing_confirmed,217,2978555671,56,gazedata.gz,859819,application/gzip,md5,True,repository_file,Official version-specific Figshare file listing reviewed.
natural_scene_eye_tracking_collection,Natural-Scene Tobii Eye-Tracking Collection,figshare,https://doi.org/10.6084/m9.figshare.30520733.v1,30520733,1,1,True,official_file_listing_confirmed,217,2978555671,57,._meta,4096,application/octet-stream,md5,True,repository_file,Official version-specific Figshare file listing reviewed.
natural_scene_eye_tracking_collection,Natural-Scene Tobii Eye-Tracking Collection,figshare,https://doi.org/10.6084/m9.figshare.30520733.v1,30520733,1,1,True,official_file_listing_confirmed,217,2978555671,58,recording.g3,1031,application/json,md5,True,repository_file,Official version-specific Figshare file listing reviewed.
natural_scene_eye_tracking_collection,Natural-Scene Tobii Eye-Tracking Collection,figshare,https://doi.org/10.6084/m9.figshare.30520733.v1,30520733,1,1,True,official_file_listing_confirmed,217,2978555671,59,scenevideo.mp4,159315922,video/mp4,md5,True,repository_file,Official version-specific Figshare file listing reviewed.
natural_scene_eye_tracking_collection,Natural-Scene Tobii Eye-Tracking Collection,figshare,https://doi.org/10.6084/m9.figshare.30520733.v1,30520733,1,1,True,official_file_listing_confirmed,217,2978555671,60,RuVersion,18,text/plain,md5,True,repository_file,Official version-specific Figshare file listing reviewed.
natural_scene_eye_tracking_collection,Natural-Scene Tobii Eye-Tracking Collection,figshare,https://doi.org/10.6084/m9.figshare.30520733.v1,30520733,1,1,True,official_file_listing_confirmed,217,2978555671,61,participant,17,application/json,md5,True,repository_file,Official version-specific Figshare file listing reviewed.
natural_scene_eye_tracking_collection,Natural-Scene Tobii Eye-Tracking Collection,figshare,https://doi.org/10.6084/m9.figshare.30520733.v1,30520733,1,1,True,official_file_listing_confirmed,217,2978555671,62,HuSerial,18,text/plain,md5,True,repository_file,Official version-specific Figshare file listing reviewed.
natural_scene_eye_tracking_collection,Natural-Scene Tobii Eye-Tracking Collection,figshare,https://doi.org/10.6084/m9.figshare.30520733.v1,30520733,1,1,True,official_file_listing_confirmed,217,2978555671,63,RuSerial,18,text/plain,md5,True,repository_file,Official version-specific Figshare file listing reviewed.
natural_scene_eye_tracking_collection,Natural-Scene Tobii Eye-Tracking Collection,figshare,https://doi.org/10.6084/m9.figshare.30520733.v1,30520733,1,1,True,official_file_listing_confirmed,217,2978555671,64,eventdata.gz,462,application/gzip,md5,True,repository_file,Official version-specific Figshare file listing reviewed.
natural_scene_eye_tracking_collection,Natural-Scene Tobii Eye-Tracking Collection,figshare,https://doi.org/10.6084/m9.figshare.30520733.v1,30520733,1,1,True,official_file_listing_confirmed,217,2978555671,65,imudata.gz,1825551,application/gzip,md5,True,repository_file,Official version-specific Figshare file listing reviewed.
natural_scene_eye_tracking_collection,Natural-Scene Tobii Eye-Tracking Collection,figshare,https://doi.org/10.6084/m9.figshare.30520733.v1,30520733,1,1,True,official_file_listing_confirmed,217,2978555671,66,snap0.jpg,140313,image/jpeg,md5,True,repository_file,Official version-specific Figshare file listing reviewed.
natural_scene_eye_tracking_collection,Natural-Scene Tobii Eye-Tracking Collection,figshare,https://doi.org/10.6084/m9.figshare.30520733.v1,30520733,1,1,True,official_file_listing_confirmed,217,2978555671,67,gazedata.gz,880598,application/gzip,md5,True,repository_file,Official version-specific Figshare file listing reviewed.
natural_scene_eye_tracking_collection,Natural-Scene Tobii Eye-Tracking Collection,figshare,https://doi.org/10.6084/m9.figshare.30520733.v1,30520733,1,1,True,official_file_listing_confirmed,217,2978555671,68,._meta,4096,application/octet-stream,md5,True,repository_file,Official version-specific Figshare file listing reviewed.
natural_scene_eye_tracking_collection,Natural-Scene Tobii Eye-Tracking Collection,figshare,https://doi.org/10.6084/m9.figshare.30520733.v1,30520733,1,1,True,official_file_listing_confirmed,217,2978555671,69,recording.g3,1031,application/json,md5,True,repository_file,Official version-specific Figshare file listing reviewed.
natural_scene_eye_tracking_collection,Natural-Scene Tobii Eye-Tracking Collection,figshare,https://doi.org/10.6084/m9.figshare.30520733.v1,30520733,1,1,True,official_file_listing_confirmed,217,2978555671,70,scenevideo.mp4,163691015,video/mp4,md5,True,repository_file,Official version-specific Figshare file listing reviewed.
natural_scene_eye_tracking_collection,Natural-Scene Tobii Eye-Tracking Collection,figshare,https://doi.org/10.6084/m9.figshare.30520733.v1,30520733,1,1,True,official_file_listing_confirmed,217,2978555671,71,RuVersion,18,text/plain,md5,True,repository_file,Official version-specific Figshare file listing reviewed.
natural_scene_eye_tracking_collection,Natural-Scene Tobii Eye-Tracking Collection,figshare,https://doi.org/10.6084/m9.figshare.30520733.v1,30520733,1,1,True,official_file_listing_confirmed,217,2978555671,72,participant,17,application/json,md5,True,repository_file,Official version-specific Figshare file listing reviewed.
natural_scene_eye_tracking_collection,Natural-Scene Tobii Eye-Tracking Collection,figshare,https://doi.org/10.6084/m9.figshare.30520733.v1,30520733,1,1,True,official_file_listing_confirmed,217,2978555671,73,HuSerial,18,text/plain,md5,True,repository_file,Official version-specific Figshare file listing reviewed.
natural_scene_eye_tracking_collection,Natural-Scene Tobii Eye-Tracking Collection,figshare,https://doi.org/10.6084/m9.figshare.30520733.v1,30520733,1,1,True,official_file_listing_confirmed,217,2978555671,74,RuSerial,18,text/plain,md5,True,repository_file,Official version-specific Figshare file listing reviewed.
natural_scene_eye_tracking_collection,Natural-Scene Tobii Eye-Tracking Collection,figshare,https://doi.org/10.6084/m9.figshare.30520733.v1,30520733,1,1,True,official_file_listing_confirmed,217,2978555671,75,eventdata.gz,456,application/gzip,md5,True,repository_file,Official version-specific Figshare file listing reviewed.
natural_scene_eye_tracking_collection,Natural-Scene Tobii Eye-Tracking Collection,figshare,https://doi.org/10.6084/m9.figshare.30520733.v1,30520733,1,1,True,official_file_listing_confirmed,217,2978555671,76,imudata.gz,1697814,application/gzip,md5,True,repository_file,Official version-specific Figshare file listing reviewed.
natural_scene_eye_tracking_collection,Natural-Scene Tobii Eye-Tracking Collection,figshare,https://doi.org/10.6084/m9.figshare.30520733.v1,30520733,1,1,True,official_file_listing_confirmed,217,2978555671,77,snap0.jpg,130200,image/jpeg,md5,True,repository_file,Official version-specific Figshare file listing reviewed.
natural_scene_eye_tracking_collection,Natural-Scene Tobii Eye-Tracking Collection,figshare,https://doi.org/10.6084/m9.figshare.30520733.v1,30520733,1,1,True,official_file_listing_confirmed,217,2978555671,78,gazedata.gz,1594947,application/gzip,md5,True,repository_file,Official version-specific Figshare file listing reviewed.
natural_scene_eye_tracking_collection,Natural-Scene Tobii Eye-Tracking Collection,figshare,https://doi.org/10.6084/m9.figshare.30520733.v1,30520733,1,1,True,official_file_listing_confirmed,217,2978555671,79,._meta,4096,application/octet-stream,md5,True,repository_file,Official version-specific Figshare file listing reviewed.
natural_scene_eye_tracking_collection,Natural-Scene Tobii Eye-Tracking Collection,figshare,https://doi.org/10.6084/m9.figshare.30520733.v1,30520733,1,1,True,official_file_listing_confirmed,217,2978555671,80,recording.g3,1026,application/json,md5,True,repository_file,Official version-specific Figshare file listing reviewed.
natural_scene_eye_tracking_collection,Natural-Scene Tobii Eye-Tracking Collection,figshare,https://doi.org/10.6084/m9.figshare.30520733.v1,30520733,1,1,True,official_file_listing_confirmed,217,2978555671,81,scenevideo.mp4,158178136,video/mp4,md5,True,repository_file,Official version-specific Figshare file listing reviewed.
natural_scene_eye_tracking_collection,Natural-Scene Tobii Eye-Tracking Collection,figshare,https://doi.org/10.6084/m9.figshare.30520733.v1,30520733,1,1,True,official_file_listing_confirmed,217,2978555671,82,RuVersion,18,text/plain,md5,True,repository_file,Official version-specific Figshare file listing reviewed.
natural_scene_eye_tracking_collection,Natural-Scene Tobii Eye-Tracking Collection,figshare,https://doi.org/10.6084/m9.figshare.30520733.v1,30520733,1,1,True,official_file_listing_confirmed,217,2978555671,83,participant,17,application/json,md5,True,repository_file,Official version-specific Figshare file listing reviewed.
natural_scene_eye_tracking_collection,Natural-Scene Tobii Eye-Tracking Collection,figshare,https://doi.org/10.6084/m9.figshare.30520733.v1,30520733,1,1,True,official_file_listing_confirmed,217,2978555671,84,HuSerial,18,text/plain,md5,True,repository_file,Official version-specific Figshare file listing reviewed.
natural_scene_eye_tracking_collection,Natural-Scene Tobii Eye-Tracking Collection,figshare,https://doi.org/10.6084/m9.figshare.30520733.v1,30520733,1,1,True,official_file_listing_confirmed,217,2978555671,85,RuSerial,18,text/plain,md5,True,repository_file,Official version-specific Figshare file listing reviewed.
natural_scene_eye_tracking_collection,Natural-Scene Tobii Eye-Tracking Collection,figshare,https://doi.org/10.6084/m9.figshare.30520733.v1,30520733,1,1,True,official_file_listing_confirmed,217,2978555671,86,eventdata.gz,456,application/gzip,md5,True,repository_file,Official version-specific Figshare file listing reviewed.
natural_scene_eye_tracking_collection,Natural-Scene Tobii Eye-Tracking Collection,figshare,https://doi.org/10.6084/m9.figshare.30520733.v1,30520733,1,1,True,official_file_listing_confirmed,217,2978555671,87,imudata.gz,1662744,application/gzip,md5,True,repository_file,Official version-specific Figshare file listing reviewed.
natural_scene_eye_tracking_collection,Natural-Scene Tobii Eye-Tracking Collection,figshare,https://doi.org/10.6084/m9.figshare.30520733.v1,30520733,1,1,True,official_file_listing_confirmed,217,2978555671,88,snap0.jpg,138597,image/jpeg,md5,True,repository_file,Official version-specific Figshare file listing reviewed.
natural_scene_eye_tracking_collection,Natural-Scene Tobii Eye-Tracking Collection,figshare,https://doi.org/10.6084/m9.figshare.30520733.v1,30520733,1,1,True,official_file_listing_confirmed,217,2978555671,89,gazedata.gz,1573782,application/gzip,md5,True,repository_file,Official version-specific Figshare file listing reviewed.
natural_scene_eye_tracking_collection,Natural-Scene Tobii Eye-Tracking Collection,figshare,https://doi.org/10.6084/m9.figshare.30520733.v1,30520733,1,1,True,official_file_listing_confirmed,217,2978555671,90,._meta,4096,application/octet-stream,md5,True,repository_file,Official version-specific Figshare file listing reviewed.
natural_scene_eye_tracking_collection,Natural-Scene Tobii Eye-Tracking Collection,figshare,https://doi.org/10.6084/m9.figshare.30520733.v1,30520733,1,1,True,official_file_listing_confirmed,217,2978555671,91,recording.g3,1031,application/json,md5,True,repository_file,Official version-specific Figshare file listing reviewed.
natural_scene_eye_tracking_collection,Natural-Scene Tobii Eye-Tracking Collection,figshare,https://doi.org/10.6084/m9.figshare.30520733.v1,30520733,1,1,True,official_file_listing_confirmed,217,2978555671,92,scenevideo.mp4,157842822,video/mp4,md5,True,repository_file,Official version-specific Figshare file listing reviewed.
natural_scene_eye_tracking_collection,Natural-Scene Tobii Eye-Tracking Collection,figshare,https://doi.org/10.6084/m9.figshare.30520733.v1,30520733,1,1,True,official_file_listing_confirmed,217,2978555671,93,RuVersion,18,text/plain,md5,True,repository_file,Official version-specific Figshare file listing reviewed.
natural_scene_eye_tracking_collection,Natural-Scene Tobii Eye-Tracking Collection,figshare,https://doi.org/10.6084/m9.figshare.30520733.v1,30520733,1,1,True,official_file_listing_confirmed,217,2978555671,94,participant,17,application/json,md5,True,repository_file,Official version-specific Figshare file listing reviewed.
natural_scene_eye_tracking_collection,Natural-Scene Tobii Eye-Tracking Collection,figshare,https://doi.org/10.6084/m9.figshare.30520733.v1,30520733,1,1,True,official_file_listing_confirmed,217,2978555671,95,HuSerial,18,text/plain,md5,True,repository_file,Official version-specific Figshare file listing reviewed.
natural_scene_eye_tracking_collection,Natural-Scene Tobii Eye-Tracking Collection,figshare,https://doi.org/10.6084/m9.figshare.30520733.v1,30520733,1,1,True,official_file_listing_confirmed,217,2978555671,96,RuSerial,18,text/plain,md5,True,repository_file,Official version-specific Figshare file listing reviewed.
natural_scene_eye_tracking_collection,Natural-Scene Tobii Eye-Tracking Collection,figshare,https://doi.org/10.6084/m9.figshare.30520733.v1,30520733,1,1,True,official_file_listing_confirmed,217,2978555671,97,eventdata.gz,462,application/gzip,md5,True,repository_file,Official version-specific Figshare file listing reviewed.
natural_scene_eye_tracking_collection,Natural-Scene Tobii Eye-Tracking Collection,figshare,https://doi.org/10.6084/m9.figshare.30520733.v1,30520733,1,1,True,official_file_listing_confirmed,217,2978555671,98,imudata.gz,1785317,application/gzip,md5,True,repository_file,Official version-specific Figshare file listing reviewed.
natural_scene_eye_tracking_collection,Natural-Scene Tobii Eye-Tracking Collection,figshare,https://doi.org/10.6084/m9.figshare.30520733.v1,30520733,1,1,True,official_file_listing_confirmed,217,2978555671,99,snap0.jpg,117537,image/jpeg,md5,True,repository_file,Official version-specific Figshare file listing reviewed.
natural_scene_eye_tracking_collection,Natural-Scene Tobii Eye-Tracking Collection,figshare,https://doi.org/10.6084/m9.figshare.30520733.v1,30520733,1,1,True,official_file_listing_confirmed,217,2978555671,100,gazedata.gz,864338,application/gzip,md5,True,repository_file,Official version-specific Figshare file listing reviewed.
natural_scene_eye_tracking_collection,Natural-Scene Tobii Eye-Tracking Collection,figshare,https://doi.org/10.6084/m9.figshare.30520733.v1,30520733,1,1,True,official_file_listing_confirmed,217,2978555671,101,._meta,4096,application/octet-stream,md5,True,repository_file,Official version-specific Figshare file listing reviewed.
natural_scene_eye_tracking_collection,Natural-Scene Tobii Eye-Tracking Collection,figshare,https://doi.org/10.6084/m9.figshare.30520733.v1,30520733,1,1,True,official_file_listing_confirmed,217,2978555671,102,recording.g3,1031,application/json,md5,True,repository_file,Official version-specific Figshare file listing reviewed.
natural_scene_eye_tracking_collection,Natural-Scene Tobii Eye-Tracking Collection,figshare,https://doi.org/10.6084/m9.figshare.30520733.v1,30520733,1,1,True,official_file_listing_confirmed,217,2978555671,103,scenevideo.mp4,160170778,video/mp4,md5,True,repository_file,Official version-specific Figshare file listing reviewed.
natural_scene_eye_tracking_collection,Natural-Scene Tobii Eye-Tracking Collection,figshare,https://doi.org/10.6084/m9.figshare.30520733.v1,30520733,1,1,True,official_file_listing_confirmed,217,2978555671,104,RuVersion,18,text/plain,md5,True,repository_file,Official version-specific Figshare file listing reviewed.
natural_scene_eye_tracking_collection,Natural-Scene Tobii Eye-Tracking Collection,figshare,https://doi.org/10.6084/m9.figshare.30520733.v1,30520733,1,1,True,official_file_listing_confirmed,217,2978555671,105,participant,17,application/json,md5,True,repository_file,Official version-specific Figshare file listing reviewed.
natural_scene_eye_tracking_collection,Natural-Scene Tobii Eye-Tracking Collection,figshare,https://doi.org/10.6084/m9.figshare.30520733.v1,30520733,1,1,True,official_file_listing_confirmed,217,2978555671,106,HuSerial,18,text/plain,md5,True,repository_file,Official version-specific Figshare file listing reviewed.
natural_scene_eye_tracking_collection,Natural-Scene Tobii Eye-Tracking Collection,figshare,https://doi.org/10.6084/m9.figshare.30520733.v1,30520733,1,1,True,official_file_listing_confirmed,217,2978555671,107,RuSerial,18,text/plain,md5,True,repository_file,Official version-specific Figshare file listing reviewed.
natural_scene_eye_tracking_collection,Natural-Scene Tobii Eye-Tracking Collection,figshare,https://doi.org/10.6084/m9.figshare.30520733.v1,30520733,1,1,True,official_file_listing_confirmed,217,2978555671,108,eventdata.gz,449,application/gzip,md5,True,repository_file,Official version-specific Figshare file listing reviewed.
natural_scene_eye_tracking_collection,Natural-Scene Tobii Eye-Tracking Collection,figshare,https://doi.org/10.6084/m9.figshare.30520733.v1,30520733,1,1,True,official_file_listing_confirmed,217,2978555671,109,imudata.gz,1774045,application/gzip,md5,True,repository_file,Official version-specific Figshare file listing reviewed.
natural_scene_eye_tracking_collection,Natural-Scene Tobii Eye-Tracking Collection,figshare,https://doi.org/10.6084/m9.figshare.30520733.v1,30520733,1,1,True,official_file_listing_confirmed,217,2978555671,110,snap0.jpg,120354,image/jpeg,md5,True,repository_file,Official version-specific Figshare file listing reviewed.
natural_scene_eye_tracking_collection,Natural-Scene Tobii Eye-Tracking Collection,figshare,https://doi.org/10.6084/m9.figshare.30520733.v1,30520733,1,1,True,official_file_listing_confirmed,217,2978555671,111,gazedata.gz,750250,application/gzip,md5,True,repository_file,Official version-specific Figshare file listing reviewed.
natural_scene_eye_tracking_collection,Natural-Scene Tobii Eye-Tracking Collection,figshare,https://doi.org/10.6084/m9.figshare.30520733.v1,30520733,1,1,True,official_file_listing_confirmed,217,2978555671,112,._meta,4096,application/octet-stream,md5,True,repository_file,Official version-specific Figshare file listing reviewed.
natural_scene_eye_tracking_collection,Natural-Scene Tobii Eye-Tracking Collection,figshare,https://doi.org/10.6084/m9.figshare.30520733.v1,30520733,1,1,True,official_file_listing_confirmed,217,2978555671,113,recording.g3,1031,application/json,md5,True,repository_file,Official version-specific Figshare file listing reviewed.
natural_scene_eye_tracking_collection,Natural-Scene Tobii Eye-Tracking Collection,figshare,https://doi.org/10.6084/m9.figshare.30520733.v1,30520733,1,1,True,official_file_listing_confirmed,217,2978555671,114,scenevideo.mp4,156802104,video/mp4,md5,True,repository_file,Official version-specific Figshare file listing reviewed.
natural_scene_eye_tracking_collection,Natural-Scene Tobii Eye-Tracking Collection,figshare,https://doi.org/10.6084/m9.figshare.30520733.v1,30520733,1,1,True,official_file_listing_confirmed,217,2978555671,115,RuVersion,18,text/plain,md5,True,repository_file,Official version-specific Figshare file listing reviewed.
natural_scene_eye_tracking_collection,Natural-Scene Tobii Eye-Tracking Collection,figshare,https://doi.org/10.6084/m9.figshare.30520733.v1,30520733,1,1,True,official_file_listing_confirmed,217,2978555671,116,participant,17,application/json,md5,True,repository_file,Official version-specific Figshare file listing reviewed.
natural_scene_eye_tracking_collection,Natural-Scene Tobii Eye-Tracking Collection,figshare,https://doi.org/10.6084/m9.figshare.30520733.v1,30520733,1,1,True,official_file_listing_confirmed,217,2978555671,117,HuSerial,18,text/plain,md5,True,repository_file,Official version-specific Figshare file listing reviewed.
natural_scene_eye_tracking_collection,Natural-Scene Tobii Eye-Tracking Collection,figshare,https://doi.org/10.6084/m9.figshare.30520733.v1,30520733,1,1,True,official_file_listing_confirmed,217,2978555671,118,RuSerial,18,text/plain,md5,True,repository_file,Official version-specific Figshare file listing reviewed.
natural_scene_eye_tracking_collection,Natural-Scene Tobii Eye-Tracking Collection,figshare,https://doi.org/10.6084/m9.figshare.30520733.v1,30520733,1,1,True,official_file_listing_confirmed,217,2978555671,119,eventdata.gz,467,application/gzip,md5,True,repository_file,Official version-specific Figshare file listing reviewed.
natural_scene_eye_tracking_collection,Natural-Scene Tobii Eye-Tracking Collection,figshare,https://doi.org/10.6084/m9.figshare.30520733.v1,30520733,1,1,True,official_file_listing_confirmed,217,2978555671,120,imudata.gz,1866657,application/gzip,md5,True,repository_file,Official version-specific Figshare file listing reviewed.
natural_scene_eye_tracking_collection,Natural-Scene Tobii Eye-Tracking Collection,figshare,https://doi.org/10.6084/m9.figshare.30520733.v1,30520733,1,1,True,official_file_listing_confirmed,217,2978555671,121,snap0.jpg,121325,image/jpeg,md5,True,repository_file,Official version-specific Figshare file listing reviewed.
natural_scene_eye_tracking_collection,Natural-Scene Tobii Eye-Tracking Collection,figshare,https://doi.org/10.6084/m9.figshare.30520733.v1,30520733,1,1,True,official_file_listing_confirmed,217,2978555671,122,gazedata.gz,923964,application/gzip,md5,True,repository_file,Official version-specific Figshare file listing reviewed.
natural_scene_eye_tracking_collection,Natural-Scene Tobii Eye-Tracking Collection,figshare,https://doi.org/10.6084/m9.figshare.30520733.v1,30520733,1,1,True,official_file_listing_confirmed,217,2978555671,123,._meta,4096,application/octet-stream,md5,True,repository_file,Official version-specific Figshare file listing reviewed.
natural_scene_eye_tracking_collection,Natural-Scene Tobii Eye-Tracking Collection,figshare,https://doi.org/10.6084/m9.figshare.30520733.v1,30520733,1,1,True,official_file_listing_confirmed,217,2978555671,124,recording.g3,1023,application/json,md5,True,repository_file,Official version-specific Figshare file listing reviewed.
natural_scene_eye_tracking_collection,Natural-Scene Tobii Eye-Tracking Collection,figshare,https://doi.org/10.6084/m9.figshare.30520733.v1,30520733,1,1,True,official_file_listing_confirmed,217,2978555671,125,scenevideo.mp4,162773191,video/mp4,md5,True,repository_file,Official version-specific Figshare file listing reviewed.
natural_scene_eye_tracking_collection,Natural-Scene Tobii Eye-Tracking Collection,figshare,https://doi.org/10.6084/m9.figshare.30520733.v1,30520733,1,1,True,official_file_listing_confirmed,217,2978555671,126,RuVersion,18,text/plain,md5,True,repository_file,Official version-specific Figshare file listing reviewed.
natural_scene_eye_tracking_collection,Natural-Scene Tobii Eye-Tracking Collection,figshare,https://doi.org/10.6084/m9.figshare.30520733.v1,30520733,1,1,True,official_file_listing_confirmed,217,2978555671,127,participant,17,application/json,md5,True,repository_file,Official version-specific Figshare file listing reviewed.
natural_scene_eye_tracking_collection,Natural-Scene Tobii Eye-Tracking Collection,figshare,https://doi.org/10.6084/m9.figshare.30520733.v1,30520733,1,1,True,official_file_listing_confirmed,217,2978555671,128,HuSerial,18,text/plain,md5,True,repository_file,Official version-specific Figshare file listing reviewed.
natural_scene_eye_tracking_collection,Natural-Scene Tobii Eye-Tracking Collection,figshare,https://doi.org/10.6084/m9.figshare.30520733.v1,30520733,1,1,True,official_file_listing_confirmed,217,2978555671,129,RuSerial,18,text/plain,md5,True,repository_file,Official version-specific Figshare file listing reviewed.
natural_scene_eye_tracking_collection,Natural-Scene Tobii Eye-Tracking Collection,figshare,https://doi.org/10.6084/m9.figshare.30520733.v1,30520733,1,1,True,official_file_listing_confirmed,217,2978555671,130,eventdata.gz,463,application/gzip,md5,True,repository_file,Official version-specific Figshare file listing reviewed.
natural_scene_eye_tracking_collection,Natural-Scene Tobii Eye-Tracking Collection,figshare,https://doi.org/10.6084/m9.figshare.30520733.v1,30520733,1,1,True,official_file_listing_confirmed,217,2978555671,131,imudata.gz,1768957,application/gzip,md5,True,repository_file,Official version-specific Figshare file listing reviewed.
natural_scene_eye_tracking_collection,Natural-Scene Tobii Eye-Tracking Collection,figshare,https://doi.org/10.6084/m9.figshare.30520733.v1,30520733,1,1,True,official_file_listing_confirmed,217,2978555671,132,snap0.jpg,137845,image/jpeg,md5,True,repository_file,Official version-specific Figshare file listing reviewed.
natural_scene_eye_tracking_collection,Natural-Scene Tobii Eye-Tracking Collection,figshare,https://doi.org/10.6084/m9.figshare.30520733.v1,30520733,1,1,True,official_file_listing_confirmed,217,2978555671,133,gazedata.gz,1628050,application/gzip,md5,True,repository_file,Official version-specific Figshare file listing reviewed.
natural_scene_eye_tracking_collection,Natural-Scene Tobii Eye-Tracking Collection,figshare,https://doi.org/10.6084/m9.figshare.30520733.v1,30520733,1,1,True,official_file_listing_confirmed,217,2978555671,134,._meta,4096,application/octet-stream,md5,True,repository_file,Official version-specific Figshare file listing reviewed.
natural_scene_eye_tracking_collection,Natural-Scene Tobii Eye-Tracking Collection,figshare,https://doi.org/10.6084/m9.figshare.30520733.v1,30520733,1,1,True,official_file_listing_confirmed,217,2978555671,135,recording.g3,1026,application/json,md5,True,repository_file,Official version-specific Figshare file listing reviewed.
natural_scene_eye_tracking_collection,Natural-Scene Tobii Eye-Tracking Collection,figshare,https://doi.org/10.6084/m9.figshare.30520733.v1,30520733,1,1,True,official_file_listing_confirmed,217,2978555671,136,scenevideo.mp4,162656183,video/mp4,md5,True,repository_file,Official version-specific Figshare file listing reviewed.
natural_scene_eye_tracking_collection,Natural-Scene Tobii Eye-Tracking Collection,figshare,https://doi.org/10.6084/m9.figshare.30520733.v1,30520733,1,1,True,official_file_listing_confirmed,217,2978555671,137,RuVersion,18,text/plain,md5,True,repository_file,Official version-specific Figshare file listing reviewed.
natural_scene_eye_tracking_collection,Natural-Scene Tobii Eye-Tracking Collection,figshare,https://doi.org/10.6084/m9.figshare.30520733.v1,30520733,1,1,True,official_file_listing_confirmed,217,2978555671,138,participant,17,application/json,md5,True,repository_file,Official version-specific Figshare file listing reviewed.
natural_scene_eye_tracking_collection,Natural-Scene Tobii Eye-Tracking Collection,figshare,https://doi.org/10.6084/m9.figshare.30520733.v1,30520733,1,1,True,official_file_listing_confirmed,217,2978555671,139,HuSerial,18,text/plain,md5,True,repository_file,Official version-specific Figshare file listing reviewed.
natural_scene_eye_tracking_collection,Natural-Scene Tobii Eye-Tracking Collection,figshare,https://doi.org/10.6084/m9.figshare.30520733.v1,30520733,1,1,True,official_file_listing_confirmed,217,2978555671,140,RuSerial,18,text/plain,md5,True,repository_file,Official version-specific Figshare file listing reviewed.
natural_scene_eye_tracking_collection,Natural-Scene Tobii Eye-Tracking Collection,figshare,https://doi.org/10.6084/m9.figshare.30520733.v1,30520733,1,1,True,official_file_listing_confirmed,217,2978555671,141,eventdata.gz,448,application/gzip,md5,True,repository_file,Official version-specific Figshare file listing reviewed.
natural_scene_eye_tracking_collection,Natural-Scene Tobii Eye-Tracking Collection,figshare,https://doi.org/10.6084/m9.figshare.30520733.v1,30520733,1,1,True,official_file_listing_confirmed,217,2978555671,142,imudata.gz,1693177,application/gzip,md5,True,repository_file,Official version-specific Figshare file listing reviewed.
natural_scene_eye_tracking_collection,Natural-Scene Tobii Eye-Tracking Collection,figshare,https://doi.org/10.6084/m9.figshare.30520733.v1,30520733,1,1,True,official_file_listing_confirmed,217,2978555671,143,snap0.jpg,111500,image/jpeg,md5,True,repository_file,Official version-specific Figshare file listing reviewed.
natural_scene_eye_tracking_collection,Natural-Scene Tobii Eye-Tracking Collection,figshare,https://doi.org/10.6084/m9.figshare.30520733.v1,30520733,1,1,True,official_file_listing_confirmed,217,2978555671,144,gazedata.gz,815787,application/gzip,md5,True,repository_file,Official version-specific Figshare file listing reviewed.
natural_scene_eye_tracking_collection,Natural-Scene Tobii Eye-Tracking Collection,figshare,https://doi.org/10.6084/m9.figshare.30520733.v1,30520733,1,1,True,official_file_listing_confirmed,217,2978555671,145,._meta,4096,application/octet-stream,md5,True,repository_file,Official version-specific Figshare file listing reviewed.
natural_scene_eye_tracking_collection,Natural-Scene Tobii Eye-Tracking Collection,figshare,https://doi.org/10.6084/m9.figshare.30520733.v1,30520733,1,1,True,official_file_listing_confirmed,217,2978555671,146,recording.g3,1031,application/json,md5,True,repository_file,Official version-specific Figshare file listing reviewed.
natural_scene_eye_tracking_collection,Natural-Scene Tobii Eye-Tracking Collection,figshare,https://doi.org/10.6084/m9.figshare.30520733.v1,30520733,1,1,True,official_file_listing_confirmed,217,2978555671,147,scenevideo.mp4,157421554,video/mp4,md5,True,repository_file,Official version-specific Figshare file listing reviewed.
natural_scene_eye_tracking_collection,Natural-Scene Tobii Eye-Tracking Collection,figshare,https://doi.org/10.6084/m9.figshare.30520733.v1,30520733,1,1,True,official_file_listing_confirmed,217,2978555671,148,RuVersion,18,text/plain,md5,True,repository_file,Official version-specific Figshare file listing reviewed.
natural_scene_eye_tracking_collection,Natural-Scene Tobii Eye-Tracking Collection,figshare,https://doi.org/10.6084/m9.figshare.30520733.v1,30520733,1,1,True,official_file_listing_confirmed,217,2978555671,149,participant,17,application/json,md5,True,repository_file,Official version-specific Figshare file listing reviewed.
natural_scene_eye_tracking_collection,Natural-Scene Tobii Eye-Tracking Collection,figshare,https://doi.org/10.6084/m9.figshare.30520733.v1,30520733,1,1,True,official_file_listing_confirmed,217,2978555671,150,HuSerial,18,text/plain,md5,True,repository_file,Official version-specific Figshare file listing reviewed.
natural_scene_eye_tracking_collection,Natural-Scene Tobii Eye-Tracking Collection,figshare,https://doi.org/10.6084/m9.figshare.30520733.v1,30520733,1,1,True,official_file_listing_confirmed,217,2978555671,151,RuSerial,18,text/plain,md5,True,repository_file,Official version-specific Figshare file listing reviewed.
natural_scene_eye_tracking_collection,Natural-Scene Tobii Eye-Tracking Collection,figshare,https://doi.org/10.6084/m9.figshare.30520733.v1,30520733,1,1,True,official_file_listing_confirmed,217,2978555671,152,eventdata.gz,445,application/gzip,md5,True,repository_file,Official version-specific Figshare file listing reviewed.
natural_scene_eye_tracking_collection,Natural-Scene Tobii Eye-Tracking Collection,figshare,https://doi.org/10.6084/m9.figshare.30520733.v1,30520733,1,1,True,official_file_listing_confirmed,217,2978555671,153,imudata.gz,1745380,application/gzip,md5,True,repository_file,Official version-specific Figshare file listing reviewed.
natural_scene_eye_tracking_collection,Natural-Scene Tobii Eye-Tracking Collection,figshare,https://doi.org/10.6084/m9.figshare.30520733.v1,30520733,1,1,True,official_file_listing_confirmed,217,2978555671,154,snap0.jpg,142377,image/jpeg,md5,True,repository_file,Official version-specific Figshare file listing reviewed.
natural_scene_eye_tracking_collection,Natural-Scene Tobii Eye-Tracking Collection,figshare,https://doi.org/10.6084/m9.figshare.30520733.v1,30520733,1,1,True,official_file_listing_confirmed,217,2978555671,155,gazedata.gz,834778,application/gzip,md5,True,repository_file,Official version-specific Figshare file listing reviewed.
natural_scene_eye_tracking_collection,Natural-Scene Tobii Eye-Tracking Collection,figshare,https://doi.org/10.6084/m9.figshare.30520733.v1,30520733,1,1,True,official_file_listing_confirmed,217,2978555671,156,._meta,4096,application/octet-stream,md5,True,repository_file,Official version-specific Figshare file listing reviewed.
natural_scene_eye_tracking_collection,Natural-Scene Tobii Eye-Tracking Collection,figshare,https://doi.org/10.6084/m9.figshare.30520733.v1,30520733,1,1,True,official_file_listing_confirmed,217,2978555671,157,recording.g3,1026,application/json,md5,True,repository_file,Official version-specific Figshare file listing reviewed.
natural_scene_eye_tracking_collection,Natural-Scene Tobii Eye-Tracking Collection,figshare,https://doi.org/10.6084/m9.figshare.30520733.v1,30520733,1,1,True,official_file_listing_confirmed,217,2978555671,158,scenevideo.mp4,157231100,video/mp4,md5,True,repository_file,Official version-specific Figshare file listing reviewed.
natural_scene_eye_tracking_collection,Natural-Scene Tobii Eye-Tracking Collection,figshare,https://doi.org/10.6084/m9.figshare.30520733.v1,30520733,1,1,True,official_file_listing_confirmed,217,2978555671,159,RuVersion,18,text/plain,md5,True,repository_file,Official version-specific Figshare file listing reviewed.
natural_scene_eye_tracking_collection,Natural-Scene Tobii Eye-Tracking Collection,figshare,https://doi.org/10.6084/m9.figshare.30520733.v1,30520733,1,1,True,official_file_listing_confirmed,217,2978555671,160,participant,17,application/json,md5,True,repository_file,Official version-specific Figshare file listing reviewed.
natural_scene_eye_tracking_collection,Natural-Scene Tobii Eye-Tracking Collection,figshare,https://doi.org/10.6084/m9.figshare.30520733.v1,30520733,1,1,True,official_file_listing_confirmed,217,2978555671,161,HuSerial,18,text/plain,md5,True,repository_file,Official version-specific Figshare file listing reviewed.
natural_scene_eye_tracking_collection,Natural-Scene Tobii Eye-Tracking Collection,figshare,https://doi.org/10.6084/m9.figshare.30520733.v1,30520733,1,1,True,official_file_listing_confirmed,217,2978555671,162,RuSerial,18,text/plain,md5,True,repository_file,Official version-specific Figshare file listing reviewed.
natural_scene_eye_tracking_collection,Natural-Scene Tobii Eye-Tracking Collection,figshare,https://doi.org/10.6084/m9.figshare.30520733.v1,30520733,1,1,True,official_file_listing_confirmed,217,2978555671,163,eventdata.gz,544,application/gzip,md5,True,repository_file,Official version-specific Figshare file listing reviewed.
natural_scene_eye_tracking_collection,Natural-Scene Tobii Eye-Tracking Collection,figshare,https://doi.org/10.6084/m9.figshare.30520733.v1,30520733,1,1,True,official_file_listing_confirmed,217,2978555671,164,imudata.gz,2169131,application/gzip,md5,True,repository_file,Official version-specific Figshare file listing reviewed.
natural_scene_eye_tracking_collection,Natural-Scene Tobii Eye-Tracking Collection,figshare,https://doi.org/10.6084/m9.figshare.30520733.v1,30520733,1,1,True,official_file_listing_confirmed,217,2978555671,165,snap0.jpg,122889,image/jpeg,md5,True,repository_file,Official version-specific Figshare file listing reviewed.
natural_scene_eye_tracking_collection,Natural-Scene Tobii Eye-Tracking Collection,figshare,https://doi.org/10.6084/m9.figshare.30520733.v1,30520733,1,1,True,official_file_listing_confirmed,217,2978555671,166,gazedata.gz,2027187,application/gzip,md5,True,repository_file,Official version-specific Figshare file listing reviewed.
natural_scene_eye_tracking_collection,Natural-Scene Tobii Eye-Tracking Collection,figshare,https://doi.org/10.6084/m9.figshare.30520733.v1,30520733,1,1,True,official_file_listing_confirmed,217,2978555671,167,._meta,4096,application/octet-stream,md5,True,repository_file,Official version-specific Figshare file listing reviewed.
natural_scene_eye_tracking_collection,Natural-Scene Tobii Eye-Tracking Collection,figshare,https://doi.org/10.6084/m9.figshare.30520733.v1,30520733,1,1,True,official_file_listing_confirmed,217,2978555671,168,recording.g3,1024,application/json,md5,True,repository_file,Official version-specific Figshare file listing reviewed.
natural_scene_eye_tracking_collection,Natural-Scene Tobii Eye-Tracking Collection,figshare,https://doi.org/10.6084/m9.figshare.30520733.v1,30520733,1,1,True,official_file_listing_confirmed,217,2978555671,169,scenevideo.mp4,202079050,video/mp4,md5,True,repository_file,Official version-specific Figshare file listing reviewed.
natural_scene_eye_tracking_collection,Natural-Scene Tobii Eye-Tracking Collection,figshare,https://doi.org/10.6084/m9.figshare.30520733.v1,30520733,1,1,True,official_file_listing_confirmed,217,2978555671,170,RuVersion,18,text/plain,md5,True,repository_file,Official version-specific Figshare file listing reviewed.
natural_scene_eye_tracking_collection,Natural-Scene Tobii Eye-Tracking Collection,figshare,https://doi.org/10.6084/m9.figshare.30520733.v1,30520733,1,1,True,official_file_listing_confirmed,217,2978555671,171,participant,17,application/json,md5,True,repository_file,Official version-specific Figshare file listing reviewed.
natural_scene_eye_tracking_collection,Natural-Scene Tobii Eye-Tracking Collection,figshare,https://doi.org/10.6084/m9.figshare.30520733.v1,30520733,1,1,True,official_file_listing_confirmed,217,2978555671,172,HuSerial,18,text/plain,md5,True,repository_file,Official version-specific Figshare file listing reviewed.
natural_scene_eye_tracking_collection,Natural-Scene Tobii Eye-Tracking Collection,figshare,https://doi.org/10.6084/m9.figshare.30520733.v1,30520733,1,1,True,official_file_listing_confirmed,217,2978555671,173,RuSerial,18,text/plain,md5,True,repository_file,Official version-specific Figshare file listing reviewed.
natural_scene_eye_tracking_collection,Natural-Scene Tobii Eye-Tracking Collection,figshare,https://doi.org/10.6084/m9.figshare.30520733.v1,30520733,1,1,True,official_file_listing_confirmed,217,2978555671,174,eventdata.gz,455,application/gzip,md5,True,repository_file,Official version-specific Figshare file listing reviewed.
natural_scene_eye_tracking_collection,Natural-Scene Tobii Eye-Tracking Collection,figshare,https://doi.org/10.6084/m9.figshare.30520733.v1,30520733,1,1,True,official_file_listing_confirmed,217,2978555671,175,imudata.gz,1796042,application/gzip,md5,True,repository_file,Official version-specific Figshare file listing reviewed.
natural_scene_eye_tracking_collection,Natural-Scene Tobii Eye-Tracking Collection,figshare,https://doi.org/10.6084/m9.figshare.30520733.v1,30520733,1,1,True,official_file_listing_confirmed,217,2978555671,176,snap0.jpg,149641,image/jpeg,md5,True,repository_file,Official version-specific Figshare file listing reviewed.
natural_scene_eye_tracking_collection,Natural-Scene Tobii Eye-Tracking Collection,figshare,https://doi.org/10.6084/m9.figshare.30520733.v1,30520733,1,1,True,official_file_listing_confirmed,217,2978555671,177,gazedata.gz,864572,application/gzip,md5,True,repository_file,Official version-specific Figshare file listing reviewed.
natural_scene_eye_tracking_collection,Natural-Scene Tobii Eye-Tracking Collection,figshare,https://doi.org/10.6084/m9.figshare.30520733.v1,30520733,1,1,True,official_file_listing_confirmed,217,2978555671,178,._meta,4096,application/octet-stream,md5,True,repository_file,Official version-specific Figshare file listing reviewed.
natural_scene_eye_tracking_collection,Natural-Scene Tobii Eye-Tracking Collection,figshare,https://doi.org/10.6084/m9.figshare.30520733.v1,30520733,1,1,True,official_file_listing_confirmed,217,2978555671,179,recording.g3,1031,application/json,md5,True,repository_file,Official version-specific Figshare file listing reviewed.
natural_scene_eye_tracking_collection,Natural-Scene Tobii Eye-Tracking Collection,figshare,https://doi.org/10.6084/m9.figshare.30520733.v1,30520733,1,1,True,official_file_listing_confirmed,217,2978555671,180,scenevideo.mp4,157346049,video/mp4,md5,True,repository_file,Official version-specific Figshare file listing reviewed.
natural_scene_eye_tracking_collection,Natural-Scene Tobii Eye-Tracking Collection,figshare,https://doi.org/10.6084/m9.figshare.30520733.v1,30520733,1,1,True,official_file_listing_confirmed,217,2978555671,181,RuVersion,18,text/plain,md5,True,repository_file,Official version-specific Figshare file listing reviewed.
natural_scene_eye_tracking_collection,Natural-Scene Tobii Eye-Tracking Collection,figshare,https://doi.org/10.6084/m9.figshare.30520733.v1,30520733,1,1,True,official_file_listing_confirmed,217,2978555671,182,participant,17,application/json,md5,True,repository_file,Official version-specific Figshare file listing reviewed.
natural_scene_eye_tracking_collection,Natural-Scene Tobii Eye-Tracking Collection,figshare,https://doi.org/10.6084/m9.figshare.30520733.v1,30520733,1,1,True,official_file_listing_confirmed,217,2978555671,183,HuSerial,18,text/plain,md5,True,repository_file,Official version-specific Figshare file listing reviewed.
natural_scene_eye_tracking_collection,Natural-Scene Tobii Eye-Tracking Collection,figshare,https://doi.org/10.6084/m9.figshare.30520733.v1,30520733,1,1,True,official_file_listing_confirmed,217,2978555671,184,RuSerial,18,text/plain,md5,True,repository_file,Official version-specific Figshare file listing reviewed.
natural_scene_eye_tracking_collection,Natural-Scene Tobii Eye-Tracking Collection,figshare,https://doi.org/10.6084/m9.figshare.30520733.v1,30520733,1,1,True,official_file_listing_confirmed,217,2978555671,185,eventdata.gz,457,application/gzip,md5,True,repository_file,Official version-specific Figshare file listing reviewed.
natural_scene_eye_tracking_collection,Natural-Scene Tobii Eye-Tracking Collection,figshare,https://doi.org/10.6084/m9.figshare.30520733.v1,30520733,1,1,True,official_file_listing_confirmed,217,2978555671,186,imudata.gz,1822440,application/gzip,md5,True,repository_file,Official version-specific Figshare file listing reviewed.
natural_scene_eye_tracking_collection,Natural-Scene Tobii Eye-Tracking Collection,figshare,https://doi.org/10.6084/m9.figshare.30520733.v1,30520733,1,1,True,official_file_listing_confirmed,217,2978555671,187,snap0.jpg,127313,image/jpeg,md5,True,repository_file,Official version-specific Figshare file listing reviewed.
natural_scene_eye_tracking_collection,Natural-Scene Tobii Eye-Tracking Collection,figshare,https://doi.org/10.6084/m9.figshare.30520733.v1,30520733,1,1,True,official_file_listing_confirmed,217,2978555671,188,gazedata.gz,841106,application/gzip,md5,True,repository_file,Official version-specific Figshare file listing reviewed.
natural_scene_eye_tracking_collection,Natural-Scene Tobii Eye-Tracking Collection,figshare,https://doi.org/10.6084/m9.figshare.30520733.v1,30520733,1,1,True,official_file_listing_confirmed,217,2978555671,189,._meta,4096,application/octet-stream,md5,True,repository_file,Official version-specific Figshare file listing reviewed.
natural_scene_eye_tracking_collection,Natural-Scene Tobii Eye-Tracking Collection,figshare,https://doi.org/10.6084/m9.figshare.30520733.v1,30520733,1,1,True,official_file_listing_confirmed,217,2978555671,190,recording.g3,1031,application/json,md5,True,repository_file,Official version-specific Figshare file listing reviewed.
natural_scene_eye_tracking_collection,Natural-Scene Tobii Eye-Tracking Collection,figshare,https://doi.org/10.6084/m9.figshare.30520733.v1,30520733,1,1,True,official_file_listing_confirmed,217,2978555671,191,scenevideo.mp4,165325752,video/mp4,md5,True,repository_file,Official version-specific Figshare file listing reviewed.
natural_scene_eye_tracking_collection,Natural-Scene Tobii Eye-Tracking Collection,figshare,https://doi.org/10.6084/m9.figshare.30520733.v1,30520733,1,1,True,official_file_listing_confirmed,217,2978555671,192,RuVersion,18,text/plain,md5,True,repository_file,Official version-specific Figshare file listing reviewed.
natural_scene_eye_tracking_collection,Natural-Scene Tobii Eye-Tracking Collection,figshare,https://doi.org/10.6084/m9.figshare.30520733.v1,30520733,1,1,True,official_file_listing_confirmed,217,2978555671,193,participant,17,application/json,md5,True,repository_file,Official version-specific Figshare file listing reviewed.
natural_scene_eye_tracking_collection,Natural-Scene Tobii Eye-Tracking Collection,figshare,https://doi.org/10.6084/m9.figshare.30520733.v1,30520733,1,1,True,official_file_listing_confirmed,217,2978555671,194,HuSerial,18,text/plain,md5,True,repository_file,Official version-specific Figshare file listing reviewed.
natural_scene_eye_tracking_collection,Natural-Scene Tobii Eye-Tracking Collection,figshare,https://doi.org/10.6084/m9.figshare.30520733.v1,30520733,1,1,True,official_file_listing_confirmed,217,2978555671,195,RuSerial,18,text/plain,md5,True,repository_file,Official version-specific Figshare file listing reviewed.
natural_scene_eye_tracking_collection,Natural-Scene Tobii Eye-Tracking Collection,figshare,https://doi.org/10.6084/m9.figshare.30520733.v1,30520733,1,1,True,official_file_listing_confirmed,217,2978555671,196,eventdata.gz,452,application/gzip,md5,True,repository_file,Official version-specific Figshare file listing reviewed.
natural_scene_eye_tracking_collection,Natural-Scene Tobii Eye-Tracking Collection,figshare,https://doi.org/10.6084/m9.figshare.30520733.v1,30520733,1,1,True,official_file_listing_confirmed,217,2978555671,197,imudata.gz,1749477,application/gzip,md5,True,repository_file,Official version-specific Figshare file listing reviewed.
natural_scene_eye_tracking_collection,Natural-Scene Tobii Eye-Tracking Collection,figshare,https://doi.org/10.6084/m9.figshare.30520733.v1,30520733,1,1,True,official_file_listing_confirmed,217,2978555671,198,snap0.jpg,135374,image/jpeg,md5,True,repository_file,Official version-specific Figshare file listing reviewed.
natural_scene_eye_tracking_collection,Natural-Scene Tobii Eye-Tracking Collection,figshare,https://doi.org/10.6084/m9.figshare.30520733.v1,30520733,1,1,True,official_file_listing_confirmed,217,2978555671,199,gazedata.gz,1463541,application/gzip,md5,True,repository_file,Official version-specific Figshare file listing reviewed.
natural_scene_eye_tracking_collection,Natural-Scene Tobii Eye-Tracking Collection,figshare,https://doi.org/10.6084/m9.figshare.30520733.v1,30520733,1,1,True,official_file_listing_confirmed,217,2978555671,200,._meta,4096,application/octet-stream,md5,True,repository_file,Official version-specific Figshare file listing reviewed.
natural_scene_eye_tracking_collection,Natural-Scene Tobii Eye-Tracking Collection,figshare,https://doi.org/10.6084/m9.figshare.30520733.v1,30520733,1,1,True,official_file_listing_confirmed,217,2978555671,201,recording.g3,1026,application/json,md5,True,repository_file,Official version-specific Figshare file listing reviewed.
natural_scene_eye_tracking_collection,Natural-Scene Tobii Eye-Tracking Collection,figshare,https://doi.org/10.6084/m9.figshare.30520733.v1,30520733,1,1,True,official_file_listing_confirmed,217,2978555671,202,scenevideo.mp4,157403556,video/mp4,md5,True,repository_file,Official version-specific Figshare file listing reviewed.
natural_scene_eye_tracking_collection,Natural-Scene Tobii Eye-Tracking Collection,figshare,https://doi.org/10.6084/m9.figshare.30520733.v1,30520733,1,1,True,official_file_listing_confirmed,217,2978555671,203,RuVersion,18,text/plain,md5,True,repository_file,Official version-specific Figshare file listing reviewed.
natural_scene_eye_tracking_collection,Natural-Scene Tobii Eye-Tracking Collection,figshare,https://doi.org/10.6084/m9.figshare.30520733.v1,30520733,1,1,True,official_file_listing_confirmed,217,2978555671,204,participant,17,application/json,md5,True,repository_file,Official version-specific Figshare file listing reviewed.
natural_scene_eye_tracking_collection,Natural-Scene Tobii Eye-Tracking Collection,figshare,https://doi.org/10.6084/m9.figshare.30520733.v1,30520733,1,1,True,official_file_listing_confirmed,217,2978555671,205,HuSerial,18,text/plain,md5,True,repository_file,Official version-specific Figshare file listing reviewed.
natural_scene_eye_tracking_collection,Natural-Scene Tobii Eye-Tracking Collection,figshare,https://doi.org/10.6084/m9.figshare.30520733.v1,30520733,1,1,True,official_file_listing_confirmed,217,2978555671,206,RuSerial,18,text/plain,md5,True,repository_file,Official version-specific Figshare file listing reviewed.
natural_scene_eye_tracking_collection,Natural-Scene Tobii Eye-Tracking Collection,figshare,https://doi.org/10.6084/m9.figshare.30520733.v1,30520733,1,1,True,official_file_listing_confirmed,217,2978555671,207,eventdata.gz,462,application/gzip,md5,True,repository_file,Official version-specific Figshare file listing reviewed.
natural_scene_eye_tracking_collection,Natural-Scene Tobii Eye-Tracking Collection,figshare,https://doi.org/10.6084/m9.figshare.30520733.v1,30520733,1,1,True,official_file_listing_confirmed,217,2978555671,208,imudata.gz,1794395,application/gzip,md5,True,repository_file,Official version-specific Figshare file listing reviewed.
natural_scene_eye_tracking_collection,Natural-Scene Tobii Eye-Tracking Collection,figshare,https://doi.org/10.6084/m9.figshare.30520733.v1,30520733,1,1,True,official_file_listing_confirmed,217,2978555671,209,snap0.jpg,119116,image/jpeg,md5,True,repository_file,Official version-specific Figshare file listing reviewed.
natural_scene_eye_tracking_collection,Natural-Scene Tobii Eye-Tracking Collection,figshare,https://doi.org/10.6084/m9.figshare.30520733.v1,30520733,1,1,True,official_file_listing_confirmed,217,2978555671,210,gazedata.gz,848099,application/gzip,md5,True,repository_file,Official version-specific Figshare file listing reviewed.
natural_scene_eye_tracking_collection,Natural-Scene Tobii Eye-Tracking Collection,figshare,https://doi.org/10.6084/m9.figshare.30520733.v1,30520733,1,1,True,official_file_listing_confirmed,217,2978555671,211,._meta,4096,application/octet-stream,md5,True,repository_file,Official version-specific Figshare file listing reviewed.
natural_scene_eye_tracking_collection,Natural-Scene Tobii Eye-Tracking Collection,figshare,https://doi.org/10.6084/m9.figshare.30520733.v1,30520733,1,1,True,official_file_listing_confirmed,217,2978555671,212,recording.g3,1017,application/json,md5,True,repository_file,Official version-specific Figshare file listing reviewed.
natural_scene_eye_tracking_collection,Natural-Scene Tobii Eye-Tracking Collection,figshare,https://doi.org/10.6084/m9.figshare.30520733.v1,30520733,1,1,True,official_file_listing_confirmed,217,2978555671,213,scenevideo.mp4,166628692,video/mp4,md5,True,repository_file,Official version-specific Figshare file listing reviewed.
natural_scene_eye_tracking_collection,Natural-Scene Tobii Eye-Tracking Collection,figshare,https://doi.org/10.6084/m9.figshare.30520733.v1,30520733,1,1,True,official_file_listing_confirmed,217,2978555671,214,RuVersion,18,text/plain,md5,True,repository_file,Official version-specific Figshare file listing reviewed.
natural_scene_eye_tracking_collection,Natural-Scene Tobii Eye-Tracking Collection,figshare,https://doi.org/10.6084/m9.figshare.30520733.v1,30520733,1,1,True,official_file_listing_confirmed,217,2978555671,215,participant,17,application/json,md5,True,repository_file,Official version-specific Figshare file listing reviewed.
natural_scene_eye_tracking_collection,Natural-Scene Tobii Eye-Tracking Collection,figshare,https://doi.org/10.6084/m9.figshare.30520733.v1,30520733,1,1,True,official_file_listing_confirmed,217,2978555671,216,HuSerial,18,text/plain,md5,True,repository_file,Official version-specific Figshare file listing reviewed.
natural_scene_eye_tracking_collection,Natural-Scene Tobii Eye-Tracking Collection,figshare,https://doi.org/10.6084/m9.figshare.30520733.v1,30520733,1,1,True,official_file_listing_confirmed,217,2978555671,217,RuSerial,18,text/plain,md5,True,repository_file,Official version-specific Figshare file listing reviewed.
ocular_generalized_myasthenia_korea,Ocular and Generalized Myasthenia Gravis Korea Dataset,figshare,https://doi.org/10.6084/m9.figshare.31981347.v1,31981347,1,1,True,official_file_listing_confirmed,1,254627,1,data (Figshare).xlsx,254627,application/vnd.openxmlformats-officedocument.spreadsheetml.sheet,md5,True,repository_file,Official version-specific Figshare file listing reviewed.
parkinsons_directional_oct,Parkinson Disease Directional OCT Dataset,figshare,https://doi.org/10.26188/30750011.v1,30750011,1,1,True,official_file_listing_confirmed,1,36154,1,Processed thickness and reflectance data.xlsx,36154,application/vnd.openxmlformats-officedocument.spreadsheetml.sheet,md5,True,repository_file,Official version-specific Figshare file listing reviewed.
parkinsons_outer_retinal_structure,Parkinson Disease Outer Retinal Structure and Function Dataset,figshare,https://doi.org/10.26188/24138420.v2,24138420,2,2,True,official_file_listing_confirmed,2,68367,1,Tran 2023 Human PD Retina Paper Dataset.xlsx,31884,application/vnd.openxmlformats-officedocument.spreadsheetml.sheet,md5,True,repository_file,Official version-specific Figshare file listing reviewed.
parkinsons_outer_retinal_structure,Parkinson Disease Outer Retinal Structure and Function Dataset,figshare,https://doi.org/10.26188/24138420.v2,24138420,2,2,True,official_file_listing_confirmed,2,68367,2,Tran 2023 Human PD Retina Paper Dataset V2 Revised.xlsx,36483,application/vnd.openxmlformats-officedocument.spreadsheetml.sheet,md5,True,repository_file,Official version-specific Figshare file listing reviewed.
pimd_visual_preference_eye_tracking,PIMD Visual Preference Eye-Tracking Dataset,figshare,https://doi.org/10.1371/journal.pone.0266176.s010,19598133,1,1,True,official_file_listing_confirmed,1,238066,1,pone.0266176.s010.xlsx,238066,application/vnd.openxmlformats-officedocument.spreadsheetml.sheet,md5,True,repository_file,Official version-specific Figshare file listing reviewed.
pupillometry_eeg_fmri_salience,"Pupillometry, EEG, and fMRI Salience Dataset",figshare,https://doi.org/10.6084/m9.figshare.22518010.v1,22518010,1,1,True,official_file_listing_confirmed,1,3856978616,1,Data_and_Demo.zip,3856978616,application/zip,md5,True,repository_file,Official version-specific Figshare file listing reviewed.
rao_fundus,RAO Retinal Artery Occlusion Fundus Photography Dataset,mendeley,https://data.mendeley.com/datasets/5428684j44/2,5428684j44,2,2,True,official_archive_route_confirmed,,65899640,,,,,,,,"The current version-specific Download All route returned an official ZIP archive. Internal files will be enumerated during content inspection. The bearer-token response reflects the retired OAuth audience, not source unavailability."
retinal_oct_octa_two_subjects_processed,Processed Retinal OCT and OCTA Two-Subject Dataset,kaggle,https://www.kaggle.com/datasets/cnzakimuena/retinal-oct-and-octa-data-3,cnzakimuena/retinal-oct-and-octa-data-3,,,True,official_file_listing_confirmed,50,13970739052,1,processed/subject1/Results/3mmx3mm_20180831130749_OS/ETDRS_grid/2DregionsETDRS.mat,14925,,,False,repository_file,Official Kaggle client file listing reviewed. The listing endpoint does not expose a stable deposit-version identifier.
retinal_oct_octa_two_subjects_processed,Processed Retinal OCT and OCTA Two-Subject Dataset,kaggle,https://www.kaggle.com/datasets/cnzakimuena/retinal-oct-and-octa-data-3,cnzakimuena/retinal-oct-and-octa-data-3,,,True,official_file_listing_confirmed,50,13970739052,2,processed/subject1/Results/3mmx3mm_20180831130749_OS/ETDRS_grid/3DregionsETDRS.mat,8762650,,,False,repository_file,Official Kaggle client file listing reviewed. The listing endpoint does not expose a stable deposit-version identifier.
retinal_oct_octa_two_subjects_processed,Processed Retinal OCT and OCTA Two-Subject Dataset,kaggle,https://www.kaggle.com/datasets/cnzakimuena/retinal-oct-and-octa-data-3,cnzakimuena/retinal-oct-and-octa-data-3,,,True,official_file_listing_confirmed,50,13970739052,3,processed/subject1/Results/3mmx3mm_20180831130749_OS/scanInfo.mat,209,,,False,repository_file,Official Kaggle client file listing reviewed. The listing endpoint does not expose a stable deposit-version identifier.
retinal_oct_octa_two_subjects_processed,Processed Retinal OCT and OCTA Two-Subject Dataset,kaggle,https://www.kaggle.com/datasets/cnzakimuena/retinal-oct-and-octa-data-3,cnzakimuena/retinal-oct-and-octa-data-3,,,True,official_file_listing_confirmed,50,13970739052,4,processed/subject1/Results/3mmx3mm_20180831130749_OS/segmentation.mat,908742663,,,False,repository_file,Official Kaggle client file listing reviewed. The listing endpoint does not expose a stable deposit-version identifier.
retinal_oct_octa_two_subjects_processed,Processed Retinal OCT and OCTA Two-Subject Dataset,kaggle,https://www.kaggle.com/datasets/cnzakimuena/retinal-oct-and-octa-data-3,cnzakimuena/retinal-oct-and-octa-data-3,,,True,official_file_listing_confirmed,50,13970739052,5,processed/subject1/Results/3mmx3mm_20180831130749_OS/segmentationAlligned.mat,429584103,,,False,repository_file,Official Kaggle client file listing reviewed. The listing endpoint does not expose a stable deposit-version identifier.
retinal_oct_octa_two_subjects_processed,Processed Retinal OCT and OCTA Two-Subject Dataset,kaggle,https://www.kaggle.com/datasets/cnzakimuena/retinal-oct-and-octa-data-3,cnzakimuena/retinal-oct-and-octa-data-3,,,True,official_file_listing_confirmed,50,13970739052,6,processed/subject1/Results/3mmx3mm_20180831130922_OS/ETDRS_grid/2DregionsETDRS.mat,14912,,,False,repository_file,Official Kaggle client file listing reviewed. The listing endpoint does not expose a stable deposit-version identifier.
retinal_oct_octa_two_subjects_processed,Processed Retinal OCT and OCTA Two-Subject Dataset,kaggle,https://www.kaggle.com/datasets/cnzakimuena/retinal-oct-and-octa-data-3,cnzakimuena/retinal-oct-and-octa-data-3,,,True,official_file_listing_confirmed,50,13970739052,7,processed/subject1/Results/3mmx3mm_20180831130922_OS/ETDRS_grid/3DregionsETDRS.mat,8757569,,,False,repository_file,Official Kaggle client file listing reviewed. The listing endpoint does not expose a stable deposit-version identifier.
retinal_oct_octa_two_subjects_processed,Processed Retinal OCT and OCTA Two-Subject Dataset,kaggle,https://www.kaggle.com/datasets/cnzakimuena/retinal-oct-and-octa-data-3,cnzakimuena/retinal-oct-and-octa-data-3,,,True,official_file_listing_confirmed,50,13970739052,8,processed/subject1/Results/3mmx3mm_20180831130922_OS/scanInfo.mat,209,,,False,repository_file,Official Kaggle client file listing reviewed. The listing endpoint does not expose a stable deposit-version identifier.
retinal_oct_octa_two_subjects_processed,Processed Retinal OCT and OCTA Two-Subject Dataset,kaggle,https://www.kaggle.com/datasets/cnzakimuena/retinal-oct-and-octa-data-3,cnzakimuena/retinal-oct-and-octa-data-3,,,True,official_file_listing_confirmed,50,13970739052,9,processed/subject1/Results/3mmx3mm_20180831130922_OS/segmentation.mat,887282567,,,False,repository_file,Official Kaggle client file listing reviewed. The listing endpoint does not expose a stable deposit-version identifier.
retinal_oct_octa_two_subjects_processed,Processed Retinal OCT and OCTA Two-Subject Dataset,kaggle,https://www.kaggle.com/datasets/cnzakimuena/retinal-oct-and-octa-data-3,cnzakimuena/retinal-oct-and-octa-data-3,,,True,official_file_listing_confirmed,50,13970739052,10,processed/subject1/Results/3mmx3mm_20180831130922_OS/segmentationAlligned.mat,416690922,,,False,repository_file,Official Kaggle client file listing reviewed. The listing endpoint does not expose a stable deposit-version identifier.
retinal_oct_octa_two_subjects_processed,Processed Retinal OCT and OCTA Two-Subject Dataset,kaggle,https://www.kaggle.com/datasets/cnzakimuena/retinal-oct-and-octa-data-3,cnzakimuena/retinal-oct-and-octa-data-3,,,True,official_file_listing_confirmed,50,13970739052,11,processed/subject1/Results/3mmx3mm_20180831131120_OS/ETDRS_grid/2DregionsETDRS.mat,14882,,,False,repository_file,Official Kaggle client file listing reviewed. The listing endpoint does not expose a stable deposit-version identifier.
retinal_oct_octa_two_subjects_processed,Processed Retinal OCT and OCTA Two-Subject Dataset,kaggle,https://www.kaggle.com/datasets/cnzakimuena/retinal-oct-and-octa-data-3,cnzakimuena/retinal-oct-and-octa-data-3,,,True,official_file_listing_confirmed,50,13970739052,12,processed/subject1/Results/3mmx3mm_20180831131120_OS/ETDRS_grid/3DregionsETDRS.mat,8728974,,,False,repository_file,Official Kaggle client file listing reviewed. The listing endpoint does not expose a stable deposit-version identifier.
retinal_oct_octa_two_subjects_processed,Processed Retinal OCT and OCTA Two-Subject Dataset,kaggle,https://www.kaggle.com/datasets/cnzakimuena/retinal-oct-and-octa-data-3,cnzakimuena/retinal-oct-and-octa-data-3,,,True,official_file_listing_confirmed,50,13970739052,13,processed/subject1/Results/3mmx3mm_20180831131120_OS/scanInfo.mat,209,,,False,repository_file,Official Kaggle client file listing reviewed. The listing endpoint does not expose a stable deposit-version identifier.
retinal_oct_octa_two_subjects_processed,Processed Retinal OCT and OCTA Two-Subject Dataset,kaggle,https://www.kaggle.com/datasets/cnzakimuena/retinal-oct-and-octa-data-3,cnzakimuena/retinal-oct-and-octa-data-3,,,True,official_file_listing_confirmed,50,13970739052,14,processed/subject1/Results/3mmx3mm_20180831131120_OS/segmentation.mat,924226029,,,False,repository_file,Official Kaggle client file listing reviewed. The listing endpoint does not expose a stable deposit-version identifier.
retinal_oct_octa_two_subjects_processed,Processed Retinal OCT and OCTA Two-Subject Dataset,kaggle,https://www.kaggle.com/datasets/cnzakimuena/retinal-oct-and-octa-data-3,cnzakimuena/retinal-oct-and-octa-data-3,,,True,official_file_listing_confirmed,50,13970739052,15,processed/subject1/Results/3mmx3mm_20180831131120_OS/segmentationAlligned.mat,437447615,,,False,repository_file,Official Kaggle client file listing reviewed. The listing endpoint does not expose a stable deposit-version identifier.
retinal_oct_octa_two_subjects_processed,Processed Retinal OCT and OCTA Two-Subject Dataset,kaggle,https://www.kaggle.com/datasets/cnzakimuena/retinal-oct-and-octa-data-3,cnzakimuena/retinal-oct-and-octa-data-3,,,True,official_file_listing_confirmed,50,13970739052,16,processed/subject1/Results/3mmx3mm_20180831131555_OD/ETDRS_grid/2DregionsETDRS.mat,14757,,,False,repository_file,Official Kaggle client file listing reviewed. The listing endpoint does not expose a stable deposit-version identifier.
retinal_oct_octa_two_subjects_processed,Processed Retinal OCT and OCTA Two-Subject Dataset,kaggle,https://www.kaggle.com/datasets/cnzakimuena/retinal-oct-and-octa-data-3,cnzakimuena/retinal-oct-and-octa-data-3,,,True,official_file_listing_confirmed,50,13970739052,17,processed/subject1/Results/3mmx3mm_20180831131555_OD/ETDRS_grid/3DregionsETDRS.mat,8645963,,,False,repository_file,Official Kaggle client file listing reviewed. The listing endpoint does not expose a stable deposit-version identifier.
retinal_oct_octa_two_subjects_processed,Processed Retinal OCT and OCTA Two-Subject Dataset,kaggle,https://www.kaggle.com/datasets/cnzakimuena/retinal-oct-and-octa-data-3,cnzakimuena/retinal-oct-and-octa-data-3,,,True,official_file_listing_confirmed,50,13970739052,18,processed/subject1/Results/3mmx3mm_20180831131555_OD/scanInfo.mat,209,,,False,repository_file,Official Kaggle client file listing reviewed. The listing endpoint does not expose a stable deposit-version identifier.
retinal_oct_octa_two_subjects_processed,Processed Retinal OCT and OCTA Two-Subject Dataset,kaggle,https://www.kaggle.com/datasets/cnzakimuena/retinal-oct-and-octa-data-3,cnzakimuena/retinal-oct-and-octa-data-3,,,True,official_file_listing_confirmed,50,13970739052,19,processed/subject1/Results/3mmx3mm_20180831131555_OD/segmentation.mat,848555567,,,False,repository_file,Official Kaggle client file listing reviewed. The listing endpoint does not expose a stable deposit-version identifier.
retinal_oct_octa_two_subjects_processed,Processed Retinal OCT and OCTA Two-Subject Dataset,kaggle,https://www.kaggle.com/datasets/cnzakimuena/retinal-oct-and-octa-data-3,cnzakimuena/retinal-oct-and-octa-data-3,,,True,official_file_listing_confirmed,50,13970739052,20,processed/subject1/Results/3mmx3mm_20180831131555_OD/segmentationAlligned.mat,406117320,,,False,repository_file,Official Kaggle client file listing reviewed. The listing endpoint does not expose a stable deposit-version identifier.
retinal_oct_octa_two_subjects_processed,Processed Retinal OCT and OCTA Two-Subject Dataset,kaggle,https://www.kaggle.com/datasets/cnzakimuena/retinal-oct-and-octa-data-3,cnzakimuena/retinal-oct-and-octa-data-3,,,True,official_file_listing_confirmed,50,13970739052,21,processed/subject1/Results/3mmx3mm_20180831131723_OD/ETDRS_grid/2DregionsETDRS.mat,14878,,,False,repository_file,Official Kaggle client file listing reviewed. The listing endpoint does not expose a stable deposit-version identifier.
retinal_oct_octa_two_subjects_processed,Processed Retinal OCT and OCTA Two-Subject Dataset,kaggle,https://www.kaggle.com/datasets/cnzakimuena/retinal-oct-and-octa-data-3,cnzakimuena/retinal-oct-and-octa-data-3,,,True,official_file_listing_confirmed,50,13970739052,22,processed/subject1/Results/3mmx3mm_20180831131723_OD/ETDRS_grid/3DregionsETDRS.mat,8711472,,,False,repository_file,Official Kaggle client file listing reviewed. The listing endpoint does not expose a stable deposit-version identifier.
retinal_oct_octa_two_subjects_processed,Processed Retinal OCT and OCTA Two-Subject Dataset,kaggle,https://www.kaggle.com/datasets/cnzakimuena/retinal-oct-and-octa-data-3,cnzakimuena/retinal-oct-and-octa-data-3,,,True,official_file_listing_confirmed,50,13970739052,23,processed/subject1/Results/3mmx3mm_20180831131723_OD/scanInfo.mat,209,,,False,repository_file,Official Kaggle client file listing reviewed. The listing endpoint does not expose a stable deposit-version identifier.
retinal_oct_octa_two_subjects_processed,Processed Retinal OCT and OCTA Two-Subject Dataset,kaggle,https://www.kaggle.com/datasets/cnzakimuena/retinal-oct-and-octa-data-3,cnzakimuena/retinal-oct-and-octa-data-3,,,True,official_file_listing_confirmed,50,13970739052,24,processed/subject1/Results/3mmx3mm_20180831131723_OD/segmentation.mat,946712646,,,False,repository_file,Official Kaggle client file listing reviewed. The listing endpoint does not expose a stable deposit-version identifier.
retinal_oct_octa_two_subjects_processed,Processed Retinal OCT and OCTA Two-Subject Dataset,kaggle,https://www.kaggle.com/datasets/cnzakimuena/retinal-oct-and-octa-data-3,cnzakimuena/retinal-oct-and-octa-data-3,,,True,official_file_listing_confirmed,50,13970739052,25,processed/subject1/Results/3mmx3mm_20180831131723_OD/segmentationAlligned.mat,467312997,,,False,repository_file,Official Kaggle client file listing reviewed. The listing endpoint does not expose a stable deposit-version identifier.
retinal_oct_octa_two_subjects_processed,Processed Retinal OCT and OCTA Two-Subject Dataset,kaggle,https://www.kaggle.com/datasets/cnzakimuena/retinal-oct-and-octa-data-3,cnzakimuena/retinal-oct-and-octa-data-3,,,True,official_file_listing_confirmed,50,13970739052,26,processed/subject1/Results/3mmx3mm_20180831131819_OD/ETDRS_grid/2DregionsETDRS.mat,14931,,,False,repository_file,Official Kaggle client file listing reviewed. The listing endpoint does not expose a stable deposit-version identifier.
retinal_oct_octa_two_subjects_processed,Processed Retinal OCT and OCTA Two-Subject Dataset,kaggle,https://www.kaggle.com/datasets/cnzakimuena/retinal-oct-and-octa-data-3,cnzakimuena/retinal-oct-and-octa-data-3,,,True,official_file_listing_confirmed,50,13970739052,27,processed/subject1/Results/3mmx3mm_20180831131819_OD/ETDRS_grid/3DregionsETDRS.mat,8759091,,,False,repository_file,Official Kaggle client file listing reviewed. The listing endpoint does not expose a stable deposit-version identifier.
retinal_oct_octa_two_subjects_processed,Processed Retinal OCT and OCTA Two-Subject Dataset,kaggle,https://www.kaggle.com/datasets/cnzakimuena/retinal-oct-and-octa-data-3,cnzakimuena/retinal-oct-and-octa-data-3,,,True,official_file_listing_confirmed,50,13970739052,28,processed/subject1/Results/3mmx3mm_20180831131819_OD/scanInfo.mat,209,,,False,repository_file,Official Kaggle client file listing reviewed. The listing endpoint does not expose a stable deposit-version identifier.
retinal_oct_octa_two_subjects_processed,Processed Retinal OCT and OCTA Two-Subject Dataset,kaggle,https://www.kaggle.com/datasets/cnzakimuena/retinal-oct-and-octa-data-3,cnzakimuena/retinal-oct-and-octa-data-3,,,True,official_file_listing_confirmed,50,13970739052,29,processed/subject1/Results/3mmx3mm_20180831131819_OD/segmentation.mat,972671064,,,False,repository_file,Official Kaggle client file listing reviewed. The listing endpoint does not expose a stable deposit-version identifier.
retinal_oct_octa_two_subjects_processed,Processed Retinal OCT and OCTA Two-Subject Dataset,kaggle,https://www.kaggle.com/datasets/cnzakimuena/retinal-oct-and-octa-data-3,cnzakimuena/retinal-oct-and-octa-data-3,,,True,official_file_listing_confirmed,50,13970739052,30,processed/subject1/Results/3mmx3mm_20180831131819_OD/segmentationAlligned.mat,484114534,,,False,repository_file,Official Kaggle client file listing reviewed. The listing endpoint does not expose a stable deposit-version identifier.
retinal_oct_octa_two_subjects_processed,Processed Retinal OCT and OCTA Two-Subject Dataset,kaggle,https://www.kaggle.com/datasets/cnzakimuena/retinal-oct-and-octa-data-3,cnzakimuena/retinal-oct-and-octa-data-3,,,True,official_file_listing_confirmed,50,13970739052,31,processed/subject2/Results/3mmx3mm_20190131135255_OD/ETDRS_grid/2DregionsETDRS.mat,14833,,,False,repository_file,Official Kaggle client file listing reviewed. The listing endpoint does not expose a stable deposit-version identifier.
retinal_oct_octa_two_subjects_processed,Processed Retinal OCT and OCTA Two-Subject Dataset,kaggle,https://www.kaggle.com/datasets/cnzakimuena/retinal-oct-and-octa-data-3,cnzakimuena/retinal-oct-and-octa-data-3,,,True,official_file_listing_confirmed,50,13970739052,32,processed/subject2/Results/3mmx3mm_20190131135255_OD/ETDRS_grid/3DregionsETDRS.mat,8701804,,,False,repository_file,Official Kaggle client file listing reviewed. The listing endpoint does not expose a stable deposit-version identifier.
retinal_oct_octa_two_subjects_processed,Processed Retinal OCT and OCTA Two-Subject Dataset,kaggle,https://www.kaggle.com/datasets/cnzakimuena/retinal-oct-and-octa-data-3,cnzakimuena/retinal-oct-and-octa-data-3,,,True,official_file_listing_confirmed,50,13970739052,33,processed/subject2/Results/3mmx3mm_20190131135255_OD/scanInfo.mat,209,,,False,repository_file,Official Kaggle client file listing reviewed. The listing endpoint does not expose a stable deposit-version identifier.
retinal_oct_octa_two_subjects_processed,Processed Retinal OCT and OCTA Two-Subject Dataset,kaggle,https://www.kaggle.com/datasets/cnzakimuena/retinal-oct-and-octa-data-3,cnzakimuena/retinal-oct-and-octa-data-3,,,True,official_file_listing_confirmed,50,13970739052,34,processed/subject2/Results/3mmx3mm_20190131135255_OD/segmentation.mat,946836903,,,False,repository_file,Official Kaggle client file listing reviewed. The listing endpoint does not expose a stable deposit-version identifier.
retinal_oct_octa_two_subjects_processed,Processed Retinal OCT and OCTA Two-Subject Dataset,kaggle,https://www.kaggle.com/datasets/cnzakimuena/retinal-oct-and-octa-data-3,cnzakimuena/retinal-oct-and-octa-data-3,,,True,official_file_listing_confirmed,50,13970739052,35,processed/subject2/Results/3mmx3mm_20190131135255_OD/segmentationAlligned.mat,447560398,,,False,repository_file,Official Kaggle client file listing reviewed. The listing endpoint does not expose a stable deposit-version identifier.
retinal_oct_octa_two_subjects_processed,Processed Retinal OCT and OCTA Two-Subject Dataset,kaggle,https://www.kaggle.com/datasets/cnzakimuena/retinal-oct-and-octa-data-3,cnzakimuena/retinal-oct-and-octa-data-3,,,True,official_file_listing_confirmed,50,13970739052,36,processed/subject2/Results/3mmx3mm_20190131135409_OD/ETDRS_grid/2DregionsETDRS.mat,14830,,,False,repository_file,Official Kaggle client file listing reviewed. The listing endpoint does not expose a stable deposit-version identifier.
retinal_oct_octa_two_subjects_processed,Processed Retinal OCT and OCTA Two-Subject Dataset,kaggle,https://www.kaggle.com/datasets/cnzakimuena/retinal-oct-and-octa-data-3,cnzakimuena/retinal-oct-and-octa-data-3,,,True,official_file_listing_confirmed,50,13970739052,37,processed/subject2/Results/3mmx3mm_20190131135409_OD/ETDRS_grid/3DregionsETDRS.mat,8678278,,,False,repository_file,Official Kaggle client file listing reviewed. The listing endpoint does not expose a stable deposit-version identifier.
retinal_oct_octa_two_subjects_processed,Processed Retinal OCT and OCTA Two-Subject Dataset,kaggle,https://www.kaggle.com/datasets/cnzakimuena/retinal-oct-and-octa-data-3,cnzakimuena/retinal-oct-and-octa-data-3,,,True,official_file_listing_confirmed,50,13970739052,38,processed/subject2/Results/3mmx3mm_20190131135409_OD/scanInfo.mat,209,,,False,repository_file,Official Kaggle client file listing reviewed. The listing endpoint does not expose a stable deposit-version identifier.
retinal_oct_octa_two_subjects_processed,Processed Retinal OCT and OCTA Two-Subject Dataset,kaggle,https://www.kaggle.com/datasets/cnzakimuena/retinal-oct-and-octa-data-3,cnzakimuena/retinal-oct-and-octa-data-3,,,True,official_file_listing_confirmed,50,13970739052,39,processed/subject2/Results/3mmx3mm_20190131135409_OD/segmentation.mat,970657819,,,False,repository_file,Official Kaggle client file listing reviewed. The listing endpoint does not expose a stable deposit-version identifier.
retinal_oct_octa_two_subjects_processed,Processed Retinal OCT and OCTA Two-Subject Dataset,kaggle,https://www.kaggle.com/datasets/cnzakimuena/retinal-oct-and-octa-data-3,cnzakimuena/retinal-oct-and-octa-data-3,,,True,official_file_listing_confirmed,50,13970739052,40,processed/subject2/Results/3mmx3mm_20190131135409_OD/segmentationAlligned.mat,465130110,,,False,repository_file,Official Kaggle client file listing reviewed. The listing endpoint does not expose a stable deposit-version identifier.
retinal_oct_octa_two_subjects_processed,Processed Retinal OCT and OCTA Two-Subject Dataset,kaggle,https://www.kaggle.com/datasets/cnzakimuena/retinal-oct-and-octa-data-3,cnzakimuena/retinal-oct-and-octa-data-3,,,True,official_file_listing_confirmed,50,13970739052,41,processed/subject2/Results/3mmx3mm_20190131135951_OS/ETDRS_grid/2DregionsETDRS.mat,14946,,,False,repository_file,Official Kaggle client file listing reviewed. The listing endpoint does not expose a stable deposit-version identifier.
retinal_oct_octa_two_subjects_processed,Processed Retinal OCT and OCTA Two-Subject Dataset,kaggle,https://www.kaggle.com/datasets/cnzakimuena/retinal-oct-and-octa-data-3,cnzakimuena/retinal-oct-and-octa-data-3,,,True,official_file_listing_confirmed,50,13970739052,42,processed/subject2/Results/3mmx3mm_20190131135951_OS/ETDRS_grid/3DregionsETDRS.mat,8761125,,,False,repository_file,Official Kaggle client file listing reviewed. The listing endpoint does not expose a stable deposit-version identifier.
retinal_oct_octa_two_subjects_processed,Processed Retinal OCT and OCTA Two-Subject Dataset,kaggle,https://www.kaggle.com/datasets/cnzakimuena/retinal-oct-and-octa-data-3,cnzakimuena/retinal-oct-and-octa-data-3,,,True,official_file_listing_confirmed,50,13970739052,43,processed/subject2/Results/3mmx3mm_20190131135951_OS/scanInfo.mat,209,,,False,repository_file,Official Kaggle client file listing reviewed. The listing endpoint does not expose a stable deposit-version identifier.
retinal_oct_octa_two_subjects_processed,Processed Retinal OCT and OCTA Two-Subject Dataset,kaggle,https://www.kaggle.com/datasets/cnzakimuena/retinal-oct-and-octa-data-3,cnzakimuena/retinal-oct-and-octa-data-3,,,True,official_file_listing_confirmed,50,13970739052,44,processed/subject2/Results/3mmx3mm_20190131135951_OS/segmentation.mat,981469323,,,False,repository_file,Official Kaggle client file listing reviewed. The listing endpoint does not expose a stable deposit-version identifier.
retinal_oct_octa_two_subjects_processed,Processed Retinal OCT and OCTA Two-Subject Dataset,kaggle,https://www.kaggle.com/datasets/cnzakimuena/retinal-oct-and-octa-data-3,cnzakimuena/retinal-oct-and-octa-data-3,,,True,official_file_listing_confirmed,50,13970739052,45,processed/subject2/Results/3mmx3mm_20190131135951_OS/segmentationAlligned.mat,499419170,,,False,repository_file,Official Kaggle client file listing reviewed. The listing endpoint does not expose a stable deposit-version identifier.
retinal_oct_octa_two_subjects_processed,Processed Retinal OCT and OCTA Two-Subject Dataset,kaggle,https://www.kaggle.com/datasets/cnzakimuena/retinal-oct-and-octa-data-3,cnzakimuena/retinal-oct-and-octa-data-3,,,True,official_file_listing_confirmed,50,13970739052,46,processed/subject2/Results/3mmx3mm_20190131140107_OS/ETDRS_grid/2DregionsETDRS.mat,14851,,,False,repository_file,Official Kaggle client file listing reviewed. The listing endpoint does not expose a stable deposit-version identifier.
retinal_oct_octa_two_subjects_processed,Processed Retinal OCT and OCTA Two-Subject Dataset,kaggle,https://www.kaggle.com/datasets/cnzakimuena/retinal-oct-and-octa-data-3,cnzakimuena/retinal-oct-and-octa-data-3,,,True,official_file_listing_confirmed,50,13970739052,47,processed/subject2/Results/3mmx3mm_20190131140107_OS/ETDRS_grid/3DregionsETDRS.mat,8707227,,,False,repository_file,Official Kaggle client file listing reviewed. The listing endpoint does not expose a stable deposit-version identifier.
retinal_oct_octa_two_subjects_processed,Processed Retinal OCT and OCTA Two-Subject Dataset,kaggle,https://www.kaggle.com/datasets/cnzakimuena/retinal-oct-and-octa-data-3,cnzakimuena/retinal-oct-and-octa-data-3,,,True,official_file_listing_confirmed,50,13970739052,48,processed/subject2/Results/3mmx3mm_20190131140107_OS/scanInfo.mat,209,,,False,repository_file,Official Kaggle client file listing reviewed. The listing endpoint does not expose a stable deposit-version identifier.
retinal_oct_octa_two_subjects_processed,Processed Retinal OCT and OCTA Two-Subject Dataset,kaggle,https://www.kaggle.com/datasets/cnzakimuena/retinal-oct-and-octa-data-3,cnzakimuena/retinal-oct-and-octa-data-3,,,True,official_file_listing_confirmed,50,13970739052,49,processed/subject2/Results/3mmx3mm_20190131140107_OS/segmentation.mat,963252654,,,False,repository_file,Official Kaggle client file listing reviewed. The listing endpoint does not expose a stable deposit-version identifier.
retinal_oct_octa_two_subjects_processed,Processed Retinal OCT and OCTA Two-Subject Dataset,kaggle,https://www.kaggle.com/datasets/cnzakimuena/retinal-oct-and-octa-data-3,cnzakimuena/retinal-oct-and-octa-data-3,,,True,official_file_listing_confirmed,50,13970739052,50,processed/subject2/Results/3mmx3mm_20190131140107_OS/segmentationAlligned.mat,479589660,,,False,repository_file,Official Kaggle client file listing reviewed. The listing endpoint does not expose a stable deposit-version identifier.
retinal_optic_flow_locomotion,Retinal Optic Flow and Locomotion Dataset,figshare,https://doi.org/10.25452/figshare.plus.17113883.v1,17113883,1,1,True,official_file_listing_confirmed,3,208139751689,1,Sub02.zip,76500270742,undefined,md5,True,repository_file,Official version-specific Figshare file listing reviewed.
retinal_optic_flow_locomotion,Retinal Optic Flow and Locomotion Dataset,figshare,https://doi.org/10.25452/figshare.plus.17113883.v1,17113883,1,1,True,official_file_listing_confirmed,3,208139751689,2,Sub03.zip,68552363334,undefined,md5,True,repository_file,Official version-specific Figshare file listing reviewed.
retinal_optic_flow_locomotion,Retinal Optic Flow and Locomotion Dataset,figshare,https://doi.org/10.25452/figshare.plus.17113883.v1,17113883,1,1,True,official_file_listing_confirmed,3,208139751689,3,Sub01.zip,63087117613,undefined,md5,True,repository_file,Official version-specific Figshare file listing reviewed.
retinal_photoplethysmography_rnfl,Retinal Photoplethysmography and RNFL Dataset,figshare,https://doi.org/10.6084/m9.figshare.21197173.v1,21197173,1,1,True,official_file_listing_confirmed,5,511581820,1,Blood_vessels_BW_templates_plosone.mat,1791080,application/octet-stream,md5,True,repository_file,Official version-specific Figshare file listing reviewed.
retinal_photoplethysmography_rnfl,Retinal Photoplethysmography and RNFL Dataset,figshare,https://doi.org/10.6084/m9.figshare.21197173.v1,21197173,1,1,True,official_file_listing_confirmed,5,511581820,2,Diagnoses_key_plosone.mat,236,application/octet-stream,md5,True,repository_file,Official version-specific Figshare file listing reviewed.
retinal_photoplethysmography_rnfl,Retinal Photoplethysmography and RNFL Dataset,figshare,https://doi.org/10.6084/m9.figshare.21197173.v1,21197173,1,1,True,official_file_listing_confirmed,5,511581820,3,ONH_BW_templates_plosone.mat,531080,application/octet-stream,md5,True,repository_file,Official version-specific Figshare file listing reviewed.
retinal_photoplethysmography_rnfl,Retinal Photoplethysmography and RNFL Dataset,figshare,https://doi.org/10.6084/m9.figshare.21197173.v1,21197173,1,1,True,official_file_listing_confirmed,5,511581820,4,RNFL_circular_OCT_scans_plosone.mat,445481,application/octet-stream,md5,True,repository_file,Official version-specific Figshare file listing reviewed.
retinal_photoplethysmography_rnfl,Retinal Photoplethysmography and RNFL Dataset,figshare,https://doi.org/10.6084/m9.figshare.21197173.v1,21197173,1,1,True,official_file_listing_confirmed,5,511581820,5,PAA_original_maps_plosone.mat,508813943,application/octet-stream,md5,True,repository_file,Official version-specific Figshare file listing reviewed.
spectrosense_pupil_light_exposure,SpectroSense Pupil Light Exposure Dataset,figshare,https://doi.org/10.6084/m9.figshare.28176839.v1,28176839,1,1,True,official_file_listing_confirmed,5,27295283129,1,sat_files.csv,13931,text/csv,md5,True,repository_file,Official version-specific Figshare file listing reviewed.
spectrosense_pupil_light_exposure,SpectroSense Pupil Light Exposure Dataset,figshare,https://doi.org/10.6084/m9.figshare.28176839.v1,28176839,1,1,True,official_file_listing_confirmed,5,27295283129,2,demographic_data.csv,17242,text/csv,md5,True,repository_file,Official version-specific Figshare file listing reviewed.
spectrosense_pupil_light_exposure,SpectroSense Pupil Light Exposure Dataset,figshare,https://doi.org/10.6084/m9.figshare.28176839.v1,28176839,1,1,True,official_file_listing_confirmed,5,27295283129,3,sum_tab.pdf,320804,application/pdf,md5,True,repository_file,Official version-specific Figshare file listing reviewed.
spectrosense_pupil_light_exposure,SpectroSense Pupil Light Exposure Dataset,figshare,https://doi.org/10.6084/m9.figshare.28176839.v1,28176839,1,1,True,official_file_listing_confirmed,5,27295283129,4,sample_phase_tab.pdf,537315,application/pdf,md5,True,repository_file,Official version-specific Figshare file listing reviewed.
spectrosense_pupil_light_exposure,SpectroSense Pupil Light Exposure Dataset,figshare,https://doi.org/10.6084/m9.figshare.28176839.v1,28176839,1,1,True,official_file_listing_confirmed,5,27295283129,5,SpectroSense Dataset.zip,27294393837,undefined,md5,True,repository_file,Official version-specific Figshare file listing reviewed.
sustech_sysu_corneal_ulcers,SUSTech-SYSU Corneal Ulcer Dataset,figshare,https://doi.org/10.6084/m9.figshare.10247501.v1,10247501,1,1,True,official_file_listing_confirmed,1,1159073143,1,The-SUSTech-SYSU-dataset-for-automatically-segmenting-and-classifying-corneal-ulcers.zip,1159073143,application/zip,md5,True,repository_file,Official version-specific Figshare file listing reviewed.
synthetic_retinal_oct_biomarkers,Synthetic Retinal OCT Biomarker Dataset,huggingface,https://huggingface.co/datasets/serag-ai/Synthetic-Ophthalmology-Images,serag-ai/Synthetic-Ophthalmology-Images,,03d9828ca9e97a8614b25a08da36a63229afddcb,,official_file_listing_confirmed,6,7215007204,1,.gitattributes,2461,,,False,repository_file,Official Hugging Face repository tree reviewed at the recorded commit.
synthetic_retinal_oct_biomarkers,Synthetic Retinal OCT Biomarker Dataset,huggingface,https://huggingface.co/datasets/serag-ai/Synthetic-Ophthalmology-Images,serag-ai/Synthetic-Ophthalmology-Images,,03d9828ca9e97a8614b25a08da36a63229afddcb,,official_file_listing_confirmed,6,7215007204,2,CNV.zip,1749640698,,sha256,True,repository_file,Official Hugging Face repository tree reviewed at the recorded commit.
synthetic_retinal_oct_biomarkers,Synthetic Retinal OCT Biomarker Dataset,huggingface,https://huggingface.co/datasets/serag-ai/Synthetic-Ophthalmology-Images,serag-ai/Synthetic-Ophthalmology-Images,,03d9828ca9e97a8614b25a08da36a63229afddcb,,official_file_listing_confirmed,6,7215007204,3,DME.zip,2016014872,,sha256,True,repository_file,Official Hugging Face repository tree reviewed at the recorded commit.
synthetic_retinal_oct_biomarkers,Synthetic Retinal OCT Biomarker Dataset,huggingface,https://huggingface.co/datasets/serag-ai/Synthetic-Ophthalmology-Images,serag-ai/Synthetic-Ophthalmology-Images,,03d9828ca9e97a8614b25a08da36a63229afddcb,,official_file_listing_confirmed,6,7215007204,4,Drusen.zip,1725906505,,sha256,True,repository_file,Official Hugging Face repository tree reviewed at the recorded commit.
synthetic_retinal_oct_biomarkers,Synthetic Retinal OCT Biomarker Dataset,huggingface,https://huggingface.co/datasets/serag-ai/Synthetic-Ophthalmology-Images,serag-ai/Synthetic-Ophthalmology-Images,,03d9828ca9e97a8614b25a08da36a63229afddcb,,official_file_listing_confirmed,6,7215007204,5,Normal.zip,1723439708,,sha256,True,repository_file,Official Hugging Face repository tree reviewed at the recorded commit.
synthetic_retinal_oct_biomarkers,Synthetic Retinal OCT Biomarker Dataset,huggingface,https://huggingface.co/datasets/serag-ai/Synthetic-Ophthalmology-Images,serag-ai/Synthetic-Ophthalmology-Images,,03d9828ca9e97a8614b25a08da36a63229afddcb,,official_file_listing_confirmed,6,7215007204,6,README.md,2960,,,False,repository_file,Official Hugging Face repository tree reviewed at the recorded commit.
thyroid_ophthalmopathy_external,Thyroid Ophthalmopathy External Ocular Images,mendeley,https://data.mendeley.com/datasets/z7ys7r4bdn/2,z7ys7r4bdn,2,2,True,official_archive_route_confirmed,,5582645,,,,,,,,"The current version-specific Download All route returned an official ZIP archive. Internal files will be enumerated during content inspection. The bearer-token response reflects the retired OAuth audience, not source unavailability."
tunisian_retinal_oct_multidisease,Tunisian Retinal OCT Multi-Disease Dataset,figshare,https://doi.org/10.6084/m9.figshare.31385596.v3,31385596,3,3,True,official_file_listing_confirmed,0,0,,,,,,,,Official version-specific Figshare file listing reviewed.
visual_field_test_perception,Visual Field Test Perception Dataset,figshare,https://doi.org/10.6084/m9.figshare.12443594.v2,12443594,2,2,True,official_file_listing_confirmed,1,48003,1,DATABASE.xlsx,48003,application/vnd.openxmlformats-officedocument.spreadsheetml.sheet,md5,True,repository_file,Official version-specific Figshare file listing reviewed.
