name,full_name,description,modality,tasks,num_samples,splits,classes,num_classes,image_size,download_type,download_url,license,citation,tags,size_gb,notes,primary_category,modalities,item_count_unit,reported_quantities,source_landing_page_url,preferred_route_type,preferred_route_url,access_friction,requires_registration,requires_authentication,requires_api_token,requires_clickthrough,requires_manual_approval,requires_data_use_agreement,requires_author_contact,requires_payment,geographic_or_institutional_restriction,availability_status,route_last_checked,route_check_result,route_check_notes,acquisition_support,loader_backend,loader_name,loader_version,loader_live_tested,loader_test_date,loader_test_scope,loader_test_result,tested_command,failure_reason,source_terms,terms_evidence_url,terms_scope,terms_component_notes,dataset_doi,dataset_accession,repository_record_id,associated_publication_doi,software_doi,challenge_identifier,resource_version,canonical_resolver_url,relationships,item_count_evidence_url,modality_evidence_url,task_evidence_url,citation_evidence_url,author_source_checked,source_check_date,source_check_status,access_check_status,transfer_check_status,record_id,canonical_name,normalized_source_term_category,license_family
acrima,ACRIMA: Glaucoma Optic Disc Fundus Database,705 optic disc-centred fundus photographs (396 normal + 309 glaucoma) from Hospital Clinico San Carlos. Expert-annotated binary glaucoma classification.,fundus,"[""classification""]",705,"[""train""]","[""Normal"", ""Glaucoma""]",2,,figshare,https://figshare.com/s/c2d31f850af14c5b5232,CC BY 4.0,"Diaz-Pinto et al., 'Retinal Image Synthesis and Semi-Supervised Learning for Glaucoma Assessment', IEEE TMI 2019. Data: https://figshare.com/s/c2d31f850af14c5b5232","[""glaucoma"", ""fundus"", ""figshare"", ""classification"", ""optic_disc""]",0.5,,fundus,"[""fundus""]",images,"[{""count"": 705, ""evidence_basis"": ""legacy_catalog_field"", ""evidence_url"": ""https://figshare.com/s/c2d31f850af14c5b5232"", ""exactness"": ""not_assessed"", ""notes"": """", ""primary"": true, ""review_date"": ""2026-08-01"", ""scope"": ""Primary quantity reported in the reviewed catalog source"", ""unit"": ""images""}]",https://figshare.com/s/c2d31f850af14c5b5232,official_repository,https://figshare.com/s/c2d31f850af14c5b5232,anonymous_direct,False,False,False,False,False,False,False,False,unknown,available,2026-07-21,author_source_checked,Author-conducted source check; transfer completeness was evaluated separately.,guided_instructions_only,figshare,figshare_loader,0.4.0,False,,unit_or_mocked_only,not_live_tested,,,CC BY 4.0,https://figshare.com/s/c2d31f850af14c5b5232,dataset_files,Review the cited source for component-specific terms.,,,s/c2d31f850af14c5b5232,,,,,https://figshare.com/s/c2d31f850af14c5b5232,[],https://figshare.com/s/c2d31f850af14c5b5232,https://figshare.com/s/c2d31f850af14c5b5232,https://figshare.com/s/c2d31f850af14c5b5232,https://figshare.com/s/c2d31f850af14c5b5232,True,2026-07-21,checked_against_cited_source,author_source_checked,not_live_tested,acrima,ACRIMA: Glaucoma Optic Disc Fundus Database,cc-by,cc-by
adam_challenge,ADAM — Automatic Detection of AMD Challenge,"1200 fundus images for AMD classification, five-class lesion segmentation, fovea/optic disc localisation.",fundus,"[""classification"", ""segmentation""]",1200,"[""train"", ""val"", ""test""]","[""non-AMD"", ""AMD""]",2,,gdrive,https://drive.google.com/file/d/1Uz5x0aqXb0aecjzNWQ4522oCxaRDZxBt/view,Challenge data-use agreement (IEEE DataPort),"Fang H. et al., 'ADAM Challenge: Detecting AMD from Fundus Images', IEEE TMI 2022.","[""fundus"", ""amd"", ""classification"", ""segmentation"", ""ichallenge""]",1.5,,fundus,"[""fundus""]",images,"[{""count"": 1200, ""evidence_basis"": ""legacy_catalog_field"", ""evidence_url"": ""https://drive.google.com/file/d/1Uz5x0aqXb0aecjzNWQ4522oCxaRDZxBt/view"", ""exactness"": ""not_assessed"", ""notes"": """", ""primary"": true, ""review_date"": ""2026-08-01"", ""scope"": ""Primary quantity reported in the reviewed catalog source"", ""unit"": ""images""}]",https://drive.google.com/file/d/1Uz5x0aqXb0aecjzNWQ4522oCxaRDZxBt/view,cloud_file_share,https://drive.google.com/file/d/1Uz5x0aqXb0aecjzNWQ4522oCxaRDZxBt/view,controlled_or_manual,False,False,,True,True,True,,,unknown,available,2026-07-21,author_source_checked,Author-conducted source check; transfer completeness was evaluated separately.,manual_access_blocked,gdrive,gdrive_loader,0.4.0,False,,unit_or_mocked_only,not_live_tested,,,Challenge data-use agreement (IEEE DataPort),https://drive.google.com/file/d/1Uz5x0aqXb0aecjzNWQ4522oCxaRDZxBt/view,challenge_participation,Review the cited source for component-specific terms.,,,,,,,,https://drive.google.com/file/d/1Uz5x0aqXb0aecjzNWQ4522oCxaRDZxBt/view,[],https://drive.google.com/file/d/1Uz5x0aqXb0aecjzNWQ4522oCxaRDZxBt/view,https://drive.google.com/file/d/1Uz5x0aqXb0aecjzNWQ4522oCxaRDZxBt/view,https://drive.google.com/file/d/1Uz5x0aqXb0aecjzNWQ4522oCxaRDZxBt/view,https://drive.google.com/file/d/1Uz5x0aqXb0aecjzNWQ4522oCxaRDZxBt/view,True,2026-07-21,checked_against_cited_source,author_source_checked,not_live_tested,adam_challenge,ADAM — Automatic Detection of AMD Challenge,research-only,research-only
afio_fundus_vessels,AFIO Fundus Images for Vessel Segmentation and Disease Annotation,"One hundred retinal fundus images from Armed Forces Institute of Ophthalmology, Rawalpindi, with expert annotations for vessels and hypertensive retinopathy, diabetic retinopathy, and papilledema tasks.",fundus,"[""segmentation"", ""classification""]",100,"[""all""]",,,,mendeley,https://data.mendeley.com/datasets/3csr652p9y/2,CC BY 4.0,"Akram MU et al. Data on Fundus Images for Vessels Segmentation, Detection of Hypertensive Retinopathy, Diabetic Retinopathy and Papilledema. Mendeley Data, V2, 2019. doi:10.17632/3csr652p9y.2","[""mendeley"", ""fundus"", ""vessels"", ""papilledema"", ""pakistan""]",0.2,Mendeley Data may block automated URL probes with HTTP 403 (no bot allowed); browser link is valid.,fundus,"[""fundus""]",images,"[{""count"": 100, ""evidence_basis"": ""legacy_catalog_field"", ""evidence_url"": ""https://data.mendeley.com/datasets/3csr652p9y/2"", ""exactness"": ""not_assessed"", ""notes"": """", ""primary"": true, ""review_date"": ""2026-08-01"", ""scope"": ""Primary quantity reported in the reviewed catalog source"", ""unit"": ""images""}]",https://data.mendeley.com/datasets/3csr652p9y/2,official_repository,https://data.mendeley.com/datasets/3csr652p9y/2,anonymous_direct,False,False,False,False,False,False,False,False,unknown,available,2026-07-21,author_source_checked,Author-conducted source check; transfer completeness was evaluated separately.,standard_platform_supported,mendeley,mendeley_loader,0.4.0,False,,unit_or_mocked_only,not_live_tested,,,CC BY 4.0,https://data.mendeley.com/datasets/3csr652p9y/2,dataset_files,Review the cited source for component-specific terms.,10.17632/3csr652p9y.2,,3csr652p9y/2,,,,,https://doi.org/10.17632/3csr652p9y.2,[],https://data.mendeley.com/datasets/3csr652p9y/2,https://data.mendeley.com/datasets/3csr652p9y/2,https://data.mendeley.com/datasets/3csr652p9y/2,https://data.mendeley.com/datasets/3csr652p9y/2,True,2026-07-21,checked_against_cited_source,author_source_checked,not_live_tested,afio_fundus_vessels,AFIO Fundus Images for Vessel Segmentation and Disease Annotation,cc-by,cc-by
agar300,AGAR300 Microaneurysm Fundus Image Dataset,"The first public AGAR300 release contains 28 color fundus images with microaneurysms, captured at a 45 degree field of view and 2448 by 3264 pixel resolution.",fundus,"[""lesion_detection""]",28,"[""all""]","[""microaneurysm""]",1,,manual,https://ieee-dataport.org/open-access/diabetic-retinopathy-fundus-image-datasetagar300,CC BY 4.0,"Derwin J, Shan P. Diabetic Retinopathy - Fundus Image Dataset (AGAR300). IEEE DataPort. 2020. doi:10.21227/fsnq-tn19","[""fundus"", ""diabetic_retinopathy"", ""microaneurysm"", ""ieee_dataport""]",,"The source paper describes a larger 300 image clinical collection. The DOI record states that the public first release contains 28 images. All released images contain microaneurysms, and the release does not include spatial annotations. An IEEE DataPort account may be required to download it.",fundus,"[""fundus""]",images,"[{""count"": 28, ""evidence_basis"": ""legacy_catalog_field"", ""evidence_url"": ""https://ieee-dataport.org/open-access/diabetic-retinopathy-fundus-image-datasetagar300"", ""exactness"": ""not_assessed"", ""notes"": """", ""primary"": true, ""review_date"": ""2026-08-01"", ""scope"": ""Primary quantity reported in the reviewed catalog source"", ""unit"": ""images""}]",https://ieee-dataport.org/open-access/diabetic-retinopathy-fundus-image-datasetagar300,documented_manual_route,https://ieee-dataport.org/open-access/diabetic-retinopathy-fundus-image-datasetagar300,self_service_authenticated,True,True,False,False,False,False,False,False,unknown,available,2026-07-21,acquisition_route_verified,Author-conducted source check; transfer completeness was evaluated separately.,guided_instructions_only,manual,manual_loader,0.4.0,False,,unit_or_mocked_only,not_live_tested,,,CC BY 4.0,https://ieee-dataport.org/open-access/diabetic-retinopathy-fundus-image-datasetagar300,dataset_files,Review the cited source for component-specific terms.,,,,10.21227/fsnq-tn19,,,,https://ieee-dataport.org/open-access/diabetic-retinopathy-fundus-image-datasetagar300,[],https://ieee-dataport.org/open-access/diabetic-retinopathy-fundus-image-datasetagar300,https://ieee-dataport.org/open-access/diabetic-retinopathy-fundus-image-datasetagar300,https://ieee-dataport.org/open-access/diabetic-retinopathy-fundus-image-datasetagar300,https://ieee-dataport.org/open-access/diabetic-retinopathy-fundus-image-datasetagar300,True,2026-07-21,checked_against_cited_source,acquisition_route_verified,not_live_tested,agar300,AGAR300 Microaneurysm Fundus Image Dataset,cc-by,cc-by
age_challenge,AGE — Angle-Closure Glaucoma Evaluation Challenge (AS-OCT),4800 AS-OCT images from 199 patients. Two tasks: angle closure classification and scleral spur localization.,oct,"[""classification""]",4800,"[""train"", ""test""]","[""open"", ""closed""]",2,,gdrive,https://drive.google.com/file/d/1Qlkqj74SW8DJRKdYL_-ApC_0H5Z7uyvr/view,Challenge data-use agreement (IEEE DataPort),"Fu H. et al., 'AGE Challenge: Angle Closure Glaucoma Evaluation', MICCAI 2019 Workshop.","[""oct"", ""as_oct"", ""glaucoma"", ""angle_closure"", ""classification"", ""ichallenge""]",1.2,,oct,"[""oct""]",images,"[{""count"": 4800, ""evidence_basis"": ""legacy_catalog_field"", ""evidence_url"": ""https://drive.google.com/file/d/1Qlkqj74SW8DJRKdYL_-ApC_0H5Z7uyvr/view"", ""exactness"": ""not_assessed"", ""notes"": """", ""primary"": true, ""review_date"": ""2026-08-01"", ""scope"": ""Primary quantity reported in the reviewed catalog source"", ""unit"": ""images""}]",https://drive.google.com/file/d/1Qlkqj74SW8DJRKdYL_-ApC_0H5Z7uyvr/view,cloud_file_share,https://drive.google.com/file/d/1Qlkqj74SW8DJRKdYL_-ApC_0H5Z7uyvr/view,controlled_or_manual,False,False,,True,True,True,,,unknown,available,2026-07-21,author_source_checked,Author-conducted source check; transfer completeness was evaluated separately.,manual_access_blocked,gdrive,gdrive_loader,0.4.0,False,,unit_or_mocked_only,not_live_tested,,,Challenge data-use agreement (IEEE DataPort),https://drive.google.com/file/d/1Qlkqj74SW8DJRKdYL_-ApC_0H5Z7uyvr/view,challenge_participation,Review the cited source for component-specific terms.,,,,,,,,https://drive.google.com/file/d/1Qlkqj74SW8DJRKdYL_-ApC_0H5Z7uyvr/view,[],https://drive.google.com/file/d/1Qlkqj74SW8DJRKdYL_-ApC_0H5Z7uyvr/view,https://drive.google.com/file/d/1Qlkqj74SW8DJRKdYL_-ApC_0H5Z7uyvr/view,https://drive.google.com/file/d/1Qlkqj74SW8DJRKdYL_-ApC_0H5Z7uyvr/view,https://drive.google.com/file/d/1Qlkqj74SW8DJRKdYL_-ApC_0H5Z7uyvr/view,True,2026-07-21,checked_against_cited_source,author_source_checked,not_live_tested,age_challenge,AGE — Angle-Closure Glaucoma Evaluation Challenge (AS-OCT),research-only,research-only
airogs,AIROGS: AI for Robust Glaucoma Screening,"~113,893 color fundus images labelled as referable glaucoma (RG), no referable glaucoma (NRG), or ungradable. Large-scale, multi-ethnic, multi-site screening dataset.",fundus,"[""classification""]",113893,"[""train"", ""test""]","[""NRG"", ""RG""]",2,,direct,https://zenodo.org/records/5793241,CC BY-NC-ND 4.0,"De Vente et al., 'AIROGS: Artificial Intelligence for Robust Glaucoma Screening Challenge', TMI 2023.","[""glaucoma"", ""classification"", ""fundus"", ""screening"", ""large_scale""]",40.0,Training set (~101k images) on Zenodo. Test set distributed through Grand Challenge. Requires free account for Grand Challenge.,fundus,"[""fundus""]",images,"[{""count"": 113893, ""evidence_basis"": ""legacy_catalog_field"", ""evidence_url"": ""https://zenodo.org/records/5793241"", ""exactness"": ""not_assessed"", ""notes"": """", ""primary"": true, ""review_date"": ""2026-08-01"", ""scope"": ""Primary quantity reported in the reviewed catalog source"", ""unit"": ""images""}]",https://zenodo.org/records/5793241,official_direct,https://zenodo.org/records/5793241,anonymous_direct,False,False,False,False,False,False,False,False,unknown,available,2026-07-21,author_source_checked,Author-conducted source check; transfer completeness was evaluated separately.,guided_instructions_only,direct,direct_loader,0.4.0,False,,unit_or_mocked_only,not_live_tested,,,CC BY-NC-ND 4.0,https://zenodo.org/records/5793241,dataset_files,Review the cited source for component-specific terms.,,,,,,,,https://zenodo.org/records/5793241,[],https://zenodo.org/records/5793241,https://zenodo.org/records/5793241,https://zenodo.org/records/5793241,https://zenodo.org/records/5793241,True,2026-07-21,checked_against_cited_source,author_source_checked,not_live_tested,airogs,AIROGS: AI for Robust Glaucoma Screening,cc-by-nc-nd,cc-by-nc-nd
amd_dme_3d_oct,Comprehensive 3D OCT Dataset for AMD and DME,Swept-source OCT volumes for AMD and DME with three-dimensional pigment epithelial detachment and intraretinal-fluid masks.,oct,"[""segmentation"", ""classification""]",224,"[""all""]",,,,figshare,https://doi.org/10.6084/m9.figshare.30582035.v1,CC BY 4.0,"Huang W, Qin L, Xu M, et al. Comprehensive 3D Optical Coherence Tomography Dataset for AMD and DME: Facilitating Deep-Learning-Based 3D Segmentation. Scientific Data. 2026;13:224. doi:10.1038/s41597-025-06497-1","[""oct"", ""3d"", ""volume"", ""amd"", ""dme"", ""ped"", ""intraretinal_fluid"", ""figshare""]",19.65,"The release contains 122 AMD and 102 DME volumes. Of these, 104 volumes are labeled (62 AMD and 42 DME) and 120 are unlabeled.",oct,"[""oct""]",volumes,"[{""count"": 224, ""evidence_basis"": ""legacy_catalog_field"", ""evidence_url"": ""https://doi.org/10.6084/m9.figshare.30582035.v1"", ""exactness"": ""not_assessed"", ""notes"": """", ""primary"": true, ""review_date"": ""2026-08-01"", ""scope"": ""Primary quantity reported in the reviewed catalog source"", ""unit"": ""volumes""}]",https://doi.org/10.6084/m9.figshare.30582035.v1,official_repository,https://doi.org/10.6084/m9.figshare.30582035.v1,anonymous_direct,False,False,False,False,False,False,False,False,unknown,available,2026-07-21,author_source_checked,Author-conducted source check; transfer completeness was evaluated separately.,end_to_end_tested,figshare,figshare_loader,0.4.0,True,2026-07-31,complete_current_deposit_downloaded,complete_current_deposit_downloaded,python hub/audit/verify_download_and_load.py run,,CC BY 4.0,https://doi.org/10.6084/m9.figshare.30582035.v1,dataset_files,Review the cited source for component-specific terms.,10.6084/m9.figshare.30582035.v1,,10.6084/m9.figshare.30582035.v1,10.1038/s41597-025-06497-1,,,,https://doi.org/10.6084/m9.figshare.30582035.v1,[],https://doi.org/10.6084/m9.figshare.30582035.v1,https://doi.org/10.6084/m9.figshare.30582035.v1,https://doi.org/10.6084/m9.figshare.30582035.v1,https://doi.org/10.6084/m9.figshare.30582035.v1,True,2026-07-21,checked_against_cited_source,author_source_checked,complete_current_deposit_downloaded,amd_dme_3d_oct,Comprehensive 3D OCT Dataset for AMD and DME,cc-by,cc-by
amd_sd,AMD-SD: OCT Wet AMD Lesion Segmentation Dataset,"3,049 OCT B-scan images (1,140×380 px) from 138 wet AMD patients (156 eyes) with pixel-level annotations for 5 lesion classes: Subretinal Fluid (SRF), Intraretinal Fluid (IRF), Ellipsoid Zone Continuity (EZC), Subretinal Hyperreflective Material (SHRM), and Pigment Epithelial Detachment (PED).",oct,"[""segmentation""]",3049,"[""train"", ""val""]","[""SRF"", ""IRF"", ""EZC"", ""SHRM"", ""PED""]",5,,kaggle,https://www.kaggle.com/datasets/gaoweihao/amd-sd,CC BY-NC-ND 4.0,"Hu Y et al., 'AMD-SD: An Optical Coherence Tomography Image Dataset for wet AMD Lesions Segmentation', Scientific Data 11, 1014 (2024). doi:10.1038/s41597-024-03844-6","[""oct"", ""segmentation"", ""amd"", ""fluid"", ""kaggle"", ""figshare""]",2.0,Official split: training.txt / validation.txt at dataset root. Images in AMD-SD/images/<patient_id>/<scan>.png. Primary source: Figshare collection 7157554; mirror on Kaggle: gaoweihao/amd-sd.,oct,"[""oct""]",images,"[{""count"": 3049, ""evidence_basis"": ""legacy_catalog_field"", ""evidence_url"": ""https://www.kaggle.com/datasets/gaoweihao/amd-sd"", ""exactness"": ""not_assessed"", ""notes"": """", ""primary"": true, ""review_date"": ""2026-08-01"", ""scope"": ""Primary quantity reported in the reviewed catalog source"", ""unit"": ""images""}]",https://www.kaggle.com/datasets/gaoweihao/amd-sd,data_platform,https://www.kaggle.com/datasets/gaoweihao/amd-sd,self_service_authenticated,True,True,True,False,False,False,False,False,unknown,available,2026-07-21,author_source_checked,Author-conducted source check; transfer completeness was evaluated separately.,standard_platform_supported,kaggle,kaggle_loader,0.4.0,False,,unit_or_mocked_only,not_live_tested,,,CC BY-NC-ND 4.0,https://www.kaggle.com/datasets/gaoweihao/amd-sd,dataset_files,Review the cited source for component-specific terms.,,,gaoweihao/amd-sd,10.1038/s41597-024-03844-6,,,,https://www.kaggle.com/datasets/gaoweihao/amd-sd,[],https://www.kaggle.com/datasets/gaoweihao/amd-sd,https://www.kaggle.com/datasets/gaoweihao/amd-sd,https://www.kaggle.com/datasets/gaoweihao/amd-sd,https://www.kaggle.com/datasets/gaoweihao/amd-sd,True,2026-07-21,checked_against_cited_source,author_source_checked,not_live_tested,amd_sd,AMD-SD: OCT Wet AMD Lesion Segmentation Dataset,cc-by-nc-nd,cc-by-nc-nd
amdnet23,AMDNet23 Fundus Image Dataset for AMD Detection,"Two thousand preprocessed fundus images compiled from six public sources for normal, diabetes, cataract, and age-related macular degeneration classification.",fundus,"[""classification""]",2000,"[""all""]",,,,mendeley,https://data.mendeley.com/datasets/yj35kjgrv3/1,CC BY 4.0,"Ali MA. AMDNet23: Fundus Image Dataset for Age-Related Macular Degeneration Disease Detection. Mendeley Data, V1, 2025. doi:10.17632/yj35kjgrv3.1","[""mendeley"", ""fundus"", ""amd"", ""diabetic_retinopathy"", ""cataract"", ""composite""]",,"Composite/preprocessed dataset compiled from ODIR, DR_200, Fundus Dataset, RFMiD, HRF, and ARIA; avoid treating it as an independent primary cohort.",fundus,"[""fundus""]",images,"[{""count"": 2000, ""evidence_basis"": ""legacy_catalog_field"", ""evidence_url"": ""https://data.mendeley.com/datasets/yj35kjgrv3/1"", ""exactness"": ""not_assessed"", ""notes"": """", ""primary"": true, ""review_date"": ""2026-08-01"", ""scope"": ""Primary quantity reported in the reviewed catalog source"", ""unit"": ""images""}]",https://data.mendeley.com/datasets/yj35kjgrv3/1,official_repository,https://data.mendeley.com/datasets/yj35kjgrv3/1,anonymous_direct,False,False,False,False,False,False,False,False,unknown,available,2026-07-21,author_source_checked,Author-conducted source check; transfer completeness was evaluated separately.,standard_platform_supported,mendeley,mendeley_loader,0.4.0,False,,unit_or_mocked_only,not_live_tested,,,CC BY 4.0,https://data.mendeley.com/datasets/yj35kjgrv3/1,dataset_files,Review the cited source for component-specific terms.,10.17632/yj35kjgrv3.1,,yj35kjgrv3/1,,,,,https://doi.org/10.17632/yj35kjgrv3.1,"[{""target"": ""hrf"", ""type"": ""derived_from""}, {""target"": ""odir2019"", ""type"": ""derived_from""}, {""target"": ""rfmid"", ""type"": ""derived_from""}]",https://data.mendeley.com/datasets/yj35kjgrv3/1,https://data.mendeley.com/datasets/yj35kjgrv3/1,https://data.mendeley.com/datasets/yj35kjgrv3/1,https://data.mendeley.com/datasets/yj35kjgrv3/1,True,2026-07-21,checked_against_cited_source,author_source_checked,not_live_tested,amdnet23,AMDNet23 Fundus Image Dataset for AMD Detection,cc-by,cc-by
angioreport,AngioReport Fundus Angiography Report Dataset,De-identified fluorescein and indocyanine-green angiography images paired with structured lesion descriptions and reports.,multimodal,"[""report_generation"", ""multilabel"", ""classification""]",55361,"[""all""]",,,,manual,https://tianchi.aliyun.com/dataset/170128,Unknown; competition data terms must be reviewed,"Xu P, Chotcomwongse P, Zhang W, et al. AngioReport: Dataset and baseline methods for fundus angiography report generation. British Journal of Ophthalmology. 2025;109:1283-1288. doi:10.1136/bjo-2024-327006","[""ffa"", ""icga"", ""angiography"", ""reports"", ""image_text"", ""thailand"", ""tianchi""]",,"The paper reports 55,361 images from 1,691 patients and 3,179 eyes across 24 diagnostic conditions. Access is routed through the 2023 APTOS/Tianchi competition page; no clear dataset license was visible, so users must review current platform terms.",multimodal,"[""fundus"", ""fundus_angiography"", ""text""]",images,"[{""count"": 55361, ""evidence_basis"": ""legacy_catalog_field"", ""evidence_url"": ""https://tianchi.aliyun.com/dataset/170128"", ""exactness"": ""not_assessed"", ""notes"": """", ""primary"": true, ""review_date"": ""2026-08-01"", ""scope"": ""Primary quantity reported in the reviewed catalog source"", ""unit"": ""images""}]",https://tianchi.aliyun.com/dataset/170128,documented_manual_route,https://tianchi.aliyun.com/dataset/170128,self_service_clickthrough,True,True,False,True,False,False,False,False,unknown,available,2026-07-21,acquisition_route_verified,Author-conducted source check; transfer completeness was evaluated separately.,guided_instructions_only,manual,manual_loader,0.4.0,False,,unit_or_mocked_only,not_live_tested,,,Unknown; competition data terms must be reviewed,https://tianchi.aliyun.com/dataset/170128,unknown,Review the cited source for component-specific terms.,,,,10.1136/bjo-2024-327006,,,,https://tianchi.aliyun.com/dataset/170128,[],https://tianchi.aliyun.com/dataset/170128,https://tianchi.aliyun.com/dataset/170128,https://tianchi.aliyun.com/dataset/170128,https://tianchi.aliyun.com/dataset/170128,True,2026-07-21,checked_against_cited_source,acquisition_route_verified,not_live_tested,angioreport,AngioReport Fundus Angiography Report Dataset,unknown,unknown
anterior_segment_smile,Anterior Segment Parameters After SMILE Surgery,"Tabular anterior-segment and ocular-biometry measurements before and after SMILE surgery, including slit-lamp examination, Pentacam, and IOLMaster variables.",tabular,"[""regression""]",69,"[""all""]",,,,mendeley,https://data.mendeley.com/datasets/vkdxsnhkrm/1,CC BY 4.0,"Sun C. Anterior Segment Parameter Analysis After SMILE Surgery and Its Impact on the Calculation of Effective Intraocular Lens Position. Mendeley Data, V1, 2026. doi:10.17632/vkdxsnhkrm.1","[""mendeley"", ""tabular"", ""anterior_segment"", ""cornea"", ""smile"", ""slit_lamp""]",0.01,"Source page reports clinical examination, Pentacam, and IOLMaster measurements; sample count was not exposed during curation.",tabular,"[""tabular""]",eyes,"[{""count"": 69, ""evidence_basis"": ""associated_publication"", ""evidence_url"": ""https://doi.org/10.21203/rs.3.rs-8639765/v1"", ""exactness"": ""exact"", ""notes"": ""The current Mendeley v1 deposit does not expose an enumerable row count."", ""primary"": true, ""review_date"": ""2026-08-01"", ""scope"": ""Source-described cohort: 69 eyes from 35 participants"", ""unit"": ""eyes""}, {""count"": 35, ""evidence_basis"": ""associated_publication"", ""evidence_url"": ""https://doi.org/10.21203/rs.3.rs-8639765/v1"", ""exactness"": ""exact"", ""notes"": """", ""primary"": false, ""review_date"": ""2026-08-01"", ""scope"": ""Source-described cohort"", ""unit"": ""participants""}]",https://data.mendeley.com/datasets/vkdxsnhkrm/1,official_repository,https://data.mendeley.com/datasets/vkdxsnhkrm/1,anonymous_direct,False,False,False,False,False,False,False,False,unknown,available,2026-07-21,author_source_checked,Author-conducted source check; transfer completeness was evaluated separately.,standard_platform_supported,mendeley,mendeley_loader,0.4.0,False,,unit_or_mocked_only,not_live_tested,,,CC BY 4.0,https://data.mendeley.com/datasets/vkdxsnhkrm/1,dataset_files,Review the cited source for component-specific terms.,10.17632/vkdxsnhkrm.1,,vkdxsnhkrm/1,,,,,https://doi.org/10.17632/vkdxsnhkrm.1,[],https://doi.org/10.21203/rs.3.rs-8639765/v1,https://data.mendeley.com/datasets/vkdxsnhkrm/1,https://data.mendeley.com/datasets/vkdxsnhkrm/1,https://data.mendeley.com/datasets/vkdxsnhkrm/1,True,2026-07-21,checked_against_cited_source,author_source_checked,not_live_tested,anterior_segment_smile,Anterior Segment Parameters After SMILE Surgery,cc-by,cc-by
aod,AOD: Augmented Ocular Diseases Dataset,"Augmented ODIR-5K fundus photographs for 8-class ocular disease classification: Normal, Diabetes, Glaucoma, Cataract, AMD, Hypertension, Myopia, Other. Preprocessing includes CLAHE and standard augmentation.",fundus,"[""classification""]",14813,"[""train"", ""test""]","[""Normal"", ""Diabetes"", ""Glaucoma"", ""Cataract"", ""AMD"", ""Hypertension"", ""Myopia"", ""Other""]",8,,kaggle,https://www.kaggle.com/datasets/nurmukhammed7/augemnted-ocular-diseases,See Kaggle dataset page,AOD Dataset. Kaggle. https://www.kaggle.com/datasets/nurmukhammed7/augemnted-ocular-diseases,"[""multi_disease"", ""fundus"", ""kaggle"", ""classification"", ""augmented"", ""derivative_of_odir2019""]",2.0,"OVERLAP: AOD is an augmented variant of ODIR-2019 (already in EyeDataHub as `odir2019`). Preprocessing (CLAHE) and augmentation explain the 14,813 vs 16,000 image count delta. Kept because the augmented split appears in downstream benchmarks separately.",fundus,"[""fundus""]",images,"[{""count"": 14813, ""evidence_basis"": ""legacy_catalog_field"", ""evidence_url"": ""https://www.kaggle.com/datasets/nurmukhammed7/augemnted-ocular-diseases"", ""exactness"": ""not_assessed"", ""notes"": """", ""primary"": true, ""review_date"": ""2026-08-01"", ""scope"": ""Primary quantity reported in the reviewed catalog source"", ""unit"": ""images""}]",https://www.kaggle.com/datasets/nurmukhammed7/augemnted-ocular-diseases,data_platform,https://www.kaggle.com/datasets/nurmukhammed7/augemnted-ocular-diseases,self_service_authenticated,True,True,True,False,False,False,False,False,unknown,available,2026-07-21,author_source_checked,Author-conducted source check; transfer completeness was evaluated separately.,standard_platform_supported,kaggle,kaggle_loader,0.4.0,False,,unit_or_mocked_only,not_live_tested,,,See Kaggle dataset page,https://www.kaggle.com/datasets/nurmukhammed7/augemnted-ocular-diseases,unknown,Review the cited source for component-specific terms.,,,nurmukhammed7/augemnted-ocular-diseases,,,,,https://www.kaggle.com/datasets/nurmukhammed7/augemnted-ocular-diseases,"[{""target"": ""odir2019"", ""type"": ""derived_from""}]",https://www.kaggle.com/datasets/nurmukhammed7/augemnted-ocular-diseases,https://www.kaggle.com/datasets/nurmukhammed7/augemnted-ocular-diseases,https://www.kaggle.com/datasets/nurmukhammed7/augemnted-ocular-diseases,https://www.kaggle.com/datasets/nurmukhammed7/augemnted-ocular-diseases,True,2026-07-21,checked_against_cited_source,author_source_checked,not_live_tested,aod,AOD: Augmented Ocular Diseases Dataset,unknown,unknown
aptos2019,APTOS 2019 Blindness Detection,"3662 fundus images from Aravind Eye Hospital, graded 0-4 for diabetic retinopathy severity.",fundus,"[""grading"", ""classification""]",3662,"[""train""]","[""No DR"", ""Mild"", ""Moderate"", ""Severe"", ""Proliferative DR""]",5,,kaggle,https://www.kaggle.com/c/aptos2019-blindness-detection,Competition rules apply,"Karthik et al., APTOS 2019 Blindness Detection. Kaggle competition, 2019.","[""diabetic_retinopathy"", ""grading"", ""fundus"", ""kaggle""]",9.0,,fundus,"[""fundus""]",images,"[{""count"": 3662, ""evidence_basis"": ""legacy_catalog_field"", ""evidence_url"": ""https://www.kaggle.com/c/aptos2019-blindness-detection"", ""exactness"": ""not_assessed"", ""notes"": """", ""primary"": true, ""review_date"": ""2026-08-01"", ""scope"": ""Primary quantity reported in the reviewed catalog source"", ""unit"": ""images""}]",https://www.kaggle.com/c/aptos2019-blindness-detection,data_platform,https://www.kaggle.com/c/aptos2019-blindness-detection,self_service_clickthrough,True,True,True,True,False,False,False,False,unknown,available,2026-07-21,author_source_checked,Author-conducted source check; transfer completeness was evaluated separately.,standard_platform_supported,kaggle,kaggle_loader,0.4.0,False,2026-07-25,official_metadata_or_file_listing,unresolved_http_401,python hub/audit/validate_acquisition.py,official Kaggle file listing returned HTTP 401,Competition rules apply,https://www.kaggle.com/c/aptos2019-blindness-detection,challenge_participation,Review the cited source for component-specific terms.,,,c/aptos2019-blindness-detection,,,,,https://www.kaggle.com/c/aptos2019-blindness-detection,[],https://www.kaggle.com/c/aptos2019-blindness-detection,https://www.kaggle.com/c/aptos2019-blindness-detection,https://www.kaggle.com/c/aptos2019-blindness-detection,https://www.kaggle.com/c/aptos2019-blindness-detection,True,2026-07-21,checked_against_cited_source,author_source_checked,unresolved_http_401,aptos2019,APTOS 2019 Blindness Detection,unknown,unknown
aptos_arcade_onh_masks,APTOS Vascular Arcade and Optic Nerve Head Masks,Segmentation masks for the vascular arcade and optic nerve head derived from APTOS 2019 fundus images.,fundus,"[""segmentation""]",500,"[""all""]",,,,zenodo,https://zenodo.org/records/20711325,Apache-2.0,"APTOS vascular arcade and optic nerve head masks. Zenodo, 2026. doi:10.5281/zenodo.20711325","[""zenodo"", ""fundus"", ""aptos"", ""derivative"", ""segmentation""]",0.1,Derivative annotation layer for APTOS 2019; does not represent a new image cohort.,fundus,"[""fundus""]",images,"[{""count"": 500, ""evidence_basis"": ""legacy_catalog_field"", ""evidence_url"": ""https://zenodo.org/records/20711325"", ""exactness"": ""not_assessed"", ""notes"": """", ""primary"": true, ""review_date"": ""2026-08-01"", ""scope"": ""Primary quantity reported in the reviewed catalog source"", ""unit"": ""images""}]",https://zenodo.org/records/20711325,official_repository,https://zenodo.org/records/20711325,anonymous_direct,False,False,False,False,False,False,False,False,unknown,available,2026-07-21,author_source_checked,Author-conducted source check; transfer completeness was evaluated separately.,standard_platform_supported,zenodo,zenodo_loader,0.4.0,False,,unit_or_mocked_only,not_live_tested,,,Apache-2.0,https://zenodo.org/records/20711325,unknown,Review the cited source for component-specific terms.,10.5281/zenodo.20711325,,records/20711325,,,,,https://doi.org/10.5281/zenodo.20711325,"[{""target"": ""aptos2019"", ""type"": ""derived_from""}]",https://zenodo.org/records/20711325,https://zenodo.org/records/20711325,https://zenodo.org/records/20711325,https://zenodo.org/records/20711325,True,2026-07-21,checked_against_cited_source,author_source_checked,not_live_tested,aptos_arcade_onh_masks,APTOS Vascular Arcade and Optic Nerve Head Masks,apache,apache
aroi,AROI: Annotated Retinal OCT Images Database,"1,136 OCT B-scans from 24 AMD patients. Expert annotations for 3 retinal fluid types (IRF, SRF, PED) and 3 retinal layer boundaries for joint layer and fluid segmentation.",oct,"[""segmentation""]",1136,"[""train"", ""test""]",,,"[768, 496]",gdrive,https://drive.google.com/file/d/10Ys4xsw81evjHewZEvqHy4Kri0my8C2S/view,Research only — cite required papers (see citation field),"M. Melinščak, M. Radmilović, Z. Vatavuk, S. Lončarić, 'Annotated retinal optical coherence tomography images (AROI) database for joint retinal layer and fluid segmentation', Automatika, vol. 62, no. 3, pp. 375–385, Jul. 2021. doi:10.1080/00051144.2021.1973298 | M. Melinščak et al., 'AROI: Annotated Retinal OCT Images database', MIPRO 2021, pp. 400–405 | M. Melinščak, 'Attention-based U-net: Joint segmentation of layers and fluids from retinal OCT images', MIPRO 2023, pp. 391–396 | M. Melinščak, 'Enhancing Interpretability in Retinal OCT Analysis Using Grad-CAM: A Study on the AROI Dataset', MIPRO 2025, pp. 1433–1438.","[""oct"", ""segmentation"", ""amd"", ""fluid"", ""layers""]",0.5,,oct,"[""oct""]",images,"[{""count"": 1136, ""evidence_basis"": ""legacy_catalog_field"", ""evidence_url"": ""https://drive.google.com/file/d/10Ys4xsw81evjHewZEvqHy4Kri0my8C2S/view"", ""exactness"": ""not_assessed"", ""notes"": """", ""primary"": true, ""review_date"": ""2026-08-01"", ""scope"": ""Primary quantity reported in the reviewed catalog source"", ""unit"": ""images""}]",https://drive.google.com/file/d/10Ys4xsw81evjHewZEvqHy4Kri0my8C2S/view,cloud_file_share,https://drive.google.com/file/d/10Ys4xsw81evjHewZEvqHy4Kri0my8C2S/view,anonymous_direct,False,False,False,False,False,False,False,False,unknown,available,2026-07-21,author_source_checked,Author-conducted source check; transfer completeness was evaluated separately.,loader_implemented_not_live_tested,gdrive,gdrive_loader,0.4.0,False,,unit_or_mocked_only,not_live_tested,,,Research only — cite required papers (see citation field),https://drive.google.com/file/d/10Ys4xsw81evjHewZEvqHy4Kri0my8C2S/view,dataset_files,Review the cited source for component-specific terms.,,,,10.1080/00051144.2021.1973298,,,,https://drive.google.com/file/d/10Ys4xsw81evjHewZEvqHy4Kri0my8C2S/view,[],https://drive.google.com/file/d/10Ys4xsw81evjHewZEvqHy4Kri0my8C2S/view,https://drive.google.com/file/d/10Ys4xsw81evjHewZEvqHy4Kri0my8C2S/view,https://drive.google.com/file/d/10Ys4xsw81evjHewZEvqHy4Kri0my8C2S/view,https://drive.google.com/file/d/10Ys4xsw81evjHewZEvqHy4Kri0my8C2S/view,True,2026-07-21,checked_against_cited_source,author_source_checked,not_live_tested,aroi,AROI: Annotated Retinal OCT Images Database,research-only,research-only
aroma_octa,AROMA Retinal OCTA Artifact Dataset,"Retinal OCTA scans labeled for artifact type, artifact severity, signal strength, and image quality.",octa,"[""quality_assessment"", ""classification"", ""grading""]",281,"[""all""]",,,,zenodo,https://doi.org/10.5281/zenodo.18258095,CC BY 4.0,"Szwarcberg L, Anwer A, Gozlan A, et al. The AROMA Dataset for Automatic Detection of Artifact Type and Severity in Retinal Optical Coherence Tomography Angiography. Ophthalmic Research. 2026. doi:10.1159/000551126","[""octa"", ""artifacts"", ""image_quality"", ""severity"", ""quality_control"", ""zenodo""]",1.011,"The source reports 281 scans from 115 patients. Fourteen en-face images per scan yield 3,934 derived images with seven artifact types graded on a four-level severity scale.",octa,"[""octa""]",images,"[{""count"": 281, ""evidence_basis"": ""legacy_catalog_field"", ""evidence_url"": ""https://doi.org/10.5281/zenodo.18258095"", ""exactness"": ""not_assessed"", ""notes"": """", ""primary"": true, ""review_date"": ""2026-08-01"", ""scope"": ""Primary quantity reported in the reviewed catalog source"", ""unit"": ""images""}]",https://doi.org/10.5281/zenodo.18258095,official_repository,https://doi.org/10.5281/zenodo.18258095,anonymous_direct,False,False,False,False,False,False,False,False,unknown,available,2026-07-21,author_source_checked,Author-conducted source check; transfer completeness was evaluated separately.,standard_platform_supported,zenodo,zenodo_loader,0.4.0,False,,unit_or_mocked_only,not_live_tested,,,CC BY 4.0,https://doi.org/10.5281/zenodo.18258095,dataset_files,Review the cited source for component-specific terms.,10.5281/zenodo.18258095,,10.5281/zenodo.18258095,10.1159/000551126,,,,https://doi.org/10.5281/zenodo.18258095,[],https://doi.org/10.5281/zenodo.18258095,https://doi.org/10.5281/zenodo.18258095,https://doi.org/10.5281/zenodo.18258095,https://doi.org/10.5281/zenodo.18258095,True,2026-07-21,checked_against_cited_source,author_source_checked,not_live_tested,aroma_octa,AROMA Retinal OCTA Artifact Dataset,cc-by,cc-by
as_oct_keratitis,AS-OCT Keratitis Segmentation Dataset,"1,168 anterior-segment OCT images of keratitis with per-pixel lesion, cornea, and iris segmentation labels. Enables 3D reconstruction from B-scan stacks.",oct,"[""segmentation""]",1168,"[""all""]","[""background"", ""lesion"", ""cornea"", ""iris""]",4,,figshare,https://doi.org/10.6084/m9.figshare.c.7036994.v1,CC0 1.0,"Sun Y, et al., 'An AS-OCT image dataset for deep learning-enabled segmentation and 3D reconstruction for keratitis', Scientific Data 2024.","[""anterior_segment"", ""cornea"", ""keratitis"", ""as_oct"", ""segmentation"", ""3d""]",1.5,Adds corneal infectious disease + 3D AS-OCT use case.,oct,"[""oct""]",images,"[{""count"": 1168, ""evidence_basis"": ""legacy_catalog_field"", ""evidence_url"": ""https://doi.org/10.6084/m9.figshare.c.7036994.v1"", ""exactness"": ""not_assessed"", ""notes"": """", ""primary"": true, ""review_date"": ""2026-08-01"", ""scope"": ""Primary quantity reported in the reviewed catalog source"", ""unit"": ""images""}]",https://doi.org/10.6084/m9.figshare.c.7036994.v1,official_repository,https://doi.org/10.6084/m9.figshare.c.7036994.v1,anonymous_direct,False,False,False,False,False,False,False,False,unknown,available,2026-07-21,author_source_checked,Author-conducted source check; transfer completeness was evaluated separately.,end_to_end_tested,figshare,figshare_loader,0.4.0,True,2026-07-31,complete_current_deposit_downloaded,complete_current_deposit_downloaded,python hub/audit/verify_download_and_load.py run,,CC0 1.0,https://doi.org/10.6084/m9.figshare.c.7036994.v1,dataset_files,Review the cited source for component-specific terms.,10.6084/m9.figshare.c.7036994.v1,,10.6084/m9.figshare.c.7036994.v1,10.1038/s41597-024-03464-0,,,,https://doi.org/10.6084/m9.figshare.c.7036994.v1,[],https://doi.org/10.6084/m9.figshare.c.7036994.v1,https://doi.org/10.6084/m9.figshare.c.7036994.v1,https://doi.org/10.6084/m9.figshare.c.7036994.v1,https://doi.org/10.6084/m9.figshare.c.7036994.v1,True,2026-07-21,checked_against_cited_source,author_source_checked,complete_current_deposit_downloaded,as_oct_keratitis,AS-OCT Keratitis Segmentation Dataset,cc0,cc0
bajwa_multi_eye,Bajwa Hospital Multi Eye Disease Dataset,"Small four-class eye-disease image dataset with normal, cataract, glaucoma, and retinal disease categories.",fundus,"[""classification""]",300,"[""all""]",,,,mendeley,https://data.mendeley.com/datasets/rgwpd4m785/3,CC BY 4.0,"Kaur P. Bajwa Hospital (Multi Eye Disease Dataset). Mendeley Data, V3, 2022. doi:10.17632/rgwpd4m785.3","[""mendeley"", ""fundus"", ""cataract"", ""glaucoma"", ""multi_disease""]",0.2,,fundus,"[""fundus""]",images,"[{""count"": 300, ""evidence_basis"": ""official_source_description"", ""evidence_url"": ""https://data.mendeley.com/datasets/rgwpd4m785/3"", ""exactness"": ""exact"", ""notes"": """", ""primary"": true, ""review_date"": ""2026-08-01"", ""scope"": ""Four-class image collection"", ""unit"": ""images""}]",https://data.mendeley.com/datasets/rgwpd4m785/3,official_repository,https://data.mendeley.com/datasets/rgwpd4m785/3,anonymous_direct,False,False,False,False,False,False,False,False,unknown,available,2026-07-21,author_source_checked,Author-conducted source check; transfer completeness was evaluated separately.,standard_platform_supported,mendeley,mendeley_loader,0.4.0,False,,unit_or_mocked_only,not_live_tested,,,CC BY 4.0,https://data.mendeley.com/datasets/rgwpd4m785/3,dataset_files,Review the cited source for component-specific terms.,10.17632/rgwpd4m785.3,,rgwpd4m785/3,,,,,https://doi.org/10.17632/rgwpd4m785.3,[],https://data.mendeley.com/datasets/rgwpd4m785/3,https://data.mendeley.com/datasets/rgwpd4m785/3,https://data.mendeley.com/datasets/rgwpd4m785/3,https://data.mendeley.com/datasets/rgwpd4m785/3,True,2026-07-21,checked_against_cited_source,author_source_checked,not_live_tested,bajwa_multi_eye,Bajwa Hospital Multi Eye Disease Dataset,cc-by,cc-by
beh,BEH: Bangladesh Eye Hospital Glaucoma Dataset,Fundus photographs from Bangladesh Eye Hospital for glaucoma detection. Includes optic cup/disc crops and vessel segmentation masks alongside binary glaucoma/normal labels.,fundus,"[""classification"", ""segmentation""]",634,"[""train"", ""test""]","[""Normal"", ""Glaucoma""]",2,,gdrive,https://drive.google.com/file/d/1YdZm-sioiAbTdBRy4oej1q6tZL8Baft7,Research only,"Islam MT et al., 'Deep Learning-Based Glaucoma Detection with Cropped Optic Cup and Disc and Blood Vessel Segmentation', IEEE Access 2022. https://github.com/mirtanvirislam/Deep-Learning-Based-Glaucoma-Detection-with-Cropped-Optic-Cup-and-Disc-and-Blood-Vessel-Segmentation","[""glaucoma"", ""fundus"", ""gdrive"", ""classification"", ""segmentation""]",0.3,,fundus,"[""fundus""]",images,"[{""count"": 634, ""evidence_basis"": ""legacy_catalog_field"", ""evidence_url"": ""https://drive.google.com/file/d/1YdZm-sioiAbTdBRy4oej1q6tZL8Baft7"", ""exactness"": ""not_assessed"", ""notes"": """", ""primary"": true, ""review_date"": ""2026-08-01"", ""scope"": ""Primary quantity reported in the reviewed catalog source"", ""unit"": ""images""}]",https://drive.google.com/file/d/1YdZm-sioiAbTdBRy4oej1q6tZL8Baft7,cloud_file_share,https://drive.google.com/file/d/1YdZm-sioiAbTdBRy4oej1q6tZL8Baft7,anonymous_direct,False,False,False,False,False,False,False,False,unknown,available,2026-07-21,author_source_checked,Author-conducted source check; transfer completeness was evaluated separately.,loader_implemented_not_live_tested,gdrive,gdrive_loader,0.4.0,False,,unit_or_mocked_only,not_live_tested,,,Research only,https://drive.google.com/file/d/1YdZm-sioiAbTdBRy4oej1q6tZL8Baft7,dataset_files,Review the cited source for component-specific terms.,,,,,,,,https://drive.google.com/file/d/1YdZm-sioiAbTdBRy4oej1q6tZL8Baft7,[],https://drive.google.com/file/d/1YdZm-sioiAbTdBRy4oej1q6tZL8Baft7,https://drive.google.com/file/d/1YdZm-sioiAbTdBRy4oej1q6tZL8Baft7,https://drive.google.com/file/d/1YdZm-sioiAbTdBRy4oej1q6tZL8Baft7,https://drive.google.com/file/d/1YdZm-sioiAbTdBRy4oej1q6tZL8Baft7,True,2026-07-21,checked_against_cited_source,author_source_checked,not_live_tested,beh,BEH: Bangladesh Eye Hospital Glaucoma Dataset,research-only,research-only
belo,BELO Benchmark for Evaluating Language Models in Ophthalmology,"Expert-curated ophthalmology multiple-choice benchmark with rationales, assembled for held-out language-model evaluation.",text,"[""question_answering"", ""evaluation"", ""reasoning""]",900,"[""all""]",,,,manual,https://belo-dataset.vercel.app/,Unknown; mixed upstream question-bank terms,BELO: A Benchmark for Evaluation of Language Models in Ophthalmology. Ophthalmology Science. 2025:101050. doi:10.1016/j.xops.2025.101050,"[""text"", ""mcqa"", ""llm"", ""benchmark"", ""reasoning"", ""evaluation_only""]",,"The 900 questions aggregate BCSC, BioASQ, MedMCQA, MedQA, and PubMedQA sources. The project page instructs users to request the held-out benchmark by email; verify every applicable source term.",text,"[""text""]",questions,"[{""count"": 900, ""evidence_basis"": ""official_source_description"", ""evidence_url"": ""https://belo-dataset.vercel.app/"", ""exactness"": ""exact"", ""notes"": """", ""primary"": true, ""review_date"": ""2026-08-01"", ""scope"": ""Held-out multiple-choice benchmark"", ""unit"": ""questions""}]",https://belo-dataset.vercel.app/,documented_manual_route,https://belo-dataset.vercel.app/,author_contact,False,False,,False,,False,True,,unknown,available,2026-07-21,author_source_checked,Author-conducted source check; transfer completeness was evaluated separately.,manual_access_blocked,manual,manual_loader,0.4.0,False,,unit_or_mocked_only,not_live_tested,,,Unknown; mixed upstream question-bank terms,https://belo-dataset.vercel.app/,mixed_components,Review the cited source for component-specific terms.,,,,10.1016/j.xops.2025.101050,,,,https://belo-dataset.vercel.app/,[],https://belo-dataset.vercel.app/,https://belo-dataset.vercel.app/,https://belo-dataset.vercel.app/,https://belo-dataset.vercel.app/,True,2026-07-21,checked_against_cited_source,author_source_checked,not_live_tested,belo,BELO Benchmark for Evaluating Language Models in Ophthalmology,unknown,unknown
bidr,BiDR: Diabetic Retinopathy Diagnosis Dataset,"35,126 fundus images for 5-class diabetic retinopathy grading (No DR: 25,810 / Mild: 2,443 / Moderate: 5,292 / Severe: 873 / Proliferative: 708). Available via Kaggle.",fundus,"[""grading"", ""classification""]",35126,"[""train"", ""test""]","[""No DR"", ""Mild DR"", ""Moderate DR"", ""Severe DR"", ""Proliferative DR""]",5,,kaggle,https://www.kaggle.com/datasets/pkdarabi/diagnosis-of-diabetic-retinopathy,See Kaggle dataset page,BiDR Dataset. Kaggle. https://www.kaggle.com/datasets/pkdarabi/diagnosis-of-diabetic-retinopathy,"[""dr"", ""fundus"", ""kaggle"", ""grading"", ""eyepacs_training_split""]",1.0,"OVERLAP: BiDR is a Kaggle re-upload of the EyePACS Kaggle 2015 competition TRAIN split (35,126 images). Already in EyeDataHub as `eyepacs` (full 88,702 train+test) and also as `dr_arranged` (Tianchi mirror of the same train split). Kept for users who specifically reference the BiDR slug.",fundus,"[""fundus""]",images,"[{""count"": 35126, ""evidence_basis"": ""legacy_catalog_field"", ""evidence_url"": ""https://www.kaggle.com/datasets/pkdarabi/diagnosis-of-diabetic-retinopathy"", ""exactness"": ""not_assessed"", ""notes"": """", ""primary"": true, ""review_date"": ""2026-08-01"", ""scope"": ""Primary quantity reported in the reviewed catalog source"", ""unit"": ""images""}]",https://www.kaggle.com/datasets/pkdarabi/diagnosis-of-diabetic-retinopathy,data_platform,https://www.kaggle.com/datasets/pkdarabi/diagnosis-of-diabetic-retinopathy,self_service_authenticated,True,True,True,False,False,False,False,False,unknown,available,2026-07-21,author_source_checked,Author-conducted source check; transfer completeness was evaluated separately.,standard_platform_supported,kaggle,kaggle_loader,0.4.0,False,,unit_or_mocked_only,not_live_tested,,,See Kaggle dataset page,https://www.kaggle.com/datasets/pkdarabi/diagnosis-of-diabetic-retinopathy,unknown,Review the cited source for component-specific terms.,,,pkdarabi/diagnosis-of-diabetic-retinopathy,,,,,https://www.kaggle.com/datasets/pkdarabi/diagnosis-of-diabetic-retinopathy,"[{""target"": ""dr_arranged"", ""type"": ""mirror_of""}, {""target"": ""eyepacs"", ""type"": ""subset_of""}]",https://www.kaggle.com/datasets/pkdarabi/diagnosis-of-diabetic-retinopathy,https://www.kaggle.com/datasets/pkdarabi/diagnosis-of-diabetic-retinopathy,https://www.kaggle.com/datasets/pkdarabi/diagnosis-of-diabetic-retinopathy,https://www.kaggle.com/datasets/pkdarabi/diagnosis-of-diabetic-retinopathy,True,2026-07-21,checked_against_cited_source,author_source_checked,not_live_tested,bidr,BiDR: Diabetic Retinopathy Diagnosis Dataset,unknown,unknown
birdshot_wide,Birdshot-WIDE Widefield Fundus Dataset,Longitudinal widefield fundus photographs from birdshot chorioretinitis eyes and age- and sex-matched controls.,uwf_fundus,"[""classification"", ""progression_analysis"", ""quality_assessment""]",6352,"[""all""]",,,,manual,https://doi.org/10.5281/zenodo.19474623,CC BY 4.0,"Foulonneau T, Memmi C, Monnet D, Brezin AP, Vienne-Jumeau A. A Dataset of Widefield Fundus Images From Patients With Birdshot Chorioretinitis and Matched Control. Scientific Data. 2026. doi:10.1038/s41597-026-07494-8","[""uwf"", ""birdshot_chorioretinitis"", ""uveitis"", ""longitudinal"", ""controlled_access"", ""zenodo""]",,"Restricted Zenodo record requiring an access request. The source reports 5,042 images from 742 affected eyes and 1,310 images from 742 matched control eyes; the birdshot cohort has a median 4.31-year follow-up. CC BY 4.0 does not remove the access agreement.",uwf_fundus,"[""uwf_fundus""]",images,"[{""count"": 6352, ""evidence_basis"": ""legacy_catalog_field"", ""evidence_url"": ""https://doi.org/10.5281/zenodo.19474623"", ""exactness"": ""not_assessed"", ""notes"": """", ""primary"": true, ""review_date"": ""2026-08-01"", ""scope"": ""Primary quantity reported in the reviewed catalog source"", ""unit"": ""images""}]",https://doi.org/10.5281/zenodo.19474623,documented_manual_route,https://doi.org/10.5281/zenodo.19474623,controlled_or_manual,False,False,,False,True,False,,,unknown,available,2026-07-21,author_source_checked,Author-conducted source check; transfer completeness was evaluated separately.,manual_access_blocked,manual,manual_loader,0.4.0,False,,unit_or_mocked_only,not_live_tested,,,CC BY 4.0,https://doi.org/10.5281/zenodo.19474623,dataset_files,Review the cited source for component-specific terms.,,,,10.1038/s41597-026-07494-8,,,,https://doi.org/10.5281/zenodo.19474623,[],https://doi.org/10.5281/zenodo.19474623,https://doi.org/10.5281/zenodo.19474623,https://doi.org/10.5281/zenodo.19474623,https://doi.org/10.5281/zenodo.19474623,True,2026-07-21,checked_against_cited_source,author_source_checked,not_live_tested,birdshot_wide,Birdshot-WIDE Widefield Fundus Dataset,cc-by,cc-by
bmrd,Bangladesh Multi-Disease Retinal Dataset,"One thousand seven hundred eighty-six original color fundus images for diabetic retinopathy, age-related macular degeneration, and glaucoma grading/classification.",fundus,"[""classification"", ""grading""]",1786,"[""all""]",,,,mendeley,https://data.mendeley.com/datasets/959whsbc6v/1,CC BY 4.0,"Ema RR. Bangladesh Multi-Disease Retinal Dataset (BMRD). Mendeley Data, V1, 2025. doi:10.17632/959whsbc6v.1","[""mendeley"", ""fundus"", ""diabetic_retinopathy"", ""amd"", ""glaucoma"", ""bangladesh""]",,,fundus,"[""fundus""]",images,"[{""count"": 1786, ""evidence_basis"": ""legacy_catalog_field"", ""evidence_url"": ""https://data.mendeley.com/datasets/959whsbc6v/1"", ""exactness"": ""not_assessed"", ""notes"": """", ""primary"": true, ""review_date"": ""2026-08-01"", ""scope"": ""Primary quantity reported in the reviewed catalog source"", ""unit"": ""images""}]",https://data.mendeley.com/datasets/959whsbc6v/1,official_repository,https://data.mendeley.com/datasets/959whsbc6v/1,anonymous_direct,False,False,False,False,False,False,False,False,unknown,available,2026-07-21,author_source_checked,Author-conducted source check; transfer completeness was evaluated separately.,standard_platform_supported,mendeley,mendeley_loader,0.4.0,False,,unit_or_mocked_only,not_live_tested,,,CC BY 4.0,https://data.mendeley.com/datasets/959whsbc6v/1,dataset_files,Review the cited source for component-specific terms.,10.17632/959whsbc6v.1,,959whsbc6v/1,,,,,https://doi.org/10.17632/959whsbc6v.1,[],https://data.mendeley.com/datasets/959whsbc6v/1,https://data.mendeley.com/datasets/959whsbc6v/1,https://data.mendeley.com/datasets/959whsbc6v/1,https://data.mendeley.com/datasets/959whsbc6v/1,True,2026-07-21,checked_against_cited_source,author_source_checked,not_live_tested,bmrd,Bangladesh Multi-Disease Retinal Dataset,cc-by,cc-by
brset,BRSET: Brazilian Multilabel Ophthalmological Dataset,"16,266 color fundus images from 8,524 Brazilian patients with 14 disease labels (DR, AMD, glaucoma, drusen, others), image quality flags, and demographic attributes.",fundus,"[""multilabel"", ""classification"", ""quality""]",16266,"[""all""]",,14,,physionet,https://physionet.org/content/brazilian-ophthalmological/1.0.1/,PhysioNet Credentialed Health Data License 1.5.0 (Research only),"Nakayama LF, Restrepo D, Matos J, et al., 'BRSET: A Brazilian Multilabel Ophthalmological Dataset of Retina Fundus Photos', PLOS Digital Health 3(7):e0000454, 2024. doi:10.1371/journal.pdig.0000454 · PhysioNet DOI: 10.13026/1pht-2b69","[""fundus"", ""multilabel"", ""demographics"", ""brazil"", ""large_scale""]",9.0,Requires PhysioNet credentialed-user account + CITI training + signed Data Use Agreement. Set PHYSIONET_USERNAME and PHYSIONET_PASSWORD in .env to auto-download.,fundus,"[""fundus""]",images,"[{""count"": 16266, ""evidence_basis"": ""legacy_catalog_field"", ""evidence_url"": ""https://physionet.org/content/brazilian-ophthalmological/1.0.1/"", ""exactness"": ""not_assessed"", ""notes"": """", ""primary"": true, ""review_date"": ""2026-08-01"", ""scope"": ""Primary quantity reported in the reviewed catalog source"", ""unit"": ""images""}]",https://physionet.org/content/brazilian-ophthalmological/1.0.1/,data_platform,https://physionet.org/content/brazilian-ophthalmological/1.0.1/,controlled_or_manual,True,True,,True,True,True,,,unknown,available,2026-07-21,author_source_checked,Author-conducted source check; transfer completeness was evaluated separately.,manual_access_blocked,physionet,physionet_loader,0.4.0,False,,unit_or_mocked_only,not_live_tested,,,PhysioNet Credentialed Health Data License 1.5.0 (Research only),https://physionet.org/content/brazilian-ophthalmological/1.0.1/,dataset_files,Review the cited source for component-specific terms.,10.13026/1pht-2b69,,brazilian-ophthalmological/1.0.1,10.1371/journal.pdig.0000454,,,,https://doi.org/10.13026/1pht-2b69,[],https://physionet.org/content/brazilian-ophthalmological/1.0.1/,https://physionet.org/content/brazilian-ophthalmological/1.0.1/,https://physionet.org/content/brazilian-ophthalmological/1.0.1/,https://physionet.org/content/brazilian-ophthalmological/1.0.1/,True,2026-07-21,checked_against_cited_source,author_source_checked,not_live_tested,brset,BRSET: Brazilian Multilabel Ophthalmological Dataset,research-only,research-only
brset_mbrset_embeddings,Embedding-Based Representations for BRSET and mBRSET,Precomputed image embeddings for BRSET and mBRSET to support efficient ophthalmic AI research without raw-image redistribution.,tabular,"[""classification"", ""retrieval""]",53188,"[""all""]",,,,physionet,https://physionet.org/content/embedding-brset-mbrset/1.0.0/,PhysioNet credentialed access terms,"Embedding-Based Representations for BRSET and mBRSET. PhysioNet, 2026.","[""physionet"", ""embeddings"", ""brset"", ""mbrset"", ""derivative""]",,Derivative representation layer for existing BRSET/mBRSET cohorts.,tabular,"[""tabular""]",embedding_vectors,"[{""count"": 53188, ""evidence_basis"": ""derived_from_reported_components"", ""evidence_url"": ""https://physionet.org/content/embedding-brset-mbrset/1.0.0/"", ""exactness"": ""exact"", ""notes"": ""Two BRSET files contain 16,266 rows each and four mBRSET files contain 5,164 rows each."", ""primary"": true, ""review_date"": ""2026-08-01"", ""scope"": ""Rows across six model-specific CSV files"", ""unit"": ""embedding_vectors""}, {""count"": 21430, ""evidence_basis"": ""derived_from_reported_components"", ""evidence_url"": ""https://physionet.org/content/embedding-brset-mbrset/1.0.0/"", ""exactness"": ""exact"", ""notes"": ""This is 16,266 BRSET plus 5,164 mBRSET images; it is not a new image cohort."", ""primary"": false, ""review_date"": ""2026-08-01"", ""scope"": ""Distinct parent images represented by at least one embedding"", ""unit"": ""images""}]",https://physionet.org/content/embedding-brset-mbrset/1.0.0/,data_platform,https://physionet.org/content/embedding-brset-mbrset/1.0.0/,controlled_or_manual,False,False,,True,True,True,,,unknown,available,2026-07-21,author_source_checked,Author-conducted source check; transfer completeness was evaluated separately.,manual_access_blocked,physionet,physionet_loader,0.4.0,False,,unit_or_mocked_only,not_live_tested,,,PhysioNet credentialed access terms,https://physionet.org/content/embedding-brset-mbrset/1.0.0/,unknown,Review the cited source for component-specific terms.,,,embedding-brset-mbrset/1.0.0,,,,,https://physionet.org/content/embedding-brset-mbrset/1.0.0/,"[{""target"": ""brset"", ""type"": ""derived_from""}, {""target"": ""mbrset"", ""type"": ""derived_from""}]",https://physionet.org/content/embedding-brset-mbrset/1.0.0/,https://physionet.org/content/embedding-brset-mbrset/1.0.0/,https://physionet.org/content/embedding-brset-mbrset/1.0.0/,https://physionet.org/content/embedding-brset-mbrset/1.0.0/,True,2026-07-21,checked_against_cited_source,author_source_checked,not_live_tested,brset_mbrset_embeddings,Embedding-Based Representations for BRSET and mBRSET,unknown,unknown
cadis,CaDIS: Cataract Dataset for Image Segmentation,"Semantic segmentation labels for 4,670 frames from 25 cataract surgery videos (CATARACTS challenge). 25 anatomy and instrument classes.",surgical_video,"[""segmentation""]",4670,"[""train"", ""val"", ""test""]",,25,,manual,https://cataracts-semantic-segmentation2020.grand-challenge.org/,Research only (Grand Challenge terms),"Grammatikopoulou M, Flouty E, Kadkhodamohammadi A, et al., 'CaDIS: Cataract dataset for image segmentation', arXiv 1906.11586, 2019.","[""surgical_video"", ""cataract"", ""semantic_segmentation"", ""instruments"", ""anatomy""]",15.0,Standard cataract-scene segmentation benchmark. Grand Challenge account required.,surgical_video,"[""surgical_video""]",images,"[{""count"": 4670, ""evidence_basis"": ""legacy_catalog_field"", ""evidence_url"": ""https://cataracts-semantic-segmentation2020.grand-challenge.org/"", ""exactness"": ""not_assessed"", ""notes"": """", ""primary"": true, ""review_date"": ""2026-08-01"", ""scope"": ""Primary quantity reported in the reviewed catalog source"", ""unit"": ""images""}]",https://cataracts-semantic-segmentation2020.grand-challenge.org/,challenge_platform,https://cataracts-semantic-segmentation2020.grand-challenge.org/,self_service_clickthrough,True,True,,True,False,False,False,False,unknown,available,2026-07-21,author_source_checked,Author-conducted source check; transfer completeness was evaluated separately.,guided_instructions_only,manual,manual_loader,0.4.0,False,,unit_or_mocked_only,not_live_tested,,,Research only (Grand Challenge terms),https://cataracts-semantic-segmentation2020.grand-challenge.org/,challenge_participation,Review the cited source for component-specific terms.,,,,,,,,https://cataracts-semantic-segmentation2020.grand-challenge.org/,"[{""target"": ""cataracts2017"", ""type"": ""derived_from""}]",https://cataracts-semantic-segmentation2020.grand-challenge.org/,https://cataracts-semantic-segmentation2020.grand-challenge.org/,https://cataracts-semantic-segmentation2020.grand-challenge.org/,https://cataracts-semantic-segmentation2020.grand-challenge.org/,True,2026-07-21,checked_against_cited_source,author_source_checked,not_live_tested,cadis,CaDIS: Cataract Dataset for Image Segmentation,research-only,research-only
casia_iris_v4,CASIA-IrisV4 Iris Image Database,"Six near-infrared or synthetic iris subsets spanning close-range, lamp variation, twins, distance, large-scale, and synthetic recognition.",iris_biometrics,"[""biometric_recognition"", ""classification""]",54601,"[""all""]",,,,manual,https://hycasia.github.io/dataset/casia-irisv4/,Public domain; source access terms apply,Chinese Academy of Sciences Institute of Automation. CASIA Iris Image Database Version 4.0. Dataset documentation.,"[""iris"", ""biometrics"", ""near_infrared"", ""synthetic"", ""twins"", ""public_domain""]",1.86,"The project documentation mirror reports 54,601 images from more than 1,800 genuine and 1,000 virtual subjects, with possible subject overlap across four subsets, and describes the release as public domain. The linked download service may require login.",iris_biometrics,"[""iris_biometrics""]",images,"[{""count"": 54601, ""evidence_basis"": ""official_source_description"", ""evidence_url"": ""https://hycasia.github.io/dataset/casia-irisv4/"", ""exactness"": ""exact"", ""notes"": """", ""primary"": true, ""review_date"": ""2026-08-01"", ""scope"": ""Six CASIA-IrisV4 subsets"", ""unit"": ""images""}]",https://hycasia.github.io/dataset/casia-irisv4/,documented_manual_route,https://hycasia.github.io/dataset/casia-irisv4/,anonymous_direct,False,False,False,False,False,False,False,False,unknown,available,2026-07-21,acquisition_route_verified,Author-conducted source check; transfer completeness was evaluated separately.,guided_instructions_only,manual,manual_loader,0.4.0,False,,unit_or_mocked_only,not_live_tested,,,Public domain; source access terms apply,https://hycasia.github.io/dataset/casia-irisv4/,unknown,Review the cited source for component-specific terms.,,,,,,,,https://hycasia.github.io/dataset/casia-irisv4/,[],https://hycasia.github.io/dataset/casia-irisv4/,https://hycasia.github.io/dataset/casia-irisv4/,https://hycasia.github.io/dataset/casia-irisv4/,https://hycasia.github.io/dataset/casia-irisv4/,True,2026-07-21,checked_against_cited_source,acquisition_route_verified,not_live_tested,casia_iris_v4,CASIA-IrisV4 Iris Image Database,cc0,cc0
cataract,Cataract Fundus Classification Dataset,"601 fundus images in 4 classes: Normal, Cataract, Glaucoma, and Retina Disease. Intended for ocular disease classification.",fundus,"[""classification""]",601,"[""train""]","[""Normal"", ""Cataract"", ""Glaucoma"", ""Retina Disease""]",4,,kaggle,https://www.kaggle.com/datasets/jr2ngb/cataractdataset,See Kaggle dataset page,Kaggle dataset by jr2ngb (2019). https://www.kaggle.com/datasets/jr2ngb/cataractdataset,"[""cataract"", ""fundus"", ""kaggle"", ""classification""]",0.1,,fundus,"[""fundus""]",images,"[{""count"": 601, ""evidence_basis"": ""legacy_catalog_field"", ""evidence_url"": ""https://www.kaggle.com/datasets/jr2ngb/cataractdataset"", ""exactness"": ""not_assessed"", ""notes"": """", ""primary"": true, ""review_date"": ""2026-08-01"", ""scope"": ""Primary quantity reported in the reviewed catalog source"", ""unit"": ""images""}]",https://www.kaggle.com/datasets/jr2ngb/cataractdataset,data_platform,https://www.kaggle.com/datasets/jr2ngb/cataractdataset,self_service_authenticated,True,True,True,False,False,False,False,False,unknown,available,2026-07-21,author_source_checked,Author-conducted source check; transfer completeness was evaluated separately.,standard_platform_supported,kaggle,kaggle_loader,0.4.0,False,,unit_or_mocked_only,not_live_tested,,,See Kaggle dataset page,https://www.kaggle.com/datasets/jr2ngb/cataractdataset,unknown,Review the cited source for component-specific terms.,,,jr2ngb/cataractdataset,,,,,https://www.kaggle.com/datasets/jr2ngb/cataractdataset,[],https://www.kaggle.com/datasets/jr2ngb/cataractdataset,https://www.kaggle.com/datasets/jr2ngb/cataractdataset,https://www.kaggle.com/datasets/jr2ngb/cataractdataset,https://www.kaggle.com/datasets/jr2ngb/cataractdataset,True,2026-07-21,checked_against_cited_source,author_source_checked,not_live_tested,cataract,Cataract Fundus Classification Dataset,unknown,unknown
cataract101_extended_labels,Cataract-101 Extended Labels,Extended phase/time labels for the Cataract-101 surgical-video dataset.,surgical_video,"[""classification""]",101,"[""all""]",,,,zenodo,https://zenodo.org/records/4984167,CC BY 4.0,"Cataract101 extended labels. Zenodo, 2021. doi:10.5281/zenodo.4984167","[""zenodo"", ""cataract_101"", ""surgical_video"", ""labels"", ""derivative""]",0.01,Derivative label layer for existing `cataract_101` images/videos.,surgical_video,"[""surgical_video""]",videos,"[{""count"": 101, ""evidence_basis"": ""official_source_description"", ""evidence_url"": ""https://zenodo.org/records/4984167"", ""exactness"": ""exact"", ""notes"": """", ""primary"": true, ""review_date"": ""2026-08-01"", ""scope"": ""Cataract-101 videos receiving extended labels"", ""unit"": ""videos""}]",https://zenodo.org/records/4984167,official_repository,https://zenodo.org/records/4984167,anonymous_direct,False,False,False,False,False,False,False,False,unknown,available,2026-07-21,author_source_checked,Author-conducted source check; transfer completeness was evaluated separately.,standard_platform_supported,zenodo,zenodo_loader,0.4.0,False,,unit_or_mocked_only,not_live_tested,,,CC BY 4.0,https://zenodo.org/records/4984167,dataset_files,Review the cited source for component-specific terms.,10.5281/zenodo.4984167,,records/4984167,,,,,https://doi.org/10.5281/zenodo.4984167,"[{""target"": ""cataract_101"", ""type"": ""derived_from""}]",https://zenodo.org/records/4984167,https://zenodo.org/records/4984167,https://zenodo.org/records/4984167,https://zenodo.org/records/4984167,True,2026-07-21,checked_against_cited_source,author_source_checked,not_live_tested,cataract101_extended_labels,Cataract-101 Extended Labels,cc-by,cc-by
cataract1k,Cataract-1K: Large-Scale Cataract Surgery Video Dataset,"1000 cataract surgery videos from multiple surgeons annotated for 10 surgical phases, instrument segmentation, and tool presence detection. First large-scale cataract surgical video dataset.",surgical_video,"[""phase_recognition"", ""segmentation"", ""detection""]",1000,"[""train"", ""val"", ""test""]","[""Incision"", ""Viscoelastic"", ""Capsulorhexis"", ""Hydrodissection"", ""Phacoemulsification"", ""Irrigation-Aspiration"", ""Capsule Polishing"", ""Lens Implant"", ""Viscoelastic Suction"", ""Tonifying-Antibiotics""]",10,,manual,https://www.synapse.org/#!Synapse:syn53404917,Research only — see Synapse terms,"Ghamsarian N et al., 'Cataract-1K: Cataract Surgery Dataset for Domain Generalization of Surgical Workflow Analysis', IEEE TMI 2024. https://github.com/Negin-Ghamsarian/Cataract-1K","[""surgical_video"", ""cataract"", ""phase_recognition"", ""synapse""]",50.0,Data hosted on Synapse (free registration required). Install synapseclient: pip install synapseclient. Then: synapse get syn53404917,surgical_video,"[""surgical_video""]",videos,"[{""count"": 1000, ""evidence_basis"": ""legacy_catalog_field"", ""evidence_url"": ""https://www.synapse.org/#!Synapse:syn53404917"", ""exactness"": ""not_assessed"", ""notes"": """", ""primary"": true, ""review_date"": ""2026-08-01"", ""scope"": ""Primary quantity reported in the reviewed catalog source"", ""unit"": ""videos""}]",https://www.synapse.org/#!Synapse:syn53404917,documented_manual_route,https://www.synapse.org/#!Synapse:syn53404917,controlled_or_manual,True,True,,False,True,False,,False,unknown,available,2026-07-21,author_source_checked,Author-conducted source check; transfer completeness was evaluated separately.,manual_access_blocked,manual,manual_loader,0.4.0,False,,unit_or_mocked_only,not_live_tested,,,Research only — see Synapse terms,https://www.synapse.org/#!Synapse:syn53404917,dataset_files,Review the cited source for component-specific terms.,,,,,,,,https://www.synapse.org/#!Synapse:syn53404917,[],https://www.synapse.org/#!Synapse:syn53404917,https://www.synapse.org/#!Synapse:syn53404917,https://www.synapse.org/#!Synapse:syn53404917,https://www.synapse.org/#!Synapse:syn53404917,True,2026-07-21,checked_against_cited_source,author_source_checked,not_live_tested,cataract1k,Cataract-1K: Large-Scale Cataract Surgery Video Dataset,research-only,research-only
cataract_101,Cataract-101: 101 Cataract Surgery Videos with Phase Annotations,101 cataract surgery videos with 10-phase workflow annotations. Canonical older cataract benchmark.,surgical_video,"[""classification""]",101,"[""all""]",,10,,manual,https://ftp.itec.aau.at/datasets/ovid/cat-101/,Research only (ITEC AAU),"Schoeffmann K, Taschwer M, Sarny S, Munzer B, Primus MJ, Putzgruber D, 'Cataract-101 — video dataset of 101 cataract surgeries', ACM MMSys 2018.","[""surgical_video"", ""cataract"", ""phase_recognition"", ""classical""]",25.0,ITEC public FTP; license verify against institutional page.,surgical_video,"[""surgical_video""]",videos,"[{""count"": 101, ""evidence_basis"": ""legacy_catalog_field"", ""evidence_url"": ""https://ftp.itec.aau.at/datasets/ovid/cat-101/"", ""exactness"": ""not_assessed"", ""notes"": """", ""primary"": true, ""review_date"": ""2026-08-01"", ""scope"": ""Primary quantity reported in the reviewed catalog source"", ""unit"": ""videos""}]",https://ftp.itec.aau.at/datasets/ovid/cat-101/,documented_manual_route,https://ftp.itec.aau.at/datasets/ovid/cat-101/,anonymous_direct,False,False,False,False,False,False,False,False,unknown,available,2026-07-21,author_source_checked,Author-conducted source check; transfer completeness was evaluated separately.,guided_instructions_only,manual,manual_loader,0.4.0,False,,unit_or_mocked_only,not_live_tested,,,Research only (ITEC AAU),https://ftp.itec.aau.at/datasets/ovid/cat-101/,dataset_files,Review the cited source for component-specific terms.,,,,,,,,https://ftp.itec.aau.at/datasets/ovid/cat-101/,[],https://ftp.itec.aau.at/datasets/ovid/cat-101/,https://ftp.itec.aau.at/datasets/ovid/cat-101/,https://ftp.itec.aau.at/datasets/ovid/cat-101/,https://ftp.itec.aau.at/datasets/ovid/cat-101/,True,2026-07-21,checked_against_cited_source,author_source_checked,not_live_tested,cataract_101,Cataract-101: 101 Cataract Surgery Videos with Phase Annotations,research-only,research-only
cataract_lmm,Cataract-LMM: Large-Scale Multi-Source Multi-Task Cataract Surgery Benchmark,"3,000 cataract surgery procedures, 1,134.2 hours of video with phase annotations, instance segmentation, tracking, and skill scoring. Largest public cataract-surgery-video resource.",surgical_video,"[""classification"", ""segmentation"", ""multilabel""]",3000,"[""train"", ""val"", ""test""]",,,,huggingface,https://huggingface.co/datasets/mjahmadi/Cataract-LMM,CC BY-NC-ND 4.0,"Ahmadi MJ, Gandomi I, Abdi P, et al., 'Cataract-LMM: Large-scale multi-source multi-task benchmark for deep learning in surgical video analysis', Scientific Data 2026. doi:10.1038/s41597-026-07464-0","[""surgical_video"", ""cataract"", ""phase_recognition"", ""instance_segmentation"", ""skill_scoring"", ""large_scale""]",200.0,Largest public cataract-surgery-video resource by hours. CC BY-NC-ND 4.0 — non-commercial + no derivatives on HF.,surgical_video,"[""surgical_video""]",videos,"[{""count"": 3000, ""evidence_basis"": ""legacy_catalog_field"", ""evidence_url"": ""https://huggingface.co/datasets/mjahmadi/Cataract-LMM"", ""exactness"": ""not_assessed"", ""notes"": """", ""primary"": true, ""review_date"": ""2026-08-01"", ""scope"": ""Primary quantity reported in the reviewed catalog source"", ""unit"": ""videos""}]",https://huggingface.co/datasets/mjahmadi/Cataract-LMM,data_platform,https://huggingface.co/datasets/mjahmadi/Cataract-LMM,anonymous_direct,False,False,False,False,False,False,False,False,unknown,available,2026-07-21,author_source_checked,Author-conducted source check; transfer completeness was evaluated separately.,standard_platform_supported,huggingface,huggingface_loader,0.4.0,False,,unit_or_mocked_only,not_live_tested,,,CC BY-NC-ND 4.0,https://huggingface.co/datasets/mjahmadi/Cataract-LMM,dataset_files,Review the cited source for component-specific terms.,,,mjahmadi/Cataract-LMM,10.1038/s41597-026-07464-0,,,,https://huggingface.co/datasets/mjahmadi/Cataract-LMM,[],https://huggingface.co/datasets/mjahmadi/Cataract-LMM,https://huggingface.co/datasets/mjahmadi/Cataract-LMM,https://huggingface.co/datasets/mjahmadi/Cataract-LMM,https://huggingface.co/datasets/mjahmadi/Cataract-LMM,True,2026-07-21,checked_against_cited_source,author_source_checked,not_live_tested,cataract_lmm,Cataract-LMM: Large-Scale Multi-Source Multi-Task Cataract Surgery Benchmark,cc-by-nc-nd,cc-by-nc-nd
cataracts2017,CATARACTS 2017: Surgical Tool Detection Challenge,50 cataract surgery videos (>9 hours total) with frame-level annotations of 21 surgical tools. Earlier and larger sibling to Cataract-1K.,surgical_video,"[""classification"", ""multilabel""]",50,"[""train"", ""test""]",,21,,manual,https://ieee-dataport.org/open-access/cataracts,CC BY 4.0 (IEEE DataPort),"Al Hajj et al., 'CATARACTS: Challenge on Automatic Tool Annotation for cataRACT Surgery', Medical Image Analysis 2019.","[""surgical_video"", ""cataract"", ""tool_detection"", ""classical""]",50.0,IEEE DataPort free account login required.,surgical_video,"[""surgical_video""]",videos,"[{""count"": 50, ""evidence_basis"": ""legacy_catalog_field"", ""evidence_url"": ""https://ieee-dataport.org/open-access/cataracts"", ""exactness"": ""not_assessed"", ""notes"": """", ""primary"": true, ""review_date"": ""2026-08-01"", ""scope"": ""Primary quantity reported in the reviewed catalog source"", ""unit"": ""videos""}]",https://ieee-dataport.org/open-access/cataracts,documented_manual_route,https://ieee-dataport.org/open-access/cataracts,self_service_authenticated,True,True,,False,False,False,False,False,unknown,available,2026-07-21,author_source_checked,Author-conducted source check; transfer completeness was evaluated separately.,guided_instructions_only,manual,manual_loader,0.4.0,False,,unit_or_mocked_only,not_live_tested,,,CC BY 4.0 (IEEE DataPort),https://ieee-dataport.org/open-access/cataracts,dataset_files,Review the cited source for component-specific terms.,,,,,,,,https://ieee-dataport.org/open-access/cataracts,[],https://ieee-dataport.org/open-access/cataracts,https://ieee-dataport.org/open-access/cataracts,https://ieee-dataport.org/open-access/cataracts,https://ieee-dataport.org/open-access/cataracts,True,2026-07-21,checked_against_cited_source,author_source_checked,not_live_tested,cataracts2017,CATARACTS 2017: Surgical Tool Detection Challenge,cc-by,cc-by
cavri,CAVRI: Computer Analysis of VitreoRetinal Interface Dataset,"50 annotated 3D SD-OCT volumes (7,050 B-scans, 640×385 px) from subjects with vitreomacular adhesion (VMA, 25 eyes) and vitreomacular traction (VMT, 25 eyes). Each volume: 141 B-scans over 2×7×7 mm. Annotated boundaries: PCV, ILM, RPE. Device: Optovue Avanti RTvue.",oct,"[""segmentation""]",50,"[""train"", ""val"", ""test""]","[""PCV"", ""ILM"", ""RPE""]",3,"[640, 385]",manual,https://dsp.put.poznan.pl/cavri_database-191/,Research/educational use only (no commercial redistribution),"Stankiewicz A et al., 'Segmentation of Preretinal Space in Optical Coherence Tomography Images Using Deep Neural Networks', Sensors 21(22):7521 (2021). doi:10.3390/s21227521","[""oct"", ""segmentation"", ""vitreoretinal"", ""boundary"", ""manual""]",3.0,Access by email request: agnieszka.stankiewicz@put.poznan.pl or tomasz.marciniak@put.poznan.pl. Dataset page: https://dsp.put.poznan.pl/cavri_database-191/ GitHub (segmentation code): https://github.com/krzyk87/pcv_segmentation,oct,"[""oct""]",volumes,"[{""count"": 50, ""evidence_basis"": ""legacy_catalog_field"", ""evidence_url"": ""https://dsp.put.poznan.pl/cavri_database-191/"", ""exactness"": ""not_assessed"", ""notes"": """", ""primary"": true, ""review_date"": ""2026-08-01"", ""scope"": ""Primary quantity reported in the reviewed catalog source"", ""unit"": ""volumes""}]",https://dsp.put.poznan.pl/cavri_database-191/,documented_manual_route,https://dsp.put.poznan.pl/cavri_database-191/,author_contact,False,False,,False,,False,True,,unknown,available,2026-07-21,author_source_checked,Author-conducted source check; transfer completeness was evaluated separately.,manual_access_blocked,manual,manual_loader,0.4.0,False,,unit_or_mocked_only,not_live_tested,,,Research/educational use only (no commercial redistribution),https://dsp.put.poznan.pl/cavri_database-191/,unknown,Review the cited source for component-specific terms.,,,,10.3390/s21227521,,,,https://dsp.put.poznan.pl/cavri_database-191/,[],https://dsp.put.poznan.pl/cavri_database-191/,https://dsp.put.poznan.pl/cavri_database-191/,https://dsp.put.poznan.pl/cavri_database-191/,https://dsp.put.poznan.pl/cavri_database-191/,True,2026-07-21,checked_against_cited_source,author_source_checked,not_live_tested,cavri,CAVRI: Computer Analysis of VitreoRetinal Interface Dataset,research-only,research-only
chaksu,CHAKSU: Multi-Device Glaucoma Fundus Dataset,"1,345 fundus images captured across multiple camera manufacturers with OD/OC segmentation + glaucoma classification labels.",fundus,"[""classification"", ""segmentation""]",1345,"[""all""]","[""background"", ""optic_disc"", ""optic_cup""]",3,,figshare,https://doi.org/10.6084/m9.figshare.20123135,CC BY 4.0,"Kumar et al., 'CHAKSU: A glaucoma-specific fundus image database', Scientific Data 2023.","[""fundus"", ""glaucoma"", ""multi_device"", ""optic_disc""]",5.0,,fundus,"[""fundus""]",images,"[{""count"": 1345, ""evidence_basis"": ""legacy_catalog_field"", ""evidence_url"": ""https://doi.org/10.6084/m9.figshare.20123135"", ""exactness"": ""not_assessed"", ""notes"": """", ""primary"": true, ""review_date"": ""2026-08-01"", ""scope"": ""Primary quantity reported in the reviewed catalog source"", ""unit"": ""images""}]",https://doi.org/10.6084/m9.figshare.20123135,official_repository,https://doi.org/10.6084/m9.figshare.20123135,anonymous_direct,False,False,False,False,False,False,False,False,unknown,available,2026-07-21,author_source_checked,Author-conducted source check; transfer completeness was evaluated separately.,end_to_end_tested,figshare,figshare_loader,0.4.0,True,2026-07-31,complete_current_deposit_downloaded,complete_current_deposit_downloaded,python hub/audit/verify_download_and_load.py run,,CC BY 4.0,https://doi.org/10.6084/m9.figshare.20123135,dataset_files,Review the cited source for component-specific terms.,10.6084/m9.figshare.20123135,,10.6084/m9.figshare.20123135,,,,,https://doi.org/10.6084/m9.figshare.20123135,[],https://doi.org/10.6084/m9.figshare.20123135,https://doi.org/10.6084/m9.figshare.20123135,https://doi.org/10.6084/m9.figshare.20123135,https://doi.org/10.6084/m9.figshare.20123135,True,2026-07-21,checked_against_cited_source,author_source_checked,complete_current_deposit_downloaded,chaksu,CHAKSU: Multi-Device Glaucoma Fundus Dataset,cc-by,cc-by
chase_db1,CHASE_DB1: Child Heart and Health Study in England,28 fundus images with manual vessel segmentations (two annotators).,fundus,"[""segmentation""]",28,"[""all""]",,,"[999, 960]",manual,https://researchinnovation.kingston.ac.uk/en/datasets/chasedb1-retinal-vessel-reference-dataset-4/,CC BY 4.0,"Owen et al., 'Measuring retinal vessel tortuosity in 10-year-old children: validation of the computer-assisted image analysis of the retina (CAIAR) program', Invest Ophthalmol Vis Sci 2009. Data: https://researchinnovation.kingston.ac.uk/en/datasets/chasedb1-retinal-vessel-reference-dataset-4/; CHASE-AV reference: https://researchinnovation.kingston.ac.uk/en/datasets/chase-av-retinal-vessel-reference-dataset/","[""vessel_segmentation"", ""fundus"", ""pediatric""]",0.05,Manual access only. Kingston landing pages: CHASE_DB1: https://researchinnovation.kingston.ac.uk/en/datasets/chasedb1-retinal-vessel-reference-dataset-4/; CHASE-AV: https://researchinnovation.kingston.ac.uk/en/datasets/chase-av-retinal-vessel-reference-dataset/,fundus,"[""fundus""]",images,"[{""count"": 28, ""evidence_basis"": ""legacy_catalog_field"", ""evidence_url"": ""https://researchinnovation.kingston.ac.uk/en/datasets/chasedb1-retinal-vessel-reference-dataset-4/"", ""exactness"": ""not_assessed"", ""notes"": """", ""primary"": true, ""review_date"": ""2026-08-01"", ""scope"": ""Primary quantity reported in the reviewed catalog source"", ""unit"": ""images""}]",https://researchinnovation.kingston.ac.uk/en/datasets/chasedb1-retinal-vessel-reference-dataset-4/,documented_manual_route,https://researchinnovation.kingston.ac.uk/en/datasets/chasedb1-retinal-vessel-reference-dataset-4/,anonymous_direct,False,False,False,False,False,False,False,False,unknown,available,2026-07-21,acquisition_route_verified,Author-conducted source check; transfer completeness was evaluated separately.,guided_instructions_only,manual,manual_loader,0.4.0,False,,unit_or_mocked_only,not_live_tested,,,CC BY 4.0,https://researchinnovation.kingston.ac.uk/en/datasets/chasedb1-retinal-vessel-reference-dataset-4/,dataset_files,Review the cited source for component-specific terms.,,,,,,,,https://researchinnovation.kingston.ac.uk/en/datasets/chasedb1-retinal-vessel-reference-dataset-4/,[],https://researchinnovation.kingston.ac.uk/en/datasets/chasedb1-retinal-vessel-reference-dataset-4/,https://researchinnovation.kingston.ac.uk/en/datasets/chasedb1-retinal-vessel-reference-dataset-4/,https://researchinnovation.kingston.ac.uk/en/datasets/chasedb1-retinal-vessel-reference-dataset-4/,https://researchinnovation.kingston.ac.uk/en/datasets/chasedb1-retinal-vessel-reference-dataset-4/,True,2026-07-21,checked_against_cited_source,acquisition_route_verified,not_live_tested,chase_db1,CHASE_DB1: Child Heart and Health Study in England,cc-by,cc-by
chronic_corneal_disorders,Chronic Corneal Disorders Clinical Dataset,"Prospective tabular clinical dataset of 332 patients with chronic corneal disorders, including visual acuity, slit-lamp findings, comorbidities, diagnoses, treatments, and risk factors.",tabular,"[""classification"", ""regression""]",332,"[""all""]",,,,mendeley,https://data.mendeley.com/datasets/mcwv6thk8m/1,CC BY 4.0,"Kusumesh R, Sinha BP, Anand A, Kumar A. Epidemiological and Clinical Profile of Chronic Corneal Disorders: Insights from a Tertiary Care Hospital in Eastern India. Mendeley Data, V1, 2025. doi:10.17632/mcwv6thk8m.1","[""mendeley"", ""tabular"", ""cornea"", ""keratitis"", ""slit_lamp"", ""clinical""]",0.01,,tabular,"[""tabular""]",participants,"[{""count"": 332, ""evidence_basis"": ""legacy_catalog_field"", ""evidence_url"": ""https://data.mendeley.com/datasets/mcwv6thk8m/1"", ""exactness"": ""not_assessed"", ""notes"": """", ""primary"": true, ""review_date"": ""2026-08-01"", ""scope"": ""Primary quantity reported in the reviewed catalog source"", ""unit"": ""participants""}]",https://data.mendeley.com/datasets/mcwv6thk8m/1,official_repository,https://data.mendeley.com/datasets/mcwv6thk8m/1,anonymous_direct,False,False,False,False,False,False,False,False,unknown,available,2026-07-21,author_source_checked,Author-conducted source check; transfer completeness was evaluated separately.,standard_platform_supported,mendeley,mendeley_loader,0.4.0,False,,unit_or_mocked_only,not_live_tested,,,CC BY 4.0,https://data.mendeley.com/datasets/mcwv6thk8m/1,dataset_files,Review the cited source for component-specific terms.,10.17632/mcwv6thk8m.1,,mcwv6thk8m/1,,,,,https://doi.org/10.17632/mcwv6thk8m.1,[],https://data.mendeley.com/datasets/mcwv6thk8m/1,https://data.mendeley.com/datasets/mcwv6thk8m/1,https://data.mendeley.com/datasets/mcwv6thk8m/1,https://data.mendeley.com/datasets/mcwv6thk8m/1,True,2026-07-21,checked_against_cited_source,author_source_checked,not_live_tested,chronic_corneal_disorders,Chronic Corneal Disorders Clinical Dataset,cc-by,cc-by
coph100,COph100: Comprehensive Infant Fundus Image Registration Dataset (RIDIRP),100 infant eyes with 491 image pairs annotated with ground-truth control points and vessel masks. Enables pediatric / ROP-relevant fundus registration research.,fundus,"[""regression"", ""segmentation""]",491,"[""all""]",,,,figshare,https://doi.org/10.6084/m9.figshare.27061084.v1,CC BY 4.0,"Hu Y, et al., 'COph100: A comprehensive fundus image registration dataset from infants constituting the RIDIRP database', Scientific Data 2025;12:99.","[""fundus"", ""pediatric"", ""rop"", ""registration"", ""infant"", ""vessel""]",1.0,Adds infant fundus registration; complements ROP classification datasets.,fundus,"[""fundus""]",image_pairs,"[{""count"": 491, ""evidence_basis"": ""official_source_description"", ""evidence_url"": ""https://doi.org/10.6084/m9.figshare.27061084.v1"", ""exactness"": ""exact"", ""notes"": """", ""primary"": true, ""review_date"": ""2026-08-01"", ""scope"": ""Registered infant fundus pairs"", ""unit"": ""image_pairs""}, {""count"": 982, ""evidence_basis"": ""derived_from_reported_components"", ""evidence_url"": ""https://doi.org/10.6084/m9.figshare.27061084.v1"", ""exactness"": ""exact"", ""notes"": """", ""primary"": false, ""review_date"": ""2026-08-01"", ""scope"": ""Images participating in 491 pairs"", ""unit"": ""images""}, {""count"": 100, ""evidence_basis"": ""official_source_description"", ""evidence_url"": ""https://doi.org/10.6084/m9.figshare.27061084.v1"", ""exactness"": ""exact"", ""notes"": """", ""primary"": false, ""review_date"": ""2026-08-01"", ""scope"": ""Source-described infant eyes"", ""unit"": ""eyes""}]",https://doi.org/10.6084/m9.figshare.27061084.v1,official_repository,https://doi.org/10.6084/m9.figshare.27061084.v1,anonymous_direct,False,False,False,False,False,False,False,False,unknown,available,2026-07-21,author_source_checked,Author-conducted source check; transfer completeness was evaluated separately.,end_to_end_tested,figshare,figshare_loader,0.4.0,True,2026-07-31,complete_current_deposit_downloaded,complete_current_deposit_downloaded,python hub/audit/verify_download_and_load.py run,,CC BY 4.0,https://doi.org/10.6084/m9.figshare.27061084.v1,dataset_files,Review the cited source for component-specific terms.,10.6084/m9.figshare.27061084.v1,,10.6084/m9.figshare.27061084.v1,10.1038/s41597-025-04426-w,,,,https://doi.org/10.6084/m9.figshare.27061084.v1,[],https://doi.org/10.6084/m9.figshare.27061084.v1,https://doi.org/10.6084/m9.figshare.27061084.v1,https://doi.org/10.6084/m9.figshare.27061084.v1,https://doi.org/10.6084/m9.figshare.27061084.v1,True,2026-07-21,checked_against_cited_source,author_source_checked,complete_current_deposit_downloaded,coph100,COph100: Comprehensive Infant Fundus Image Registration Dataset (RIDIRP),cc-by,cc-by
corn1500,CORN-1500: Corneal Nerve Tortuosity Grading,"1,500 in-vivo confocal microscopy images of corneal subbasal nerve plexus, graded for tortuosity (4 levels). Train: 1,200 / Test: 300. 384×384 px, 400×400 µm FOV.",confocal,"[""grading"", ""classification""]",1500,"[""train"", ""test""]","[""Level 1"", ""Level 2"", ""Level 3"", ""Level 4""]",4,"[384, 384]",manual,https://zenodo.org/records/5880419,Restricted — request access from record owner,"Mou et al., 'DeepGrading: Deep Learning Grading of Corneal Nerve Tortuosity', IEEE TMI 2022. DOI: 10.1109/TMI.2022.3156906","[""confocal"", ""cornea"", ""nerve"", ""tortuosity"", ""grading"", ""ivcm""]",0.2,"Access is restricted. Request access at:
  https://zenodo.org/records/5880419
After approval, download and extract to the corn1500/ directory.
The CORN database website: https://imed.nimte.ac.cn/CORN.html",confocal,"[""confocal""]",images,"[{""count"": 1500, ""evidence_basis"": ""legacy_catalog_field"", ""evidence_url"": ""https://zenodo.org/records/5880419"", ""exactness"": ""not_assessed"", ""notes"": """", ""primary"": true, ""review_date"": ""2026-08-01"", ""scope"": ""Primary quantity reported in the reviewed catalog source"", ""unit"": ""images""}]",https://zenodo.org/records/5880419,documented_manual_route,https://zenodo.org/records/5880419,controlled_or_manual,False,False,,False,True,False,,,unknown,available,2026-07-21,author_source_checked,Author-conducted source check; transfer completeness was evaluated separately.,manual_access_blocked,manual,manual_loader,0.4.0,False,,unit_or_mocked_only,not_live_tested,,,Restricted — request access from record owner,https://zenodo.org/records/5880419,unknown,Review the cited source for component-specific terms.,,,,10.1109/tmi.2022.3156906,,,,https://zenodo.org/records/5880419,"[{""target"": ""corn_collection"", ""type"": ""component_of""}]",https://zenodo.org/records/5880419,https://zenodo.org/records/5880419,https://zenodo.org/records/5880419,https://zenodo.org/records/5880419,True,2026-07-21,checked_against_cited_source,author_source_checked,not_live_tested,corn1500,CORN-1500: Corneal Nerve Tortuosity Grading,unknown,unknown
corn_collection,CORN: Corneal Confocal Microscope Dataset Collection,"Combined corneal confocal microscopy collection comprising CORN-1, CORN-2, CORN-3, CORN-1500, CORN-Pro, and CORN-Complex. The subsets support corneal-nerve and cell segmentation, image enhancement, tortuosity grading, and multi-disease analysis.",confocal,"[""segmentation"", ""grading"", ""classification"", ""quality""]",12931,"[""all""]",,,"[384, 384]",manual,https://zenodo.org/records/19689814,Creative Commons Attribution 4.0 International,"iMED. CORN: corneal confocal microscope dataset. Zenodo, Version v2, 2026. doi:10.5281/zenodo.19689814","[""confocal"", ""cornea"", ""corneal_nerve"", ""langerhans_cells"", ""stromal_cells"", ""segmentation"", ""tortuosity"", ""grading"", ""restricted""]",,"The Zenodo record is publicly visible, but its files require a logged-in access request containing the user's name, organization, work, and intended use. EyeDataHub displays those instructions and does not submit the request. This collection includes and overlaps the separately indexed CORN-1500 and CORN-Pro records; its six subsets must not be counted as independent cohorts.",confocal,"[""confocal""]",images,"[{""count"": 12931, ""evidence_basis"": ""derived_from_reported_components"", ""evidence_url"": ""https://zenodo.org/records/19689814"", ""exactness"": ""exact"", ""notes"": ""Includes the separately cataloged CORN1500 and CORN-Pro components and must not be added as an independent cohort total."", ""primary"": true, ""review_date"": ""2026-08-01"", ""scope"": ""Sum of six source-described CORN subsets"", ""unit"": ""images""}]",https://zenodo.org/records/19689814,documented_manual_route,https://zenodo.org/records/19689814,controlled_or_manual,True,True,False,False,True,False,False,False,none_stated,available,2026-07-25,acquisition_route_verified,The dataset-specific Zenodo page and restricted request-access workflow were checked without requesting or transferring files.,manual_access_blocked,manual,manual_access_instructions,0.4.0,False,2026-07-25,preflight_and_manual_blocking,manual_route_blocked_as_intended,eyehub download corn_collection --data-dir <directory> --dry-run --json,,Creative Commons Attribution 4.0 International,https://zenodo.org/records/19689814,dataset_files,Zenodo labels the restricted dataset record CC BY 4.0; access approval remains a separate requirement.,10.5281/zenodo.19689814,,zenodo:19689814,,,,Version v2,https://doi.org/10.5281/zenodo.19689814,"[{""target"": ""corn1500"", ""type"": ""has_component""}, {""target"": ""corn_pro"", ""type"": ""has_component""}]",https://zenodo.org/records/19689814,https://zenodo.org/records/19689814,https://zenodo.org/records/19689814,https://zenodo.org/records/19689814,True,2026-07-25,checked_against_cited_source,acquisition_route_verified,manual_route_not_transferred,corn_collection,CORN: Corneal Confocal Microscope Dataset Collection,cc-by,cc-by
corn_pro,CORN Pro: Corneal Nerve Confocal Microscopy Dataset,"1,120 in-vivo confocal microscopy images with pixel-level annotations for corneal subbasal nerves and corneal cells. The source describes 560 images with nerves and Langerhans cells and 560 images with nerves and/or stromal cells.",confocal,"[""segmentation""]",1120,"[""all""]",,,"[384, 384]",manual,https://zenodo.org/records/14263883,CC BY 4.0,CORN database (https://imed.nimte.ac.cn/CORN.html). Zenodo record 14263883: https://zenodo.org/records/14263883,"[""confocal"", ""cornea"", ""nerve"", ""langerhans_cells"", ""stromal_cells"", ""segmentation"", ""ivcm""]",0.5,"Restricted access. Steps to obtain:
  1. Create a free account at https://zenodo.org
  2. Visit https://zenodo.org/records/14263883
  3. Click 'Request access' with affiliation & purpose
Full CORN database: https://imed.nimte.ac.cn/CORN.html",confocal,"[""confocal""]",images,"[{""count"": 1120, ""evidence_basis"": ""legacy_catalog_field"", ""evidence_url"": ""https://zenodo.org/records/14263883"", ""exactness"": ""not_assessed"", ""notes"": """", ""primary"": true, ""review_date"": ""2026-08-01"", ""scope"": ""Primary quantity reported in the reviewed catalog source"", ""unit"": ""images""}]",https://zenodo.org/records/14263883,documented_manual_route,https://zenodo.org/records/14263883,controlled_or_manual,True,True,,False,True,True,,False,unknown,available,2026-07-21,author_source_checked,Author-conducted source check; transfer completeness was evaluated separately.,manual_access_blocked,manual,manual_loader,0.4.0,False,,unit_or_mocked_only,not_live_tested,,,CC BY 4.0,https://zenodo.org/records/14263883,dataset_files,Review the cited source for component-specific terms.,,,,,,,,https://zenodo.org/records/14263883,"[{""target"": ""corn_collection"", ""type"": ""component_of""}]",https://zenodo.org/records/14263883,https://zenodo.org/records/14263883,https://zenodo.org/records/14263883,https://zenodo.org/records/14263883,True,2026-07-21,checked_against_cited_source,author_source_checked,not_live_tested,corn_pro,CORN Pro: Corneal Nerve Confocal Microscopy Dataset,cc-by,cc-by
corneal_curvature_fundus,Corneal Curvature Prediction Using Fundus Photography,"Fundus photographs grouped for corneal curvature prediction, with 50 images per group.",fundus,"[""classification"", ""regression""]",150,"[""all""]",,,,mendeley,https://data.mendeley.com/datasets/bc2jfr7dv9/1,CC BY 4.0,"Corneal curvature prediction using fundus photography dataset. Mendeley Data, V1, 2022. doi:10.17632/bc2jfr7dv9.1","[""mendeley"", ""fundus"", ""cornea"", ""curvature""]",0.1,,fundus,"[""fundus""]",images,"[{""count"": 150, ""evidence_basis"": ""legacy_catalog_field"", ""evidence_url"": ""https://data.mendeley.com/datasets/bc2jfr7dv9/1"", ""exactness"": ""not_assessed"", ""notes"": """", ""primary"": true, ""review_date"": ""2026-08-01"", ""scope"": ""Primary quantity reported in the reviewed catalog source"", ""unit"": ""images""}]",https://data.mendeley.com/datasets/bc2jfr7dv9/1,official_repository,https://data.mendeley.com/datasets/bc2jfr7dv9/1,anonymous_direct,False,False,False,False,False,False,False,False,unknown,available,2026-07-21,author_source_checked,Author-conducted source check; transfer completeness was evaluated separately.,standard_platform_supported,mendeley,mendeley_loader,0.4.0,False,,unit_or_mocked_only,not_live_tested,,,CC BY 4.0,https://data.mendeley.com/datasets/bc2jfr7dv9/1,dataset_files,Review the cited source for component-specific terms.,10.17632/bc2jfr7dv9.1,,bc2jfr7dv9/1,,,,,https://doi.org/10.17632/bc2jfr7dv9.1,[],https://data.mendeley.com/datasets/bc2jfr7dv9/1,https://data.mendeley.com/datasets/bc2jfr7dv9/1,https://data.mendeley.com/datasets/bc2jfr7dv9/1,https://data.mendeley.com/datasets/bc2jfr7dv9/1,True,2026-07-21,checked_against_cited_source,author_source_checked,not_live_tested,corneal_curvature_fundus,Corneal Curvature Prediction Using Fundus Photography,cc-by,cc-by
corneal_epithelium_confocal,Keratoconus Corneal Epithelium Confocal Fluorescence Dataset,Small corneal confocal fluorescence imaging dataset for keratoconus epithelium analysis.,confocal,"[""classification"", ""segmentation""]",7,"[""all""]",,,,mendeley,https://data.mendeley.com/datasets/n3gky25brh/2,CC BY 4.0,"Keratoconus corneal epithelium confocal fluorescence dataset. Mendeley Data, V2, 2025. doi:10.17632/n3gky25brh.2","[""mendeley"", ""confocal"", ""cornea"", ""keratoconus""]",0.1,,confocal,"[""confocal""]",participants,"[{""count"": 7, ""evidence_basis"": ""official_source_description"", ""evidence_url"": ""https://data.mendeley.com/datasets/n3gky25brh/2"", ""exactness"": ""exact"", ""notes"": """", ""primary"": true, ""review_date"": ""2026-08-01"", ""scope"": ""Keratoconus patients with both-eye measurements"", ""unit"": ""participants""}]",https://data.mendeley.com/datasets/n3gky25brh/2,official_repository,https://data.mendeley.com/datasets/n3gky25brh/2,anonymous_direct,False,False,False,False,False,False,False,False,unknown,available,2026-07-21,author_source_checked,Author-conducted source check; transfer completeness was evaluated separately.,standard_platform_supported,mendeley,mendeley_loader,0.4.0,False,,unit_or_mocked_only,not_live_tested,,,CC BY 4.0,https://data.mendeley.com/datasets/n3gky25brh/2,dataset_files,Review the cited source for component-specific terms.,10.17632/n3gky25brh.2,,n3gky25brh/2,,,,,https://doi.org/10.17632/n3gky25brh.2,[],https://data.mendeley.com/datasets/n3gky25brh/2,https://data.mendeley.com/datasets/n3gky25brh/2,https://data.mendeley.com/datasets/n3gky25brh/2,https://data.mendeley.com/datasets/n3gky25brh/2,True,2026-07-21,checked_against_cited_source,author_source_checked,not_live_tested,corneal_epithelium_confocal,Keratoconus Corneal Epithelium Confocal Fluorescence Dataset,cc-by,cc-by
corneal_parameters_kc,Corneal Parameters Keratoconus Study,"Tabular keratoconus dataset with 77 eye-level rows and 60 variables describing visual acuity, contrast sensitivity, stage, and corneal elevation/shape parameters.",tabular,"[""classification"", ""regression""]",77,"[""all""]",,,,mendeley,https://data.mendeley.com/datasets/3nz4fkwn3y/1,CC BY 4.0,"Luguzis A, Liduma S. corneal-parameters-KC-study_2020-07-03. Mendeley Data, V1, 2020. doi:10.17632/3nz4fkwn3y.1","[""mendeley"", ""tabular"", ""cornea"", ""keratoconus"", ""visual_acuity""]",0.01,,tabular,"[""tabular""]",records,"[{""count"": 77, ""evidence_basis"": ""legacy_catalog_field"", ""evidence_url"": ""https://data.mendeley.com/datasets/3nz4fkwn3y/1"", ""exactness"": ""not_assessed"", ""notes"": """", ""primary"": true, ""review_date"": ""2026-08-01"", ""scope"": ""Primary quantity reported in the reviewed catalog source"", ""unit"": ""records""}]",https://data.mendeley.com/datasets/3nz4fkwn3y/1,official_repository,https://data.mendeley.com/datasets/3nz4fkwn3y/1,anonymous_direct,False,False,False,False,False,False,False,False,unknown,available,2026-07-21,author_source_checked,Author-conducted source check; transfer completeness was evaluated separately.,standard_platform_supported,mendeley,mendeley_loader,0.4.0,False,,unit_or_mocked_only,not_live_tested,,,CC BY 4.0,https://data.mendeley.com/datasets/3nz4fkwn3y/1,dataset_files,Review the cited source for component-specific terms.,10.17632/3nz4fkwn3y.1,,3nz4fkwn3y/1,,,,,https://doi.org/10.17632/3nz4fkwn3y.1,[],https://data.mendeley.com/datasets/3nz4fkwn3y/1,https://data.mendeley.com/datasets/3nz4fkwn3y/1,https://data.mendeley.com/datasets/3nz4fkwn3y/1,https://data.mendeley.com/datasets/3nz4fkwn3y/1,True,2026-07-21,checked_against_cited_source,author_source_checked,not_live_tested,corneal_parameters_kc,Corneal Parameters Keratoconus Study,cc-by,cc-by
corneal_tomography_iol,Multi-Parameter Corneal Tomography Dataset for IOL Selection,Pentacam-derived corneal tomography variables for intraocular-lens and corneal subtype modeling.,tabular,"[""classification"", ""regression""]",61,"[""all""]",,,,mendeley,https://data.mendeley.com/datasets/wddj7bh9p9/1,CC BY 4.0,"Multi-parameter corneal tomography dataset for IOL selection. Mendeley Data, V1, 2025. doi:10.17632/wddj7bh9p9.1","[""mendeley"", ""corneal_topography"", ""iol"", ""tabular""]",0.01,,tabular,"[""tabular""]",eyes,"[{""count"": 61, ""evidence_basis"": ""official_source_description"", ""evidence_url"": ""https://data.mendeley.com/datasets/wddj7bh9p9/1"", ""exactness"": ""exact"", ""notes"": """", ""primary"": true, ""review_date"": ""2026-08-01"", ""scope"": ""One structured row per eye"", ""unit"": ""eyes""}]",https://data.mendeley.com/datasets/wddj7bh9p9/1,official_repository,https://data.mendeley.com/datasets/wddj7bh9p9/1,anonymous_direct,False,False,False,False,False,False,False,False,unknown,available,2026-07-21,author_source_checked,Author-conducted source check; transfer completeness was evaluated separately.,standard_platform_supported,mendeley,mendeley_loader,0.4.0,False,,unit_or_mocked_only,not_live_tested,,,CC BY 4.0,https://data.mendeley.com/datasets/wddj7bh9p9/1,dataset_files,Review the cited source for component-specific terms.,10.17632/wddj7bh9p9.1,,wddj7bh9p9/1,,,,,https://doi.org/10.17632/wddj7bh9p9.1,[],https://data.mendeley.com/datasets/wddj7bh9p9/1,https://data.mendeley.com/datasets/wddj7bh9p9/1,https://data.mendeley.com/datasets/wddj7bh9p9/1,https://data.mendeley.com/datasets/wddj7bh9p9/1,True,2026-07-21,checked_against_cited_source,author_source_checked,not_live_tested,corneal_tomography_iol,Multi-Parameter Corneal Tomography Dataset for IOL Selection,cc-by,cc-by
cornorb,CornOrb: Orbscan Corneal Topography and Clinical Annotations,Orbscan corneal topography maps and structured clinical annotations for keratoconus detection.,corneal_topography,"[""classification""]",1454,"[""all""]",,,,zenodo,https://zenodo.org/records/20542091,CC BY 4.0,"CornOrb: A Multimodal Dataset of Orbscan Corneal Topography and Clinical Annotations for Keratoconus Detection. Zenodo, 2026. doi:10.5281/zenodo.20542091","[""zenodo"", ""cornea"", ""keratoconus"", ""topography"", ""algeria""]",0.68,,corneal_topography,"[""corneal_topography""]",eyes,"[{""count"": 1454, ""evidence_basis"": ""current_deposit_table"", ""evidence_url"": ""https://zenodo.org/records/20542091"", ""exactness"": ""exact"", ""notes"": """", ""primary"": true, ""review_date"": ""2026-08-01"", ""scope"": ""Rows in the current clinical-data table"", ""unit"": ""eyes""}]",https://zenodo.org/records/20542091,official_repository,https://zenodo.org/records/20542091,anonymous_direct,False,False,False,False,False,False,False,False,unknown,available,2026-07-21,author_source_checked,Author-conducted source check; transfer completeness was evaluated separately.,standard_platform_supported,zenodo,zenodo_loader,0.4.0,False,,unit_or_mocked_only,not_live_tested,,,CC BY 4.0,https://zenodo.org/records/20542091,dataset_files,Review the cited source for component-specific terms.,10.5281/zenodo.20542091,,records/20542091,,,,,https://doi.org/10.5281/zenodo.20542091,[],https://zenodo.org/records/20542091,https://zenodo.org/records/20542091,https://zenodo.org/records/20542091,https://zenodo.org/records/20542091,True,2026-07-21,checked_against_cited_source,author_source_checked,not_live_tested,cornorb,CornOrb: Orbscan Corneal Topography and Clinical Annotations,cc-by,cc-by
csc_fundus_segmentation,Central Serous Chorioretinopathy Fundus Segmentation Dataset,"Fundus photographs and segmentation masks for subretinal fluid in central serous chorioretinopathy, with healthy-eye classification controls.",fundus,"[""segmentation"", ""classification""]",287,"[""all""]",,,,mendeley,https://data.mendeley.com/datasets/4k64fwnp4k/5,CC BY 4.0,"Yang HK et al. Data for deep-learning-based segmentation of central serous chorioretinopathy in fundus photographs. Mendeley Data, V5, 2022. doi:10.17632/4k64fwnp4k.5","[""mendeley"", ""fundus"", ""csc"", ""segmentation"", ""tvst""]",0.5,,fundus,"[""fundus""]",images,"[{""count"": 287, ""evidence_basis"": ""legacy_catalog_field"", ""evidence_url"": ""https://data.mendeley.com/datasets/4k64fwnp4k/5"", ""exactness"": ""not_assessed"", ""notes"": """", ""primary"": true, ""review_date"": ""2026-08-01"", ""scope"": ""Primary quantity reported in the reviewed catalog source"", ""unit"": ""images""}]",https://data.mendeley.com/datasets/4k64fwnp4k/5,official_repository,https://data.mendeley.com/datasets/4k64fwnp4k/5,anonymous_direct,False,False,False,False,False,False,False,False,unknown,available,2026-07-21,author_source_checked,Author-conducted source check; transfer completeness was evaluated separately.,standard_platform_supported,mendeley,mendeley_loader,0.4.0,False,,unit_or_mocked_only,not_live_tested,,,CC BY 4.0,https://data.mendeley.com/datasets/4k64fwnp4k/5,dataset_files,Review the cited source for component-specific terms.,10.17632/4k64fwnp4k.5,,4k64fwnp4k/5,,,,,https://doi.org/10.17632/4k64fwnp4k.5,[],https://data.mendeley.com/datasets/4k64fwnp4k/5,https://data.mendeley.com/datasets/4k64fwnp4k/5,https://data.mendeley.com/datasets/4k64fwnp4k/5,https://data.mendeley.com/datasets/4k64fwnp4k/5,True,2026-07-21,checked_against_cited_source,author_source_checked,not_live_tested,csc_fundus_segmentation,Central Serous Chorioretinopathy Fundus Segmentation Dataset,cc-by,cc-by
csdi,CSDI: Cataract Severity Diagnostic Image Dataset,187 cataract cases with color fundus images and paired professional cataract-grading diagnostic reports. Designed for medical multimodal-LLM evaluation.,fundus,"[""grading"", ""classification""]",187,"[""all""]",,,,huggingface,https://huggingface.co/datasets/RainyNight/CSDI,CC BY 4.0,Scientific Data 2026. doi:10.1038/s41597-026-06684-8,"[""fundus"", ""cataract"", ""severity"", ""report_generation"", ""mllm""]",1.0,First public fundus dataset with paired professional cataract reports. Canonical Hugging Face repository: RainyNight/CSDI.,fundus,"[""fundus"", ""text""]",images,"[{""count"": 187, ""evidence_basis"": ""legacy_catalog_field"", ""evidence_url"": ""https://huggingface.co/datasets/RainyNight/CSDI"", ""exactness"": ""not_assessed"", ""notes"": """", ""primary"": true, ""review_date"": ""2026-08-01"", ""scope"": ""Primary quantity reported in the reviewed catalog source"", ""unit"": ""images""}]",https://huggingface.co/datasets/RainyNight/CSDI,data_platform,https://huggingface.co/datasets/RainyNight/CSDI,anonymous_direct,False,False,False,False,False,False,False,False,unknown,available,2026-07-21,author_source_checked,Author-conducted source check; transfer completeness was evaluated separately.,standard_platform_supported,huggingface,huggingface_loader,0.4.0,False,,unit_or_mocked_only,not_live_tested,,,CC BY 4.0,https://huggingface.co/datasets/RainyNight/CSDI,dataset_files,Review the cited source for component-specific terms.,,,RainyNight/CSDI,10.1038/s41597-026-06684-8,,,,https://huggingface.co/datasets/RainyNight/CSDI,[],https://huggingface.co/datasets/RainyNight/CSDI,https://huggingface.co/datasets/RainyNight/CSDI,https://huggingface.co/datasets/RainyNight/CSDI,https://huggingface.co/datasets/RainyNight/CSDI,True,2026-07-21,checked_against_cited_source,author_source_checked,not_live_tested,csdi,CSDI: Cataract Severity Diagnostic Image Dataset,cc-by,cc-by
data_oct_fundus_glaucoma,Data on OCT and Fundus Images,Fifty OCT and fundus images with healthy/glaucomatous labels and cup-to-disc ratio annotations by ophthalmologists.,multimodal,"[""classification"", ""grading""]",50,"[""all""]",,,,mendeley,https://data.mendeley.com/datasets/2rnnz5nz74/2,CC BY 4.0,"Raja H, Akram MU, Ramzan A, Khalil T, Nazid N. Data on OCT and Fundus Images. Mendeley Data, V2, 2020. doi:10.17632/2rnnz5nz74.2","[""mendeley"", ""glaucoma"", ""oct"", ""fundus"", ""cdr""]",0.1,,multimodal,"[""fundus"", ""oct""]",images,"[{""count"": 50, ""evidence_basis"": ""legacy_catalog_field"", ""evidence_url"": ""https://data.mendeley.com/datasets/2rnnz5nz74/2"", ""exactness"": ""not_assessed"", ""notes"": """", ""primary"": true, ""review_date"": ""2026-08-01"", ""scope"": ""Primary quantity reported in the reviewed catalog source"", ""unit"": ""images""}]",https://data.mendeley.com/datasets/2rnnz5nz74/2,official_repository,https://data.mendeley.com/datasets/2rnnz5nz74/2,anonymous_direct,False,False,False,False,False,False,False,False,unknown,available,2026-07-21,author_source_checked,Author-conducted source check; transfer completeness was evaluated separately.,standard_platform_supported,mendeley,mendeley_loader,0.4.0,False,,unit_or_mocked_only,not_live_tested,,,CC BY 4.0,https://data.mendeley.com/datasets/2rnnz5nz74/2,dataset_files,Review the cited source for component-specific terms.,10.17632/2rnnz5nz74.2,,2rnnz5nz74/2,,,,,https://doi.org/10.17632/2rnnz5nz74.2,[],https://data.mendeley.com/datasets/2rnnz5nz74/2,https://data.mendeley.com/datasets/2rnnz5nz74/2,https://data.mendeley.com/datasets/2rnnz5nz74/2,https://data.mendeley.com/datasets/2rnnz5nz74/2,True,2026-07-21,checked_against_cited_source,author_source_checked,not_live_tested,data_oct_fundus_glaucoma,Data on OCT and Fundus Images,cc-by,cc-by
ddr,DDR: Diabetic Retinopathy Detection & Grading,12522 fundus images with DR grading (0-5) and lesion-level segmentation annotations.,fundus,"[""grading"", ""classification""]",12522,"[""train"", ""valid"", ""test""]","[""No DR"", ""Mild"", ""Moderate"", ""Severe"", ""Proliferative"", ""Ungradable""]",6,,gdrive,https://drive.google.com/drive/folders/1z6tSFmxW_aNayUqVxx6h6bY4kwGzUTEC,MIT,"Li et al., 'Diagnostic Assessment of Deep Learning Algorithms for Diabetic Retinopathy Screening', Information Sciences 2019. Data: https://github.com/nkicsl/DDR-dataset — GDrive: https://drive.google.com/drive/folders/1z6tSFmxW_aNayUqVxx6h6bY4kwGzUTEC","[""diabetic_retinopathy"", ""grading"", ""fundus""]",4.0,,fundus,"[""fundus""]",images,"[{""count"": 12522, ""evidence_basis"": ""legacy_catalog_field"", ""evidence_url"": ""https://drive.google.com/drive/folders/1z6tSFmxW_aNayUqVxx6h6bY4kwGzUTEC"", ""exactness"": ""not_assessed"", ""notes"": """", ""primary"": true, ""review_date"": ""2026-08-01"", ""scope"": ""Primary quantity reported in the reviewed catalog source"", ""unit"": ""images""}]",https://drive.google.com/drive/folders/1z6tSFmxW_aNayUqVxx6h6bY4kwGzUTEC,cloud_file_share,https://drive.google.com/drive/folders/1z6tSFmxW_aNayUqVxx6h6bY4kwGzUTEC,anonymous_direct,False,False,False,False,False,False,False,False,unknown,available,2026-07-21,author_source_checked,Author-conducted source check; transfer completeness was evaluated separately.,loader_implemented_not_live_tested,gdrive,gdrive_loader,0.4.0,False,,unit_or_mocked_only,not_live_tested,,,MIT,https://drive.google.com/drive/folders/1z6tSFmxW_aNayUqVxx6h6bY4kwGzUTEC,unknown,Review the cited source for component-specific terms.,,,,,,,,https://drive.google.com/drive/folders/1z6tSFmxW_aNayUqVxx6h6bY4kwGzUTEC,[],https://drive.google.com/drive/folders/1z6tSFmxW_aNayUqVxx6h6bY4kwGzUTEC,https://drive.google.com/drive/folders/1z6tSFmxW_aNayUqVxx6h6bY4kwGzUTEC,https://drive.google.com/drive/folders/1z6tSFmxW_aNayUqVxx6h6bY4kwGzUTEC,https://drive.google.com/drive/folders/1z6tSFmxW_aNayUqVxx6h6bY4kwGzUTEC,True,2026-07-21,checked_against_cited_source,author_source_checked,not_live_tested,ddr,DDR: Diabetic Retinopathy Detection & Grading,mit,mit
deepdrid,DeepDRiD: Diabetic Retinopathy Grading and Image Quality Dataset,"2,000 regular fundus images (500 patients × 2 fields × 2 eyes) plus 256 ultra-widefield fundus images labeled for DR severity (ICDR grades 0-4) and image quality assessment (gradable/ungradable). From the DeepDRiD challenge (MICCAI 2020 / ISBI 2020).",fundus,"[""grading"", ""classification"", ""quality""]",2256,"[""train"", ""val"", ""test""]","[""No DR"", ""Mild NPDR"", ""Moderate NPDR"", ""Severe NPDR"", ""Proliferative DR""]",5,,zenodo,https://zenodo.org/records/8248825,CC BY-SA 4.0,"Liu R et al., 'DeepDRiD: Diabetic Retinopathy—Grading and Image Quality Estimation Challenge', Patterns 2022. Zenodo: https://zenodo.org/records/8248825","[""dr"", ""fundus"", ""uwf"", ""zenodo"", ""grading"", ""quality""]",3.0,Contains both regular fundus (2000 images in dual-field pairs) and ultra-widefield fundus (256 images). Labels CSV includes DR grade (0-4) and quality score.,fundus,"[""fundus"", ""uwf_fundus""]",images,"[{""count"": 2256, ""evidence_basis"": ""legacy_catalog_field"", ""evidence_url"": ""https://zenodo.org/records/8248825"", ""exactness"": ""not_assessed"", ""notes"": """", ""primary"": true, ""review_date"": ""2026-08-01"", ""scope"": ""Primary quantity reported in the reviewed catalog source"", ""unit"": ""images""}]",https://zenodo.org/records/8248825,official_repository,https://zenodo.org/records/8248825,anonymous_direct,False,False,False,False,False,False,False,False,unknown,available,2026-07-21,author_source_checked,Author-conducted source check; transfer completeness was evaluated separately.,standard_platform_supported,zenodo,zenodo_loader,0.4.0,False,,unit_or_mocked_only,not_live_tested,,,CC BY-SA 4.0,https://zenodo.org/records/8248825,dataset_files,Review the cited source for component-specific terms.,,,records/8248825,,,,,https://zenodo.org/records/8248825,[],https://zenodo.org/records/8248825,https://zenodo.org/records/8248825,https://zenodo.org/records/8248825,https://zenodo.org/records/8248825,True,2026-07-21,checked_against_cited_source,author_source_checked,not_live_tested,deepdrid,DeepDRiD: Diabetic Retinopathy Grading and Image Quality Dataset,cc-by-sa,cc-by-sa
deepeyenet,DeepEyeNet (DEN): Fundus Report Generation Dataset,"15,709 fundus images with paired medical reports and extracted keywords. Only public fundus report-generation dataset — useful for VLM / captioning evaluation.",fundus,"[""classification"", ""multilabel""]",15709,"[""train"", ""val"", ""test""]",,,,manual,https://github.com/Jhhuangkay/DeepOpht-Medical-Report-Generation-for-Retinal-Images-via-Deep-Models-and-Visual-Explanation,Research only (NDA via email request),"Huang et al., 'DeepOpht: Medical Report Generation for Retinal Images via Deep Models and Visual Explanation', WACV 2021.","[""fundus"", ""report_generation"", ""vlm"", ""captioning""]",5.0,NDA gated — email deepeyenet.den@gmail.com to request. No automated mirror exists.,fundus,"[""fundus"", ""text""]",images,"[{""count"": 15709, ""evidence_basis"": ""legacy_catalog_field"", ""evidence_url"": ""https://github.com/Jhhuangkay/DeepOpht-Medical-Report-Generation-for-Retinal-Images-via-Deep-Models-and-Visual-Explanation"", ""exactness"": ""not_assessed"", ""notes"": """", ""primary"": true, ""review_date"": ""2026-08-01"", ""scope"": ""Primary quantity reported in the reviewed catalog source"", ""unit"": ""images""}]",https://github.com/Jhhuangkay/DeepOpht-Medical-Report-Generation-for-Retinal-Images-via-Deep-Models-and-Visual-Explanation,documented_manual_route,https://github.com/Jhhuangkay/DeepOpht-Medical-Report-Generation-for-Retinal-Images-via-Deep-Models-and-Visual-Explanation,author_contact,False,False,,False,,False,True,,unknown,available,2026-07-21,author_source_checked,Author-conducted source check; transfer completeness was evaluated separately.,manual_access_blocked,manual,manual_loader,0.4.0,False,,unit_or_mocked_only,not_live_tested,,,Research only (NDA via email request),https://github.com/Jhhuangkay/DeepOpht-Medical-Report-Generation-for-Retinal-Images-via-Deep-Models-and-Visual-Explanation,dataset_files,Review the cited source for component-specific terms.,,,,,,,,https://github.com/Jhhuangkay/DeepOpht-Medical-Report-Generation-for-Retinal-Images-via-Deep-Models-and-Visual-Explanation,[],https://github.com/Jhhuangkay/DeepOpht-Medical-Report-Generation-for-Retinal-Images-via-Deep-Models-and-Visual-Explanation,https://github.com/Jhhuangkay/DeepOpht-Medical-Report-Generation-for-Retinal-Images-via-Deep-Models-and-Visual-Explanation,https://github.com/Jhhuangkay/DeepOpht-Medical-Report-Generation-for-Retinal-Images-via-Deep-Models-and-Visual-Explanation,https://github.com/Jhhuangkay/DeepOpht-Medical-Report-Generation-for-Retinal-Images-via-Deep-Models-and-Visual-Explanation,True,2026-07-21,checked_against_cited_source,author_source_checked,not_live_tested,deepeyenet,DeepEyeNet (DEN): Fundus Report Generation Dataset,research-only,research-only
dme_vqa,Diabetic Macular Edema Visual Question Answering Dataset,Fundus-image VQA dataset for diabetic macular edema derived from IDRiD and e-ophtha.,multimodal,"[""visual_question_answering"", ""classification""]",13470,"[""all""]",,,,zenodo,https://zenodo.org/records/6784358,CC BY 4.0,"Diabetic Macular Edema Visual Question Answering Dataset. Zenodo, 2022. doi:10.5281/zenodo.6784358","[""zenodo"", ""vqa"", ""dme"", ""idrid"", ""e_ophtha"", ""derivative""]",0.1,Derivative VQA layer built from existing fundus datasets.,multimodal,"[""fundus"", ""text""]",question_answer_pairs,"[{""count"": 13470, ""evidence_basis"": ""derived_from_reported_components"", ""evidence_url"": ""https://zenodo.org/records/6784358"", ""exactness"": ""exact"", ""notes"": """", ""primary"": true, ""review_date"": ""2026-08-01"", ""scope"": ""Train, validation, and test QA pairs"", ""unit"": ""question_answer_pairs""}, {""count"": 679, ""evidence_basis"": ""derived_from_reported_components"", ""evidence_url"": ""https://zenodo.org/records/6784358"", ""exactness"": ""exact"", ""notes"": """", ""primary"": false, ""review_date"": ""2026-08-01"", ""scope"": ""Train, validation, and test images"", ""unit"": ""images""}]",https://zenodo.org/records/6784358,official_repository,https://zenodo.org/records/6784358,anonymous_direct,False,False,False,False,False,False,False,False,unknown,available,2026-07-21,author_source_checked,Author-conducted source check; transfer completeness was evaluated separately.,standard_platform_supported,zenodo,zenodo_loader,0.4.0,False,,unit_or_mocked_only,not_live_tested,,,CC BY 4.0,https://zenodo.org/records/6784358,dataset_files,Review the cited source for component-specific terms.,10.5281/zenodo.6784358,,records/6784358,,,,,https://doi.org/10.5281/zenodo.6784358,"[{""target"": ""e_ophtha"", ""type"": ""derived_from""}, {""target"": ""idrid"", ""type"": ""derived_from""}]",https://zenodo.org/records/6784358,https://zenodo.org/records/6784358,https://zenodo.org/records/6784358,https://zenodo.org/records/6784358,True,2026-07-21,checked_against_cited_source,author_source_checked,not_live_tested,dme_vqa,Diabetic Macular Edema Visual Question Answering Dataset,cc-by,cc-by
dme_vqa_logical,DME VQA Dataset with Logical Relations,Extension of the DME VQA dataset with logical-relation consistency annotations.,multimodal,"[""visual_question_answering""]",13470,"[""all""]",,,,zenodo,https://zenodo.org/records/7777849,CC BY 4.0,"DME VQA dataset with logical relations. Zenodo, 2023. doi:10.5281/zenodo.7777849","[""zenodo"", ""vqa"", ""dme"", ""logical_relations"", ""derivative""]",0.1,Derivative extension of DME VQA; not an independent image cohort.,multimodal,"[""fundus"", ""text""]",question_answer_pairs,"[{""count"": 13470, ""evidence_basis"": ""official_source_description"", ""evidence_url"": ""https://zenodo.org/records/7777849"", ""exactness"": ""exact"", ""notes"": ""The source states that this is the same DME VQA dataset with logical relations added."", ""primary"": true, ""review_date"": ""2026-08-01"", ""scope"": ""DME VQA pairs with added logical relations"", ""unit"": ""question_answer_pairs""}, {""count"": 679, ""evidence_basis"": ""official_source_description"", ""evidence_url"": ""https://zenodo.org/records/7777849"", ""exactness"": ""exact"", ""notes"": ""These images overlap completely with dme_vqa."", ""primary"": false, ""review_date"": ""2026-08-01"", ""scope"": ""Parent DME VQA images reused by this extension"", ""unit"": ""images""}]",https://zenodo.org/records/7777849,official_repository,https://zenodo.org/records/7777849,anonymous_direct,False,False,False,False,False,False,False,False,unknown,available,2026-07-21,author_source_checked,Author-conducted source check; transfer completeness was evaluated separately.,standard_platform_supported,zenodo,zenodo_loader,0.4.0,False,,unit_or_mocked_only,not_live_tested,,,CC BY 4.0,https://zenodo.org/records/7777849,dataset_files,Review the cited source for component-specific terms.,10.5281/zenodo.7777849,,records/7777849,,,,,https://doi.org/10.5281/zenodo.7777849,"[{""target"": ""dme_vqa"", ""type"": ""extension_of""}]",https://zenodo.org/records/7777849,https://zenodo.org/records/7777849,https://zenodo.org/records/7777849,https://zenodo.org/records/7777849,True,2026-07-21,checked_against_cited_source,author_source_checked,not_live_tested,dme_vqa_logical,DME VQA Dataset with Logical Relations,cc-by,cc-by
dr_arranged,Diabetic Retinopathy Arranged Dataset (Tianchi 93926),"35,126 fundus images organised for 5-class DR severity grading (ICDR grades 0-4): No DR 25,810 / Mild 2,443 / Moderate 5,292 / Severe 873 / Proliferative 708. Hosted on Alibaba Tianchi.",fundus,"[""grading"", ""classification""]",35126,"[""train"", ""test""]","[""No DR"", ""Mild DR"", ""Moderate DR"", ""Severe DR"", ""Proliferative DR""]",5,,manual,https://tianchi.aliyun.com/dataset/93926,CC BY-NC-SA 4.0,"Diabetic Retinopathy Arranged Dataset. Tianchi Open Datasets, dataset ID 93926. https://tianchi.aliyun.com/dataset/93926","[""dr"", ""fundus"", ""manual"", ""grading"", ""eyepacs_training_split""]",8.0,"OVERLAP: This is the EyePACS Kaggle 2015 competition TRAIN split (35,126 images) mirrored on Tianchi. Same content as `bidr` (Kaggle mirror) and a strict subset of `eyepacs` (full 88,702). Kept for users who specifically reference the Tianchi 93926 mirror.
Requires free registration at https://tianchi.aliyun.com. Log in → Datasets → 93926 → Download.",fundus,"[""fundus""]",images,"[{""count"": 35126, ""evidence_basis"": ""legacy_catalog_field"", ""evidence_url"": ""https://tianchi.aliyun.com/dataset/93926"", ""exactness"": ""not_assessed"", ""notes"": """", ""primary"": true, ""review_date"": ""2026-08-01"", ""scope"": ""Primary quantity reported in the reviewed catalog source"", ""unit"": ""images""}]",https://tianchi.aliyun.com/dataset/93926,documented_manual_route,https://tianchi.aliyun.com/dataset/93926,self_service_authenticated,True,True,,False,False,False,False,False,unknown,available,2026-07-21,author_source_checked,Author-conducted source check; transfer completeness was evaluated separately.,guided_instructions_only,manual,manual_loader,0.4.0,False,,unit_or_mocked_only,not_live_tested,,,CC BY-NC-SA 4.0,https://tianchi.aliyun.com/dataset/93926,dataset_files,Review the cited source for component-specific terms.,,,,,,,,https://tianchi.aliyun.com/dataset/93926,"[{""target"": ""bidr"", ""type"": ""mirror_of""}, {""target"": ""eyepacs"", ""type"": ""subset_of""}]",https://tianchi.aliyun.com/dataset/93926,https://tianchi.aliyun.com/dataset/93926,https://tianchi.aliyun.com/dataset/93926,https://tianchi.aliyun.com/dataset/93926,True,2026-07-21,checked_against_cited_source,author_source_checked,not_live_tested,dr_arranged,Diabetic Retinopathy Arranged Dataset (Tianchi 93926),cc-by-nc-sa,cc-by-nc-sa
drac22,DRAC 2022: Diabetic Retinopathy Analysis Challenge,"174 OCTA images for DR lesion segmentation (IRMA, NPA, NV), image quality assessment, and DR grading (3-class).",octa,"[""segmentation"", ""classification"", ""grading""]",174,"[""train"", ""test""]","[""No DR"", ""Non-proliferative DR"", ""Proliferative DR""]",3,,zenodo,https://zenodo.org/records/10280359,CC BY 4.0,"Qin et al., 'DRAC: Diabetic Retinopathy Analysis Challenge with Ultra-Wide Optical Coherence Tomography Angiography Images', Medical Image Analysis 2024.","[""octa"", ""dr"", ""segmentation"", ""classification""]",0.3,Available from Grand Challenge after free registration.,octa,"[""octa""]",images,"[{""count"": 174, ""evidence_basis"": ""legacy_catalog_field"", ""evidence_url"": ""https://zenodo.org/records/10280359"", ""exactness"": ""not_assessed"", ""notes"": """", ""primary"": true, ""review_date"": ""2026-08-01"", ""scope"": ""Primary quantity reported in the reviewed catalog source"", ""unit"": ""images""}]",https://zenodo.org/records/10280359,official_repository,https://zenodo.org/records/10280359,self_service_authenticated,True,True,,False,False,False,False,False,unknown,available,2026-07-21,author_source_checked,Author-conducted source check; transfer completeness was evaluated separately.,standard_platform_supported,zenodo,zenodo_loader,0.4.0,False,,unit_or_mocked_only,not_live_tested,,,CC BY 4.0,https://zenodo.org/records/10280359,dataset_files,Review the cited source for component-specific terms.,,,records/10280359,,,,,https://zenodo.org/records/10280359,[],https://zenodo.org/records/10280359,https://zenodo.org/records/10280359,https://zenodo.org/records/10280359,https://zenodo.org/records/10280359,True,2026-07-21,checked_against_cited_source,author_source_checked,not_live_tested,drac22,DRAC 2022: Diabetic Retinopathy Analysis Challenge,cc-by,cc-by
dridb,DRiDB: Diabetic Retinopathy Image Database,"Fifty color fundus images with expert markings of diabetic retinopathy lesions, blood vessels, optic disc, and macula.",fundus,"[""segmentation"", ""lesion_detection"", ""classification""]",50,"[""all""]",,,,manual,https://ipg.fer.hr/ipg/resources/image_database,"Research only: free for research and educational purposes; copying, redistribution, and unauthorized commercial use prohibited","Prentasic P, Loncaric S, Vatavuk Z, et al. Diabetic retinopathy image database (DRiDB): A new database for diabetic retinopathy screening programs research. ISPA. 2013:704-709. doi:10.1109/ISPA.2013.6703830","[""fundus"", ""diabetic_retinopathy"", ""lesions"", ""segmentation""]",,Access is requested by email from the official University of Zagreb page. The page requires citation of the listed paper when results use the dataset.,fundus,"[""fundus""]",images,"[{""count"": 50, ""evidence_basis"": ""legacy_catalog_field"", ""evidence_url"": ""https://ipg.fer.hr/ipg/resources/image_database"", ""exactness"": ""not_assessed"", ""notes"": """", ""primary"": true, ""review_date"": ""2026-08-01"", ""scope"": ""Primary quantity reported in the reviewed catalog source"", ""unit"": ""images""}]",https://ipg.fer.hr/ipg/resources/image_database,documented_manual_route,https://ipg.fer.hr/ipg/resources/image_database,author_contact,False,False,,False,,False,True,,unknown,available,2026-07-21,author_source_checked,Author-conducted source check; transfer completeness was evaluated separately.,manual_access_blocked,manual,manual_loader,0.4.0,False,,unit_or_mocked_only,not_live_tested,,,"Research only: free for research and educational purposes; copying, redistribution, and unauthorized commercial use prohibited",https://ipg.fer.hr/ipg/resources/image_database,dataset_files,Review the cited source for component-specific terms.,,,,10.1109/ispa.2013.6703830,,,,https://ipg.fer.hr/ipg/resources/image_database,[],https://ipg.fer.hr/ipg/resources/image_database,https://ipg.fer.hr/ipg/resources/image_database,https://ipg.fer.hr/ipg/resources/image_database,https://ipg.fer.hr/ipg/resources/image_database,True,2026-07-21,checked_against_cited_source,author_source_checked,not_live_tested,dridb,DRiDB: Diabetic Retinopathy Image Database,research-only,research-only
drions_db,DRIONS-DB: Digital Retinal Images for Optic Nerve Segmentation,110 color fundus images with optic-disc contour annotations by two experts. Foundational OD-segmentation dataset.,fundus,"[""segmentation""]",110,"[""all""]","[""background"", ""optic_disc""]",2,,direct,https://www.ia.uned.es/~ejcarmona/DRIONS-DB.html,Research only (UNED public release),"Carmona et al., 'Identification of the Optic Nerve Head with Genetic Algorithms', Artificial Intelligence in Medicine 2008.","[""fundus"", ""optic_disc"", ""segmentation"", ""classical""]",0.2,UNED host serves an expired SSL certificate as of 2026-07. EyeDataHub falls back to an unverified HTTPS request; set PYTHONHTTPSVERIFY=0 in your environment if requests still fails cert validation. Distributed as .rar — needs `unrar` (Linux: `apt install unrar`; macOS: `brew install rar`; Windows: 7-Zip).,fundus,"[""fundus""]",images,"[{""count"": 110, ""evidence_basis"": ""legacy_catalog_field"", ""evidence_url"": ""https://www.ia.uned.es/~ejcarmona/DRIONS-DB.html"", ""exactness"": ""not_assessed"", ""notes"": """", ""primary"": true, ""review_date"": ""2026-08-01"", ""scope"": ""Primary quantity reported in the reviewed catalog source"", ""unit"": ""images""}]",https://www.ia.uned.es/~ejcarmona/DRIONS-DB.html,official_direct,https://www.ia.uned.es/~ejcarmona/DRIONS-DB.html,anonymous_direct,False,False,False,False,False,False,False,False,unknown,available,2026-07-21,author_source_checked,Author-conducted source check; transfer completeness was evaluated separately.,end_to_end_tested,direct,direct_loader,0.4.0,True,2026-07-31,complete_current_deposit_downloaded,complete_current_deposit_downloaded,python hub/audit/verify_download_and_load.py run,,Research only (UNED public release),https://www.ia.uned.es/~ejcarmona/DRIONS-DB.html,dataset_files,Review the cited source for component-specific terms.,,,,,,,,https://www.ia.uned.es/~ejcarmona/DRIONS-DB.html,[],https://www.ia.uned.es/~ejcarmona/DRIONS-DB.html,https://www.ia.uned.es/~ejcarmona/DRIONS-DB.html,https://www.ia.uned.es/~ejcarmona/DRIONS-DB.html,https://www.ia.uned.es/~ejcarmona/DRIONS-DB.html,True,2026-07-21,checked_against_cited_source,author_source_checked,complete_current_deposit_downloaded,drions_db,DRIONS-DB: Digital Retinal Images for Optic Nerve Segmentation,research-only,research-only
drishti_gs,DRISHTI-GS: Optic Disc and Cup Segmentation,101 fundus images annotated for optic disc and cup segmentation by 4 clinicians. Train/test: 50/51.,fundus,"[""segmentation""]",101,"[""train"", ""test""]",,,"[2896, 1944]",kaggle,https://www.kaggle.com/datasets/lokeshsaipureddi/drishtigs-retina-dataset-for-onh-segmentation,Research only,"Sivaswamy et al., 'Drishti-GS: Retinal image dataset for optic nerve head (ONH) segmentation', ISBI 2014.","[""glaucoma"", ""segmentation"", ""optic_disc"", ""fundus""]",0.8,,fundus,"[""fundus""]",images,"[{""count"": 101, ""evidence_basis"": ""legacy_catalog_field"", ""evidence_url"": ""https://www.kaggle.com/datasets/lokeshsaipureddi/drishtigs-retina-dataset-for-onh-segmentation"", ""exactness"": ""not_assessed"", ""notes"": """", ""primary"": true, ""review_date"": ""2026-08-01"", ""scope"": ""Primary quantity reported in the reviewed catalog source"", ""unit"": ""images""}]",https://www.kaggle.com/datasets/lokeshsaipureddi/drishtigs-retina-dataset-for-onh-segmentation,data_platform,https://www.kaggle.com/datasets/lokeshsaipureddi/drishtigs-retina-dataset-for-onh-segmentation,self_service_authenticated,True,True,True,False,False,False,False,False,unknown,available,2026-07-21,author_source_checked,Author-conducted source check; transfer completeness was evaluated separately.,standard_platform_supported,kaggle,kaggle_loader,0.4.0,False,,unit_or_mocked_only,not_live_tested,,,Research only,https://www.kaggle.com/datasets/lokeshsaipureddi/drishtigs-retina-dataset-for-onh-segmentation,dataset_files,Review the cited source for component-specific terms.,,,lokeshsaipureddi/drishtigs-retina-dataset-for-onh-segmentation,,,,,https://www.kaggle.com/datasets/lokeshsaipureddi/drishtigs-retina-dataset-for-onh-segmentation,[],https://www.kaggle.com/datasets/lokeshsaipureddi/drishtigs-retina-dataset-for-onh-segmentation,https://www.kaggle.com/datasets/lokeshsaipureddi/drishtigs-retina-dataset-for-onh-segmentation,https://www.kaggle.com/datasets/lokeshsaipureddi/drishtigs-retina-dataset-for-onh-segmentation,https://www.kaggle.com/datasets/lokeshsaipureddi/drishtigs-retina-dataset-for-onh-segmentation,True,2026-07-21,checked_against_cited_source,author_source_checked,not_live_tested,drishti_gs,DRISHTI-GS: Optic Disc and Cup Segmentation,research-only,research-only
drive,DRIVE: Digital Retinal Images for Vessel Extraction,"Forty color fundus photographs from a diabetic retinopathy screening program, divided into 20 training and 20 test images, with vessel reference annotations and field of view masks.",fundus,"[""segmentation""]",40,"[""train"", ""test""]","[""background"", ""vessel""]",2,,manual,https://drive.grand-challenge.org/DRIVE/,Unknown; no named dataset license on the official page,"Staal J, Abramoff MD, Niemeijer M, Viergever MA, van Ginneken B. Ridge-based vessel segmentation in color images of the retina. IEEE Trans Med Imaging. 2004;23:501-509. doi:10.1109/TMI.2004.825627","[""fundus"", ""vessels"", ""segmentation"", ""grand_challenge""]",,"The official page reports 768 by 584 pixel images, one manual vessel segmentation for each training image, and hidden test references used by the evaluation server. Verify reuse terms with the source before redistribution.",fundus,"[""fundus""]",images,"[{""count"": 40, ""evidence_basis"": ""legacy_catalog_field"", ""evidence_url"": ""https://drive.grand-challenge.org/DRIVE/"", ""exactness"": ""not_assessed"", ""notes"": """", ""primary"": true, ""review_date"": ""2026-08-01"", ""scope"": ""Primary quantity reported in the reviewed catalog source"", ""unit"": ""images""}]",https://drive.grand-challenge.org/DRIVE/,challenge_platform,https://drive.grand-challenge.org/DRIVE/,self_service_authenticated,True,True,False,False,False,False,False,False,unknown,available,2026-07-21,acquisition_route_verified,Author-conducted source check; transfer completeness was evaluated separately.,guided_instructions_only,manual,manual_loader,0.4.0,False,,unit_or_mocked_only,not_live_tested,,,Unknown; no named dataset license on the official page,https://drive.grand-challenge.org/DRIVE/,unknown,Review the cited source for component-specific terms.,,,,10.1109/tmi.2004.825627,,DRIVE,,https://drive.grand-challenge.org/DRIVE/,[],https://drive.grand-challenge.org/DRIVE/,https://drive.grand-challenge.org/DRIVE/,https://drive.grand-challenge.org/DRIVE/,https://drive.grand-challenge.org/DRIVE/,True,2026-07-21,checked_against_cited_source,acquisition_route_verified,not_live_tested,drive,DRIVE: Digital Retinal Images for Vessel Extraction,unknown,unknown
drtid,DRTiD: Diabetic Retinopathy Two-field Image Dataset,"3,100 paired two-field fundus images with DR grading labels. Only public two-field paired DR benchmark.",fundus,"[""grading"", ""classification""]",3100,"[""train"", ""test""]",,5,,manual,https://github.com/FDU-VTS/DRTiD,Research only (application form),"Hou et al., 'Cross-Field Transformer for Diabetic Retinopathy Grading on Two-field Fundus Images', IEEE BIBM 2022. arXiv:2211.14552","[""fundus"", ""dr"", ""two_field"", ""paired"", ""grading""]",3.0,Wenjuanxing application form — no auto path.,fundus,"[""fundus""]",images,"[{""count"": 3100, ""evidence_basis"": ""legacy_catalog_field"", ""evidence_url"": ""https://github.com/FDU-VTS/DRTiD"", ""exactness"": ""not_assessed"", ""notes"": """", ""primary"": true, ""review_date"": ""2026-08-01"", ""scope"": ""Primary quantity reported in the reviewed catalog source"", ""unit"": ""images""}]",https://github.com/FDU-VTS/DRTiD,documented_manual_route,https://github.com/FDU-VTS/DRTiD,controlled_or_manual,False,False,,False,True,False,,,unknown,available,2026-07-21,author_source_checked,Author-conducted source check; transfer completeness was evaluated separately.,manual_access_blocked,manual,manual_loader,0.4.0,False,,unit_or_mocked_only,not_live_tested,,,Research only (application form),https://github.com/FDU-VTS/DRTiD,dataset_files,Review the cited source for component-specific terms.,,,,,,,,https://github.com/FDU-VTS/DRTiD,[],https://github.com/FDU-VTS/DRTiD,https://github.com/FDU-VTS/DRTiD,https://github.com/FDU-VTS/DRTiD,https://github.com/FDU-VTS/DRTiD,True,2026-07-21,checked_against_cited_source,author_source_checked,not_live_tested,drtid,DRTiD: Diabetic Retinopathy Two-field Image Dataset,research-only,research-only
dryad_5xfad_retina_dlgn,5xFAD Retina and dLGN Disease-Model Dataset,"Workbook data characterize retinal and dLGN effects of amyloid pathology in the 5xFAD mouse model using electrophysiology, imaging, and histology.",multimodal,"[""measurement""]",,"[""all""]",,,,dryad,https://doi.org/10.5061/dryad.dbrv15fbk,CC0 1.0,"McCool, Shaylah, and Van Hook, Matthew. Influence of amyloid pathology on retina and dLGN in 5xFAD mouse model. Dryad. 2024. doi:10.5061/dryad.dbrv15fbk","[""dryad"", ""retina"", ""alzheimer"", ""5xfad"", ""erg"", ""mouse""]",0.000108816,Deferred-resolution scope: adjacent_add. Current Dryad v2 listing contains 2 files totaling 108816 bytes. No source-stated primary quantity was identified; file count is not used as num_samples.,multimodal,"[""electrophysiology"", ""cell_microscopy"", ""tabular""]",unknown,[],https://doi.org/10.5061/dryad.dbrv15fbk,official_repository,https://doi.org/10.5061/dryad.dbrv15fbk,self_service_authenticated,True,True,True,False,False,False,False,False,unknown,available,2026-08-01,official_metadata_and_file_listing_checked,Official Dryad API metadata and current-version file listing reviewed. Data files were not downloaded during catalog discovery.,standard_platform_supported,dryad,dryad_loader,0.4.0,False,,not_run,not_run,,,https://spdx.org/licenses/CC0-1.0.html,https://doi.org/10.5061/dryad.dbrv15fbk,dataset_files,Official Dryad deposit license applies to deposited dataset files.,10.5061/dryad.dbrv15fbk,,10.5061/dryad.dbrv15fbk,,,,2,https://doi.org/10.5061/dryad.dbrv15fbk,[],https://doi.org/10.5061/dryad.dbrv15fbk,https://doi.org/10.5061/dryad.dbrv15fbk,https://doi.org/10.5061/dryad.dbrv15fbk,https://doi.org/10.5061/dryad.dbrv15fbk,True,2026-08-01,checked_against_official_repository,official_route_documented,not_run,dryad_5xfad_retina_dlgn,5xFAD Retina and dLGN Disease-Model Dataset,cc0,cc0
dryad_acanthamoeba_keratitis_transcriptome,Human conjunctival transcriptome in Acanthamoeba keratitis: An exploratory study,Counts and metadata for 22 people form a directly translational human keratitis transcriptomics resource.,omics,"[""classification""]",,"[""all""]",,,,dryad,https://doi.org/10.5061/dryad.k3j9kd5fx,CC0 1.0,Human conjunctival transcriptome in Acanthamoeba keratitis: An exploratory study. Dryad Dataset. doi:10.5061/dryad.k3j9kd5fx.,"[""dryad"", ""omics"", ""acanthamoeba"", ""keratitis"", ""transcriptome""]",0.005160475,Scope: core_add. Named file-level object: Conjunctival count matrix metadata and identifier map. No explicit single primary resource total is stated. Official Dryad API metadata and current file listing reviewed 2026-08-01.,omics,"[""omics"", ""tabular""]",unknown,[],https://doi.org/10.5061/dryad.k3j9kd5fx,official_repository,https://doi.org/10.5061/dryad.k3j9kd5fx,self_service_authenticated,True,True,True,False,False,False,False,False,unknown,available,2026-08-01,official_metadata_and_file_listing_checked,Official Dryad API metadata and current-version file listing reviewed. Data files were not downloaded during catalog discovery.,standard_platform_supported,dryad,dryad_loader,0.4.0,False,,not_run,not_run,,,https://spdx.org/licenses/CC0-1.0.html,https://doi.org/10.5061/dryad.k3j9kd5fx,dataset_files,Review the cited source for component-specific terms.,10.5061/dryad.k3j9kd5fx,,10.5061/dryad.k3j9kd5fx,10.1097/ico.0000000000003545,,,4,https://doi.org/10.5061/dryad.k3j9kd5fx,[],https://doi.org/10.5061/dryad.k3j9kd5fx,https://doi.org/10.5061/dryad.k3j9kd5fx,https://doi.org/10.5061/dryad.k3j9kd5fx,https://doi.org/10.5061/dryad.k3j9kd5fx,True,2026-08-01,checked_against_official_repository,official_api_file_listing_checked,not_run,dryad_acanthamoeba_keratitis_transcriptome,Human conjunctival transcriptome in Acanthamoeba keratitis: An exploratory study,cc0,cc0
dryad_amd_zinc_complement,AMD Zinc Complement Dataset,AMD complement/zinc clinical-trial data directly support human retinal disease biomarker and outcome analysis.,omics,"[""regression""]",72,"[""all""]",,,,dryad,https://doi.org/10.5061/dryad.3gq6t,CC0 1.0,"Smailhodzic, Dzenita, van Asten, Freekje, Blom, Anna M., Mohlin, Frida C., den Hollander, Anneke I., van de Ven, Johannes P. H., van Huet, Ramon A. C., Groenewoud, Joannes M. M., Tian, Yuan, Berendschot, Tos T. J. M., Lechanteur, Yara T. E., Fauser, Sascha, de Bruijn, Chris, Daha, Mohamed R., van der Wilt, Gert Jan, Hoyng, Carel B., and Klevering, B. Jeroen. Data from: Zinc supplementation inhibits complement activation in age-related macular degeneration. Dryad. 2015. doi:10.5061/dryad.3gq6t","[""dryad"", ""amd"", ""zinc"", ""complement"", ""omics"", ""tabular""]",8.7625e-05,"Scope screen: core_add. Current Dryad v1 file listing: 2 files, 62634 bytes.",omics,"[""omics"", ""tabular""]",participants,"[{""count"": 72, ""evidence_basis"": ""official_source_description"", ""evidence_url"": ""https://doi.org/10.5061/dryad.3gq6t"", ""exactness"": ""exact"", ""notes"": ""Source-stated quantity; Dryad file count is separate metadata and is not a scientific sample count."", ""primary"": true, ""review_date"": ""2026-08-01"", ""scope"": ""Source-described AMD zinc study participants"", ""unit"": ""participants""}]",https://doi.org/10.5061/dryad.3gq6t,official_repository,https://doi.org/10.5061/dryad.3gq6t,self_service_authenticated,True,True,True,False,False,False,False,False,unknown,available,2026-08-01,official_metadata_and_file_listing_checked,Official Dryad API metadata and current-version file listing reviewed. Data files were not downloaded during catalog discovery.,standard_platform_supported,dryad,dryad_loader,0.4.0,False,,not_run,not_run,,,https://spdx.org/licenses/CC0-1.0.html,https://doi.org/10.5061/dryad.3gq6t,dataset_files,Official Dryad deposit license applies to deposited dataset files.,10.5061/dryad.3gq6t,,10.5061/dryad.3gq6t,10.1371/journal.pone.0112682,,,1,https://doi.org/10.5061/dryad.3gq6t,[],https://doi.org/10.5061/dryad.3gq6t,https://doi.org/10.5061/dryad.3gq6t,https://doi.org/10.5061/dryad.3gq6t,https://doi.org/10.5061/dryad.3gq6t,True,2026-08-01,checked_against_official_repository,official_route_documented,not_run,dryad_amd_zinc_complement,AMD Zinc Complement Dataset,cc0,cc0
dryad_angle_closure_rabbit,Expression of matrix Metalloproteinases-2 and aquaporin-1 in corneoscleral junction after angle-closure in rabbits,Rabbit corneoscleral images and IOP ELISA and PCR files provide a defined angle-closure disease-mechanism model.,external_eye,"[""measurement""]",30,"[""all""]",,,,dryad,https://doi.org/10.5061/dryad.ks48tt4,CC0 1.0,Expression of matrix Metalloproteinases-2 and aquaporin-1 in corneoscleral junction after angle-closure in rabbits. Dryad Dataset. doi:10.5061/dryad.ks48tt4.,"[""dryad"", ""external_eye"", ""angle"", ""closure"", ""rabbit""]",0.13381126,Scope: adjacent_add. Named file-level object: Ocular images plus ELISA PCR and IOP files. Official Dryad API metadata and current file listing reviewed 2026-08-01.,external_eye,"[""external_eye""]",experimental_animals,"[{""count"": 30, ""evidence_basis"": ""official_source_description"", ""evidence_url"": ""https://doi.org/10.5061/dryad.ks48tt4"", ""exactness"": ""exact"", ""notes"": ""Current official Dryad metadata."", ""primary"": true, ""review_date"": ""2026-08-01"", ""scope"": ""Source-stated primary resource quantity."", ""unit"": ""experimental_animals""}]",https://doi.org/10.5061/dryad.ks48tt4,official_repository,https://doi.org/10.5061/dryad.ks48tt4,self_service_authenticated,True,True,True,False,False,False,False,False,unknown,available,2026-08-01,official_metadata_and_file_listing_checked,Official Dryad API metadata and current-version file listing reviewed. Data files were not downloaded during catalog discovery.,standard_platform_supported,dryad,dryad_loader,0.4.0,False,,not_run,not_run,,,https://spdx.org/licenses/CC0-1.0.html,https://doi.org/10.5061/dryad.ks48tt4,dataset_files,Review the cited source for component-specific terms.,10.5061/dryad.ks48tt4,,10.5061/dryad.ks48tt4,10.1186/s12886-019-1058-5,,,1,https://doi.org/10.5061/dryad.ks48tt4,[],https://doi.org/10.5061/dryad.ks48tt4,https://doi.org/10.5061/dryad.ks48tt4,https://doi.org/10.5061/dryad.ks48tt4,https://doi.org/10.5061/dryad.ks48tt4,True,2026-08-01,checked_against_official_repository,official_api_file_listing_checked,not_run,dryad_angle_closure_rabbit,Expression of matrix Metalloproteinases-2 and aquaporin-1 in corneoscleral junction after angle-closure in rabbits,cc0,cc0
dryad_aoslo_rpe,AOSLO RPE Cell Morphometry and Cone Mosaic Dataset,Adaptive-optics scanning-light-ophthalmoscopy montages and regions of interest for RPE morphometry and cone-to-RPE analysis.,adaptive_optics,"[""segmentation"", ""measurement""]",10,"[""all""]",,,,dryad,https://doi.org/10.5061/dryad.b41j15h,CC0 1.0,"Human retinal pigment epithelium: in vivo cell morphometry, multispectral autofluorescence, and relationship to cone mosaic. Dryad. 2019. doi:10.5061/dryad.b41j15h","[""dryad"", ""adaptive_optics"", ""aoslo"", ""rpe"", ""cone_mosaic"", ""autofluorescence""]",0.084,Contains one-eye data from 10 normal participants for short-wave autofluorescence and photoreceptor reflectance; infrared autofluorescence is available for seven participants with overlap.,adaptive_optics,"[""adaptive_optics""]",participants,"[{""count"": 10, ""evidence_basis"": ""official_source_description"", ""evidence_url"": ""https://doi.org/10.5061/dryad.b41j15h"", ""exactness"": ""exact"", ""notes"": """", ""primary"": true, ""review_date"": ""2026-08-01"", ""scope"": ""Normal participants in the primary cohort"", ""unit"": ""participants""}]",https://doi.org/10.5061/dryad.b41j15h,official_repository,https://doi.org/10.5061/dryad.b41j15h,self_service_authenticated,True,True,True,False,False,False,False,False,unknown,available,2026-07-21,author_source_checked,Author-conducted source check; transfer completeness was evaluated separately.,end_to_end_tested,dryad,dryad_loader,0.4.0,True,2026-07-31,complete_current_deposit_downloaded,complete_current_deposit_downloaded,python hub/audit/verify_download_and_load.py run,,CC0 1.0,https://doi.org/10.5061/dryad.b41j15h,dataset_files,Review the cited source for component-specific terms.,10.5061/dryad.b41j15h,,10.5061/dryad.b41j15h,,,,,https://doi.org/10.5061/dryad.b41j15h,[],https://doi.org/10.5061/dryad.b41j15h,https://doi.org/10.5061/dryad.b41j15h,https://doi.org/10.5061/dryad.b41j15h,https://doi.org/10.5061/dryad.b41j15h,True,2026-07-21,checked_against_cited_source,author_source_checked,complete_current_deposit_downloaded,dryad_aoslo_rpe,AOSLO RPE Cell Morphometry and Cone Mosaic Dataset,cc0,cc0
dryad_bariatric_ophthalmology,Bariatric Surgery Ophthalmic Evaluation Dataset,Longitudinal human ophthalmic and OCT measurements in the bariatric cohort are directly reusable clinical data.,oct,"[""regression""]",57,"[""all""]",,,,dryad,https://doi.org/10.5061/dryad.1g6vm34,CC0 1.0,"Posarelli, Chiara, Salvetti, Guido, Paolo, Piaggi, Guido, Francesca, Ceccarini, Giovanni, Santini, Ferruccio, and Figus, Michele. Data from: Ophthalmologic evaluation of severely obese patients undergoing bariatric surgery: a pilot, monocentric, prospective, open-label study. Dryad. 2019. doi:10.5061/dryad.1g6vm34","[""dryad"", ""bariatric"", ""ophthalmology"", ""oct"", ""tabular""]",5.4325e-05,"Scope screen: core_add. Current Dryad v1 file listing: 1 files, 32456 bytes.",oct,"[""oct"", ""tabular""]",participants,"[{""count"": 57, ""evidence_basis"": ""official_source_description"", ""evidence_url"": ""https://doi.org/10.5061/dryad.1g6vm34"", ""exactness"": ""exact"", ""notes"": ""Source-stated quantity; Dryad file count is separate metadata and is not a scientific sample count."", ""primary"": true, ""review_date"": ""2026-08-01"", ""scope"": ""Source-described severely obese ophthalmology cohort"", ""unit"": ""participants""}]",https://doi.org/10.5061/dryad.1g6vm34,official_repository,https://doi.org/10.5061/dryad.1g6vm34,self_service_authenticated,True,True,True,False,False,False,False,False,unknown,available,2026-08-01,official_metadata_and_file_listing_checked,Official Dryad API metadata and current-version file listing reviewed. Data files were not downloaded during catalog discovery.,standard_platform_supported,dryad,dryad_loader,0.4.0,False,,not_run,not_run,,,https://spdx.org/licenses/CC0-1.0.html,https://doi.org/10.5061/dryad.1g6vm34,dataset_files,Official Dryad deposit license applies to deposited dataset files.,10.5061/dryad.1g6vm34,,10.5061/dryad.1g6vm34,10.1371/journal.pone.0216351,,,1,https://doi.org/10.5061/dryad.1g6vm34,[],https://doi.org/10.5061/dryad.1g6vm34,https://doi.org/10.5061/dryad.1g6vm34,https://doi.org/10.5061/dryad.1g6vm34,https://doi.org/10.5061/dryad.1g6vm34,True,2026-08-01,checked_against_official_repository,official_route_documented,not_run,dryad_bariatric_ophthalmology,Bariatric Surgery Ophthalmic Evaluation Dataset,cc0,cc0
dryad_bbs1_retinal_degeneration,BBS1 Retinal Degeneration Mouse Dataset,"BBS1 mouse data include retinal-degeneration and OCT phenotypes, making it a direct disease-mechanism resource.",oct,"[""regression""]",,"[""all""]",,,,dryad,https://doi.org/10.5061/dryad.2rbnzs7jm,CC0 1.0,"Cring, Matthew. Ectopic expression of BBS1 rescues male infertility, but not retinal degeneration, in a BBS1 mouse model. Dryad. 2020. doi:10.5061/dryad.2rbnzs7jm","[""dryad"", ""bbs1"", ""retinal"", ""degeneration"", ""oct"", ""tabular""]",0.000149028,"Scope screen: adjacent_add. Current Dryad v6 file listing: 1 files, 58847 bytes.",oct,"[""oct"", ""tabular""]",unknown,[],https://doi.org/10.5061/dryad.2rbnzs7jm,official_repository,https://doi.org/10.5061/dryad.2rbnzs7jm,self_service_authenticated,True,True,True,False,False,False,False,False,unknown,available,2026-08-01,official_metadata_and_file_listing_checked,Official Dryad API metadata and current-version file listing reviewed. Data files were not downloaded during catalog discovery.,standard_platform_supported,dryad,dryad_loader,0.4.0,False,,not_run,not_run,,,https://spdx.org/licenses/CC0-1.0.html,https://doi.org/10.5061/dryad.2rbnzs7jm,dataset_files,Official Dryad deposit license applies to deposited dataset files.,10.5061/dryad.2rbnzs7jm,,10.5061/dryad.2rbnzs7jm,10.1038/s41434-021-00241-1,,,6,https://doi.org/10.5061/dryad.2rbnzs7jm,[],https://doi.org/10.5061/dryad.2rbnzs7jm,https://doi.org/10.5061/dryad.2rbnzs7jm,https://doi.org/10.5061/dryad.2rbnzs7jm,https://doi.org/10.5061/dryad.2rbnzs7jm,True,2026-08-01,checked_against_official_repository,official_route_documented,not_run,dryad_bbs1_retinal_degeneration,BBS1 Retinal Degeneration Mouse Dataset,cc0,cc0
dryad_biocular_eye_tracking,Bi-Ocular Vertebrate Eye-Tracking Dataset,The bi-ocular vertebrate eye-tracking spreadsheets are a defined ocular-motor measurement-method resource.,eye_tracking,"[""gaze_estimation"", ""measurement""]",,"[""all""]",,,,dryad,https://doi.org/10.5061/dryad.84hc0,CC0 1.0,"Tyrrell, Luke P., Butler, Shannon R., Yorzinski, Jessica L., and Fernández-Juricic, Esteban. Data from: A novel system for bi-ocular eye-tracking in vertebrates with laterally placed eyes. Dryad. 2015. doi:10.5061/dryad.84hc0","[""dryad"", ""biocular"", ""eye"", ""tracking"", ""eye_tracking""]",0.000132673,"Scope screen: adjacent_add. Current Dryad v1 file listing: 2 files, 108554 bytes.",eye_tracking,"[""eye_tracking""]",unknown,[],https://doi.org/10.5061/dryad.84hc0,official_repository,https://doi.org/10.5061/dryad.84hc0,self_service_authenticated,True,True,True,False,False,False,False,False,unknown,available,2026-08-01,official_metadata_and_file_listing_checked,Official Dryad API metadata and current-version file listing reviewed. Data files were not downloaded during catalog discovery.,standard_platform_supported,dryad,dryad_loader,0.4.0,False,,not_run,not_run,,,https://spdx.org/licenses/CC0-1.0.html,https://doi.org/10.5061/dryad.84hc0,dataset_files,Official Dryad deposit license applies to deposited dataset files.,10.5061/dryad.84hc0,,10.5061/dryad.84hc0,10.1111/2041-210X.12249,,,1,https://doi.org/10.5061/dryad.84hc0,[],https://doi.org/10.5061/dryad.84hc0,https://doi.org/10.5061/dryad.84hc0,https://doi.org/10.5061/dryad.84hc0,https://doi.org/10.5061/dryad.84hc0,True,2026-08-01,checked_against_official_repository,official_route_documented,not_run,dryad_biocular_eye_tracking,Bi-Ocular Vertebrate Eye-Tracking Dataset,cc0,cc0
dryad_brvo_bevacizumab_multimodal,BRVO Bevacizumab Multimodal Dataset,"The 27-eye BRVO archive contains named OCT, fluorescein, and mfERG research objects for retinal treatment analysis.",multimodal,"[""regression"", ""measurement""]",27,"[""all""]",,,,dryad,https://doi.org/10.5061/dryad.3cp54,CC0 1.0,"Rishi, Pukhraj, Raka, Neha, and Rishi, Ekta. Data from: Analysis of potential ischemic effect of intravitreal bevacizumab on unaffected retina in treatment-naïve macular edema due to branch retinal vein occlusion: a prospective, interventional case-series. Dryad. 2017. doi:10.5061/dryad.3cp54","[""dryad"", ""brvo"", ""bevacizumab"", ""multimodal"", ""oct"", ""fundus_angiography"", ""electrophysiology""]",0.061464266,"Scope screen: core_add. Current Dryad v1 file listing: 3 files, 61440336 bytes.",multimodal,"[""oct"", ""fundus_angiography"", ""electrophysiology""]",eyes,"[{""count"": 27, ""evidence_basis"": ""official_source_description"", ""evidence_url"": ""https://doi.org/10.5061/dryad.3cp54"", ""exactness"": ""exact"", ""notes"": ""Source-stated quantity; Dryad file count is separate metadata and is not a scientific sample count."", ""primary"": true, ""review_date"": ""2026-08-01"", ""scope"": ""Source-described treatment-naive BRVO eyes"", ""unit"": ""eyes""}]",https://doi.org/10.5061/dryad.3cp54,official_repository,https://doi.org/10.5061/dryad.3cp54,self_service_authenticated,True,True,True,False,False,False,False,False,unknown,available,2026-08-01,official_metadata_and_file_listing_checked,Official Dryad API metadata and current-version file listing reviewed. Data files were not downloaded during catalog discovery.,standard_platform_supported,dryad,dryad_loader,0.4.0,False,,not_run,not_run,,,https://spdx.org/licenses/CC0-1.0.html,https://doi.org/10.5061/dryad.3cp54,dataset_files,Official Dryad deposit license applies to deposited dataset files.,10.5061/dryad.3cp54,,10.5061/dryad.3cp54,10.1371/journal.pone.0162533,,,1,https://doi.org/10.5061/dryad.3cp54,[],https://doi.org/10.5061/dryad.3cp54,https://doi.org/10.5061/dryad.3cp54,https://doi.org/10.5061/dryad.3cp54,https://doi.org/10.5061/dryad.3cp54,True,2026-08-01,checked_against_official_repository,official_route_documented,not_run,dryad_brvo_bevacizumab_multimodal,BRVO Bevacizumab Multimodal Dataset,cc0,cc0
dryad_canine_pra_cea_genotypes,Canine PRA and CEA Genotype Dataset,"Canine PRA/CEA genotype data are a large, defined inherited-eye-disease resource relevant to disease mechanisms.",omics,"[""demographic_analysis"", ""classification""]",86667,"[""all""]",,,,dryad,https://doi.org/10.5061/dryad.6djh9w17c,CC0 1.0,"Clark, Jessica A., Anderson, Heidi, Donner, Jonas, Pearce-Kelling, Susan, and Ekenstedt, Kari J.. Data for: Global frequency analyses of canine progressive rod-cone degeneration-progressive retinal atrophy and collie eye anomaly using commercial genetic testing data. Dryad. 2023. doi:10.5061/dryad.6djh9w17c","[""dryad"", ""canine"", ""pra"", ""cea"", ""genotypes"", ""omics"", ""tabular""]",0.005978758,"Scope screen: adjacent_add. Current Dryad v5 file listing: 2 files, 5825605 bytes.",omics,"[""omics"", ""tabular""]",records,"[{""count"": 86667, ""evidence_basis"": ""official_source_description"", ""evidence_url"": ""https://doi.org/10.5061/dryad.6djh9w17c"", ""exactness"": ""exact"", ""notes"": ""Source-stated quantity; Dryad file count is separate metadata and is not a scientific sample count."", ""primary"": true, ""review_date"": ""2026-08-01"", ""scope"": ""Source-described PRCD genotype records; separate CEA denominator not combined"", ""unit"": ""records""}]",https://doi.org/10.5061/dryad.6djh9w17c,official_repository,https://doi.org/10.5061/dryad.6djh9w17c,self_service_authenticated,True,True,True,False,False,False,False,False,unknown,available,2026-08-01,official_metadata_and_file_listing_checked,Official Dryad API metadata and current-version file listing reviewed. Data files were not downloaded during catalog discovery.,standard_platform_supported,dryad,dryad_loader,0.4.0,False,,not_run,not_run,,,https://spdx.org/licenses/CC0-1.0.html,https://doi.org/10.5061/dryad.6djh9w17c,dataset_files,Official Dryad deposit license applies to deposited dataset files.,10.5061/dryad.6djh9w17c,,10.5061/dryad.6djh9w17c,10.3390/genes14112093,,,5,https://doi.org/10.5061/dryad.6djh9w17c,[],https://doi.org/10.5061/dryad.6djh9w17c,https://doi.org/10.5061/dryad.6djh9w17c,https://doi.org/10.5061/dryad.6djh9w17c,https://doi.org/10.5061/dryad.6djh9w17c,True,2026-08-01,checked_against_official_repository,official_route_documented,not_run,dryad_canine_pra_cea_genotypes,Canine PRA and CEA Genotype Dataset,cc0,cc0
dryad_clcc1_retinitis_pigmentosa,CLCC1 Retinitis Pigmentosa Genomics Dataset,Human retinitis-pigmentosa WES/SNP data from eight families directly support inherited-retinal-disease analysis.,omics,"[""classification""]",,"[""all""]",,,,dryad,https://doi.org/10.5061/dryad.3vv31qq,CC0 1.0,"Li, Lin, Jiao, Xiaodong, D'Atri, Ilaria, Ono, Fumihito, Nelson, Ralph, Chan, Chi-Chao, Nakaya, Naoki, Ma, Zhiwei, Ma, Yan, Cai, Xiaoying, Zhang, Longhua, Lin, Siying, Hameed, Abdul, Chioza, Barry A., Hardy, Holly, Arno, Gavin, Hull, Sarah, Khan, Muhammad Imran, Fasham, James, Harlalka, V. Gaurav, Michaelides, Michel, Moore, Anthony T., Coban Akdemir, Zeynep Hande, Jhangiani, Shalini, Lupski, James R., Cremers, Frans P.M., Qamar, Raheel, Salman, Ahmed, Chilton, John, Self, Jay, Ayyagari, Radha, Kabir, Firoz, Naeem, Muhammad Asif, Ali, Muhammad, Akram, Javed, Sieving, Paul A., Riazuddin, Sheikh, Baple, Emma L., Riazuddin, Sheikh Amer, Crosby, Andrew H., Hejtmancik, J. Fielding, and Cremers, Frans P. M.. Data from: Mutation in the intracellular chloride channel CLCC1 associated with autosomal recessive retinitis pigmentosa. Dryad. 2019. doi:10.5061/dryad.3vv31qq","[""dryad"", ""clcc1"", ""retinitis"", ""pigmentosa"", ""omics""]",0.036634248,"Scope screen: core_add. Current Dryad v1 file listing: 1 files, 36607394 bytes.",omics,"[""omics""]",unknown,[],https://doi.org/10.5061/dryad.3vv31qq,official_repository,https://doi.org/10.5061/dryad.3vv31qq,self_service_authenticated,True,True,True,False,False,False,False,False,unknown,available,2026-08-01,official_metadata_and_file_listing_checked,Official Dryad API metadata and current-version file listing reviewed. Data files were not downloaded during catalog discovery.,standard_platform_supported,dryad,dryad_loader,0.4.0,False,,not_run,not_run,,,https://spdx.org/licenses/CC0-1.0.html,https://doi.org/10.5061/dryad.3vv31qq,dataset_files,Official Dryad deposit license applies to deposited dataset files.,10.5061/dryad.3vv31qq,,10.5061/dryad.3vv31qq,10.1371/journal.pgen.1007504,,,1,https://doi.org/10.5061/dryad.3vv31qq,[],https://doi.org/10.5061/dryad.3vv31qq,https://doi.org/10.5061/dryad.3vv31qq,https://doi.org/10.5061/dryad.3vv31qq,https://doi.org/10.5061/dryad.3vv31qq,True,2026-08-01,checked_against_official_repository,official_route_documented,not_run,dryad_clcc1_retinitis_pigmentosa,CLCC1 Retinitis Pigmentosa Genomics Dataset,cc0,cc0
dryad_cone_synapse_computation,Cone Photoreceptor Synapse Dataset,Ground-squirrel cone-synapse recordings are a well-defined retinal physiology resource relevant to photoreceptor mechanism studies.,cell_microscopy,"[""measurement""]",,"[""all""]",,,,dryad,https://doi.org/10.5061/dryad.0p2ngf25g,CC0 1.0,"DeVries, Steven, Grabner, Chad, Futagi, Daiki, Shi, Jun, Bindokas, Vytas, Kitano, Katsunori, and Schwartz, Eric. Mechanisms of simultaneous linear and nonlinear computations at the mammalian cone photoreceptor synapse. Dryad. 2023. doi:10.5061/dryad.0p2ngf25g","[""dryad"", ""cone"", ""synapse"", ""computation"", ""cell_microscopy"", ""electrophysiology""]",19.122706764,"Scope screen: adjacent_add. Current Dryad v8 file listing: 4 files, 11191747623 bytes.",cell_microscopy,"[""cell_microscopy"", ""electrophysiology""]",signals,[],https://doi.org/10.5061/dryad.0p2ngf25g,official_repository,https://doi.org/10.5061/dryad.0p2ngf25g,self_service_authenticated,True,True,True,False,False,False,False,False,unknown,available,2026-08-01,official_metadata_and_file_listing_checked,Official Dryad API metadata and current-version file listing reviewed. Data files were not downloaded during catalog discovery.,standard_platform_supported,dryad,dryad_loader,0.4.0,False,,not_run,not_run,,,https://spdx.org/licenses/CC0-1.0.html,https://doi.org/10.5061/dryad.0p2ngf25g,dataset_files,Official Dryad deposit license applies to deposited dataset files.,10.5061/dryad.0p2ngf25g,,10.5061/dryad.0p2ngf25g,10.1038/s41467-023-38943-2,,,8,https://doi.org/10.5061/dryad.0p2ngf25g,[],https://doi.org/10.5061/dryad.0p2ngf25g,https://doi.org/10.5061/dryad.0p2ngf25g,https://doi.org/10.5061/dryad.0p2ngf25g,https://doi.org/10.5061/dryad.0p2ngf25g,True,2026-08-01,checked_against_official_repository,official_route_documented,not_run,dryad_cone_synapse_computation,Cone Photoreceptor Synapse Dataset,cc0,cc0
dryad_congenital_cataract_sight_restoration,Congenital Cataract Sight Restoration Dataset,Experiment tables and scripts evaluate postural stability and optic-flow sensitivity after sight restoration from congenital bilateral cataracts.,tabular,"[""measurement""]",,"[""all""]",,,,dryad,https://doi.org/10.5061/dryad.0gb5mkm9b,CC0 1.0,"Senna, Irene, Balestrucci, Priscilla, Piller, Sophia, Wiebusch, Dennis, and Ernst, Marc. Postural stability and optic flow sensitivity following sight restoration from congenital bilateral cataracts. Dryad. 2025. doi:10.5061/dryad.0gb5mkm9b","[""dryad"", ""cataract"", ""sight_restoration"", ""optic_flow"", ""postural_stability"", ""human""]",3.1105e-05,Deferred-resolution scope: core_add. Current Dryad v13 listing contains 11 files totaling 31105 bytes. No source-stated primary quantity was identified; file count is not used as num_samples.,tabular,"[""tabular""]",unknown,[],https://doi.org/10.5061/dryad.0gb5mkm9b,official_repository,https://doi.org/10.5061/dryad.0gb5mkm9b,self_service_authenticated,True,True,True,False,False,False,False,False,unknown,available,2026-08-01,official_metadata_and_file_listing_checked,Official Dryad API metadata and current-version file listing reviewed. Data files were not downloaded during catalog discovery.,standard_platform_supported,dryad,dryad_loader,0.4.0,False,,not_run,not_run,,,https://spdx.org/licenses/CC0-1.0.html,https://doi.org/10.5061/dryad.0gb5mkm9b,dataset_files,Official Dryad deposit license applies to deposited dataset files.,10.5061/dryad.0gb5mkm9b,,10.5061/dryad.0gb5mkm9b,10.1098/rspb.2025.0787,,,13,https://doi.org/10.5061/dryad.0gb5mkm9b,[],https://doi.org/10.5061/dryad.0gb5mkm9b,https://doi.org/10.5061/dryad.0gb5mkm9b,https://doi.org/10.5061/dryad.0gb5mkm9b,https://doi.org/10.5061/dryad.0gb5mkm9b,True,2026-08-01,checked_against_official_repository,official_route_documented,not_run,dryad_congenital_cataract_sight_restoration,Congenital Cataract Sight Restoration Dataset,cc0,cc0
dryad_congenital_glaucoma_wes,Identification of novel variants in LTBP2 and PXDN using whole-exome sequencing in developmental and congenital glaucoma,Four exome difference files for three congenital-glaucoma families are directly translational human ocular genetics data.,omics,"[""classification""]",3,"[""all""]",,,,dryad,https://doi.org/10.5061/dryad.k7455,CC0 1.0,Identification of novel variants in LTBP2 and PXDN using whole-exome sequencing in developmental and congenital glaucoma. Dryad Dataset. doi:10.5061/dryad.k7455.,"[""dryad"", ""omics"", ""congenital"", ""glaucoma"", ""wes""]",0.442139301,Scope: core_add. Named file-level object: Four WES difference files. Official Dryad API metadata and current file listing reviewed 2026-08-01.,omics,"[""omics"", ""tabular""]",families,"[{""count"": 3, ""evidence_basis"": ""official_source_description"", ""evidence_url"": ""https://doi.org/10.5061/dryad.k7455"", ""exactness"": ""exact"", ""notes"": ""Current official Dryad metadata."", ""primary"": true, ""review_date"": ""2026-08-01"", ""scope"": ""Source-stated primary resource quantity."", ""unit"": ""families""}]",https://doi.org/10.5061/dryad.k7455,official_repository,https://doi.org/10.5061/dryad.k7455,self_service_authenticated,True,True,True,False,False,False,False,False,unknown,available,2026-08-01,official_metadata_and_file_listing_checked,Official Dryad API metadata and current-version file listing reviewed. Data files were not downloaded during catalog discovery.,standard_platform_supported,dryad,dryad_loader,0.4.0,False,,not_run,not_run,,,https://spdx.org/licenses/CC0-1.0.html,https://doi.org/10.5061/dryad.k7455,dataset_files,Review the cited source for component-specific terms.,10.5061/dryad.k7455,,10.5061/dryad.k7455,10.1371/journal.pone.0159259,,,1,https://doi.org/10.5061/dryad.k7455,[],https://doi.org/10.5061/dryad.k7455,https://doi.org/10.5061/dryad.k7455,https://doi.org/10.5061/dryad.k7455,https://doi.org/10.5061/dryad.k7455,True,2026-08-01,checked_against_official_repository,official_api_file_listing_checked,not_run,dryad_congenital_glaucoma_wes,Identification of novel variants in LTBP2 and PXDN using whole-exome sequencing in developmental and congenital glaucoma,cc0,cc0
dryad_cornea_oct_pentacam,Corneal OCT and Pentacam Tomography Dataset,Right-eye corneal OCT and rotating Scheimpflug tomography data with MATLAB code for automatic corneal-layer segmentation.,multimodal,"[""segmentation"", ""measurement"", ""registration""]",52,"[""all""]",,,,dryad,https://doi.org/10.5061/dryad.tht76hf0c,CC0 1.0,Ran Z. Dataset for RSOS-211108. Dryad. 2021. doi:10.5061/dryad.tht76hf0c,"[""dryad"", ""cornea"", ""anterior_segment_oct"", ""pentacam"", ""scheimpflug""]",0.383898834,"The current version contains right-eye data from 52 participant directories, with 208 corneal OCT TIFF files and 102 Pentacam CSV files. Dryad file downloads require a user-supplied API token; EyeDataHub can also obtain a fresh token from locally configured Dryad client credentials.",multimodal,"[""oct"", ""corneal_topography""]",participants,"[{""count"": 52, ""evidence_basis"": ""current_deposit_file_listing"", ""evidence_url"": ""https://doi.org/10.5061/dryad.tht76hf0c"", ""exactness"": ""exact"", ""notes"": """", ""primary"": true, ""review_date"": ""2026-08-01"", ""scope"": ""Participant directories represented in the corneal OCT component of Dryad version 5"", ""unit"": ""participants""}, {""count"": 208, ""evidence_basis"": ""current_deposit_file_listing"", ""evidence_url"": ""https://doi.org/10.5061/dryad.tht76hf0c"", ""exactness"": ""exact"", ""notes"": ""Four TIFF files occur in each of 52 participant directories."", ""primary"": false, ""review_date"": ""2026-08-01"", ""scope"": ""Corneal OCT TIFF files in Dryad version 5"", ""unit"": ""images""}, {""count"": 102, ""evidence_basis"": ""current_deposit_file_listing"", ""evidence_url"": ""https://doi.org/10.5061/dryad.tht76hf0c"", ""exactness"": ""exact"", ""notes"": """", ""primary"": false, ""review_date"": ""2026-08-01"", ""scope"": ""Pentacam CSV tomography matrices in Dryad version 5"", ""unit"": ""records""}, {""count"": 1, ""evidence_basis"": ""current_deposit_file_listing"", ""evidence_url"": ""https://doi.org/10.5061/dryad.tht76hf0c"", ""exactness"": ""exact"", ""notes"": """", ""primary"": false, ""review_date"": ""2026-08-01"", ""scope"": ""OCT_.zip in Dryad version 5"", ""unit"": ""deposited_files""}]",https://doi.org/10.5061/dryad.tht76hf0c,official_repository,https://doi.org/10.5061/dryad.tht76hf0c,self_service_authenticated,True,True,True,False,False,False,False,False,unknown,available,2026-07-21,author_source_checked,Author-conducted source check; transfer completeness was evaluated separately.,end_to_end_tested,dryad,dryad_loader,0.4.0,True,2026-07-31,complete_current_deposit_downloaded,complete_current_deposit_downloaded,python hub/audit/verify_download_and_load.py run,,CC0 1.0,https://doi.org/10.5061/dryad.tht76hf0c,dataset_files,Review the cited source for component-specific terms.,10.5061/dryad.tht76hf0c,,10.5061/dryad.tht76hf0c,,,,5,https://doi.org/10.5061/dryad.tht76hf0c,[],https://doi.org/10.5061/dryad.tht76hf0c,https://doi.org/10.5061/dryad.tht76hf0c,https://doi.org/10.5061/dryad.tht76hf0c,https://doi.org/10.5061/dryad.tht76hf0c,True,2026-07-21,checked_against_cited_source,author_source_checked,complete_current_deposit_downloaded,dryad_cornea_oct_pentacam,Corneal OCT and Pentacam Tomography Dataset,cc0,cc0
dryad_corneal_biomechanics_prostaglandin,Changes in corneal biomechanical properties after long-term topical prostaglandin therapy,This 88-eye human Corvis-ST workbook directly supports corneal measurement after glaucoma therapy.,corneal_topography,"[""measurement""]",,"[""all""]",,,,dryad,https://doi.org/10.5061/dryad.d35s0,CC0 1.0,Changes in corneal biomechanical properties after long-term topical prostaglandin therapy. Dryad Dataset. doi:10.5061/dryad.d35s0.,"[""dryad"", ""corneal_topography"", ""corneal"", ""biomechanics"", ""prostaglandin""]",7.7158e-05,Scope: core_add. Named file-level object: Na Wu-corvis primary data.xlsx. No explicit single primary resource total is stated. Official Dryad API metadata and current file listing reviewed 2026-08-01.,corneal_topography,"[""corneal_topography"", ""tabular""]",unknown,[],https://doi.org/10.5061/dryad.d35s0,official_repository,https://doi.org/10.5061/dryad.d35s0,self_service_authenticated,True,True,True,False,False,False,False,False,unknown,available,2026-08-01,official_metadata_and_file_listing_checked,Official Dryad API metadata and current-version file listing reviewed. Data files were not downloaded during catalog discovery.,standard_platform_supported,dryad,dryad_loader,0.4.0,False,,not_run,not_run,,,https://spdx.org/licenses/CC0-1.0.html,https://doi.org/10.5061/dryad.d35s0,dataset_files,Review the cited source for component-specific terms.,10.5061/dryad.d35s0,,10.5061/dryad.d35s0,10.1371/journal.pone.0155527,,,1,https://doi.org/10.5061/dryad.d35s0,[],https://doi.org/10.5061/dryad.d35s0,https://doi.org/10.5061/dryad.d35s0,https://doi.org/10.5061/dryad.d35s0,https://doi.org/10.5061/dryad.d35s0,True,2026-08-01,checked_against_official_repository,official_api_file_listing_checked,not_run,dryad_corneal_biomechanics_prostaglandin,Changes in corneal biomechanical properties after long-term topical prostaglandin therapy,cc0,cc0
dryad_corneal_conjunctivitis_biomarker,Corneal Conjunctivitis Biomarker Dataset,Human conjunctivitis count matrices and sample metadata are direct corneal-disease biomarker data.,omics,"[""classification""]",,"[""all""]",,,,dryad,https://doi.org/10.5061/dryad.4j0zpc8mm,CC0 1.0,"Seitzman, Gerami, Lalitha, Prajna, Prajna, N. Venkatesh, Sansanayudh, Wiwan, Satitpitakul, Vannarut, Laovirojjanakul, Wipada, Chen, Cindi, Zhong, Lina, Ruder, Kevin, Redd, Travis, Deiner, Michael, Porco, Travis, McLeod, Stephen, Lietman, Thomas, Hinterwirth, Armin, and Doan, Thuy. Data from: Biomarker detection and validation for corneal involvement in patients with acute infectious conjunctivitis: A multi-country study. Dryad. 2025. doi:10.5061/dryad.4j0zpc8mm","[""dryad"", ""corneal"", ""conjunctivitis"", ""biomarker"", ""omics"", ""tabular""]",0.008983041,"Scope screen: core_add. Current Dryad v3 file listing: 4 files, 8983041 bytes.",omics,"[""omics"", ""tabular""]",unknown,[],https://doi.org/10.5061/dryad.4j0zpc8mm,official_repository,https://doi.org/10.5061/dryad.4j0zpc8mm,self_service_authenticated,True,True,True,False,False,False,False,False,unknown,available,2026-08-01,official_metadata_and_file_listing_checked,Official Dryad API metadata and current-version file listing reviewed. Data files were not downloaded during catalog discovery.,standard_platform_supported,dryad,dryad_loader,0.4.0,False,,not_run,not_run,,,https://spdx.org/licenses/CC0-1.0.html,https://doi.org/10.5061/dryad.4j0zpc8mm,dataset_files,Official Dryad deposit license applies to deposited dataset files.,10.5061/dryad.4j0zpc8mm,,10.5061/dryad.4j0zpc8mm,10.1001/jamaophthalmol.2024.2891,,,3,https://doi.org/10.5061/dryad.4j0zpc8mm,[],https://doi.org/10.5061/dryad.4j0zpc8mm,https://doi.org/10.5061/dryad.4j0zpc8mm,https://doi.org/10.5061/dryad.4j0zpc8mm,https://doi.org/10.5061/dryad.4j0zpc8mm,True,2026-08-01,checked_against_official_repository,official_route_documented,not_run,dryad_corneal_conjunctivitis_biomarker,Corneal Conjunctivitis Biomarker Dataset,cc0,cc0
dryad_corneal_laser_procedure,Corneal Laser Procedure for safety and efficacy in vision improvement,Two clinical workbooks cover 72 treated eyes and directly support surgical corneal outcome evaluation.,tabular,"[""evaluation""]",72,"[""all""]",,,,dryad,https://doi.org/10.5061/dryad.m905qfv2r,CC0 1.0,Corneal Laser Procedure for safety and efficacy in vision improvement. Dryad Dataset. doi:10.5061/dryad.m905qfv2r.,"[""dryad"", ""tabular"", ""corneal"", ""laser"", ""procedure""]",0.000600278,Scope: core_add. Named file-level object: Two corneal laser procedure workbooks plus README. Official Dryad API metadata and current file listing reviewed 2026-08-01.,tabular,"[""tabular""]",eyes,"[{""count"": 72, ""evidence_basis"": ""official_source_description"", ""evidence_url"": ""https://doi.org/10.5061/dryad.m905qfv2r"", ""exactness"": ""exact"", ""notes"": ""Current official Dryad metadata."", ""primary"": true, ""review_date"": ""2026-08-01"", ""scope"": ""Source-stated primary resource quantity."", ""unit"": ""eyes""}]",https://doi.org/10.5061/dryad.m905qfv2r,official_repository,https://doi.org/10.5061/dryad.m905qfv2r,self_service_authenticated,True,True,True,False,False,False,False,False,unknown,available,2026-08-01,official_metadata_and_file_listing_checked,Official Dryad API metadata and current-version file listing reviewed. Data files were not downloaded during catalog discovery.,standard_platform_supported,dryad,dryad_loader,0.4.0,False,,not_run,not_run,,,https://spdx.org/licenses/CC0-1.0.html,https://doi.org/10.5061/dryad.m905qfv2r,dataset_files,Review the cited source for component-specific terms.,10.5061/dryad.m905qfv2r,,10.5061/dryad.m905qfv2r,10.12688/f1000research.109665.1,,,8,https://doi.org/10.5061/dryad.m905qfv2r,[],https://doi.org/10.5061/dryad.m905qfv2r,https://doi.org/10.5061/dryad.m905qfv2r,https://doi.org/10.5061/dryad.m905qfv2r,https://doi.org/10.5061/dryad.m905qfv2r,True,2026-08-01,checked_against_official_repository,official_api_file_listing_checked,not_run,dryad_corneal_laser_procedure,Corneal Laser Procedure for safety and efficacy in vision improvement,cc0,cc0
dryad_crvo_vegf_tortuosity,CRVO Retinal Tortuosity and VEGF Dataset,The 32-eye CRVO tortuosity/VEGF table is direct human retinal vascular disease data.,tabular,"[""regression""]",32,"[""all""]",,,,dryad,https://doi.org/10.5061/dryad.5dn13,CC0 1.0,"Yasuda, Shunsuke, Kachi, Shu, Kondo, Mineo, Ueno, Shinji, Kaneko, Hiroki, and Terasaki, Hiroko. Data from: Significant correlation between retinal venous tortuosity and aqueous vascular endothelial growth factor concentration in eyes with central retinal vein occlusion. Dryad. 2016. doi:10.5061/dryad.5dn13","[""dryad"", ""crvo"", ""vegf"", ""tortuosity"", ""tabular""]",3.8504e-05,"Scope screen: core_add. Current Dryad v1 file listing: 1 files, 18399 bytes.",tabular,"[""tabular""]",eyes,"[{""count"": 32, ""evidence_basis"": ""official_source_description"", ""evidence_url"": ""https://doi.org/10.5061/dryad.5dn13"", ""exactness"": ""exact"", ""notes"": ""Source-stated quantity; Dryad file count is separate metadata and is not a scientific sample count."", ""primary"": true, ""review_date"": ""2026-08-01"", ""scope"": ""Source-described central retinal vein occlusion eyes"", ""unit"": ""eyes""}]",https://doi.org/10.5061/dryad.5dn13,official_repository,https://doi.org/10.5061/dryad.5dn13,self_service_authenticated,True,True,True,False,False,False,False,False,unknown,available,2026-08-01,official_metadata_and_file_listing_checked,Official Dryad API metadata and current-version file listing reviewed. Data files were not downloaded during catalog discovery.,standard_platform_supported,dryad,dryad_loader,0.4.0,False,,not_run,not_run,,,https://spdx.org/licenses/CC0-1.0.html,https://doi.org/10.5061/dryad.5dn13,dataset_files,Official Dryad deposit license applies to deposited dataset files.,10.5061/dryad.5dn13,,10.5061/dryad.5dn13,10.1371/journal.pone.0134267,,,1,https://doi.org/10.5061/dryad.5dn13,[],https://doi.org/10.5061/dryad.5dn13,https://doi.org/10.5061/dryad.5dn13,https://doi.org/10.5061/dryad.5dn13,https://doi.org/10.5061/dryad.5dn13,True,2026-08-01,checked_against_official_repository,official_route_documented,not_run,dryad_crvo_vegf_tortuosity,CRVO Retinal Tortuosity and VEGF Dataset,cc0,cc0
dryad_d12d9f,Excitatory neurotransmission activates compartmentalized calcium transients in Müller glia without affecting lateral process motility,Official Dryad deposit of source-described retinal physiology data for the associated study.,electrophysiology,"[""measurement""]",,"[""all""]",,,,dryad,https://doi.org/10.6078/d12d9f,CC0 1.0,"Tworig Joshua, Coate Chandler, Feller Marla. Excitatory neurotransmission activates compartmentalized calcium transients in Muller glia without affecting lateral process motility. Dryad. 2022. doi:10.6078/d12d9f","[""dryad"", ""excitatory"", ""neurotransmission"", ""activates"", ""compartmentalized"", ""electrophysiology"", ""measurement""]",2.052296419,"Scope screen: adjacent_add. Current Dryad v4 file listing: 16 files, 2052296419 bytes.",electrophysiology,"[""electrophysiology"", ""cell_microscopy"", ""tabular""]",unknown,[],https://doi.org/10.6078/d12d9f,official_repository,https://doi.org/10.6078/d12d9f,self_service_authenticated,True,True,True,False,False,False,False,False,unknown,available,2026-08-01,official_metadata_and_file_listing_checked,Official Dryad API metadata and current-version file listing reviewed. Data files were not downloaded during catalog discovery.,standard_platform_supported,dryad,dryad_loader,0.4.0,False,,not_run,not_run,,,https://spdx.org/licenses/CC0-1.0.html,https://doi.org/10.6078/d12d9f,dataset_files,Official Dryad deposit license applies to deposited dataset files.,10.6078/d12d9f,,10.6078/d12d9f,10.7554/elife.73202,,,4,https://doi.org/10.6078/d12d9f,[],https://doi.org/10.6078/d12d9f,https://doi.org/10.6078/d12d9f,https://doi.org/10.6078/d12d9f,https://doi.org/10.6078/d12d9f,True,2026-08-01,checked_against_official_repository,official_route_documented,not_run,dryad_d12d9f,Excitatory neurotransmission activates compartmentalized calcium transients in Müller glia without affecting lateral process motility,cc0,cc0
dryad_d1895r,Directed Evolution of AAV for Efficient Gene Delivery to Canine and Primate Retina - Raw counts of variants from deep sequencing,Official Dryad deposit of source-described ocular omics data for the associated study.,omics,"[""classification""]",,"[""all""]",,,,dryad,https://doi.org/10.6078/d1895r,CC0 1.0,"Byrne Leah, Day Timothy, Visel Meike, Dalkara Deniz, Dufour Valerie, Pompeo Marinho Felipe, Merigan William, Aguirre Gustavo, Beltran William, Schaffer David, Flannery John. Directed Evolution of AAV for Efficient Gene Delivery to Canine and Primate Retina - Raw counts of variants from deep sequencing. Dryad. 2018. doi:10.6078/d1895r","[""dryad"", ""directed"", ""evolution"", ""aav"", ""efficient"", ""omics"", ""classification""]",0.180282926,"Scope screen: adjacent_add. Current Dryad v1 file listing: 3 files, 180282926 bytes.",omics,"[""omics""]",unknown,[],https://doi.org/10.6078/d1895r,official_repository,https://doi.org/10.6078/d1895r,self_service_authenticated,True,True,True,False,False,False,False,False,unknown,available,2026-08-01,official_metadata_and_file_listing_checked,Official Dryad API metadata and current-version file listing reviewed. Data files were not downloaded during catalog discovery.,standard_platform_supported,dryad,dryad_loader,0.4.0,False,,not_run,not_run,,,https://spdx.org/licenses/CC0-1.0.html,https://doi.org/10.6078/d1895r,dataset_files,Official Dryad deposit license applies to deposited dataset files.,10.6078/d1895r,,10.6078/d1895r,10.1172/jci.insight.135112,,,1,https://doi.org/10.6078/d1895r,[],https://doi.org/10.6078/d1895r,https://doi.org/10.6078/d1895r,https://doi.org/10.6078/d1895r,https://doi.org/10.6078/d1895r,True,2026-08-01,checked_against_official_repository,official_route_documented,not_run,dryad_d1895r,Directed Evolution of AAV for Efficient Gene Delivery to Canine and Primate Retina - Raw counts of variants from deep sequencing,cc0,cc0
dryad_d1zd5s,Single cell transcriptomic analyses reveal the impact of bHLH factors on human retinal organoid development,Official Dryad deposit of source-described ocular omics data for the associated study.,omics,"[""classification""]",,"[""all""]",,,,dryad,https://doi.org/10.5068/d1zd5s,CC0 1.0,"Yang Xian-Jie, Zhang Xiangmei, Mandric Igor, Nguyen Kevin, Nguyen Thao, Pellegrini Matteo, Grove James, Barnes Steven. Single cell transcriptomic analyses reveal the impact of bHLH factors on human retinal organoid development. Dryad. 2021. doi:10.5068/d1zd5s","[""dryad"", ""single"", ""cell"", ""transcriptomic"", ""analyses"", ""omics"", ""classification""]",0.044225447,"Scope screen: adjacent_add. Current Dryad v9 file listing: 4 files, 44225447 bytes.",omics,"[""omics""]",unknown,[],https://doi.org/10.5068/d1zd5s,official_repository,https://doi.org/10.5068/d1zd5s,self_service_authenticated,True,True,True,False,False,False,False,False,unknown,available,2026-08-01,official_metadata_and_file_listing_checked,Official Dryad API metadata and current-version file listing reviewed. Data files were not downloaded during catalog discovery.,standard_platform_supported,dryad,dryad_loader,0.4.0,False,,not_run,not_run,,,https://spdx.org/licenses/CC0-1.0.html,https://doi.org/10.5068/d1zd5s,dataset_files,Official Dryad deposit license applies to deposited dataset files.,10.5068/d1zd5s,,10.5068/d1zd5s,10.3389/fcell.2021.653305,,,9,https://doi.org/10.5068/d1zd5s,[],https://doi.org/10.5068/d1zd5s,https://doi.org/10.5068/d1zd5s,https://doi.org/10.5068/d1zd5s,https://doi.org/10.5068/d1zd5s,True,2026-08-01,checked_against_official_repository,official_route_documented,not_run,dryad_d1zd5s,Single cell transcriptomic analyses reveal the impact of bHLH factors on human retinal organoid development,cc0,cc0
dryad_diabetes_retinal_capillary,Diabetes Retinal Capillary Rarefaction Dataset,The human diabetic retinal-capillary case-control measurements directly support retinal vascular analysis.,fundus,"[""vessel_analysis"", ""regression""]",73,"[""all""]",,,,dryad,https://doi.org/10.5061/dryad.58791,CC0 1.0,"Jumar, Agnes, Harazny, Joanna M., Ott, Christian, Friedrich, Stefanie, Kistner, Iris, Striepe, Kristina, Schmieder, Roland, and Schmieder, Roland E.. Data from: Retinal capillary rarefaction in patients with type 2 diabetes mellitus. Dryad. 2017. doi:10.5061/dryad.58791","[""dryad"", ""diabetes"", ""retinal"", ""capillary"", ""fundus"", ""tabular""]",7.2745e-05,"Scope screen: core_add. Current Dryad v1 file listing: 1 files, 54983 bytes.",fundus,"[""fundus"", ""tabular""]",participants,"[{""count"": 73, ""evidence_basis"": ""official_source_description"", ""evidence_url"": ""https://doi.org/10.5061/dryad.58791"", ""exactness"": ""exact"", ""notes"": ""Source-stated quantity; Dryad file count is separate metadata and is not a scientific sample count."", ""primary"": true, ""review_date"": ""2026-08-01"", ""scope"": ""Source-described type 2 diabetes participant group"", ""unit"": ""participants""}]",https://doi.org/10.5061/dryad.58791,official_repository,https://doi.org/10.5061/dryad.58791,self_service_authenticated,True,True,True,False,False,False,False,False,unknown,available,2026-08-01,official_metadata_and_file_listing_checked,Official Dryad API metadata and current-version file listing reviewed. Data files were not downloaded during catalog discovery.,standard_platform_supported,dryad,dryad_loader,0.4.0,False,,not_run,not_run,,,https://spdx.org/licenses/CC0-1.0.html,https://doi.org/10.5061/dryad.58791,dataset_files,Official Dryad deposit license applies to deposited dataset files.,10.5061/dryad.58791,,10.5061/dryad.58791,10.1371/journal.pone.0162608,,,1,https://doi.org/10.5061/dryad.58791,[],https://doi.org/10.5061/dryad.58791,https://doi.org/10.5061/dryad.58791,https://doi.org/10.5061/dryad.58791,https://doi.org/10.5061/dryad.58791,True,2026-08-01,checked_against_official_repository,official_route_documented,not_run,dryad_diabetes_retinal_capillary,Diabetes Retinal Capillary Rarefaction Dataset,cc0,cc0
dryad_diabetic_retinopathy_renal,Diabetic Retinopathy and Renal Function Dataset,The 413-patient diabetic-retinopathy/macular-edema table is direct human ophthalmic clinical data.,tabular,"[""classification"", ""regression""]",413,"[""all""]",,,,dryad,https://doi.org/10.5061/dryad.6kg1sd7,CC0 1.0,"Zhuang, Xuenan, Cao, Dan, Yang, Dawei, Zeng, Yunkao, Yu, Honghua, Wang, Jun, Kuang, Jian, Xie, Jianteng, Zhang, Shuting, and Zhang, Liang. Data from: Association of diabetic retinopathy and diabetic macular edema with renal function in southern Chinese patients with type 2 diabetes mellitus: a single-center observational study. Dryad. 2019. doi:10.5061/dryad.6kg1sd7","[""dryad"", ""diabetic"", ""retinopathy"", ""renal"", ""tabular""]",0.000222096,"Scope screen: core_add. Current Dryad v1 file listing: 1 files, 202240 bytes.",tabular,"[""tabular""]",participants,"[{""count"": 413, ""evidence_basis"": ""official_source_description"", ""evidence_url"": ""https://doi.org/10.5061/dryad.6kg1sd7"", ""exactness"": ""exact"", ""notes"": ""Source-stated quantity; Dryad file count is separate metadata and is not a scientific sample count."", ""primary"": true, ""review_date"": ""2026-08-01"", ""scope"": ""Source-described southern Chinese type 2 diabetes participants"", ""unit"": ""participants""}]",https://doi.org/10.5061/dryad.6kg1sd7,official_repository,https://doi.org/10.5061/dryad.6kg1sd7,self_service_authenticated,True,True,True,False,False,False,False,False,unknown,available,2026-08-01,official_metadata_and_file_listing_checked,Official Dryad API metadata and current-version file listing reviewed. Data files were not downloaded during catalog discovery.,standard_platform_supported,dryad,dryad_loader,0.4.0,False,,not_run,not_run,,,https://spdx.org/licenses/CC0-1.0.html,https://doi.org/10.5061/dryad.6kg1sd7,dataset_files,Official Dryad deposit license applies to deposited dataset files.,10.5061/dryad.6kg1sd7,,10.5061/dryad.6kg1sd7,10.1136/bmjopen-2019-031194,,,1,https://doi.org/10.5061/dryad.6kg1sd7,[],https://doi.org/10.5061/dryad.6kg1sd7,https://doi.org/10.5061/dryad.6kg1sd7,https://doi.org/10.5061/dryad.6kg1sd7,https://doi.org/10.5061/dryad.6kg1sd7,True,2026-08-01,checked_against_official_repository,official_route_documented,not_run,dryad_diabetic_retinopathy_renal,Diabetic Retinopathy and Renal Function Dataset,cc0,cc0
dryad_dome_shaped_macula,Observational study of clinical characteristics of dome-shaped macula in Chinese Han with high myopia at Zhongshan Ophthalmic Center,"The 1,384-eye high-myopia database is a directly reusable human macular clinical cohort.",tabular,"[""measurement""]",1384,"[""all""]",,,,dryad,https://doi.org/10.5061/dryad.h544560,CC0 1.0,Observational study of clinical characteristics of dome-shaped macula in Chinese Han with high myopia at Zhongshan Ophthalmic Center. Dryad Dataset. doi:10.5061/dryad.h544560.,"[""dryad"", ""tabular"", ""dome"", ""shaped"", ""macula""]",0.000604505,Scope: core_add. Named file-level object: High myopia database workbook plus README. Official Dryad API metadata and current file listing reviewed 2026-08-01.,tabular,"[""tabular""]",eyes,"[{""count"": 1384, ""evidence_basis"": ""official_source_description"", ""evidence_url"": ""https://doi.org/10.5061/dryad.h544560"", ""exactness"": ""exact"", ""notes"": ""Current official Dryad metadata."", ""primary"": true, ""review_date"": ""2026-08-01"", ""scope"": ""Source-stated primary resource quantity."", ""unit"": ""eyes""}]",https://doi.org/10.5061/dryad.h544560,official_repository,https://doi.org/10.5061/dryad.h544560,self_service_authenticated,True,True,True,False,False,False,False,False,unknown,available,2026-08-01,official_metadata_and_file_listing_checked,Official Dryad API metadata and current-version file listing reviewed. Data files were not downloaded during catalog discovery.,standard_platform_supported,dryad,dryad_loader,0.4.0,False,,not_run,not_run,,,https://spdx.org/licenses/CC0-1.0.html,https://doi.org/10.5061/dryad.h544560,dataset_files,Review the cited source for component-specific terms.,10.5061/dryad.h544560,,10.5061/dryad.h544560,10.1136/bmjopen-2018-021887,,,1,https://doi.org/10.5061/dryad.h544560,[],https://doi.org/10.5061/dryad.h544560,https://doi.org/10.5061/dryad.h544560,https://doi.org/10.5061/dryad.h544560,https://doi.org/10.5061/dryad.h544560,True,2026-08-01,checked_against_official_repository,official_api_file_listing_checked,not_run,dryad_dome_shaped_macula,Observational study of clinical characteristics of dome-shaped macula in Chinese Han with high myopia at Zhongshan Ophthalmic Center,cc0,cc0
dryad_dry_eye_nlrp3,Dry Eye NLRP3 Ocular Surface Dataset,"Dry-eye clinical, tear, and ocular-surface molecular data directly support human ocular-surface disease analysis.",omics,"[""classification""]",150,"[""all""]",,,,dryad,https://doi.org/10.5061/dryad.7vn28,CC0 1.0,"Niu, Liangliang, Zhang, Shujie, Wu, Jihong, Chen, Ling, and Wang, Yan. Data from: Upregulation of NLRP3 inflammasome in the tears and ocular surface of dry eye patients. Dryad. 2015. doi:10.5061/dryad.7vn28","[""dryad"", ""dry"", ""eye"", ""nlrp3"", ""omics"", ""tabular""]",0.000307959,"Scope screen: core_add. Current Dryad v1 file listing: 1 files, 283622 bytes.",omics,"[""omics"", ""tabular""]",participants,"[{""count"": 150, ""evidence_basis"": ""official_source_description"", ""evidence_url"": ""https://doi.org/10.5061/dryad.7vn28"", ""exactness"": ""exact"", ""notes"": ""Source-stated quantity; Dryad file count is separate metadata and is not a scientific sample count."", ""primary"": true, ""review_date"": ""2026-08-01"", ""scope"": ""Source-described dry-eye and healthy control participants"", ""unit"": ""participants""}]",https://doi.org/10.5061/dryad.7vn28,official_repository,https://doi.org/10.5061/dryad.7vn28,self_service_authenticated,True,True,True,False,False,False,False,False,unknown,available,2026-08-01,official_metadata_and_file_listing_checked,Official Dryad API metadata and current-version file listing reviewed. Data files were not downloaded during catalog discovery.,standard_platform_supported,dryad,dryad_loader,0.4.0,False,,not_run,not_run,,,https://spdx.org/licenses/CC0-1.0.html,https://doi.org/10.5061/dryad.7vn28,dataset_files,Official Dryad deposit license applies to deposited dataset files.,10.5061/dryad.7vn28,,10.5061/dryad.7vn28,10.1371/journal.pone.0126277,,,1,https://doi.org/10.5061/dryad.7vn28,[],https://doi.org/10.5061/dryad.7vn28,https://doi.org/10.5061/dryad.7vn28,https://doi.org/10.5061/dryad.7vn28,https://doi.org/10.5061/dryad.7vn28,True,2026-08-01,checked_against_official_repository,official_route_documented,not_run,dryad_dry_eye_nlrp3,Dry Eye NLRP3 Ocular Surface Dataset,cc0,cc0
dryad_eye_care_quality_of_life,Utility index and vision related quality of life in patients awaiting specialist eye care,The 536-person eye-care quality-of-life dataset is directly usable for human ophthalmic service evaluation.,tabular,"[""measurement""]",536,"[""all""]",,,,dryad,https://doi.org/10.5061/dryad.h44j0zpv3,CC0 1.0,Utility index and vision related quality of life in patients awaiting specialist eye care. Dryad Dataset. doi:10.5061/dryad.h44j0zpv3.,"[""dryad"", ""tabular"", ""eye"", ""care"", ""quality""]",9.5224e-05,Scope: core_add. Named file-level object: Dataset_VFQ-Utility_ageRANGE.xlsx plus README. Official Dryad API metadata and current file listing reviewed 2026-08-01.,tabular,"[""tabular""]",participants,"[{""count"": 536, ""evidence_basis"": ""official_source_description"", ""evidence_url"": ""https://doi.org/10.5061/dryad.h44j0zpv3"", ""exactness"": ""exact"", ""notes"": ""Current official Dryad metadata."", ""primary"": true, ""review_date"": ""2026-08-01"", ""scope"": ""Source-stated primary resource quantity."", ""unit"": ""participants""}]",https://doi.org/10.5061/dryad.h44j0zpv3,official_repository,https://doi.org/10.5061/dryad.h44j0zpv3,self_service_authenticated,True,True,True,False,False,False,False,False,unknown,available,2026-08-01,official_metadata_and_file_listing_checked,Official Dryad API metadata and current-version file listing reviewed. Data files were not downloaded during catalog discovery.,standard_platform_supported,dryad,dryad_loader,0.4.0,False,,not_run,not_run,,,https://spdx.org/licenses/CC0-1.0.html,https://doi.org/10.5061/dryad.h44j0zpv3,dataset_files,Review the cited source for component-specific terms.,10.5061/dryad.h44j0zpv3,,10.5061/dryad.h44j0zpv3,10.1371/journal.pone.0307691,,,7,https://doi.org/10.5061/dryad.h44j0zpv3,[],https://doi.org/10.5061/dryad.h44j0zpv3,https://doi.org/10.5061/dryad.h44j0zpv3,https://doi.org/10.5061/dryad.h44j0zpv3,https://doi.org/10.5061/dryad.h44j0zpv3,True,2026-08-01,checked_against_official_repository,official_api_file_listing_checked,not_run,dryad_eye_care_quality_of_life,Utility index and vision related quality of life in patients awaiting specialist eye care,cc0,cc0
dryad_eye_head_visual_selection,Eye and Head Visual Selection Dataset,The human gaze-contingent experiment provides a defined eye-tracking research object for ocular-motor measurement.,eye_tracking,"[""gaze_estimation"", ""measurement""]",,"[""all""]",,,,dryad,https://doi.org/10.5061/dryad.33kh1,CC0 1.0,"Solman, Grayden J. F., Foulsham, Thomas, Kingstone, Alan, and Foulsham, Tom. Data from: Eye and head movements are complementary in visual selection. Dryad. 2016. doi:10.5061/dryad.33kh1","[""dryad"", ""eye"", ""head"", ""visual"", ""selection"", ""eye_tracking""]",0.000102338,"Scope screen: adjacent_add. Current Dryad v1 file listing: 1 files, 82791 bytes.",eye_tracking,"[""eye_tracking""]",unknown,[],https://doi.org/10.5061/dryad.33kh1,official_repository,https://doi.org/10.5061/dryad.33kh1,self_service_authenticated,True,True,True,False,False,False,False,False,unknown,available,2026-08-01,official_metadata_and_file_listing_checked,Official Dryad API metadata and current-version file listing reviewed. Data files were not downloaded during catalog discovery.,standard_platform_supported,dryad,dryad_loader,0.4.0,False,,not_run,not_run,,,https://spdx.org/licenses/CC0-1.0.html,https://doi.org/10.5061/dryad.33kh1,dataset_files,Official Dryad deposit license applies to deposited dataset files.,10.5061/dryad.33kh1,,10.5061/dryad.33kh1,10.1098/rsos.160569,,,1,https://doi.org/10.5061/dryad.33kh1,[],https://doi.org/10.5061/dryad.33kh1,https://doi.org/10.5061/dryad.33kh1,https://doi.org/10.5061/dryad.33kh1,https://doi.org/10.5061/dryad.33kh1,True,2026-08-01,checked_against_official_repository,official_route_documented,not_run,dryad_eye_head_visual_selection,Eye and Head Visual Selection Dataset,cc0,cc0
dryad_functional_oct_alzheimer,Functional OCT Retinal Response Dataset,"Repeated light/dark SD-OCT acquisitions and retinal reflectivity profiles from healthy, neuromyelitis-optica, and Alzheimer groups.",oct,"[""classification"", ""registration"", ""regression""]",40,"[""all""]",,,,dryad,https://doi.org/10.5061/dryad.msbcc2ftc,CC0 1.0,"Bissig D, Zhou C, Le V, Bernard J. A practical approach to functional optical coherence tomography shows abnormal retinal responses in Alzheimer's disease. Dryad. 2020. doi:10.5061/dryad.msbcc2ftc","[""dryad"", ""oct"", ""functional_oct"", ""alzheimer"", ""light_response"", ""raw_images""]",0.843520297,"The current version contains 40 unique participant identifiers across four experiments, including overlapping experiment groups. Dryad file downloads require a user-supplied API token; EyeDataHub can also obtain a fresh token from locally configured Dryad client credentials.",oct,"[""oct""]",participants,"[{""count"": 40, ""evidence_basis"": ""current_deposit_table"", ""evidence_url"": ""https://doi.org/10.5061/dryad.msbcc2ftc"", ""exactness"": ""exact"", ""notes"": ""The Experiment 2 table has four participants, three of whom also occur in the Experiments 1, 3, and 4 table."", ""primary"": true, ""review_date"": ""2026-08-01"", ""scope"": ""Unique participant identifiers across the two deposited profile tables in Dryad version 6"", ""unit"": ""participants""}, {""count"": 1370, ""evidence_basis"": ""current_deposit_table"", ""evidence_url"": ""https://doi.org/10.5061/dryad.msbcc2ftc"", ""exactness"": ""exact"", ""notes"": """", ""primary"": false, ""review_date"": ""2026-08-01"", ""scope"": ""Processed retinal-reflectivity profile rows across the two deposited tables"", ""unit"": ""rows""}, {""count"": 432, ""evidence_basis"": ""current_deposit_file_listing"", ""evidence_url"": ""https://doi.org/10.5061/dryad.msbcc2ftc"", ""exactness"": ""exact"", ""notes"": ""This file count includes raw, manually marked, flattened, and spatially normalized representations and is not an independent acquisition count."", ""primary"": false, ""review_date"": ""2026-08-01"", ""scope"": ""ANALYZE-format .img objects in the Dryad version 6 archive"", ""unit"": ""images""}, {""count"": 1, ""evidence_basis"": ""current_deposit_file_listing"", ""evidence_url"": ""https://doi.org/10.5061/dryad.msbcc2ftc"", ""exactness"": ""exact"", ""notes"": """", ""primary"": false, ""review_date"": ""2026-08-01"", ""scope"": ""RAR archive in Dryad version 6"", ""unit"": ""deposited_files""}, {""count"": 8, ""evidence_basis"": ""official_source_description"", ""evidence_url"": ""https://doi.org/10.5061/dryad.msbcc2ftc"", ""exactness"": ""exact"", ""notes"": """", ""primary"": false, ""review_date"": ""2026-08-01"", ""scope"": ""Healthy young-adult experiment"", ""unit"": ""group_enrollments""}, {""count"": 3, ""evidence_basis"": ""official_source_description"", ""evidence_url"": ""https://doi.org/10.5061/dryad.msbcc2ftc"", ""exactness"": ""exact"", ""notes"": """", ""primary"": false, ""review_date"": ""2026-08-01"", ""scope"": ""Aquaporin-4 antibody experiment"", ""unit"": ""group_enrollments""}, {""count"": 14, ""evidence_basis"": ""official_source_description"", ""evidence_url"": ""https://doi.org/10.5061/dryad.msbcc2ftc"", ""exactness"": ""exact"", ""notes"": """", ""primary"": false, ""review_date"": ""2026-08-01"", ""scope"": ""Early-onset Alzheimer group"", ""unit"": ""group_enrollments""}, {""count"": 14, ""evidence_basis"": ""official_source_description"", ""evidence_url"": ""https://doi.org/10.5061/dryad.msbcc2ftc"", ""exactness"": ""exact"", ""notes"": ""Group counts are not summed because cross-experiment overlap was not resolved."", ""primary"": false, ""review_date"": ""2026-08-01"", ""scope"": ""Age-matched control group"", ""unit"": ""group_enrollments""}]",https://doi.org/10.5061/dryad.msbcc2ftc,official_repository,https://doi.org/10.5061/dryad.msbcc2ftc,self_service_authenticated,True,True,True,False,False,False,False,False,unknown,available,2026-07-21,author_source_checked,Author-conducted source check; transfer completeness was evaluated separately.,end_to_end_tested,dryad,dryad_loader,0.4.0,True,2026-07-31,complete_current_deposit_downloaded,complete_current_deposit_downloaded,python hub/audit/verify_download_and_load.py run,,CC0 1.0,https://doi.org/10.5061/dryad.msbcc2ftc,dataset_files,Review the cited source for component-specific terms.,10.5061/dryad.msbcc2ftc,,10.5061/dryad.msbcc2ftc,,,,6,https://doi.org/10.5061/dryad.msbcc2ftc,[],https://doi.org/10.5061/dryad.msbcc2ftc,https://doi.org/10.5061/dryad.msbcc2ftc,https://doi.org/10.5061/dryad.msbcc2ftc,https://doi.org/10.5061/dryad.msbcc2ftc,True,2026-07-21,checked_against_cited_source,author_source_checked,complete_current_deposit_downloaded,dryad_functional_oct_alzheimer,Functional OCT Retinal Response Dataset,cc0,cc0
dryad_fundus_venous_pulsation,Fundus Venous Pulsation Sequence Dataset,Twelve human fundus-image sequences are a direct ocular imaging resource for venous-pulsation measurement.,fundus,"[""vessel_analysis"", ""measurement""]",,"[""all""]",,,,dryad,https://doi.org/10.5061/dryad.56f1h,CC0 1.0,"Moret, Fabrice, Reiff, Charlotte M., Lagrèze, Wolf A., and Bach, Michael. Data from: Quantitative analysis of fundus-image sequences reveals phase of spontaneous venous pulsations. Dryad. 2016. doi:10.5061/dryad.56f1h","[""dryad"", ""fundus"", ""venous"", ""pulsation"", ""infrared""]",0.118605201,"Scope screen: core_add. Current Dryad v1 file listing: 2 files, 118583295 bytes.",fundus,"[""fundus"", ""infrared""]",unknown,[],https://doi.org/10.5061/dryad.56f1h,official_repository,https://doi.org/10.5061/dryad.56f1h,self_service_authenticated,True,True,True,False,False,False,False,False,unknown,available,2026-08-01,official_metadata_and_file_listing_checked,Official Dryad API metadata and current-version file listing reviewed. Data files were not downloaded during catalog discovery.,standard_platform_supported,dryad,dryad_loader,0.4.0,False,,not_run,not_run,,,https://spdx.org/licenses/CC0-1.0.html,https://doi.org/10.5061/dryad.56f1h,dataset_files,Official Dryad deposit license applies to deposited dataset files.,10.5061/dryad.56f1h,,10.5061/dryad.56f1h,10.1167/tvst.4.5.3,,,1,https://doi.org/10.5061/dryad.56f1h,[],https://doi.org/10.5061/dryad.56f1h,https://doi.org/10.5061/dryad.56f1h,https://doi.org/10.5061/dryad.56f1h,https://doi.org/10.5061/dryad.56f1h,True,2026-08-01,checked_against_official_repository,official_route_documented,not_run,dryad_fundus_venous_pulsation,Fundus Venous Pulsation Sequence Dataset,cc0,cc0
dryad_fungal_keratitis_azole_assay,Phase-dependent differential in vitro and ex vivo susceptibility of Aspergillus flavus and Fusarium keratoplasticum to azole antifungals,The raw corneal-coverage and absorbance CSVs are a defined fungal-keratitis drug-response assay resource.,tabular,"[""evaluation""]",,"[""all""]",,,,dryad,https://doi.org/10.5061/dryad.bk3j9kdjf,CC0 1.0,Phase-dependent differential in vitro and ex vivo susceptibility of Aspergillus flavus and Fusarium keratoplasticum to azole antifungals. Dryad Dataset. doi:10.5061/dryad.bk3j9kdjf.,"[""dryad"", ""tabular"", ""fungal"", ""keratitis"", ""azole""]",7.4796e-05,Scope: adjacent_add. Named file-level object: Two raw assay CSVs plus README. Official Dryad API metadata and current file listing reviewed 2026-08-01.,tabular,"[""tabular""]",unknown,[],https://doi.org/10.5061/dryad.bk3j9kdjf,official_repository,https://doi.org/10.5061/dryad.bk3j9kdjf,self_service_authenticated,True,True,True,False,False,False,False,False,unknown,available,2026-08-01,official_metadata_and_file_listing_checked,Official Dryad API metadata and current-version file listing reviewed. Data files were not downloaded during catalog discovery.,standard_platform_supported,dryad,dryad_loader,0.4.0,False,,not_run,not_run,,,https://spdx.org/licenses/CC0-1.0.html,https://doi.org/10.5061/dryad.bk3j9kdjf,dataset_files,Review the cited source for component-specific terms.,10.5061/dryad.bk3j9kdjf,,10.5061/dryad.bk3j9kdjf,10.3390/jof9100966,,,3,https://doi.org/10.5061/dryad.bk3j9kdjf,[],https://doi.org/10.5061/dryad.bk3j9kdjf,https://doi.org/10.5061/dryad.bk3j9kdjf,https://doi.org/10.5061/dryad.bk3j9kdjf,https://doi.org/10.5061/dryad.bk3j9kdjf,True,2026-08-01,checked_against_official_repository,official_api_file_listing_checked,not_run,dryad_fungal_keratitis_azole_assay,Phase-dependent differential in vitro and ex vivo susceptibility of Aspergillus flavus and Fusarium keratoplasticum to azole antifungals,cc0,cc0
dryad_fungal_keratitis_cci,CCI.net fungal keratitis cases dataset,"The 8,697-image fungal-keratitis dataset has explicit classification and segmentation splits and is directly usable for translational corneal imaging.",external_eye,"[""classification"", ""segmentation""]",8697,"[""all""]",,,,dryad,https://doi.org/10.5061/dryad.8931zcrw5,CC0 1.0,CCI.net fungal keratitis cases dataset. Dryad Dataset. doi:10.5061/dryad.8931zcrw5.,"[""dryad"", ""external_eye"", ""fungal"", ""keratitis"", ""cci""]",0.258950684,Scope: core_add. Named file-level object: CCI_net_dataset.zip plus README. Official Dryad API metadata and current file listing reviewed 2026-08-01.,external_eye,"[""external_eye""]",images,"[{""count"": 8697, ""evidence_basis"": ""official_source_description"", ""evidence_url"": ""https://doi.org/10.5061/dryad.8931zcrw5"", ""exactness"": ""exact"", ""notes"": ""Current official Dryad metadata."", ""primary"": true, ""review_date"": ""2026-08-01"", ""scope"": ""Source-stated primary resource quantity."", ""unit"": ""images""}]",https://doi.org/10.5061/dryad.8931zcrw5,official_repository,https://doi.org/10.5061/dryad.8931zcrw5,self_service_authenticated,True,True,True,False,False,False,False,False,unknown,available,2026-08-01,official_metadata_and_file_listing_checked,Official Dryad API metadata and current-version file listing reviewed. Data files were not downloaded during catalog discovery.,standard_platform_supported,dryad,dryad_loader,0.4.0,False,,not_run,not_run,,,https://spdx.org/licenses/CC0-1.0.html,https://doi.org/10.5061/dryad.8931zcrw5,dataset_files,Review the cited source for component-specific terms.,10.5061/dryad.8931zcrw5,,10.5061/dryad.8931zcrw5,,,,8,https://doi.org/10.5061/dryad.8931zcrw5,[],https://doi.org/10.5061/dryad.8931zcrw5,https://doi.org/10.5061/dryad.8931zcrw5,https://doi.org/10.5061/dryad.8931zcrw5,https://doi.org/10.5061/dryad.8931zcrw5,True,2026-08-01,checked_against_official_repository,official_api_file_listing_checked,not_run,dryad_fungal_keratitis_cci,CCI.net fungal keratitis cases dataset,cc0,cc0
dryad_ga_biofeedback,Biofeedback fixation training in the rehabilitation of patients suffering from geographic atrophy,The 18-participant final CSV is a direct human geographic-atrophy rehabilitation outcome resource.,tabular,"[""evaluation""]",18,"[""all""]",,,,dryad,https://doi.org/10.5061/dryad.ngf1vhj81,CC0 1.0,Biofeedback fixation training in the rehabilitation of patients suffering from geographic atrophy. Dryad Dataset. doi:10.5061/dryad.ngf1vhj81.,"[""dryad"", ""tabular"", ""ga"", ""biofeedback""]",1.0256e-05,Scope: core_add. Named file-level object: AMD-Biofeedback_dataset_final.csv plus README. Official Dryad API metadata and current file listing reviewed 2026-08-01.,tabular,"[""tabular""]",participants,"[{""count"": 18, ""evidence_basis"": ""official_source_description"", ""evidence_url"": ""https://doi.org/10.5061/dryad.ngf1vhj81"", ""exactness"": ""exact"", ""notes"": ""Current official Dryad metadata."", ""primary"": true, ""review_date"": ""2026-08-01"", ""scope"": ""Source-stated primary resource quantity."", ""unit"": ""participants""}]",https://doi.org/10.5061/dryad.ngf1vhj81,official_repository,https://doi.org/10.5061/dryad.ngf1vhj81,self_service_authenticated,True,True,True,False,False,False,False,False,unknown,available,2026-08-01,official_metadata_and_file_listing_checked,Official Dryad API metadata and current-version file listing reviewed. Data files were not downloaded during catalog discovery.,standard_platform_supported,dryad,dryad_loader,0.4.0,False,,not_run,not_run,,,https://spdx.org/licenses/CC0-1.0.html,https://doi.org/10.5061/dryad.ngf1vhj81,dataset_files,Review the cited source for component-specific terms.,10.5061/dryad.ngf1vhj81,,10.5061/dryad.ngf1vhj81,10.3390/life16010165,,,5,https://doi.org/10.5061/dryad.ngf1vhj81,[],https://doi.org/10.5061/dryad.ngf1vhj81,https://doi.org/10.5061/dryad.ngf1vhj81,https://doi.org/10.5061/dryad.ngf1vhj81,https://doi.org/10.5061/dryad.ngf1vhj81,True,2026-08-01,checked_against_official_repository,official_api_file_listing_checked,not_run,dryad_ga_biofeedback,Biofeedback fixation training in the rehabilitation of patients suffering from geographic atrophy,cc0,cc0
dryad_gca_optic_nerve_dwi,GCA Optic Nerve Diffusion MRI Dataset,Optic-nerve diffusion-MRI assessment data directly support ischemic optic-neuropathy classification.,multimodal,"[""classification""]",37,"[""all""]",,,,dryad,https://doi.org/10.5061/dryad.59zw3r2bk,CC0 1.0,"Danyel, Leon Alexander. Utility of standard diffusion-weighted magnetic resonance imaging for the identification of ischemic optic neuropathy in giant cell arteritis. Dryad. 2022. doi:10.5061/dryad.59zw3r2bk","[""dryad"", ""gca"", ""optic"", ""nerve"", ""dwi"", ""orbital_mri"", ""tabular""]",0.000753558,"Scope screen: core_add. Current Dryad v4 file listing: 2 files, 695487 bytes.",multimodal,"[""orbital_mri"", ""tabular""]",mri_scans,"[{""count"": 37, ""evidence_basis"": ""official_source_description"", ""evidence_url"": ""https://doi.org/10.5061/dryad.59zw3r2bk"", ""exactness"": ""exact"", ""notes"": ""Source-stated scientific quantity; deposit file count is recorded separately."", ""primary"": true, ""review_date"": ""2026-08-01"", ""scope"": ""Diffusion-weighted MRI scans in the source-described GCA study"", ""unit"": ""mri_scans""}]",https://doi.org/10.5061/dryad.59zw3r2bk,official_repository,https://doi.org/10.5061/dryad.59zw3r2bk,self_service_authenticated,True,True,True,False,False,False,False,False,unknown,available,2026-08-01,official_metadata_and_file_listing_checked,Official Dryad API metadata and current-version file listing reviewed. Data files were not downloaded during catalog discovery.,standard_platform_supported,dryad,dryad_loader,0.4.0,False,,not_run,not_run,,,https://spdx.org/licenses/CC0-1.0.html,https://doi.org/10.5061/dryad.59zw3r2bk,dataset_files,Official Dryad deposit license applies to deposited dataset files.,10.5061/dryad.59zw3r2bk,,10.5061/dryad.59zw3r2bk,10.1038/s41598-022-20916-y,,,4,https://doi.org/10.5061/dryad.59zw3r2bk,[],https://doi.org/10.5061/dryad.59zw3r2bk,https://doi.org/10.5061/dryad.59zw3r2bk,https://doi.org/10.5061/dryad.59zw3r2bk,https://doi.org/10.5061/dryad.59zw3r2bk,True,2026-08-01,checked_against_official_repository,official_route_documented,not_run,dryad_gca_optic_nerve_dwi,GCA Optic Nerve Diffusion MRI Dataset,cc0,cc0
dryad_gcc_glaucoma,Glaucoma Ganglion Cell Complex Clinical Dataset,"Eye-level demographics, clinical measurements, and SD-OCT-derived macular ganglion-cell-complex thickness for glaucoma assessment.",tabular,"[""classification"", ""regression""]",406,"[""all""]",,,,dryad,https://doi.org/10.5061/dryad.xwdbrv1tn,CC0 1.0,"Poudel A, Gautam Adhikari P, Ghimire B, Thapa M. Diagnostic capability of ganglion cell complex thickness via spectral domain optical coherence tomography in glaucoma. Dryad. 2026. doi:10.5061/dryad.xwdbrv1tn","[""dryad"", ""glaucoma"", ""oct"", ""gcc"", ""nepal"", ""clinical""]",1.3e-05,"Contains 406 eye-level rows from 203 participants (POAG, glaucoma suspect, and control). Both eyes can occur, so analyses must account for within-participant correlation.",tabular,"[""tabular""]",eyes,"[{""count"": 406, ""evidence_basis"": ""official_source_description"", ""evidence_url"": ""https://doi.org/10.5061/dryad.xwdbrv1tn"", ""exactness"": ""exact"", ""notes"": """", ""primary"": true, ""review_date"": ""2026-08-01"", ""scope"": ""Eye-level table rows"", ""unit"": ""eyes""}, {""count"": 203, ""evidence_basis"": ""official_source_description"", ""evidence_url"": ""https://doi.org/10.5061/dryad.xwdbrv1tn"", ""exactness"": ""exact"", ""notes"": """", ""primary"": false, ""review_date"": ""2026-08-01"", ""scope"": ""Participants contributing 406 eye rows"", ""unit"": ""participants""}]",https://doi.org/10.5061/dryad.xwdbrv1tn,official_repository,https://doi.org/10.5061/dryad.xwdbrv1tn,self_service_authenticated,True,True,True,False,False,False,False,False,unknown,available,2026-07-21,author_source_checked,Author-conducted source check; transfer completeness was evaluated separately.,end_to_end_tested,dryad,dryad_loader,0.4.0,True,2026-07-31,complete_current_deposit_downloaded,complete_current_deposit_downloaded,python hub/audit/verify_download_and_load.py run,,CC0 1.0,https://doi.org/10.5061/dryad.xwdbrv1tn,dataset_files,Review the cited source for component-specific terms.,10.5061/dryad.xwdbrv1tn,,10.5061/dryad.xwdbrv1tn,,,,,https://doi.org/10.5061/dryad.xwdbrv1tn,[],https://doi.org/10.5061/dryad.xwdbrv1tn,https://doi.org/10.5061/dryad.xwdbrv1tn,https://doi.org/10.5061/dryad.xwdbrv1tn,https://doi.org/10.5061/dryad.xwdbrv1tn,True,2026-07-21,checked_against_cited_source,author_source_checked,complete_current_deposit_downloaded,dryad_gcc_glaucoma,Glaucoma Ganglion Cell Complex Clinical Dataset,cc0,cc0
dryad_glaucoma_lhon_mitochondrial,Glaucoma and LHON Mitochondrial Function Dataset,Systemic mitochondrial-function measurements are directly linked to human glaucoma and LHON disease mechanisms.,omics,"[""regression""]",,"[""all""]",,,,dryad,https://doi.org/10.5061/dryad.2k4v4,CC0 1.0,"Van Bergen, Nicole J., Crowston, Jonathan G., Craig, Jamie E., Burdon, Kathryn P., Kearns, Lisa S., Sharma, Shiwani, Hewitt, Alex W., Mackey, David A., and Trounce, Ian A.. Data from: Measurement of systemic mitochondrial function in advanced primary open-angle glaucoma and Leber hereditary optic neuropathy. Dryad. 2016. doi:10.5061/dryad.2k4v4","[""dryad"", ""glaucoma"", ""lhon"", ""mitochondrial"", ""omics"", ""tabular""]",3.6949e-05,"Scope screen: core_add. Current Dryad v1 file listing: 1 files, 14688 bytes.",omics,"[""omics"", ""tabular""]",unknown,[],https://doi.org/10.5061/dryad.2k4v4,official_repository,https://doi.org/10.5061/dryad.2k4v4,self_service_authenticated,True,True,True,False,False,False,False,False,unknown,available,2026-08-01,official_metadata_and_file_listing_checked,Official Dryad API metadata and current-version file listing reviewed. Data files were not downloaded during catalog discovery.,standard_platform_supported,dryad,dryad_loader,0.4.0,False,,not_run,not_run,,,https://spdx.org/licenses/CC0-1.0.html,https://doi.org/10.5061/dryad.2k4v4,dataset_files,Official Dryad deposit license applies to deposited dataset files.,10.5061/dryad.2k4v4,,10.5061/dryad.2k4v4,10.1371/journal.pone.0140919,,,1,https://doi.org/10.5061/dryad.2k4v4,[],https://doi.org/10.5061/dryad.2k4v4,https://doi.org/10.5061/dryad.2k4v4,https://doi.org/10.5061/dryad.2k4v4,https://doi.org/10.5061/dryad.2k4v4,True,2026-08-01,checked_against_official_repository,official_route_documented,not_run,dryad_glaucoma_lhon_mitochondrial,Glaucoma and LHON Mitochondrial Function Dataset,cc0,cc0
dryad_glaucoma_rnfl_vf,RNFL and Visual-Field Glaucoma Diagnosis Dataset,"Clinical records combining retinal nerve fiber layer, visual-field, corneal-thickness, and intraocular-pressure features.",tabular,"[""classification""]",499,"[""all""]",,,,dryad,https://doi.org/10.5061/dryad.q6ft5,CC0 1.0,Development of machine learning models for diagnosis of glaucoma. Dryad. 2018. doi:10.5061/dryad.q6ft5,"[""dryad"", ""glaucoma"", ""rnfl"", ""visual_field"", ""clinical""]",3.2e-05,The source reports 399 training/validation cases and 100 held-out test cases. The archive contains examination-record features rather than raw OCT or visual-field images.,tabular,"[""tabular"", ""visual_field""]",records,"[{""count"": 499, ""evidence_basis"": ""legacy_catalog_field"", ""evidence_url"": ""https://doi.org/10.5061/dryad.q6ft5"", ""exactness"": ""not_assessed"", ""notes"": """", ""primary"": true, ""review_date"": ""2026-08-01"", ""scope"": ""Primary quantity reported in the reviewed catalog source"", ""unit"": ""records""}]",https://doi.org/10.5061/dryad.q6ft5,official_repository,https://doi.org/10.5061/dryad.q6ft5,self_service_authenticated,True,True,True,False,False,False,False,False,unknown,available,2026-07-21,author_source_checked,Author-conducted source check; transfer completeness was evaluated separately.,end_to_end_tested,dryad,dryad_loader,0.4.0,True,2026-07-31,complete_current_deposit_downloaded,complete_current_deposit_downloaded,python hub/audit/verify_download_and_load.py run,,CC0 1.0,https://doi.org/10.5061/dryad.q6ft5,dataset_files,Review the cited source for component-specific terms.,10.5061/dryad.q6ft5,,10.5061/dryad.q6ft5,,,,,https://doi.org/10.5061/dryad.q6ft5,[],https://doi.org/10.5061/dryad.q6ft5,https://doi.org/10.5061/dryad.q6ft5,https://doi.org/10.5061/dryad.q6ft5,https://doi.org/10.5061/dryad.q6ft5,True,2026-07-21,checked_against_cited_source,author_source_checked,complete_current_deposit_downloaded,dryad_glaucoma_rnfl_vf,RNFL and Visual-Field Glaucoma Diagnosis Dataset,cc0,cc0
dryad_glaucoma_tears_mirna,Glaucoma Tear miRNA Dataset,Normalized tear miRNA measurements support biomarker analysis in primary open-angle glaucoma and ocular hypertension.,omics,"[""classification""]",,"[""all""]",,,,dryad,https://doi.org/10.5061/dryad.bcc2fqzj1,CC0 1.0,"Zanon-Moreno, Vicente, and Pinazo-Duran, Dolores. miRNAs in primary open-angle glaucoma and ocular hypertension. Dryad. 2023. doi:10.5061/dryad.bcc2fqzj1","[""dryad"", ""glaucoma"", ""ocular_hypertension"", ""tears"", ""mirna"", ""biomarkers""]",0.000142778,Deferred-resolution scope: core_add. Current Dryad v3 listing contains 2 files totaling 69620 bytes. No source-stated primary quantity was identified; file count is not used as num_samples.,omics,"[""omics""]",unknown,[],https://doi.org/10.5061/dryad.bcc2fqzj1,official_repository,https://doi.org/10.5061/dryad.bcc2fqzj1,self_service_authenticated,True,True,True,False,False,False,False,False,unknown,available,2026-08-01,official_metadata_and_file_listing_checked,Official Dryad API metadata and current-version file listing reviewed. Data files were not downloaded during catalog discovery.,standard_platform_supported,dryad,dryad_loader,0.4.0,False,,not_run,not_run,,,https://spdx.org/licenses/CC0-1.0.html,https://doi.org/10.5061/dryad.bcc2fqzj1,dataset_files,Official Dryad deposit license applies to deposited dataset files.,10.5061/dryad.bcc2fqzj1,,10.5061/dryad.bcc2fqzj1,10.3389/fmed.2023.1157773,,,3,https://doi.org/10.5061/dryad.bcc2fqzj1,[],https://doi.org/10.5061/dryad.bcc2fqzj1,https://doi.org/10.5061/dryad.bcc2fqzj1,https://doi.org/10.5061/dryad.bcc2fqzj1,https://doi.org/10.5061/dryad.bcc2fqzj1,True,2026-08-01,checked_against_official_repository,official_route_documented,not_run,dryad_glaucoma_tears_mirna,Glaucoma Tear miRNA Dataset,cc0,cc0
dryad_htr1b_mouse_retina,<em>Htr1b</em> is necessary for normal retinal function in mice,Separate ERG MEA optomotor and retinal-thickness files define a reusable retinal functional disease-mechanism assay.,electrophysiology,"[""measurement"", ""evaluation""]",,"[""all""]",,,,dryad,https://doi.org/10.5061/dryad.bk3j9kdps,CC0 1.0,<em>Htr1b</em> is necessary for normal retinal function in mice. Dryad Dataset. doi:10.5061/dryad.bk3j9kdps.,"[""dryad"", ""electrophysiology"", ""htr1b"", ""mouse"", ""retina""]",0.000113358,Scope: adjacent_add. Named file-level object: ERG/MEA/OKR/thickness workbooks plus README. Official Dryad API metadata and current file listing reviewed 2026-08-01.,electrophysiology,"[""electrophysiology"", ""tabular""]",unknown,[],https://doi.org/10.5061/dryad.bk3j9kdps,official_repository,https://doi.org/10.5061/dryad.bk3j9kdps,self_service_authenticated,True,True,True,False,False,False,False,False,unknown,available,2026-08-01,official_metadata_and_file_listing_checked,Official Dryad API metadata and current-version file listing reviewed. Data files were not downloaded during catalog discovery.,standard_platform_supported,dryad,dryad_loader,0.4.0,False,,not_run,not_run,,,https://spdx.org/licenses/CC0-1.0.html,https://doi.org/10.5061/dryad.bk3j9kdps,dataset_files,Review the cited source for component-specific terms.,10.5061/dryad.bk3j9kdps,,10.5061/dryad.bk3j9kdps,10.3389/fncel.2025.1690447,,,7,https://doi.org/10.5061/dryad.bk3j9kdps,[],https://doi.org/10.5061/dryad.bk3j9kdps,https://doi.org/10.5061/dryad.bk3j9kdps,https://doi.org/10.5061/dryad.bk3j9kdps,https://doi.org/10.5061/dryad.bk3j9kdps,True,2026-08-01,checked_against_official_repository,official_api_file_listing_checked,not_run,dryad_htr1b_mouse_retina,<em>Htr1b</em> is necessary for normal retinal function in mice,cc0,cc0
dryad_human_foveal_cones,Human foveal cone photoreceptor topography and its dependence on eye length,The 28-eye human adaptive-optics archive is directly reusable for foveal cellular imaging and biometric measurement.,adaptive_optics,"[""measurement""]",28,"[""all""]",,,,dryad,https://doi.org/10.5061/dryad.nh0fp1b,CC0 1.0,Human foveal cone photoreceptor topography and its dependence on eye length. Dryad Dataset. doi:10.5061/dryad.nh0fp1b.,"[""dryad"", ""adaptive_optics"", ""human"", ""foveal"", ""cones""]",0.033285643,Scope: core_add. Named file-level object: HUMAN_FOVEAL_CONES.zip. Official Dryad API metadata and current file listing reviewed 2026-08-01.,adaptive_optics,"[""adaptive_optics"", ""tabular""]",eyes,"[{""count"": 28, ""evidence_basis"": ""official_source_description"", ""evidence_url"": ""https://doi.org/10.5061/dryad.nh0fp1b"", ""exactness"": ""exact"", ""notes"": ""Current official Dryad metadata."", ""primary"": true, ""review_date"": ""2026-08-01"", ""scope"": ""Source-stated primary resource quantity."", ""unit"": ""eyes""}]",https://doi.org/10.5061/dryad.nh0fp1b,official_repository,https://doi.org/10.5061/dryad.nh0fp1b,self_service_authenticated,True,True,True,False,False,False,False,False,unknown,available,2026-08-01,official_metadata_and_file_listing_checked,Official Dryad API metadata and current-version file listing reviewed. Data files were not downloaded during catalog discovery.,standard_platform_supported,dryad,dryad_loader,0.4.0,False,,not_run,not_run,,,https://spdx.org/licenses/CC0-1.0.html,https://doi.org/10.5061/dryad.nh0fp1b,dataset_files,Review the cited source for component-specific terms.,10.5061/dryad.nh0fp1b,,10.5061/dryad.nh0fp1b,10.7554/eLife.47148,,,1,https://doi.org/10.5061/dryad.nh0fp1b,[],https://doi.org/10.5061/dryad.nh0fp1b,https://doi.org/10.5061/dryad.nh0fp1b,https://doi.org/10.5061/dryad.nh0fp1b,https://doi.org/10.5061/dryad.nh0fp1b,True,2026-08-01,checked_against_official_repository,official_api_file_listing_checked,not_run,dryad_human_foveal_cones,Human foveal cone photoreceptor topography and its dependence on eye length,cc0,cc0
dryad_huntingtons_retinal_oct,Is retina affected in Huntington's disease? Is optical coherence tomography a good biomarker?,The named CSV and README form a direct human retinal OCT biomarker resource.,oct,"[""classification""]",,"[""all""]",,,,dryad,https://doi.org/10.5061/dryad.ncjsxksxr,CC0 1.0,Is retina affected in Huntington's disease? Is optical coherence tomography a good biomarker?. Dryad Dataset. doi:10.5061/dryad.ncjsxksxr.,"[""dryad"", ""oct"", ""huntingtons"", ""retinal""]",2.4663e-05,Scope: core_add. Named file-level object: data.csv plus README. Official Dryad API metadata and current file listing reviewed 2026-08-01.,oct,"[""oct"", ""tabular""]",unknown,[],https://doi.org/10.5061/dryad.ncjsxksxr,official_repository,https://doi.org/10.5061/dryad.ncjsxksxr,self_service_authenticated,True,True,True,False,False,False,False,False,unknown,available,2026-08-01,official_metadata_and_file_listing_checked,Official Dryad API metadata and current-version file listing reviewed. Data files were not downloaded during catalog discovery.,standard_platform_supported,dryad,dryad_loader,0.4.0,False,,not_run,not_run,,,https://spdx.org/licenses/CC0-1.0.html,https://doi.org/10.5061/dryad.ncjsxksxr,dataset_files,Review the cited source for component-specific terms.,10.5061/dryad.ncjsxksxr,,10.5061/dryad.ncjsxksxr,10.1371/journal.pone.0282175,,,5,https://doi.org/10.5061/dryad.ncjsxksxr,[],https://doi.org/10.5061/dryad.ncjsxksxr,https://doi.org/10.5061/dryad.ncjsxksxr,https://doi.org/10.5061/dryad.ncjsxksxr,https://doi.org/10.5061/dryad.ncjsxksxr,True,2026-08-01,checked_against_official_repository,official_api_file_listing_checked,not_run,dryad_huntingtons_retinal_oct,Is retina affected in Huntington's disease? Is optical coherence tomography a good biomarker?,cc0,cc0
dryad_icmr_eye_see_cataract,ICMR EYE SEE Cataract and Sun Exposure Dataset,The large Indian cataract/UV exposure survey is direct human ophthalmic epidemiology data.,tabular,"[""regression""]",9735,"[""all""]",,,,dryad,https://doi.org/10.5061/dryad.5qfttdz19,CC0 1.0,"Vashist, Praveen, Tandon, Radhika, Murthy, GVS, Barua, CK, Deka, Dipali, Singh, Sachchidanand, Gupta, Vivek, Gupta, Noopur, Wadhwani, Meenakshi, Singh, Rashmi, and Vishwanath, K. Association of cataract and sun exposure in geographically diverse populations of India: the case study. first report of the ICMR-EYE SEE study group. Dryad. 2020. doi:10.5061/dryad.5qfttdz19","[""dryad"", ""icmr"", ""eye"", ""see"", ""cataract"", ""tabular""]",0.003331471,"Scope screen: core_add. Current Dryad v6 file listing: 2 files, 2438708 bytes.",tabular,"[""tabular""]",participants,"[{""count"": 9735, ""evidence_basis"": ""official_source_description"", ""evidence_url"": ""https://doi.org/10.5061/dryad.5qfttdz19"", ""exactness"": ""exact"", ""notes"": ""Source-stated quantity; Dryad file count is separate metadata and is not a scientific sample count."", ""primary"": true, ""review_date"": ""2026-08-01"", ""scope"": ""Source-described participants who underwent ophthalmic evaluation"", ""unit"": ""participants""}]",https://doi.org/10.5061/dryad.5qfttdz19,official_repository,https://doi.org/10.5061/dryad.5qfttdz19,self_service_authenticated,True,True,True,False,False,False,False,False,unknown,available,2026-08-01,official_metadata_and_file_listing_checked,Official Dryad API metadata and current-version file listing reviewed. Data files were not downloaded during catalog discovery.,standard_platform_supported,dryad,dryad_loader,0.4.0,False,,not_run,not_run,,,https://spdx.org/licenses/CC0-1.0.html,https://doi.org/10.5061/dryad.5qfttdz19,dataset_files,Official Dryad deposit license applies to deposited dataset files.,10.5061/dryad.5qfttdz19,,10.5061/dryad.5qfttdz19,10.1371/journal.pone.0227868,,,6,https://doi.org/10.5061/dryad.5qfttdz19,[],https://doi.org/10.5061/dryad.5qfttdz19,https://doi.org/10.5061/dryad.5qfttdz19,https://doi.org/10.5061/dryad.5qfttdz19,https://doi.org/10.5061/dryad.5qfttdz19,True,2026-08-01,checked_against_official_repository,official_route_documented,not_run,dryad_icmr_eye_see_cataract,ICMR EYE SEE Cataract and Sun Exposure Dataset,cc0,cc0
dryad_ird_mouse_proteome,Retinal proteome profiling of inherited retinal degeneration across three different mouse models suggests common drug targets in retinitis pigmentosa,Nineteen named proteomic tables cover three inherited-retinal-degeneration models and support translational mechanism work.,omics,"[""classification""]",3,"[""all""]",,,,dryad,https://doi.org/10.5061/dryad.c2fqz61pc,CC0 1.0,Retinal proteome profiling of inherited retinal degeneration across three different mouse models suggests common drug targets in retinitis pigmentosa. Dryad Dataset. doi:10.5061/dryad.c2fqz61pc.,"[""dryad"", ""omics"", ""ird"", ""mouse"", ""proteome""]",0.007826521,Scope: adjacent_add. Named file-level object: Nineteen proteomic CSVs plus README. Official Dryad API metadata and current file listing reviewed 2026-08-01.,omics,"[""omics"", ""tabular""]",animal_models,"[{""count"": 3, ""evidence_basis"": ""official_source_description"", ""evidence_url"": ""https://doi.org/10.5061/dryad.c2fqz61pc"", ""exactness"": ""exact"", ""notes"": ""Current official Dryad metadata."", ""primary"": true, ""review_date"": ""2026-08-01"", ""scope"": ""Source-stated primary resource quantity."", ""unit"": ""animal_models""}]",https://doi.org/10.5061/dryad.c2fqz61pc,official_repository,https://doi.org/10.5061/dryad.c2fqz61pc,self_service_authenticated,True,True,True,False,False,False,False,False,unknown,available,2026-08-01,official_metadata_and_file_listing_checked,Official Dryad API metadata and current-version file listing reviewed. Data files were not downloaded during catalog discovery.,standard_platform_supported,dryad,dryad_loader,0.4.0,False,,not_run,not_run,,,https://spdx.org/licenses/CC0-1.0.html,https://doi.org/10.5061/dryad.c2fqz61pc,dataset_files,Review the cited source for component-specific terms.,10.5061/dryad.c2fqz61pc,,10.5061/dryad.c2fqz61pc,10.1016/j.mcpro.2024.100855,,,4,https://doi.org/10.5061/dryad.c2fqz61pc,[],https://doi.org/10.5061/dryad.c2fqz61pc,https://doi.org/10.5061/dryad.c2fqz61pc,https://doi.org/10.5061/dryad.c2fqz61pc,https://doi.org/10.5061/dryad.c2fqz61pc,True,2026-08-01,checked_against_official_repository,official_api_file_listing_checked,not_run,dryad_ird_mouse_proteome,Retinal proteome profiling of inherited retinal degeneration across three different mouse models suggests common drug targets in retinitis pigmentosa,cc0,cc0
dryad_iris_surface_features,Iris Surface Features Dataset,Individual human iris-feature records are directly reusable for iris biometrics and phenotype classification.,iris_biometrics,"[""classification""]",,"[""all""]",,,,dryad,https://doi.org/10.5061/dryad.0kt87,CC0 1.0,"Edwards, Melissa, Cha, David, Krithika, S., Johnson, Monique, and Parra, Esteban J.. Data from: Analysis of iris surface features in populations of diverse ancestry. Dryad. 2015. doi:10.5061/dryad.0kt87","[""dryad"", ""iris"", ""surface"", ""features"", ""iris_biometrics"", ""external_eye"", ""tabular""]",0.000175121,"Scope screen: core_add. Current Dryad v1 file listing: 1 files, 155993 bytes.",iris_biometrics,"[""iris_biometrics"", ""external_eye"", ""tabular""]",records,[],https://doi.org/10.5061/dryad.0kt87,official_repository,https://doi.org/10.5061/dryad.0kt87,self_service_authenticated,True,True,True,False,False,False,False,False,unknown,available,2026-08-01,official_metadata_and_file_listing_checked,Official Dryad API metadata and current-version file listing reviewed. Data files were not downloaded during catalog discovery.,standard_platform_supported,dryad,dryad_loader,0.4.0,False,,not_run,not_run,,,https://spdx.org/licenses/CC0-1.0.html,https://doi.org/10.5061/dryad.0kt87,dataset_files,Official Dryad deposit license applies to deposited dataset files.,10.5061/dryad.0kt87,,10.5061/dryad.0kt87,10.1098/rsos.150424,,,1,https://doi.org/10.5061/dryad.0kt87,[],https://doi.org/10.5061/dryad.0kt87,https://doi.org/10.5061/dryad.0kt87,https://doi.org/10.5061/dryad.0kt87,https://doi.org/10.5061/dryad.0kt87,True,2026-08-01,checked_against_official_repository,official_route_documented,not_run,dryad_iris_surface_features,Iris Surface Features Dataset,cc0,cc0
dryad_j0707ztm,Early removal of senescent cells protects retinal ganglion cells loss in experimental ocular hypertension,Official Dryad deposit of source-described tabular ophthalmic data for the associated study.,tabular,"[""measurement""]",,"[""all""]",,,,dryad,https://doi.org/10.6075/j0707ztm,CC0 1.0,"Krawczyk Michal, Rocha Lorena Raquel, Nguyen Huu Viet Anh, Palomino La Torre Claudia, Xu Qianlan, Jabari Mary, Weinreb Robert N., Skowronska-Krawczyk Dorota. Early removal of senescent cells protects retinal ganglion cells loss in experimental ocular hypertension. Dryad. 2019. doi:10.6075/j0707ztm","[""dryad"", ""early"", ""removal"", ""senescent"", ""cells"", ""tabular"", ""measurement""]",0.00038272,"Scope screen: adjacent_add. Current Dryad v4 file listing: 1 files, 382720 bytes.",tabular,"[""tabular""]",unknown,[],https://doi.org/10.6075/j0707ztm,official_repository,https://doi.org/10.6075/j0707ztm,self_service_authenticated,True,True,True,False,False,False,False,False,unknown,available,2026-08-01,official_metadata_and_file_listing_checked,Official Dryad API metadata and current-version file listing reviewed. Data files were not downloaded during catalog discovery.,standard_platform_supported,dryad,dryad_loader,0.4.0,False,,not_run,not_run,,,https://spdx.org/licenses/CC0-1.0.html,https://doi.org/10.6075/j0707ztm,dataset_files,Official Dryad deposit license applies to deposited dataset files.,10.6075/j0707ztm,,10.6075/j0707ztm,10.1111/acel.13089,,,4,https://doi.org/10.6075/j0707ztm,[],https://doi.org/10.6075/j0707ztm,https://doi.org/10.6075/j0707ztm,https://doi.org/10.6075/j0707ztm,https://doi.org/10.6075/j0707ztm,True,2026-08-01,checked_against_official_repository,official_route_documented,not_run,dryad_j0707ztm,Early removal of senescent cells protects retinal ganglion cells loss in experimental ocular hypertension,cc0,cc0
dryad_karachi_cataract_outcomes,Karachi Cataract Surgery Quality Dataset,Karachi cataract-surgery quality data are direct human ophthalmic population outcomes.,tabular,"[""regression""]",145,"[""all""]",,,,dryad,https://doi.org/10.5061/dryad.7q5c7,CC0 1.0,"Ahmad, Khabir, Zwi, Anthony B., Tarantola, Daniel J. M., Soomro, Abdul Qadeem, Baig, Rashid, and Azam, Syed Iqbal. Data from: Gendered disparities in quality of cataract surgery in a marginalised population in Pakistan: the Karachi marine fishing communities eye and general health survey. Dryad. 2016. doi:10.5061/dryad.7q5c7","[""dryad"", ""karachi"", ""cataract"", ""outcomes"", ""tabular""]",3.1878e-05,"Scope screen: core_add. Current Dryad v1 file listing: 1 files, 8591 bytes.",tabular,"[""tabular""]",eyes,"[{""count"": 145, ""evidence_basis"": ""official_source_description"", ""evidence_url"": ""https://doi.org/10.5061/dryad.7q5c7"", ""exactness"": ""exact"", ""notes"": ""Source-stated quantity; Dryad file count is separate metadata and is not a scientific sample count."", ""primary"": true, ""review_date"": ""2026-08-01"", ""scope"": ""Source-described operated eyes in the Karachi survey"", ""unit"": ""eyes""}]",https://doi.org/10.5061/dryad.7q5c7,official_repository,https://doi.org/10.5061/dryad.7q5c7,self_service_authenticated,True,True,True,False,False,False,False,False,unknown,available,2026-08-01,official_metadata_and_file_listing_checked,Official Dryad API metadata and current-version file listing reviewed. Data files were not downloaded during catalog discovery.,standard_platform_supported,dryad,dryad_loader,0.4.0,False,,not_run,not_run,,,https://spdx.org/licenses/CC0-1.0.html,https://doi.org/10.5061/dryad.7q5c7,dataset_files,Official Dryad deposit license applies to deposited dataset files.,10.5061/dryad.7q5c7,,10.5061/dryad.7q5c7,10.1371/journal.pone.0131774,,,1,https://doi.org/10.5061/dryad.7q5c7,[],https://doi.org/10.5061/dryad.7q5c7,https://doi.org/10.5061/dryad.7q5c7,https://doi.org/10.5061/dryad.7q5c7,https://doi.org/10.5061/dryad.7q5c7,True,2026-08-01,checked_against_official_repository,official_route_documented,not_run,dryad_karachi_cataract_outcomes,Karachi Cataract Surgery Quality Dataset,cc0,cc0
dryad_lens_fluorescence_twins,Long-term development of lens fluorescence in a twin cohort: Heritability and effects of age and lifestyle,The 131-participant longitudinal lens-fluorescence workbook is core human ocular biometrics data.,tabular,"[""progression_analysis""]",131,"[""all""]",,,,dryad,https://doi.org/10.5061/dryad.mcvdnck22,CC0 1.0,Long-term development of lens fluorescence in a twin cohort: Heritability and effects of age and lifestyle. Dryad Dataset. doi:10.5061/dryad.mcvdnck22.,"[""dryad"", ""tabular"", ""lens"", ""fluorescence"", ""twins""]",0.000112831,Scope: core_add. Named file-level object: Data_for_repository_paper_1_v3.xlsx. Official Dryad API metadata and current file listing reviewed 2026-08-01.,tabular,"[""tabular""]",participants,"[{""count"": 131, ""evidence_basis"": ""official_source_description"", ""evidence_url"": ""https://doi.org/10.5061/dryad.mcvdnck22"", ""exactness"": ""exact"", ""notes"": ""Current official Dryad metadata."", ""primary"": true, ""review_date"": ""2026-08-01"", ""scope"": ""Source-stated primary resource quantity."", ""unit"": ""participants""}]",https://doi.org/10.5061/dryad.mcvdnck22,official_repository,https://doi.org/10.5061/dryad.mcvdnck22,self_service_authenticated,True,True,True,False,False,False,False,False,unknown,available,2026-08-01,official_metadata_and_file_listing_checked,Official Dryad API metadata and current-version file listing reviewed. Data files were not downloaded during catalog discovery.,standard_platform_supported,dryad,dryad_loader,0.4.0,False,,not_run,not_run,,,https://spdx.org/licenses/CC0-1.0.html,https://doi.org/10.5061/dryad.mcvdnck22,dataset_files,Review the cited source for component-specific terms.,10.5061/dryad.mcvdnck22,,10.5061/dryad.mcvdnck22,10.1371/journal.pone.0268458,,,4,https://doi.org/10.5061/dryad.mcvdnck22,[],https://doi.org/10.5061/dryad.mcvdnck22,https://doi.org/10.5061/dryad.mcvdnck22,https://doi.org/10.5061/dryad.mcvdnck22,https://doi.org/10.5061/dryad.mcvdnck22,True,2026-08-01,checked_against_official_repository,official_api_file_listing_checked,not_run,dryad_lens_fluorescence_twins,Long-term development of lens fluorescence in a twin cohort: Heritability and effects of age and lifestyle,cc0,cc0
dryad_lvpei_cataract_outcomes,LVPEI Cataract Surgery Outcome Dataset,"The 2,049-surgery cataract outcome file is direct human ophthalmic care data.",tabular,"[""regression""]",2049,"[""all""]",,,,dryad,https://doi.org/10.5061/dryad.71hp4,CC0 1.0,"Khanna, Rohit C., Matta, Sumathi, Rao, Gullapalli, Park, Jiwon, Palamaner Subash Shantha, Ghanshyam, and Rao, Gullapalli N.. Data from: Cataract surgery visual outcomes and associated risk factors in secondary level eye care centers of L V Prasad Eye Institute, India. Dryad. 2016. doi:10.5061/dryad.71hp4","[""dryad"", ""lvpei"", ""cataract"", ""outcomes"", ""tabular""]",0.000474035,"Scope screen: core_add. Current Dryad v1 file listing: 1 file, 452222 bytes.",tabular,"[""tabular""]",surgeries,"[{""count"": 2049, ""evidence_basis"": ""official_source_description"", ""evidence_url"": ""https://doi.org/10.5061/dryad.71hp4"", ""exactness"": ""exact"", ""notes"": ""Source-stated scientific quantity; deposit file count is recorded separately."", ""primary"": true, ""review_date"": ""2026-08-01"", ""scope"": ""Cataract surgeries in the source-described LVPEI outcome study"", ""unit"": ""surgeries""}]",https://doi.org/10.5061/dryad.71hp4,official_repository,https://doi.org/10.5061/dryad.71hp4,self_service_authenticated,True,True,True,False,False,False,False,False,unknown,available,2026-08-01,official_metadata_and_file_listing_checked,Official Dryad API metadata and current-version file listing reviewed. Data files were not downloaded during catalog discovery.,standard_platform_supported,dryad,dryad_loader,0.4.0,False,,not_run,not_run,,,https://spdx.org/licenses/CC0-1.0.html,https://doi.org/10.5061/dryad.71hp4,dataset_files,Official Dryad deposit license applies to deposited dataset files.,10.5061/dryad.71hp4,,10.5061/dryad.71hp4,10.1371/journal.pone.0144853,,,1,https://doi.org/10.5061/dryad.71hp4,[],https://doi.org/10.5061/dryad.71hp4,https://doi.org/10.5061/dryad.71hp4,https://doi.org/10.5061/dryad.71hp4,https://doi.org/10.5061/dryad.71hp4,True,2026-08-01,checked_against_official_repository,official_route_documented,not_run,dryad_lvpei_cataract_outcomes,LVPEI Cataract Surgery Outcome Dataset,cc0,cc0
dryad_macaque_cone_ratio,Rhesus macaque cone ratio heritability,Named cone-expression and pedigree tables provide a defined primate retinal biometrics/genetics resource with plausible translational relevance.,omics,"[""measurement""]",,"[""all""]",,,,dryad,https://doi.org/10.5061/dryad.gf1vhhmsc,CC0 1.0,Rhesus macaque cone ratio heritability. Dryad Dataset. doi:10.5061/dryad.gf1vhhmsc.,"[""dryad"", ""omics"", ""macaque"", ""cone"", ""ratio""]",0.00061467,Scope: adjacent_add. Named file-level object: ddPCR and pedigree CSVs plus README. Official Dryad API metadata and current file listing reviewed 2026-08-01.,omics,"[""omics"", ""tabular""]",unknown,[],https://doi.org/10.5061/dryad.gf1vhhmsc,official_repository,https://doi.org/10.5061/dryad.gf1vhhmsc,self_service_authenticated,True,True,True,False,False,False,False,False,unknown,available,2026-08-01,official_metadata_and_file_listing_checked,Official Dryad API metadata and current-version file listing reviewed. Data files were not downloaded during catalog discovery.,standard_platform_supported,dryad,dryad_loader,0.4.0,False,,not_run,not_run,,,https://spdx.org/licenses/CC0-1.0.html,https://doi.org/10.5061/dryad.gf1vhhmsc,dataset_files,Review the cited source for component-specific terms.,10.5061/dryad.gf1vhhmsc,,10.5061/dryad.gf1vhhmsc,10.1111/evo.14552,,,4,https://doi.org/10.5061/dryad.gf1vhhmsc,[],https://doi.org/10.5061/dryad.gf1vhhmsc,https://doi.org/10.5061/dryad.gf1vhhmsc,https://doi.org/10.5061/dryad.gf1vhhmsc,https://doi.org/10.5061/dryad.gf1vhhmsc,True,2026-08-01,checked_against_official_repository,official_api_file_listing_checked,not_run,dryad_macaque_cone_ratio,Rhesus macaque cone ratio heritability,cc0,cc0
dryad_moorfields_amd_1_2_year,One and two year visual outcomes from the Moorfields age-related macular degeneration database: a retrospective cohort study and an open science resource,"The de-identified 8,174-eye Moorfields AMD CSV is an explicitly released human longitudinal outcome resource.",tabular,"[""progression_analysis""]",8174,"[""all""]",,,,dryad,https://doi.org/10.5061/dryad.97r9289,CC0 1.0,One and two year visual outcomes from the Moorfields age-related macular degeneration database: a retrospective cohort study and an open science resource. Dryad Dataset. doi:10.5061/dryad.97r9289.,"[""dryad"", ""tabular"", ""moorfields"", ""amd"", ""1""]",0.010106429,Scope: core_add. Named file-level object: Moorfields_AMD_Database_1.csv plus README. Official Dryad metadata does not explicitly document cohort overlap with an existing catalog record; no relationship is asserted. Official Dryad API metadata and current file listing reviewed 2026-08-01.,tabular,"[""tabular""]",eyes,"[{""count"": 8174, ""evidence_basis"": ""official_source_description"", ""evidence_url"": ""https://doi.org/10.5061/dryad.97r9289"", ""exactness"": ""exact"", ""notes"": ""Current official Dryad metadata."", ""primary"": true, ""review_date"": ""2026-08-01"", ""scope"": ""Source-stated primary resource quantity."", ""unit"": ""eyes""}]",https://doi.org/10.5061/dryad.97r9289,official_repository,https://doi.org/10.5061/dryad.97r9289,self_service_authenticated,True,True,True,False,False,False,False,False,unknown,available,2026-08-01,official_metadata_and_file_listing_checked,Official Dryad API metadata and current-version file listing reviewed. Data files were not downloaded during catalog discovery.,standard_platform_supported,dryad,dryad_loader,0.4.0,False,,not_run,not_run,,,https://spdx.org/licenses/CC0-1.0.html,https://doi.org/10.5061/dryad.97r9289,dataset_files,Review the cited source for component-specific terms.,10.5061/dryad.97r9289,,10.5061/dryad.97r9289,10.1136/bmjopen-2018-027441,,,4,https://doi.org/10.5061/dryad.97r9289,"[{""target"": ""dryad_moorfields_namd_fellow_eye"", ""type"": ""same_or_overlapping_cohort_as""}, {""target"": ""dryad_namd_oct_quant"", ""type"": ""same_or_overlapping_cohort_as""}, {""target"": ""dryad_namd_visual_prediction"", ""type"": ""same_or_overlapping_cohort_as""}]",https://doi.org/10.5061/dryad.97r9289,https://doi.org/10.5061/dryad.97r9289,https://doi.org/10.5061/dryad.97r9289,https://doi.org/10.5061/dryad.97r9289,True,2026-08-01,checked_against_official_repository,official_api_file_listing_checked,not_run,dryad_moorfields_amd_1_2_year,One and two year visual outcomes from the Moorfields age-related macular degeneration database: a retrospective cohort study and an open science resource,cc0,cc0
dryad_moorfields_namd_fellow_eye,Moorfields nAMD Fellow-Eye Dataset,The Moorfields nAMD fellow-eye dataset is direct human retinal-disease longitudinal outcome data.,tabular,"[""prognosis"", ""regression""]",6265,"[""all""]",,,,dryad,https://doi.org/10.5061/dryad.4mw6m906b,CC0 1.0,"Fasler, Katrin, Fu, Dun Jack, Moraes, Gabriella, Wagner, Siegfried K, Gokhale, Eesha, Kortuem, Karsten U, Chopra, Reena, Faes, Livia, Preston, Gabriella, Pontikos, Nikolas, Patel, Praveen J, Tufail, Adnan, Lee, Aaron Y, Balaskas, Konstantinos, and Keane, Pearse A. Data from: The Moorfields AMD database report 2 - fellow eye involvement with neovascular age-related macular degeneration. Dryad. 2020. doi:10.5061/dryad.4mw6m906b","[""dryad"", ""moorfields"", ""namd"", ""fellow"", ""eye"", ""tabular""]",0.031128168,"Scope screen: core_add. Current Dryad v7 file listing: 2 files, 15505168 bytes. Related catalog records dryad_namd_oct_quant and dryad_namd_visual_prediction have a documented shared source cohort but distinct outcome tasks.",tabular,"[""tabular""]",participants,"[{""count"": 6265, ""evidence_basis"": ""official_source_description"", ""evidence_url"": ""https://doi.org/10.5061/dryad.4mw6m906b"", ""exactness"": ""exact"", ""notes"": ""Source-stated quantity; Dryad file count is separate metadata and is not a scientific sample count."", ""primary"": true, ""review_date"": ""2026-08-01"", ""scope"": ""Source-described Moorfields nAMD database patients"", ""unit"": ""participants""}]",https://doi.org/10.5061/dryad.4mw6m906b,official_repository,https://doi.org/10.5061/dryad.4mw6m906b,self_service_authenticated,True,True,True,False,False,False,False,False,unknown,available,2026-08-01,official_metadata_and_file_listing_checked,Official Dryad API metadata and current-version file listing reviewed. Data files were not downloaded during catalog discovery.,standard_platform_supported,dryad,dryad_loader,0.4.0,False,,not_run,not_run,,,https://spdx.org/licenses/CC0-1.0.html,https://doi.org/10.5061/dryad.4mw6m906b,dataset_files,Official Dryad deposit license applies to deposited dataset files.,10.5061/dryad.4mw6m906b,,10.5061/dryad.4mw6m906b,10.1136/bjophthalmol-2019-314446,,,7,https://doi.org/10.5061/dryad.4mw6m906b,"[{""target"": ""dryad_moorfields_amd_1_2_year"", ""type"": ""same_or_overlapping_cohort_as""}, {""target"": ""dryad_namd_oct_quant"", ""type"": ""same_or_overlapping_cohort_as""}, {""target"": ""dryad_namd_visual_prediction"", ""type"": ""same_or_overlapping_cohort_as""}]",https://doi.org/10.5061/dryad.4mw6m906b,https://doi.org/10.5061/dryad.4mw6m906b,https://doi.org/10.5061/dryad.4mw6m906b,https://doi.org/10.5061/dryad.4mw6m906b,True,2026-08-01,checked_against_official_repository,official_route_documented,not_run,dryad_moorfields_namd_fellow_eye,Moorfields nAMD Fellow-Eye Dataset,cc0,cc0
dryad_mouse_all_optical_retina,All-Optical Retinal Degeneration Mouse Dataset,Mouse all-optical retinal recording/stimulation archive is a defined retinal-degeneration imaging and therapy-method resource.,adaptive_optics,"[""measurement"", ""evaluation""]",,"[""all""]",,,,dryad,https://doi.org/10.5061/dryad.7q37g6b,CC0 1.0,"Cheong, Soon Keen, Strazzeri, Jennifer M., Williams, David R., and Merigan, William H.. Data from: All-optical recording and stimulation of retinal neurons in vivo in retinal degeneration mice. Dryad. 2019. doi:10.5061/dryad.7q37g6b","[""dryad"", ""mouse"", ""all"", ""optical"", ""retina"", ""adaptive_optics"", ""electrophysiology""]",0.22163995,"Scope screen: adjacent_add. Current Dryad v1 file listing: 2 files, 221621774 bytes.",adaptive_optics,"[""adaptive_optics"", ""electrophysiology""]",unknown,[],https://doi.org/10.5061/dryad.7q37g6b,official_repository,https://doi.org/10.5061/dryad.7q37g6b,self_service_authenticated,True,True,True,False,False,False,False,False,unknown,available,2026-08-01,official_metadata_and_file_listing_checked,Official Dryad API metadata and current-version file listing reviewed. Data files were not downloaded during catalog discovery.,standard_platform_supported,dryad,dryad_loader,0.4.0,False,,not_run,not_run,,,https://spdx.org/licenses/CC0-1.0.html,https://doi.org/10.5061/dryad.7q37g6b,dataset_files,Official Dryad deposit license applies to deposited dataset files.,10.5061/dryad.7q37g6b,,10.5061/dryad.7q37g6b,10.1371/journal.pone.0194947,,,1,https://doi.org/10.5061/dryad.7q37g6b,[],https://doi.org/10.5061/dryad.7q37g6b,https://doi.org/10.5061/dryad.7q37g6b,https://doi.org/10.5061/dryad.7q37g6b,https://doi.org/10.5061/dryad.7q37g6b,True,2026-08-01,checked_against_official_repository,official_route_documented,not_run,dryad_mouse_all_optical_retina,All-Optical Retinal Degeneration Mouse Dataset,cc0,cc0
dryad_mouse_oct_beam_tilt,Quantifying the influence of optical coherence tomography beam tilt in the normal adult mouse retina,The large named OCT archive is a directly reusable imaging-method resource despite its normal mouse rather than human cohort.,oct,"[""measurement""]",,"[""all""]",,,,dryad,https://doi.org/10.5061/dryad.95x69p8th,CC0 1.0,Quantifying the influence of optical coherence tomography beam tilt in the normal adult mouse retina. Dryad Dataset. doi:10.5061/dryad.95x69p8th.,"[""dryad"", ""oct"", ""mouse"", ""beam"", ""tilt""]",4.704522143,Scope: adjacent_add. Named file-level object: beam_tilt_data_for_Dryad.zip plus README. Official Dryad API metadata and current file listing reviewed 2026-08-01.,oct,"[""oct"", ""tabular""]",unknown,[],https://doi.org/10.5061/dryad.95x69p8th,official_repository,https://doi.org/10.5061/dryad.95x69p8th,self_service_authenticated,True,True,True,False,False,False,False,False,unknown,available,2026-08-01,official_metadata_and_file_listing_checked,Official Dryad API metadata and current-version file listing reviewed. Data files were not downloaded during catalog discovery.,standard_platform_supported,dryad,dryad_loader,0.4.0,False,,not_run,not_run,,,https://spdx.org/licenses/CC0-1.0.html,https://doi.org/10.5061/dryad.95x69p8th,dataset_files,Review the cited source for component-specific terms.,10.5061/dryad.95x69p8th,,10.5061/dryad.95x69p8th,10.1371/journal.pone.0325217,,,3,https://doi.org/10.5061/dryad.95x69p8th,[],https://doi.org/10.5061/dryad.95x69p8th,https://doi.org/10.5061/dryad.95x69p8th,https://doi.org/10.5061/dryad.95x69p8th,https://doi.org/10.5061/dryad.95x69p8th,True,2026-08-01,checked_against_official_repository,official_api_file_listing_checked,not_run,dryad_mouse_oct_beam_tilt,Quantifying the influence of optical coherence tomography beam tilt in the normal adult mouse retina,cc0,cc0
dryad_mouse_pupil_masking_retinal_deg,Pupil and masking responses to light as functional measures of retinal degeneration in mice Mus Musculus,The three named ERG pupil and masking response files form a defined retinal-degeneration functional-assay resource in a disease model.,electrophysiology,"[""measurement"", ""evaluation""]",,"[""all""]",,,,dryad,https://doi.org/10.5061/dryad.9kd51c5g5,CC0 1.0,Pupil and masking responses to light as functional measures of retinal degeneration in mice Mus Musculus. Dryad Dataset. doi:10.5061/dryad.9kd51c5g5.,"[""dryad"", ""electrophysiology"", ""mouse"", ""pupil"", ""masking""]",0.0522391,"Scope: adjacent_add. Named file-level object: ERG.pzf, PLR.pzf, and Negative_masking.pzf. Official Dryad API metadata and current file listing reviewed 2026-08-01.",electrophysiology,"[""electrophysiology"", ""tabular""]",unknown,[],https://doi.org/10.5061/dryad.9kd51c5g5,official_repository,https://doi.org/10.5061/dryad.9kd51c5g5,self_service_authenticated,True,True,True,False,False,False,False,False,unknown,available,2026-08-01,official_metadata_and_file_listing_checked,Official Dryad API metadata and current-version file listing reviewed. Data files were not downloaded during catalog discovery.,standard_platform_supported,dryad,dryad_loader,0.4.0,False,,not_run,not_run,,,https://spdx.org/licenses/CC0-1.0.html,https://doi.org/10.5061/dryad.9kd51c5g5,dataset_files,Review the cited source for component-specific terms.,10.5061/dryad.9kd51c5g5,,10.5061/dryad.9kd51c5g5,10.1371/journal.pone.0244702,,,2,https://doi.org/10.5061/dryad.9kd51c5g5,[],https://doi.org/10.5061/dryad.9kd51c5g5,https://doi.org/10.5061/dryad.9kd51c5g5,https://doi.org/10.5061/dryad.9kd51c5g5,https://doi.org/10.5061/dryad.9kd51c5g5,True,2026-08-01,checked_against_official_repository,official_api_file_listing_checked,not_run,dryad_mouse_pupil_masking_retinal_deg,Pupil and masking responses to light as functional measures of retinal degeneration in mice Mus Musculus,cc0,cc0
dryad_myopia_glaucoma_visual_field,Myopia and Glaucoma Visual Field Prognosis Dataset,The 270-eye glaucoma visual-field dataset directly supports prognosis and progression analysis.,visual_field,"[""prognosis"", ""regression""]",270,"[""all""]",,,,dryad,https://doi.org/10.5061/dryad.1n50q,CC0 1.0,"Qiu, Chen, Qian, Shaohong, Sun, Xinghuai, Zhou, Chuandi, and Meng, Fanrong. Data from: Axial myopia is associated with visual field prognosis of primary open-angle glaucoma. Dryad. 2015. doi:10.5061/dryad.1n50q","[""dryad"", ""myopia"", ""glaucoma"", ""visual"", ""field"", ""visual_field"", ""tabular""]",0.000100077,"Scope screen: core_add. Current Dryad v1 file listing: 1 files, 77824 bytes.",visual_field,"[""visual_field"", ""tabular""]",eyes,"[{""count"": 270, ""evidence_basis"": ""official_source_description"", ""evidence_url"": ""https://doi.org/10.5061/dryad.1n50q"", ""exactness"": ""exact"", ""notes"": ""Source-stated quantity; Dryad file count is separate metadata and is not a scientific sample count."", ""primary"": true, ""review_date"": ""2026-08-01"", ""scope"": ""Source-described primary open-angle glaucoma eyes"", ""unit"": ""eyes""}]",https://doi.org/10.5061/dryad.1n50q,official_repository,https://doi.org/10.5061/dryad.1n50q,self_service_authenticated,True,True,True,False,False,False,False,False,unknown,available,2026-08-01,official_metadata_and_file_listing_checked,Official Dryad API metadata and current-version file listing reviewed. Data files were not downloaded during catalog discovery.,standard_platform_supported,dryad,dryad_loader,0.4.0,False,,not_run,not_run,,,https://spdx.org/licenses/CC0-1.0.html,https://doi.org/10.5061/dryad.1n50q,dataset_files,Official Dryad deposit license applies to deposited dataset files.,10.5061/dryad.1n50q,,10.5061/dryad.1n50q,10.1371/journal.pone.0133189,,,1,https://doi.org/10.5061/dryad.1n50q,[],https://doi.org/10.5061/dryad.1n50q,https://doi.org/10.5061/dryad.1n50q,https://doi.org/10.5061/dryad.1n50q,https://doi.org/10.5061/dryad.1n50q,True,2026-08-01,checked_against_official_repository,official_route_documented,not_run,dryad_myopia_glaucoma_visual_field,Myopia and Glaucoma Visual Field Prognosis Dataset,cc0,cc0
dryad_namd_12_year_survival,Insights from survival analyses during 12 years of anti-VEGF therapy for neovascular age-related macular degeneration,"The anonymized 7,802-eye human AMD CSV is a clearly defined long-term ophthalmic survival resource.",tabular,"[""survival_analysis""]",7802,"[""all""]",,,,dryad,https://doi.org/10.5061/dryad.nvx0k6dqg,CC0 1.0,Insights from survival analyses during 12 years of anti-VEGF therapy for neovascular age-related macular degeneration. Dryad Dataset. doi:10.5061/dryad.nvx0k6dqg.,"[""dryad"", ""tabular"", ""namd"", ""12"", ""year""]",0.020398805,Scope: core_add. Named file-level object: MEH_AMD_survivaloutcomes_database.csv plus README. Official Dryad metadata does not explicitly document cohort overlap with an existing catalog record; no relationship is asserted. Official Dryad API metadata and current file listing reviewed 2026-08-01.,tabular,"[""tabular""]",eyes,"[{""count"": 7802, ""evidence_basis"": ""official_source_description"", ""evidence_url"": ""https://doi.org/10.5061/dryad.nvx0k6dqg"", ""exactness"": ""exact"", ""notes"": ""Current official Dryad metadata."", ""primary"": true, ""review_date"": ""2026-08-01"", ""scope"": ""Source-stated primary resource quantity."", ""unit"": ""eyes""}]",https://doi.org/10.5061/dryad.nvx0k6dqg,official_repository,https://doi.org/10.5061/dryad.nvx0k6dqg,self_service_authenticated,True,True,True,False,False,False,False,False,unknown,available,2026-08-01,official_metadata_and_file_listing_checked,Official Dryad API metadata and current-version file listing reviewed. Data files were not downloaded during catalog discovery.,standard_platform_supported,dryad,dryad_loader,0.4.0,False,,not_run,not_run,,,https://spdx.org/licenses/CC0-1.0.html,https://doi.org/10.5061/dryad.nvx0k6dqg,dataset_files,Review the cited source for component-specific terms.,10.5061/dryad.nvx0k6dqg,,10.5061/dryad.nvx0k6dqg,10.1001/jamaophthalmol.2020.5044,,,5,https://doi.org/10.5061/dryad.nvx0k6dqg,[],https://doi.org/10.5061/dryad.nvx0k6dqg,https://doi.org/10.5061/dryad.nvx0k6dqg,https://doi.org/10.5061/dryad.nvx0k6dqg,https://doi.org/10.5061/dryad.nvx0k6dqg,True,2026-08-01,checked_against_official_repository,official_api_file_listing_checked,not_run,dryad_namd_12_year_survival,Insights from survival analyses during 12 years of anti-VEGF therapy for neovascular age-related macular degeneration,cc0,cc0
dryad_namd_oct_longitudinal,Quantifying changes on optical coherence tomography in eyes receiving treatment for neovascular age-related macular degeneration,"The named longitudinal OCT measurement CSV covers 2,115 treated AMD eyes and fits core clinical OCT progression analysis.",oct,"[""measurement"", ""progression_analysis""]",2115,"[""all""]",,,,dryad,https://doi.org/10.5061/dryad.8cz8w9h0v,CC0 1.0,Quantifying changes on optical coherence tomography in eyes receiving treatment for neovascular age-related macular degeneration. Dryad Dataset. doi:10.5061/dryad.8cz8w9h0v.,"[""dryad"", ""oct"", ""namd"", ""longitudinal""]",0.015711999,Scope: core_add. Named file-level object: AMD_longitudinal_MEH_v4.csv plus README. Official Dryad API metadata and current file listing reviewed 2026-08-01.,oct,"[""oct"", ""tabular""]",eyes,"[{""count"": 2115, ""evidence_basis"": ""official_source_description"", ""evidence_url"": ""https://doi.org/10.5061/dryad.8cz8w9h0v"", ""exactness"": ""exact"", ""notes"": ""Current official Dryad metadata."", ""primary"": true, ""review_date"": ""2026-08-01"", ""scope"": ""Source-stated primary resource quantity."", ""unit"": ""eyes""}]",https://doi.org/10.5061/dryad.8cz8w9h0v,official_repository,https://doi.org/10.5061/dryad.8cz8w9h0v,self_service_authenticated,True,True,True,False,False,False,False,False,unknown,available,2026-08-01,official_metadata_and_file_listing_checked,Official Dryad API metadata and current-version file listing reviewed. Data files were not downloaded during catalog discovery.,standard_platform_supported,dryad,dryad_loader,0.4.0,False,,not_run,not_run,,,https://spdx.org/licenses/CC0-1.0.html,https://doi.org/10.5061/dryad.8cz8w9h0v,dataset_files,Review the cited source for component-specific terms.,10.5061/dryad.8cz8w9h0v,,10.5061/dryad.8cz8w9h0v,10.1016/j.xops.2024.100570,,,11,https://doi.org/10.5061/dryad.8cz8w9h0v,[],https://doi.org/10.5061/dryad.8cz8w9h0v,https://doi.org/10.5061/dryad.8cz8w9h0v,https://doi.org/10.5061/dryad.8cz8w9h0v,https://doi.org/10.5061/dryad.8cz8w9h0v,True,2026-08-01,checked_against_official_repository,official_api_file_listing_checked,not_run,dryad_namd_oct_longitudinal,Quantifying changes on optical coherence tomography in eyes receiving treatment for neovascular age-related macular degeneration,cc0,cc0
dryad_namd_oct_quant,Moorfields nAMD Quantitative OCT Biomarker Dataset,Anonymized clinical metadata and automated 3D OCT segmentation volumes for neovascular age-related macular degeneration.,tabular,"[""regression"", ""prognosis"", ""fairness_analysis""]",2966,"[""all""]",,,,dryad,https://doi.org/10.5061/dryad.2rbnzs7m4,CC0 1.0,"Moraes G, Fu DJ, Wilson M, et al. Quantitative analysis of optical coherence tomography for neovascular age-related macular degeneration using deep learning. Dryad. 2020. doi:10.5061/dryad.2rbnzs7m4","[""dryad"", ""amd"", ""oct"", ""biomarkers"", ""clinical"", ""moorfields"", ""derived""]",0.0032,"Contains derived OCT feature volumes and metadata for 2,473 first-treated and 493 second-treated eyes. Raw OCT scans are not part of this Dryad release.",tabular,"[""tabular"", ""oct""]",volumes,"[{""count"": 2966, ""evidence_basis"": ""legacy_catalog_field"", ""evidence_url"": ""https://doi.org/10.5061/dryad.2rbnzs7m4"", ""exactness"": ""not_assessed"", ""notes"": """", ""primary"": true, ""review_date"": ""2026-08-01"", ""scope"": ""Primary quantity reported in the reviewed catalog source"", ""unit"": ""volumes""}]",https://doi.org/10.5061/dryad.2rbnzs7m4,official_repository,https://doi.org/10.5061/dryad.2rbnzs7m4,self_service_authenticated,True,True,True,False,False,False,False,False,unknown,available,2026-07-21,author_source_checked,Author-conducted source check; transfer completeness was evaluated separately.,end_to_end_tested,dryad,dryad_loader,0.4.0,True,2026-07-31,complete_current_deposit_downloaded,complete_current_deposit_downloaded,python hub/audit/verify_download_and_load.py run,,CC0 1.0,https://doi.org/10.5061/dryad.2rbnzs7m4,dataset_files,Review the cited source for component-specific terms.,10.5061/dryad.2rbnzs7m4,,10.5061/dryad.2rbnzs7m4,,,,,https://doi.org/10.5061/dryad.2rbnzs7m4,"[{""target"": ""dryad_moorfields_amd_1_2_year"", ""type"": ""same_or_overlapping_cohort_as""}, {""target"": ""dryad_moorfields_namd_fellow_eye"", ""type"": ""same_or_overlapping_cohort_as""}, {""target"": ""dryad_namd_visual_prediction"", ""type"": ""same_or_overlapping_cohort_as""}]",https://doi.org/10.5061/dryad.2rbnzs7m4,https://doi.org/10.5061/dryad.2rbnzs7m4,https://doi.org/10.5061/dryad.2rbnzs7m4,https://doi.org/10.5061/dryad.2rbnzs7m4,True,2026-07-21,checked_against_cited_source,author_source_checked,complete_current_deposit_downloaded,dryad_namd_oct_quant,Moorfields nAMD Quantitative OCT Biomarker Dataset,cc0,cc0
dryad_namd_ten_year_survival,Ten-year survival trends of neovascular age-related macular degeneration at first presentation,The 103-patient ten-year AMD outcome CSV is a clearly defined human survival-analysis resource.,tabular,"[""survival_analysis""]",103,"[""all""]",,,,dryad,https://doi.org/10.5061/dryad.9cnp5hqfm,CC0 1.0,Ten-year survival trends of neovascular age-related macular degeneration at first presentation. Dryad Dataset. doi:10.5061/dryad.9cnp5hqfm.,"[""dryad"", ""tabular"", ""namd"", ""ten"", ""year""]",0.002305895,Scope: core_add. Named file-level object: Moorfields_AMD_Database_10_years.csv plus README. Official Dryad metadata does not explicitly document cohort overlap with an existing catalog record; no relationship is asserted. Official Dryad API metadata and current file listing reviewed 2026-08-01.,tabular,"[""tabular""]",participants,"[{""count"": 103, ""evidence_basis"": ""official_source_description"", ""evidence_url"": ""https://doi.org/10.5061/dryad.9cnp5hqfm"", ""exactness"": ""exact"", ""notes"": ""Current official Dryad metadata."", ""primary"": true, ""review_date"": ""2026-08-01"", ""scope"": ""Source-stated primary resource quantity."", ""unit"": ""participants""}]",https://doi.org/10.5061/dryad.9cnp5hqfm,official_repository,https://doi.org/10.5061/dryad.9cnp5hqfm,self_service_authenticated,True,True,True,False,False,False,False,False,unknown,available,2026-08-01,official_metadata_and_file_listing_checked,Official Dryad API metadata and current-version file listing reviewed. Data files were not downloaded during catalog discovery.,standard_platform_supported,dryad,dryad_loader,0.4.0,False,,not_run,not_run,,,https://spdx.org/licenses/CC0-1.0.html,https://doi.org/10.5061/dryad.9cnp5hqfm,dataset_files,Review the cited source for component-specific terms.,10.5061/dryad.9cnp5hqfm,,10.5061/dryad.9cnp5hqfm,10.1136/bjophthalmol-2020-317161,,,11,https://doi.org/10.5061/dryad.9cnp5hqfm,[],https://doi.org/10.5061/dryad.9cnp5hqfm,https://doi.org/10.5061/dryad.9cnp5hqfm,https://doi.org/10.5061/dryad.9cnp5hqfm,https://doi.org/10.5061/dryad.9cnp5hqfm,True,2026-08-01,checked_against_official_repository,official_api_file_listing_checked,not_run,dryad_namd_ten_year_survival,Ten-year survival trends of neovascular age-related macular degeneration at first presentation,cc0,cc0
dryad_namd_visual_prediction,Moorfields nAMD Visual-Change Prediction Dataset,Longitudinal quantitative OCT biomarkers and treatment-response variables for predicting visual acuity in neovascular AMD.,tabular,"[""regression"", ""prognosis""]",926,"[""all""]",,,,dryad,https://doi.org/10.5061/dryad.573n5tb5d,CC0 1.0,Predicting incremental and future visual change in neovascular age-related macular degeneration using deep learning. Dryad. 2021. doi:10.5061/dryad.573n5tb5d,"[""dryad"", ""amd"", ""oct"", ""visual_acuity"", ""anti_vegf"", ""longitudinal"", ""derived""]",0.0016,Primary analyses used 926 treatment-naive first-treated eyes from a larger Moorfields cohort. This resource overlaps the Moorfields AMD source cohort but exposes a distinct longitudinal prediction task.,tabular,"[""tabular"", ""oct""]",eyes,"[{""count"": 926, ""evidence_basis"": ""official_source_description"", ""evidence_url"": ""https://doi.org/10.5061/dryad.573n5tb5d"", ""exactness"": ""exact"", ""notes"": """", ""primary"": true, ""review_date"": ""2026-08-01"", ""scope"": ""Treatment-naive first-treated eyes in the primary analysis"", ""unit"": ""eyes""}]",https://doi.org/10.5061/dryad.573n5tb5d,official_repository,https://doi.org/10.5061/dryad.573n5tb5d,self_service_authenticated,True,True,True,False,False,False,False,False,unknown,available,2026-07-21,author_source_checked,Author-conducted source check; transfer completeness was evaluated separately.,end_to_end_tested,dryad,dryad_loader,0.4.0,True,2026-07-31,complete_current_deposit_downloaded,complete_current_deposit_downloaded,python hub/audit/verify_download_and_load.py run,,CC0 1.0,https://doi.org/10.5061/dryad.573n5tb5d,dataset_files,Review the cited source for component-specific terms.,10.5061/dryad.573n5tb5d,,10.5061/dryad.573n5tb5d,,,,,https://doi.org/10.5061/dryad.573n5tb5d,"[{""target"": ""dryad_moorfields_amd_1_2_year"", ""type"": ""same_or_overlapping_cohort_as""}, {""target"": ""dryad_moorfields_namd_fellow_eye"", ""type"": ""same_or_overlapping_cohort_as""}, {""target"": ""dryad_namd_oct_quant"", ""type"": ""same_or_overlapping_cohort_as""}]",https://doi.org/10.5061/dryad.573n5tb5d,https://doi.org/10.5061/dryad.573n5tb5d,https://doi.org/10.5061/dryad.573n5tb5d,https://doi.org/10.5061/dryad.573n5tb5d,True,2026-07-21,checked_against_cited_source,author_source_checked,complete_current_deposit_downloaded,dryad_namd_visual_prediction,Moorfields nAMD Visual-Change Prediction Dataset,cc0,cc0
dryad_nhp_trachoma_immunity,Nonhuman Primate Trachoma Immune Dataset,The nonhuman-primate trachoma immune archive is a defined ocular infection disease-model resource with translational relevance.,omics,"[""classification""]",,"[""all""]",,,,dryad,https://doi.org/10.5061/dryad.69p8cz982,CC0 1.0,"Paulet, Elodie, Contreras, Vanessa, Galhaut, Mathilde, Rosenkrands, Ida, Holland, Martin, Burton, Matthew, Dietrich, Jes, Gallouët, Anne-Sophie, Bosquet, Nathalie, Relouzat, Françis, Langlois, Sébastien, Follmann, Frank, Le Grand, Roger, Labetoulle, Marc, and Rousseau, Antoine. Multimodal mucosal and systemic immune characterization of a non-human primate trachoma model highlights the critical role of local immunity during acute phase disease. Dryad. 2024. doi:10.5061/dryad.69p8cz982","[""dryad"", ""nhp"", ""trachoma"", ""immunity"", ""omics"", ""tabular""]",1.715551877,"Scope screen: adjacent_add. Current Dryad v3 file listing: 2 files, 1715551877 bytes.",omics,"[""omics"", ""tabular""]",unknown,[],https://doi.org/10.5061/dryad.69p8cz982,official_repository,https://doi.org/10.5061/dryad.69p8cz982,self_service_authenticated,True,True,True,False,False,False,False,False,unknown,available,2026-08-01,official_metadata_and_file_listing_checked,Official Dryad API metadata and current-version file listing reviewed. Data files were not downloaded during catalog discovery.,standard_platform_supported,dryad,dryad_loader,0.4.0,False,,not_run,not_run,,,https://spdx.org/licenses/CC0-1.0.html,https://doi.org/10.5061/dryad.69p8cz982,dataset_files,Official Dryad deposit license applies to deposited dataset files.,10.5061/dryad.69p8cz982,,10.5061/dryad.69p8cz982,10.1371/journal.pntd.0012388,,,3,https://doi.org/10.5061/dryad.69p8cz982,[],https://doi.org/10.5061/dryad.69p8cz982,https://doi.org/10.5061/dryad.69p8cz982,https://doi.org/10.5061/dryad.69p8cz982,https://doi.org/10.5061/dryad.69p8cz982,True,2026-08-01,checked_against_official_repository,official_route_documented,not_run,dryad_nhp_trachoma_immunity,Nonhuman Primate Trachoma Immune Dataset,cc0,cc0
dryad_nigeria_cataract_services,Nigeria Cataract Services Dataset,The documented Nigerian cataract-service survey is direct human ophthalmic epidemiology data.,tabular,"[""regression""]",,"[""all""]",,,,dryad,https://doi.org/10.5061/dryad.13bp2,CC0 1.0,"Muhammad, Nasiru, Adamu, Muhammad D., Caleb, Mpyet, Maishanu, Nuhu Mohammed, Jabo, Aliyu M., Rabiu, Muhammad M., Bascaran, Covadonga, Isiyaku, Sunday, and Foster, Allen. Data from: Changing patterns of cataract services in North-West Nigeria: 2005-2016. Dryad. 2018. doi:10.5061/dryad.13bp2","[""dryad"", ""nigeria"", ""cataract"", ""services"", ""tabular""]",0.000443041,"Scope screen: core_add. Current Dryad v1 file listing: 2 files, 418304 bytes.",tabular,"[""tabular""]",unknown,[],https://doi.org/10.5061/dryad.13bp2,official_repository,https://doi.org/10.5061/dryad.13bp2,self_service_authenticated,True,True,True,False,False,False,False,False,unknown,available,2026-08-01,official_metadata_and_file_listing_checked,Official Dryad API metadata and current-version file listing reviewed. Data files were not downloaded during catalog discovery.,standard_platform_supported,dryad,dryad_loader,0.4.0,False,,not_run,not_run,,,https://spdx.org/licenses/CC0-1.0.html,https://doi.org/10.5061/dryad.13bp2,dataset_files,Official Dryad deposit license applies to deposited dataset files.,10.5061/dryad.13bp2,,10.5061/dryad.13bp2,10.1371/journal.pone.0183421,,,1,https://doi.org/10.5061/dryad.13bp2,[],https://doi.org/10.5061/dryad.13bp2,https://doi.org/10.5061/dryad.13bp2,https://doi.org/10.5061/dryad.13bp2,https://doi.org/10.5061/dryad.13bp2,True,2026-08-01,checked_against_official_repository,official_route_documented,not_run,dryad_nigeria_cataract_services,Nigeria Cataract Services Dataset,cc0,cc0
dryad_ocular_chemical_injuries_shanghai,Clinical characteristics of patients hospitalized for ocular chemical injuries in Shanghai from 2012 to 2017,This 160-patient clinical workbook is directly relevant to ocular injury outcomes and ophthalmic epidemiology.,tabular,"[""prognosis""]",160,"[""all""]",,,,dryad,https://doi.org/10.5061/dryad.9707661,CC0 1.0,Clinical characteristics of patients hospitalized for ocular chemical injuries in Shanghai from 2012 to 2017. Dryad Dataset. doi:10.5061/dryad.9707661.,"[""dryad"", ""tabular"", ""ocular"", ""chemical"", ""injuries""]",7.0431e-05,Scope: core_add. Named file-level object: Data.xlsx. Official Dryad API metadata and current file listing reviewed 2026-08-01.,tabular,"[""tabular""]",participants,"[{""count"": 160, ""evidence_basis"": ""official_source_description"", ""evidence_url"": ""https://doi.org/10.5061/dryad.9707661"", ""exactness"": ""exact"", ""notes"": ""Current official Dryad metadata."", ""primary"": true, ""review_date"": ""2026-08-01"", ""scope"": ""Source-stated primary resource quantity."", ""unit"": ""participants""}]",https://doi.org/10.5061/dryad.9707661,official_repository,https://doi.org/10.5061/dryad.9707661,self_service_authenticated,True,True,True,False,False,False,False,False,unknown,available,2026-08-01,official_metadata_and_file_listing_checked,Official Dryad API metadata and current-version file listing reviewed. Data files were not downloaded during catalog discovery.,standard_platform_supported,dryad,dryad_loader,0.4.0,False,,not_run,not_run,,,https://spdx.org/licenses/CC0-1.0.html,https://doi.org/10.5061/dryad.9707661,dataset_files,Review the cited source for component-specific terms.,10.5061/dryad.9707661,,10.5061/dryad.9707661,10.1007/s10792-019-01263-w,,,3,https://doi.org/10.5061/dryad.9707661,[],https://doi.org/10.5061/dryad.9707661,https://doi.org/10.5061/dryad.9707661,https://doi.org/10.5061/dryad.9707661,https://doi.org/10.5061/dryad.9707661,True,2026-08-01,checked_against_official_repository,official_api_file_listing_checked,not_run,dryad_ocular_chemical_injuries_shanghai,Clinical characteristics of patients hospitalized for ocular chemical injuries in Shanghai from 2012 to 2017,cc0,cc0
dryad_ocular_gvhd_mouse,Ocular graft vs host disease mouse model,The named raw-data workbook and README define a clinically relevant ocular graft-versus-host disease model.,tabular,"[""evaluation""]",,"[""all""]",,,,dryad,https://doi.org/10.5061/dryad.k6djh9w8z,CC0 1.0,Ocular graft vs host disease mouse model. Dryad Dataset. doi:10.5061/dryad.k6djh9w8z.,"[""dryad"", ""tabular"", ""ocular"", ""gvhd"", ""mouse""]",0.000197224,Scope: adjacent_add. Named file-level object: OGVHD_Raw_data_compiled.xlsx plus README. Official Dryad API metadata and current file listing reviewed 2026-08-01.,tabular,"[""tabular""]",unknown,[],https://doi.org/10.5061/dryad.k6djh9w8z,official_repository,https://doi.org/10.5061/dryad.k6djh9w8z,self_service_authenticated,True,True,True,False,False,False,False,False,unknown,available,2026-08-01,official_metadata_and_file_listing_checked,Official Dryad API metadata and current-version file listing reviewed. Data files were not downloaded during catalog discovery.,standard_platform_supported,dryad,dryad_loader,0.4.0,False,,not_run,not_run,,,https://spdx.org/licenses/CC0-1.0.html,https://doi.org/10.5061/dryad.k6djh9w8z,dataset_files,Review the cited source for component-specific terms.,10.5061/dryad.k6djh9w8z,,10.5061/dryad.k6djh9w8z,,,,5,https://doi.org/10.5061/dryad.k6djh9w8z,[],https://doi.org/10.5061/dryad.k6djh9w8z,https://doi.org/10.5061/dryad.k6djh9w8z,https://doi.org/10.5061/dryad.k6djh9w8z,https://doi.org/10.5061/dryad.k6djh9w8z,True,2026-08-01,checked_against_official_repository,official_api_file_listing_checked,not_run,dryad_ocular_gvhd_mouse,Ocular graft vs host disease mouse model,cc0,cc0
dryad_ocular_surface_amr,Ocular Surface AMR Keratitis Dataset,Per-patient ocular-surface AMR counts and metadata are direct human keratitis translational data.,omics,"[""classification""]",,"[""all""]",,,,dryad,https://doi.org/10.5061/dryad.6t1g1jx9s,CC0 1.0,"Seitzman, Gerami, Kalua, Khumbo, Misanjo, Esther, Chen, Cindi, Ouimette, Kevin, Zhong, Lina, Liu, YuHeng, Yu, Danny, Abraham, Thomas, Wu, Nathaniel, Yan, Daisy, Lietman, Thomas, Hinterwirth, Armin, and Doan, Thuy. Comparison of antimicrobial resistance genes on the ocular surface of patients with corneal infections in California and Malawi. Dryad. 2025. doi:10.5061/dryad.6t1g1jx9s","[""dryad"", ""ocular"", ""surface"", ""amr"", ""omics"", ""tabular""]",1.288e-05,"Scope screen: core_add. Current Dryad v7 file listing: 3 files, 12880 bytes.",omics,"[""omics"", ""tabular""]",unknown,[],https://doi.org/10.5061/dryad.6t1g1jx9s,official_repository,https://doi.org/10.5061/dryad.6t1g1jx9s,self_service_authenticated,True,True,True,False,False,False,False,False,unknown,available,2026-08-01,official_metadata_and_file_listing_checked,Official Dryad API metadata and current-version file listing reviewed. Data files were not downloaded during catalog discovery.,standard_platform_supported,dryad,dryad_loader,0.4.0,False,,not_run,not_run,,,https://spdx.org/licenses/CC0-1.0.html,https://doi.org/10.5061/dryad.6t1g1jx9s,dataset_files,Official Dryad deposit license applies to deposited dataset files.,10.5061/dryad.6t1g1jx9s,,10.5061/dryad.6t1g1jx9s,10.1093/inthealth/ihaf042,,,7,https://doi.org/10.5061/dryad.6t1g1jx9s,[],https://doi.org/10.5061/dryad.6t1g1jx9s,https://doi.org/10.5061/dryad.6t1g1jx9s,https://doi.org/10.5061/dryad.6t1g1jx9s,https://doi.org/10.5061/dryad.6t1g1jx9s,True,2026-08-01,checked_against_official_repository,official_route_documented,not_run,dryad_ocular_surface_amr,Ocular Surface AMR Keratitis Dataset,cc0,cc0
dryad_optic_neuritis_metacontrast,Dichoptic metacontrast masking functions to infer transmission delay in optic neuritis,The 17-participant optic-neuritis psychophysics archive is a direct human visual-function evaluation resource.,tabular,"[""evaluation""]",,"[""all""]",,,,dryad,https://doi.org/10.5061/dryad.cp4j7,CC0 1.0,Dichoptic metacontrast masking functions to infer transmission delay in optic neuritis. Dryad Dataset. doi:10.5061/dryad.cp4j7.,"[""dryad"", ""tabular"", ""optic"", ""neuritis"", ""metacontrast""]",0.000330125,Scope: core_add. Named file-level object: MetacontrastOpticNeuritis.zip. No explicit single primary resource total is stated. Official Dryad API metadata and current file listing reviewed 2026-08-01.,tabular,"[""tabular""]",unknown,[],https://doi.org/10.5061/dryad.cp4j7,official_repository,https://doi.org/10.5061/dryad.cp4j7,self_service_authenticated,True,True,True,False,False,False,False,False,unknown,available,2026-08-01,official_metadata_and_file_listing_checked,Official Dryad API metadata and current-version file listing reviewed. Data files were not downloaded during catalog discovery.,standard_platform_supported,dryad,dryad_loader,0.4.0,False,,not_run,not_run,,,https://spdx.org/licenses/CC0-1.0.html,https://doi.org/10.5061/dryad.cp4j7,dataset_files,Review the cited source for component-specific terms.,10.5061/dryad.cp4j7,,10.5061/dryad.cp4j7,10.1371/journal.pone.0163375,,,1,https://doi.org/10.5061/dryad.cp4j7,[],https://doi.org/10.5061/dryad.cp4j7,https://doi.org/10.5061/dryad.cp4j7,https://doi.org/10.5061/dryad.cp4j7,https://doi.org/10.5061/dryad.cp4j7,True,2026-08-01,checked_against_official_repository,official_api_file_listing_checked,not_run,dryad_optic_neuritis_metacontrast,Dichoptic metacontrast masking functions to infer transmission delay in optic neuritis,cc0,cc0
dryad_pediatric_corneal_endothelium,Corneal endothelial morphology of healthy myopic Malaysian children of Chinese ethnicity aged 8-9 years and its association with axial length,The 111-participant raw corneal endothelial dataset is direct pediatric ocular-biometric data.,corneal_topography,"[""measurement""]",111,"[""all""]",,,,dryad,https://doi.org/10.5061/dryad.hhmgqnkjc,CC0 1.0,Corneal endothelial morphology of healthy myopic Malaysian children of Chinese ethnicity aged 8-9 years and its association with axial length. Dryad Dataset. doi:10.5061/dryad.hhmgqnkjc.,"[""dryad"", ""corneal_topography"", ""pediatric"", ""corneal"", ""endothelium""]",0.000118991,Scope: core_add. Named file-level object: F1000_ECD_raw_data_submitted.xlsx plus README. Official Dryad API metadata and current file listing reviewed 2026-08-01.,corneal_topography,"[""corneal_topography"", ""tabular""]",participants,"[{""count"": 111, ""evidence_basis"": ""official_source_description"", ""evidence_url"": ""https://doi.org/10.5061/dryad.hhmgqnkjc"", ""exactness"": ""exact"", ""notes"": ""Current official Dryad metadata."", ""primary"": true, ""review_date"": ""2026-08-01"", ""scope"": ""Source-stated primary resource quantity."", ""unit"": ""participants""}]",https://doi.org/10.5061/dryad.hhmgqnkjc,official_repository,https://doi.org/10.5061/dryad.hhmgqnkjc,self_service_authenticated,True,True,True,False,False,False,False,False,unknown,available,2026-08-01,official_metadata_and_file_listing_checked,Official Dryad API metadata and current-version file listing reviewed. Data files were not downloaded during catalog discovery.,standard_platform_supported,dryad,dryad_loader,0.4.0,False,,not_run,not_run,,,https://spdx.org/licenses/CC0-1.0.html,https://doi.org/10.5061/dryad.hhmgqnkjc,dataset_files,Review the cited source for component-specific terms.,10.5061/dryad.hhmgqnkjc,,10.5061/dryad.hhmgqnkjc,10.12688/f1000research.110560.2,,,5,https://doi.org/10.5061/dryad.hhmgqnkjc,[],https://doi.org/10.5061/dryad.hhmgqnkjc,https://doi.org/10.5061/dryad.hhmgqnkjc,https://doi.org/10.5061/dryad.hhmgqnkjc,https://doi.org/10.5061/dryad.hhmgqnkjc,True,2026-08-01,checked_against_official_repository,official_api_file_listing_checked,not_run,dryad_pediatric_corneal_endothelium,Corneal endothelial morphology of healthy myopic Malaysian children of Chinese ethnicity aged 8-9 years and its association with axial length,cc0,cc0
dryad_pediatric_myopia_longitudinal,Axial length elongation and myopia incidence increase in primary school-age children: 3-year follow-up study,The 452-participant longitudinal pediatric biometric workbook is core myopia progression data.,tabular,"[""progression_analysis""]",452,"[""all""]",,,,dryad,https://doi.org/10.5061/dryad.d4mb3pn,CC0 1.0,Axial length elongation and myopia incidence increase in primary school-age children: 3-year follow-up study. Dryad Dataset. doi:10.5061/dryad.d4mb3pn.,"[""dryad"", ""tabular"", ""pediatric"", ""myopia"", ""longitudinal""]",0.00037663,Scope: core_add. Named file-level object: Data3.xlsx. Official Dryad API metadata and current file listing reviewed 2026-08-01.,tabular,"[""tabular""]",participants,"[{""count"": 452, ""evidence_basis"": ""official_source_description"", ""evidence_url"": ""https://doi.org/10.5061/dryad.d4mb3pn"", ""exactness"": ""exact"", ""notes"": ""Current official Dryad metadata."", ""primary"": true, ""review_date"": ""2026-08-01"", ""scope"": ""Source-stated primary resource quantity."", ""unit"": ""participants""}]",https://doi.org/10.5061/dryad.d4mb3pn,official_repository,https://doi.org/10.5061/dryad.d4mb3pn,self_service_authenticated,True,True,True,False,False,False,False,False,unknown,available,2026-08-01,official_metadata_and_file_listing_checked,Official Dryad API metadata and current-version file listing reviewed. Data files were not downloaded during catalog discovery.,standard_platform_supported,dryad,dryad_loader,0.4.0,False,,not_run,not_run,,,https://spdx.org/licenses/CC0-1.0.html,https://doi.org/10.5061/dryad.d4mb3pn,dataset_files,Review the cited source for component-specific terms.,10.5061/dryad.d4mb3pn,,10.5061/dryad.d4mb3pn,10.1136/bmjopen-2019-029896,,,3,https://doi.org/10.5061/dryad.d4mb3pn,[],https://doi.org/10.5061/dryad.d4mb3pn,https://doi.org/10.5061/dryad.d4mb3pn,https://doi.org/10.5061/dryad.d4mb3pn,https://doi.org/10.5061/dryad.d4mb3pn,True,2026-08-01,checked_against_official_repository,official_api_file_listing_checked,not_run,dryad_pediatric_myopia_longitudinal,Axial length elongation and myopia incidence increase in primary school-age children: 3-year follow-up study,cc0,cc0
dryad_pediatric_optical_quality,Intra- and intersession repeatability of an optical quality and intraocular scattering measurement system in children,The 42-eye pediatric optical-quality workbook is directly usable for ocular-biometric measurement and repeatability evaluation.,tabular,"[""measurement""]",42,"[""all""]",,,,dryad,https://doi.org/10.5061/dryad.bm8nv,CC0 1.0,Intra- and intersession repeatability of an optical quality and intraocular scattering measurement system in children. Dryad Dataset. doi:10.5061/dryad.bm8nv.,"[""dryad"", ""tabular"", ""pediatric"", ""optical"", ""quality""]",7.332e-05,Scope: core_add. Named file-level object: Optical quality measurement workbook. Official Dryad API metadata and current file listing reviewed 2026-08-01.,tabular,"[""tabular""]",eyes,"[{""count"": 42, ""evidence_basis"": ""official_source_description"", ""evidence_url"": ""https://doi.org/10.5061/dryad.bm8nv"", ""exactness"": ""exact"", ""notes"": ""Current official Dryad metadata."", ""primary"": true, ""review_date"": ""2026-08-01"", ""scope"": ""Source-stated primary resource quantity."", ""unit"": ""eyes""}]",https://doi.org/10.5061/dryad.bm8nv,official_repository,https://doi.org/10.5061/dryad.bm8nv,self_service_authenticated,True,True,True,False,False,False,False,False,unknown,available,2026-08-01,official_metadata_and_file_listing_checked,Official Dryad API metadata and current-version file listing reviewed. Data files were not downloaded during catalog discovery.,standard_platform_supported,dryad,dryad_loader,0.4.0,False,,not_run,not_run,,,https://spdx.org/licenses/CC0-1.0.html,https://doi.org/10.5061/dryad.bm8nv,dataset_files,Review the cited source for component-specific terms.,10.5061/dryad.bm8nv,,10.5061/dryad.bm8nv,10.1371/journal.pone.0142189,,,1,https://doi.org/10.5061/dryad.bm8nv,[],https://doi.org/10.5061/dryad.bm8nv,https://doi.org/10.5061/dryad.bm8nv,https://doi.org/10.5061/dryad.bm8nv,https://doi.org/10.5061/dryad.bm8nv,True,2026-08-01,checked_against_official_repository,official_api_file_listing_checked,not_run,dryad_pediatric_optical_quality,Intra- and intersession repeatability of an optical quality and intraocular scattering measurement system in children,cc0,cc0
dryad_pediatric_secondary_iol,Pediatric Secondary IOL Outcome Dataset,The pediatric secondary-IOL spreadsheet is a defined direct clinical ophthalmic outcome object.,tabular,"[""regression""]",,"[""all""]",,,,dryad,https://doi.org/10.5061/dryad.5t9d1,CC0 1.0,"Rong, Xianfang, Ji, Yinghong, Fang, Yanwen, Jiang, Yongxiang, and Lu, Yi. Data from: Long-term visual outcomes of secondary intraocular lens implantation in children with congenital cataract. Dryad. 2015. doi:10.5061/dryad.5t9d1","[""dryad"", ""pediatric"", ""secondary"", ""iol"", ""tabular""]",4.3197e-05,"Scope screen: core_add. Current Dryad v1 file listing: 1 files, 21814 bytes.",tabular,"[""tabular""]",unknown,[],https://doi.org/10.5061/dryad.5t9d1,official_repository,https://doi.org/10.5061/dryad.5t9d1,self_service_authenticated,True,True,True,False,False,False,False,False,unknown,available,2026-08-01,official_metadata_and_file_listing_checked,Official Dryad API metadata and current-version file listing reviewed. Data files were not downloaded during catalog discovery.,standard_platform_supported,dryad,dryad_loader,0.4.0,False,,not_run,not_run,,,https://spdx.org/licenses/CC0-1.0.html,https://doi.org/10.5061/dryad.5t9d1,dataset_files,Official Dryad deposit license applies to deposited dataset files.,10.5061/dryad.5t9d1,,10.5061/dryad.5t9d1,10.1371/journal.pone.0134864,,,1,https://doi.org/10.5061/dryad.5t9d1,[],https://doi.org/10.5061/dryad.5t9d1,https://doi.org/10.5061/dryad.5t9d1,https://doi.org/10.5061/dryad.5t9d1,https://doi.org/10.5061/dryad.5t9d1,True,2026-08-01,checked_against_official_repository,official_route_documented,not_run,dryad_pediatric_secondary_iol,Pediatric Secondary IOL Outcome Dataset,cc0,cc0
dryad_pg4f4qrwf,Genotype-phenotype associations in CRB1 bi-allelic patients: a novel mutation and a systematic review,Official Dryad deposit of source-described tabular ophthalmic data for the associated study.,tabular,"[""regression""]",439,"[""all""]",,,,dryad,https://doi.org/10.5061/dryad.pg4f4qrwf,CC0 1.0,El Shamieh Said. Genotype-phenotype associations in CRB1 bi-allelic patients: a novel mutation and a systematic review. Dryad. 2023. doi:10.5061/dryad.pg4f4qrwf,"[""dryad"", ""genotype"", ""phenotype"", ""associations"", ""crb1"", ""tabular"", ""regression""]",0.000202281,"Scope screen: core_add. Current Dryad v4 file listing: 5 files, 202281 bytes.",tabular,"[""tabular""]",participants,"[{""count"": 439, ""evidence_basis"": ""official_source_description"", ""evidence_url"": ""https://doi.org/10.5061/dryad.pg4f4qrwf"", ""exactness"": ""exact"", ""notes"": ""Source-stated scientific quantity; current Dryad file count is separate repository metadata."", ""primary"": true, ""review_date"": ""2026-08-01"", ""scope"": ""Source-described CRB1 genotype-phenotype patients"", ""unit"": ""participants""}]",https://doi.org/10.5061/dryad.pg4f4qrwf,official_repository,https://doi.org/10.5061/dryad.pg4f4qrwf,self_service_authenticated,True,True,True,False,False,False,False,False,unknown,available,2026-08-01,official_metadata_and_file_listing_checked,Official Dryad API metadata and current-version file listing reviewed. Data files were not downloaded during catalog discovery.,standard_platform_supported,dryad,dryad_loader,0.4.0,False,,not_run,not_run,,,https://spdx.org/licenses/CC0-1.0.html,https://doi.org/10.5061/dryad.pg4f4qrwf,dataset_files,Official Dryad deposit license applies to deposited dataset files.,10.5061/dryad.pg4f4qrwf,,10.5061/dryad.pg4f4qrwf,10.1186/s12886-024-03419-4,,,4,https://doi.org/10.5061/dryad.pg4f4qrwf,[],https://doi.org/10.5061/dryad.pg4f4qrwf,https://doi.org/10.5061/dryad.pg4f4qrwf,https://doi.org/10.5061/dryad.pg4f4qrwf,https://doi.org/10.5061/dryad.pg4f4qrwf,True,2026-08-01,checked_against_official_repository,official_route_documented,not_run,dryad_pg4f4qrwf,Genotype-phenotype associations in CRB1 bi-allelic patients: a novel mutation and a systematic review,cc0,cc0
dryad_pk0p2ngzh,Morphometric analysis of retinal ganglionic cells (3D confocal images) analyzed using filament tracer from Imaris software,Official Dryad deposit of source-described ocular microscopy data for the associated study.,cell_microscopy,"[""measurement"", ""reconstruction""]",,"[""all""]",,,,dryad,https://doi.org/10.5061/dryad.pk0p2ngzh,CC0 1.0,Avaroth Bhaskaran Rahul. Morphometric analysis of retinal ganglionic cells (3D confocal images) analyzed using filament tracer from Imaris software. Dryad. 2024. doi:10.5061/dryad.pk0p2ngzh,"[""dryad"", ""morphometric"", ""retinal"", ""ganglionic"", ""cells"", ""cell_microscopy"", ""measurement"", ""reconstruction""]",37.594711764,"Scope screen: adjacent_add. Current Dryad v6 file listing: 12 files, 37594711764 bytes.",cell_microscopy,"[""cell_microscopy"", ""confocal"", ""tabular""]",unknown,[],https://doi.org/10.5061/dryad.pk0p2ngzh,official_repository,https://doi.org/10.5061/dryad.pk0p2ngzh,self_service_authenticated,True,True,True,False,False,False,False,False,unknown,available,2026-08-01,official_metadata_and_file_listing_checked,Official Dryad API metadata and current-version file listing reviewed. Data files were not downloaded during catalog discovery.,standard_platform_supported,dryad,dryad_loader,0.4.0,False,,not_run,not_run,,,https://spdx.org/licenses/CC0-1.0.html,https://doi.org/10.5061/dryad.pk0p2ngzh,dataset_files,Official Dryad deposit license applies to deposited dataset files.,10.5061/dryad.pk0p2ngzh,,10.5061/dryad.pk0p2ngzh,,,,6,https://doi.org/10.5061/dryad.pk0p2ngzh,[],https://doi.org/10.5061/dryad.pk0p2ngzh,https://doi.org/10.5061/dryad.pk0p2ngzh,https://doi.org/10.5061/dryad.pk0p2ngzh,https://doi.org/10.5061/dryad.pk0p2ngzh,True,2026-08-01,checked_against_official_repository,official_route_documented,not_run,dryad_pk0p2ngzh,Morphometric analysis of retinal ganglionic cells (3D confocal images) analyzed using filament tracer from Imaris software,cc0,cc0
dryad_pk31jt2,Data from: Low incidence of choroidal neovascularization following subthreshold diode micropulse laser (SDM) in high-risk AMD,Official Dryad deposit of source-described tabular ophthalmic data for the associated study.,tabular,"[""progression_analysis""]",,"[""all""]",,,,dryad,https://doi.org/10.5061/dryad.pk31jt2,CC0 1.0,"Luttrull Jeffrey K., Sinclair Stephen H., Elmann Solly, Glaser Bert M.. Data from: Low incidence of choroidal neovascularization following subthreshold diode micropulse laser (SDM) in high-risk AMD. Dryad. 2019. doi:10.5061/dryad.pk31jt2","[""dryad"", ""low"", ""incidence"", ""choroidal"", ""neovascularization"", ""tabular"", ""progression_analysis""]",8.4019e-05,"Scope screen: core_add. Current Dryad v1 file listing: 1 files, 84019 bytes.",tabular,"[""tabular""]",unknown,[],https://doi.org/10.5061/dryad.pk31jt2,official_repository,https://doi.org/10.5061/dryad.pk31jt2,self_service_authenticated,True,True,True,False,False,False,False,False,unknown,available,2026-08-01,official_metadata_and_file_listing_checked,Official Dryad API metadata and current-version file listing reviewed. Data files were not downloaded during catalog discovery.,standard_platform_supported,dryad,dryad_loader,0.4.0,False,,not_run,not_run,,,https://spdx.org/licenses/CC0-1.0.html,https://doi.org/10.5061/dryad.pk31jt2,dataset_files,Official Dryad deposit license applies to deposited dataset files.,10.5061/dryad.pk31jt2,,10.5061/dryad.pk31jt2,10.1371/journal.pone.0202097,,,1,https://doi.org/10.5061/dryad.pk31jt2,[],https://doi.org/10.5061/dryad.pk31jt2,https://doi.org/10.5061/dryad.pk31jt2,https://doi.org/10.5061/dryad.pk31jt2,https://doi.org/10.5061/dryad.pk31jt2,True,2026-08-01,checked_against_official_repository,official_route_documented,not_run,dryad_pk31jt2,Data from: Low incidence of choroidal neovascularization following subthreshold diode micropulse laser (SDM) in high-risk AMD,cc0,cc0
dryad_pnvx0k6hv,Time trends and associated factors of axial length in 4 and 5 year-olds children in Shanghai from 2013 to 2019,Official Dryad deposit of source-described tabular ophthalmic data for the associated study.,tabular,"[""measurement"", ""regression""]",,"[""all""]",,,,dryad,https://doi.org/10.5061/dryad.pnvx0k6hv,CC0 1.0,"Li Tao, Wan Ting, Yao Xiaoqian, Qi Huihong, Chen Xuefeng, She Man, Hu Qianqian, Zhou Xiaodong. Time trends and associated factors of axial length in 4 and 5 year-olds children in Shanghai from 2013 to 2019. Dryad. 2020. doi:10.5061/dryad.pnvx0k6hv","[""dryad"", ""time"", ""trends"", ""associated"", ""factors"", ""tabular"", ""measurement"", ""regression""]",0.000224849,"Scope screen: core_add. Current Dryad v3 file listing: 1 files, 224849 bytes.",tabular,"[""tabular""]",unknown,[],https://doi.org/10.5061/dryad.pnvx0k6hv,official_repository,https://doi.org/10.5061/dryad.pnvx0k6hv,self_service_authenticated,True,True,True,False,False,False,False,False,unknown,available,2026-08-01,official_metadata_and_file_listing_checked,Official Dryad API metadata and current-version file listing reviewed. Data files were not downloaded during catalog discovery.,standard_platform_supported,dryad,dryad_loader,0.4.0,False,,not_run,not_run,,,https://spdx.org/licenses/CC0-1.0.html,https://doi.org/10.5061/dryad.pnvx0k6hv,dataset_files,Official Dryad deposit license applies to deposited dataset files.,10.5061/dryad.pnvx0k6hv,,10.5061/dryad.pnvx0k6hv,10.1007/s10792-020-01637-5,,,3,https://doi.org/10.5061/dryad.pnvx0k6hv,[],https://doi.org/10.5061/dryad.pnvx0k6hv,https://doi.org/10.5061/dryad.pnvx0k6hv,https://doi.org/10.5061/dryad.pnvx0k6hv,https://doi.org/10.5061/dryad.pnvx0k6hv,True,2026-08-01,checked_against_official_repository,official_route_documented,not_run,dryad_pnvx0k6hv,Time trends and associated factors of axial length in 4 and 5 year-olds children in Shanghai from 2013 to 2019,cc0,cc0
dryad_preeclampsia_ocular_octa,Plane wave ultrasound and OCT angiography of the eye in preeclampsia,The defined plane-wave ultrasound/OCTA data file and README directly support human ocular vascular measurement.,octa,"[""vessel_analysis""]",,"[""all""]",,,,dryad,https://doi.org/10.5061/dryad.j0zpc86kg,CC0 1.0,Plane wave ultrasound and OCT angiography of the eye in preeclampsia. Dryad Dataset. doi:10.5061/dryad.j0zpc86kg.,"[""dryad"", ""octa"", ""preeclampsia"", ""ocular""]",0.000308996,Scope: core_add. Named file-level object: PE_ran.sav plus README. Official Dryad API metadata and current file listing reviewed 2026-08-01.,octa,"[""octa"", ""ocular_ultrasound"", ""tabular""]",unknown,[],https://doi.org/10.5061/dryad.j0zpc86kg,official_repository,https://doi.org/10.5061/dryad.j0zpc86kg,self_service_authenticated,True,True,True,False,False,False,False,False,unknown,available,2026-08-01,official_metadata_and_file_listing_checked,Official Dryad API metadata and current-version file listing reviewed. Data files were not downloaded during catalog discovery.,standard_platform_supported,dryad,dryad_loader,0.4.0,False,,not_run,not_run,,,https://spdx.org/licenses/CC0-1.0.html,https://doi.org/10.5061/dryad.j0zpc86kg,dataset_files,Review the cited source for component-specific terms.,10.5061/dryad.j0zpc86kg,,10.5061/dryad.j0zpc86kg,10.1167/tvst.9.10.14,,,4,https://doi.org/10.5061/dryad.j0zpc86kg,[],https://doi.org/10.5061/dryad.j0zpc86kg,https://doi.org/10.5061/dryad.j0zpc86kg,https://doi.org/10.5061/dryad.j0zpc86kg,https://doi.org/10.5061/dryad.j0zpc86kg,True,2026-08-01,checked_against_official_repository,official_api_file_listing_checked,not_run,dryad_preeclampsia_ocular_octa,Plane wave ultrasound and OCT angiography of the eye in preeclampsia,cc0,cc0
dryad_primate_on_dsgc,Primate ON Direction-Selective Ganglion Cell Dataset,"Primate ON-DSGC transcriptomic and retinal physiology archives are a defined, translationally relevant retinal-cell resource.",electrophysiology,"[""classification"", ""measurement""]",,"[""all""]",,,,dryad,https://doi.org/10.5061/dryad.47d7wm3kx,CC0 1.0,"Wang, Anna Y. M., Kulkarni, Manoj M., McLaughlin, Amanda J., Gayet, Jacqueline, Smith, Benjamin E., Hauptschein, Max, McHugh, Cyrus F., Yao, Yvette Y., and Puthussery, Teresa. An ON-type direction selective ganglion cell in primate retina. Dryad. 2023. doi:10.5061/dryad.47d7wm3kx","[""dryad"", ""primate"", ""on"", ""dsgc"", ""electrophysiology"", ""omics""]",64.655408401,"Scope screen: adjacent_add. Current Dryad v4 file listing: 13 files, 64655258350 bytes.",electrophysiology,"[""electrophysiology"", ""omics""]",unknown,[],https://doi.org/10.5061/dryad.47d7wm3kx,official_repository,https://doi.org/10.5061/dryad.47d7wm3kx,self_service_authenticated,True,True,True,False,False,False,False,False,unknown,available,2026-08-01,official_metadata_and_file_listing_checked,Official Dryad API metadata and current-version file listing reviewed. Data files were not downloaded during catalog discovery.,standard_platform_supported,dryad,dryad_loader,0.4.0,False,,not_run,not_run,,,https://spdx.org/licenses/CC0-1.0.html,https://doi.org/10.5061/dryad.47d7wm3kx,dataset_files,Official Dryad deposit license applies to deposited dataset files.,10.5061/dryad.47d7wm3kx,,10.5061/dryad.47d7wm3kx,10.1038/s41586-023-06659-4,,,4,https://doi.org/10.5061/dryad.47d7wm3kx,[],https://doi.org/10.5061/dryad.47d7wm3kx,https://doi.org/10.5061/dryad.47d7wm3kx,https://doi.org/10.5061/dryad.47d7wm3kx,https://doi.org/10.5061/dryad.47d7wm3kx,True,2026-08-01,checked_against_official_repository,official_route_documented,not_run,dryad_primate_on_dsgc,Primate ON Direction-Selective Ganglion Cell Dataset,cc0,cc0
dryad_prpf31_gene_augmentation,Gene augmentation prevents retinal degeneration in a CRISPR/Cas9-based mouse model of PRPF31 retinitis pigmentosa,Thirty-eight named sequencing files document a retinitis-pigmentosa gene-therapy disease model with clear translational relevance.,omics,"[""classification""]",,"[""all""]",,,,dryad,https://doi.org/10.5061/dryad.bcc2fqzf1,CC0 1.0,Gene augmentation prevents retinal degeneration in a CRISPR/Cas9-based mouse model of PRPF31 retinitis pigmentosa. Dryad Dataset. doi:10.5061/dryad.bcc2fqzf1.,"[""dryad"", ""omics"", ""prpf31"", ""gene"", ""augmentation""]",0.265695797,Scope: adjacent_add. Named file-level object: FASTQ sequencing files plus README. Official Dryad API metadata and current file listing reviewed 2026-08-01.,omics,"[""omics"", ""tabular""]",unknown,[],https://doi.org/10.5061/dryad.bcc2fqzf1,official_repository,https://doi.org/10.5061/dryad.bcc2fqzf1,self_service_authenticated,True,True,True,False,False,False,False,False,unknown,available,2026-08-01,official_metadata_and_file_listing_checked,Official Dryad API metadata and current-version file listing reviewed. Data files were not downloaded during catalog discovery.,standard_platform_supported,dryad,dryad_loader,0.4.0,False,,not_run,not_run,,,https://spdx.org/licenses/CC0-1.0.html,https://doi.org/10.5061/dryad.bcc2fqzf1,dataset_files,Review the cited source for component-specific terms.,10.5061/dryad.bcc2fqzf1,,10.5061/dryad.bcc2fqzf1,10.1038/s41467-022-35361-8,,,6,https://doi.org/10.5061/dryad.bcc2fqzf1,[],https://doi.org/10.5061/dryad.bcc2fqzf1,https://doi.org/10.5061/dryad.bcc2fqzf1,https://doi.org/10.5061/dryad.bcc2fqzf1,https://doi.org/10.5061/dryad.bcc2fqzf1,True,2026-08-01,checked_against_official_repository,official_api_file_listing_checked,not_run,dryad_prpf31_gene_augmentation,Gene augmentation prevents retinal degeneration in a CRISPR/Cas9-based mouse model of PRPF31 retinitis pigmentosa,cc0,cc0
dryad_pvd_diagnostic_oct,"Accuracy of biomicroscopy, ultrasonography and spectral-domain OCT in detection of complete posterior vitreous detachment",The 123-eye diagnostic workbook directly evaluates clinical OCT ultrasonography and biomicroscopy for vitreous detachment.,oct,"[""evaluation""]",123,"[""all""]",,,,dryad,https://doi.org/10.5061/dryad.h44j0zpnp,CC0 1.0,"Accuracy of biomicroscopy, ultrasonography and spectral-domain OCT in detection of complete posterior vitreous detachment. Dryad Dataset. doi:10.5061/dryad.h44j0zpnp.","[""dryad"", ""oct"", ""pvd"", ""diagnostic""]",0.000410897,Scope: core_add. Named file-level object: PVD diagnostic workbook plus README. Official Dryad API metadata and current file listing reviewed 2026-08-01.,oct,"[""oct"", ""tabular""]",eyes,"[{""count"": 123, ""evidence_basis"": ""official_source_description"", ""evidence_url"": ""https://doi.org/10.5061/dryad.h44j0zpnp"", ""exactness"": ""exact"", ""notes"": ""Current official Dryad metadata."", ""primary"": true, ""review_date"": ""2026-08-01"", ""scope"": ""Source-stated primary resource quantity."", ""unit"": ""eyes""}]",https://doi.org/10.5061/dryad.h44j0zpnp,official_repository,https://doi.org/10.5061/dryad.h44j0zpnp,self_service_authenticated,True,True,True,False,False,False,False,False,unknown,available,2026-08-01,official_metadata_and_file_listing_checked,Official Dryad API metadata and current-version file listing reviewed. Data files were not downloaded during catalog discovery.,standard_platform_supported,dryad,dryad_loader,0.4.0,False,,not_run,not_run,,,https://spdx.org/licenses/CC0-1.0.html,https://doi.org/10.5061/dryad.h44j0zpnp,dataset_files,Review the cited source for component-specific terms.,10.5061/dryad.h44j0zpnp,,10.5061/dryad.h44j0zpnp,10.1186/s12886-023-03233-4,,,8,https://doi.org/10.5061/dryad.h44j0zpnp,[],https://doi.org/10.5061/dryad.h44j0zpnp,https://doi.org/10.5061/dryad.h44j0zpnp,https://doi.org/10.5061/dryad.h44j0zpnp,https://doi.org/10.5061/dryad.h44j0zpnp,True,2026-08-01,checked_against_official_repository,official_api_file_listing_checked,not_run,dryad_pvd_diagnostic_oct,"Accuracy of biomicroscopy, ultrasonography and spectral-domain OCT in detection of complete posterior vitreous detachment",cc0,cc0
dryad_pzgmsbcfw,Anti-vegf therapy in diabetic macular oedema patients over four years,Official Dryad deposit of source-described tabular ophthalmic data for the associated study.,tabular,"[""progression_analysis""]",,"[""all""]",,,,dryad,https://doi.org/10.5061/dryad.pzgmsbcfw,CC0 1.0,"Fu Dun Jack, Kern Christoph, Keane Pearse. Anti-vegf therapy in diabetic macular oedema patients over four years. Dryad. 2020. doi:10.5061/dryad.pzgmsbcfw","[""dryad"", ""anti"", ""vegf"", ""therapy"", ""diabetic"", ""tabular"", ""progression_analysis""]",0.008699115,"Scope screen: core_add. Current Dryad v9 file listing: 2 files, 8699115 bytes.",tabular,"[""tabular""]",unknown,[],https://doi.org/10.5061/dryad.pzgmsbcfw,official_repository,https://doi.org/10.5061/dryad.pzgmsbcfw,self_service_authenticated,True,True,True,False,False,False,False,False,unknown,available,2026-08-01,official_metadata_and_file_listing_checked,Official Dryad API metadata and current-version file listing reviewed. Data files were not downloaded during catalog discovery.,standard_platform_supported,dryad,dryad_loader,0.4.0,False,,not_run,not_run,,,https://spdx.org/licenses/CC0-1.0.html,https://doi.org/10.5061/dryad.pzgmsbcfw,dataset_files,Official Dryad deposit license applies to deposited dataset files.,10.5061/dryad.pzgmsbcfw,,10.5061/dryad.pzgmsbcfw,10.1038/s41433-020-1048-0,,,9,https://doi.org/10.5061/dryad.pzgmsbcfw,[],https://doi.org/10.5061/dryad.pzgmsbcfw,https://doi.org/10.5061/dryad.pzgmsbcfw,https://doi.org/10.5061/dryad.pzgmsbcfw,https://doi.org/10.5061/dryad.pzgmsbcfw,True,2026-08-01,checked_against_official_repository,official_route_documented,not_run,dryad_pzgmsbcfw,Anti-vegf therapy in diabetic macular oedema patients over four years,cc0,cc0
dryad_pzgmsbcmk,Two-photon calcium recordings of cones,Official Dryad deposit of source-described retinal physiology data for the associated study.,electrophysiology,"[""measurement""]",,"[""all""]",,,,dryad,https://doi.org/10.5061/dryad.pzgmsbcmk,CC0 1.0,"Yoshimatsu Takeshi, Bartel Philipp, Schroder Cornelius, Janiak Filip, St-Pierre Francois, Berens Philipp, Baden Tom. Two-photon calcium recordings of cones. Dryad. 2021. doi:10.5061/dryad.pzgmsbcmk","[""dryad"", ""two"", ""photon"", ""calcium"", ""recordings"", ""electrophysiology"", ""measurement""]",0.878189959,"Scope screen: adjacent_add. Current Dryad v3 file listing: 13 files, 878189959 bytes.",electrophysiology,"[""electrophysiology"", ""cell_microscopy"", ""tabular""]",unknown,[],https://doi.org/10.5061/dryad.pzgmsbcmk,official_repository,https://doi.org/10.5061/dryad.pzgmsbcmk,self_service_authenticated,True,True,True,False,False,False,False,False,unknown,available,2026-08-01,official_metadata_and_file_listing_checked,Official Dryad API metadata and current-version file listing reviewed. Data files were not downloaded during catalog discovery.,standard_platform_supported,dryad,dryad_loader,0.4.0,False,,not_run,not_run,,,https://spdx.org/licenses/CC0-1.0.html,https://doi.org/10.5061/dryad.pzgmsbcmk,dataset_files,Official Dryad deposit license applies to deposited dataset files.,10.5061/dryad.pzgmsbcmk,,10.5061/dryad.pzgmsbcmk,,,,3,https://doi.org/10.5061/dryad.pzgmsbcmk,[],https://doi.org/10.5061/dryad.pzgmsbcmk,https://doi.org/10.5061/dryad.pzgmsbcmk,https://doi.org/10.5061/dryad.pzgmsbcmk,https://doi.org/10.5061/dryad.pzgmsbcmk,True,2026-08-01,checked_against_official_repository,official_route_documented,not_run,dryad_pzgmsbcmk,Two-photon calcium recordings of cones,cc0,cc0
dryad_q6rv0kz3,Asymmetric retinal direction tuning predicts optokinetic eye movements across stimulus conditions,Official Dryad deposit of source-described retinal circuit and eye-movement data for the associated study.,multimodal,"[""gaze_estimation"", ""measurement""]",,"[""all""]",,,,dryad,https://doi.org/10.7272/q6rv0kz3,CC0 1.0,"Harris Scott, Dunn Felice. Asymmetric retinal direction tuning predicts optokinetic eye movements across stimulus conditions. Dryad. 2023. doi:10.7272/q6rv0kz3","[""dryad"", ""asymmetric"", ""retinal"", ""direction"", ""tuning"", ""multimodal"", ""gaze_estimation"", ""measurement""]",0.693075185,"Scope screen: adjacent_add. Current Dryad v6 file listing: 19 files, 693075185 bytes.",multimodal,"[""eye_tracking"", ""electrophysiology"", ""cell_microscopy""]",unknown,[],https://doi.org/10.7272/q6rv0kz3,official_repository,https://doi.org/10.7272/q6rv0kz3,self_service_authenticated,True,True,True,False,False,False,False,False,unknown,available,2026-08-01,official_metadata_and_file_listing_checked,Official Dryad API metadata and current-version file listing reviewed. Data files were not downloaded during catalog discovery.,standard_platform_supported,dryad,dryad_loader,0.4.0,False,,not_run,not_run,,,https://spdx.org/licenses/CC0-1.0.html,https://doi.org/10.7272/q6rv0kz3,dataset_files,Official Dryad deposit license applies to deposited dataset files.,10.7272/q6rv0kz3,,10.7272/q6rv0kz3,10.7554/elife.81780,,,6,https://doi.org/10.7272/q6rv0kz3,[],https://doi.org/10.7272/q6rv0kz3,https://doi.org/10.7272/q6rv0kz3,https://doi.org/10.7272/q6rv0kz3,https://doi.org/10.7272/q6rv0kz3,True,2026-08-01,checked_against_official_repository,official_route_documented,not_run,dryad_q6rv0kz3,Asymmetric retinal direction tuning predicts optokinetic eye movements across stimulus conditions,cc0,cc0
dryad_q6w37t8b,10x Lacrimal Gland scRNA seq data matrix,Official Dryad deposit of source-described ocular omics data for the associated study.,omics,"[""classification""]",,"[""all""]",,,,dryad,https://doi.org/10.7272/q6w37t8b,CC0 1.0,"Yu Shengyang, Tward Aaron, Knox Sarah. 10x Lacrimal Gland scRNA seq data matrix. Dryad. 2017. doi:10.7272/q6w37t8b","[""dryad"", ""10x"", ""lacrimal"", ""gland"", ""scrna"", ""omics"", ""classification""]",0.015630284,"Scope screen: adjacent_add. Current Dryad v1 file listing: 6 files, 15630284 bytes.",omics,"[""omics""]",unknown,[],https://doi.org/10.7272/q6w37t8b,official_repository,https://doi.org/10.7272/q6w37t8b,self_service_authenticated,True,True,True,False,False,False,False,False,unknown,available,2026-08-01,official_metadata_and_file_listing_checked,Official Dryad API metadata and current-version file listing reviewed. Data files were not downloaded during catalog discovery.,standard_platform_supported,dryad,dryad_loader,0.4.0,False,,not_run,not_run,,,https://spdx.org/licenses/CC0-1.0.html,https://doi.org/10.7272/q6w37t8b,dataset_files,Official Dryad deposit license applies to deposited dataset files.,10.7272/q6w37t8b,,10.7272/q6w37t8b,10.1242/dev.150789,,,1,https://doi.org/10.7272/q6w37t8b,[],https://doi.org/10.7272/q6w37t8b,https://doi.org/10.7272/q6w37t8b,https://doi.org/10.7272/q6w37t8b,https://doi.org/10.7272/q6w37t8b,True,2026-08-01,checked_against_official_repository,official_route_documented,not_run,dryad_q6w37t8b,10x Lacrimal Gland scRNA seq data matrix,cc0,cc0
dryad_q83bk3jnw,Disease parameters following ocular herpes simplex virus type 1 infection are similar in male and female BALB/C mice,Official Dryad deposit of source-described tabular ophthalmic data for the associated study.,tabular,"[""measurement""]",,"[""all""]",,,,dryad,https://doi.org/10.5061/dryad.q83bk3jnw,CC0 1.0,"Brandt Curtis, Kolb Aaron, Ferguson Sarah, Larsen Inna. Disease parameters following ocular herpes simplex virus type 1 infection are similar in male and female BALB/C mice. Dryad. 2023. doi:10.5061/dryad.q83bk3jnw","[""dryad"", ""disease"", ""parameters"", ""following"", ""ocular"", ""tabular"", ""measurement""]",0.004541161,"Scope screen: adjacent_add. Current Dryad v4 file listing: 7 files, 4541161 bytes.",tabular,"[""tabular""]",unknown,[],https://doi.org/10.5061/dryad.q83bk3jnw,official_repository,https://doi.org/10.5061/dryad.q83bk3jnw,self_service_authenticated,True,True,True,False,False,False,False,False,unknown,available,2026-08-01,official_metadata_and_file_listing_checked,Official Dryad API metadata and current-version file listing reviewed. Data files were not downloaded during catalog discovery.,standard_platform_supported,dryad,dryad_loader,0.4.0,False,,not_run,not_run,,,https://spdx.org/licenses/CC0-1.0.html,https://doi.org/10.5061/dryad.q83bk3jnw,dataset_files,Official Dryad deposit license applies to deposited dataset files.,10.5061/dryad.q83bk3jnw,,10.5061/dryad.q83bk3jnw,10.1371/journal.pone.0287194,,,4,https://doi.org/10.5061/dryad.q83bk3jnw,[],https://doi.org/10.5061/dryad.q83bk3jnw,https://doi.org/10.5061/dryad.q83bk3jnw,https://doi.org/10.5061/dryad.q83bk3jnw,https://doi.org/10.5061/dryad.q83bk3jnw,True,2026-08-01,checked_against_official_repository,official_route_documented,not_run,dryad_q83bk3jnw,Disease parameters following ocular herpes simplex virus type 1 infection are similar in male and female BALB/C mice,cc0,cc0
dryad_qfttdz0dr,Association of APOE gene polymorphisms with primary open angle glaucoma in Brazilian patients,Official Dryad deposit of source-described tabular ophthalmic data for the associated study.,tabular,"[""regression""]",803,"[""all""]",,,,dryad,https://doi.org/10.5061/dryad.qfttdz0dr,CC0 1.0,"Occhiutto Marcelo, Costa Vital, Melo Monica, Bajano Flavia, Rodrigues Thiago, Vasconcellos Jose Paulo, Costa Fernando. Association of APOE gene polymorphisms with primary open angle glaucoma in Brazilian patients. Dryad. 2020. doi:10.5061/dryad.qfttdz0dr","[""dryad"", ""association"", ""apoe"", ""gene"", ""polymorphisms"", ""tabular"", ""regression""]",0.000175479,"Scope screen: core_add. Current Dryad v3 file listing: 1 files, 175479 bytes.",tabular,"[""tabular""]",participants,"[{""count"": 803, ""evidence_basis"": ""official_source_description"", ""evidence_url"": ""https://doi.org/10.5061/dryad.qfttdz0dr"", ""exactness"": ""exact"", ""notes"": ""Source-stated scientific quantity; current Dryad file count is separate repository metadata."", ""primary"": true, ""review_date"": ""2026-08-01"", ""scope"": ""Source-described POAG cases and controls"", ""unit"": ""participants""}]",https://doi.org/10.5061/dryad.qfttdz0dr,official_repository,https://doi.org/10.5061/dryad.qfttdz0dr,self_service_authenticated,True,True,True,False,False,False,False,False,unknown,available,2026-08-01,official_metadata_and_file_listing_checked,Official Dryad API metadata and current-version file listing reviewed. Data files were not downloaded during catalog discovery.,standard_platform_supported,dryad,dryad_loader,0.4.0,False,,not_run,not_run,,,https://spdx.org/licenses/CC0-1.0.html,https://doi.org/10.5061/dryad.qfttdz0dr,dataset_files,Official Dryad deposit license applies to deposited dataset files.,10.5061/dryad.qfttdz0dr,,10.5061/dryad.qfttdz0dr,10.1080/13816810.2020.1849314,,,3,https://doi.org/10.5061/dryad.qfttdz0dr,[],https://doi.org/10.5061/dryad.qfttdz0dr,https://doi.org/10.5061/dryad.qfttdz0dr,https://doi.org/10.5061/dryad.qfttdz0dr,https://doi.org/10.5061/dryad.qfttdz0dr,True,2026-08-01,checked_against_official_repository,official_route_documented,not_run,dryad_qfttdz0dr,Association of APOE gene polymorphisms with primary open angle glaucoma in Brazilian patients,cc0,cc0
dryad_r4xgxd2nt,Restoration of cone circuit functionality in the regenerating adult zebrafish retina,Official Dryad deposit of source-described retinal physiology data for the associated study.,electrophysiology,"[""measurement"", ""restoration""]",,"[""all""]",,,,dryad,https://doi.org/10.5061/dryad.r4xgxd2nt,CC0 1.0,"Abraham Evelyn, Hartmann Hella, Yoshimatsu Takeshi, Baden Tom, Brand Michael. Restoration of cone circuit functionality in the regenerating adult zebrafish retina. Dryad. 2024. doi:10.5061/dryad.r4xgxd2nt","[""dryad"", ""restoration"", ""cone"", ""circuit"", ""functionality"", ""electrophysiology"", ""measurement""]",3.340308791,"Scope screen: adjacent_add. Current Dryad v6 file listing: 6 files, 3340308791 bytes.",electrophysiology,"[""electrophysiology"", ""cell_microscopy""]",unknown,[],https://doi.org/10.5061/dryad.r4xgxd2nt,official_repository,https://doi.org/10.5061/dryad.r4xgxd2nt,self_service_authenticated,True,True,True,False,False,False,False,False,unknown,available,2026-08-01,official_metadata_and_file_listing_checked,Official Dryad API metadata and current-version file listing reviewed. Data files were not downloaded during catalog discovery.,standard_platform_supported,dryad,dryad_loader,0.4.0,False,,not_run,not_run,,,https://spdx.org/licenses/CC0-1.0.html,https://doi.org/10.5061/dryad.r4xgxd2nt,dataset_files,Official Dryad deposit license applies to deposited dataset files.,10.5061/dryad.r4xgxd2nt,,10.5061/dryad.r4xgxd2nt,10.1016/j.devcel.2024.07.005,,,6,https://doi.org/10.5061/dryad.r4xgxd2nt,[],https://doi.org/10.5061/dryad.r4xgxd2nt,https://doi.org/10.5061/dryad.r4xgxd2nt,https://doi.org/10.5061/dryad.r4xgxd2nt,https://doi.org/10.5061/dryad.r4xgxd2nt,True,2026-08-01,checked_against_official_repository,official_route_documented,not_run,dryad_r4xgxd2nt,Restoration of cone circuit functionality in the regenerating adult zebrafish retina,cc0,cc0
dryad_r7s04,"Data from: Prevalence of depression, anxiety, adjustment disorders, and somatoform disorders in patients with age-related macular degeneration in Germany",Official Dryad deposit of source-described tabular ophthalmic data for the associated study.,tabular,"[""demographic_analysis""]",15160,"[""all""]",,,,dryad,https://doi.org/10.5061/dryad.r7s04,CC0 1.0,"Jacob Louis, Spiess Alexandra, Kostev Karel. Data from: Prevalence of depression, anxiety, adjustment disorders, and somatoform disorders in patients with age-related macular degeneration in Germany. Dryad. 2017. doi:10.5061/dryad.r7s04","[""dryad"", ""prevalence"", ""depression"", ""anxiety"", ""adjustment"", ""tabular"", ""demographic_analysis""]",0.001273396,"Scope screen: core_add. Current Dryad v1 file listing: 1 files, 1273396 bytes.",tabular,"[""tabular""]",participants,"[{""count"": 15160, ""evidence_basis"": ""official_source_description"", ""evidence_url"": ""https://doi.org/10.5061/dryad.r7s04"", ""exactness"": ""exact"", ""notes"": ""Source-stated scientific quantity; current Dryad file count is separate repository metadata."", ""primary"": true, ""review_date"": ""2026-08-01"", ""scope"": ""Source-described AMD and matched control participants"", ""unit"": ""participants""}]",https://doi.org/10.5061/dryad.r7s04,official_repository,https://doi.org/10.5061/dryad.r7s04,self_service_authenticated,True,True,True,False,False,False,False,False,unknown,available,2026-08-01,official_metadata_and_file_listing_checked,Official Dryad API metadata and current-version file listing reviewed. Data files were not downloaded during catalog discovery.,standard_platform_supported,dryad,dryad_loader,0.4.0,False,,not_run,not_run,,,https://spdx.org/licenses/CC0-1.0.html,https://doi.org/10.5061/dryad.r7s04,dataset_files,Official Dryad deposit license applies to deposited dataset files.,10.5061/dryad.r7s04,,10.5061/dryad.r7s04,10.3205/000245,,,1,https://doi.org/10.5061/dryad.r7s04,[],https://doi.org/10.5061/dryad.r7s04,https://doi.org/10.5061/dryad.r7s04,https://doi.org/10.5061/dryad.r7s04,https://doi.org/10.5061/dryad.r7s04,True,2026-08-01,checked_against_official_repository,official_route_documented,not_run,dryad_r7s04,"Data from: Prevalence of depression, anxiety, adjustment disorders, and somatoform disorders in patients with age-related macular degeneration in Germany",cc0,cc0
dryad_r7sqv9sqs,Deletion in CACNA1F gene causes X-linked progressive retinal atrophy in English Cocker Spaniel dogs,Official Dryad deposit of source-described ocular omics data for the associated study.,omics,"[""classification""]",,"[""all""]",,,,dryad,https://doi.org/10.5061/dryad.r7sqv9sqs,CC0 1.0,"Bionda Arianna, Liotta Luigi, Floridia Viviana, Niggel Jessica, Giretto Daniela, Aguirre Gustavo, Crepaldi Paola, Murgiano Leonardo. Deletion in CACNA1F gene causes X-linked progressive retinal atrophy in English Cocker Spaniel dogs. Dryad. 2026. doi:10.5061/dryad.r7sqv9sqs","[""dryad"", ""deletion"", ""cacna1f"", ""gene"", ""causes"", ""omics"", ""classification""]",139.241181282,"Scope screen: adjacent_add. Current Dryad v4 file listing: 11 files, 139241181282 bytes.",omics,"[""omics""]",unknown,[],https://doi.org/10.5061/dryad.r7sqv9sqs,official_repository,https://doi.org/10.5061/dryad.r7sqv9sqs,self_service_authenticated,True,True,True,False,False,False,False,False,unknown,available,2026-08-01,official_metadata_and_file_listing_checked,Official Dryad API metadata and current-version file listing reviewed. Data files were not downloaded during catalog discovery.,standard_platform_supported,dryad,dryad_loader,0.4.0,False,,not_run,not_run,,,https://spdx.org/licenses/CC0-1.0.html,https://doi.org/10.5061/dryad.r7sqv9sqs,dataset_files,Official Dryad deposit license applies to deposited dataset files.,10.5061/dryad.r7sqv9sqs,,10.5061/dryad.r7sqv9sqs,10.1186/s12917-026-05421-y,,,4,https://doi.org/10.5061/dryad.r7sqv9sqs,[],https://doi.org/10.5061/dryad.r7sqv9sqs,https://doi.org/10.5061/dryad.r7sqv9sqs,https://doi.org/10.5061/dryad.r7sqv9sqs,https://doi.org/10.5061/dryad.r7sqv9sqs,True,2026-08-01,checked_against_official_repository,official_route_documented,not_run,dryad_r7sqv9sqs,Deletion in CACNA1F gene causes X-linked progressive retinal atrophy in English Cocker Spaniel dogs,cc0,cc0
dryad_rao_multiomics,Data and code from: Fatty acid metabolism reprograms immune microenvironment in retinal artery occlusion: Multi-Omics analysis highlights immunometabolic crosstalk,The 132-participant retinal-artery-occlusion multi-omics release is directly translational and contains data beyond its analysis code.,omics,"[""classification""]",,"[""all""]",,,,dryad,https://doi.org/10.5061/dryad.98sf7m0wt,CC0 1.0,Data and code from: Fatty acid metabolism reprograms immune microenvironment in retinal artery occlusion: Multi-Omics analysis highlights immunometabolic crosstalk. Dryad Dataset. doi:10.5061/dryad.98sf7m0wt.,"[""dryad"", ""omics"", ""rao"", ""multiomics""]",0.019138637,Scope: core_add. Named file-level object: Three omics data archives plus README. No explicit single primary resource total is stated. Official Dryad API metadata and current file listing reviewed 2026-08-01.,omics,"[""omics"", ""tabular""]",unknown,[],https://doi.org/10.5061/dryad.98sf7m0wt,official_repository,https://doi.org/10.5061/dryad.98sf7m0wt,self_service_authenticated,True,True,True,False,False,False,False,False,unknown,available,2026-08-01,official_metadata_and_file_listing_checked,Official Dryad API metadata and current-version file listing reviewed. Data files were not downloaded during catalog discovery.,standard_platform_supported,dryad,dryad_loader,0.4.0,False,,not_run,not_run,,,https://spdx.org/licenses/CC0-1.0.html,https://doi.org/10.5061/dryad.98sf7m0wt,dataset_files,Review the cited source for component-specific terms.,10.5061/dryad.98sf7m0wt,,10.5061/dryad.98sf7m0wt,10.1016/j.isci.2026.116445,,,4,https://doi.org/10.5061/dryad.98sf7m0wt,[],https://doi.org/10.5061/dryad.98sf7m0wt,https://doi.org/10.5061/dryad.98sf7m0wt,https://doi.org/10.5061/dryad.98sf7m0wt,https://doi.org/10.5061/dryad.98sf7m0wt,True,2026-08-01,checked_against_official_repository,official_api_file_listing_checked,not_run,dryad_rao_multiomics,Data and code from: Fatty acid metabolism reprograms immune microenvironment in retinal artery occlusion: Multi-Omics analysis highlights immunometabolic crosstalk,cc0,cc0
dryad_ravi_cataract_outcomes,RAVI Cataract Surgery Outcome Dataset,RAVI cataract-surgery outcomes are direct human ophthalmic population data.,tabular,"[""regression""]",1228,"[""all""]",,,,dryad,https://doi.org/10.5061/dryad.4p55b,CC0 1.0,"Marmamula, Srinivas, Khanna, Rohit C., Shekhar, Konegari, and Rao, Gullapalli N.. Data from: Outcomes of cataract surgery in urban and rural population in the South Indian State of Andhra Pradesh: Rapid Assessment of Visual Impairment (RAVI) Project. Dryad. 2017. doi:10.5061/dryad.4p55b","[""dryad"", ""ravi"", ""cataract"", ""outcomes"", ""tabular""]",0.001235503,"Scope screen: core_add. Current Dryad v1 file listing: 1 files, 1216284 bytes.",tabular,"[""tabular""]",eyes,"[{""count"": 1228, ""evidence_basis"": ""official_source_description"", ""evidence_url"": ""https://doi.org/10.5061/dryad.4p55b"", ""exactness"": ""exact"", ""notes"": ""Source-stated quantity; Dryad file count is separate metadata and is not a scientific sample count."", ""primary"": true, ""review_date"": ""2026-08-01"", ""scope"": ""Source-described operated eyes with cataract surgery history"", ""unit"": ""eyes""}]",https://doi.org/10.5061/dryad.4p55b,official_repository,https://doi.org/10.5061/dryad.4p55b,self_service_authenticated,True,True,True,False,False,False,False,False,unknown,available,2026-08-01,official_metadata_and_file_listing_checked,Official Dryad API metadata and current-version file listing reviewed. Data files were not downloaded during catalog discovery.,standard_platform_supported,dryad,dryad_loader,0.4.0,False,,not_run,not_run,,,https://spdx.org/licenses/CC0-1.0.html,https://doi.org/10.5061/dryad.4p55b,dataset_files,Official Dryad deposit license applies to deposited dataset files.,10.5061/dryad.4p55b,,10.5061/dryad.4p55b,10.1371/journal.pone.0167708,,,1,https://doi.org/10.5061/dryad.4p55b,[],https://doi.org/10.5061/dryad.4p55b,https://doi.org/10.5061/dryad.4p55b,https://doi.org/10.5061/dryad.4p55b,https://doi.org/10.5061/dryad.4p55b,True,2026-08-01,checked_against_official_repository,official_route_documented,not_run,dryad_ravi_cataract_outcomes,RAVI Cataract Surgery Outcome Dataset,cc0,cc0
dryad_retinal_explant_metabolomics,NMR spectroscopy-based metabolomics of organotypic retinal explants,The dedicated raw retinal-explant metabolomics archive is a defined translational retinal-metabolism resource.,omics,"[""classification""]",,"[""all""]",,,,dryad,https://doi.org/10.5061/dryad.c2fqz61hr,CC0 1.0,NMR spectroscopy-based metabolomics of organotypic retinal explants. Dryad Dataset. doi:10.5061/dryad.c2fqz61hr.,"[""dryad"", ""omics"", ""retinal"", ""explant"", ""metabolomics""]",0.009581295,Scope: adjacent_add. Named file-level object: Retina_Metabolomics_raw_data_update.zip plus README. Official Dryad API metadata and current file listing reviewed 2026-08-01.,omics,"[""omics"", ""tabular""]",unknown,[],https://doi.org/10.5061/dryad.c2fqz61hr,official_repository,https://doi.org/10.5061/dryad.c2fqz61hr,self_service_authenticated,True,True,True,False,False,False,False,False,unknown,available,2026-08-01,official_metadata_and_file_listing_checked,Official Dryad API metadata and current-version file listing reviewed. Data files were not downloaded during catalog discovery.,standard_platform_supported,dryad,dryad_loader,0.4.0,False,,not_run,not_run,,,https://spdx.org/licenses/CC0-1.0.html,https://doi.org/10.5061/dryad.c2fqz61hr,dataset_files,Review the cited source for component-specific terms.,10.5061/dryad.c2fqz61hr,,10.5061/dryad.c2fqz61hr,10.7554/elife.91141.3,,,4,https://doi.org/10.5061/dryad.c2fqz61hr,[],https://doi.org/10.5061/dryad.c2fqz61hr,https://doi.org/10.5061/dryad.c2fqz61hr,https://doi.org/10.5061/dryad.c2fqz61hr,https://doi.org/10.5061/dryad.c2fqz61hr,True,2026-08-01,checked_against_official_repository,official_api_file_listing_checked,not_run,dryad_retinal_explant_metabolomics,NMR spectroscopy-based metabolomics of organotypic retinal explants,cc0,cc0
dryad_retinal_prosthesis_navigation,Visual and non-visual navigation in blind patients with a retinal prosthesis,The four retinal-prosthesis participant dataset is a direct human device-rehabilitation resource rather than generic behavior data.,multimodal,"[""navigation""]",4,"[""all""]",,,,dryad,https://doi.org/10.5061/dryad.c6147,CC0 1.0,Visual and non-visual navigation in blind patients with a retinal prosthesis. Dryad Dataset. doi:10.5061/dryad.c6147.,"[""dryad"", ""multimodal"", ""retinal"", ""prosthesis"", ""navigation""]",6.2075e-05,Scope: core_add. Named file-level object: SGKPGSRLDCMN_dataset.xlsx. Official Dryad API metadata and current file listing reviewed 2026-08-01.,multimodal,"[""tabular""]",participants,"[{""count"": 4, ""evidence_basis"": ""official_source_description"", ""evidence_url"": ""https://doi.org/10.5061/dryad.c6147"", ""exactness"": ""exact"", ""notes"": ""Current official Dryad metadata."", ""primary"": true, ""review_date"": ""2026-08-01"", ""scope"": ""Source-stated primary resource quantity."", ""unit"": ""participants""}]",https://doi.org/10.5061/dryad.c6147,official_repository,https://doi.org/10.5061/dryad.c6147,self_service_authenticated,True,True,True,False,False,False,False,False,unknown,available,2026-08-01,official_metadata_and_file_listing_checked,Official Dryad API metadata and current-version file listing reviewed. Data files were not downloaded during catalog discovery.,standard_platform_supported,dryad,dryad_loader,0.4.0,False,,not_run,not_run,,,https://spdx.org/licenses/CC0-1.0.html,https://doi.org/10.5061/dryad.c6147,dataset_files,Review the cited source for component-specific terms.,10.5061/dryad.c6147,,10.5061/dryad.c6147,10.1371/journal.pone.0134369,,,1,https://doi.org/10.5061/dryad.c6147,[],https://doi.org/10.5061/dryad.c6147,https://doi.org/10.5061/dryad.c6147,https://doi.org/10.5061/dryad.c6147,https://doi.org/10.5061/dryad.c6147,True,2026-08-01,checked_against_official_repository,official_api_file_listing_checked,not_run,dryad_retinal_prosthesis_navigation,Visual and non-visual navigation in blind patients with a retinal prosthesis,cc0,cc0
dryad_retinal_pufa_aging_mouse,Retinal polyunsaturated fatty acid supplementation reverses aging-related vision decline in mice,Fourteen named retinal lipidomic and expression tables define a disease-mechanism resource for retinal aging.,omics,"[""classification""]",,"[""all""]",,,,dryad,https://doi.org/10.5061/dryad.gxd25480h,CC0 1.0,Retinal polyunsaturated fatty acid supplementation reverses aging-related vision decline in mice. Dryad Dataset. doi:10.5061/dryad.gxd25480h.,"[""dryad"", ""omics"", ""retinal"", ""pufa"", ""aging""]",0.013798287,Scope: adjacent_add. Named file-level object: Retinal lipidomics/transcript/protein tables plus README. Official Dryad API metadata and current file listing reviewed 2026-08-01.,omics,"[""omics"", ""tabular""]",unknown,[],https://doi.org/10.5061/dryad.gxd25480h,official_repository,https://doi.org/10.5061/dryad.gxd25480h,self_service_authenticated,True,True,True,False,False,False,False,False,unknown,available,2026-08-01,official_metadata_and_file_listing_checked,Official Dryad API metadata and current-version file listing reviewed. Data files were not downloaded during catalog discovery.,standard_platform_supported,dryad,dryad_loader,0.4.0,False,,not_run,not_run,,,https://spdx.org/licenses/CC0-1.0.html,https://doi.org/10.5061/dryad.gxd25480h,dataset_files,Review the cited source for component-specific terms.,10.5061/dryad.gxd25480h,,10.5061/dryad.gxd25480h,10.1126/scitranslmed.ads5769,,,5,https://doi.org/10.5061/dryad.gxd25480h,[],https://doi.org/10.5061/dryad.gxd25480h,https://doi.org/10.5061/dryad.gxd25480h,https://doi.org/10.5061/dryad.gxd25480h,https://doi.org/10.5061/dryad.gxd25480h,True,2026-08-01,checked_against_official_repository,official_api_file_listing_checked,not_run,dryad_retinal_pufa_aging_mouse,Retinal polyunsaturated fatty acid supplementation reverses aging-related vision decline in mice,cc0,cc0
dryad_retinal_vasomotion,Retinal Laser Speckle Vasomotion Dataset,Rat retinal laser-speckle measurements are a defined ocular vascular-imaging method resource.,fundus,"[""vessel_analysis"", ""measurement""]",8,"[""all""]",,,,dryad,https://doi.org/10.5061/dryad.163mp,CC0 1.0,"Neganova, Anastasiia Y., Postnov, Dmitry D., Sosnovtseva, Olga, and Jacobsen, Jens Christian Brings. Data from: Rat retinal vasomotion assessed by laser speckle imaging. Dryad. 2018. doi:10.5061/dryad.163mp","[""dryad"", ""retinal"", ""vasomotion"", ""fundus""]",1.111212092,"Scope screen: adjacent_add. Current Dryad v1 file listing: 1 files, 1111189442 bytes.",fundus,"[""fundus""]",experimental_eyes,"[{""count"": 8, ""evidence_basis"": ""official_source_description"", ""evidence_url"": ""https://doi.org/10.5061/dryad.163mp"", ""exactness"": ""exact"", ""notes"": ""Source-stated quantity; Dryad file count is separate metadata and is not a scientific sample count."", ""primary"": true, ""review_date"": ""2026-08-01"", ""scope"": ""Eight experiments, each recording one rat retina, described in official usage notes"", ""unit"": ""experimental_eyes""}]",https://doi.org/10.5061/dryad.163mp,official_repository,https://doi.org/10.5061/dryad.163mp,self_service_authenticated,True,True,True,False,False,False,False,False,unknown,available,2026-08-01,official_metadata_and_file_listing_checked,Official Dryad API metadata and current-version file listing reviewed. Data files were not downloaded during catalog discovery.,standard_platform_supported,dryad,dryad_loader,0.4.0,False,,not_run,not_run,,,https://spdx.org/licenses/CC0-1.0.html,https://doi.org/10.5061/dryad.163mp,dataset_files,Official Dryad deposit license applies to deposited dataset files.,10.5061/dryad.163mp,,10.5061/dryad.163mp,10.1371/journal.pone.0173805,,,1,https://doi.org/10.5061/dryad.163mp,[],https://doi.org/10.5061/dryad.163mp,https://doi.org/10.5061/dryad.163mp,https://doi.org/10.5061/dryad.163mp,https://doi.org/10.5061/dryad.163mp,True,2026-08-01,checked_against_official_repository,official_route_documented,not_run,dryad_retinal_vasomotion,Retinal Laser Speckle Vasomotion Dataset,cc0,cc0
dryad_retinal_vein_cannulation,Autonomous Retinal Vein Cannulation Data and Code,Surgical-microscope and intraoperative-OCT data for autonomous robotic retinal-vein cannulation in ex vivo porcine eyes.,multimodal,"[""classification"", ""navigation"", ""surgical_workflow""]",26,"[""all""]",,,,dryad,https://doi.org/10.5061/dryad.3ffbg79zd,CC0 1.0,"Zhang P, Gehlbach P, Taylor R, Iordachita I, Kobilarov M. Data and code from: Deep learning-based autonomous retinal vein cannulation in ex vivo porcine eyes. Dryad. 2025. doi:10.5061/dryad.3ffbg79zd","[""dryad"", ""surgical_robotics"", ""ioct"", ""porcine"", ""ex_vivo"", ""retinal_vein""]",7.511,Experiments used 20 static and six motion-simulated ex vivo porcine eyes. The large release contains model-training data and code.,multimodal,"[""surgical_video"", ""oct""]",experimental_eyes,"[{""count"": 26, ""evidence_basis"": ""official_source_description"", ""evidence_url"": ""https://doi.org/10.5061/dryad.3ffbg79zd"", ""exactness"": ""exact"", ""notes"": """", ""primary"": true, ""review_date"": ""2026-08-01"", ""scope"": ""Ex vivo porcine eyes"", ""unit"": ""experimental_eyes""}]",https://doi.org/10.5061/dryad.3ffbg79zd,official_repository,https://doi.org/10.5061/dryad.3ffbg79zd,self_service_authenticated,True,True,True,False,False,False,False,False,unknown,available,2026-07-21,author_source_checked,Author-conducted source check; transfer completeness was evaluated separately.,standard_platform_supported,dryad,dryad_loader,0.4.0,False,,unit_or_mocked_only,not_live_tested,,,CC0 1.0,https://doi.org/10.5061/dryad.3ffbg79zd,dataset_files,Review the cited source for component-specific terms.,10.5061/dryad.3ffbg79zd,,10.5061/dryad.3ffbg79zd,,,,,https://doi.org/10.5061/dryad.3ffbg79zd,[],https://doi.org/10.5061/dryad.3ffbg79zd,https://doi.org/10.5061/dryad.3ffbg79zd,https://doi.org/10.5061/dryad.3ffbg79zd,https://doi.org/10.5061/dryad.3ffbg79zd,True,2026-07-21,checked_against_cited_source,author_source_checked,not_live_tested,dryad_retinal_vein_cannulation,Autonomous Retinal Vein Cannulation Data and Code,cc0,cc0
dryad_rhesus_maculopathy_metabolomics,Rhesus Maculopathy Metabolomics Dataset,Rhesus maculopathy plasma-metabolome workbook is a defined nonhuman-primate AMD-model biomarker resource.,omics,"[""classification""]",,"[""all""]",,,,dryad,https://doi.org/10.5061/dryad.7pvmcvf8d,CC0 1.0,"Liu, Yin Allison, Yiu, Glenn, and Giulivi, Cecilia. Plasma metabolomes of aged rhesus macaques with and without maculopathies. Dryad. 2026. doi:10.5061/dryad.7pvmcvf8d","[""dryad"", ""rhesus"", ""maculopathy"", ""metabolomics"", ""omics"", ""tabular""]",0.000659872,"Scope screen: adjacent_add. Current Dryad v8 file listing: 2 files, 659872 bytes.",omics,"[""omics"", ""tabular""]",unknown,[],https://doi.org/10.5061/dryad.7pvmcvf8d,official_repository,https://doi.org/10.5061/dryad.7pvmcvf8d,self_service_authenticated,True,True,True,False,False,False,False,False,unknown,available,2026-08-01,official_metadata_and_file_listing_checked,Official Dryad API metadata and current-version file listing reviewed. Data files were not downloaded during catalog discovery.,standard_platform_supported,dryad,dryad_loader,0.4.0,False,,not_run,not_run,,,https://spdx.org/licenses/CC0-1.0.html,https://doi.org/10.5061/dryad.7pvmcvf8d,dataset_files,Official Dryad deposit license applies to deposited dataset files.,10.5061/dryad.7pvmcvf8d,,10.5061/dryad.7pvmcvf8d,,,,8,https://doi.org/10.5061/dryad.7pvmcvf8d,[],https://doi.org/10.5061/dryad.7pvmcvf8d,https://doi.org/10.5061/dryad.7pvmcvf8d,https://doi.org/10.5061/dryad.7pvmcvf8d,https://doi.org/10.5061/dryad.7pvmcvf8d,True,2026-08-01,checked_against_official_repository,official_route_documented,not_run,dryad_rhesus_maculopathy_metabolomics,Rhesus Maculopathy Metabolomics Dataset,cc0,cc0
dryad_rn38r,"Data from: Do picture-based charts overestimate visual acuity? Comparison of Kay Pictures, Lea Symbols, HOTV and Keeler logMAR charts with Sloan Letters in adults and children",Official Dryad deposit of source-described tabular ophthalmic data for the associated study.,tabular,"[""measurement""]",42,"[""all""]",,,,dryad,https://doi.org/10.5061/dryad.rn38r,CC0 1.0,"Anstice Nicola S., Jacobs Robert J., Simkin Samantha K., Thomson Melissa, Thompson Benjamin, Collins Andrew V.. Data from: Do picture-based charts overestimate visual acuity? Comparison of Kay Pictures, Lea Symbols, HOTV and Keeler logMAR charts with Sloan Letters in adults and children. Dryad. 2018. doi:10.5061/dryad.rn38r","[""dryad"", ""picture"", ""based"", ""charts"", ""overestimate"", ""tabular"", ""measurement""]",3.7953e-05,"Scope screen: core_add. Current Dryad v1 file listing: 1 files, 37953 bytes.",tabular,"[""tabular""]",participants,"[{""count"": 42, ""evidence_basis"": ""official_source_description"", ""evidence_url"": ""https://doi.org/10.5061/dryad.rn38r"", ""exactness"": ""exact"", ""notes"": ""Source-stated scientific quantity; current Dryad file count is separate repository metadata."", ""primary"": true, ""review_date"": ""2026-08-01"", ""scope"": ""Source-described adults and children in visual-acuity comparison"", ""unit"": ""participants""}]",https://doi.org/10.5061/dryad.rn38r,official_repository,https://doi.org/10.5061/dryad.rn38r,self_service_authenticated,True,True,True,False,False,False,False,False,unknown,available,2026-08-01,official_metadata_and_file_listing_checked,Official Dryad API metadata and current-version file listing reviewed. Data files were not downloaded during catalog discovery.,standard_platform_supported,dryad,dryad_loader,0.4.0,False,,not_run,not_run,,,https://spdx.org/licenses/CC0-1.0.html,https://doi.org/10.5061/dryad.rn38r,dataset_files,Official Dryad deposit license applies to deposited dataset files.,10.5061/dryad.rn38r,,10.5061/dryad.rn38r,10.1371/journal.pone.0170839,,,1,https://doi.org/10.5061/dryad.rn38r,[],https://doi.org/10.5061/dryad.rn38r,https://doi.org/10.5061/dryad.rn38r,https://doi.org/10.5061/dryad.rn38r,https://doi.org/10.5061/dryad.rn38r,True,2026-08-01,checked_against_official_repository,official_route_documented,not_run,dryad_rn38r,"Data from: Do picture-based charts overestimate visual acuity? Comparison of Kay Pictures, Lea Symbols, HOTV and Keeler logMAR charts with Sloan Letters in adults and children",cc0,cc0
dryad_rn8pk0p70,Socioeconomic status and decreasing incidence of ocular injuries in Bosnia and Herzegovina,Official Dryad deposit of source-described tabular ophthalmic data for the associated study.,tabular,"[""demographic_analysis""]",,"[""all""]",,,,dryad,https://doi.org/10.5061/dryad.rn8pk0p70,CC0 1.0,"Zvornicanin Jasmin, Zvornicanin Edita. Socioeconomic status and decreasing incidence of ocular injuries in Bosnia and Herzegovina. Dryad. 2021. doi:10.5061/dryad.rn8pk0p70","[""dryad"", ""socioeconomic"", ""status"", ""decreasing"", ""incidence"", ""tabular"", ""demographic_analysis""]",0.000871004,"Scope screen: core_add. Current Dryad v11 file listing: 3 files, 871004 bytes.",tabular,"[""tabular""]",unknown,[],https://doi.org/10.5061/dryad.rn8pk0p70,official_repository,https://doi.org/10.5061/dryad.rn8pk0p70,self_service_authenticated,True,True,True,False,False,False,False,False,unknown,available,2026-08-01,official_metadata_and_file_listing_checked,Official Dryad API metadata and current-version file listing reviewed. Data files were not downloaded during catalog discovery.,standard_platform_supported,dryad,dryad_loader,0.4.0,False,,not_run,not_run,,,https://spdx.org/licenses/CC0-1.0.html,https://doi.org/10.5061/dryad.rn8pk0p70,dataset_files,Official Dryad deposit license applies to deposited dataset files.,10.5061/dryad.rn8pk0p70,,10.5061/dryad.rn8pk0p70,10.1080/08820538.2021.1893350,,,11,https://doi.org/10.5061/dryad.rn8pk0p70,[],https://doi.org/10.5061/dryad.rn8pk0p70,https://doi.org/10.5061/dryad.rn8pk0p70,https://doi.org/10.5061/dryad.rn8pk0p70,https://doi.org/10.5061/dryad.rn8pk0p70,True,2026-08-01,checked_against_official_repository,official_route_documented,not_run,dryad_rn8pk0p70,Socioeconomic status and decreasing incidence of ocular injuries in Bosnia and Herzegovina,cc0,cc0
dryad_rn8pk0pdp,"Detection of SARS-CoV-2 in conjunctival secretion and tears in patients with COVID-19 in a tertiary care centre, South India",Official Dryad deposit of source-described tabular ophthalmic data for the associated study.,tabular,"[""detection""]",80,"[""all""]",,,,dryad,https://doi.org/10.5061/dryad.rn8pk0pdp,CC0 1.0,"Nayak Rajesh, Bhat Sevitha, R Kamath Ajay, Chandak Anshul, Khare Kanishk. Detection of SARS-CoV-2 in conjunctival secretion and tears in patients with COVID-19 in a tertiary care centre, South India. Dryad. 2022. doi:10.5061/dryad.rn8pk0pdp","[""dryad"", ""detection"", ""sars"", ""cov"", ""conjunctival"", ""tabular""]",0.000197569,"Scope screen: core_add. Current Dryad v6 file listing: 2 files, 197569 bytes.",tabular,"[""tabular""]",participants,"[{""count"": 80, ""evidence_basis"": ""official_source_description"", ""evidence_url"": ""https://doi.org/10.5061/dryad.rn8pk0pdp"", ""exactness"": ""exact"", ""notes"": ""Source-stated scientific quantity; current Dryad file count is separate repository metadata."", ""primary"": true, ""review_date"": ""2026-08-01"", ""scope"": ""Source-described COVID-19 participants with conjunctival sampling"", ""unit"": ""participants""}]",https://doi.org/10.5061/dryad.rn8pk0pdp,official_repository,https://doi.org/10.5061/dryad.rn8pk0pdp,self_service_authenticated,True,True,True,False,False,False,False,False,unknown,available,2026-08-01,official_metadata_and_file_listing_checked,Official Dryad API metadata and current-version file listing reviewed. Data files were not downloaded during catalog discovery.,standard_platform_supported,dryad,dryad_loader,0.4.0,False,,not_run,not_run,,,https://spdx.org/licenses/CC0-1.0.html,https://doi.org/10.5061/dryad.rn8pk0pdp,dataset_files,Official Dryad deposit license applies to deposited dataset files.,10.5061/dryad.rn8pk0pdp,,10.5061/dryad.rn8pk0pdp,10.12688/f1000research.123556.1,,,6,https://doi.org/10.5061/dryad.rn8pk0pdp,[],https://doi.org/10.5061/dryad.rn8pk0pdp,https://doi.org/10.5061/dryad.rn8pk0pdp,https://doi.org/10.5061/dryad.rn8pk0pdp,https://doi.org/10.5061/dryad.rn8pk0pdp,True,2026-08-01,checked_against_official_repository,official_route_documented,not_run,dryad_rn8pk0pdp,"Detection of SARS-CoV-2 in conjunctival secretion and tears in patients with COVID-19 in a tertiary care centre, South India",cc0,cc0
dryad_rn8pk0pmm,The c.119-123dup5bp mutation in human gamma-C-crystallin destabilizes the protein and activates the unfolded protein response to cause highly variable cataracts,Official Dryad deposit of source-described ocular omics data for the associated study.,omics,"[""measurement""]",,"[""all""]",,,,dryad,https://doi.org/10.5061/dryad.rn8pk0pmm,CC0 1.0,Hejtmancik James. The c.119-123dup5bp mutation in human gamma-C-crystallin destabilizes the protein and activates the unfolded protein response to cause highly variable cataracts. Dryad. 2024. doi:10.5061/dryad.rn8pk0pmm,"[""dryad"", ""119"", ""123dup5bp"", ""mutation"", ""human"", ""omics"", ""measurement""]",33.285472018,"Scope screen: adjacent_add. Current Dryad v3 file listing: 38 files, 33285472018 bytes.",omics,"[""omics""]",unknown,[],https://doi.org/10.5061/dryad.rn8pk0pmm,official_repository,https://doi.org/10.5061/dryad.rn8pk0pmm,self_service_authenticated,True,True,True,False,False,False,False,False,unknown,available,2026-08-01,official_metadata_and_file_listing_checked,Official Dryad API metadata and current-version file listing reviewed. Data files were not downloaded during catalog discovery.,standard_platform_supported,dryad,dryad_loader,0.4.0,False,,not_run,not_run,,,https://spdx.org/licenses/CC0-1.0.html,https://doi.org/10.5061/dryad.rn8pk0pmm,dataset_files,Official Dryad deposit license applies to deposited dataset files.,10.5061/dryad.rn8pk0pmm,,10.5061/dryad.rn8pk0pmm,10.1038/s41598-025-90977-2,,,3,https://doi.org/10.5061/dryad.rn8pk0pmm,[],https://doi.org/10.5061/dryad.rn8pk0pmm,https://doi.org/10.5061/dryad.rn8pk0pmm,https://doi.org/10.5061/dryad.rn8pk0pmm,https://doi.org/10.5061/dryad.rn8pk0pmm,True,2026-08-01,checked_against_official_repository,official_route_documented,not_run,dryad_rn8pk0pmm,The c.119-123dup5bp mutation in human gamma-C-crystallin destabilizes the protein and activates the unfolded protein response to cause highly variable cataracts,cc0,cc0
dryad_rod_cone_dystrophy_genes,Rod-Cone Dystrophy Gene Association Dataset,Rod-cone-dystrophy mutation association files are a direct inherited-retinal-disease genomics resource.,omics,"[""classification""]",,"[""all""]",,,,dryad,https://doi.org/10.5061/dryad.59zw3r2b7,CC0 1.0,"El Shamieh, Said, Jaffal, Lama, and Ibrahim, Mariam. Analysis of rod-cone dystrophy genes reveals unique mutational patterns. Dryad. 2023. doi:10.5061/dryad.59zw3r2b7","[""dryad"", ""rod"", ""cone"", ""dystrophy"", ""genes"", ""omics""]",0.000434885,"Scope screen: core_add. Current Dryad v7 file listing: 3 files, 69576 bytes.",omics,"[""omics""]",unknown,[],https://doi.org/10.5061/dryad.59zw3r2b7,official_repository,https://doi.org/10.5061/dryad.59zw3r2b7,self_service_authenticated,True,True,True,False,False,False,False,False,unknown,available,2026-08-01,official_metadata_and_file_listing_checked,Official Dryad API metadata and current-version file listing reviewed. Data files were not downloaded during catalog discovery.,standard_platform_supported,dryad,dryad_loader,0.4.0,False,,not_run,not_run,,,https://spdx.org/licenses/CC0-1.0.html,https://doi.org/10.5061/dryad.59zw3r2b7,dataset_files,Official Dryad deposit license applies to deposited dataset files.,10.5061/dryad.59zw3r2b7,,10.5061/dryad.59zw3r2b7,10.1136/bmjos-2022-100291,,,7,https://doi.org/10.5061/dryad.59zw3r2b7,[],https://doi.org/10.5061/dryad.59zw3r2b7,https://doi.org/10.5061/dryad.59zw3r2b7,https://doi.org/10.5061/dryad.59zw3r2b7,https://doi.org/10.5061/dryad.59zw3r2b7,True,2026-08-01,checked_against_official_repository,official_route_documented,not_run,dryad_rod_cone_dystrophy_genes,Rod-Cone Dystrophy Gene Association Dataset,cc0,cc0
dryad_rop_plane_wave_doppler,ROP Plane-Wave Doppler Dataset,The ROP Doppler examination table is a defined direct neonatal retinal measurement resource.,tabular,"[""measurement""]",,"[""all""]",,,,dryad,https://doi.org/10.5061/dryad.612jm649r,CC0 1.0,"Silverman, Ronald. Data from: Plane wave Doppler determination of blood flow in retinopathy of prematurity. Dryad. 2024. doi:10.5061/dryad.612jm649r","[""dryad"", ""rop"", ""plane"", ""wave"", ""doppler"", ""tabular"", ""ocular_ultrasound""]",3.3701e-05,"Scope screen: core_add. Current Dryad v4 file listing: 2 files, 33701 bytes.",tabular,"[""tabular"", ""ocular_ultrasound""]",unknown,[],https://doi.org/10.5061/dryad.612jm649r,official_repository,https://doi.org/10.5061/dryad.612jm649r,self_service_authenticated,True,True,True,False,False,False,False,False,unknown,available,2026-08-01,official_metadata_and_file_listing_checked,Official Dryad API metadata and current-version file listing reviewed. Data files were not downloaded during catalog discovery.,standard_platform_supported,dryad,dryad_loader,0.4.0,False,,not_run,not_run,,,https://spdx.org/licenses/CC0-1.0.html,https://doi.org/10.5061/dryad.612jm649r,dataset_files,Official Dryad deposit license applies to deposited dataset files.,10.5061/dryad.612jm649r,,10.5061/dryad.612jm649r,,,,4,https://doi.org/10.5061/dryad.612jm649r,[],https://doi.org/10.5061/dryad.612jm649r,https://doi.org/10.5061/dryad.612jm649r,https://doi.org/10.5061/dryad.612jm649r,https://doi.org/10.5061/dryad.612jm649r,True,2026-08-01,checked_against_official_repository,official_route_documented,not_run,dryad_rop_plane_wave_doppler,ROP Plane-Wave Doppler Dataset,cc0,cc0
dryad_rpgr_cone_rod_wes,RPGR Cone-Rod Dystrophy WES Dataset,The paired FASTQ files represent a defined human RPGR cone-rod-dystrophy sequencing object.,omics,"[""classification""]",,"[""all""]",,,,dryad,https://doi.org/10.5061/dryad.5qfttdz5d,CC0 1.0,"Wang, Yafang. WES of the proband with a novel RPGR mutation. Dryad. 2021. doi:10.5061/dryad.5qfttdz5d","[""dryad"", ""rpgr"", ""cone"", ""rod"", ""wes"", ""omics""]",4.478968648,"Scope screen: core_add. Current Dryad v2 file listing: 2 files, 4478935663 bytes.",omics,"[""omics""]",unknown,[],https://doi.org/10.5061/dryad.5qfttdz5d,official_repository,https://doi.org/10.5061/dryad.5qfttdz5d,self_service_authenticated,True,True,True,False,False,False,False,False,unknown,available,2026-08-01,official_metadata_and_file_listing_checked,Official Dryad API metadata and current-version file listing reviewed. Data files were not downloaded during catalog discovery.,standard_platform_supported,dryad,dryad_loader,0.4.0,False,,not_run,not_run,,,https://spdx.org/licenses/CC0-1.0.html,https://doi.org/10.5061/dryad.5qfttdz5d,dataset_files,Official Dryad deposit license applies to deposited dataset files.,10.5061/dryad.5qfttdz5d,,10.5061/dryad.5qfttdz5d,10.1186/s12886-021-02166-0,,,2,https://doi.org/10.5061/dryad.5qfttdz5d,[],https://doi.org/10.5061/dryad.5qfttdz5d,https://doi.org/10.5061/dryad.5qfttdz5d,https://doi.org/10.5061/dryad.5qfttdz5d,https://doi.org/10.5061/dryad.5qfttdz5d,True,2026-08-01,checked_against_official_repository,official_route_documented,not_run,dryad_rpgr_cone_rod_wes,RPGR Cone-Rod Dystrophy WES Dataset,cc0,cc0
dryad_rs2qp,Data from: Inhibition decorrelates visual feature representations in the inner retina,Official Dryad deposit of source-described retinal physiology data for the associated study.,electrophysiology,"[""measurement""]",,"[""all""]",,,,dryad,https://doi.org/10.5061/dryad.rs2qp,CC0 1.0,"Franke Katrin, Berens Philipp, Schubert Timm, Bethge Matthias, Euler Thomas, Baden Tom. Data from: Inhibition decorrelates visual feature representations in the inner retina. Dryad. 2018. doi:10.5061/dryad.rs2qp","[""dryad"", ""inhibition"", ""decorrelates"", ""visual"", ""feature"", ""electrophysiology"", ""measurement""]",31.980086478,"Scope screen: adjacent_add. Current Dryad v2 file listing: 12 files, 31980086478 bytes.",electrophysiology,"[""electrophysiology""]",unknown,[],https://doi.org/10.5061/dryad.rs2qp,official_repository,https://doi.org/10.5061/dryad.rs2qp,self_service_authenticated,True,True,True,False,False,False,False,False,unknown,available,2026-08-01,official_metadata_and_file_listing_checked,Official Dryad API metadata and current-version file listing reviewed. Data files were not downloaded during catalog discovery.,standard_platform_supported,dryad,dryad_loader,0.4.0,False,,not_run,not_run,,,https://spdx.org/licenses/CC0-1.0.html,https://doi.org/10.5061/dryad.rs2qp,dataset_files,Official Dryad deposit license applies to deposited dataset files.,10.5061/dryad.rs2qp,,10.5061/dryad.rs2qp,10.1038/nature21394,,,2,https://doi.org/10.5061/dryad.rs2qp,[],https://doi.org/10.5061/dryad.rs2qp,https://doi.org/10.5061/dryad.rs2qp,https://doi.org/10.5061/dryad.rs2qp,https://doi.org/10.5061/dryad.rs2qp,True,2026-08-01,checked_against_official_repository,official_route_documented,not_run,dryad_rs2qp,Data from: Inhibition decorrelates visual feature representations in the inner retina,cc0,cc0
dryad_rv15dv4bv,Late gene therapy limits the restoration of retinal function in a mouse model of retinitis pigmentosa,Official Dryad deposit of source-described ocular microscopy data for the associated study.,cell_microscopy,"[""restoration""]",,"[""all""]",,,,dryad,https://doi.org/10.5061/dryad.rv15dv4bv,CC0 1.0,Scalabrino Miranda. Late gene therapy limits the restoration of retinal function in a mouse model of retinitis pigmentosa. Dryad. 2023. doi:10.5061/dryad.rv15dv4bv,"[""dryad"", ""late"", ""gene"", ""therapy"", ""limits"", ""cell_microscopy"", ""restoration""]",13.737883499,"Scope screen: adjacent_add. Current Dryad v5 file listing: 104 files, 13737883499 bytes.",cell_microscopy,"[""cell_microscopy"", ""electrophysiology""]",unknown,[],https://doi.org/10.5061/dryad.rv15dv4bv,official_repository,https://doi.org/10.5061/dryad.rv15dv4bv,self_service_authenticated,True,True,True,False,False,False,False,False,unknown,available,2026-08-01,official_metadata_and_file_listing_checked,Official Dryad API metadata and current-version file listing reviewed. Data files were not downloaded during catalog discovery.,standard_platform_supported,dryad,dryad_loader,0.4.0,False,,not_run,not_run,,,https://spdx.org/licenses/CC0-1.0.html,https://doi.org/10.5061/dryad.rv15dv4bv,dataset_files,Official Dryad deposit license applies to deposited dataset files.,10.5061/dryad.rv15dv4bv,,10.5061/dryad.rv15dv4bv,10.1038/s41467-023-44063-8,,,5,https://doi.org/10.5061/dryad.rv15dv4bv,[],https://doi.org/10.5061/dryad.rv15dv4bv,https://doi.org/10.5061/dryad.rv15dv4bv,https://doi.org/10.5061/dryad.rv15dv4bv,https://doi.org/10.5061/dryad.rv15dv4bv,True,2026-08-01,checked_against_official_repository,official_route_documented,not_run,dryad_rv15dv4bv,Late gene therapy limits the restoration of retinal function in a mouse model of retinitis pigmentosa,cc0,cc0
dryad_s1rn8pkhb,Transcriptional responses in a mouse model of silicone wire embolization induced acute retinal artery Ischemia and Reperfusion,Official Dryad deposit of source-described ocular omics data for the associated study.,omics,"[""measurement""]",,"[""all""]",,,,dryad,https://doi.org/10.5061/dryad.s1rn8pkhb,CC0 1.0,"Wang Yuedan, Li Ying, Feng Jiaqing, Wang Chuansen, Wan Yuwei, Lv Bingyang, Li Yinming, Xie Hao, Chen Ting, Wang Faxi, Li Ziyue, Yang Anhuai, Xiao Xuan. Transcriptional responses in a mouse model of silicone wire embolization induced acute retinal artery Ischemia and Reperfusion. Dryad. 2024. doi:10.5061/dryad.s1rn8pkhb","[""dryad"", ""transcriptional"", ""responses"", ""mouse"", ""model"", ""omics"", ""measurement""]",0.00790711,"Scope screen: adjacent_add. Current Dryad v6 file listing: 2 files, 7907110 bytes.",omics,"[""omics""]",unknown,[],https://doi.org/10.5061/dryad.s1rn8pkhb,official_repository,https://doi.org/10.5061/dryad.s1rn8pkhb,self_service_authenticated,True,True,True,False,False,False,False,False,unknown,available,2026-08-01,official_metadata_and_file_listing_checked,Official Dryad API metadata and current-version file listing reviewed. Data files were not downloaded during catalog discovery.,standard_platform_supported,dryad,dryad_loader,0.4.0,False,,not_run,not_run,,,https://spdx.org/licenses/CC0-1.0.html,https://doi.org/10.5061/dryad.s1rn8pkhb,dataset_files,Official Dryad deposit license applies to deposited dataset files.,10.5061/dryad.s1rn8pkhb,,10.5061/dryad.s1rn8pkhb,10.7554/elife.98949.4,,,6,https://doi.org/10.5061/dryad.s1rn8pkhb,[],https://doi.org/10.5061/dryad.s1rn8pkhb,https://doi.org/10.5061/dryad.s1rn8pkhb,https://doi.org/10.5061/dryad.s1rn8pkhb,https://doi.org/10.5061/dryad.s1rn8pkhb,True,2026-08-01,checked_against_official_repository,official_route_documented,not_run,dryad_s1rn8pkhb,Transcriptional responses in a mouse model of silicone wire embolization induced acute retinal artery Ischemia and Reperfusion,cc0,cc0
dryad_sbcc2fr6n,Exploring phenotypic diversity of pigmented traits and iris features in Pakistani population,Official Dryad deposit of source-described iris biometric data for the associated study.,iris_biometrics,"[""classification""]",514,"[""all""]",,,,dryad,https://doi.org/10.5061/dryad.sbcc2fr6n,CC0 1.0,"Bashir Saliha, Shafique Muhammad, Shahzad Muhammad, Anjum Muhammad Sohail, Shahid Ahmad Ali. Exploring phenotypic diversity of pigmented traits and iris features in Pakistani population. Dryad. 2021. doi:10.5061/dryad.sbcc2fr6n","[""dryad"", ""exploring"", ""phenotypic"", ""diversity"", ""pigmented"", ""iris_biometrics"", ""classification""]",0.00656227,"Scope screen: core_add. Current Dryad v7 file listing: 2 files, 6562270 bytes.",iris_biometrics,"[""iris_biometrics"", ""external_eye"", ""tabular""]",participants,"[{""count"": 514, ""evidence_basis"": ""official_source_description"", ""evidence_url"": ""https://doi.org/10.5061/dryad.sbcc2fr6n"", ""exactness"": ""exact"", ""notes"": ""Source-stated scientific quantity; current Dryad file count is separate repository metadata."", ""primary"": true, ""review_date"": ""2026-08-01"", ""scope"": ""Source-described Pakistani iris-feature volunteers"", ""unit"": ""participants""}]",https://doi.org/10.5061/dryad.sbcc2fr6n,official_repository,https://doi.org/10.5061/dryad.sbcc2fr6n,self_service_authenticated,True,True,True,False,False,False,False,False,unknown,available,2026-08-01,official_metadata_and_file_listing_checked,Official Dryad API metadata and current-version file listing reviewed. Data files were not downloaded during catalog discovery.,standard_platform_supported,dryad,dryad_loader,0.4.0,False,,not_run,not_run,,,https://spdx.org/licenses/CC0-1.0.html,https://doi.org/10.5061/dryad.sbcc2fr6n,dataset_files,Official Dryad deposit license applies to deposited dataset files.,10.5061/dryad.sbcc2fr6n,,10.5061/dryad.sbcc2fr6n,10.1098/rsos.150424,,,7,https://doi.org/10.5061/dryad.sbcc2fr6n,[],https://doi.org/10.5061/dryad.sbcc2fr6n,https://doi.org/10.5061/dryad.sbcc2fr6n,https://doi.org/10.5061/dryad.sbcc2fr6n,https://doi.org/10.5061/dryad.sbcc2fr6n,True,2026-08-01,checked_against_official_repository,official_route_documented,not_run,dryad_sbcc2fr6n,Exploring phenotypic diversity of pigmented traits and iris features in Pakistani population,cc0,cc0
dryad_sbcc2fr7r,Gender and age-related differences of ccular biometric parameters in patients undergoing cataract surgery in Bosnia and Herzegovina,Official Dryad deposit of source-described tabular ophthalmic data for the associated study.,tabular,"[""measurement""]",1278,"[""all""]",,,,dryad,https://doi.org/10.5061/dryad.sbcc2fr7r,CC0 1.0,"Zvornicanin Edita, Vatavuk Zoran, Popovic Maja, Zvornicanin Jasmin. Gender and age-related differences of ccular biometric parameters in patients undergoing cataract surgery in Bosnia and Herzegovina. Dryad. 2024. doi:10.5061/dryad.sbcc2fr7r","[""dryad"", ""gender"", ""age"", ""related"", ""differences"", ""tabular"", ""measurement""]",0.001469701,"Scope screen: core_add. Current Dryad v8 file listing: 2 files, 1469701 bytes.",tabular,"[""tabular""]",participants,"[{""count"": 1278, ""evidence_basis"": ""official_source_description"", ""evidence_url"": ""https://doi.org/10.5061/dryad.sbcc2fr7r"", ""exactness"": ""exact"", ""notes"": ""Source-stated scientific quantity; current Dryad file count is separate repository metadata."", ""primary"": true, ""review_date"": ""2026-08-01"", ""scope"": ""Source-described cataract-surgery patients"", ""unit"": ""participants""}]",https://doi.org/10.5061/dryad.sbcc2fr7r,official_repository,https://doi.org/10.5061/dryad.sbcc2fr7r,self_service_authenticated,True,True,True,False,False,False,False,False,unknown,available,2026-08-01,official_metadata_and_file_listing_checked,Official Dryad API metadata and current-version file listing reviewed. Data files were not downloaded during catalog discovery.,standard_platform_supported,dryad,dryad_loader,0.4.0,False,,not_run,not_run,,,https://spdx.org/licenses/CC0-1.0.html,https://doi.org/10.5061/dryad.sbcc2fr7r,dataset_files,Official Dryad deposit license applies to deposited dataset files.,10.5061/dryad.sbcc2fr7r,,10.5061/dryad.sbcc2fr7r,10.1155/2023/1950257,,,8,https://doi.org/10.5061/dryad.sbcc2fr7r,[],https://doi.org/10.5061/dryad.sbcc2fr7r,https://doi.org/10.5061/dryad.sbcc2fr7r,https://doi.org/10.5061/dryad.sbcc2fr7r,https://doi.org/10.5061/dryad.sbcc2fr7r,True,2026-08-01,checked_against_official_repository,official_route_documented,not_run,dryad_sbcc2fr7r,Gender and age-related differences of ccular biometric parameters in patients undergoing cataract surgery in Bosnia and Herzegovina,cc0,cc0
dryad_sf7m0cggh,Robust semi-automatic vessel tracing in the human retinal image by an instance segmentation neural network,Official Dryad deposit of source-described retinal vessel annotation data for the associated study.,fundus,"[""segmentation"", ""vessel_analysis""]",,"[""all""]",,,,dryad,https://doi.org/10.5061/dryad.sf7m0cggh,CC0 1.0,"Chen Siyi, Hoang Linh, Yi Ji, Kashani Amir. Robust semi-automatic vessel tracing in the human retinal image by an instance segmentation neural network. Dryad. 2025. doi:10.5061/dryad.sf7m0cggh","[""dryad"", ""robust"", ""semi"", ""automatic"", ""vessel"", ""fundus"", ""segmentation"", ""vessel_analysis""]",0.000117131,"Scope screen: core_add. Current Dryad v9 file listing: 5 files, 117131 bytes. Relationship clue: derived_from existing catalog record drive.",fundus,"[""fundus"", ""tabular""]",unknown,[],https://doi.org/10.5061/dryad.sf7m0cggh,official_repository,https://doi.org/10.5061/dryad.sf7m0cggh,self_service_authenticated,True,True,True,False,False,False,False,False,unknown,available,2026-08-01,official_metadata_and_file_listing_checked,Official Dryad API metadata and current-version file listing reviewed. Data files were not downloaded during catalog discovery.,standard_platform_supported,dryad,dryad_loader,0.4.0,False,,not_run,not_run,,,https://spdx.org/licenses/CC0-1.0.html,https://doi.org/10.5061/dryad.sf7m0cggh,dataset_files,Official Dryad deposit license applies to deposited dataset files.,10.5061/dryad.sf7m0cggh,,10.5061/dryad.sf7m0cggh,10.1126/sciadv.ado8268,,,9,https://doi.org/10.5061/dryad.sf7m0cggh,"[{""target"": ""drive"", ""type"": ""derived_from""}]",https://doi.org/10.5061/dryad.sf7m0cggh,https://doi.org/10.5061/dryad.sf7m0cggh,https://doi.org/10.5061/dryad.sf7m0cggh,https://doi.org/10.5061/dryad.sf7m0cggh,True,2026-08-01,checked_against_official_repository,official_route_documented,not_run,dryad_sf7m0cggh,Robust semi-automatic vessel tracing in the human retinal image by an instance segmentation neural network,cc0,cc0
dryad_shanghai_myopia_2014_2018,"Age-related change of axial length, spherical equivalent, prevalence of myopia and high myopia in school-age children in Shanghai: 2014 to 2018",The named DATA.xls and README define a human pediatric ocular-biometry cohort even though the deposit does not state one primary total.,tabular,"[""measurement""]",,"[""all""]",,,,dryad,https://doi.org/10.5061/dryad.c2fqz615c,CC0 1.0,"Age-related change of axial length, spherical equivalent, prevalence of myopia and high myopia in school-age children in Shanghai: 2014 to 2018. Dryad Dataset. doi:10.5061/dryad.c2fqz615c.","[""dryad"", ""tabular"", ""shanghai"", ""myopia"", ""2014""]",0.005062221,Scope: core_add. Named file-level object: DATA.xls plus README.docx. Official Dryad API metadata and current file listing reviewed 2026-08-01.,tabular,"[""tabular""]",unknown,[],https://doi.org/10.5061/dryad.c2fqz615c,official_repository,https://doi.org/10.5061/dryad.c2fqz615c,self_service_authenticated,True,True,True,False,False,False,False,False,unknown,available,2026-08-01,official_metadata_and_file_listing_checked,Official Dryad API metadata and current-version file listing reviewed. Data files were not downloaded during catalog discovery.,standard_platform_supported,dryad,dryad_loader,0.4.0,False,,not_run,not_run,,,https://spdx.org/licenses/CC0-1.0.html,https://doi.org/10.5061/dryad.c2fqz615c,dataset_files,Review the cited source for component-specific terms.,10.5061/dryad.c2fqz615c,,10.5061/dryad.c2fqz615c,10.1155/2020/4235893,,,4,https://doi.org/10.5061/dryad.c2fqz615c,[],https://doi.org/10.5061/dryad.c2fqz615c,https://doi.org/10.5061/dryad.c2fqz615c,https://doi.org/10.5061/dryad.c2fqz615c,https://doi.org/10.5061/dryad.c2fqz615c,True,2026-08-01,checked_against_official_repository,official_api_file_listing_checked,not_run,dryad_shanghai_myopia_2014_2018,"Age-related change of axial length, spherical equivalent, prevalence of myopia and high myopia in school-age children in Shanghai: 2014 to 2018",cc0,cc0
dryad_sn02v6x2x,Data from: Corneal laser procedure for vision improvement in patients with late stage dry age-related macular degeneration,Official Dryad deposit of source-described tabular ophthalmic data for the associated study.,tabular,"[""progression_analysis""]",32,"[""all""]",,,,dryad,https://doi.org/10.5061/dryad.sn02v6x2x,CC0 1.0,Berry Michael. Data from: Corneal laser procedure for vision improvement in patients with late stage dry age-related macular degeneration. Dryad. 2020. doi:10.5061/dryad.sn02v6x2x,"[""dryad"", ""corneal"", ""laser"", ""procedure"", ""vision"", ""tabular"", ""progression_analysis""]",0.00056005,"Scope screen: core_add. Current Dryad v4 file listing: 1 files, 560050 bytes.",tabular,"[""tabular""]",eyes,"[{""count"": 32, ""evidence_basis"": ""official_source_description"", ""evidence_url"": ""https://doi.org/10.5061/dryad.sn02v6x2x"", ""exactness"": ""exact"", ""notes"": ""Source-stated scientific quantity; current Dryad file count is separate repository metadata."", ""primary"": true, ""review_date"": ""2026-08-01"", ""scope"": ""Source-described eyes receiving corneal photovitrification"", ""unit"": ""eyes""}]",https://doi.org/10.5061/dryad.sn02v6x2x,official_repository,https://doi.org/10.5061/dryad.sn02v6x2x,self_service_authenticated,True,True,True,False,False,False,False,False,unknown,available,2026-08-01,official_metadata_and_file_listing_checked,Official Dryad API metadata and current-version file listing reviewed. Data files were not downloaded during catalog discovery.,standard_platform_supported,dryad,dryad_loader,0.4.0,False,,not_run,not_run,,,https://spdx.org/licenses/CC0-1.0.html,https://doi.org/10.5061/dryad.sn02v6x2x,dataset_files,Official Dryad deposit license applies to deposited dataset files.,10.5061/dryad.sn02v6x2x,,10.5061/dryad.sn02v6x2x,10.12688/f1000research.27881.1,,,4,https://doi.org/10.5061/dryad.sn02v6x2x,[],https://doi.org/10.5061/dryad.sn02v6x2x,https://doi.org/10.5061/dryad.sn02v6x2x,https://doi.org/10.5061/dryad.sn02v6x2x,https://doi.org/10.5061/dryad.sn02v6x2x,True,2026-08-01,checked_against_official_repository,official_route_documented,not_run,dryad_sn02v6x2x,Data from: Corneal laser procedure for vision improvement in patients with late stage dry age-related macular degeneration,cc0,cc0
dryad_spata7_canine_retinal_degeneration,Canine SPATA7 Retinal Degeneration Dataset,Canine SPATA7 sequencing and retinal-degeneration data are a defined inherited-retinal-disease mechanism resource.,omics,"[""classification""]",,"[""all""]",,,,dryad,https://doi.org/10.5061/dryad.3tx95x6n6,CC0 1.0,"Murgiano, Leonardo, Niggel, Jessica K., Takahashi, Kei, Dufour, Valérie L., Grubaugh, Catharina, Sudharsan, Raghavi, Kwok, Jennifer C., Becker, Doreen, Banerjee, Esha, Wen-Mei, Yu, Cheng-Kui, Qu, Leeb, Tosso, Beltran, William, and Aguirre, Gustavo D.. Data from: Two genes, one culprit - a functional candidate validation of a SPATA7 deletion in dogs with day blindness/retinal degeneration. Dryad. 2025. doi:10.5061/dryad.3tx95x6n6","[""dryad"", ""spata7"", ""canine"", ""retinal"", ""degeneration"", ""omics""]",34.380282367,"Scope screen: adjacent_add. Current Dryad v4 file listing: 5 files, 34380282367 bytes.",omics,"[""omics""]",unknown,[],https://doi.org/10.5061/dryad.3tx95x6n6,official_repository,https://doi.org/10.5061/dryad.3tx95x6n6,self_service_authenticated,True,True,True,False,False,False,False,False,unknown,available,2026-08-01,official_metadata_and_file_listing_checked,Official Dryad API metadata and current-version file listing reviewed. Data files were not downloaded during catalog discovery.,standard_platform_supported,dryad,dryad_loader,0.4.0,False,,not_run,not_run,,,https://spdx.org/licenses/CC0-1.0.html,https://doi.org/10.5061/dryad.3tx95x6n6,dataset_files,Official Dryad deposit license applies to deposited dataset files.,10.5061/dryad.3tx95x6n6,,10.5061/dryad.3tx95x6n6,10.1371/journal.pgen.1011961,,,4,https://doi.org/10.5061/dryad.3tx95x6n6,[],https://doi.org/10.5061/dryad.3tx95x6n6,https://doi.org/10.5061/dryad.3tx95x6n6,https://doi.org/10.5061/dryad.3tx95x6n6,https://doi.org/10.5061/dryad.3tx95x6n6,True,2026-08-01,checked_against_official_repository,official_route_documented,not_run,dryad_spata7_canine_retinal_degeneration,Canine SPATA7 Retinal Degeneration Dataset,cc0,cc0
dryad_stargardt_wes,Stargardt Disease WES Variant Dataset,The 33-proband Stargardt variant table is a direct inherited-retinal-disease genomics resource.,omics,"[""classification""]",33,"[""all""]",,,,dryad,https://doi.org/10.5061/dryad.0qk7f,CC0 1.0,"Xin, Wei, Xiao, Xueshan, Li, Shiqiang, Jia, Xaioyun, Guo, Xiangming, Zhang, Qingjiong, and Jia, Xiaoyun. Data from: Identification of genetic defects in 33 probands with Stargardt disease by WES-based bioinformatics gene panel analysis. Dryad. 2016. doi:10.5061/dryad.0qk7f","[""dryad"", ""stargardt"", ""wes"", ""omics""]",0.000304159,"Scope screen: core_add. Current Dryad v1 file listing: 1 files, 284937 bytes.",omics,"[""omics""]",participants,"[{""count"": 33, ""evidence_basis"": ""official_source_description"", ""evidence_url"": ""https://doi.org/10.5061/dryad.0qk7f"", ""exactness"": ""exact"", ""notes"": ""Source-stated quantity; Dryad file count is separate metadata and is not a scientific sample count."", ""primary"": true, ""review_date"": ""2026-08-01"", ""scope"": ""Source-described Stargardt disease probands"", ""unit"": ""participants""}]",https://doi.org/10.5061/dryad.0qk7f,official_repository,https://doi.org/10.5061/dryad.0qk7f,self_service_authenticated,True,True,True,False,False,False,False,False,unknown,available,2026-08-01,official_metadata_and_file_listing_checked,Official Dryad API metadata and current-version file listing reviewed. Data files were not downloaded during catalog discovery.,standard_platform_supported,dryad,dryad_loader,0.4.0,False,,not_run,not_run,,,https://spdx.org/licenses/CC0-1.0.html,https://doi.org/10.5061/dryad.0qk7f,dataset_files,Official Dryad deposit license applies to deposited dataset files.,10.5061/dryad.0qk7f,,10.5061/dryad.0qk7f,10.1371/journal.pone.0132635,,,1,https://doi.org/10.5061/dryad.0qk7f,[],https://doi.org/10.5061/dryad.0qk7f,https://doi.org/10.5061/dryad.0qk7f,https://doi.org/10.5061/dryad.0qk7f,https://doi.org/10.5061/dryad.0qk7f,True,2026-08-01,checked_against_official_repository,official_route_documented,not_run,dryad_stargardt_wes,Stargardt Disease WES Variant Dataset,cc0,cc0
dryad_subretinal_fibrosis_adora2a,Inactivation of adenosine receptor 2A suppresses endothelial-to-mesenchymal transition and inhibits subretinal fibrosis in mice,Forty-five raw omics files with treatment metadata define a translational mouse subretinal-fibrosis mechanism resource.,omics,"[""classification""]",,"[""all""]",,,,dryad,https://doi.org/10.5061/dryad.hx3ffbgmv,CC0 1.0,Inactivation of adenosine receptor 2A suppresses endothelial-to-mesenchymal transition and inhibits subretinal fibrosis in mice. Dryad Dataset. doi:10.5061/dryad.hx3ffbgmv.,"[""dryad"", ""omics"", ""subretinal"", ""fibrosis"", ""adora2a""]",0.010972741,Scope: adjacent_add. Named file-level object: Raw proteomics/metabolomics files plus sample-treatment metadata. Official Dryad API metadata and current file listing reviewed 2026-08-01.,omics,"[""omics"", ""tabular""]",unknown,[],https://doi.org/10.5061/dryad.hx3ffbgmv,official_repository,https://doi.org/10.5061/dryad.hx3ffbgmv,self_service_authenticated,True,True,True,False,False,False,False,False,unknown,available,2026-08-01,official_metadata_and_file_listing_checked,Official Dryad API metadata and current-version file listing reviewed. Data files were not downloaded during catalog discovery.,standard_platform_supported,dryad,dryad_loader,0.4.0,False,,not_run,not_run,,,https://spdx.org/licenses/CC0-1.0.html,https://doi.org/10.5061/dryad.hx3ffbgmv,dataset_files,Review the cited source for component-specific terms.,10.5061/dryad.hx3ffbgmv,,10.5061/dryad.hx3ffbgmv,10.1126/scitranslmed.adk3868,,,6,https://doi.org/10.5061/dryad.hx3ffbgmv,[],https://doi.org/10.5061/dryad.hx3ffbgmv,https://doi.org/10.5061/dryad.hx3ffbgmv,https://doi.org/10.5061/dryad.hx3ffbgmv,https://doi.org/10.5061/dryad.hx3ffbgmv,True,2026-08-01,checked_against_official_repository,official_api_file_listing_checked,not_run,dryad_subretinal_fibrosis_adora2a,Inactivation of adenosine receptor 2A suppresses endothelial-to-mesenchymal transition and inhibits subretinal fibrosis in mice,cc0,cc0
dryad_subretinal_robot,Head-Mounted Robot Subretinal Injection Dataset,"OCT screen recordings, annotated frames, and pressure data from robot-assisted subretinal injections in ex vivo porcine eyes.",multimodal,"[""segmentation"", ""surgical_workflow"", ""regression""]",21,"[""all""]",,,,dryad,https://doi.org/10.5061/dryad.w0vt4b91w,CC0 1.0,Data and code from: Head-mounted surgical robots are an enabling technology for subretinal injections. Dryad. 2025. doi:10.5061/dryad.w0vt4b91w,"[""dryad"", ""surgical_robotics"", ""subretinal_injection"", ""oct"", ""porcine"", ""ex_vivo""]",2.481,All images and videos are from ex vivo porcine eyes. The repository also includes MATLAB bleb masks and pressure-sensor measurements.,multimodal,"[""surgical_video"", ""oct"", ""tabular""]",experimental_eyes,"[{""count"": 21, ""evidence_basis"": ""associated_publication"", ""evidence_url"": ""https://doi.org/10.1126/scirobotics.adp7700"", ""exactness"": ""exact"", ""notes"": ""The current deposit does not expose a reproducible frame or video count."", ""primary"": true, ""review_date"": ""2026-08-01"", ""scope"": ""Bleb-formation attempts in ex vivo porcine eyes"", ""unit"": ""experimental_eyes""}]",https://doi.org/10.5061/dryad.w0vt4b91w,official_repository,https://doi.org/10.5061/dryad.w0vt4b91w,self_service_authenticated,True,True,True,False,False,False,False,False,unknown,available,2026-07-21,author_source_checked,Author-conducted source check; transfer completeness was evaluated separately.,standard_platform_supported,dryad,dryad_loader,0.4.0,False,,unit_or_mocked_only,not_live_tested,,,CC0 1.0,https://doi.org/10.5061/dryad.w0vt4b91w,dataset_files,Review the cited source for component-specific terms.,10.5061/dryad.w0vt4b91w,,10.5061/dryad.w0vt4b91w,,,,,https://doi.org/10.5061/dryad.w0vt4b91w,[],https://doi.org/10.1126/scirobotics.adp7700,https://doi.org/10.5061/dryad.w0vt4b91w,https://doi.org/10.5061/dryad.w0vt4b91w,https://doi.org/10.5061/dryad.w0vt4b91w,True,2026-07-21,checked_against_cited_source,author_source_checked,not_live_tested,dryad_subretinal_robot,Head-Mounted Robot Subretinal Injection Dataset,cc0,cc0
dryad_taizhou_cataract_outdoors,The association of outdoor activity and age-related cataract in a rural population of Taizhou Eye Study: phase 1 report,"The 2,006-participant original-data workbook is directly relevant to human cataract epidemiology and prognosis.",tabular,"[""prognosis""]",2006,"[""all""]",,,,dryad,https://doi.org/10.5061/dryad.gt410,CC0 1.0,The association of outdoor activity and age-related cataract in a rural population of Taizhou Eye Study: phase 1 report. Dryad Dataset. doi:10.5061/dryad.gt410.,"[""dryad"", ""tabular"", ""taizhou"", ""cataract"", ""outdoors""]",0.001380897,Scope: core_add. Named file-level object: Original Taizhou Eye Study workbook. Official Dryad API metadata and current file listing reviewed 2026-08-01.,tabular,"[""tabular""]",participants,"[{""count"": 2006, ""evidence_basis"": ""official_source_description"", ""evidence_url"": ""https://doi.org/10.5061/dryad.gt410"", ""exactness"": ""exact"", ""notes"": ""Current official Dryad metadata."", ""primary"": true, ""review_date"": ""2026-08-01"", ""scope"": ""Source-stated primary resource quantity."", ""unit"": ""participants""}]",https://doi.org/10.5061/dryad.gt410,official_repository,https://doi.org/10.5061/dryad.gt410,self_service_authenticated,True,True,True,False,False,False,False,False,unknown,available,2026-08-01,official_metadata_and_file_listing_checked,Official Dryad API metadata and current-version file listing reviewed. Data files were not downloaded during catalog discovery.,standard_platform_supported,dryad,dryad_loader,0.4.0,False,,not_run,not_run,,,https://spdx.org/licenses/CC0-1.0.html,https://doi.org/10.5061/dryad.gt410,dataset_files,Review the cited source for component-specific terms.,10.5061/dryad.gt410,,10.5061/dryad.gt410,10.1371/journal.pone.0135870,,,1,https://doi.org/10.5061/dryad.gt410,[],https://doi.org/10.5061/dryad.gt410,https://doi.org/10.5061/dryad.gt410,https://doi.org/10.5061/dryad.gt410,https://doi.org/10.5061/dryad.gt410,True,2026-08-01,checked_against_official_repository,official_api_file_listing_checked,not_run,dryad_taizhou_cataract_outdoors,The association of outdoor activity and age-related cataract in a rural population of Taizhou Eye Study: phase 1 report,cc0,cc0
dryad_tb2rbp0cq,Serial block face scanning electron micrographs of mouse outer retina,Official Dryad deposit of source-described ocular microscopy data for the associated study.,cell_microscopy,"[""reconstruction""]",,"[""all""]",,,,dryad,https://doi.org/10.5061/dryad.tb2rbp0cq,CC0 1.0,"Thoreson Wallace, Bartol Thomas, Conoan Nicholas, Diamond Jeffrey. Serial block face scanning electron micrographs of mouse outer retina. Dryad. 2025. doi:10.5061/dryad.tb2rbp0cq","[""dryad"", ""serial"", ""block"", ""face"", ""scanning"", ""cell_microscopy"", ""reconstruction""]",5.051903547,"Scope screen: adjacent_add. Current Dryad v4 file listing: 358 files, 5051903547 bytes.",cell_microscopy,"[""cell_microscopy""]",unknown,[],https://doi.org/10.5061/dryad.tb2rbp0cq,official_repository,https://doi.org/10.5061/dryad.tb2rbp0cq,self_service_authenticated,True,True,True,False,False,False,False,False,unknown,available,2026-08-01,official_metadata_and_file_listing_checked,Official Dryad API metadata and current-version file listing reviewed. Data files were not downloaded during catalog discovery.,standard_platform_supported,dryad,dryad_loader,0.4.0,False,,not_run,not_run,,,https://spdx.org/licenses/CC0-1.0.html,https://doi.org/10.5061/dryad.tb2rbp0cq,dataset_files,Official Dryad deposit license applies to deposited dataset files.,10.5061/dryad.tb2rbp0cq,,10.5061/dryad.tb2rbp0cq,10.1085/jgp.202413746,,,4,https://doi.org/10.5061/dryad.tb2rbp0cq,[],https://doi.org/10.5061/dryad.tb2rbp0cq,https://doi.org/10.5061/dryad.tb2rbp0cq,https://doi.org/10.5061/dryad.tb2rbp0cq,https://doi.org/10.5061/dryad.tb2rbp0cq,True,2026-08-01,checked_against_official_repository,official_route_documented,not_run,dryad_tb2rbp0cq,Serial block face scanning electron micrographs of mouse outer retina,cc0,cc0
dryad_tb_uveitis_ifn,Type 1 interferon-inducible gene expression in QuantiFERON Gold TB-positive uveitis: a tool to stratify a high versus low risk of active tuberculosis?,The human uveitis expression workbook has a stated 103-enrollment cohort and supports ocular biomarker classification.,omics,"[""classification""]",,"[""all""]",,,,dryad,https://doi.org/10.5061/dryad.8jk03jd,CC0 1.0,Type 1 interferon-inducible gene expression in QuantiFERON Gold TB-positive uveitis: a tool to stratify a high versus low risk of active tuberculosis?. Dryad Dataset. doi:10.5061/dryad.8jk03jd.,"[""dryad"", ""omics"", ""tb"", ""uveitis"", ""ifn""]",7.6872e-05,Scope: core_add. Named file-level object: Type I IFN gene signature workbook. No explicit single primary resource total is stated. Official Dryad API metadata and current file listing reviewed 2026-08-01.,omics,"[""omics"", ""tabular""]",unknown,[],https://doi.org/10.5061/dryad.8jk03jd,official_repository,https://doi.org/10.5061/dryad.8jk03jd,self_service_authenticated,True,True,True,False,False,False,False,False,unknown,available,2026-08-01,official_metadata_and_file_listing_checked,Official Dryad API metadata and current-version file listing reviewed. Data files were not downloaded during catalog discovery.,standard_platform_supported,dryad,dryad_loader,0.4.0,False,,not_run,not_run,,,https://spdx.org/licenses/CC0-1.0.html,https://doi.org/10.5061/dryad.8jk03jd,dataset_files,Review the cited source for component-specific terms.,10.5061/dryad.8jk03jd,,10.5061/dryad.8jk03jd,10.1371/journal.pone.0206073,,,1,https://doi.org/10.5061/dryad.8jk03jd,[],https://doi.org/10.5061/dryad.8jk03jd,https://doi.org/10.5061/dryad.8jk03jd,https://doi.org/10.5061/dryad.8jk03jd,https://doi.org/10.5061/dryad.8jk03jd,True,2026-08-01,checked_against_official_repository,official_api_file_listing_checked,not_run,dryad_tb_uveitis_ifn,Type 1 interferon-inducible gene expression in QuantiFERON Gold TB-positive uveitis: a tool to stratify a high versus low risk of active tuberculosis?,cc0,cc0
dryad_tdz08kq8t,"Sphingosine-1-phosphate signaling regulates the ability of Müller glia to become neurogenic, proliferating progenitor-like cells",Official Dryad deposit of source-described ocular omics data for the associated study.,omics,"[""classification""]",,"[""all""]",,,,dryad,https://doi.org/10.5061/dryad.tdz08kq8t,CC0 1.0,"Taylor Olivia, Degroff Nicholas, El-Hodiri Heithem, Gao Chengyu, Fischer Andy. Sphingosine-1-phosphate signaling regulates the ability of Muller glia to become neurogenic, proliferating progenitor-like cells. Dryad. 2025. doi:10.5061/dryad.tdz08kq8t","[""dryad"", ""sphingosine"", ""phosphate"", ""signaling"", ""regulates"", ""omics"", ""classification""]",2.018076463,"Scope screen: adjacent_add. Current Dryad v8 file listing: 22 files, 2018076463 bytes.",omics,"[""omics"", ""tabular""]",unknown,[],https://doi.org/10.5061/dryad.tdz08kq8t,official_repository,https://doi.org/10.5061/dryad.tdz08kq8t,self_service_authenticated,True,True,True,False,False,False,False,False,unknown,available,2026-08-01,official_metadata_and_file_listing_checked,Official Dryad API metadata and current-version file listing reviewed. Data files were not downloaded during catalog discovery.,standard_platform_supported,dryad,dryad_loader,0.4.0,False,,not_run,not_run,,,https://spdx.org/licenses/CC0-1.0.html,https://doi.org/10.5061/dryad.tdz08kq8t,dataset_files,Official Dryad deposit license applies to deposited dataset files.,10.5061/dryad.tdz08kq8t,,10.5061/dryad.tdz08kq8t,10.1002/cne.25270,,,8,https://doi.org/10.5061/dryad.tdz08kq8t,[],https://doi.org/10.5061/dryad.tdz08kq8t,https://doi.org/10.5061/dryad.tdz08kq8t,https://doi.org/10.5061/dryad.tdz08kq8t,https://doi.org/10.5061/dryad.tdz08kq8t,True,2026-08-01,checked_against_official_repository,official_route_documented,not_run,dryad_tdz08kq8t,"Sphingosine-1-phosphate signaling regulates the ability of Müller glia to become neurogenic, proliferating progenitor-like cells",cc0,cc0
dryad_tmpg4f4vb,Effects of capsular tension ring on surgical outcomes of premium intraocular lens in patients with suspected zonular weakness,Official Dryad deposit of source-described tabular ophthalmic data for the associated study.,tabular,"[""regression""]",55,"[""all""]",,,,dryad,https://doi.org/10.5061/dryad.tmpg4f4vb,CC0 1.0,Miyoshi Teruyuki. Effects of capsular tension ring on surgical outcomes of premium intraocular lens in patients with suspected zonular weakness. Dryad. 2020. doi:10.5061/dryad.tmpg4f4vb,"[""dryad"", ""effects"", ""capsular"", ""tension"", ""ring"", ""tabular"", ""regression""]",7.2304e-05,"Scope screen: core_add. Current Dryad v5 file listing: 1 files, 72304 bytes.",tabular,"[""tabular""]",eyes,"[{""count"": 55, ""evidence_basis"": ""official_source_description"", ""evidence_url"": ""https://doi.org/10.5061/dryad.tmpg4f4vb"", ""exactness"": ""exact"", ""notes"": ""Source-stated scientific quantity; current Dryad file count is separate repository metadata."", ""primary"": true, ""review_date"": ""2026-08-01"", ""scope"": ""Source-described eyes in capsular-tension-ring analysis"", ""unit"": ""eyes""}]",https://doi.org/10.5061/dryad.tmpg4f4vb,official_repository,https://doi.org/10.5061/dryad.tmpg4f4vb,self_service_authenticated,True,True,True,False,False,False,False,False,unknown,available,2026-08-01,official_metadata_and_file_listing_checked,Official Dryad API metadata and current-version file listing reviewed. Data files were not downloaded during catalog discovery.,standard_platform_supported,dryad,dryad_loader,0.4.0,False,,not_run,not_run,,,https://spdx.org/licenses/CC0-1.0.html,https://doi.org/10.5061/dryad.tmpg4f4vb,dataset_files,Official Dryad deposit license applies to deposited dataset files.,10.5061/dryad.tmpg4f4vb,,10.5061/dryad.tmpg4f4vb,10.1371/journal.pone.0228999,,,5,https://doi.org/10.5061/dryad.tmpg4f4vb,[],https://doi.org/10.5061/dryad.tmpg4f4vb,https://doi.org/10.5061/dryad.tmpg4f4vb,https://doi.org/10.5061/dryad.tmpg4f4vb,https://doi.org/10.5061/dryad.tmpg4f4vb,True,2026-08-01,checked_against_official_repository,official_route_documented,not_run,dryad_tmpg4f4vb,Effects of capsular tension ring on surgical outcomes of premium intraocular lens in patients with suspected zonular weakness,cc0,cc0
dryad_toric_iol_incision,Toric Intraocular Lens Incision Outcome Dataset,Human toric-IOL surgical outcome table directly supports cataract-surgery outcome analysis.,tabular,"[""regression""]",60,"[""all""]",,,,dryad,https://doi.org/10.5061/dryad.01n20,CC0 1.0,"He, Wenwen, Zhu, Xiangjia, Du, Yu, Yang, Jin, and Lu, Yi. Data from: Clinical efficacy of implantation of toric intraocular lenses with different incision positions: a comparative study of steep-axis incision and non-steep-axis incision. Dryad. 2018. doi:10.5061/dryad.01n20","[""dryad"", ""toric"", ""iol"", ""incision"", ""tabular""]",8.4842e-05,"Scope screen: core_add. Current Dryad v1 file listing: 1 files, 65825 bytes.",tabular,"[""tabular""]",participants,"[{""count"": 60, ""evidence_basis"": ""official_source_description"", ""evidence_url"": ""https://doi.org/10.5061/dryad.01n20"", ""exactness"": ""exact"", ""notes"": ""Source-stated quantity; Dryad file count is separate metadata and is not a scientific sample count."", ""primary"": true, ""review_date"": ""2026-08-01"", ""scope"": ""Source-described toric IOL cataract cohort"", ""unit"": ""participants""}]",https://doi.org/10.5061/dryad.01n20,official_repository,https://doi.org/10.5061/dryad.01n20,self_service_authenticated,True,True,True,False,False,False,False,False,unknown,available,2026-08-01,official_metadata_and_file_listing_checked,Official Dryad API metadata and current-version file listing reviewed. Data files were not downloaded during catalog discovery.,standard_platform_supported,dryad,dryad_loader,0.4.0,False,,not_run,not_run,,,https://spdx.org/licenses/CC0-1.0.html,https://doi.org/10.5061/dryad.01n20,dataset_files,Official Dryad deposit license applies to deposited dataset files.,10.5061/dryad.01n20,,10.5061/dryad.01n20,10.1186/s12886-017-0528-x,,,1,https://doi.org/10.5061/dryad.01n20,[],https://doi.org/10.5061/dryad.01n20,https://doi.org/10.5061/dryad.01n20,https://doi.org/10.5061/dryad.01n20,https://doi.org/10.5061/dryad.01n20,True,2026-08-01,checked_against_official_repository,official_route_documented,not_run,dryad_toric_iol_incision,Toric Intraocular Lens Incision Outcome Dataset,cc0,cc0
dryad_uveal_melanoma_coog2,COOG2.1 Uveal Melanoma Prognostic Dataset,"Multicenter uveal-melanoma gene-expression, PRAME, clinical, and metastasis-free-survival data for prognostic modeling.",omics,"[""classification"", ""survival_analysis"", ""prognosis""]",1577,"[""all""]",,,,dryad,https://doi.org/10.5061/dryad.n8pk0p340,CC0 1.0,15-gene expression profile and PRAME as an integrated prognostic test for uveal melanoma: First report of Collaborative Ocular Oncology Group Study No. 2 (COOG2.1). Dryad. 2025. doi:10.5061/dryad.n8pk0p340,"[""dryad"", ""uveal_melanoma"", ""gene_expression"", ""prame"", ""survival"", ""multicenter""]",8.4e-05,"Contains 1,577 subjects enrolled across 26 centers with a 15-gene expression profile, PRAME status, clinical variables, and follow-up.",omics,"[""omics""]",participants,"[{""count"": 1577, ""evidence_basis"": ""official_source_description"", ""evidence_url"": ""https://doi.org/10.5061/dryad.n8pk0p340"", ""exactness"": ""exact"", ""notes"": """", ""primary"": true, ""review_date"": ""2026-08-01"", ""scope"": ""Multicenter prognostic cohort"", ""unit"": ""participants""}]",https://doi.org/10.5061/dryad.n8pk0p340,official_repository,https://doi.org/10.5061/dryad.n8pk0p340,self_service_authenticated,True,True,True,False,False,False,False,False,unknown,available,2026-07-21,author_source_checked,Author-conducted source check; transfer completeness was evaluated separately.,end_to_end_tested,dryad,dryad_loader,0.4.0,True,2026-07-31,complete_current_deposit_downloaded,complete_current_deposit_downloaded,python hub/audit/verify_download_and_load.py run,,CC0 1.0,https://doi.org/10.5061/dryad.n8pk0p340,dataset_files,Review the cited source for component-specific terms.,10.5061/dryad.n8pk0p340,,10.5061/dryad.n8pk0p340,,,,,https://doi.org/10.5061/dryad.n8pk0p340,[],https://doi.org/10.5061/dryad.n8pk0p340,https://doi.org/10.5061/dryad.n8pk0p340,https://doi.org/10.5061/dryad.n8pk0p340,https://doi.org/10.5061/dryad.n8pk0p340,True,2026-07-21,checked_against_cited_source,author_source_checked,complete_current_deposit_downloaded,dryad_uveal_melanoma_coog2,COOG2.1 Uveal Melanoma Prognostic Dataset,cc0,cc0
dryad_uveitis_vitreous_biomarkers,Uveitis Vitreous Biomarker Dataset,The prospective multicentre uveitis vitreous biomarker table is direct human ocular disease data.,omics,"[""classification""]",234,"[""all""]",,,,dryad,https://doi.org/10.5061/dryad.597ch,CC0 1.0,"Maruyama, Kazuichi, Inaba, Tohru, Sugita, Sunao, Ichinohasama, Ryo, Nagata, Kenji, Kinoshita, Shigeru, Mochizuki, Manabu, and Nakazawa, Toru. Data from: Comprehensive analysis of vitreous specimens for uveitis classification: a prospective multicentre observational study. Dryad. 2017. doi:10.5061/dryad.597ch","[""dryad"", ""uveitis"", ""vitreous"", ""biomarkers"", ""omics"", ""tabular""]",9.5606e-05,"Scope screen: core_add. Current Dryad v1 file listing: 1 files, 74836 bytes.",omics,"[""omics"", ""tabular""]",eyes,"[{""count"": 234, ""evidence_basis"": ""official_source_description"", ""evidence_url"": ""https://doi.org/10.5061/dryad.597ch"", ""exactness"": ""exact"", ""notes"": ""Source-stated quantity; Dryad file count is separate metadata and is not a scientific sample count."", ""primary"": true, ""review_date"": ""2026-08-01"", ""scope"": ""Source-described uveitis study eyes"", ""unit"": ""eyes""}]",https://doi.org/10.5061/dryad.597ch,official_repository,https://doi.org/10.5061/dryad.597ch,self_service_authenticated,True,True,True,False,False,False,False,False,unknown,available,2026-08-01,official_metadata_and_file_listing_checked,Official Dryad API metadata and current-version file listing reviewed. Data files were not downloaded during catalog discovery.,standard_platform_supported,dryad,dryad_loader,0.4.0,False,,not_run,not_run,,,https://spdx.org/licenses/CC0-1.0.html,https://doi.org/10.5061/dryad.597ch,dataset_files,Official Dryad deposit license applies to deposited dataset files.,10.5061/dryad.597ch,,10.5061/dryad.597ch,10.1136/bmjopen-2016-014549,,,1,https://doi.org/10.5061/dryad.597ch,[],https://doi.org/10.5061/dryad.597ch,https://doi.org/10.5061/dryad.597ch,https://doi.org/10.5061/dryad.597ch,https://doi.org/10.5061/dryad.597ch,True,2026-08-01,checked_against_official_repository,official_route_documented,not_run,dryad_uveitis_vitreous_biomarkers,Uveitis Vitreous Biomarker Dataset,cc0,cc0
dryad_v6wwpzh1b,Data from: Micropulse transscleral cyclophotocoagulation results in secondary glaucoma,Official Dryad deposit of source-described tabular ophthalmic data for the associated study.,tabular,"[""progression_analysis""]",,"[""all""]",,,,dryad,https://doi.org/10.5061/dryad.v6wwpzh1b,CC0 1.0,"Recsan Zsuzsanna, Szilagyi Zsuzsa, Kranitz Kinga, Nagy Zoltan Zsolt. Data from: Micropulse transscleral cyclophotocoagulation results in secondary glaucoma. Dryad. 2024. doi:10.5061/dryad.v6wwpzh1b","[""dryad"", ""micropulse"", ""transscleral"", ""cyclophotocoagulation"", ""results"", ""tabular"", ""progression_analysis""]",1.4771e-05,"Scope screen: core_add. Current Dryad v4 file listing: 2 files, 14771 bytes.",tabular,"[""tabular""]",unknown,[],https://doi.org/10.5061/dryad.v6wwpzh1b,official_repository,https://doi.org/10.5061/dryad.v6wwpzh1b,self_service_authenticated,True,True,True,False,False,False,False,False,unknown,available,2026-08-01,official_metadata_and_file_listing_checked,Official Dryad API metadata and current-version file listing reviewed. Data files were not downloaded during catalog discovery.,standard_platform_supported,dryad,dryad_loader,0.4.0,False,,not_run,not_run,,,https://spdx.org/licenses/CC0-1.0.html,https://doi.org/10.5061/dryad.v6wwpzh1b,dataset_files,Official Dryad deposit license applies to deposited dataset files.,10.5061/dryad.v6wwpzh1b,,10.5061/dryad.v6wwpzh1b,10.3390/life13051149,,,4,https://doi.org/10.5061/dryad.v6wwpzh1b,[],https://doi.org/10.5061/dryad.v6wwpzh1b,https://doi.org/10.5061/dryad.v6wwpzh1b,https://doi.org/10.5061/dryad.v6wwpzh1b,https://doi.org/10.5061/dryad.v6wwpzh1b,True,2026-08-01,checked_against_official_repository,official_route_documented,not_run,dryad_v6wwpzh1b,Data from: Micropulse transscleral cyclophotocoagulation results in secondary glaucoma,cc0,cc0
dryad_v9p0b,Data from: Retinal capillary rarefaction in patients with untreated mild-moderate hypertension,Official Dryad deposit of source-described tabular ophthalmic data for the associated study.,tabular,"[""measurement""]",,"[""all""]",,,,dryad,https://doi.org/10.5061/dryad.v9p0b,CC0 1.0,"Bosch Agnes J., Harazny Joanna M., Kistner Iris, Friedrich Stefanie, Wojtkiewicz Joanna, Schmieder Roland E.. Data from: Retinal capillary rarefaction in patients with untreated mild-moderate hypertension. Dryad. 2018. doi:10.5061/dryad.v9p0b","[""dryad"", ""retinal"", ""capillary"", ""rarefaction"", ""patients"", ""tabular"", ""measurement""]",5.7171e-05,"Scope screen: core_add. Current Dryad v1 file listing: 1 files, 57171 bytes.",tabular,"[""tabular""]",unknown,[],https://doi.org/10.5061/dryad.v9p0b,official_repository,https://doi.org/10.5061/dryad.v9p0b,self_service_authenticated,True,True,True,False,False,False,False,False,unknown,available,2026-08-01,official_metadata_and_file_listing_checked,Official Dryad API metadata and current-version file listing reviewed. Data files were not downloaded during catalog discovery.,standard_platform_supported,dryad,dryad_loader,0.4.0,False,,not_run,not_run,,,https://spdx.org/licenses/CC0-1.0.html,https://doi.org/10.5061/dryad.v9p0b,dataset_files,Official Dryad deposit license applies to deposited dataset files.,10.5061/dryad.v9p0b,,10.5061/dryad.v9p0b,10.1186/s12872-017-0732-x,,,1,https://doi.org/10.5061/dryad.v9p0b,[],https://doi.org/10.5061/dryad.v9p0b,https://doi.org/10.5061/dryad.v9p0b,https://doi.org/10.5061/dryad.v9p0b,https://doi.org/10.5061/dryad.v9p0b,True,2026-08-01,checked_against_official_repository,official_route_documented,not_run,dryad_v9p0b,Data from: Retinal capillary rarefaction in patients with untreated mild-moderate hypertension,cc0,cc0
dryad_vkh_apoe,VKH APOE Transcriptomics and Proteomics Dataset,VKH PBMC transcriptomics and proteomics are a direct translational uveitis biomarker resource.,omics,"[""classification""]",,"[""all""]",,,,dryad,https://doi.org/10.5061/dryad.37pvmcvzx,CC0 1.0,"Hou, Shengping, and Lei, Fengyang. Data from: Bulk-seq results from peripheral blood mononuclear cells (PBMCs) of VKH patients and proteomic profiling of shAPOE-transduced HMC3 cells were employed to uncover potential downstream targets of APOE. Dryad. 2025. doi:10.5061/dryad.37pvmcvzx","[""dryad"", ""vkh"", ""apoe"", ""omics"", ""tabular""]",68.879258875,"Scope screen: core_add. Current Dryad v3 file listing: 5 files, 68879258875 bytes.",omics,"[""omics"", ""tabular""]",unknown,[],https://doi.org/10.5061/dryad.37pvmcvzx,official_repository,https://doi.org/10.5061/dryad.37pvmcvzx,self_service_authenticated,True,True,True,False,False,False,False,False,unknown,available,2026-08-01,official_metadata_and_file_listing_checked,Official Dryad API metadata and current-version file listing reviewed. Data files were not downloaded during catalog discovery.,standard_platform_supported,dryad,dryad_loader,0.4.0,False,,not_run,not_run,,,https://spdx.org/licenses/CC0-1.0.html,https://doi.org/10.5061/dryad.37pvmcvzx,dataset_files,Official Dryad deposit license applies to deposited dataset files.,10.5061/dryad.37pvmcvzx,,10.5061/dryad.37pvmcvzx,,,,3,https://doi.org/10.5061/dryad.37pvmcvzx,[],https://doi.org/10.5061/dryad.37pvmcvzx,https://doi.org/10.5061/dryad.37pvmcvzx,https://doi.org/10.5061/dryad.37pvmcvzx,https://doi.org/10.5061/dryad.37pvmcvzx,True,2026-08-01,checked_against_official_repository,official_route_documented,not_run,dryad_vkh_apoe,VKH APOE Transcriptomics and Proteomics Dataset,cc0,cc0
dryad_vq83bk3s8,Spatially displaced excitation contributes to the encoding of interrupted motion by the retinal direction-selective circuit,Official Dryad deposit of source-described retinal physiology data for the associated study.,electrophysiology,"[""measurement""]",,"[""all""]",,,,dryad,https://doi.org/10.5061/dryad.vq83bk3s8,CC0 1.0,Ding Jennifer. Spatially displaced excitation contributes to the encoding of interrupted motion by the retinal direction-selective circuit. Dryad. 2021. doi:10.5061/dryad.vq83bk3s8,"[""dryad"", ""spatially"", ""displaced"", ""excitation"", ""contributes"", ""electrophysiology"", ""measurement""]",6.461489656,"Scope screen: adjacent_add. Current Dryad v5 file listing: 910 files, 6461489656 bytes.",electrophysiology,"[""electrophysiology""]",unknown,[],https://doi.org/10.5061/dryad.vq83bk3s8,official_repository,https://doi.org/10.5061/dryad.vq83bk3s8,self_service_authenticated,True,True,True,False,False,False,False,False,unknown,available,2026-08-01,official_metadata_and_file_listing_checked,Official Dryad API metadata and current-version file listing reviewed. Data files were not downloaded during catalog discovery.,standard_platform_supported,dryad,dryad_loader,0.4.0,False,,not_run,not_run,,,https://spdx.org/licenses/CC0-1.0.html,https://doi.org/10.5061/dryad.vq83bk3s8,dataset_files,Official Dryad deposit license applies to deposited dataset files.,10.5061/dryad.vq83bk3s8,,10.5061/dryad.vq83bk3s8,10.7554/elife.68181,,,5,https://doi.org/10.5061/dryad.vq83bk3s8,[],https://doi.org/10.5061/dryad.vq83bk3s8,https://doi.org/10.5061/dryad.vq83bk3s8,https://doi.org/10.5061/dryad.vq83bk3s8,https://doi.org/10.5061/dryad.vq83bk3s8,True,2026-08-01,checked_against_official_repository,official_route_documented,not_run,dryad_vq83bk3s8,Spatially displaced excitation contributes to the encoding of interrupted motion by the retinal direction-selective circuit,cc0,cc0
dryad_vx0k6djwf,Amacrine cells differentially balance zebrafish colour circuits in the central and peripheral retina,Official Dryad deposit of source-described retinal physiology data for the associated study.,electrophysiology,"[""measurement""]",,"[""all""]",,,,dryad,https://doi.org/10.5061/dryad.vx0k6djwf,CC0 1.0,"Wang Xinwei, Roberts Paul, Yoshimatsu Takeshi, Lagnado Leon, Baden Tom. Amacrine cells differentially balance zebrafish colour circuits in the central and peripheral retina. Dryad. 2023. doi:10.5061/dryad.vx0k6djwf","[""dryad"", ""amacrine"", ""cells"", ""differentially"", ""balance"", ""electrophysiology"", ""measurement""]",1.599209651,"Scope screen: adjacent_add. Current Dryad v5 file listing: 5 files, 1599209651 bytes.",electrophysiology,"[""electrophysiology""]",unknown,[],https://doi.org/10.5061/dryad.vx0k6djwf,official_repository,https://doi.org/10.5061/dryad.vx0k6djwf,self_service_authenticated,True,True,True,False,False,False,False,False,unknown,available,2026-08-01,official_metadata_and_file_listing_checked,Official Dryad API metadata and current-version file listing reviewed. Data files were not downloaded during catalog discovery.,standard_platform_supported,dryad,dryad_loader,0.4.0,False,,not_run,not_run,,,https://spdx.org/licenses/CC0-1.0.html,https://doi.org/10.5061/dryad.vx0k6djwf,dataset_files,Official Dryad deposit license applies to deposited dataset files.,10.5061/dryad.vx0k6djwf,,10.5061/dryad.vx0k6djwf,10.1016/j.celrep.2023.112055,,,5,https://doi.org/10.5061/dryad.vx0k6djwf,[],https://doi.org/10.5061/dryad.vx0k6djwf,https://doi.org/10.5061/dryad.vx0k6djwf,https://doi.org/10.5061/dryad.vx0k6djwf,https://doi.org/10.5061/dryad.vx0k6djwf,True,2026-08-01,checked_against_official_repository,official_route_documented,not_run,dryad_vx0k6djwf,Amacrine cells differentially balance zebrafish colour circuits in the central and peripheral retina,cc0,cc0
dryad_w3r228143,Photoreceptor loss does not recruit neutrophils despite strong microglial activation,Official Dryad deposit of source-described adaptive-optics retinal imaging data for the associated study.,adaptive_optics,"[""measurement""]",,"[""all""]",,,,dryad,https://doi.org/10.5061/dryad.w3r228143,CC0 1.0,"Power Derek, Elstrott Justin, Schallek Jesse. Photoreceptor loss does not recruit neutrophils despite strong microglial activation. Dryad. 2025. doi:10.5061/dryad.w3r228143","[""dryad"", ""photoreceptor"", ""loss"", ""does"", ""not"", ""adaptive_optics"", ""measurement""]",9.12357763,"Scope screen: adjacent_add. Current Dryad v5 file listing: 2 files, 9123577630 bytes.",adaptive_optics,"[""adaptive_optics"", ""cell_microscopy""]",unknown,[],https://doi.org/10.5061/dryad.w3r228143,official_repository,https://doi.org/10.5061/dryad.w3r228143,self_service_authenticated,True,True,True,False,False,False,False,False,unknown,available,2026-08-01,official_metadata_and_file_listing_checked,Official Dryad API metadata and current-version file listing reviewed. Data files were not downloaded during catalog discovery.,standard_platform_supported,dryad,dryad_loader,0.4.0,False,,not_run,not_run,,,https://spdx.org/licenses/CC0-1.0.html,https://doi.org/10.5061/dryad.w3r228143,dataset_files,Official Dryad deposit license applies to deposited dataset files.,10.5061/dryad.w3r228143,,10.5061/dryad.w3r228143,10.7554/elife.98662.4,,,5,https://doi.org/10.5061/dryad.w3r228143,[],https://doi.org/10.5061/dryad.w3r228143,https://doi.org/10.5061/dryad.w3r228143,https://doi.org/10.5061/dryad.w3r228143,https://doi.org/10.5061/dryad.w3r228143,True,2026-08-01,checked_against_official_repository,official_route_documented,not_run,dryad_w3r228143,Photoreceptor loss does not recruit neutrophils despite strong microglial activation,cc0,cc0
dryad_wdbrv15rj,Natural disease history of a canine model of oligogenic RPGRIP1-cone-rod dystrophy establishes variable effects of previously and newly mapped modifier loci,Official Dryad deposit of source-described ocular omics data for the associated study.,omics,"[""classification""]",,"[""all""]",,,,dryad,https://doi.org/10.5061/dryad.wdbrv15rj,CC0 1.0,"Ripolles-Garcia Ana, Murgiano Leonardo, Ziolkowska Natalia, Marinho Felipe Pompeo, Roszak Karolina, Iffrig Sommer, Aguirre Gustavo D., Miyadera Keiko. Natural disease history of a canine model of oligogenic RPGRIP1-cone-rod dystrophy establishes variable effects of previously and newly mapped modifier loci. Dryad. 2023. doi:10.5061/dryad.wdbrv15rj","[""dryad"", ""natural"", ""disease"", ""history"", ""canine"", ""omics"", ""classification""]",212.240887027,"Scope screen: adjacent_add. Current Dryad v5 file listing: 19 files, 212240887027 bytes.",omics,"[""omics"", ""tabular""]",unknown,[],https://doi.org/10.5061/dryad.wdbrv15rj,official_repository,https://doi.org/10.5061/dryad.wdbrv15rj,self_service_authenticated,True,True,True,False,False,False,False,False,unknown,available,2026-08-01,official_metadata_and_file_listing_checked,Official Dryad API metadata and current-version file listing reviewed. Data files were not downloaded during catalog discovery.,standard_platform_supported,dryad,dryad_loader,0.4.0,False,,not_run,not_run,,,https://spdx.org/licenses/CC0-1.0.html,https://doi.org/10.5061/dryad.wdbrv15rj,dataset_files,Official Dryad deposit license applies to deposited dataset files.,10.5061/dryad.wdbrv15rj,,10.5061/dryad.wdbrv15rj,10.1093/hmg/ddad046,,,5,https://doi.org/10.5061/dryad.wdbrv15rj,[],https://doi.org/10.5061/dryad.wdbrv15rj,https://doi.org/10.5061/dryad.wdbrv15rj,https://doi.org/10.5061/dryad.wdbrv15rj,https://doi.org/10.5061/dryad.wdbrv15rj,True,2026-08-01,checked_against_official_repository,official_route_documented,not_run,dryad_wdbrv15rj,Natural disease history of a canine model of oligogenic RPGRIP1-cone-rod dystrophy establishes variable effects of previously and newly mapped modifier loci,cc0,cc0
dryad_wstqjq2n5,Data from: Spectral inference reveals principal cone-integration rules of the zebrafish inner retina,Official Dryad deposit of source-described retinal physiology data for the associated study.,electrophysiology,"[""measurement""]",,"[""all""]",,,,dryad,https://doi.org/10.5061/dryad.wstqjq2n5,CC0 1.0,"Baden Tom, Bartel Philipp, Yoshimatsu Takeshi, Janiak Filip K. Data from: Spectral inference reveals principal cone-integration rules of the zebrafish inner retina. Dryad. 2021. doi:10.5061/dryad.wstqjq2n5","[""dryad"", ""spectral"", ""inference"", ""reveals"", ""principal"", ""electrophysiology"", ""measurement""]",0.31066049,"Scope screen: adjacent_add. Current Dryad v4 file listing: 4 files, 310660490 bytes.",electrophysiology,"[""electrophysiology""]",unknown,[],https://doi.org/10.5061/dryad.wstqjq2n5,official_repository,https://doi.org/10.5061/dryad.wstqjq2n5,self_service_authenticated,True,True,True,False,False,False,False,False,unknown,available,2026-08-01,official_metadata_and_file_listing_checked,Official Dryad API metadata and current-version file listing reviewed. Data files were not downloaded during catalog discovery.,standard_platform_supported,dryad,dryad_loader,0.4.0,False,,not_run,not_run,,,https://spdx.org/licenses/CC0-1.0.html,https://doi.org/10.5061/dryad.wstqjq2n5,dataset_files,Official Dryad deposit license applies to deposited dataset files.,10.5061/dryad.wstqjq2n5,,10.5061/dryad.wstqjq2n5,10.1016/j.cub.2021.09.047,,,4,https://doi.org/10.5061/dryad.wstqjq2n5,[],https://doi.org/10.5061/dryad.wstqjq2n5,https://doi.org/10.5061/dryad.wstqjq2n5,https://doi.org/10.5061/dryad.wstqjq2n5,https://doi.org/10.5061/dryad.wstqjq2n5,True,2026-08-01,checked_against_official_repository,official_route_documented,not_run,dryad_wstqjq2n5,Data from: Spectral inference reveals principal cone-integration rules of the zebrafish inner retina,cc0,cc0
dryad_x95x69pmq,Robust cone-mediated signaling persists late into rod photoreceptor degeneration,Official Dryad deposit of source-described ocular microscopy data for the associated study.,cell_microscopy,"[""measurement""]",,"[""all""]",,,,dryad,https://doi.org/10.5061/dryad.x95x69pmq,CC0 1.0,Scalabrino Miranda. Robust cone-mediated signaling persists late into rod photoreceptor degeneration. Dryad. 2022. doi:10.5061/dryad.x95x69pmq,"[""dryad"", ""robust"", ""cone"", ""mediated"", ""signaling"", ""cell_microscopy"", ""measurement""]",5.659015815,"Scope screen: adjacent_add. Current Dryad v5 file listing: 20 files, 5659015815 bytes.",cell_microscopy,"[""cell_microscopy""]",unknown,[],https://doi.org/10.5061/dryad.x95x69pmq,official_repository,https://doi.org/10.5061/dryad.x95x69pmq,self_service_authenticated,True,True,True,False,False,False,False,False,unknown,available,2026-08-01,official_metadata_and_file_listing_checked,Official Dryad API metadata and current-version file listing reviewed. Data files were not downloaded during catalog discovery.,standard_platform_supported,dryad,dryad_loader,0.4.0,False,,not_run,not_run,,,https://spdx.org/licenses/CC0-1.0.html,https://doi.org/10.5061/dryad.x95x69pmq,dataset_files,Official Dryad deposit license applies to deposited dataset files.,10.5061/dryad.x95x69pmq,,10.5061/dryad.x95x69pmq,10.7554/elife.80271,,,5,https://doi.org/10.5061/dryad.x95x69pmq,[],https://doi.org/10.5061/dryad.x95x69pmq,https://doi.org/10.5061/dryad.x95x69pmq,https://doi.org/10.5061/dryad.x95x69pmq,https://doi.org/10.5061/dryad.x95x69pmq,True,2026-08-01,checked_against_official_repository,official_route_documented,not_run,dryad_x95x69pmq,Robust cone-mediated signaling persists late into rod photoreceptor degeneration,cc0,cc0
dryad_xgxd254pk,"Supporting information for: Discrimination ability of central visual field testing using stimulus size I, II, and III and relationship with macular ganglion cell thickness in chiasmal compression",Official Dryad deposit of source-described visual-field and retinal measurement data for the associated study.,visual_field,"[""measurement""]",60,"[""all""]",,,,dryad,https://doi.org/10.5061/dryad.xgxd254pk,CC0 1.0,"Monteiro Mario, Rocha Arthur, Benassi Thais, Mello Luiz, Zacharias Leandro, Preti Rony, Cunha Leonardo. Supporting information for: Discrimination ability of central visual field testing using stimulus size I, II, and III and relationship with macular ganglion cell thickness in chiasmal compression. Dryad. 2024. doi:10.5061/dryad.xgxd254pk","[""dryad"", ""supporting"", ""information"", ""discrimination"", ""ability"", ""visual_field"", ""measurement""]",0.000333966,"Scope screen: core_add. Current Dryad v5 file listing: 2 files, 333966 bytes.",visual_field,"[""visual_field"", ""tabular""]",eyes,"[{""count"": 60, ""evidence_basis"": ""official_source_description"", ""evidence_url"": ""https://doi.org/10.5061/dryad.xgxd254pk"", ""exactness"": ""exact"", ""notes"": ""Source-stated scientific quantity; current Dryad file count is separate repository metadata."", ""primary"": true, ""review_date"": ""2026-08-01"", ""scope"": ""Source-described patient and control eyes in visual-field study"", ""unit"": ""eyes""}]",https://doi.org/10.5061/dryad.xgxd254pk,official_repository,https://doi.org/10.5061/dryad.xgxd254pk,self_service_authenticated,True,True,True,False,False,False,False,False,unknown,available,2026-08-01,official_metadata_and_file_listing_checked,Official Dryad API metadata and current-version file listing reviewed. Data files were not downloaded during catalog discovery.,standard_platform_supported,dryad,dryad_loader,0.4.0,False,,not_run,not_run,,,https://spdx.org/licenses/CC0-1.0.html,https://doi.org/10.5061/dryad.xgxd254pk,dataset_files,Official Dryad deposit license applies to deposited dataset files.,10.5061/dryad.xgxd254pk,,10.5061/dryad.xgxd254pk,10.1371/journal.pone.0300103,,,5,https://doi.org/10.5061/dryad.xgxd254pk,[],https://doi.org/10.5061/dryad.xgxd254pk,https://doi.org/10.5061/dryad.xgxd254pk,https://doi.org/10.5061/dryad.xgxd254pk,https://doi.org/10.5061/dryad.xgxd254pk,True,2026-08-01,checked_against_official_repository,official_route_documented,not_run,dryad_xgxd254pk,"Supporting information for: Discrimination ability of central visual field testing using stimulus size I, II, and III and relationship with macular ganglion cell thickness in chiasmal compression",cc0,cc0
dryad_xpnvx0kb6,"Data from: Oxidative stress in the retina and retinal pigment epithelium (RPE): role of aging, and DJ-1",Official Dryad deposit of source-described ocular microscopy data for the associated study.,cell_microscopy,"[""measurement""]",,"[""all""]",,,,dryad,https://doi.org/10.5061/dryad.xpnvx0kb6,CC0 1.0,"Bonilha Vera, Upadhya Mala, Milliner Caroline, Bell Brent. Data from: Oxidative stress in the retina and retinal pigment epithelium (RPE): role of aging, and DJ-1. Dryad. 2022. doi:10.5061/dryad.xpnvx0kb6","[""dryad"", ""oxidative"", ""stress"", ""retina"", ""retinal"", ""cell_microscopy"", ""measurement""]",0.736182399,"Scope screen: adjacent_add. Current Dryad v9 file listing: 118 files, 736182399 bytes.",cell_microscopy,"[""cell_microscopy"", ""tabular""]",unknown,[],https://doi.org/10.5061/dryad.xpnvx0kb6,official_repository,https://doi.org/10.5061/dryad.xpnvx0kb6,self_service_authenticated,True,True,True,False,False,False,False,False,unknown,available,2026-08-01,official_metadata_and_file_listing_checked,Official Dryad API metadata and current-version file listing reviewed. Data files were not downloaded during catalog discovery.,standard_platform_supported,dryad,dryad_loader,0.4.0,False,,not_run,not_run,,,https://spdx.org/licenses/CC0-1.0.html,https://doi.org/10.5061/dryad.xpnvx0kb6,dataset_files,Official Dryad deposit license applies to deposited dataset files.,10.5061/dryad.xpnvx0kb6,,10.5061/dryad.xpnvx0kb6,10.1016/j.redox.2020.101623,,,9,https://doi.org/10.5061/dryad.xpnvx0kb6,[],https://doi.org/10.5061/dryad.xpnvx0kb6,https://doi.org/10.5061/dryad.xpnvx0kb6,https://doi.org/10.5061/dryad.xpnvx0kb6,https://doi.org/10.5061/dryad.xpnvx0kb6,True,2026-08-01,checked_against_official_repository,official_route_documented,not_run,dryad_xpnvx0kb6,"Data from: Oxidative stress in the retina and retinal pigment epithelium (RPE): role of aging, and DJ-1",cc0,cc0
dryad_xwdbrv1kd,GTPBP2 in-frame deletion in a canine model with progressive retinal degeneration,Official Dryad deposit of source-described ocular omics data for the associated study.,omics,"[""classification""]",,"[""all""]",,,,dryad,https://doi.org/10.5061/dryad.xwdbrv1kd,CC0 1.0,"Murgiano Leonardo, Niggel Jessica K., Akyurek Eylem Emek, Sacchetto Roberta, Aguirre Gustavo D.. GTPBP2 in-frame deletion in a canine model with progressive retinal degeneration. Dryad. 2025. doi:10.5061/dryad.xwdbrv1kd","[""dryad"", ""gtpbp2"", ""frame"", ""deletion"", ""canine"", ""omics"", ""classification""]",199.23187737,"Scope screen: adjacent_add. Current Dryad v7 file listing: 11 files, 199231877370 bytes.",omics,"[""omics"", ""tabular""]",unknown,[],https://doi.org/10.5061/dryad.xwdbrv1kd,official_repository,https://doi.org/10.5061/dryad.xwdbrv1kd,self_service_authenticated,True,True,True,False,False,False,False,False,unknown,available,2026-08-01,official_metadata_and_file_listing_checked,Official Dryad API metadata and current-version file listing reviewed. Data files were not downloaded during catalog discovery.,standard_platform_supported,dryad,dryad_loader,0.4.0,False,,not_run,not_run,,,https://spdx.org/licenses/CC0-1.0.html,https://doi.org/10.5061/dryad.xwdbrv1kd,dataset_files,Official Dryad deposit license applies to deposited dataset files.,10.5061/dryad.xwdbrv1kd,,10.5061/dryad.xwdbrv1kd,10.1038/s41598-025-89446-7,,,7,https://doi.org/10.5061/dryad.xwdbrv1kd,[],https://doi.org/10.5061/dryad.xwdbrv1kd,https://doi.org/10.5061/dryad.xwdbrv1kd,https://doi.org/10.5061/dryad.xwdbrv1kd,https://doi.org/10.5061/dryad.xwdbrv1kd,True,2026-08-01,checked_against_official_repository,official_route_documented,not_run,dryad_xwdbrv1kd,GTPBP2 in-frame deletion in a canine model with progressive retinal degeneration,cc0,cc0
dryad_young_adult_uv_transmission,Individual variation in the transmission of ultraviolet radiation in the young adult eye.,The 42-participant UV-transmission workbook is direct human ocular-optics measurement data.,tabular,"[""measurement""]",42,"[""all""]",,,,dryad,https://doi.org/10.5061/dryad.hg000c2,CC0 1.0,Individual variation in the transmission of ultraviolet radiation in the young adult eye.. Dryad Dataset. doi:10.5061/dryad.hg000c2.,"[""dryad"", ""tabular"", ""young"", ""adult"", ""uv""]",2.8408e-05,Scope: core_add. Named file-level object: UV Data-Hammond.xlsx. Official Dryad API metadata and current file listing reviewed 2026-08-01.,tabular,"[""tabular""]",participants,"[{""count"": 42, ""evidence_basis"": ""official_source_description"", ""evidence_url"": ""https://doi.org/10.5061/dryad.hg000c2"", ""exactness"": ""exact"", ""notes"": ""Current official Dryad metadata."", ""primary"": true, ""review_date"": ""2026-08-01"", ""scope"": ""Source-stated primary resource quantity."", ""unit"": ""participants""}]",https://doi.org/10.5061/dryad.hg000c2,official_repository,https://doi.org/10.5061/dryad.hg000c2,self_service_authenticated,True,True,True,False,False,False,False,False,unknown,available,2026-08-01,official_metadata_and_file_listing_checked,Official Dryad API metadata and current-version file listing reviewed. Data files were not downloaded during catalog discovery.,standard_platform_supported,dryad,dryad_loader,0.4.0,False,,not_run,not_run,,,https://spdx.org/licenses/CC0-1.0.html,https://doi.org/10.5061/dryad.hg000c2,dataset_files,Review the cited source for component-specific terms.,10.5061/dryad.hg000c2,,10.5061/dryad.hg000c2,10.1371/journal.pone.0199940,,,1,https://doi.org/10.5061/dryad.hg000c2,[],https://doi.org/10.5061/dryad.hg000c2,https://doi.org/10.5061/dryad.hg000c2,https://doi.org/10.5061/dryad.hg000c2,https://doi.org/10.5061/dryad.hg000c2,True,2026-08-01,checked_against_official_repository,official_api_file_listing_checked,not_run,dryad_young_adult_uv_transmission,Individual variation in the transmission of ultraviolet radiation in the young adult eye.,cc0,cc0
dryad_z08kprrk3,Data from: A naturally occurring canine model of syndromic congenital microphthalmia,Official Dryad deposit of source-described ocular omics data for the associated study.,omics,"[""classification""]",,"[""all""]",,,,dryad,https://doi.org/10.5061/dryad.z08kprrk3,CC0 1.0,"Murgiano Leonardo, Banjeree Esha, O'Connor Cynthia, Miyadera Keiko, Werner Petra, Aguirre Gustavo, Casal Margret. Data from: A naturally occurring canine model of syndromic congenital microphthalmia . Dryad. 2024. doi:10.5061/dryad.z08kprrk3","[""dryad"", ""naturally"", ""occurring"", ""canine"", ""model"", ""omics"", ""classification""]",26.446559668,"Scope screen: adjacent_add. Current Dryad v8 file listing: 5 files, 26446559668 bytes.",omics,"[""omics"", ""tabular""]",unknown,[],https://doi.org/10.5061/dryad.z08kprrk3,official_repository,https://doi.org/10.5061/dryad.z08kprrk3,self_service_authenticated,True,True,True,False,False,False,False,False,unknown,available,2026-08-01,official_metadata_and_file_listing_checked,Official Dryad API metadata and current-version file listing reviewed. Data files were not downloaded during catalog discovery.,standard_platform_supported,dryad,dryad_loader,0.4.0,False,,not_run,not_run,,,https://spdx.org/licenses/CC0-1.0.html,https://doi.org/10.5061/dryad.z08kprrk3,dataset_files,Official Dryad deposit license applies to deposited dataset files.,10.5061/dryad.z08kprrk3,,10.5061/dryad.z08kprrk3,10.1093/g3journal/jkae067,,,8,https://doi.org/10.5061/dryad.z08kprrk3,[],https://doi.org/10.5061/dryad.z08kprrk3,https://doi.org/10.5061/dryad.z08kprrk3,https://doi.org/10.5061/dryad.z08kprrk3,https://doi.org/10.5061/dryad.z08kprrk3,True,2026-08-01,checked_against_official_repository,official_route_documented,not_run,dryad_z08kprrk3,Data from: A naturally occurring canine model of syndromic congenital microphthalmia,cc0,cc0
dryad_z08kprrk6,Frameshift variant in AMPD2 in Cirneco dell’ Etna with retinopathy and tremors,Official Dryad deposit of source-described ocular omics data for the associated study.,omics,"[""classification""]",,"[""all""]",,,,dryad,https://doi.org/10.5061/dryad.z08kprrk6,CC0 1.0,"Murgiano Leonardo, Niggel Jessica K., Benedicenti Leontine, Bionda Arianna, Crepaldi Paola, Liotta Luigi, Beltran William, Aguirre Gustavo D.. Frameshift variant in AMPD2 in Cirneco dell Etna with retinopathy and tremors. Dryad. 2024. doi:10.5061/dryad.z08kprrk6","[""dryad"", ""frameshift"", ""variant"", ""ampd2"", ""cirneco"", ""omics"", ""classification""]",123.431491592,"Scope screen: adjacent_add. Current Dryad v4 file listing: 7 files, 123431491592 bytes.",omics,"[""omics"", ""tabular""]",unknown,[],https://doi.org/10.5061/dryad.z08kprrk6,official_repository,https://doi.org/10.5061/dryad.z08kprrk6,self_service_authenticated,True,True,True,False,False,False,False,False,unknown,available,2026-08-01,official_metadata_and_file_listing_checked,Official Dryad API metadata and current-version file listing reviewed. Data files were not downloaded during catalog discovery.,standard_platform_supported,dryad,dryad_loader,0.4.0,False,,not_run,not_run,,,https://spdx.org/licenses/CC0-1.0.html,https://doi.org/10.5061/dryad.z08kprrk6,dataset_files,Official Dryad deposit license applies to deposited dataset files.,10.5061/dryad.z08kprrk6,,10.5061/dryad.z08kprrk6,10.3390/genes15020238,,,4,https://doi.org/10.5061/dryad.z08kprrk6,[],https://doi.org/10.5061/dryad.z08kprrk6,https://doi.org/10.5061/dryad.z08kprrk6,https://doi.org/10.5061/dryad.z08kprrk6,https://doi.org/10.5061/dryad.z08kprrk6,True,2026-08-01,checked_against_official_repository,official_route_documented,not_run,dryad_z08kprrk6,Frameshift variant in AMPD2 in Cirneco dell’ Etna with retinopathy and tremors,cc0,cc0
dryad_z8w9ghx9c,Accuracy of intraocular lens calculation formulas in cataract patients with steep corneal curvature,Official Dryad deposit of source-described tabular ophthalmic data for the associated study.,tabular,"[""regression""]",112,"[""all""]",,,,dryad,https://doi.org/10.5061/dryad.z8w9ghx9c,CC0 1.0,"Pazo Emmanuel, Zhang Chenguang, Dai Guangzheng, Liu Shasha, He Wei, Xu Ling. Accuracy of intraocular lens calculation formulas in cataract patients with steep corneal curvature. Dryad. 2020. doi:10.5061/dryad.z8w9ghx9c","[""dryad"", ""accuracy"", ""intraocular"", ""lens"", ""calculation"", ""tabular"", ""regression""]",0.000120727,"Scope screen: core_add. Current Dryad v3 file listing: 1 files, 120727 bytes.",tabular,"[""tabular""]",eyes,"[{""count"": 112, ""evidence_basis"": ""official_source_description"", ""evidence_url"": ""https://doi.org/10.5061/dryad.z8w9ghx9c"", ""exactness"": ""exact"", ""notes"": ""Source-stated scientific quantity; current Dryad file count is separate repository metadata."", ""primary"": true, ""review_date"": ""2026-08-01"", ""scope"": ""Source-described cataract eyes for IOL formula evaluation"", ""unit"": ""eyes""}]",https://doi.org/10.5061/dryad.z8w9ghx9c,official_repository,https://doi.org/10.5061/dryad.z8w9ghx9c,self_service_authenticated,True,True,True,False,False,False,False,False,unknown,available,2026-08-01,official_metadata_and_file_listing_checked,Official Dryad API metadata and current-version file listing reviewed. Data files were not downloaded during catalog discovery.,standard_platform_supported,dryad,dryad_loader,0.4.0,False,,not_run,not_run,,,https://spdx.org/licenses/CC0-1.0.html,https://doi.org/10.5061/dryad.z8w9ghx9c,dataset_files,Official Dryad deposit license applies to deposited dataset files.,10.5061/dryad.z8w9ghx9c,,10.5061/dryad.z8w9ghx9c,10.1371/journal.pone.0241630,,,3,https://doi.org/10.5061/dryad.z8w9ghx9c,[],https://doi.org/10.5061/dryad.z8w9ghx9c,https://doi.org/10.5061/dryad.z8w9ghx9c,https://doi.org/10.5061/dryad.z8w9ghx9c,https://doi.org/10.5061/dryad.z8w9ghx9c,True,2026-08-01,checked_against_official_repository,official_route_documented,not_run,dryad_z8w9ghx9c,Accuracy of intraocular lens calculation formulas in cataract patients with steep corneal curvature,cc0,cc0
dryad_z8w9ghx9f,Inflation test on eye globe for: Experimental evaluation of stiffening effect induced by UVA/riboflavin corneal cross-linking using intact porcine eye globes,Official Dryad deposit of source-described tabular ophthalmic data for the associated study.,tabular,"[""measurement""]",7,"[""all""]",,,,dryad,https://doi.org/10.5061/dryad.z8w9ghx9f,CC0 1.0,"Chang Shao-Hsuan, Li Yi-Chen, Zhou Dong, Eliasy Ashkan, Li Yi-Chen, Elsheikh Ahmed. Inflation test on eye globe for: Experimental evaluation of stiffening effect induced by UVA/riboflavin corneal cross-linking using intact porcine eye globes. Dryad. 2020. doi:10.5061/dryad.z8w9ghx9f","[""dryad"", ""inflation"", ""test"", ""eye"", ""globe"", ""tabular"", ""measurement""]",0.008482952,"Scope screen: adjacent_add. Current Dryad v4 file listing: 15 files, 8482952 bytes.",tabular,"[""tabular""]",experimental_eyes,"[{""count"": 7, ""evidence_basis"": ""official_source_description"", ""evidence_url"": ""https://doi.org/10.5061/dryad.z8w9ghx9f"", ""exactness"": ""exact"", ""notes"": ""Source-stated scientific quantity; current Dryad file count is separate repository metadata."", ""primary"": true, ""review_date"": ""2026-08-01"", ""scope"": ""Source-described paired porcine eye globes in corneal inflation testing"", ""unit"": ""experimental_eyes""}]",https://doi.org/10.5061/dryad.z8w9ghx9f,official_repository,https://doi.org/10.5061/dryad.z8w9ghx9f,self_service_authenticated,True,True,True,False,False,False,False,False,unknown,available,2026-08-01,official_metadata_and_file_listing_checked,Official Dryad API metadata and current-version file listing reviewed. Data files were not downloaded during catalog discovery.,standard_platform_supported,dryad,dryad_loader,0.4.0,False,,not_run,not_run,,,https://spdx.org/licenses/CC0-1.0.html,https://doi.org/10.5061/dryad.z8w9ghx9f,dataset_files,Official Dryad deposit license applies to deposited dataset files.,10.5061/dryad.z8w9ghx9f,,10.5061/dryad.z8w9ghx9f,,,,4,https://doi.org/10.5061/dryad.z8w9ghx9f,[],https://doi.org/10.5061/dryad.z8w9ghx9f,https://doi.org/10.5061/dryad.z8w9ghx9f,https://doi.org/10.5061/dryad.z8w9ghx9f,https://doi.org/10.5061/dryad.z8w9ghx9f,True,2026-08-01,checked_against_official_repository,official_route_documented,not_run,dryad_z8w9ghx9f,Inflation test on eye globe for: Experimental evaluation of stiffening effect induced by UVA/riboflavin corneal cross-linking using intact porcine eye globes,cc0,cc0
dryad_z8w9ghxpp,ApoM-bound S1P acts via endothelial S1PR1 to suppress choroidal neovascularization and vascular leak,Official Dryad deposit of source-described ocular microscopy data for the associated study.,cell_microscopy,"[""measurement""]",,"[""all""]",,,,dryad,https://doi.org/10.5061/dryad.z8w9ghxpp,CC0 1.0,"Jung Bongnam, Yagi Hitomi, Kuo Andrew, Dorweiler Tim, Aikawa Masanori, Kasai Taku, Singh Sasha, Fu Zhongjie, Smith Lois, Niaudet Colin, Hla Timothy. ApoM-bound S1P acts via endothelial S1PR1 to suppress choroidal neovascularization and vascular leak. Dryad. 2025. doi:10.5061/dryad.z8w9ghxpp","[""dryad"", ""apom"", ""bound"", ""s1p"", ""acts"", ""cell_microscopy"", ""measurement""]",4.159288366,"Scope screen: adjacent_add. Current Dryad v11 file listing: 47 files, 4159288366 bytes.",cell_microscopy,"[""cell_microscopy"", ""tabular""]",unknown,[],https://doi.org/10.5061/dryad.z8w9ghxpp,official_repository,https://doi.org/10.5061/dryad.z8w9ghxpp,self_service_authenticated,True,True,True,False,False,False,False,False,unknown,available,2026-08-01,official_metadata_and_file_listing_checked,Official Dryad API metadata and current-version file listing reviewed. Data files were not downloaded during catalog discovery.,standard_platform_supported,dryad,dryad_loader,0.4.0,False,,not_run,not_run,,,https://spdx.org/licenses/CC0-1.0.html,https://doi.org/10.5061/dryad.z8w9ghxpp,dataset_files,Official Dryad deposit license applies to deposited dataset files.,10.5061/dryad.z8w9ghxpp,,10.5061/dryad.z8w9ghxpp,10.1007/s10456-025-09975-7,,,11,https://doi.org/10.5061/dryad.z8w9ghxpp,[],https://doi.org/10.5061/dryad.z8w9ghxpp,https://doi.org/10.5061/dryad.z8w9ghxpp,https://doi.org/10.5061/dryad.z8w9ghxpp,https://doi.org/10.5061/dryad.z8w9ghxpp,True,2026-08-01,checked_against_official_repository,official_route_documented,not_run,dryad_z8w9ghxpp,ApoM-bound S1P acts via endothelial S1PR1 to suppress choroidal neovascularization and vascular leak,cc0,cc0
dryad_zebrafish_crystallin_lens,Zebrafish Crystallin Cataract Lens-Image Dataset,Lens-image data from zebrafish crystallin mutants support investigation of age-related cataract mechanisms.,cell_microscopy,"[""measurement""]",,"[""all""]",,,,dryad,https://doi.org/10.5061/dryad.f4qrfj730,CC0 1.0,"Posner, Mason, and Farnsworth, Dylan. Loss of alpha Ba-crystallin, but not alpha A-crystallin, increases age-related cataract in the zebrafish lens. Dryad. 2024. doi:10.5061/dryad.f4qrfj730","[""dryad"", ""cataract"", ""lens"", ""crystallin"", ""zebrafish"", ""imaging""]",4.451422309,Deferred-resolution scope: adjacent_add. Current Dryad v4 listing contains 2 files totaling 4451422309 bytes. No source-stated primary quantity was identified; file count is not used as num_samples.,cell_microscopy,"[""cell_microscopy""]",unknown,[],https://doi.org/10.5061/dryad.f4qrfj730,official_repository,https://doi.org/10.5061/dryad.f4qrfj730,self_service_authenticated,True,True,True,False,False,False,False,False,unknown,available,2026-08-01,official_metadata_and_file_listing_checked,Official Dryad API metadata and current-version file listing reviewed. Data files were not downloaded during catalog discovery.,standard_platform_supported,dryad,dryad_loader,0.4.0,False,,not_run,not_run,,,https://spdx.org/licenses/CC0-1.0.html,https://doi.org/10.5061/dryad.f4qrfj730,dataset_files,Official Dryad deposit license applies to deposited dataset files.,10.5061/dryad.f4qrfj730,,10.5061/dryad.f4qrfj730,10.1016/j.exer.2024.109918,,,4,https://doi.org/10.5061/dryad.f4qrfj730,[],https://doi.org/10.5061/dryad.f4qrfj730,https://doi.org/10.5061/dryad.f4qrfj730,https://doi.org/10.5061/dryad.f4qrfj730,https://doi.org/10.5061/dryad.f4qrfj730,True,2026-08-01,checked_against_official_repository,official_route_documented,not_run,dryad_zebrafish_crystallin_lens,Zebrafish Crystallin Cataract Lens-Image Dataset,cc0,cc0
dryad_zebrafish_rpe_phagocytosis,Zebrafish RPE Phagocytosis Dataset,Zebrafish retinal/RPE phagosome data are a defined retinal-degeneration mechanism resource.,cell_microscopy,"[""counting"", ""measurement""]",,"[""all""]",,,,dryad,https://doi.org/10.5061/dryad.76hdr7t64,CC0 1.0,"Partinen, Jenni, Nevala, Noora Emilia, Erämies, Sanni, Ihalainen, Teemu Olavi, and Nymark, Soile. Data from: Phagocytosed photoreceptor outer segment particles within the retinal pigment epithelium show diurnal rhythmicity and variation between cone subtypes in larval zebrafish. Dryad. 2025. doi:10.5061/dryad.76hdr7t64","[""dryad"", ""zebrafish"", ""rpe"", ""phagocytosis"", ""cell_microscopy""]",6.627585574,"Scope screen: adjacent_add. Current Dryad v3 file listing: 2 files, 6627585574 bytes.",cell_microscopy,"[""cell_microscopy""]",unknown,[],https://doi.org/10.5061/dryad.76hdr7t64,official_repository,https://doi.org/10.5061/dryad.76hdr7t64,self_service_authenticated,True,True,True,False,False,False,False,False,unknown,available,2026-08-01,official_metadata_and_file_listing_checked,Official Dryad API metadata and current-version file listing reviewed. Data files were not downloaded during catalog discovery.,standard_platform_supported,dryad,dryad_loader,0.4.0,False,,not_run,not_run,,,https://spdx.org/licenses/CC0-1.0.html,https://doi.org/10.5061/dryad.76hdr7t64,dataset_files,Official Dryad deposit license applies to deposited dataset files.,10.5061/dryad.76hdr7t64,,10.5061/dryad.76hdr7t64,10.1096/fj.202500211R,,,3,https://doi.org/10.5061/dryad.76hdr7t64,[],https://doi.org/10.5061/dryad.76hdr7t64,https://doi.org/10.5061/dryad.76hdr7t64,https://doi.org/10.5061/dryad.76hdr7t64,https://doi.org/10.5061/dryad.76hdr7t64,True,2026-08-01,checked_against_official_repository,official_route_documented,not_run,dryad_zebrafish_rpe_phagocytosis,Zebrafish RPE Phagocytosis Dataset,cc0,cc0
dryad_zebrafish_thrb_photoreceptors,Thyroid hormone receptor beta mutations alter photoreceptor development and function in Danio rerio (zebrafish),Eight genotype/stage functional workbooks provide a defined photoreceptor disease-mechanism model.,electrophysiology,"[""evaluation""]",,"[""all""]",,,,dryad,https://doi.org/10.5061/dryad.msbcc2fvr,CC0 1.0,Thyroid hormone receptor beta mutations alter photoreceptor development and function in Danio rerio (zebrafish). Dryad Dataset. doi:10.5061/dryad.msbcc2fvr.,"[""dryad"", ""electrophysiology"", ""zebrafish"", ""thrb"", ""photoreceptors""]",0.000586618,Scope: adjacent_add. Named file-level object: Eight zebrafish photoreceptor workbooks. Official Dryad API metadata and current file listing reviewed 2026-08-01.,electrophysiology,"[""electrophysiology"", ""tabular""]",unknown,[],https://doi.org/10.5061/dryad.msbcc2fvr,official_repository,https://doi.org/10.5061/dryad.msbcc2fvr,self_service_authenticated,True,True,True,False,False,False,False,False,unknown,available,2026-08-01,official_metadata_and_file_listing_checked,Official Dryad API metadata and current-version file listing reviewed. Data files were not downloaded during catalog discovery.,standard_platform_supported,dryad,dryad_loader,0.4.0,False,,not_run,not_run,,,https://spdx.org/licenses/CC0-1.0.html,https://doi.org/10.5061/dryad.msbcc2fvr,dataset_files,Review the cited source for component-specific terms.,10.5061/dryad.msbcc2fvr,,10.5061/dryad.msbcc2fvr,10.1371/journal.pgen.1008869,,,2,https://doi.org/10.5061/dryad.msbcc2fvr,[],https://doi.org/10.5061/dryad.msbcc2fvr,https://doi.org/10.5061/dryad.msbcc2fvr,https://doi.org/10.5061/dryad.msbcc2fvr,https://doi.org/10.5061/dryad.msbcc2fvr,True,2026-08-01,checked_against_official_repository,official_api_file_listing_checked,not_run,dryad_zebrafish_thrb_photoreceptors,Thyroid hormone receptor beta mutations alter photoreceptor development and function in Danio rerio (zebrafish),cc0,cc0
dryad_zkh1893nt,Glaucoma-associated optineurin mutations increase transcellular degradation of mitochondria in a vertebrate optic nerve,Official Dryad deposit of source-described ocular microscopy data for the associated study.,cell_microscopy,"[""measurement""]",,"[""all""]",,,,dryad,https://doi.org/10.5061/dryad.zkh1893nt,CC0 1.0,"Marsh-Armstrong Nicholas, Jeong Yaeram, Davis Chung-ha O., Muscarella Aaron M., Navarro Hector H., Deshpande Viraj, Moore Lucy G., Kim Keun-Young, Ellisman Mark H.. Glaucoma-associated optineurin mutations increase transcellular degradation of mitochondria in a vertebrate optic nerve. Dryad. 2025. doi:10.5061/dryad.zkh1893nt","[""dryad"", ""glaucoma"", ""associated"", ""optineurin"", ""mutations"", ""cell_microscopy"", ""measurement""]",130.554606106,"Scope screen: adjacent_add. Current Dryad v7 file listing: 32 files, 130554606106 bytes.",cell_microscopy,"[""cell_microscopy"", ""electrophysiology"", ""tabular""]",unknown,[],https://doi.org/10.5061/dryad.zkh1893nt,official_repository,https://doi.org/10.5061/dryad.zkh1893nt,self_service_authenticated,True,True,True,False,False,False,False,False,unknown,available,2026-08-01,official_metadata_and_file_listing_checked,Official Dryad API metadata and current-version file listing reviewed. Data files were not downloaded during catalog discovery.,standard_platform_supported,dryad,dryad_loader,0.4.0,False,,not_run,not_run,,,https://spdx.org/licenses/CC0-1.0.html,https://doi.org/10.5061/dryad.zkh1893nt,dataset_files,Official Dryad deposit license applies to deposited dataset files.,10.5061/dryad.zkh1893nt,,10.5061/dryad.zkh1893nt,10.7554/elife.103844,,,7,https://doi.org/10.5061/dryad.zkh1893nt,[],https://doi.org/10.5061/dryad.zkh1893nt,https://doi.org/10.5061/dryad.zkh1893nt,https://doi.org/10.5061/dryad.zkh1893nt,https://doi.org/10.5061/dryad.zkh1893nt,True,2026-08-01,checked_against_official_repository,official_route_documented,not_run,dryad_zkh1893nt,Glaucoma-associated optineurin mutations increase transcellular degradation of mitochondria in a vertebrate optic nerve,cc0,cc0
dryad_zs7h44jd9,Data for: Impact of alpha crystallin loss on zebrafish lens development,Official Dryad deposit of source-described ocular microscopy data for the associated study.,cell_microscopy,"[""measurement""]",,"[""all""]",,,,dryad,https://doi.org/10.5061/dryad.zs7h44jd9,CC0 1.0,Posner Mason. Data for: Impact of alpha crystallin loss on zebrafish lens development. Dryad. 2022. doi:10.5061/dryad.zs7h44jd9,"[""dryad"", ""impact"", ""alpha"", ""crystallin"", ""loss"", ""cell_microscopy"", ""measurement""]",1.795736344,"Scope screen: adjacent_add. Current Dryad v4 file listing: 2 files, 1795736344 bytes.",cell_microscopy,"[""cell_microscopy""]",unknown,[],https://doi.org/10.5061/dryad.zs7h44jd9,official_repository,https://doi.org/10.5061/dryad.zs7h44jd9,self_service_authenticated,True,True,True,False,False,False,False,False,unknown,available,2026-08-01,official_metadata_and_file_listing_checked,Official Dryad API metadata and current-version file listing reviewed. Data files were not downloaded during catalog discovery.,standard_platform_supported,dryad,dryad_loader,0.4.0,False,,not_run,not_run,,,https://spdx.org/licenses/CC0-1.0.html,https://doi.org/10.5061/dryad.zs7h44jd9,dataset_files,Official Dryad deposit license applies to deposited dataset files.,10.5061/dryad.zs7h44jd9,,10.5061/dryad.zs7h44jd9,10.1016/j.exer.2022.109358,,,4,https://doi.org/10.5061/dryad.zs7h44jd9,[],https://doi.org/10.5061/dryad.zs7h44jd9,https://doi.org/10.5061/dryad.zs7h44jd9,https://doi.org/10.5061/dryad.zs7h44jd9,https://doi.org/10.5061/dryad.zs7h44jd9,True,2026-08-01,checked_against_official_repository,official_route_documented,not_run,dryad_zs7h44jd9,Data for: Impact of alpha crystallin loss on zebrafish lens development,cc0,cc0
duke_amd_chiu,Duke AMD Pathology OCT Segmentation Dataset,"Twenty OCT volumes with 220 selected B-scans from eyes with non-neovascular AMD, drusen, and geographic atrophy, including manual and automated pathology markings.",oct,"[""segmentation"", ""measurement""]",20,"[""all""]",,,,manual,https://people.duke.edu/~sf59/Chiu_IOVS_2011_dataset.htm,Unknown; no named dataset license on the official page,"Chiu SJ, Izatt JA, O'Connell RV, Winter KP, Toth CA, Farsiu S. Validated automatic segmentation of AMD pathology including drusen and geographic atrophy in SD-OCT images. Invest Ophthalmol Vis Sci. 2012;53:53-61. doi:10.1167/iovs.11-7640","[""oct"", ""amd"", ""drusen"", ""geographic_atrophy"", ""segmentation"", ""duke""]",0.54,The sample count is the 20-eye main validation cohort. The archive also contains ten reproducibility volumes acquired at 0 and 90 degrees and MATLAB display scripts. The source page does not state a named reuse license.,oct,"[""oct""]",volumes,"[{""count"": 20, ""evidence_basis"": ""legacy_catalog_field"", ""evidence_url"": ""https://people.duke.edu/~sf59/Chiu_IOVS_2011_dataset.htm"", ""exactness"": ""not_assessed"", ""notes"": """", ""primary"": true, ""review_date"": ""2026-08-01"", ""scope"": ""Primary quantity reported in the reviewed catalog source"", ""unit"": ""volumes""}]",https://people.duke.edu/~sf59/Chiu_IOVS_2011_dataset.htm,documented_manual_route,https://people.duke.edu/~sf59/Chiu_IOVS_2011_dataset.htm,anonymous_direct,False,False,False,False,False,False,False,False,unknown,available,2026-07-21,acquisition_route_verified,Author-conducted source check; transfer completeness was evaluated separately.,guided_instructions_only,manual,manual_loader,0.4.0,False,,unit_or_mocked_only,not_live_tested,,,Unknown; no named dataset license on the official page,https://people.duke.edu/~sf59/Chiu_IOVS_2011_dataset.htm,unknown,Review the cited source for component-specific terms.,,,,10.1167/iovs.11-7640,,,,https://people.duke.edu/~sf59/Chiu_IOVS_2011_dataset.htm,[],https://people.duke.edu/~sf59/Chiu_IOVS_2011_dataset.htm,https://people.duke.edu/~sf59/Chiu_IOVS_2011_dataset.htm,https://people.duke.edu/~sf59/Chiu_IOVS_2011_dataset.htm,https://people.duke.edu/~sf59/Chiu_IOVS_2011_dataset.htm,True,2026-07-21,checked_against_cited_source,acquisition_route_verified,not_live_tested,duke_amd_chiu,Duke AMD Pathology OCT Segmentation Dataset,unknown,unknown
duke_chiu_boe,Duke OCT DME Dataset (Chiu BOE 2014),110 OCT B-scans from 10 DME subjects with 8 layer boundaries and fluid region annotations by 2 clinicians.,oct,"[""segmentation""]",110,"[""all""]","[""ILM"", ""NFL-GCL"", ""IPL-INL"", ""INL-OPL"", ""OPL-ONL"", ""IS-OS"", ""OS-RPE"", ""BM""]",8,"[496, 768]",direct,http://people.duke.edu/~sf59/Chiu_BOE_2014_dataset.htm,Research use (Duke University),"Chiu et al., 'Kernel regression based segmentation of optical coherence tomography images with diabetic macular edema', Biomedical Optics Express 2014. DOI: 10.1364/BOE.6.001172","[""oct"", ""segmentation"", ""dme"", ""layers"", ""fluid"", ""duke""]",0.1,,oct,"[""oct""]",images,"[{""count"": 110, ""evidence_basis"": ""legacy_catalog_field"", ""evidence_url"": ""http://people.duke.edu/~sf59/Chiu_BOE_2014_dataset.htm"", ""exactness"": ""not_assessed"", ""notes"": """", ""primary"": true, ""review_date"": ""2026-08-01"", ""scope"": ""Primary quantity reported in the reviewed catalog source"", ""unit"": ""images""}]",http://people.duke.edu/~sf59/Chiu_BOE_2014_dataset.htm,official_direct,http://people.duke.edu/~sf59/Chiu_BOE_2014_dataset.htm,anonymous_direct,False,False,False,False,False,False,False,False,unknown,available,2026-07-21,author_source_checked,Author-conducted source check; transfer completeness was evaluated separately.,loader_implemented_not_live_tested,direct,direct_loader,0.4.0,False,,unit_or_mocked_only,not_live_tested,,,Research use (Duke University),http://people.duke.edu/~sf59/Chiu_BOE_2014_dataset.htm,dataset_files,Review the cited source for component-specific terms.,,,,10.1364/boe.6.001172,,,,http://people.duke.edu/~sf59/Chiu_BOE_2014_dataset.htm,[],http://people.duke.edu/~sf59/Chiu_BOE_2014_dataset.htm,http://people.duke.edu/~sf59/Chiu_BOE_2014_dataset.htm,http://people.duke.edu/~sf59/Chiu_BOE_2014_dataset.htm,http://people.duke.edu/~sf59/Chiu_BOE_2014_dataset.htm,True,2026-07-21,checked_against_cited_source,author_source_checked,not_live_tested,duke_chiu_boe,Duke OCT DME Dataset (Chiu BOE 2014),research-only,research-only
duke_rpedc,Duke RPE-Drusen Complex OCT Dataset,"OCT data from 384 subjects, including 269 with AMD and 115 normal subjects, with 38,400 B-scans and derived total retina and RPE-drusen complex thickness measurements.",oct,"[""segmentation"", ""classification"", ""measurement""]",384,"[""all""]","[""normal"", ""amd""]",2,,manual,https://people.duke.edu/~sf59/RPEDC_Ophth_2013_dataset.htm,Research only: research and educational use; commercialization and redistribution prohibited,"Farsiu S, Chiu SJ, O'Connell RV, et al. Quantitative classification of eyes with and without intermediate age-related macular degeneration using optical coherence tomography. Ophthalmology. 2014;121:162-172. doi:10.1016/j.ophtha.2013.07.013","[""oct"", ""segmentation"", ""classification"", ""amd"", ""drusen"", ""duke""]",20.0,"The source describes more than 20 GB of subject data, segmentation boundaries, and thickness maps.",oct,"[""oct""]",participants,"[{""count"": 384, ""evidence_basis"": ""legacy_catalog_field"", ""evidence_url"": ""https://people.duke.edu/~sf59/RPEDC_Ophth_2013_dataset.htm"", ""exactness"": ""not_assessed"", ""notes"": """", ""primary"": true, ""review_date"": ""2026-08-01"", ""scope"": ""Primary quantity reported in the reviewed catalog source"", ""unit"": ""participants""}, {""count"": 38400, ""evidence_basis"": ""official_source_description"", ""evidence_url"": ""https://people.duke.edu/~sf59/Srinivasan_BOE_2014_dataset.htm"", ""exactness"": ""exact"", ""notes"": """", ""primary"": false, ""review_date"": ""2026-08-01"", ""scope"": ""B-scans derived from 384 participants"", ""unit"": ""b_scans""}]",https://people.duke.edu/~sf59/RPEDC_Ophth_2013_dataset.htm,documented_manual_route,https://people.duke.edu/~sf59/RPEDC_Ophth_2013_dataset.htm,anonymous_direct,False,False,False,False,False,False,False,False,unknown,available,2026-07-21,acquisition_route_verified,Author-conducted source check; transfer completeness was evaluated separately.,guided_instructions_only,manual,manual_loader,0.4.0,False,,unit_or_mocked_only,not_live_tested,,,Research only: research and educational use; commercialization and redistribution prohibited,https://people.duke.edu/~sf59/RPEDC_Ophth_2013_dataset.htm,dataset_files,Review the cited source for component-specific terms.,,,,10.1016/j.ophtha.2013.07.013,,,,https://people.duke.edu/~sf59/RPEDC_Ophth_2013_dataset.htm,[],https://people.duke.edu/~sf59/RPEDC_Ophth_2013_dataset.htm,https://people.duke.edu/~sf59/RPEDC_Ophth_2013_dataset.htm,https://people.duke.edu/~sf59/RPEDC_Ophth_2013_dataset.htm,https://people.duke.edu/~sf59/RPEDC_Ophth_2013_dataset.htm,True,2026-07-21,checked_against_cited_source,acquisition_route_verified,not_live_tested,duke_rpedc,Duke RPE-Drusen Complex OCT Dataset,research-only,research-only
e_ophtha,E-ophtha (EX + MA): Exudate and Microaneurysm Segmentation,463 color fundus images with pixel-level segmentation: 82 with exudate (EX) + 381 with microaneurysm (MA) annotations. Standard DR lesion-segmentation benchmark.,fundus,"[""segmentation""]",463,"[""all""]",,2,,kaggle,https://www.kaggle.com/datasets/samriddhibagchi/e-ophtha-diabetic-retinopathy-datasets-ex-ma,Research only (TeleOphta project; Kaggle mirror),"Decencière et al., 'TeleOphta: Machine Learning and Image Processing Methods for Teleophthalmology', IRBM 2013.","[""fundus"", ""dr"", ""exudate"", ""microaneurysm"", ""segmentation""]",1.0,Official source (ADCIS) requires a request form. EyeDataHub uses the Kaggle community mirror. Verify license terms with the original ADCIS distribution before commercial use.,fundus,"[""fundus""]",images,"[{""count"": 463, ""evidence_basis"": ""legacy_catalog_field"", ""evidence_url"": ""https://www.kaggle.com/datasets/samriddhibagchi/e-ophtha-diabetic-retinopathy-datasets-ex-ma"", ""exactness"": ""not_assessed"", ""notes"": """", ""primary"": true, ""review_date"": ""2026-08-01"", ""scope"": ""Primary quantity reported in the reviewed catalog source"", ""unit"": ""images""}]",https://www.kaggle.com/datasets/samriddhibagchi/e-ophtha-diabetic-retinopathy-datasets-ex-ma,data_platform,https://www.kaggle.com/datasets/samriddhibagchi/e-ophtha-diabetic-retinopathy-datasets-ex-ma,controlled_or_manual,False,False,True,False,True,False,,,unknown,available,2026-07-21,author_source_checked,Author-conducted source check; transfer completeness was evaluated separately.,manual_access_blocked,kaggle,kaggle_loader,0.4.0,False,,unit_or_mocked_only,not_live_tested,,,Research only (TeleOphta project; Kaggle mirror),https://www.kaggle.com/datasets/samriddhibagchi/e-ophtha-diabetic-retinopathy-datasets-ex-ma,dataset_files,Review the cited source for component-specific terms.,,,samriddhibagchi/e-ophtha-diabetic-retinopathy-datasets-ex-ma,,,,,https://www.kaggle.com/datasets/samriddhibagchi/e-ophtha-diabetic-retinopathy-datasets-ex-ma,[],https://www.kaggle.com/datasets/samriddhibagchi/e-ophtha-diabetic-retinopathy-datasets-ex-ma,https://www.kaggle.com/datasets/samriddhibagchi/e-ophtha-diabetic-retinopathy-datasets-ex-ma,https://www.kaggle.com/datasets/samriddhibagchi/e-ophtha-diabetic-retinopathy-datasets-ex-ma,https://www.kaggle.com/datasets/samriddhibagchi/e-ophtha-diabetic-retinopathy-datasets-ex-ma,True,2026-07-21,checked_against_cited_source,author_source_checked,not_live_tested,e_ophtha,E-ophtha (EX + MA): Exudate and Microaneurysm Segmentation,research-only,research-only
eed_astig,EED-Astig Pediatric External-Eye Dataset,"Pediatric external-eye photographs with gaze-view annotations, corneal masks, eyelid/eyelash-line keypoints, and clinical tabular parameters for astigmatism-related research.",external_eye,"[""segmentation"", ""landmark_detection"", ""regression""]",3088,"[""all""]",,,,manual,https://doi.org/10.5281/zenodo.18976824,Data Use Agreement; non-commercial research only,"Liu H, Lv Y, Li S, Liu R, Hou X, Chen F, Liu Y, You J, Wang H, Liu S. EED-Astig. Zenodo, 2026. doi:10.5281/zenodo.18976824","[""zenodo"", ""external_eye"", ""pediatric"", ""astigmatism"", ""corneal_mask"", ""landmark_detection"", ""dua""]",0.42,"Zenodo record describes 640 children aged 3-6 years with 3,088 external-eye image files, JSON annotations, masks/keypoints, and Parameter.xls. Access requires explicit agreement to a data-use agreement and is non-commercial research only.",external_eye,"[""external_eye"", ""tabular""]",images,"[{""count"": 3088, ""evidence_basis"": ""legacy_catalog_field"", ""evidence_url"": ""https://doi.org/10.5281/zenodo.18976824"", ""exactness"": ""not_assessed"", ""notes"": """", ""primary"": true, ""review_date"": ""2026-08-01"", ""scope"": ""Primary quantity reported in the reviewed catalog source"", ""unit"": ""images""}]",https://doi.org/10.5281/zenodo.18976824,documented_manual_route,https://doi.org/10.5281/zenodo.18976824,controlled_or_manual,False,False,,False,True,True,,,unknown,available,2026-07-21,author_source_checked,Author-conducted source check; transfer completeness was evaluated separately.,manual_access_blocked,manual,manual_loader,0.4.0,False,,unit_or_mocked_only,not_live_tested,,,Data Use Agreement; non-commercial research only,https://doi.org/10.5281/zenodo.18976824,dataset_files,Review the cited source for component-specific terms.,,,,10.5281/zenodo.18976824,,,,https://doi.org/10.5281/zenodo.18976824,[],https://doi.org/10.5281/zenodo.18976824,https://doi.org/10.5281/zenodo.18976824,https://doi.org/10.5281/zenodo.18976824,https://doi.org/10.5281/zenodo.18976824,True,2026-07-21,checked_against_cited_source,author_source_checked,not_live_tested,eed_astig,EED-Astig Pediatric External-Eye Dataset,research-only,research-only
erdes,ERDES: Ocular Ultrasound Video Benchmark (Retinal Detachment + Macula),"5,381 B-scan ocular ultrasound video clips with retinal-detachment presence and macula-on/off status labels. Total runtime approximately 5 hours 10 minutes. Only public ocular ultrasound video benchmark.",multimodal,"[""classification""]",5381,"[""train"", ""val"", ""test""]","[""no_rd"", ""rd_macula_on"", ""rd_macula_off""]",3,,manual,https://arxiv.org/abs/2503.04525,Unknown — needs check (open-access project site),"Ozkut Y, Navard P, Adhikari S, et al., 'ERDES: A benchmark video dataset for retinal detachment and macular status classification in ocular ultrasound', arXiv 2503.04525, 2025.","[""ultrasound"", ""video"", ""retinal_detachment"", ""emergency"", ""new_modality""]",5.0,Adds ocular ultrasound video — modality EyeDataHub otherwise lacks. Project page at github/arxiv referenced. Access verified via project site.,multimodal,"[""ocular_ultrasound""]",video_clips,"[{""count"": 5381, ""evidence_basis"": ""associated_publication"", ""evidence_url"": ""https://arxiv.org/abs/2503.04525"", ""exactness"": ""exact"", ""notes"": """", ""primary"": true, ""review_date"": ""2026-08-01"", ""scope"": ""Ocular-ultrasound B-scan clips"", ""unit"": ""video_clips""}]",https://arxiv.org/abs/2503.04525,documented_manual_route,https://arxiv.org/abs/2503.04525,anonymous_direct,False,False,False,False,False,False,False,False,unknown,available,2026-07-21,author_source_checked,Author-conducted source check; transfer completeness was evaluated separately.,guided_instructions_only,manual,manual_loader,0.4.0,False,,unit_or_mocked_only,not_live_tested,,,Unknown — needs check (open-access project site),https://arxiv.org/abs/2503.04525,unknown,Review the cited source for component-specific terms.,,,,,,,,https://arxiv.org/abs/2503.04525,[],https://arxiv.org/abs/2503.04525,https://arxiv.org/abs/2503.04525,https://arxiv.org/abs/2503.04525,https://arxiv.org/abs/2503.04525,True,2026-07-21,checked_against_cited_source,author_source_checked,not_live_tested,erdes,ERDES: Ocular Ultrasound Video Benchmark (Retinal Detachment + Macula),unknown,unknown
eth_xgaze,ETH-XGaze Extreme-Pose Gaze Estimation Dataset,"High-resolution multi-camera face images with calibrated gaze targets, extreme head poses, and varied illumination.",eye_tracking,"[""gaze_estimation"", ""regression""]",1083492,"[""all""]",,,,manual,https://ait.ethz.ch/xgaze,CC BY-NC-SA 4.0 with additional dataset conditions,"Zhang X, Park S, Beeler T, Bradley D, Tang S, Hilliges O. ETH-XGaze: A Large Scale Dataset for Gaze Estimation under Extreme Head Pose and Gaze Variation. ECCV. 2020.","[""eye_tracking"", ""gaze"", ""3d_gaze"", ""multi_camera"", ""head_pose"", ""controlled_access""]",130.0,"Contains 1,083,492 images from 110 participants. The official page offers approximately 130 GB 224-pixel face patches, 497 GB 448-pixel patches, or about 7 TB of raw images on request. The linked completed license adds conditions to CC BY-NC-SA 4.0.",eye_tracking,"[""eye_tracking""]",images,"[{""count"": 1083492, ""evidence_basis"": ""legacy_catalog_field"", ""evidence_url"": ""https://ait.ethz.ch/xgaze"", ""exactness"": ""not_assessed"", ""notes"": """", ""primary"": true, ""review_date"": ""2026-08-01"", ""scope"": ""Primary quantity reported in the reviewed catalog source"", ""unit"": ""images""}]",https://ait.ethz.ch/xgaze,documented_manual_route,https://ait.ethz.ch/xgaze,controlled_or_manual,True,True,False,True,True,True,False,False,institutional_email_required,available,2026-07-21,acquisition_route_verified,Author-conducted source check; transfer completeness was evaluated separately.,manual_access_blocked,manual,manual_loader,0.4.0,False,,unit_or_mocked_only,not_live_tested,,,CC BY-NC-SA 4.0 with additional dataset conditions,https://ait.ethz.ch/xgaze,dataset_files,Review the cited source for component-specific terms.,,,,,,,,https://ait.ethz.ch/xgaze,[],https://ait.ethz.ch/xgaze,https://ait.ethz.ch/xgaze,https://ait.ethz.ch/xgaze,https://ait.ethz.ch/xgaze,True,2026-07-21,checked_against_cited_source,acquisition_route_verified,not_live_tested,eth_xgaze,ETH-XGaze Extreme-Pose Gaze Estimation Dataset,cc-by-nc-sa,cc-by-nc-sa
external_eye_blepharitis,External Eye Photographs for Screening Referable Blepharitis,External eye photographs curated from publicly available web sources for binary classification of referable blepharitis versus normal.,external_eye,"[""classification""]",,"[""all""]",,,,mendeley,https://data.mendeley.com/datasets/bp37vw4z8d/1,CC BY 4.0,"Yoo T. External Eye Photographs for Screening Referable Blepharitis. Mendeley Data, V1, 2025. doi:10.17632/bp37vw4z8d.1","[""mendeley"", ""external_eye"", ""eyelid"", ""blepharitis"", ""classification""]",,Web-sourced external photographs; verify source provenance before clinical validation or redistribution.,external_eye,"[""external_eye""]",images,[],https://data.mendeley.com/datasets/bp37vw4z8d/1,official_repository,https://data.mendeley.com/datasets/bp37vw4z8d/1,anonymous_direct,False,False,False,False,False,False,False,False,unknown,available,2026-07-21,author_source_checked,Author-conducted source check; transfer completeness was evaluated separately.,standard_platform_supported,mendeley,mendeley_loader,0.4.0,False,,unit_or_mocked_only,not_live_tested,,,CC BY 4.0,https://data.mendeley.com/datasets/bp37vw4z8d/1,dataset_files,Review the cited source for component-specific terms.,10.17632/bp37vw4z8d.1,,bp37vw4z8d/1,,,,,https://doi.org/10.17632/bp37vw4z8d.1,[],https://data.mendeley.com/datasets/bp37vw4z8d/1,https://data.mendeley.com/datasets/bp37vw4z8d/1,https://data.mendeley.com/datasets/bp37vw4z8d/1,https://data.mendeley.com/datasets/bp37vw4z8d/1,True,2026-07-21,checked_against_cited_source,author_source_checked,not_live_tested,external_eye_blepharitis,External Eye Photographs for Screening Referable Blepharitis,cc-by,cc-by
eye_conjunctiva_segmentation,Eye Conjunctiva Segmentation Dataset,Five hundred forty-seven smartphone eye photographs with conjunctiva masks annotated independently by two annotators.,external_eye,"[""segmentation""]",547,"[""all""]",,,,mendeley,https://data.mendeley.com/datasets/yxwjgcndg2/1,CC BY 4.0,"Rahman MM, Faruk O, Ullah SSA, Alam MJ, Sadman SMS. Eye Conjunctiva Segmentation Dataset. Mendeley Data, V1, 2023. doi:10.17632/yxwjgcndg2.1","[""mendeley"", ""external_eye"", ""conjunctiva"", ""segmentation"", ""smartphone""]",,,external_eye,"[""external_eye""]",images,"[{""count"": 547, ""evidence_basis"": ""legacy_catalog_field"", ""evidence_url"": ""https://data.mendeley.com/datasets/yxwjgcndg2/1"", ""exactness"": ""not_assessed"", ""notes"": """", ""primary"": true, ""review_date"": ""2026-08-01"", ""scope"": ""Primary quantity reported in the reviewed catalog source"", ""unit"": ""images""}]",https://data.mendeley.com/datasets/yxwjgcndg2/1,official_repository,https://data.mendeley.com/datasets/yxwjgcndg2/1,anonymous_direct,False,False,False,False,False,False,False,False,unknown,available,2026-07-21,author_source_checked,Author-conducted source check; transfer completeness was evaluated separately.,standard_platform_supported,mendeley,mendeley_loader,0.4.0,False,,unit_or_mocked_only,not_live_tested,,,CC BY 4.0,https://data.mendeley.com/datasets/yxwjgcndg2/1,dataset_files,Review the cited source for component-specific terms.,10.17632/yxwjgcndg2.1,,yxwjgcndg2/1,,,,,https://doi.org/10.17632/yxwjgcndg2.1,[],https://data.mendeley.com/datasets/yxwjgcndg2/1,https://data.mendeley.com/datasets/yxwjgcndg2/1,https://data.mendeley.com/datasets/yxwjgcndg2/1,https://data.mendeley.com/datasets/yxwjgcndg2/1,True,2026-07-21,checked_against_cited_source,author_source_checked,not_live_tested,eye_conjunctiva_segmentation,Eye Conjunctiva Segmentation Dataset,cc-by,cc-by
eye_disease_image_mendeley,Eye Disease Image Dataset,"Original and augmented eye-disease image dataset covering retinitis pigmentosa, retinal detachment, pterygium, myopia, macular scar, glaucoma, disc edema, diabetic retinopathy, central serous chorioretinopathy, and healthy classes.",fundus,"[""classification""]",5335,"[""all""]",,,,mendeley,https://data.mendeley.com/datasets/s9bfhswzjb/1,CC BY 4.0,"Eye Disease Image Dataset. Mendeley Data, V1, 2024. doi:10.17632/s9bfhswzjb.1","[""mendeley"", ""fundus"", ""multi_disease"", ""augmented""]",1.5,Includes augmented images; use original subset for clinical validation.,fundus,"[""fundus""]",images,"[{""count"": 5335, ""evidence_basis"": ""official_source_description"", ""evidence_url"": ""https://data.mendeley.com/datasets/s9bfhswzjb/1"", ""exactness"": ""exact"", ""notes"": """", ""primary"": true, ""review_date"": ""2026-08-01"", ""scope"": ""Original and augmented image collection"", ""unit"": ""images""}]",https://data.mendeley.com/datasets/s9bfhswzjb/1,official_repository,https://data.mendeley.com/datasets/s9bfhswzjb/1,anonymous_direct,False,False,False,False,False,False,False,False,unknown,available,2026-07-21,author_source_checked,Author-conducted source check; transfer completeness was evaluated separately.,standard_platform_supported,mendeley,mendeley_loader,0.4.0,False,,unit_or_mocked_only,not_live_tested,,,CC BY 4.0,https://data.mendeley.com/datasets/s9bfhswzjb/1,dataset_files,Review the cited source for component-specific terms.,10.17632/s9bfhswzjb.1,,s9bfhswzjb/1,,,,,https://doi.org/10.17632/s9bfhswzjb.1,[],https://data.mendeley.com/datasets/s9bfhswzjb/1,https://data.mendeley.com/datasets/s9bfhswzjb/1,https://data.mendeley.com/datasets/s9bfhswzjb/1,https://data.mendeley.com/datasets/s9bfhswzjb/1,True,2026-07-21,checked_against_cited_source,author_source_checked,not_live_tested,eye_disease_image_mendeley,Eye Disease Image Dataset,cc-by,cc-by
eyecare_100k,Eyecare-100K: Multimodal Ophthalmology VQA Corpus,"~102K VQA pairs derived from 58,485 images across 8 ophthalmic modalities (fluorescein angiography, ICGA, OCT, CFP, ultrasound biomicroscopy, slit-lamp, fundus auto-fluorescence, CT) covering 100+ diseases.",multimodal,"[""classification""]",102000,"[""train"", ""val"", ""test""]",,,,huggingface,https://github.com/DCDmllm/EyecareGPT,Mixed (inherits source-dataset licenses) — needs per-row check,EyecareGPT: arXiv 2504.13650; ACM MM 2025. github.com/DCDmllm/EyecareGPT,"[""vqa"", ""vlm"", ""multimodal"", ""fa"", ""icga"", ""ubm"", ""slit_lamp"", ""fundus""]",30.0,Status: PENDING RELEASE. Largest open ophthalmology VQA corpus when published. EyecareGPT models are out (LLSuzy/* on HF) but the VQA dataset itself is not yet public as of 2026-06.,multimodal,"[""fundus"", ""fundus_angiography"", ""fundus_autofluorescence"", ""oct"", ""ocular_ultrasound"", ""external_eye"", ""ct"", ""text""]",question_answer_pairs,"[{""count"": 102000, ""evidence_basis"": ""official_source_description"", ""evidence_url"": ""https://github.com/DCDmllm/EyecareGPT"", ""exactness"": ""approximate"", ""notes"": ""The dataset was described as pending release at the catalog cutoff."", ""primary"": true, ""review_date"": ""2026-08-01"", ""scope"": ""Source-described VQA corpus"", ""unit"": ""question_answer_pairs""}, {""count"": 58485, ""evidence_basis"": ""official_source_description"", ""evidence_url"": ""https://github.com/DCDmllm/EyecareGPT"", ""exactness"": ""approximate"", ""notes"": """", ""primary"": false, ""review_date"": ""2026-08-01"", ""scope"": ""Source images represented by the VQA corpus"", ""unit"": ""images""}]",https://github.com/DCDmllm/EyecareGPT,data_platform,https://github.com/DCDmllm/EyecareGPT,anonymous_direct,False,False,False,False,False,False,False,False,unknown,available,2026-07-21,author_source_checked,Author-conducted source check; transfer completeness was evaluated separately.,standard_platform_supported,huggingface,huggingface_loader,0.4.0,False,,unit_or_mocked_only,not_live_tested,,,Mixed (inherits source-dataset licenses) — needs per-row check,https://github.com/DCDmllm/EyecareGPT,mixed_components,Review the cited source for component-specific terms.,,,DCDmllm/EyecareGPT,,,,,https://github.com/DCDmllm/EyecareGPT,[],https://github.com/DCDmllm/EyecareGPT,https://github.com/DCDmllm/EyecareGPT,https://github.com/DCDmllm/EyecareGPT,https://github.com/DCDmllm/EyecareGPT,True,2026-07-21,checked_against_cited_source,author_source_checked,not_live_tested,eyecare_100k,Eyecare-100K: Multimodal Ophthalmology VQA Corpus,unknown,unknown
eyecatcher_visual_field,Eyecatcher Tablet-Based Visual Field Home-Monitoring Data,"Visual-field data from glaucoma home monitoring: mean deviation, duration, and pointwise differential light sensitivity values across HFA and Eyecatcher tests.",visual_field,"[""regression"", ""classification""]",440,"[""all""]",,,,mendeley,https://data.mendeley.com/datasets/swsfj47cxw/2,CC BY 4.0,"Jones P. Data for glaucoma home-monitoring using a tablet-based visual field test (Eyecatcher). Mendeley Data, V2, 2021. doi:10.17632/swsfj47cxw.2","[""mendeley"", ""visual_field"", ""glaucoma"", ""perimetry"", ""home_monitoring""]",0.01,,visual_field,"[""visual_field""]",visual_field_tests,"[{""count"": 440, ""evidence_basis"": ""official_source_description"", ""evidence_url"": ""https://data.mendeley.com/datasets/swsfj47cxw/2"", ""exactness"": ""exact"", ""notes"": """", ""primary"": true, ""review_date"": ""2026-08-01"", ""scope"": ""Twenty participants by two eyes by eleven scheduled tests"", ""unit"": ""visual_field_tests""}, {""count"": 20, ""evidence_basis"": ""official_source_description"", ""evidence_url"": ""https://data.mendeley.com/datasets/swsfj47cxw/2"", ""exactness"": ""exact"", ""notes"": """", ""primary"": false, ""review_date"": ""2026-08-01"", ""scope"": ""Home-monitoring cohort"", ""unit"": ""participants""}]",https://data.mendeley.com/datasets/swsfj47cxw/2,official_repository,https://data.mendeley.com/datasets/swsfj47cxw/2,anonymous_direct,False,False,False,False,False,False,False,False,unknown,available,2026-07-21,author_source_checked,Author-conducted source check; transfer completeness was evaluated separately.,standard_platform_supported,mendeley,mendeley_loader,0.4.0,False,,unit_or_mocked_only,not_live_tested,,,CC BY 4.0,https://data.mendeley.com/datasets/swsfj47cxw/2,dataset_files,Review the cited source for component-specific terms.,10.17632/swsfj47cxw.2,,swsfj47cxw/2,,,,,https://doi.org/10.17632/swsfj47cxw.2,[],https://data.mendeley.com/datasets/swsfj47cxw/2,https://data.mendeley.com/datasets/swsfj47cxw/2,https://data.mendeley.com/datasets/swsfj47cxw/2,https://data.mendeley.com/datasets/swsfj47cxw/2,True,2026-07-21,checked_against_cited_source,author_source_checked,not_live_tested,eyecatcher_visual_field,Eyecatcher Tablet-Based Visual Field Home-Monitoring Data,cc-by,cc-by
eyepacs,EyePACS — Diabetic Retinopathy Detection (Kaggle 2015),"~88,000 fundus images graded 0–4 for DR severity. Largest public DR dataset; competition images from EyePACS clinics.",fundus,"[""grading"", ""classification""]",88702,"[""train"", ""test""]","[""No DR"", ""Mild"", ""Moderate"", ""Severe"", ""Proliferative DR""]",5,,kaggle,https://www.kaggle.com/c/diabetic-retinopathy-detection,Kaggle competition rules (non-commercial research),"EyePACS / California Healthcare Foundation. 'Diabetic Retinopathy Detection', Kaggle Competition, 2015.","[""diabetic_retinopathy"", ""grading"", ""fundus"", ""large_scale"", ""kaggle""]",89.0,Very large (~89 GB). Kaggle competition account and acceptance of rules required.,fundus,"[""fundus""]",images,"[{""count"": 88702, ""evidence_basis"": ""legacy_catalog_field"", ""evidence_url"": ""https://www.kaggle.com/c/diabetic-retinopathy-detection"", ""exactness"": ""not_assessed"", ""notes"": """", ""primary"": true, ""review_date"": ""2026-08-01"", ""scope"": ""Primary quantity reported in the reviewed catalog source"", ""unit"": ""images""}]",https://www.kaggle.com/c/diabetic-retinopathy-detection,data_platform,https://www.kaggle.com/c/diabetic-retinopathy-detection,self_service_clickthrough,True,True,True,True,False,False,False,False,unknown,available,2026-07-21,author_source_checked,Author-conducted source check; transfer completeness was evaluated separately.,standard_platform_supported,kaggle,kaggle_loader,0.4.0,False,,unit_or_mocked_only,not_live_tested,,,Kaggle competition rules (non-commercial research),https://www.kaggle.com/c/diabetic-retinopathy-detection,challenge_participation,Review the cited source for component-specific terms.,,,c/diabetic-retinopathy-detection,,,,,https://www.kaggle.com/c/diabetic-retinopathy-detection,[],https://www.kaggle.com/c/diabetic-retinopathy-detection,https://www.kaggle.com/c/diabetic-retinopathy-detection,https://www.kaggle.com/c/diabetic-retinopathy-detection,https://www.kaggle.com/c/diabetic-retinopathy-detection,True,2026-07-21,checked_against_cited_source,author_source_checked,not_live_tested,eyepacs,EyePACS — Diabetic Retinopathy Detection (Kaggle 2015),research-only,research-only
eyeq,EyeQ Retinal Image Quality Assessment Dataset,"Quality labels for 28,792 EyePACS fundus images, graded as good, usable, or reject and divided into the original EyePACS train and test partitions.",fundus,"[""quality"", ""grading""]",28792,"[""train"", ""test""]","[""good"", ""usable"", ""reject""]",3,,github,https://github.com/HzFu/EyeQ,Unknown for released quality labels; code is CC BY-NC-SA 4.0,"Fu H, Wang B, Shen J, et al. Evaluation of retinal image quality assessment networks in different color-spaces. MICCAI. 2019. doi:10.1007/978-3-030-32239-7_6","[""fundus"", ""image_quality"", ""grading"", ""eyepacs"", ""derivative""]",,EyeQ is a distinct annotation layer over EyePACS. The repository license covers the code but does not clearly license the quality labels. It does not provide the source images. Users must obtain EyePACS separately and comply with its terms.,fundus,"[""fundus""]",images,"[{""count"": 28792, ""evidence_basis"": ""legacy_catalog_field"", ""evidence_url"": ""https://github.com/HzFu/EyeQ"", ""exactness"": ""not_assessed"", ""notes"": """", ""primary"": true, ""review_date"": ""2026-08-01"", ""scope"": ""Primary quantity reported in the reviewed catalog source"", ""unit"": ""images""}]",https://github.com/HzFu/EyeQ,source_repository,https://github.com/HzFu/EyeQ,anonymous_direct,False,False,False,False,False,False,False,False,unknown,available,2026-07-21,author_source_checked,Author-conducted source check; transfer completeness was evaluated separately.,end_to_end_tested,github,github_loader,0.4.0,True,2026-07-31,complete_current_deposit_downloaded,complete_current_deposit_downloaded,python hub/audit/verify_download_and_load.py run,,Unknown for released quality labels; code is CC BY-NC-SA 4.0,https://github.com/HzFu/EyeQ,dataset_files,Review the cited source for component-specific terms.,,,,10.1007/978-3-030-32239-7_6,,,,https://github.com/HzFu/EyeQ,"[{""target"": ""eyepacs"", ""type"": ""derived_from""}]",https://github.com/HzFu/EyeQ,https://github.com/HzFu/EyeQ,https://github.com/HzFu/EyeQ,https://github.com/HzFu/EyeQ,True,2026-07-21,checked_against_cited_source,author_source_checked,complete_current_deposit_downloaded,eyeq,EyeQ Retinal Image Quality Assessment Dataset,unknown,unknown
fairvlmed,FairVLMed: Fair Vision-Language Medical Ophthalmic Dataset,"10,000 scanning-laser ophthalmoscopy fundus images paired with de-identified clinical notes, visual-field measurements, glaucoma labels, and demographic attributes.",multimodal,"[""classification"", ""report_generation"", ""fairness_analysis""]",10000,"[""train"", ""val"", ""test""]",,,,huggingface,https://huggingface.co/datasets/harvardairobotics/FairVLMed,CC BY-NC-ND 4.0,"Harvard AI Robotics, FairVLMed: Fair vision-language medical ophthalmic dataset. HuggingFace, 2024.","[""multimodal"", ""fundus"", ""slo"", ""visual_field"", ""tabular"", ""vlm"", ""fairness"", ""harvard"", ""clinical_text"", ""glaucoma""]",10.0,"The official dataset card reports 10,000 patients and 10,000 samples (7,000 train, 1,000 validation, 2,000 test). No source statement supporting cohort identity with the separate Harvard-FairVision record was found, so no catalog relationship is asserted.",multimodal,"[""fundus"", ""visual_field"", ""text"", ""tabular""]",images,"[{""count"": 10000, ""evidence_basis"": ""legacy_catalog_field"", ""evidence_url"": ""https://huggingface.co/datasets/harvardairobotics/FairVLMed"", ""exactness"": ""not_assessed"", ""notes"": """", ""primary"": true, ""review_date"": ""2026-08-01"", ""scope"": ""Primary quantity reported in the reviewed catalog source"", ""unit"": ""images""}]",https://huggingface.co/datasets/harvardairobotics/FairVLMed,data_platform,https://huggingface.co/datasets/harvardairobotics/FairVLMed,anonymous_direct,False,False,False,False,False,False,False,False,unknown,available,2026-07-21,author_source_checked,Author-conducted source check; transfer completeness was evaluated separately.,standard_platform_supported,huggingface,huggingface_loader,0.4.0,False,,unit_or_mocked_only,not_live_tested,,,CC BY-NC-ND 4.0,https://huggingface.co/datasets/harvardairobotics/FairVLMed,dataset_files,Review the cited source for component-specific terms.,,,harvardairobotics/FairVLMed,,,,,https://huggingface.co/datasets/harvardairobotics/FairVLMed,[],https://huggingface.co/datasets/harvardairobotics/FairVLMed,https://huggingface.co/datasets/harvardairobotics/FairVLMed,https://huggingface.co/datasets/harvardairobotics/FairVLMed,https://huggingface.co/datasets/harvardairobotics/FairVLMed,True,2026-07-21,checked_against_cited_source,author_source_checked,not_live_tested,fairvlmed,FairVLMed: Fair Vision-Language Medical Ophthalmic Dataset,cc-by-nc-nd,cc-by-nc-nd
fang_sbsdi_oct,Duke Fang SBSDI Retinal OCT Dataset,"Paired low signal and high signal retinal OCT data used to study sparse acquisition, denoising, interpolation, and reconstruction in normal and non-neovascular AMD eyes.",oct,"[""reconstruction"", ""denoising""]",41,"[""all""]",,,,manual,https://people.duke.edu/~sf59/Fang_TMI_2013.htm,Research only: academic research use,"Fang L, Li S, McNabb RP, et al. Fast acquisition and reconstruction of optical coherence tomography images via sparse representation. IEEE Trans Med Imaging. 2013;32:2034-2049. doi:10.1109/TMI.2013.2271904","[""oct"", ""amd"", ""reconstruction"", ""denoising"", ""duke""]",0.45,"The count records the 41 human participants described in the paper, not the number of files. The archive is organized by experiment rather than an official train and test split and also includes software and mouse imaging data.",oct,"[""oct""]",participants,"[{""count"": 41, ""evidence_basis"": ""associated_publication"", ""evidence_url"": ""https://doi.org/10.1109/TMI.2013.2271904"", ""exactness"": ""exact"", ""notes"": ""The archive also contains software and mouse imaging data; a file-level image count is not asserted."", ""primary"": true, ""review_date"": ""2026-08-01"", ""scope"": ""Human participants described by the associated paper"", ""unit"": ""participants""}]",https://people.duke.edu/~sf59/Fang_TMI_2013.htm,documented_manual_route,https://people.duke.edu/~sf59/Fang_TMI_2013.htm,anonymous_direct,False,False,False,False,False,False,False,False,unknown,available,2026-07-21,acquisition_route_verified,Author-conducted source check; transfer completeness was evaluated separately.,guided_instructions_only,manual,manual_loader,0.4.0,False,,unit_or_mocked_only,not_live_tested,,,Research only: academic research use,https://people.duke.edu/~sf59/Fang_TMI_2013.htm,dataset_files,Review the cited source for component-specific terms.,,,,10.1109/tmi.2013.2271904,,,,https://people.duke.edu/~sf59/Fang_TMI_2013.htm,[],https://doi.org/10.1109/TMI.2013.2271904,https://people.duke.edu/~sf59/Fang_TMI_2013.htm,https://people.duke.edu/~sf59/Fang_TMI_2013.htm,https://people.duke.edu/~sf59/Fang_TMI_2013.htm,True,2026-07-21,checked_against_cited_source,acquisition_route_verified,not_live_tested,fang_sbsdi_oct,Duke Fang SBSDI Retinal OCT Dataset,research-only,research-only
farfum_rop,FARFUM-ROP: Fundus Annotation Repository for Retinopathy of Prematurity,Wide-field fundus images from premature infants for ROP staging (Stages 1–5 + Plus Disease). Expert-annotated for AI-assisted ROP diagnosis and screening.,fundus,"[""classification""]",1533,"[""train"", ""test""]","[""Normal"", ""Pre-Plus"", ""Plus""]",3,,figshare,https://doi.org/10.6084/m9.figshare.c.6721269,CC BY 4.0,"Riazi-Esfahani H et al., 'FARFUM-RoP: A dataset for machine learning-based plus disease diagnosis in retinopathy of prematurity', Scientific Data 2024. https://doi.org/10.6084/m9.figshare.c.6721269","[""rop"", ""fundus"", ""figshare"", ""classification"", ""pediatric""]",1.0,,fundus,"[""fundus""]",images,"[{""count"": 1533, ""evidence_basis"": ""legacy_catalog_field"", ""evidence_url"": ""https://doi.org/10.6084/m9.figshare.c.6721269"", ""exactness"": ""not_assessed"", ""notes"": """", ""primary"": true, ""review_date"": ""2026-08-01"", ""scope"": ""Primary quantity reported in the reviewed catalog source"", ""unit"": ""images""}]",https://doi.org/10.6084/m9.figshare.c.6721269,official_repository,https://doi.org/10.6084/m9.figshare.c.6721269,anonymous_direct,False,False,False,False,False,False,False,False,unknown,available,2026-07-21,author_source_checked,Author-conducted source check; transfer completeness was evaluated separately.,end_to_end_tested,figshare,figshare_loader,0.4.0,True,2026-07-31,complete_current_deposit_downloaded,complete_current_deposit_downloaded,python hub/audit/verify_download_and_load.py run,,CC BY 4.0,https://doi.org/10.6084/m9.figshare.c.6721269,dataset_files,Review the cited source for component-specific terms.,10.6084/m9.figshare.c.6721269,,10.6084/m9.figshare.c.6721269,,,,,https://doi.org/10.6084/m9.figshare.c.6721269,[],https://doi.org/10.6084/m9.figshare.c.6721269,https://doi.org/10.6084/m9.figshare.c.6721269,https://doi.org/10.6084/m9.figshare.c.6721269,https://doi.org/10.6084/m9.figshare.c.6721269,True,2026-07-21,checked_against_cited_source,author_source_checked,complete_current_deposit_downloaded,farfum_rop,FARFUM-ROP: Fundus Annotation Repository for Retinopathy of Prematurity,cc-by,cc-by
ffa_ir,FFA-IR Medical Report Dataset,Fundus fluorescein angiography images paired with Chinese and translated English reports for report-generation research.,multimodal,"[""report_generation"", ""text_generation""]",47247,"[""all""]",,,,physionet,https://doi.org/10.13026/k5rp-9h43,PhysioNet credentialed access terms,"FFA-IR: Towards an Explainable and Reliable Medical Report Generation Benchmark. PhysioNet, 2021.","[""physionet"", ""ffa"", ""report_generation"", ""multimodal"", ""chinese""]",,,multimodal,"[""fundus"", ""fundus_angiography"", ""text""]",images,"[{""count"": 47247, ""evidence_basis"": ""legacy_catalog_field"", ""evidence_url"": ""https://doi.org/10.13026/k5rp-9h43"", ""exactness"": ""not_assessed"", ""notes"": """", ""primary"": true, ""review_date"": ""2026-08-01"", ""scope"": ""Primary quantity reported in the reviewed catalog source"", ""unit"": ""images""}]",https://doi.org/10.13026/k5rp-9h43,data_platform,https://doi.org/10.13026/k5rp-9h43,controlled_or_manual,False,False,,True,True,True,,,unknown,available,2026-07-21,author_source_checked,Author-conducted source check; transfer completeness was evaluated separately.,manual_access_blocked,physionet,physionet_loader,0.4.0,False,,unit_or_mocked_only,not_live_tested,,,PhysioNet credentialed access terms,https://doi.org/10.13026/k5rp-9h43,unknown,Review the cited source for component-specific terms.,10.13026/k5rp-9h43,,10.13026/k5rp-9h43,,,,,https://doi.org/10.13026/k5rp-9h43,[],https://doi.org/10.13026/k5rp-9h43,https://doi.org/10.13026/k5rp-9h43,https://doi.org/10.13026/k5rp-9h43,https://doi.org/10.13026/k5rp-9h43,True,2026-07-21,checked_against_cited_source,author_source_checked,not_live_tested,ffa_ir,FFA-IR Medical Report Dataset,unknown,unknown
fimd,Fundus Image Myopia Development Dataset,Seventy retinal image pairs with visible myopia development and manually annotated corresponding control points.,fundus,"[""registration"", ""regression""]",70,"[""all""]",,,,mendeley,https://data.mendeley.com/datasets/jkzsh6pcv4/1,CC BY 4.0,"Wang Z, Zou H, Guo Y, Guo S, Zhao X, Wang Y, Sun M. Fundus Image Myopia Development (FIMD) dataset. Mendeley Data, V1, 2023. doi:10.17632/jkzsh6pcv4.1","[""mendeley"", ""fundus"", ""myopia"", ""registration""]",0.2,,fundus,"[""fundus""]",image_pairs,"[{""count"": 70, ""evidence_basis"": ""official_source_description"", ""evidence_url"": ""https://data.mendeley.com/datasets/jkzsh6pcv4/1"", ""exactness"": ""exact"", ""notes"": """", ""primary"": true, ""review_date"": ""2026-08-01"", ""scope"": ""Longitudinal retinal registration pairs"", ""unit"": ""image_pairs""}, {""count"": 140, ""evidence_basis"": ""derived_from_reported_components"", ""evidence_url"": ""https://data.mendeley.com/datasets/jkzsh6pcv4/1"", ""exactness"": ""exact"", ""notes"": """", ""primary"": false, ""review_date"": ""2026-08-01"", ""scope"": ""Images participating in 70 pairs"", ""unit"": ""images""}]",https://data.mendeley.com/datasets/jkzsh6pcv4/1,official_repository,https://data.mendeley.com/datasets/jkzsh6pcv4/1,anonymous_direct,False,False,False,False,False,False,False,False,unknown,available,2026-07-21,author_source_checked,Author-conducted source check; transfer completeness was evaluated separately.,standard_platform_supported,mendeley,mendeley_loader,0.4.0,False,,unit_or_mocked_only,not_live_tested,,,CC BY 4.0,https://data.mendeley.com/datasets/jkzsh6pcv4/1,dataset_files,Review the cited source for component-specific terms.,10.17632/jkzsh6pcv4.1,,jkzsh6pcv4/1,,,,,https://doi.org/10.17632/jkzsh6pcv4.1,[],https://data.mendeley.com/datasets/jkzsh6pcv4/1,https://data.mendeley.com/datasets/jkzsh6pcv4/1,https://data.mendeley.com/datasets/jkzsh6pcv4/1,https://data.mendeley.com/datasets/jkzsh6pcv4/1,True,2026-07-21,checked_against_cited_source,author_source_checked,not_live_tested,fimd,Fundus Image Myopia Development Dataset,cc-by,cc-by
fiqs,FIQS: Fundus Image Quality Scores Dataset,"A set of 2,246 fundus images with continuous mean opinion scores from 0 to 100, three quality grades, and the individual scores of six ophthalmologists.",fundus,"[""quality"", ""grading"", ""regression""]",2246,"[""all""]","[""good"", ""usable"", ""reject""]",3,,figshare,https://doi.org/10.6084/m9.figshare.28129847.v1,CC BY 4.0,Gong Z. FIQS Dataset (Fundus Image Quality Scores). Figshare. 2025. doi:10.6084/m9.figshare.28129847.v1,"[""fundus"", ""image_quality"", ""grading"", ""regression"", ""figshare""]",9.07,"The deposit provides original resolution images, standardized 1024 by 1024 versions, aggregate scores, and individual grader scores.",fundus,"[""fundus""]",images,"[{""count"": 2246, ""evidence_basis"": ""legacy_catalog_field"", ""evidence_url"": ""https://doi.org/10.6084/m9.figshare.28129847.v1"", ""exactness"": ""not_assessed"", ""notes"": """", ""primary"": true, ""review_date"": ""2026-08-01"", ""scope"": ""Primary quantity reported in the reviewed catalog source"", ""unit"": ""images""}]",https://doi.org/10.6084/m9.figshare.28129847.v1,official_repository,https://doi.org/10.6084/m9.figshare.28129847.v1,anonymous_direct,False,False,False,False,False,False,False,False,unknown,available,2026-07-21,author_source_checked,Author-conducted source check; transfer completeness was evaluated separately.,end_to_end_tested,figshare,figshare_loader,0.4.0,True,2026-07-31,complete_current_deposit_downloaded,complete_current_deposit_downloaded,python hub/audit/verify_download_and_load.py run,,CC BY 4.0,https://doi.org/10.6084/m9.figshare.28129847.v1,dataset_files,Review the cited source for component-specific terms.,10.6084/m9.figshare.28129847.v1,,10.6084/m9.figshare.28129847.v1,,,,,https://doi.org/10.6084/m9.figshare.28129847.v1,[],https://doi.org/10.6084/m9.figshare.28129847.v1,https://doi.org/10.6084/m9.figshare.28129847.v1,https://doi.org/10.6084/m9.figshare.28129847.v1,https://doi.org/10.6084/m9.figshare.28129847.v1,True,2026-07-21,checked_against_cited_source,author_source_checked,complete_current_deposit_downloaded,fiqs,FIQS: Fundus Image Quality Scores Dataset,cc-by,cc-by
fire,FIRE: Fundus Image Registration Dataset,129 fundus images from 39 patients forming 134 registration pairs with anatomical ground-truth control points. Only public registration benchmark for ophthalmology.,fundus,"[""regression""]",129,"[""all""]",,,,direct,https://projects.ics.forth.gr/cvrl/fire/,Research only (FORTH CVRL),"Hernandez-Matas et al., 'FIRE: Fundus Image Registration Dataset', Journal of Modeling in Ophthalmology 2017.","[""fundus"", ""registration"", ""image_pairs"", ""classical""]",1.0,Distributed as a 7z archive. EyeDataHub validates archive member paths before extracting it.,fundus,"[""fundus""]",images,"[{""count"": 129, ""evidence_basis"": ""legacy_catalog_field"", ""evidence_url"": ""https://projects.ics.forth.gr/cvrl/fire/"", ""exactness"": ""not_assessed"", ""notes"": """", ""primary"": true, ""review_date"": ""2026-08-01"", ""scope"": ""Primary quantity reported in the reviewed catalog source"", ""unit"": ""images""}]",https://projects.ics.forth.gr/cvrl/fire/,official_direct,https://projects.ics.forth.gr/cvrl/fire/,anonymous_direct,False,False,False,False,False,False,False,False,unknown,available,2026-07-21,author_source_checked,Author-conducted source check; transfer completeness was evaluated separately.,end_to_end_tested,direct,direct_loader,0.4.0,True,2026-07-31,complete_current_deposit_downloaded,complete_current_deposit_downloaded,python hub/audit/verify_download_and_load.py run,,Research only (FORTH CVRL),https://projects.ics.forth.gr/cvrl/fire/,dataset_files,Review the cited source for component-specific terms.,,,,,,,,https://projects.ics.forth.gr/cvrl/fire/,[],https://projects.ics.forth.gr/cvrl/fire/,https://projects.ics.forth.gr/cvrl/fire/,https://projects.ics.forth.gr/cvrl/fire/,https://projects.ics.forth.gr/cvrl/fire/,True,2026-07-21,checked_against_cited_source,author_source_checked,complete_current_deposit_downloaded,fire,FIRE: Fundus Image Registration Dataset,research-only,research-only
fives,FIVES: Fundus Image Vessel Segmentation,"800 high-resolution (2048x2048) fundus images with pixel-wise vessel segmentation. Covers normal, DR, AMD, glaucoma.",fundus,"[""segmentation""]",800,"[""train"", ""test""]",,,"[2048, 2048]",figshare,https://doi.org/10.6084/m9.figshare.19688169,CC BY 4.0,"Jin et al., 'FIVES: A Fundus Image Dataset for Artificial Intelligence based Vessel Segmentation', Scientific Data 2022.","[""vessel_segmentation"", ""fundus"", ""high_resolution""]",1.1,,fundus,"[""fundus""]",images,"[{""count"": 800, ""evidence_basis"": ""legacy_catalog_field"", ""evidence_url"": ""https://doi.org/10.6084/m9.figshare.19688169"", ""exactness"": ""not_assessed"", ""notes"": """", ""primary"": true, ""review_date"": ""2026-08-01"", ""scope"": ""Primary quantity reported in the reviewed catalog source"", ""unit"": ""images""}]",https://doi.org/10.6084/m9.figshare.19688169,official_repository,https://doi.org/10.6084/m9.figshare.19688169,anonymous_direct,False,False,False,False,False,False,False,False,unknown,available,2026-07-21,author_source_checked,Author-conducted source check; transfer completeness was evaluated separately.,transfer_tested_partial,figshare,figshare_loader,0.4.0,False,2026-07-31,representative_local_files_recognized,representative_file_downloaded,python hub/audit/verify_download_and_load.py run,,CC BY 4.0,https://doi.org/10.6084/m9.figshare.19688169,dataset_files,Review the cited source for component-specific terms.,10.6084/m9.figshare.19688169,,10.6084/m9.figshare.19688169,,,,,https://doi.org/10.6084/m9.figshare.19688169,[],https://doi.org/10.6084/m9.figshare.19688169,https://doi.org/10.6084/m9.figshare.19688169,https://doi.org/10.6084/m9.figshare.19688169,https://doi.org/10.6084/m9.figshare.19688169,True,2026-07-21,checked_against_cited_source,author_source_checked,representative_file_downloaded,fives,FIVES: Fundus Image Vessel Segmentation,cc-by,cc-by
fociset_pamm,FociSet PAMM OCT Lesion Dataset,SD-OCT B-scans with bounding-box and polygon annotations for paracentral acute middle maculopathy lesions.,oct,"[""detection"", ""segmentation""]",133,"[""all""]",,,,mendeley,https://data.mendeley.com/datasets/mkwxn7rjpm/2,CC BY 4.0,FociSet: A dataset for detection and segmentation of paracentral acute middle maculopathy lesions in OCT images. Data in Brief. 2024;57:111121. doi:10.1016/j.dib.2024.111121,"[""oct"", ""pamm"", ""lesion_detection"", ""yolo"", ""polygon_masks"", ""mendeley""]",,Contains 133 OCT images with PAMM foci annotated in YOLO bounding-box and JSON polygon formats.,oct,"[""oct""]",images,"[{""count"": 133, ""evidence_basis"": ""legacy_catalog_field"", ""evidence_url"": ""https://data.mendeley.com/datasets/mkwxn7rjpm/2"", ""exactness"": ""not_assessed"", ""notes"": """", ""primary"": true, ""review_date"": ""2026-08-01"", ""scope"": ""Primary quantity reported in the reviewed catalog source"", ""unit"": ""images""}]",https://data.mendeley.com/datasets/mkwxn7rjpm/2,official_repository,https://data.mendeley.com/datasets/mkwxn7rjpm/2,anonymous_direct,False,False,False,False,False,False,False,False,unknown,available,2026-07-21,author_source_checked,Author-conducted source check; transfer completeness was evaluated separately.,standard_platform_supported,mendeley,mendeley_loader,0.4.0,False,,unit_or_mocked_only,not_live_tested,,,CC BY 4.0,https://data.mendeley.com/datasets/mkwxn7rjpm/2,dataset_files,Review the cited source for component-specific terms.,,,mkwxn7rjpm/2,10.1016/j.dib.2024.111121,,,,https://data.mendeley.com/datasets/mkwxn7rjpm/2,[],https://data.mendeley.com/datasets/mkwxn7rjpm/2,https://data.mendeley.com/datasets/mkwxn7rjpm/2,https://data.mendeley.com/datasets/mkwxn7rjpm/2,https://data.mendeley.com/datasets/mkwxn7rjpm/2,True,2026-07-21,checked_against_cited_source,author_source_checked,not_live_tested,fociset_pamm,FociSet PAMM OCT Lesion Dataset,cc-by,cc-by
fovea,FOVEA: Pre/Intra-Operative Fundus + Biomicroscopy,40 patients with paired pre-operative fundus images and intra-operative biomicroscopy video clips. Annotated for optic disc and vessel segmentation across domains.,multimodal,"[""segmentation""]",40,"[""all""]",,,,figshare,https://doi.org/10.6084/m9.figshare.28329338,CC BY 4.0,"Ravasio et al., 'FOVEA: paired pre- and intra-operative fundus + biomicroscopy', Scientific Data 2025. doi:10.1038/s41597-025-04965-2","[""multimodal"", ""surgery"", ""fundus"", ""biomicroscopy"", ""vessel"", ""optic_disc""]",4.0,Unique pre-op/intra-op paired modality — only public example.,multimodal,"[""fundus"", ""surgical_video""]",participants,"[{""count"": 40, ""evidence_basis"": ""legacy_catalog_field"", ""evidence_url"": ""https://doi.org/10.6084/m9.figshare.28329338"", ""exactness"": ""not_assessed"", ""notes"": """", ""primary"": true, ""review_date"": ""2026-08-01"", ""scope"": ""Primary quantity reported in the reviewed catalog source"", ""unit"": ""participants""}]",https://doi.org/10.6084/m9.figshare.28329338,official_repository,https://doi.org/10.6084/m9.figshare.28329338,anonymous_direct,False,False,False,False,False,False,False,False,unknown,available,2026-07-21,author_source_checked,Author-conducted source check; transfer completeness was evaluated separately.,standard_platform_supported,figshare,figshare_loader,0.4.0,False,,unit_or_mocked_only,not_live_tested,,,CC BY 4.0,https://doi.org/10.6084/m9.figshare.28329338,dataset_files,Review the cited source for component-specific terms.,10.6084/m9.figshare.28329338,,10.6084/m9.figshare.28329338,10.1038/s41597-025-04965-2,,,,https://doi.org/10.6084/m9.figshare.28329338,[],https://doi.org/10.6084/m9.figshare.28329338,https://doi.org/10.6084/m9.figshare.28329338,https://doi.org/10.6084/m9.figshare.28329338,https://doi.org/10.6084/m9.figshare.28329338,True,2026-07-21,checked_against_cited_source,author_source_checked,not_live_tested,fovea,FOVEA: Pre/Intra-Operative Fundus + Biomicroscopy,cc-by,cc-by
fprm_retina,FPRM Multimodal Eye Imaging and Psychological Assessment Dataset,"Fundus photography, multispectral and functional retinal imaging, retinal blood-flow and pupillary-light videos, retina-characteristic labels, quality labels, demographics, and psychological assessments.",multimodal,"[""classification"", ""quality_assessment"", ""regression""]",3361,"[""all""]",,,,manual,https://doi.org/10.7303/syn61672643,Synapse Data Use Agreement; research use only,"Zhang G, Qu Y, Zhang Y, et al. Multimodal Eye Imaging, Retina Characteristics, and Psychological Assessment Dataset. Scientific Data. 2024;11:836. doi:10.1038/s41597-024-03690-6","[""synapse"", ""fundus"", ""multispectral"", ""retinal_oximetry"", ""pupil"", ""psychological_assessment"", ""dua""]",,"Scientific Data descriptor reports 3,361 fundus photographs from 1,683 participants plus multimodal imaging from 384 participants; Synapse access requires certified account and completed data-use agreement.",multimodal,"[""fundus"", ""retinal_oximetry"", ""pupillometry"", ""tabular""]",images,"[{""count"": 3361, ""evidence_basis"": ""associated_publication"", ""evidence_url"": ""https://doi.org/10.1038/s41597-024-03690-6"", ""exactness"": ""exact"", ""notes"": """", ""primary"": true, ""review_date"": ""2026-08-01"", ""scope"": ""Fundus photographs"", ""unit"": ""images""}, {""count"": 1683, ""evidence_basis"": ""associated_publication"", ""evidence_url"": ""https://doi.org/10.1038/s41597-024-03690-6"", ""exactness"": ""exact"", ""notes"": """", ""primary"": false, ""review_date"": ""2026-08-01"", ""scope"": ""Participants contributing fundus photographs"", ""unit"": ""participants""}, {""count"": 384, ""evidence_basis"": ""associated_publication"", ""evidence_url"": ""https://doi.org/10.1038/s41597-024-03690-6"", ""exactness"": ""exact"", ""notes"": ""This group is not added to the fundus cohort because overlap is not resolved here."", ""primary"": false, ""review_date"": ""2026-08-01"", ""scope"": ""Participants contributing additional multimodal imaging"", ""unit"": ""participants""}]",https://doi.org/10.7303/syn61672643,documented_manual_route,https://doi.org/10.7303/syn61672643,controlled_or_manual,False,False,,False,True,True,,,unknown,available,2026-07-21,author_source_checked,Author-conducted source check; transfer completeness was evaluated separately.,manual_access_blocked,manual,manual_loader,0.4.0,False,,unit_or_mocked_only,not_live_tested,,,Synapse Data Use Agreement; research use only,https://doi.org/10.7303/syn61672643,dataset_files,Review the cited source for component-specific terms.,,,,10.1038/s41597-024-03690-6,,,,https://doi.org/10.7303/syn61672643,[],https://doi.org/10.1038/s41597-024-03690-6,https://doi.org/10.7303/syn61672643,https://doi.org/10.7303/syn61672643,https://doi.org/10.7303/syn61672643,True,2026-07-21,checked_against_cited_source,author_source_checked,not_live_tested,fprm_retina,FPRM Multimodal Eye Imaging and Psychological Assessment Dataset,research-only,research-only
fundus_105k,Fundus-105K Text Dataset,Fundus-focused text dataset for LLM/RAG workflows.,text,"[""text_generation"", ""retrieval""]",105000,"[""all""]",,,,huggingface,https://huggingface.co/datasets/PJMixers-Dev/Fundus-105K,Unknown,"PJMixers-Dev/Fundus-105K. Hugging Face dataset, accessed 2026-07.","[""huggingface"", ""text"", ""fundus"", ""llm"", ""rag""]",0.5,,text,"[""text""]",text_items,"[{""count"": 105000, ""evidence_basis"": ""official_source_description"", ""evidence_url"": ""https://huggingface.co/datasets/PJMixers-Dev/Fundus-105K"", ""exactness"": ""exact"", ""notes"": """", ""primary"": true, ""review_date"": ""2026-08-01"", ""scope"": ""Fundus-focused text corpus entries"", ""unit"": ""text_items""}]",https://huggingface.co/datasets/PJMixers-Dev/Fundus-105K,data_platform,https://huggingface.co/datasets/PJMixers-Dev/Fundus-105K,anonymous_direct,False,False,False,False,False,False,False,False,unknown,available,2026-07-21,author_source_checked,Author-conducted source check; transfer completeness was evaluated separately.,standard_platform_supported,huggingface,huggingface_loader,0.4.0,False,,unit_or_mocked_only,not_live_tested,,,Unknown,https://huggingface.co/datasets/PJMixers-Dev/Fundus-105K,unknown,Review the cited source for component-specific terms.,,,PJMixers-Dev/Fundus-105K,,,,,https://huggingface.co/datasets/PJMixers-Dev/Fundus-105K,[],https://huggingface.co/datasets/PJMixers-Dev/Fundus-105K,https://huggingface.co/datasets/PJMixers-Dev/Fundus-105K,https://huggingface.co/datasets/PJMixers-Dev/Fundus-105K,https://huggingface.co/datasets/PJMixers-Dev/Fundus-105K,True,2026-07-21,checked_against_cited_source,author_source_checked,not_live_tested,fundus_105k,Fundus-105K Text Dataset,unknown,unknown
fundus_avseg,Fundus-AVSeg: Artery-Vein-Crossing Segmentation,100 high-resolution color fundus images with pixel-wise artery / vein / crossing labels from a mixed disease cohort.,fundus,"[""segmentation""]",100,"[""all""]","[""background"", ""artery"", ""vein"", ""crossing""]",4,,figshare,https://doi.org/10.6084/m9.figshare.27938034,CC BY 4.0,"Fundus-AVSeg dataset, Figshare project 229986 (2025). Companion paper: Basit & Alam, 'AVSeg-XAI', BioData Mining, doi:10.1186/s13040-026-00573-x (2026). Sci. Data DOI 10.1038/s41597-025-05381-2 was the paper venue at time of indexing — verify at final publication.","[""fundus"", ""vessel"", ""artery"", ""vein"", ""crossing"", ""segmentation""]",0.5,,fundus,"[""fundus""]",images,"[{""count"": 100, ""evidence_basis"": ""legacy_catalog_field"", ""evidence_url"": ""https://doi.org/10.6084/m9.figshare.27938034"", ""exactness"": ""not_assessed"", ""notes"": """", ""primary"": true, ""review_date"": ""2026-08-01"", ""scope"": ""Primary quantity reported in the reviewed catalog source"", ""unit"": ""images""}]",https://doi.org/10.6084/m9.figshare.27938034,official_repository,https://doi.org/10.6084/m9.figshare.27938034,anonymous_direct,False,False,False,False,False,False,False,False,unknown,available,2026-07-21,author_source_checked,Author-conducted source check; transfer completeness was evaluated separately.,end_to_end_tested,figshare,figshare_loader,0.4.0,True,2026-07-31,complete_current_deposit_downloaded,complete_current_deposit_downloaded,python hub/audit/verify_download_and_load.py run,,CC BY 4.0,https://doi.org/10.6084/m9.figshare.27938034,dataset_files,Review the cited source for component-specific terms.,10.6084/m9.figshare.27938034,,10.6084/m9.figshare.27938034,,,,,https://doi.org/10.6084/m9.figshare.27938034,[],https://doi.org/10.6084/m9.figshare.27938034,https://doi.org/10.6084/m9.figshare.27938034,https://doi.org/10.6084/m9.figshare.27938034,https://doi.org/10.6084/m9.figshare.27938034,True,2026-07-21,checked_against_cited_source,author_source_checked,complete_current_deposit_downloaded,fundus_avseg,Fundus-AVSeg: Artery-Vein-Crossing Segmentation,cc-by,cc-by
fundus_cc_2_5m,Fundus-CC-2.5M Text Corpus,Large fundus-related multilingual text corpus for LLM pretraining or retrieval.,text,"[""text_generation"", ""retrieval""]",2500000,"[""all""]",,,,huggingface,https://huggingface.co/datasets/PJMixers-Dev/Fundus-CC-2.5M,Unknown,"PJMixers-Dev/Fundus-CC-2.5M. Hugging Face dataset, accessed 2026-07.","[""huggingface"", ""text"", ""fundus"", ""multilingual"", ""llm""]",5.0,Large web/text corpus; verify source filtering and redistribution terms before reuse.,text,"[""text""]",text_items,"[{""count"": 2500000, ""evidence_basis"": ""official_source_description"", ""evidence_url"": ""https://huggingface.co/datasets/PJMixers-Dev/Fundus-CC-2.5M"", ""exactness"": ""exact"", ""notes"": """", ""primary"": true, ""review_date"": ""2026-08-01"", ""scope"": ""Multilingual fundus-related corpus entries"", ""unit"": ""text_items""}]",https://huggingface.co/datasets/PJMixers-Dev/Fundus-CC-2.5M,data_platform,https://huggingface.co/datasets/PJMixers-Dev/Fundus-CC-2.5M,anonymous_direct,False,False,False,False,False,False,False,False,unknown,available,2026-07-21,author_source_checked,Author-conducted source check; transfer completeness was evaluated separately.,standard_platform_supported,huggingface,huggingface_loader,0.4.0,False,,unit_or_mocked_only,not_live_tested,,,Unknown,https://huggingface.co/datasets/PJMixers-Dev/Fundus-CC-2.5M,unknown,Review the cited source for component-specific terms.,,,PJMixers-Dev/Fundus-CC-2.5M,,,,,https://huggingface.co/datasets/PJMixers-Dev/Fundus-CC-2.5M,[],https://huggingface.co/datasets/PJMixers-Dev/Fundus-CC-2.5M,https://huggingface.co/datasets/PJMixers-Dev/Fundus-CC-2.5M,https://huggingface.co/datasets/PJMixers-Dev/Fundus-CC-2.5M,https://huggingface.co/datasets/PJMixers-Dev/Fundus-CC-2.5M,True,2026-07-21,checked_against_cited_source,author_source_checked,not_live_tested,fundus_cc_2_5m,Fundus-CC-2.5M Text Corpus,unknown,unknown
fundus_domain_generalization,Fundus Dataset for Domain Generalization in Optic Disc/Cup Segmentation,"Five-domain optic disc/cup segmentation benchmark composed from REFUGE, Drishti-GS, ORIGA, RIGA, and related sources.",fundus,"[""segmentation""]",1441,"[""all""]",,,,zenodo,https://zenodo.org/records/8009107,CC BY 4.0,"A Fundus Image Dataset for Domain Generalization in Joint Segmentation of Optic Disc and Optic Cup. Zenodo, 2023. doi:10.5281/zenodo.8009107","[""zenodo"", ""optic_disc"", ""optic_cup"", ""domain_generalization"", ""derivative""]",0.62,Composite of datasets already indexed separately; retained as a benchmark split/annotation resource.,fundus,"[""fundus""]",images,"[{""count"": 1441, ""evidence_basis"": ""derived_from_reported_components"", ""evidence_url"": ""https://zenodo.org/records/8009107"", ""exactness"": ""exact"", ""notes"": ""The images reuse REFUGE, Drishti-GS, ORIGA, and RIGA sources."", ""primary"": true, ""review_date"": ""2026-08-01"", ""scope"": ""Five source domains after the documented train/test composition"", ""unit"": ""images""}]",https://zenodo.org/records/8009107,official_repository,https://zenodo.org/records/8009107,anonymous_direct,False,False,False,False,False,False,False,False,unknown,available,2026-07-21,author_source_checked,Author-conducted source check; transfer completeness was evaluated separately.,standard_platform_supported,zenodo,zenodo_loader,0.4.0,False,,unit_or_mocked_only,not_live_tested,,,CC BY 4.0,https://zenodo.org/records/8009107,dataset_files,Review the cited source for component-specific terms.,10.5281/zenodo.8009107,,records/8009107,,,,,https://doi.org/10.5281/zenodo.8009107,"[{""target"": ""drishti_gs"", ""type"": ""derived_from""}, {""target"": ""refuge2018"", ""type"": ""derived_from""}, {""target"": ""riga"", ""type"": ""derived_from""}]",https://zenodo.org/records/8009107,https://zenodo.org/records/8009107,https://zenodo.org/records/8009107,https://zenodo.org/records/8009107,True,2026-07-21,checked_against_cited_source,author_source_checked,not_live_tested,fundus_domain_generalization,Fundus Dataset for Domain Generalization in Optic Disc/Cup Segmentation,cc-by,cc-by
fundus_report_dataset,Fundus Report Dataset,Fundus/UWF image-report dataset derived from DeepDRiD and OUWFD-style resources for report-generation research.,multimodal,"[""report_generation"", ""text_generation""]",422,"[""all""]",,,,huggingface,https://huggingface.co/datasets/zzzzineun/fundus-report-dataset,CC BY 4.0,"zzzzineun/fundus-report-dataset. Hugging Face dataset, accessed 2026-07.","[""huggingface"", ""fundus"", ""report_generation"", ""uwf"", ""derivative""]",0.5,Derivative report-generation view; verify source image terms row by row.,multimodal,"[""fundus"", ""uwf_fundus"", ""text""]",image_report_pairs,"[{""count"": 422, ""evidence_basis"": ""official_source_description"", ""evidence_url"": ""https://huggingface.co/datasets/zzzzineun/fundus-report-dataset"", ""exactness"": ""exact"", ""notes"": """", ""primary"": true, ""review_date"": ""2026-08-01"", ""scope"": ""Fundus or UWF image-report rows"", ""unit"": ""image_report_pairs""}]",https://huggingface.co/datasets/zzzzineun/fundus-report-dataset,data_platform,https://huggingface.co/datasets/zzzzineun/fundus-report-dataset,anonymous_direct,False,False,False,False,False,False,False,False,unknown,available,2026-07-21,author_source_checked,Author-conducted source check; transfer completeness was evaluated separately.,standard_platform_supported,huggingface,huggingface_loader,0.4.0,False,,unit_or_mocked_only,not_live_tested,,,CC BY 4.0,https://huggingface.co/datasets/zzzzineun/fundus-report-dataset,dataset_files,Review the cited source for component-specific terms.,,,zzzzineun/fundus-report-dataset,,,,,https://huggingface.co/datasets/zzzzineun/fundus-report-dataset,"[{""target"": ""deepdrid"", ""type"": ""derived_from""}]",https://huggingface.co/datasets/zzzzineun/fundus-report-dataset,https://huggingface.co/datasets/zzzzineun/fundus-report-dataset,https://huggingface.co/datasets/zzzzineun/fundus-report-dataset,https://huggingface.co/datasets/zzzzineun/fundus-report-dataset,True,2026-07-21,checked_against_cited_source,author_source_checked,not_live_tested,fundus_report_dataset,Fundus Report Dataset,cc-by,cc-by
g1020,G1020: Glaucoma Benchmark Fundus Dataset,"1020 fundus images with binary glaucoma labels (697 normal, 323 glaucoma), plus optic disc/cup annotations.",fundus,"[""classification""]",1020,"[""all""]","[""Non-glaucoma"", ""Glaucoma""]",2,,kaggle,https://arxiv.org/abs/2006.09158,CC BY 4.0,"Bajwa et al., 'G1020: A Benchmark Retinal Fundus Image Dataset for Computer-Aided Glaucoma Detection', arXiv 2020.","[""glaucoma"", ""classification"", ""fundus""]",2.0,,fundus,"[""fundus""]",images,"[{""count"": 1020, ""evidence_basis"": ""legacy_catalog_field"", ""evidence_url"": ""https://arxiv.org/abs/2006.09158"", ""exactness"": ""not_assessed"", ""notes"": """", ""primary"": true, ""review_date"": ""2026-08-01"", ""scope"": ""Primary quantity reported in the reviewed catalog source"", ""unit"": ""images""}]",https://arxiv.org/abs/2006.09158,data_platform,https://arxiv.org/abs/2006.09158,self_service_authenticated,True,True,True,False,False,False,False,False,unknown,available,2026-07-21,author_source_checked,Author-conducted source check; transfer completeness was evaluated separately.,standard_platform_supported,kaggle,kaggle_loader,0.4.0,False,,unit_or_mocked_only,not_live_tested,,,CC BY 4.0,https://arxiv.org/abs/2006.09158,dataset_files,Review the cited source for component-specific terms.,,,abs/2006.09158,,,,,https://arxiv.org/abs/2006.09158,[],https://arxiv.org/abs/2006.09158,https://arxiv.org/abs/2006.09158,https://arxiv.org/abs/2006.09158,https://arxiv.org/abs/2006.09158,True,2026-07-21,checked_against_cited_source,author_source_checked,not_live_tested,g1020,G1020: Glaucoma Benchmark Fundus Dataset,cc-by,cc-by
gamma,GAMMA — Glaucoma Grading from Multi-Modality Images,300 paired fundus + 3D OCT volumes. Glaucoma grading into Normal / Early / Advanced plus OD/OC segmentation and fovea location.,multimodal,"[""grading"", ""classification"", ""segmentation""]",300,"[""train"", ""test""]","[""Normal"", ""Early"", ""Advanced""]",3,,gdrive,https://drive.google.com/file/d/1thJDE1_TR-xa8f3H-0PwPpDxun7rV8Sw/view,CC BY-NC-ND,"Wu J. et al., 'GAMMA Challenge: Glaucoma Grading from Multi-Modality Imaging', MIA 2023.","[""fundus"", ""oct"", ""glaucoma"", ""grading"", ""segmentation"", ""multimodal"", ""gamma"", ""ichallenge""]",5.0,,multimodal,"[""fundus"", ""oct""]",volumes,"[{""count"": 300, ""evidence_basis"": ""legacy_catalog_field"", ""evidence_url"": ""https://drive.google.com/file/d/1thJDE1_TR-xa8f3H-0PwPpDxun7rV8Sw/view"", ""exactness"": ""not_assessed"", ""notes"": """", ""primary"": true, ""review_date"": ""2026-08-01"", ""scope"": ""Primary quantity reported in the reviewed catalog source"", ""unit"": ""volumes""}]",https://drive.google.com/file/d/1thJDE1_TR-xa8f3H-0PwPpDxun7rV8Sw/view,cloud_file_share,https://drive.google.com/file/d/1thJDE1_TR-xa8f3H-0PwPpDxun7rV8Sw/view,anonymous_direct,False,False,False,False,False,False,False,False,unknown,available,2026-07-21,author_source_checked,Author-conducted source check; transfer completeness was evaluated separately.,loader_implemented_not_live_tested,gdrive,gdrive_loader,0.4.0,False,,unit_or_mocked_only,not_live_tested,,,CC BY-NC-ND,https://drive.google.com/file/d/1thJDE1_TR-xa8f3H-0PwPpDxun7rV8Sw/view,dataset_files,Review the cited source for component-specific terms.,,,,,,,,https://drive.google.com/file/d/1thJDE1_TR-xa8f3H-0PwPpDxun7rV8Sw/view,"[{""target"": ""ichallenge_oct"", ""type"": ""component_of""}]",https://drive.google.com/file/d/1thJDE1_TR-xa8f3H-0PwPpDxun7rV8Sw/view,https://drive.google.com/file/d/1thJDE1_TR-xa8f3H-0PwPpDxun7rV8Sw/view,https://drive.google.com/file/d/1thJDE1_TR-xa8f3H-0PwPpDxun7rV8Sw/view,https://drive.google.com/file/d/1thJDE1_TR-xa8f3H-0PwPpDxun7rV8Sw/view,True,2026-07-21,checked_against_cited_source,author_source_checked,not_live_tested,gamma,GAMMA — Glaucoma Grading from Multi-Modality Images,cc-by-nc-nd,cc-by-nc-nd
gaze360,Gaze360 Physically Unconstrained Gaze Dataset,Indoor and outdoor panoramic-camera recordings with continuous three-dimensional gaze labels across wide head poses and distances.,eye_tracking,"[""gaze_estimation"", ""regression""]",172000,"[""all""]",,,,manual,https://gaze360.csail.mit.edu/,Unknown; registration required and source terms must be checked,"Kellnhofer P, Recasens A, Stent S, Matusik W, Torralba A. Gaze360: Physically Unconstrained Gaze Estimation in the Wild. ICCV. 2019:6912-6921. arXiv:1910.10088","[""eye_tracking"", ""gaze"", ""3d_gaze"", ""video"", ""indoor"", ""outdoor"", ""registration""]",,"The project reports 238 participants; the benchmark is commonly reported as 172,000 labeled frames. Access uses registration, and the public landing page does not state a standard reuse license.",eye_tracking,"[""eye_tracking""]",frames,"[{""count"": 172000, ""evidence_basis"": ""official_source_description"", ""evidence_url"": ""http://gaze360.csail.mit.edu/"", ""exactness"": ""approximate"", ""notes"": """", ""primary"": true, ""review_date"": ""2026-08-01"", ""scope"": ""Labeled panoramic-camera frames"", ""unit"": ""frames""}, {""count"": 238, ""evidence_basis"": ""official_source_description"", ""evidence_url"": ""http://gaze360.csail.mit.edu/"", ""exactness"": ""exact"", ""notes"": """", ""primary"": false, ""review_date"": ""2026-08-01"", ""scope"": ""Source-described participants"", ""unit"": ""participants""}]",https://gaze360.csail.mit.edu/,documented_manual_route,https://gaze360.csail.mit.edu/,self_service_authenticated,True,True,,False,False,False,False,False,unknown,available,2026-07-21,author_source_checked,Author-conducted source check; transfer completeness was evaluated separately.,guided_instructions_only,manual,manual_loader,0.4.0,False,,unit_or_mocked_only,not_live_tested,,,Unknown; registration required and source terms must be checked,https://gaze360.csail.mit.edu/,unknown,Review the cited source for component-specific terms.,,,,,,,,https://gaze360.csail.mit.edu/,[],http://gaze360.csail.mit.edu/,https://gaze360.csail.mit.edu/,https://gaze360.csail.mit.edu/,https://gaze360.csail.mit.edu/,True,2026-07-21,checked_against_cited_source,author_source_checked,not_live_tested,gaze360,Gaze360 Physically Unconstrained Gaze Dataset,unknown,unknown
gaze_capture,GazeCapture Mobile Eye-Tracking Dataset,Crowdsourced iPhone and iPad face videos with screen-fixation coordinates for appearance-based mobile gaze estimation.,eye_tracking,"[""gaze_estimation"", ""regression""]",2445504,"[""all""]",,,,manual,https://gazecapture.csail.mit.edu/dataset.php,Unknown; registration required and source terms must be checked,"Krafka K, Khosla A, Kellnhofer P, et al. Eye Tracking for Everyone. CVPR. 2016:2176-2184. arXiv:1606.05814","[""eye_tracking"", ""gaze"", ""mobile"", ""iphone"", ""ipad"", ""face_video"", ""registration""]",,"The primary paper reports 2,445,504 frames with fixation locations from 1,474 participants. The official site requires account registration; verify the current agreement before reuse.",eye_tracking,"[""eye_tracking""]",frames,"[{""count"": 2445504, ""evidence_basis"": ""official_source_description"", ""evidence_url"": ""https://gazecapture.csail.mit.edu/"", ""exactness"": ""exact"", ""notes"": """", ""primary"": true, ""review_date"": ""2026-08-01"", ""scope"": ""Labeled mobile-camera frames"", ""unit"": ""frames""}, {""count"": 1474, ""evidence_basis"": ""official_source_description"", ""evidence_url"": ""https://gazecapture.csail.mit.edu/"", ""exactness"": ""exact"", ""notes"": """", ""primary"": false, ""review_date"": ""2026-08-01"", ""scope"": ""Crowdsourced participants"", ""unit"": ""participants""}]",https://gazecapture.csail.mit.edu/dataset.php,documented_manual_route,https://gazecapture.csail.mit.edu/dataset.php,self_service_authenticated,True,True,,False,False,False,False,False,unknown,available,2026-07-21,author_source_checked,Author-conducted source check; transfer completeness was evaluated separately.,guided_instructions_only,manual,manual_loader,0.4.0,False,,unit_or_mocked_only,not_live_tested,,,Unknown; registration required and source terms must be checked,https://gazecapture.csail.mit.edu/dataset.php,unknown,Review the cited source for component-specific terms.,,,,,,,,https://gazecapture.csail.mit.edu/dataset.php,[],https://gazecapture.csail.mit.edu/,https://gazecapture.csail.mit.edu/dataset.php,https://gazecapture.csail.mit.edu/dataset.php,https://gazecapture.csail.mit.edu/dataset.php,True,2026-07-21,checked_against_cited_source,author_source_checked,not_live_tested,gaze_capture,GazeCapture Mobile Eye-Tracking Dataset,unknown,unknown
ghana_eye_screening,Eye Screening Data for First-Year University Students in Ghana,Questionnaire and clinical eye-screening data from first-year university students in Ghana.,tabular,"[""classification"", ""regression""]",2494,"[""all""]",,,,mendeley,https://data.mendeley.com/datasets/mfv6sb5wyc/4,CC BY-NC-ND 4.0,"Eye screening data for first year university students in Ghana. Mendeley Data, V4, 2025. doi:10.17632/mfv6sb5wyc.4","[""mendeley"", ""screening"", ""ghana"", ""tabular"", ""representativeness""]",0.01,,tabular,"[""tabular""]",participants,"[{""count"": 2494, ""evidence_basis"": ""official_source_description"", ""evidence_url"": ""https://data.mendeley.com/datasets/mfv6sb5wyc/4"", ""exactness"": ""exact"", ""notes"": """", ""primary"": true, ""review_date"": ""2026-08-01"", ""scope"": ""Participants completing questionnaire and clinical examination"", ""unit"": ""participants""}]",https://data.mendeley.com/datasets/mfv6sb5wyc/4,official_repository,https://data.mendeley.com/datasets/mfv6sb5wyc/4,anonymous_direct,False,False,False,False,False,False,False,False,unknown,available,2026-07-21,author_source_checked,Author-conducted source check; transfer completeness was evaluated separately.,standard_platform_supported,mendeley,mendeley_loader,0.4.0,False,,unit_or_mocked_only,not_live_tested,,,CC BY-NC-ND 4.0,https://data.mendeley.com/datasets/mfv6sb5wyc/4,dataset_files,Review the cited source for component-specific terms.,10.17632/mfv6sb5wyc.4,,mfv6sb5wyc/4,,,,,https://doi.org/10.17632/mfv6sb5wyc.4,[],https://data.mendeley.com/datasets/mfv6sb5wyc/4,https://data.mendeley.com/datasets/mfv6sb5wyc/4,https://data.mendeley.com/datasets/mfv6sb5wyc/4,https://data.mendeley.com/datasets/mfv6sb5wyc/4,True,2026-07-21,checked_against_cited_source,author_source_checked,not_live_tested,ghana_eye_screening,Eye Screening Data for First-Year University Students in Ghana,cc-by-nc-nd,cc-by-nc-nd
glaucoma_eye_movements,Eye Movements of Glaucoma Patients with Asymmetrical Visual Field Loss,Raw and processed eye-tracking data from glaucoma patients with asymmetrical visual-field loss during free viewing.,eye_tracking,"[""regression"", ""classification""]",270,"[""all""]",,,,zenodo,https://zenodo.org/records/7761477,CC BY 4.0,"Data on eye movements of glaucoma patients with asymmetrical visual field loss during free viewing. Zenodo, 2023. doi:10.5281/zenodo.7761477","[""zenodo"", ""eye_tracking"", ""glaucoma"", ""visual_field""]",0.1,,eye_tracking,"[""eye_tracking""]",participants,"[{""count"": 270, ""evidence_basis"": ""legacy_catalog_field"", ""evidence_url"": ""https://zenodo.org/records/7761477"", ""exactness"": ""not_assessed"", ""notes"": """", ""primary"": true, ""review_date"": ""2026-08-01"", ""scope"": ""Primary quantity reported in the reviewed catalog source"", ""unit"": ""participants""}]",https://zenodo.org/records/7761477,official_repository,https://zenodo.org/records/7761477,anonymous_direct,False,False,False,False,False,False,False,False,unknown,available,2026-07-21,author_source_checked,Author-conducted source check; transfer completeness was evaluated separately.,standard_platform_supported,zenodo,zenodo_loader,0.4.0,False,,unit_or_mocked_only,not_live_tested,,,CC BY 4.0,https://zenodo.org/records/7761477,dataset_files,Review the cited source for component-specific terms.,10.5281/zenodo.7761477,,records/7761477,,,,,https://doi.org/10.5281/zenodo.7761477,[],https://zenodo.org/records/7761477,https://zenodo.org/records/7761477,https://zenodo.org/records/7761477,https://zenodo.org/records/7761477,True,2026-07-21,checked_against_cited_source,author_source_checked,not_live_tested,glaucoma_eye_movements,Eye Movements of Glaucoma Patients with Asymmetrical Visual Field Loss,cc-by,cc-by
goals,GOALS — Glaucoma OCT Layer Segmentation (MICCAI 2022),300 circumpapillary OCT images. RNFL/GCIPL/choroid layer segmentation plus binary glaucoma classification.,oct,"[""segmentation"", ""classification""]",300,"[""train"", ""test""]","[""RNFL"", ""GCIPL"", ""Choroid""]",3,,gdrive,https://aistudio.baidu.com/competition/detail/783/0/introduction,CC BY 4.0,"Fang H. et al., 'GOALS Challenge: A Large-Scale OCT Image Dataset for Glaucoma Analysis', MICCAI 2022 Workshop.","[""oct"", ""glaucoma"", ""segmentation"", ""layers"", ""goals"", ""ichallenge""]",0.5,Primary challenge page: https://aistudio.baidu.com/competition/detail/783/0/introduction. Automated downloader still tries the known Google Drive mirror (https://drive.google.com/file/d/1P1cLm9_Pwq4fum4lB1-LGUayO-NMvF5I/view) and then Zenodo record 6362363.,oct,"[""oct""]",images,"[{""count"": 300, ""evidence_basis"": ""legacy_catalog_field"", ""evidence_url"": ""https://aistudio.baidu.com/competition/detail/783/0/introduction"", ""exactness"": ""not_assessed"", ""notes"": """", ""primary"": true, ""review_date"": ""2026-08-01"", ""scope"": ""Primary quantity reported in the reviewed catalog source"", ""unit"": ""images""}]",https://aistudio.baidu.com/competition/detail/783/0/introduction,cloud_file_share,https://aistudio.baidu.com/competition/detail/783/0/introduction,anonymous_direct,False,False,False,False,False,False,False,False,unknown,available,2026-07-21,author_source_checked,Author-conducted source check; transfer completeness was evaluated separately.,loader_implemented_not_live_tested,gdrive,gdrive_loader,0.4.0,False,,unit_or_mocked_only,not_live_tested,,,CC BY 4.0,https://aistudio.baidu.com/competition/detail/783/0/introduction,dataset_files,Review the cited source for component-specific terms.,,,,,,,,https://aistudio.baidu.com/competition/detail/783/0/introduction,[],https://aistudio.baidu.com/competition/detail/783/0/introduction,https://aistudio.baidu.com/competition/detail/783/0/introduction,https://aistudio.baidu.com/competition/detail/783/0/introduction,https://aistudio.baidu.com/competition/detail/783/0/introduction,True,2026-07-21,checked_against_cited_source,author_source_checked,not_live_tested,goals,GOALS — Glaucoma OCT Layer Segmentation (MICCAI 2022),cc-by,cc-by
goblet_cell_segmentation,Human Conjunctival Goblet Cell Segmentation Dataset,Phase-contrast microscopy fields of cultured human conjunctival goblet cells with semantic and instance-compatible masks.,cell_microscopy,"[""segmentation"", ""counting""]",24,"[""all""]",,,,zenodo,https://doi.org/10.5281/zenodo.18642562,CC BY 4.0,"Fineide FA, Bair J, Utheim TP, Riegler MA, Dartt DA. Development of Human Conjunctival Goblet Cell Segmentation Datasets to Improve Quantitation. Scientific Data. 2026. doi:10.1038/s41597-026-07309-w","[""conjunctiva"", ""goblet_cells"", ""phase_contrast"", ""cell_microscopy"", ""instance_segmentation"", ""zenodo""]",0.514,"The independent unit is 24 unpatched 2048x1536 fields with 65,108 cell instances. The release also contains 1,152 derivative 256x256 patches (75,597 counted instances because boundary cells can recur).",cell_microscopy,"[""cell_microscopy""]",images,"[{""count"": 24, ""evidence_basis"": ""official_source_description"", ""evidence_url"": ""https://doi.org/10.5281/zenodo.18642562"", ""exactness"": ""exact"", ""notes"": """", ""primary"": true, ""review_date"": ""2026-08-01"", ""scope"": ""Unpatched microscopy fields"", ""unit"": ""images""}, {""count"": 1152, ""evidence_basis"": ""official_source_description"", ""evidence_url"": ""https://doi.org/10.5281/zenodo.18642562"", ""exactness"": ""exact"", ""notes"": ""Patches derive from the 24 primary fields and must not be added as independent source images."", ""primary"": false, ""review_date"": ""2026-08-01"", ""scope"": ""Derivative 256 by 256 patches"", ""unit"": ""images""}]",https://doi.org/10.5281/zenodo.18642562,official_repository,https://doi.org/10.5281/zenodo.18642562,anonymous_direct,False,False,False,False,False,False,False,False,unknown,available,2026-07-21,author_source_checked,Author-conducted source check; transfer completeness was evaluated separately.,standard_platform_supported,zenodo,zenodo_loader,0.4.0,False,,unit_or_mocked_only,not_live_tested,,,CC BY 4.0,https://doi.org/10.5281/zenodo.18642562,dataset_files,Review the cited source for component-specific terms.,10.5281/zenodo.18642562,,10.5281/zenodo.18642562,10.1038/s41597-026-07309-w,,,,https://doi.org/10.5281/zenodo.18642562,[],https://doi.org/10.5281/zenodo.18642562,https://doi.org/10.5281/zenodo.18642562,https://doi.org/10.5281/zenodo.18642562,https://doi.org/10.5281/zenodo.18642562,True,2026-07-21,checked_against_cited_source,author_source_checked,not_live_tested,goblet_cell_segmentation,Human Conjunctival Goblet Cell Segmentation Dataset,cc-by,cc-by
grape,GRAPE: Glaucoma Real-world Appraisal Progression Ensemble,"263 eyes × 1,115 visits. Multi-modal: VF (HFA 24-2), fundus photographs, OCT RNFL, IOP, CCT. Labels: VF progression, OD segmentation, glaucoma stage.",multimodal,"[""regression"", ""segmentation"", ""classification""]",1115,"[""all""]","[""Stable"", ""Progressing""]",2,,figshare,https://doi.org/10.6084/m9.figshare.c.6406319,CC0 1.0,"Wen et al., 'GRAPE: A multi-modal dataset for glaucoma progression ',Figshare collection 2022.","[""glaucoma"", ""visual_field"", ""fundus"", ""oct"", ""longitudinal"", ""multimodal""]",1.5,"Multi-modal: contains fundus images, VF data, OCT measurements, and clinical metadata. Requires manual download from Figshare.",multimodal,"[""fundus"", ""oct"", ""visual_field"", ""tabular""]",examinations,"[{""count"": 1115, ""evidence_basis"": ""legacy_catalog_field"", ""evidence_url"": ""https://doi.org/10.6084/m9.figshare.c.6406319"", ""exactness"": ""not_assessed"", ""notes"": """", ""primary"": true, ""review_date"": ""2026-08-01"", ""scope"": ""Primary quantity reported in the reviewed catalog source"", ""unit"": ""examinations""}]",https://doi.org/10.6084/m9.figshare.c.6406319,official_repository,https://doi.org/10.6084/m9.figshare.c.6406319,anonymous_direct,False,False,False,False,False,False,False,False,unknown,available,2026-07-21,author_source_checked,Author-conducted source check; transfer completeness was evaluated separately.,end_to_end_tested,figshare,figshare_loader,0.4.0,True,2026-07-31,complete_current_deposit_downloaded,complete_current_deposit_downloaded,python hub/audit/verify_download_and_load.py run,,CC0 1.0,https://doi.org/10.6084/m9.figshare.c.6406319,dataset_files,Review the cited source for component-specific terms.,10.6084/m9.figshare.c.6406319.v1,,10.6084/m9.figshare.c.6406319,,,,,https://doi.org/10.6084/m9.figshare.c.6406319.v1,[],https://doi.org/10.6084/m9.figshare.c.6406319,https://doi.org/10.6084/m9.figshare.c.6406319,https://doi.org/10.6084/m9.figshare.c.6406319,https://doi.org/10.6084/m9.figshare.c.6406319,True,2026-07-21,checked_against_cited_source,author_source_checked,complete_current_deposit_downloaded,grape,GRAPE: Glaucoma Real-world Appraisal Progression Ensemble,cc0,cc0
harvard_fairvision,"Harvard-FairVision (AMD + DR + Glaucoma, paired SLO + OCT)","30,000 subjects (10K each AMD, DR, glaucoma) with paired SLO fundus and OCT B-scans, demographic attributes (race, ethnicity, gender, language), for fairness analysis.",multimodal,"[""classification""]",30000,"[""train"", ""val"", ""test""]","[""amd"", ""dr"", ""glaucoma""]",3,,manual,https://ophai.hms.harvard.edu/datasets/harvard-fairvision30k,CC BY-NC-ND 4.0,"Luo et al., 'FairVision: Equitable Deep Learning for Eye Disease Screening via Fair Identity Scaling', arXiv 2310.02492; Harvard Ophthalmology AI Lab 2024. Three disease sub-repos: Harvard-AMD, Harvard-DR, Harvard-Glaucoma. 30,000 subjects total (10K each).","[""multimodal"", ""fairness"", ""amd"", ""dr"", ""glaucoma"", ""slo"", ""oct""]",600.0,"Application-gated (Harvard form). No automated mirror. Sub-repos: github.com/Harvard-Ophthalmology-AI-Lab/Harvard-{AMD,DR,Glaucoma}.",multimodal,"[""fundus"", ""oct""]",participants,"[{""count"": 30000, ""evidence_basis"": ""legacy_catalog_field"", ""evidence_url"": ""https://ophai.hms.harvard.edu/datasets/harvard-fairvision30k"", ""exactness"": ""not_assessed"", ""notes"": """", ""primary"": true, ""review_date"": ""2026-08-01"", ""scope"": ""Primary quantity reported in the reviewed catalog source"", ""unit"": ""participants""}]",https://ophai.hms.harvard.edu/datasets/harvard-fairvision30k,documented_manual_route,https://ophai.hms.harvard.edu/datasets/harvard-fairvision30k,controlled_or_manual,False,False,,False,True,False,,,unknown,available,2026-07-21,author_source_checked,Author-conducted source check; transfer completeness was evaluated separately.,manual_access_blocked,manual,manual_loader,0.4.0,False,,unit_or_mocked_only,not_live_tested,,,CC BY-NC-ND 4.0,https://ophai.hms.harvard.edu/datasets/harvard-fairvision30k,dataset_files,Review the cited source for component-specific terms.,,,,,,,,https://ophai.hms.harvard.edu/datasets/harvard-fairvision30k,[],https://ophai.hms.harvard.edu/datasets/harvard-fairvision30k,https://ophai.hms.harvard.edu/datasets/harvard-fairvision30k,https://ophai.hms.harvard.edu/datasets/harvard-fairvision30k,https://ophai.hms.harvard.edu/datasets/harvard-fairvision30k,True,2026-07-21,checked_against_cited_source,author_source_checked,not_live_tested,harvard_fairvision,"Harvard-FairVision (AMD + DR + Glaucoma, paired SLO + OCT)",cc-by-nc-nd,cc-by-nc-nd
harvard_gdp,Harvard GDP: Glaucoma Detection and Progression Dataset,"1,000 patients with OCT RNFLT maps (225×225), visual field measurements, and demographics for glaucoma detection (binary) and longitudinal progression forecasting (6 definitions). First public glaucoma progression dataset from Harvard Ophthalmology AI Lab.",oct,"[""classification"", ""progression""]",1000,"[""train"", ""val"", ""test""]","[""Non-Glaucoma"", ""Glaucoma""]",2,,gdrive,https://drive.google.com/drive/folders/1JMi_HCql113uc9X0DOaMkNfEWfxaDlEz,CC BY-NC-ND 4.0,"Luo Z et al., 'Glaucoma Progression Prediction Using Retinal Thickness via Deep Learning', arXiv 2308.13411, 2023. https://github.com/Harvard-Ophthalmology-AI-Lab/Harvard-GDP","[""glaucoma"", ""oct"", ""rnflt"", ""gdrive"", ""progression"", ""longitudinal""]",2.0,,oct,"[""oct"", ""visual_field"", ""tabular""]",participants,"[{""count"": 1000, ""evidence_basis"": ""legacy_catalog_field"", ""evidence_url"": ""https://drive.google.com/drive/folders/1JMi_HCql113uc9X0DOaMkNfEWfxaDlEz"", ""exactness"": ""not_assessed"", ""notes"": """", ""primary"": true, ""review_date"": ""2026-08-01"", ""scope"": ""Primary quantity reported in the reviewed catalog source"", ""unit"": ""participants""}]",https://drive.google.com/drive/folders/1JMi_HCql113uc9X0DOaMkNfEWfxaDlEz,cloud_file_share,https://drive.google.com/drive/folders/1JMi_HCql113uc9X0DOaMkNfEWfxaDlEz,anonymous_direct,False,False,False,False,False,False,False,False,unknown,available,2026-07-21,author_source_checked,Author-conducted source check; transfer completeness was evaluated separately.,guided_instructions_only,gdrive,gdrive_loader,0.4.0,False,,unit_or_mocked_only,not_live_tested,,,CC BY-NC-ND 4.0,https://drive.google.com/drive/folders/1JMi_HCql113uc9X0DOaMkNfEWfxaDlEz,dataset_files,Review the cited source for component-specific terms.,,,,,,,,https://drive.google.com/drive/folders/1JMi_HCql113uc9X0DOaMkNfEWfxaDlEz,[],https://drive.google.com/drive/folders/1JMi_HCql113uc9X0DOaMkNfEWfxaDlEz,https://drive.google.com/drive/folders/1JMi_HCql113uc9X0DOaMkNfEWfxaDlEz,https://drive.google.com/drive/folders/1JMi_HCql113uc9X0DOaMkNfEWfxaDlEz,https://drive.google.com/drive/folders/1JMi_HCql113uc9X0DOaMkNfEWfxaDlEz,True,2026-07-21,checked_against_cited_source,author_source_checked,not_live_tested,harvard_gdp,Harvard GDP: Glaucoma Detection and Progression Dataset,cc-by-nc-nd,cc-by-nc-nd
harvard_glaucoma,Harvard Glaucoma Fundus Image Dataset,Fundus images for glaucoma detection from Harvard Medical School / Mass Eye and Ear. Binary glaucoma classification.,fundus,"[""classification""]",1000,"[""all""]","[""Non-glaucoma"", ""Glaucoma""]",2,,direct,https://doi.org/10.7910/DVN/1YRRAC,CC0 1.0 (Public Domain),"Luo X. et al., 'Harvard Glaucoma Detection and Progression Dataset', Harvard Dataverse, doi:10.7910/DVN/1YRRAC, 2023.","[""glaucoma"", ""classification"", ""fundus"", ""harvard""]",1.5,,fundus,"[""fundus""]",images,"[{""count"": 1000, ""evidence_basis"": ""legacy_catalog_field"", ""evidence_url"": ""https://doi.org/10.7910/DVN/1YRRAC"", ""exactness"": ""not_assessed"", ""notes"": """", ""primary"": true, ""review_date"": ""2026-08-01"", ""scope"": ""Primary quantity reported in the reviewed catalog source"", ""unit"": ""images""}]",https://doi.org/10.7910/DVN/1YRRAC,official_direct,https://doi.org/10.7910/DVN/1YRRAC,anonymous_direct,False,False,False,False,False,False,False,False,unknown,available,2026-07-21,author_source_checked,Author-conducted source check; transfer completeness was evaluated separately.,end_to_end_tested,direct,direct_loader,0.4.0,True,2026-07-31,complete_current_deposit_downloaded,complete_current_deposit_downloaded,python hub/audit/verify_download_and_load.py run,,CC0 1.0 (Public Domain),https://doi.org/10.7910/DVN/1YRRAC,dataset_files,Review the cited source for component-specific terms.,,,,10.7910/dvn/1yrrac,,,,https://doi.org/10.7910/DVN/1YRRAC,[],https://doi.org/10.7910/DVN/1YRRAC,https://doi.org/10.7910/DVN/1YRRAC,https://doi.org/10.7910/DVN/1YRRAC,https://doi.org/10.7910/DVN/1YRRAC,True,2026-07-21,checked_against_cited_source,author_source_checked,complete_current_deposit_downloaded,harvard_glaucoma,Harvard Glaucoma Fundus Image Dataset,cc0,cc0
hassan_composite_retina,Composite Retinal Fundus and OCT Dataset with Clinical Markings,"Composite fundus and OCT dataset with retinal layer, retinal lesion, and macular/glaucomatous disorder markings.",multimodal,"[""segmentation"", ""classification"", ""grading""]",,"[""all""]",,,,mendeley,https://data.mendeley.com/datasets/trghs22fpg/4,CC BY 4.0,"Hassan T, Akram MU, Nazir MN. A Composite Retinal Fundus and OCT Dataset with Detailed Clinical Markings. Mendeley Data, V4, 2021. doi:10.17632/trghs22fpg.4","[""mendeley"", ""fundus"", ""oct"", ""macular_edema"", ""glaucoma""]",2.0,Composite dataset; verify component provenance before treating as an independent cohort.,multimodal,"[""fundus"", ""oct""]",unknown,"[{""count"": 64, ""evidence_basis"": ""associated_publication"", ""evidence_url"": ""https://doi.org/10.1016/B978-0-12-817438-8.00005-5"", ""exactness"": ""exact"", ""notes"": ""The count was not confirmed as the exact content of the cataloged Mendeley v4 archive."", ""primary"": false, ""review_date"": ""2026-08-01"", ""scope"": ""Fundus component described by the associated publication"", ""unit"": ""images""}, {""count"": 2497, ""evidence_basis"": ""associated_publication"", ""evidence_url"": ""https://doi.org/10.1016/B978-0-12-817438-8.00005-5"", ""exactness"": ""exact"", ""notes"": ""The count was not confirmed as the exact content of the cataloged Mendeley v4 archive."", ""primary"": false, ""review_date"": ""2026-08-01"", ""scope"": ""OCT component described by the associated publication"", ""unit"": ""b_scans""}]",https://data.mendeley.com/datasets/trghs22fpg/4,official_repository,https://data.mendeley.com/datasets/trghs22fpg/4,anonymous_direct,False,False,False,False,False,False,False,False,unknown,available,2026-07-21,author_source_checked,Author-conducted source check; transfer completeness was evaluated separately.,standard_platform_supported,mendeley,mendeley_loader,0.4.0,False,,unit_or_mocked_only,not_live_tested,,,CC BY 4.0,https://data.mendeley.com/datasets/trghs22fpg/4,dataset_files,Review the cited source for component-specific terms.,10.17632/trghs22fpg.4,,trghs22fpg/4,,,,,https://doi.org/10.17632/trghs22fpg.4,[],https://data.mendeley.com/datasets/trghs22fpg/4,https://data.mendeley.com/datasets/trghs22fpg/4,https://data.mendeley.com/datasets/trghs22fpg/4,https://data.mendeley.com/datasets/trghs22fpg/4,True,2026-07-21,checked_against_cited_source,author_source_checked,not_live_tested,hassan_composite_retina,Composite Retinal Fundus and OCT Dataset with Clinical Markings,cc-by,cc-by
hei_med,HEI-MED: Hamilton Eye Institute Macular Edema Dataset,"A collection of 169 fundus photographs with expert exudate and bright lesion annotations, clinical metadata, optic nerve locations, vessel estimates, and image quality scores.",fundus,"[""segmentation"", ""classification"", ""quality""]",169,"[""all""]",,,,github,https://github.com/lgiancaUTH/HEI-MED,Research only: non-commercial research use,"Giancardo L, Meriaudeau F, Karnowski TP, et al. Exudate-based diabetic macular edema detection in fundus images using publicly available datasets. Med Image Anal. 2012;16:216-226. doi:10.1016/j.media.2011.07.004","[""fundus"", ""dme"", ""exudates"", ""segmentation"", ""github""]",0.32,The source README permits only non-commercial research use and requires citation. No SPDX license file is present.,fundus,"[""fundus""]",images,"[{""count"": 169, ""evidence_basis"": ""legacy_catalog_field"", ""evidence_url"": ""https://github.com/lgiancaUTH/HEI-MED"", ""exactness"": ""not_assessed"", ""notes"": """", ""primary"": true, ""review_date"": ""2026-08-01"", ""scope"": ""Primary quantity reported in the reviewed catalog source"", ""unit"": ""images""}]",https://github.com/lgiancaUTH/HEI-MED,source_repository,https://github.com/lgiancaUTH/HEI-MED,anonymous_direct,False,False,False,False,False,False,False,False,unknown,available,2026-07-21,author_source_checked,Author-conducted source check; transfer completeness was evaluated separately.,end_to_end_tested,github,github_loader,0.4.0,True,2026-07-31,complete_current_deposit_downloaded,complete_current_deposit_downloaded,python hub/audit/verify_download_and_load.py run,,Research only: non-commercial research use,https://github.com/lgiancaUTH/HEI-MED,dataset_files,Review the cited source for component-specific terms.,,,,10.1016/j.media.2011.07.004,,,,https://github.com/lgiancaUTH/HEI-MED,[],https://github.com/lgiancaUTH/HEI-MED,https://github.com/lgiancaUTH/HEI-MED,https://github.com/lgiancaUTH/HEI-MED,https://github.com/lgiancaUTH/HEI-MED,True,2026-07-21,checked_against_cited_source,author_source_checked,complete_current_deposit_downloaded,hei_med,HEI-MED: Hamilton Eye Institute Macular Edema Dataset,research-only,research-only
hpmi,HPMI: High & Pathological Myopia Identification,"4,011 color fundus images labeled for high-myopia vs pathological-myopia classification — largest public dataset for HM/PM separation.",fundus,"[""classification""]",4011,"[""all""]","[""high_myopia"", ""pathological_myopia""]",2,,figshare,https://doi.org/10.6084/m9.figshare.24800232,CC BY 4.0,"Huang et al., 'HPMI: A retinal fundus image dataset for identification of high and pathological myopia based on deep learning', Figshare 2024. doi:10.6084/m9.figshare.24800232","[""fundus"", ""myopia"", ""high_myopia"", ""pathological_myopia""]",2.0,Complements EyeDataHub's PALM (pathological-myopia challenge).,fundus,"[""fundus""]",images,"[{""count"": 4011, ""evidence_basis"": ""legacy_catalog_field"", ""evidence_url"": ""https://doi.org/10.6084/m9.figshare.24800232"", ""exactness"": ""not_assessed"", ""notes"": """", ""primary"": true, ""review_date"": ""2026-08-01"", ""scope"": ""Primary quantity reported in the reviewed catalog source"", ""unit"": ""images""}]",https://doi.org/10.6084/m9.figshare.24800232,official_repository,https://doi.org/10.6084/m9.figshare.24800232,anonymous_direct,False,False,False,False,False,False,False,False,unknown,available,2026-07-21,author_source_checked,Author-conducted source check; transfer completeness was evaluated separately.,end_to_end_tested,figshare,figshare_loader,0.4.0,True,2026-07-31,complete_current_deposit_downloaded,complete_current_deposit_downloaded,python hub/audit/verify_download_and_load.py run,,CC BY 4.0,https://doi.org/10.6084/m9.figshare.24800232,dataset_files,Review the cited source for component-specific terms.,10.6084/m9.figshare.24800232,,10.6084/m9.figshare.24800232,,,,,https://doi.org/10.6084/m9.figshare.24800232,[],https://doi.org/10.6084/m9.figshare.24800232,https://doi.org/10.6084/m9.figshare.24800232,https://doi.org/10.6084/m9.figshare.24800232,https://doi.org/10.6084/m9.figshare.24800232,True,2026-07-21,checked_against_cited_source,author_source_checked,complete_current_deposit_downloaded,hpmi,HPMI: High & Pathological Myopia Identification,cc-by,cc-by
hrf,HRF: High-Resolution Fundus Image Database,45 high-resolution fundus images (healthy/DR/glaucoma) with manual vessel segmentation.,fundus,"[""segmentation""]",45,"[""all""]",,,"[3504, 2336]",manual,https://www5.cs.fau.de/research/data/fundus-images/,CC BY 4.0,"Budai et al., 'Robust vessel segmentation in fundus images', Intl Journal of Biomedical Imaging 2013.","[""vessel_segmentation"", ""fundus"", ""high_resolution""]",0.5,Requires manual download from FAU Erlangen-Nuremberg website.,fundus,"[""fundus""]",images,"[{""count"": 45, ""evidence_basis"": ""legacy_catalog_field"", ""evidence_url"": ""https://www5.cs.fau.de/research/data/fundus-images/"", ""exactness"": ""not_assessed"", ""notes"": """", ""primary"": true, ""review_date"": ""2026-08-01"", ""scope"": ""Primary quantity reported in the reviewed catalog source"", ""unit"": ""images""}]",https://www5.cs.fau.de/research/data/fundus-images/,documented_manual_route,https://www5.cs.fau.de/research/data/fundus-images/,anonymous_direct,False,False,False,False,False,False,False,False,unknown,available,2026-07-21,acquisition_route_verified,Author-conducted source check; transfer completeness was evaluated separately.,guided_instructions_only,manual,manual_loader,0.4.0,False,,unit_or_mocked_only,not_live_tested,,,CC BY 4.0,https://www5.cs.fau.de/research/data/fundus-images/,dataset_files,Review the cited source for component-specific terms.,,,,,,,,https://www5.cs.fau.de/research/data/fundus-images/,[],https://www5.cs.fau.de/research/data/fundus-images/,https://www5.cs.fau.de/research/data/fundus-images/,https://www5.cs.fau.de/research/data/fundus-images/,https://www5.cs.fau.de/research/data/fundus-images/,True,2026-07-21,checked_against_cited_source,acquisition_route_verified,not_live_tested,hrf,HRF: High-Resolution Fundus Image Database,cc-by,cc-by
hrf_seg_plus,HRF-Seg+: Multi-Structure Fundus Annotations,"Extended HRF annotations for optic disc, cup, retinal vessels, and alpha/beta peripapillary zones.",fundus,"[""segmentation""]",45,"[""all""]",,,,zenodo,https://zenodo.org/records/16744782,CC BY 4.0,"HRF-Seg+: A multi-structure annotated fundus image dataset. Zenodo, 2026. doi:10.5281/zenodo.16744782","[""zenodo"", ""hrf"", ""segmentation"", ""derivative"", ""optic_disc""]",0.01,Derivative annotation layer for existing HRF images.,fundus,"[""fundus""]",images,"[{""count"": 45, ""evidence_basis"": ""official_source_description"", ""evidence_url"": ""https://zenodo.org/records/16744782"", ""exactness"": ""exact"", ""notes"": """", ""primary"": true, ""review_date"": ""2026-08-01"", ""scope"": ""HRF images receiving extended annotations"", ""unit"": ""images""}]",https://zenodo.org/records/16744782,official_repository,https://zenodo.org/records/16744782,anonymous_direct,False,False,False,False,False,False,False,False,unknown,available,2026-07-21,author_source_checked,Author-conducted source check; transfer completeness was evaluated separately.,standard_platform_supported,zenodo,zenodo_loader,0.4.0,False,,unit_or_mocked_only,not_live_tested,,,CC BY 4.0,https://zenodo.org/records/16744782,dataset_files,Review the cited source for component-specific terms.,10.5281/zenodo.16744782,,records/16744782,,,,,https://doi.org/10.5281/zenodo.16744782,"[{""target"": ""hrf"", ""type"": ""derived_from""}]",https://zenodo.org/records/16744782,https://zenodo.org/records/16744782,https://zenodo.org/records/16744782,https://zenodo.org/records/16744782,True,2026-07-21,checked_against_cited_source,author_source_checked,not_live_tested,hrf_seg_plus,HRF-Seg+: Multi-Structure Fundus Annotations,cc-by,cc-by
hyamd,HYAMD High-Resolution Fundus Image Dataset for AMD Diagnosis,High-resolution fundus images from Hillel Yaffe Medical Center for age-related macular degeneration diagnosis.,fundus,"[""classification""]",1560,"[""all""]",,,,physionet,https://physionet.org/content/hillel-yaffe-fundus-amd/1.0.0/,PhysioNet Restricted Health Data License 1.5.0,"Meisel M, Cohen BA, Baskin M, Tiosano B, Behar J, Berkowitz E. HYAMD High-Resolution Fundus Image Dataset for AMD Diagnosis. PhysioNet, version 1.0.0, 2025. doi:10.13026/ydf1-z238","[""physionet"", ""fundus"", ""amd"", ""hillel_yaffe""]",,PhysioNet requires registration and the project-specific Restricted Health Data Use Agreement before file access.,fundus,"[""fundus""]",images,"[{""count"": 1560, ""evidence_basis"": ""legacy_catalog_field"", ""evidence_url"": ""https://physionet.org/content/hillel-yaffe-fundus-amd/1.0.0/"", ""exactness"": ""not_assessed"", ""notes"": """", ""primary"": true, ""review_date"": ""2026-08-01"", ""scope"": ""Primary quantity reported in the reviewed catalog source"", ""unit"": ""images""}]",https://physionet.org/content/hillel-yaffe-fundus-amd/1.0.0/,data_platform,https://physionet.org/content/hillel-yaffe-fundus-amd/1.0.0/,controlled_or_manual,True,True,False,True,False,True,False,False,unknown,available,2026-07-21,acquisition_route_verified,Author-conducted source check; transfer completeness was evaluated separately.,manual_access_blocked,physionet,physionet_loader,0.4.0,False,,unit_or_mocked_only,not_live_tested,,,PhysioNet Restricted Health Data License 1.5.0,https://physionet.org/content/hillel-yaffe-fundus-amd/1.0.0/,dataset_files,Review the cited source for component-specific terms.,10.13026/ydf1-z238,,hillel-yaffe-fundus-amd/1.0.0,,,,1.0.0,https://doi.org/10.13026/ydf1-z238,[],https://physionet.org/content/hillel-yaffe-fundus-amd/1.0.0/,https://physionet.org/content/hillel-yaffe-fundus-amd/1.0.0/,https://physionet.org/content/hillel-yaffe-fundus-amd/1.0.0/,https://physionet.org/content/hillel-yaffe-fundus-amd/1.0.0/,True,2026-07-21,checked_against_cited_source,acquisition_route_verified,not_live_tested,hyamd,HYAMD High-Resolution Fundus Image Dataset for AMD Diagnosis,unknown,unknown
hygd,HYGD: Hillel Yaffe Glaucoma Dataset,747 fundus images from 288 patients with glaucoma labels confirmed by paired OCT + visual field. First public dataset with gold-standard multimodal glaucoma confirmation.,fundus,"[""classification""]",747,"[""all""]","[""non_glaucoma"", ""glaucoma""]",2,,physionet,https://doi.org/10.13026/pdxv-m215,ODC-BY 1.0 (Open Data Commons Attribution),"Hillel Yaffe Glaucoma Dataset, PhysioNet 2024 (v1.1.0). Labels gold-standardized via OCT + visual field. doi:10.13026/pdxv-m215","[""fundus"", ""glaucoma"", ""multimodal_confirmed"", ""physionet""]",1.0,Open-access (ODC-BY) — no PhysioNet credentialing required.,fundus,"[""fundus""]",images,"[{""count"": 747, ""evidence_basis"": ""legacy_catalog_field"", ""evidence_url"": ""https://doi.org/10.13026/pdxv-m215"", ""exactness"": ""not_assessed"", ""notes"": """", ""primary"": true, ""review_date"": ""2026-08-01"", ""scope"": ""Primary quantity reported in the reviewed catalog source"", ""unit"": ""images""}]",https://doi.org/10.13026/pdxv-m215,data_platform,https://doi.org/10.13026/pdxv-m215,anonymous_direct,False,False,False,False,False,False,False,False,unknown,available,2026-07-21,author_source_checked,Author-conducted source check; transfer completeness was evaluated separately.,end_to_end_tested,physionet,physionet_loader,0.4.0,True,2026-07-31,complete_current_deposit_downloaded,complete_current_deposit_downloaded,python hub/audit/verify_download_and_load.py run,,ODC-BY 1.0 (Open Data Commons Attribution),https://doi.org/10.13026/pdxv-m215,dataset_files,Review the cited source for component-specific terms.,10.13026/pdxv-m215,,10.13026/pdxv-m215,,,,,https://doi.org/10.13026/pdxv-m215,[],https://doi.org/10.13026/pdxv-m215,https://doi.org/10.13026/pdxv-m215,https://doi.org/10.13026/pdxv-m215,https://doi.org/10.13026/pdxv-m215,True,2026-07-21,checked_against_cited_source,author_source_checked,complete_current_deposit_downloaded,hygd,HYGD: Hillel Yaffe Glaucoma Dataset,odc-by,odc-by
ichallenge_amd,iChallenge-AMD: Age-related Macular Degeneration,400 training fundus images with AMD classification (non-AMD vs AMD) and lesion annotations. Challenge dataset from ISBI 2020.,fundus,"[""classification""]",400,"[""train"", ""test""]","[""Non-AMD"", ""AMD""]",2,,manual,https://amd.grand-challenge.org/download/,Research only — requires registration,"Fu et al., 'Age-Related Macular Degeneration and Pathologic Myopia Fundus Image Analysis Challenge', ISBI 2020.","[""amd"", ""classification"", ""fundus""]",1.5,"Grand Challenge login is required:
  https://amd.grand-challenge.org/download/
The original Baidu BROAD portal has returned intermittent 5xx errors since 2024. Alternative partial resource:
- PaddleSeg optic-disc subset (~19 MB, direct HTTPS, no login): https://paddleseg.bj.bcebos.com/dataset/optic_disc_seg.zip
The full 1.5 GB dataset is only via Grand Challenge or the Baidu portal.",fundus,"[""fundus""]",images,"[{""count"": 400, ""evidence_basis"": ""legacy_catalog_field"", ""evidence_url"": ""https://amd.grand-challenge.org/download/"", ""exactness"": ""not_assessed"", ""notes"": """", ""primary"": true, ""review_date"": ""2026-08-01"", ""scope"": ""Primary quantity reported in the reviewed catalog source"", ""unit"": ""images""}]",https://amd.grand-challenge.org/download/,challenge_platform,https://amd.grand-challenge.org/download/,self_service_authenticated,True,True,,False,False,False,False,False,unknown,available,2026-07-21,author_source_checked,Author-conducted source check; transfer completeness was evaluated separately.,guided_instructions_only,manual,manual_loader,0.4.0,False,,unit_or_mocked_only,not_live_tested,,,Research only — requires registration,https://amd.grand-challenge.org/download/,dataset_files,Review the cited source for component-specific terms.,,,,,,download,,https://amd.grand-challenge.org/download/,[],https://amd.grand-challenge.org/download/,https://amd.grand-challenge.org/download/,https://amd.grand-challenge.org/download/,https://amd.grand-challenge.org/download/,True,2026-07-21,checked_against_cited_source,author_source_checked,not_live_tested,ichallenge_amd,iChallenge-AMD: Age-related Macular Degeneration,research-only,research-only
ichallenge_oct,iChallenge OCT Datasets (HDMILab / OMIA Workshops),OCT challenge datasets from HDMILab covering retinal layer segmentation and fluid detection tasks from MICCAI/OMIA workshops. Includes sub-challenges such as AMD/CSC/DR classification and retinal layer segmentation; GAMMA challenge provides OCT volumes from 300 glaucoma patients (fundus + 3D OCT).,oct,"[""segmentation"", ""classification""]",300,"[""train"", ""test""]",,,,manual,http://hdmilab.cn/ichallenge,Non-commercial research (challenge-specific),HDMILab iChallenge. http://hdmilab.cn/ichallenge,"[""oct"", ""segmentation"", ""challenge"", ""ichallenge"", ""omia""]",2.0,"num_samples refers to patient volumes (GAMMA has 300 patients, each with 3D OCT + fundus). Slice counts depend on sub-challenge. Visit http://hdmilab.cn/ichallenge, register/log in, and download the relevant challenge dataset(s). Place extracted files under ~/.eyedatahub/data/ichallenge_oct/.",oct,"[""oct""]",volumes,"[{""count"": 300, ""evidence_basis"": ""legacy_catalog_field"", ""evidence_url"": ""http://hdmilab.cn/ichallenge"", ""exactness"": ""not_assessed"", ""notes"": """", ""primary"": true, ""review_date"": ""2026-08-01"", ""scope"": ""Primary quantity reported in the reviewed catalog source"", ""unit"": ""volumes""}]",http://hdmilab.cn/ichallenge,documented_manual_route,http://hdmilab.cn/ichallenge,self_service_authenticated,True,True,False,False,False,False,False,False,unknown,available,2026-07-21,acquisition_route_verified,Author-conducted source check; transfer completeness was evaluated separately.,guided_instructions_only,manual,manual_loader,0.4.0,False,,unit_or_mocked_only,not_live_tested,,,Non-commercial research (challenge-specific),http://hdmilab.cn/ichallenge,challenge_participation,Review the cited source for component-specific terms.,,,,,,,,http://hdmilab.cn/ichallenge,"[{""target"": ""gamma"", ""type"": ""has_component""}]",http://hdmilab.cn/ichallenge,http://hdmilab.cn/ichallenge,http://hdmilab.cn/ichallenge,http://hdmilab.cn/ichallenge,True,2026-07-21,checked_against_cited_source,acquisition_route_verified,not_live_tested,ichallenge_oct,iChallenge OCT Datasets (HDMILab / OMIA Workshops),research-only,research-only
idrid,IDRiD: Indian Diabetic Retinopathy Image Dataset,"516 fundus images with DR grade (0-4), macular edema grade (0-2), and pixel-level lesion segmentation for 81 images.",fundus,"[""grading"", ""classification"", ""segmentation""]",516,"[""train"", ""test""]","[""Grade 0"", ""Grade 1"", ""Grade 2"", ""Grade 3"", ""Grade 4""]",5,,manual,https://ieee-dataport.org/open-access/indian-diabetic-retinopathy-image-dataset-idrid,CC BY 4.0,"Porwal et al., 'Indian diabetic retinopathy image dataset (IDRiD): A database for diabetic retinopathy screening research', Data 2018.","[""diabetic_retinopathy"", ""grading"", ""segmentation"", ""fundus""]",2.5,Requires IEEE DataPort account (free).,fundus,"[""fundus""]",images,"[{""count"": 516, ""evidence_basis"": ""legacy_catalog_field"", ""evidence_url"": ""https://ieee-dataport.org/open-access/indian-diabetic-retinopathy-image-dataset-idrid"", ""exactness"": ""not_assessed"", ""notes"": """", ""primary"": true, ""review_date"": ""2026-08-01"", ""scope"": ""Primary quantity reported in the reviewed catalog source"", ""unit"": ""images""}]",https://ieee-dataport.org/open-access/indian-diabetic-retinopathy-image-dataset-idrid,documented_manual_route,https://ieee-dataport.org/open-access/indian-diabetic-retinopathy-image-dataset-idrid,self_service_authenticated,True,True,,False,False,False,False,False,unknown,available,2026-07-21,author_source_checked,Author-conducted source check; transfer completeness was evaluated separately.,guided_instructions_only,manual,manual_loader,0.4.0,False,,unit_or_mocked_only,not_live_tested,,,CC BY 4.0,https://ieee-dataport.org/open-access/indian-diabetic-retinopathy-image-dataset-idrid,dataset_files,Review the cited source for component-specific terms.,,,,,,,,https://ieee-dataport.org/open-access/indian-diabetic-retinopathy-image-dataset-idrid,[],https://ieee-dataport.org/open-access/indian-diabetic-retinopathy-image-dataset-idrid,https://ieee-dataport.org/open-access/indian-diabetic-retinopathy-image-dataset-idrid,https://ieee-dataport.org/open-access/indian-diabetic-retinopathy-image-dataset-idrid,https://ieee-dataport.org/open-access/indian-diabetic-retinopathy-image-dataset-idrid,True,2026-07-21,checked_against_cited_source,author_source_checked,not_live_tested,idrid,IDRiD: Indian Diabetic Retinopathy Image Dataset,cc-by,cc-by
insegcat,InSegCat: Instance Segmentation for Cataract Surgery,"Two COCO-format instance-segmentation datasets derived from cataract surgery videos, covering instruments and anatomical structures.",surgical_video,"[""segmentation""]",5581,"[""train"", ""test""]",,,,manual,https://ftp.itec.aau.at/datasets/ovid/InSegCat/,Research only (ITEC AAU),"InSegCat dataset, ITEC AAU. COCO-format instance segmentation for cataract surgery.","[""surgical_video"", ""cataract"", ""instance_segmentation"", ""coco""]",10.0,,surgical_video,"[""surgical_video""]",annotated_images,"[{""count"": 5581, ""evidence_basis"": ""derived_from_reported_components"", ""evidence_url"": ""https://ftp.itec.aau.at/datasets/ovid/InSegCat/"", ""exactness"": ""exact"", ""notes"": """", ""primary"": true, ""review_date"": ""2026-08-01"", ""scope"": ""Current Dataset 1 v2 plus Dataset 2"", ""unit"": ""annotated_images""}, {""count"": 843, ""evidence_basis"": ""official_source_description"", ""evidence_url"": ""https://ftp.itec.aau.at/datasets/ovid/InSegCat/"", ""exactness"": ""exact"", ""notes"": """", ""primary"": false, ""review_date"": ""2026-08-01"", ""scope"": ""Dataset 1 v2, manually annotated Cataract-101 frames"", ""unit"": ""annotated_images""}, {""count"": 4738, ""evidence_basis"": ""official_source_description"", ""evidence_url"": ""https://ftp.itec.aau.at/datasets/ovid/InSegCat/"", ""exactness"": ""exact"", ""notes"": """", ""primary"": false, ""review_date"": ""2026-08-01"", ""scope"": ""Dataset 2, CaDIS-derived annotations"", ""unit"": ""annotated_images""}]",https://ftp.itec.aau.at/datasets/ovid/InSegCat/,documented_manual_route,https://ftp.itec.aau.at/datasets/ovid/InSegCat/,self_service_clickthrough,False,False,False,True,False,False,False,False,unknown,available,2026-07-21,acquisition_route_verified,Author-conducted source check; transfer completeness was evaluated separately.,guided_instructions_only,manual,manual_loader,0.4.0,False,,unit_or_mocked_only,not_live_tested,,,Research only (ITEC AAU),https://ftp.itec.aau.at/datasets/ovid/InSegCat/,dataset_files,Review the cited source for component-specific terms.,,,,,,,,https://ftp.itec.aau.at/datasets/ovid/InSegCat/,"[{""target"": ""cadis"", ""type"": ""derived_from""}, {""target"": ""cataract_101"", ""type"": ""derived_from""}]",https://ftp.itec.aau.at/datasets/ovid/InSegCat/,https://ftp.itec.aau.at/datasets/ovid/InSegCat/,https://ftp.itec.aau.at/datasets/ovid/InSegCat/,https://ftp.itec.aau.at/datasets/ovid/InSegCat/,True,2026-07-21,checked_against_cited_source,acquisition_route_verified,not_live_tested,insegcat,InSegCat: Instance Segmentation for Cataract Surgery,research-only,research-only
intraretinal_cystoid_fluid,Intraretinal Cystoid Fluid OCT Segmentation Dataset,"OCT images for intraretinal cystoid-fluid segmentation, partly derived from public OCT DME sources with expert-selected masks.",oct,"[""segmentation""]",1460,"[""all""]",,,,kaggle,https://www.kaggle.com/datasets/zeeshanahmed13/intraretinal-cystoid-fluid,CC BY-NC-SA 4.0,"Intraretinal Cystoid Fluid dataset. Kaggle, accessed 2026-07.","[""kaggle"", ""oct"", ""cystoid_fluid"", ""segmentation"", ""derivative""]",1.0,Partly derived from existing OCT datasets; retain as segmentation-mask resource.,oct,"[""oct""]",images,"[{""count"": 1460, ""evidence_basis"": ""legacy_catalog_field"", ""evidence_url"": ""https://www.kaggle.com/datasets/zeeshanahmed13/intraretinal-cystoid-fluid"", ""exactness"": ""not_assessed"", ""notes"": """", ""primary"": true, ""review_date"": ""2026-08-01"", ""scope"": ""Primary quantity reported in the reviewed catalog source"", ""unit"": ""images""}]",https://www.kaggle.com/datasets/zeeshanahmed13/intraretinal-cystoid-fluid,data_platform,https://www.kaggle.com/datasets/zeeshanahmed13/intraretinal-cystoid-fluid,self_service_authenticated,True,True,True,False,False,False,False,False,unknown,available,2026-07-21,author_source_checked,Author-conducted source check; transfer completeness was evaluated separately.,standard_platform_supported,kaggle,kaggle_loader,0.4.0,False,,unit_or_mocked_only,not_live_tested,,,CC BY-NC-SA 4.0,https://www.kaggle.com/datasets/zeeshanahmed13/intraretinal-cystoid-fluid,dataset_files,Review the cited source for component-specific terms.,,,zeeshanahmed13/intraretinal-cystoid-fluid,,,,,https://www.kaggle.com/datasets/zeeshanahmed13/intraretinal-cystoid-fluid,"[{""target"": ""kermany_oct"", ""type"": ""derived_from""}]",https://www.kaggle.com/datasets/zeeshanahmed13/intraretinal-cystoid-fluid,https://www.kaggle.com/datasets/zeeshanahmed13/intraretinal-cystoid-fluid,https://www.kaggle.com/datasets/zeeshanahmed13/intraretinal-cystoid-fluid,https://www.kaggle.com/datasets/zeeshanahmed13/intraretinal-cystoid-fluid,True,2026-07-21,checked_against_cited_source,author_source_checked,not_live_tested,intraretinal_cystoid_fluid,Intraretinal Cystoid Fluid OCT Segmentation Dataset,cc-by-nc-sa,cc-by-nc-sa
irfdrd,Iraqi Retinal Fundus Diabetic Retinopathy Dataset,Retinal fundus dataset for five-class diabetic-retinopathy grading.,fundus,"[""classification"", ""grading""]",700,"[""all""]",,,,zenodo,https://zenodo.org/records/12552326,CC BY 4.0,"Iraqi Retinal Fundus Diabetic Retinopathy Dataset. Zenodo, 2024. doi:10.5281/zenodo.12552326","[""zenodo"", ""fundus"", ""diabetic_retinopathy"", ""iraq""]",,,fundus,"[""fundus""]",images,"[{""count"": 700, ""evidence_basis"": ""current_deposit_file_listing"", ""evidence_url"": ""https://zenodo.org/records/12552326"", ""exactness"": ""exact"", ""notes"": ""Archive listing resolves a conflicting class table in the source description: 153 healthy, 59 mild, 304 moderate, 99 severe, and 85 PDR files."", ""primary"": true, ""review_date"": ""2026-08-01"", ""scope"": ""JPEG files in the three nested class archives"", ""unit"": ""images""}]",https://zenodo.org/records/12552326,official_repository,https://zenodo.org/records/12552326,anonymous_direct,False,False,False,False,False,False,False,False,unknown,available,2026-07-21,author_source_checked,Author-conducted source check; transfer completeness was evaluated separately.,standard_platform_supported,zenodo,zenodo_loader,0.4.0,False,,unit_or_mocked_only,not_live_tested,,,CC BY 4.0,https://zenodo.org/records/12552326,dataset_files,Review the cited source for component-specific terms.,10.5281/zenodo.12552326,,records/12552326,,,,,https://doi.org/10.5281/zenodo.12552326,[],https://zenodo.org/records/12552326,https://zenodo.org/records/12552326,https://zenodo.org/records/12552326,https://zenodo.org/records/12552326,True,2026-07-21,checked_against_cited_source,author_source_checked,not_live_tested,irfdrd,Iraqi Retinal Fundus Diabetic Retinopathy Dataset,cc-by,cc-by
jichi,Jichi Medical University Diabetic Retinopathy Dataset,"9,939 color fundus images from Japanese patients with DR grading labels (Davis grading scale).",fundus,"[""grading"", ""classification""]",9939,"[""all""]",,4,,figshare,https://doi.org/10.6084/m9.figshare.4879853,CC BY 4.0,"Takahashi et al., 'Applying artificial intelligence to disease staging: Deep learning for improved staging of diabetic retinopathy', PLOS ONE 2017. Article: https://pmc.ncbi.nlm.nih.gov/articles/PMC5480986/","[""fundus"", ""dr"", ""grading"", ""japan""]",10.0,,fundus,"[""fundus""]",images,"[{""count"": 9939, ""evidence_basis"": ""legacy_catalog_field"", ""evidence_url"": ""https://doi.org/10.6084/m9.figshare.4879853"", ""exactness"": ""not_assessed"", ""notes"": """", ""primary"": true, ""review_date"": ""2026-08-01"", ""scope"": ""Primary quantity reported in the reviewed catalog source"", ""unit"": ""images""}]",https://doi.org/10.6084/m9.figshare.4879853,official_repository,https://doi.org/10.6084/m9.figshare.4879853,anonymous_direct,False,False,False,False,False,False,False,False,unknown,available,2026-07-21,author_source_checked,Author-conducted source check; transfer completeness was evaluated separately.,end_to_end_tested,figshare,figshare_loader,0.4.0,True,2026-07-31,complete_current_deposit_downloaded,complete_current_deposit_downloaded,python hub/audit/verify_download_and_load.py run,,CC BY 4.0,https://doi.org/10.6084/m9.figshare.4879853,dataset_files,Review the cited source for component-specific terms.,10.6084/m9.figshare.4879853,,10.6084/m9.figshare.4879853,,,,,https://doi.org/10.6084/m9.figshare.4879853,[],https://doi.org/10.6084/m9.figshare.4879853,https://doi.org/10.6084/m9.figshare.4879853,https://doi.org/10.6084/m9.figshare.4879853,https://doi.org/10.6084/m9.figshare.4879853,True,2026-07-21,checked_against_cited_source,author_source_checked,complete_current_deposit_downloaded,jichi,Jichi Medical University Diabetic Retinopathy Dataset,cc-by,cc-by
jrc_multimodal_vessels,JRC Multi-Modal Retinal Vessel Segmentation,"Multi-modal retinal vessel segmentation dataset spanning fluorescence angiography, fundus autofluorescence, and infrared imaging.",multimodal,"[""segmentation""]",120,"[""all""]",,,,manual,https://zenodo.org/records/17874693,Academic request / Unknown,"JRC-Multi-Modal Retinal Vessel Segmentation. Zenodo, 2026. doi:10.5281/zenodo.17874693","[""zenodo"", ""vessels"", ""fa"", ""faf"", ""infrared""]",,Source page indicates access by academic request; not an open direct download.,multimodal,"[""fundus"", ""fundus_angiography"", ""fundus_autofluorescence"", ""infrared""]",images,"[{""count"": 120, ""evidence_basis"": ""derived_from_reported_components"", ""evidence_url"": ""https://zenodo.org/records/17874693"", ""exactness"": ""exact"", ""notes"": """", ""primary"": true, ""review_date"": ""2026-08-01"", ""scope"": ""Forty images in each of FA, FAF, and infrared subsets"", ""unit"": ""images""}]",https://zenodo.org/records/17874693,documented_manual_route,https://zenodo.org/records/17874693,controlled_or_manual,False,False,,False,True,False,,,unknown,available,2026-07-21,author_source_checked,Author-conducted source check; transfer completeness was evaluated separately.,manual_access_blocked,manual,manual_loader,0.4.0,False,,unit_or_mocked_only,not_live_tested,,,Academic request / Unknown,https://zenodo.org/records/17874693,unknown,Review the cited source for component-specific terms.,,,,10.5281/zenodo.17874693,,,,https://zenodo.org/records/17874693,[],https://zenodo.org/records/17874693,https://zenodo.org/records/17874693,https://zenodo.org/records/17874693,https://zenodo.org/records/17874693,True,2026-07-21,checked_against_cited_source,author_source_checked,not_live_tested,jrc_multimodal_vessels,JRC Multi-Modal Retinal Vessel Segmentation,unknown,unknown
jsiec,JSIEC Fundus Photo Dataset,"1,000 fundus images spanning 39 ophthalmic disease categories from the Joint Shantou International Eye Center. Used for multi-class fundus disease classification.",fundus,"[""classification""]",1000,"[""all""]","[""0.0.Normal"", ""0.1.Tessellated fundus"", ""0.2.Large optic cup"", ""0.3.DR1"", ""1.0.DR2"", ""1.1.DR3"", ""10.0.Possible glaucoma"", ""10.1.Optic atrophy"", ""11.Severe hypertensive retinopathy"", ""12.Disc swelling and elevation"", ""13.Dragged Disc"", ""14.Congenital disc abnormality"", ""15.0.Retinitis pigmentosa"", ""15.1.Bietti crystalline dystrophy"", ""16.Peripheral retinal degeneration and break"", ""17.Myelinated nerve fiber"", ""18.Vitreous particles"", ""19.Fundus neoplasm"", ""2.0.BRVO"", ""2.1.CRVO"", ""20.Massive hard exudates"", ""21.Yellow-white spots-flecks"", ""22.Cotton-wool spots"", ""23.Vessel tortuosity"", ""24.Chorioretinal atrophy-coloboma"", ""25.Preretinal hemorrhage"", ""26.Fibrosis"", ""27.Laser Spots"", ""28.Silicon oil in eye"", ""29.0.Blur fundus without PDR"", ""29.1.Blur fundus with suspected PDR"", ""3.RAO"", ""4.Rhegmatogenous RD"", ""5.0.CSCR"", ""5.1.VKH disease"", ""6.Maculopathy"", ""7.ERM"", ""8.MH"", ""9.Pathological myopia""]",39,,zenodo,https://zenodo.org/record/3477553,Other open access (Zenodo; no standard license identifier),"Cen et al., 'Automatic detection of 39 fundus diseases and conditions in retinal photographs using deep neural networks', Nature Communications 2021. doi:10.1038/s41467-021-25138-w. Data: doi:10.5281/zenodo.3477553","[""multi_disease"", ""fundus"", ""zenodo"", ""classification""]",0.4,Zenodo labels the deposit as other open access but does not name a standard reuse license. Verify terms before redistribution.,fundus,"[""fundus""]",images,"[{""count"": 1000, ""evidence_basis"": ""legacy_catalog_field"", ""evidence_url"": ""https://zenodo.org/record/3477553"", ""exactness"": ""not_assessed"", ""notes"": """", ""primary"": true, ""review_date"": ""2026-08-01"", ""scope"": ""Primary quantity reported in the reviewed catalog source"", ""unit"": ""images""}]",https://zenodo.org/record/3477553,official_repository,https://zenodo.org/record/3477553,anonymous_direct,False,False,False,False,False,False,False,False,unknown,available,2026-07-21,author_source_checked,Author-conducted source check; transfer completeness was evaluated separately.,transfer_tested_partial,zenodo,zenodo_loader,0.4.0,False,2026-07-25,official_metadata_or_file_listing,metadata_or_file_listing_confirmed,python hub/audit/validate_acquisition.py,,Other open access (Zenodo; no standard license identifier),https://zenodo.org/record/3477553,unknown,Review the cited source for component-specific terms.,10.5281/zenodo.3477553,,record/3477553,10.1038/s41467-021-25138-w,,,,https://doi.org/10.5281/zenodo.3477553,[],https://zenodo.org/record/3477553,https://zenodo.org/record/3477553,https://zenodo.org/record/3477553,https://zenodo.org/record/3477553,True,2026-07-21,checked_against_cited_source,author_source_checked,metadata_or_file_listing_confirmed,jsiec,JSIEC Fundus Photo Dataset,unknown,unknown
justraigs,JustRAIGS: Just Referral AI Glaucoma Screening Dataset,"101,442 gradable fundus images labeled as referable (RG) or non-referable (NRG) for glaucoma. Image data from EyePACS LLC; labels from Rotterdam Eye Hospital expert graders.",fundus,"[""classification""]",101442,"[""train""]","[""No Referable Glaucoma"", ""Referable Glaucoma""]",2,,zenodo,https://zenodo.org/records/10035093,CC BY-NC-ND 4.0,"Thakoor et al., 'JustRAIGS: Justify Your Artificial Intelligence Prediction for Referable or Not Referable Glaucoma Screening', MICCAI 2023. Zenodo: https://zenodo.org/records/10035093","[""glaucoma"", ""fundus"", ""zenodo"", ""screening"", ""classification""]",100.0,Large dataset (~100 GB). The record is publicly accessible but downloading requires accepting the CC BY-NC-ND terms on the Zenodo page. Set ZENODO_TOKEN in .env if access is denied.,fundus,"[""fundus""]",images,"[{""count"": 101442, ""evidence_basis"": ""legacy_catalog_field"", ""evidence_url"": ""https://zenodo.org/records/10035093"", ""exactness"": ""not_assessed"", ""notes"": """", ""primary"": true, ""review_date"": ""2026-08-01"", ""scope"": ""Primary quantity reported in the reviewed catalog source"", ""unit"": ""images""}]",https://zenodo.org/records/10035093,official_repository,https://zenodo.org/records/10035093,self_service_clickthrough,True,True,False,True,False,False,False,False,unknown,available,2026-07-21,author_source_checked,Author-conducted source check; transfer completeness was evaluated separately.,standard_platform_supported,zenodo,zenodo_loader,0.4.0,False,,unit_or_mocked_only,not_live_tested,,,CC BY-NC-ND 4.0,https://zenodo.org/records/10035093,dataset_files,Review the cited source for component-specific terms.,,,records/10035093,,,,,https://zenodo.org/records/10035093,[],https://zenodo.org/records/10035093,https://zenodo.org/records/10035093,https://zenodo.org/records/10035093,https://zenodo.org/records/10035093,True,2026-07-21,checked_against_cited_source,author_source_checked,not_live_tested,justraigs,JustRAIGS: Just Referral AI Glaucoma Screening Dataset,cc-by-nc-nd,cc-by-nc-nd
keratoconus_detection_kaggle,Keratoconus Detection Corneal Maps,Corneal map images for three-class keratoconus detection.,corneal_topography,"[""classification""]",573,"[""all""]",,,,kaggle,https://www.kaggle.com/datasets/elmehdi12/keratoconus-detection,Unknown,"Keratoconus detection dataset. Kaggle, accessed 2026-07.","[""kaggle"", ""cornea"", ""keratoconus"", ""topography""]",0.5,,corneal_topography,"[""corneal_topography""]",images,"[{""count"": 573, ""evidence_basis"": ""legacy_catalog_field"", ""evidence_url"": ""https://www.kaggle.com/datasets/elmehdi12/keratoconus-detection"", ""exactness"": ""not_assessed"", ""notes"": """", ""primary"": true, ""review_date"": ""2026-08-01"", ""scope"": ""Primary quantity reported in the reviewed catalog source"", ""unit"": ""images""}]",https://www.kaggle.com/datasets/elmehdi12/keratoconus-detection,data_platform,https://www.kaggle.com/datasets/elmehdi12/keratoconus-detection,self_service_authenticated,True,True,True,False,False,False,False,False,unknown,available,2026-07-21,author_source_checked,Author-conducted source check; transfer completeness was evaluated separately.,standard_platform_supported,kaggle,kaggle_loader,0.4.0,False,,unit_or_mocked_only,not_live_tested,,,Unknown,https://www.kaggle.com/datasets/elmehdi12/keratoconus-detection,unknown,Review the cited source for component-specific terms.,,,elmehdi12/keratoconus-detection,,,,,https://www.kaggle.com/datasets/elmehdi12/keratoconus-detection,[],https://www.kaggle.com/datasets/elmehdi12/keratoconus-detection,https://www.kaggle.com/datasets/elmehdi12/keratoconus-detection,https://www.kaggle.com/datasets/elmehdi12/keratoconus-detection,https://www.kaggle.com/datasets/elmehdi12/keratoconus-detection,True,2026-07-21,checked_against_cited_source,author_source_checked,not_live_tested,keratoconus_detection_kaggle,Keratoconus Detection Corneal Maps,unknown,unknown
kermany_oct,Kermany OCT 2018: Retinal OCT Image Classification,"~84,000 retinal OCT B-scan images across 4 classes: CNV, DME, DRUSEN, NORMAL. Train: ~83,484 / Test: 1000.",oct,"[""classification""]",84484,"[""train"", ""test"", ""val""]","[""CNV"", ""DME"", ""DRUSEN"", ""NORMAL""]",4,,kaggle,https://www.kaggle.com/datasets/paultimothymooney/kermany2018,CC BY 4.0,"Kermany et al., 'Identifying medical diagnoses and treatable diseases by image-based deep learning', Cell 2018.","[""oct"", ""classification"", ""cataract"", ""amd""]",6.0,,oct,"[""oct""]",images,"[{""count"": 84484, ""evidence_basis"": ""legacy_catalog_field"", ""evidence_url"": ""https://www.kaggle.com/datasets/paultimothymooney/kermany2018"", ""exactness"": ""not_assessed"", ""notes"": """", ""primary"": true, ""review_date"": ""2026-08-01"", ""scope"": ""Primary quantity reported in the reviewed catalog source"", ""unit"": ""images""}]",https://www.kaggle.com/datasets/paultimothymooney/kermany2018,data_platform,https://www.kaggle.com/datasets/paultimothymooney/kermany2018,self_service_authenticated,True,True,True,False,False,False,False,False,unknown,available,2026-07-21,author_source_checked,Author-conducted source check; transfer completeness was evaluated separately.,standard_platform_supported,kaggle,kaggle_loader,0.4.0,False,,unit_or_mocked_only,not_live_tested,,,CC BY 4.0,https://www.kaggle.com/datasets/paultimothymooney/kermany2018,dataset_files,Review the cited source for component-specific terms.,,,paultimothymooney/kermany2018,,,,,https://www.kaggle.com/datasets/paultimothymooney/kermany2018,[],https://www.kaggle.com/datasets/paultimothymooney/kermany2018,https://www.kaggle.com/datasets/paultimothymooney/kermany2018,https://www.kaggle.com/datasets/paultimothymooney/kermany2018,https://www.kaggle.com/datasets/paultimothymooney/kermany2018,True,2026-07-21,checked_against_cited_source,author_source_checked,not_live_tested,kermany_oct,Kermany OCT 2018: Retinal OCT Image Classification,cc-by,cc-by
lag,LAG: Large-scale Attention-based Glaucoma Database,"11,760 fundus images with glaucoma classification labels and ophthalmologist-derived attention maps. Largest public glaucoma dataset with attention ground truth.",fundus,"[""classification"", ""segmentation""]",11760,"[""train"", ""test""]","[""normal"", ""glaucoma""]",2,,manual,https://github.com/smilell/AG-CNN,Research only (no redistribution; password by email),"Li et al., 'Attention Based Glaucoma Detection: A Large-scale Database and CNN Model', CVPR 2019.","[""fundus"", ""glaucoma"", ""attention"", ""large_scale""]",3.0,Dropbox link gated by password — email liliu1995@buaa.edu.cn to request access. Cannot be auto-downloaded.,fundus,"[""fundus""]",images,"[{""count"": 11760, ""evidence_basis"": ""legacy_catalog_field"", ""evidence_url"": ""https://github.com/smilell/AG-CNN"", ""exactness"": ""not_assessed"", ""notes"": """", ""primary"": true, ""review_date"": ""2026-08-01"", ""scope"": ""Primary quantity reported in the reviewed catalog source"", ""unit"": ""images""}]",https://github.com/smilell/AG-CNN,documented_manual_route,https://github.com/smilell/AG-CNN,author_contact,False,False,,False,,False,True,,unknown,available,2026-07-21,author_source_checked,Author-conducted source check; transfer completeness was evaluated separately.,manual_access_blocked,manual,manual_loader,0.4.0,False,,unit_or_mocked_only,not_live_tested,,,Research only (no redistribution; password by email),https://github.com/smilell/AG-CNN,dataset_files,Review the cited source for component-specific terms.,,,,,,,,https://github.com/smilell/AG-CNN,[],https://github.com/smilell/AG-CNN,https://github.com/smilell/AG-CNN,https://github.com/smilell/AG-CNN,https://github.com/smilell/AG-CNN,True,2026-07-21,checked_against_cited_source,author_source_checked,not_live_tested,lag,LAG: Large-scale Attention-based Glaucoma Database,research-only,research-only
leops_erg,LEOPs Light-Adapted Electroretinogram and Oscillatory Potentials Dataset,"Light-adapted electroretinogram and oscillatory-potential waveform dataset from 253 pediatric participants, with structured JSON, tabular metadata, and electrode-position eye images.",electrophysiology,"[""classification"", ""regression""]",9743,"[""all""]",,,,mendeley,https://data.mendeley.com/datasets/w3yx7hdds7/1,CC BY 4.0,"Constable P, Thompson D, Lee I, Loh L, Zhdanov A, Kulyabin M, Maier A. Light-Adapted Electroretinogram and Oscillatory Potentials (LEOPs) Dataset for Autism Spectrum Disorder and Typically Developing Individuals. Mendeley Data, V1, 2026. doi:10.17632/w3yx7hdds7.1","[""mendeley"", ""electrophysiology"", ""erg"", ""retina"", ""pediatric"", ""waveforms""]",,"Source reports 5,309 averaged ERG waveforms, 4,434 OP waveforms, 253 participant JSON files, and 558 electrode-position eye images.",electrophysiology,"[""electrophysiology"", ""tabular""]",signals,"[{""count"": 9743, ""evidence_basis"": ""derived_from_reported_components"", ""evidence_url"": ""https://data.mendeley.com/datasets/w3yx7hdds7/1"", ""exactness"": ""exact"", ""notes"": """", ""primary"": true, ""review_date"": ""2026-08-01"", ""scope"": ""Averaged ERG and oscillatory-potential waveforms"", ""unit"": ""signals""}, {""count"": 253, ""evidence_basis"": ""official_source_description"", ""evidence_url"": ""https://data.mendeley.com/datasets/w3yx7hdds7/1"", ""exactness"": ""exact"", ""notes"": """", ""primary"": false, ""review_date"": ""2026-08-01"", ""scope"": ""Pediatric participants"", ""unit"": ""participants""}, {""count"": 558, ""evidence_basis"": ""official_source_description"", ""evidence_url"": ""https://data.mendeley.com/datasets/w3yx7hdds7/1"", ""exactness"": ""exact"", ""notes"": """", ""primary"": false, ""review_date"": ""2026-08-01"", ""scope"": ""Electrode-position eye images"", ""unit"": ""images""}]",https://data.mendeley.com/datasets/w3yx7hdds7/1,official_repository,https://data.mendeley.com/datasets/w3yx7hdds7/1,anonymous_direct,False,False,False,False,False,False,False,False,unknown,available,2026-07-21,author_source_checked,Author-conducted source check; transfer completeness was evaluated separately.,standard_platform_supported,mendeley,mendeley_loader,0.4.0,False,,unit_or_mocked_only,not_live_tested,,,CC BY 4.0,https://data.mendeley.com/datasets/w3yx7hdds7/1,dataset_files,Review the cited source for component-specific terms.,10.17632/w3yx7hdds7.1,,w3yx7hdds7/1,,,,,https://doi.org/10.17632/w3yx7hdds7.1,[],https://data.mendeley.com/datasets/w3yx7hdds7/1,https://data.mendeley.com/datasets/w3yx7hdds7/1,https://data.mendeley.com/datasets/w3yx7hdds7/1,https://data.mendeley.com/datasets/w3yx7hdds7/1,True,2026-07-21,checked_against_cited_source,author_source_checked,not_live_tested,leops_erg,LEOPs Light-Adapted Electroretinogram and Oscillatory Potentials Dataset,cc-by,cc-by
lmod_cataract_1k,LMOD-Cataract-1K,Processed Cataract-1K surgical-frame dataset for segmentation/object-detection workflows.,surgical_video,"[""segmentation"", ""detection""]",2256,"[""all""]",,,,huggingface,https://huggingface.co/datasets/mehti/LMOD-Cataract-1K,CC BY 4.0,"mehti/LMOD-Cataract-1K. Hugging Face dataset, accessed 2026-07.","[""huggingface"", ""cataract1k"", ""surgical_video"", ""derivative""]",2.0,Derivative/processed view of existing Cataract-1K.,surgical_video,"[""surgical_video""]",images,"[{""count"": 2256, ""evidence_basis"": ""current_deposit_table"", ""evidence_url"": ""https://huggingface.co/datasets/mehti/LMOD-Cataract-1K"", ""exactness"": ""exact"", ""notes"": """", ""primary"": true, ""review_date"": ""2026-08-01"", ""scope"": ""Rows in the versioned Hugging Face deposit"", ""unit"": ""images""}]",https://huggingface.co/datasets/mehti/LMOD-Cataract-1K,data_platform,https://huggingface.co/datasets/mehti/LMOD-Cataract-1K,anonymous_direct,False,False,False,False,False,False,False,False,unknown,available,2026-07-21,author_source_checked,Author-conducted source check; transfer completeness was evaluated separately.,standard_platform_supported,huggingface,huggingface_loader,0.4.0,False,,unit_or_mocked_only,not_live_tested,,,CC BY 4.0,https://huggingface.co/datasets/mehti/LMOD-Cataract-1K,dataset_files,Review the cited source for component-specific terms.,,,mehti/LMOD-Cataract-1K,,,,,https://huggingface.co/datasets/mehti/LMOD-Cataract-1K,"[{""target"": ""cataract1k"", ""type"": ""derived_from""}]",https://huggingface.co/datasets/mehti/LMOD-Cataract-1K,https://huggingface.co/datasets/mehti/LMOD-Cataract-1K,https://huggingface.co/datasets/mehti/LMOD-Cataract-1K,https://huggingface.co/datasets/mehti/LMOD-Cataract-1K,True,2026-07-21,checked_against_cited_source,author_source_checked,not_live_tested,lmod_cataract_1k,LMOD-Cataract-1K,cc-by,cc-by
lmod_cataract_1k_cot,Cataract-1K Surgical Analysis Chain-of-Thought Dataset,Synthetic surgical-analysis instruction/chain-of-thought dataset derived from Cataract-1K frames.,multimodal,"[""visual_question_answering"", ""text_generation""]",2256,"[""all""]",,,,huggingface,https://huggingface.co/datasets/mehti/LMOD-Cataract-1K-surgical-analysis-cot,MIT,"mehti/LMOD-Cataract-1K-surgical-analysis-cot. Hugging Face dataset, accessed 2026-07.","[""huggingface"", ""cataract1k"", ""cot"", ""synthetic"", ""derivative""]",1.0,Synthetic instruction layer derived from Cataract-1K; not an independent clinical dataset.,multimodal,"[""surgical_video"", ""text""]",images,"[{""count"": 2256, ""evidence_basis"": ""current_deposit_file_listing"", ""evidence_url"": ""https://huggingface.co/datasets/mehti/LMOD-Cataract-1K-surgical-analysis-cot"", ""exactness"": ""exact"", ""notes"": """", ""primary"": true, ""review_date"": ""2026-08-01"", ""scope"": ""PNG images in the versioned Hugging Face deposit"", ""unit"": ""images""}, {""count"": 11280, ""evidence_basis"": ""current_deposit_table"", ""evidence_url"": ""https://huggingface.co/datasets/mehti/LMOD-Cataract-1K-surgical-analysis-cot"", ""exactness"": ""exact"", ""notes"": ""The five folds repeat the 2,256 source images; 11,280 is not a unique-image count."", ""primary"": false, ""review_date"": ""2026-08-01"", ""scope"": ""Rows across five cross-validation train/validation fold pairs"", ""unit"": ""question_answer_pairs""}]",https://huggingface.co/datasets/mehti/LMOD-Cataract-1K-surgical-analysis-cot,data_platform,https://huggingface.co/datasets/mehti/LMOD-Cataract-1K-surgical-analysis-cot,anonymous_direct,False,False,False,False,False,False,False,False,unknown,available,2026-07-21,author_source_checked,Author-conducted source check; transfer completeness was evaluated separately.,standard_platform_supported,huggingface,huggingface_loader,0.4.0,False,,unit_or_mocked_only,not_live_tested,,,MIT,https://huggingface.co/datasets/mehti/LMOD-Cataract-1K-surgical-analysis-cot,unknown,Review the cited source for component-specific terms.,,,mehti/LMOD-Cataract-1K-surgical-analysis-cot,,,,,https://huggingface.co/datasets/mehti/LMOD-Cataract-1K-surgical-analysis-cot,"[{""target"": ""lmod_cataract_1k"", ""type"": ""derived_from""}]",https://huggingface.co/datasets/mehti/LMOD-Cataract-1K-surgical-analysis-cot,https://huggingface.co/datasets/mehti/LMOD-Cataract-1K-surgical-analysis-cot,https://huggingface.co/datasets/mehti/LMOD-Cataract-1K-surgical-analysis-cot,https://huggingface.co/datasets/mehti/LMOD-Cataract-1K-surgical-analysis-cot,True,2026-07-21,checked_against_cited_source,author_source_checked,not_live_tested,lmod_cataract_1k_cot,Cataract-1K Surgical Analysis Chain-of-Thought Dataset,mit,mit
lmod_plus,LMOD+ Multimodal Ophthalmology Benchmark,"Composite multimodal ophthalmology benchmark with multi-granular anatomical, diagnostic, staging, demographic, and text annotations.",multimodal,"[""visual_question_answering"", ""classification"", ""grading"", ""detection""]",32633,"[""all""]",,,,manual,https://kfzyqin.github.io/lmod_plus/,Mixed upstream licenses; verify each component,"Qin Z, Liu Y, Yin Y, et al. LMOD+: A Comprehensive Multimodal Dataset and Benchmark for Developing and Evaluating Multimodal Large Language Models in Ophthalmology. ACM Transactions on Computing for Healthcare. 2026. doi:10.1145/3801746","[""multimodal"", ""mllm"", ""vqa"", ""benchmark"", ""composite"", ""derived""]",,"Integrates 32,633 instances from nine public datasets across five modalities and 12 conditions. It adds a distinct benchmark and annotation surface but does not replace the source datasets; license and redistribution terms remain component-specific.",multimodal,"[""fundus"", ""oct"", ""external_eye"", ""surgical_video"", ""text"", ""tabular""]",annotated_instances,"[{""count"": 32633, ""evidence_basis"": ""official_source_description"", ""evidence_url"": ""https://kfzyqin.github.io/lmod_plus/"", ""exactness"": ""exact"", ""notes"": """", ""primary"": true, ""review_date"": ""2026-08-01"", ""scope"": ""Composite benchmark instances"", ""unit"": ""annotated_instances""}]",https://kfzyqin.github.io/lmod_plus/,official_cloud_file_share,https://yaleedu-my.sharepoint.com/,anonymous_direct,False,False,False,False,False,False,False,False,unknown,available,2026-07-21,acquisition_route_verified,Author-conducted source check; transfer completeness was evaluated separately.,guided_instructions_only,manual,manual_loader,0.4.0,False,,unit_or_mocked_only,not_live_tested,,,Mixed upstream licenses; verify each component,https://kfzyqin.github.io/lmod_plus/,mixed_components,Review the cited source for component-specific terms.,,,,10.1145/3801746,,,,https://kfzyqin.github.io/lmod_plus/,"[{""target"": ""cataract1k"", ""type"": ""derived_from""}, {""target"": ""g1020"", ""type"": ""derived_from""}, {""target"": ""idrid"", ""type"": ""derived_from""}, {""target"": ""oimhs"", ""type"": ""derived_from""}, {""target"": ""refuge2018"", ""type"": ""derived_from""}]",https://kfzyqin.github.io/lmod_plus/,https://kfzyqin.github.io/lmod_plus/,https://kfzyqin.github.io/lmod_plus/,https://kfzyqin.github.io/lmod_plus/,True,2026-07-21,checked_against_cited_source,acquisition_route_verified,not_live_tested,lmod_plus,LMOD+ Multimodal Ophthalmology Benchmark,unknown,unknown
lpw,LPW Labelled Pupils in the Wild,"High-speed head-mounted eye-region videos with pupil-center annotations under varied indoor, outdoor, eyewear, and lighting conditions.",eye_tracking,"[""pupil_detection"", ""landmark_detection""]",130856,"[""all""]",,,,manual,https://www.mpi-inf.mpg.de/de/departments/computer-vision-and-machine-learning/research/gaze-based-human-computer-interaction/labelled-pupils-in-the-wild-lpw/,Non-commercial research use only,"Tonsen M, Zhang X, Sugano Y, Bulling A. Labelled Pupils in the Wild: A Dataset for Studying Pupil Detection in Unconstrained Environments. ETRA. 2016:139-142. doi:10.1145/2857491.2857520","[""eye_tracking"", ""pupil"", ""head_mounted"", ""video"", ""indoor"", ""outdoor"", ""non_commercial""]",2.4,"The institutional page reports 66 videos and 130,856 images from 22 participants. It explicitly limits use to non-commercial scientific purposes.",eye_tracking,"[""eye_tracking""]",frames,"[{""count"": 130856, ""evidence_basis"": ""official_source_description"", ""evidence_url"": ""https://www.mpi-inf.mpg.de/departments/computer-vision-and-machine-learning/research/gaze-based-human-computer-interaction/labelled-pupils-in-the-wild-lpw"", ""exactness"": ""exact"", ""notes"": """", ""primary"": true, ""review_date"": ""2026-08-01"", ""scope"": ""Labeled eye-region images"", ""unit"": ""frames""}, {""count"": 66, ""evidence_basis"": ""official_source_description"", ""evidence_url"": ""https://www.mpi-inf.mpg.de/departments/computer-vision-and-machine-learning/research/gaze-based-human-computer-interaction/labelled-pupils-in-the-wild-lpw"", ""exactness"": ""exact"", ""notes"": """", ""primary"": false, ""review_date"": ""2026-08-01"", ""scope"": ""High-speed source videos"", ""unit"": ""videos""}, {""count"": 22, ""evidence_basis"": ""official_source_description"", ""evidence_url"": ""https://www.mpi-inf.mpg.de/departments/computer-vision-and-machine-learning/research/gaze-based-human-computer-interaction/labelled-pupils-in-the-wild-lpw"", ""exactness"": ""exact"", ""notes"": """", ""primary"": false, ""review_date"": ""2026-08-01"", ""scope"": ""Participants recorded in everyday locations"", ""unit"": ""participants""}]",https://www.mpi-inf.mpg.de/de/departments/computer-vision-and-machine-learning/research/gaze-based-human-computer-interaction/labelled-pupils-in-the-wild-lpw/,documented_manual_route,https://www.mpi-inf.mpg.de/de/departments/computer-vision-and-machine-learning/research/gaze-based-human-computer-interaction/labelled-pupils-in-the-wild-lpw/,anonymous_direct,False,False,False,False,False,False,False,False,unknown,available,2026-07-21,acquisition_route_verified,Author-conducted source check; transfer completeness was evaluated separately.,guided_instructions_only,manual,manual_loader,0.4.0,False,,unit_or_mocked_only,not_live_tested,,,Non-commercial research use only,https://www.mpi-inf.mpg.de/de/departments/computer-vision-and-machine-learning/research/gaze-based-human-computer-interaction/labelled-pupils-in-the-wild-lpw/,dataset_files,Review the cited source for component-specific terms.,,,,10.1145/2857491.2857520,,,,https://www.mpi-inf.mpg.de/de/departments/computer-vision-and-machine-learning/research/gaze-based-human-computer-interaction/labelled-pupils-in-the-wild-lpw/,[],https://www.mpi-inf.mpg.de/departments/computer-vision-and-machine-learning/research/gaze-based-human-computer-interaction/labelled-pupils-in-the-wild-lpw,https://www.mpi-inf.mpg.de/de/departments/computer-vision-and-machine-learning/research/gaze-based-human-computer-interaction/labelled-pupils-in-the-wild-lpw/,https://www.mpi-inf.mpg.de/de/departments/computer-vision-and-machine-learning/research/gaze-based-human-computer-interaction/labelled-pupils-in-the-wild-lpw/,https://www.mpi-inf.mpg.de/de/departments/computer-vision-and-machine-learning/research/gaze-based-human-computer-interaction/labelled-pupils-in-the-wild-lpw/,True,2026-07-21,checked_against_cited_source,acquisition_route_verified,not_live_tested,lpw,LPW Labelled Pupils in the Wild,research-only,research-only
maetschke_glaucoma_oct,OCT Volumes for Glaucoma Detection,"A set of 1,110 optic nerve head OCT volumes from 624 patients, including 847 scans with primary open angle glaucoma and 263 healthy scans.",oct,"[""classification""]",1110,"[""train"", ""val"", ""test""]","[""healthy"", ""primary_open_angle_glaucoma""]",2,,zenodo,https://doi.org/10.5281/zenodo.1481223,CC BY-NC 4.0,"Maetschke S, Antony B, Ishikawa H, Wollstein G, Schuman J, Garnavi R. A feature agnostic approach for glaucoma detection in OCT volumes. PLoS One. 2019;14:e0219126. doi:10.1371/journal.pone.0219126. Data: doi:10.5281/zenodo.1481223","[""oct"", ""glaucoma"", ""classification"", ""zenodo""]",0.43,"The paper reports patient-grouped splits of 888 training, 112 validation, and 110 test scans. Volumes are stored as NumPy arrays.",oct,"[""oct""]",volumes,"[{""count"": 1110, ""evidence_basis"": ""legacy_catalog_field"", ""evidence_url"": ""https://doi.org/10.5281/zenodo.1481223"", ""exactness"": ""not_assessed"", ""notes"": """", ""primary"": true, ""review_date"": ""2026-08-01"", ""scope"": ""Primary quantity reported in the reviewed catalog source"", ""unit"": ""volumes""}]",https://doi.org/10.5281/zenodo.1481223,official_repository,https://doi.org/10.5281/zenodo.1481223,anonymous_direct,False,False,False,False,False,False,False,False,unknown,available,2026-07-21,author_source_checked,Author-conducted source check; transfer completeness was evaluated separately.,standard_platform_supported,zenodo,zenodo_loader,0.4.0,False,,unit_or_mocked_only,not_live_tested,,,CC BY-NC 4.0,https://doi.org/10.5281/zenodo.1481223,dataset_files,Review the cited source for component-specific terms.,10.5281/zenodo.1481223,,10.5281/zenodo.1481223,10.1371/journal.pone.0219126,,,,https://doi.org/10.5281/zenodo.1481223,[],https://doi.org/10.5281/zenodo.1481223,https://doi.org/10.5281/zenodo.1481223,https://doi.org/10.5281/zenodo.1481223,https://doi.org/10.5281/zenodo.1481223,True,2026-07-21,checked_against_cited_source,author_source_checked,not_live_tested,maetschke_glaucoma_oct,OCT Volumes for Glaucoma Detection,cc-by-nc,cc-by-nc
maples_dr,MAPLES-DR: Montreal Annotation Project for DR,198 fundus images (from MESSIDOR) with pixel-wise segmentation for 10 biomarkers (lesions + structures) + DR and ME severity grades.,fundus,"[""segmentation"", ""grading"", ""classification""]",198,"[""train"", ""test""]","[""No DR"", ""Mild DR"", ""Moderate DR"", ""Severe DR"", ""PDR""]",5,,figshare,https://doi.org/10.6084/m9.figshare.24328660,CC BY 4.0,"Morin et al., 'MAPLES-DR: MESSIDOR Annotation Project for Lesion and Structures Evaluation in Diabetic Retinopathy', Scientific Data 2024.","[""dr"", ""segmentation"", ""lesions"", ""fundus"", ""multi_task""]",0.5,Segmentation maps for 10 retinal biomarkers.,fundus,"[""fundus""]",images,"[{""count"": 198, ""evidence_basis"": ""legacy_catalog_field"", ""evidence_url"": ""https://doi.org/10.6084/m9.figshare.24328660"", ""exactness"": ""not_assessed"", ""notes"": """", ""primary"": true, ""review_date"": ""2026-08-01"", ""scope"": ""Primary quantity reported in the reviewed catalog source"", ""unit"": ""images""}]",https://doi.org/10.6084/m9.figshare.24328660,official_repository,https://doi.org/10.6084/m9.figshare.24328660,anonymous_direct,False,False,False,False,False,False,False,False,unknown,available,2026-07-21,author_source_checked,Author-conducted source check; transfer completeness was evaluated separately.,standard_platform_supported,figshare,figshare_loader,0.4.0,False,,unit_or_mocked_only,not_live_tested,,,CC BY 4.0,https://doi.org/10.6084/m9.figshare.24328660,dataset_files,Review the cited source for component-specific terms.,10.6084/m9.figshare.24328660,,10.6084/m9.figshare.24328660,,,,,https://doi.org/10.6084/m9.figshare.24328660,[],https://doi.org/10.6084/m9.figshare.24328660,https://doi.org/10.6084/m9.figshare.24328660,https://doi.org/10.6084/m9.figshare.24328660,https://doi.org/10.6084/m9.figshare.24328660,True,2026-07-21,checked_against_cited_source,author_source_checked,not_live_tested,maples_dr,MAPLES-DR: Montreal Annotation Project for DR,cc-by,cc-by
mario,MARIO: AMD-Progression Longitudinal OCT (MICCAI 2024),"~30,000 longitudinal OCT B-scans across multiple patient visits, annotated for AMD change detection and progression monitoring.",oct,"[""classification"", ""progression""]",30000,"[""train"", ""val"", ""test""]",,4,,zenodo,https://zenodo.org/records/15270469,CC BY 4.0,"Quellec G, Zeghlache R, et al., 'MARIO: Monitoring AMD Progression from OCT — MICCAI 2024 Challenge', arXiv 2506.02976. Data: Zenodo doi:10.5281/zenodo.15270469 (2025). Peer-reviewed proceedings pending.","[""oct"", ""amd"", ""longitudinal"", ""progression"", ""miccai_2024""]",25.0,"Distributed as 21 multi-part split zips (Task_1.zip.001-014 + Task_2.zip.001-007, ~21.8 GB). After download, reassemble with `cat Task_1.zip.* > Task_1.zip` then extract with 7-Zip. The Zenodo files are marked CC BY 4.0. Check any separate challenge rules before entering a competition.",oct,"[""oct""]",images,"[{""count"": 30000, ""evidence_basis"": ""legacy_catalog_field"", ""evidence_url"": ""https://zenodo.org/records/15270469"", ""exactness"": ""not_assessed"", ""notes"": """", ""primary"": true, ""review_date"": ""2026-08-01"", ""scope"": ""Primary quantity reported in the reviewed catalog source"", ""unit"": ""images""}]",https://zenodo.org/records/15270469,official_repository,https://zenodo.org/records/15270469,anonymous_direct,False,False,False,False,False,False,False,False,unknown,available,2026-07-21,author_source_checked,Author-conducted source check; transfer completeness was evaluated separately.,standard_platform_supported,zenodo,zenodo_loader,0.4.0,False,,unit_or_mocked_only,not_live_tested,,,CC BY 4.0,https://zenodo.org/records/15270469,dataset_files,Review the cited source for component-specific terms.,10.5281/zenodo.15270469,,records/15270469,,,,,https://doi.org/10.5281/zenodo.15270469,[],https://zenodo.org/records/15270469,https://zenodo.org/records/15270469,https://zenodo.org/records/15270469,https://zenodo.org/records/15270469,True,2026-07-21,checked_against_cited_source,author_source_checked,not_live_tested,mario,MARIO: AMD-Progression Longitudinal OCT (MICCAI 2024),cc-by,cc-by
mbrset,mBRSET: Mobile Brazilian Retinal Dataset,"5,164 fundus images from 1,291 patients captured with the Phelcom Eyer handheld smartphone-based fundus camera. Labels for DR grading + clinical/demographic prediction.",fundus,"[""grading"", ""classification""]",5164,"[""all""]","[""0_no_dr"", ""1_mild"", ""2_moderate"", ""3_severe"", ""4_proliferative""]",5,,physionet,https://physionet.org/content/mbrset/1.0/,PhysioNet Credentialed Health Data License 1.5.0 (Research only),"Wu C, Restrepo D, Nakayama LF, et al., 'A portable retina fundus photos dataset for clinical, demographic, and diabetic retinopathy prediction', Scientific Data 12:323, 2025. doi:10.1038/s41597-025-04627-3","[""fundus"", ""mobile"", ""smartphone"", ""brazil"", ""screening""]",3.0,Same PhysioNet credentialed flow as BRSET. Modality EyeDataHub otherwise lacks (portable smartphone-based fundus).,fundus,"[""fundus""]",images,"[{""count"": 5164, ""evidence_basis"": ""legacy_catalog_field"", ""evidence_url"": ""https://physionet.org/content/mbrset/1.0/"", ""exactness"": ""not_assessed"", ""notes"": """", ""primary"": true, ""review_date"": ""2026-08-01"", ""scope"": ""Primary quantity reported in the reviewed catalog source"", ""unit"": ""images""}]",https://physionet.org/content/mbrset/1.0/,data_platform,https://physionet.org/content/mbrset/1.0/,controlled_or_manual,True,True,,True,True,True,,,unknown,available,2026-07-21,author_source_checked,Author-conducted source check; transfer completeness was evaluated separately.,manual_access_blocked,physionet,physionet_loader,0.4.0,False,,unit_or_mocked_only,not_live_tested,,,PhysioNet Credentialed Health Data License 1.5.0 (Research only),https://physionet.org/content/mbrset/1.0/,dataset_files,Review the cited source for component-specific terms.,,,mbrset/1.0,10.1038/s41597-025-04627-3,,,,https://physionet.org/content/mbrset/1.0/,[],https://physionet.org/content/mbrset/1.0/,https://physionet.org/content/mbrset/1.0/,https://physionet.org/content/mbrset/1.0/,https://physionet.org/content/mbrset/1.0/,True,2026-07-21,checked_against_cited_source,author_source_checked,not_live_tested,mbrset,mBRSET: Mobile Brazilian Retinal Dataset,research-only,research-only
mcoa,MCOA: Multimodal Corneal Opacity Assessment Dataset,"6,272 AS-OCT images + 392 anterior-segment photographs for corneal opacity assessment with expert grading. First large public multimodal AS-OCT + photo dataset for cornea.",multimodal,"[""classification"", ""grading""]",6664,"[""all""]",,4,,figshare,https://doi.org/10.6084/m9.figshare.28123088.v1,CC BY 4.0,"Ma X, et al., 'MCOA: A comprehensive multimodal dataset for advancing deep learning in corneal opacity assessment', Scientific Data 2025.","[""anterior_segment"", ""cornea"", ""as_oct"", ""opacity"", ""multimodal"", ""grading""]",8.0,Anterior-segment expansion; modality otherwise sparse.,multimodal,"[""oct"", ""external_eye""]",images,"[{""count"": 6664, ""evidence_basis"": ""legacy_catalog_field"", ""evidence_url"": ""https://doi.org/10.6084/m9.figshare.28123088.v1"", ""exactness"": ""not_assessed"", ""notes"": """", ""primary"": true, ""review_date"": ""2026-08-01"", ""scope"": ""Primary quantity reported in the reviewed catalog source"", ""unit"": ""images""}]",https://doi.org/10.6084/m9.figshare.28123088.v1,official_repository,https://doi.org/10.6084/m9.figshare.28123088.v1,anonymous_direct,False,False,False,False,False,False,False,False,unknown,available,2026-07-21,author_source_checked,Author-conducted source check; transfer completeness was evaluated separately.,end_to_end_tested,figshare,figshare_loader,0.4.0,True,2026-07-31,complete_current_deposit_downloaded,complete_current_deposit_downloaded,python hub/audit/verify_download_and_load.py run,,CC BY 4.0,https://doi.org/10.6084/m9.figshare.28123088.v1,dataset_files,Review the cited source for component-specific terms.,10.6084/m9.figshare.28123088.v1,,10.6084/m9.figshare.28123088.v1,10.1038/s41597-025-05205-3,,,,https://doi.org/10.6084/m9.figshare.28123088.v1,[],https://doi.org/10.6084/m9.figshare.28123088.v1,https://doi.org/10.6084/m9.figshare.28123088.v1,https://doi.org/10.6084/m9.figshare.28123088.v1,https://doi.org/10.6084/m9.figshare.28123088.v1,True,2026-07-21,checked_against_cited_source,author_source_checked,complete_current_deposit_downloaded,mcoa,MCOA: Multimodal Corneal Opacity Assessment Dataset,cc-by,cc-by
messidor2,MESSIDOR-2,1748 fundus images with DR grading (0-3 Retinopathy Grade) and macular edema risk (0-2).,fundus,"[""grading"", ""classification""]",1748,"[""all""]","[""Grade 0"", ""Grade 1"", ""Grade 2"", ""Grade 3""]",4,,manual,https://www.adcis.net/en/third-party/messidor2/,Research only — requires registration,"Decencière et al., 'Feedback on a publicly distributed image database: the Messidor database', Image Analysis & Stereology 2014.","[""diabetic_retinopathy"", ""grading"", ""fundus""]",3.0,Free registration required at adcis.net before downloading.,fundus,"[""fundus""]",images,"[{""count"": 1748, ""evidence_basis"": ""legacy_catalog_field"", ""evidence_url"": ""https://www.adcis.net/en/third-party/messidor2/"", ""exactness"": ""not_assessed"", ""notes"": """", ""primary"": true, ""review_date"": ""2026-08-01"", ""scope"": ""Primary quantity reported in the reviewed catalog source"", ""unit"": ""images""}]",https://www.adcis.net/en/third-party/messidor2/,documented_manual_route,https://www.adcis.net/en/third-party/messidor2/,self_service_authenticated,True,True,,False,False,False,False,False,unknown,available,2026-07-21,author_source_checked,Author-conducted source check; transfer completeness was evaluated separately.,guided_instructions_only,manual,manual_loader,0.4.0,False,,unit_or_mocked_only,not_live_tested,,,Research only — requires registration,https://www.adcis.net/en/third-party/messidor2/,dataset_files,Review the cited source for component-specific terms.,,,,,,,,https://www.adcis.net/en/third-party/messidor2/,[],https://www.adcis.net/en/third-party/messidor2/,https://www.adcis.net/en/third-party/messidor2/,https://www.adcis.net/en/third-party/messidor2/,https://www.adcis.net/en/third-party/messidor2/,True,2026-07-21,checked_against_cited_source,author_source_checked,not_live_tested,messidor2,MESSIDOR-2,research-only,research-only
mfiddr,MFIDDR: Multi-Field Imaging Dataset for Diabetic Retinopathy,"34,452 fundus images from 4,344 patients across multiple fields per eye, with DR screening labels. Largest public four-field DR dataset.",fundus,"[""grading"", ""classification"", ""multilabel""]",34452,"[""train"", ""test""]",,5,,manual,https://github.com/mfiddr/MFIDDR,MIT (form-gated download),MFIDDR Multi-Field Imaging Dataset for DR. github.com/mfiddr/MFIDDR,"[""fundus"", ""dr"", ""multi_field"", ""screening"", ""large_scale""]",30.0,Google Form gates the Drive link — no static download ID.,fundus,"[""fundus""]",images,"[{""count"": 34452, ""evidence_basis"": ""legacy_catalog_field"", ""evidence_url"": ""https://github.com/mfiddr/MFIDDR"", ""exactness"": ""not_assessed"", ""notes"": """", ""primary"": true, ""review_date"": ""2026-08-01"", ""scope"": ""Primary quantity reported in the reviewed catalog source"", ""unit"": ""images""}]",https://github.com/mfiddr/MFIDDR,documented_manual_route,https://github.com/mfiddr/MFIDDR,controlled_or_manual,False,False,,False,True,False,,,unknown,available,2026-07-21,author_source_checked,Author-conducted source check; transfer completeness was evaluated separately.,manual_access_blocked,manual,manual_loader,0.4.0,False,,unit_or_mocked_only,not_live_tested,,,MIT (form-gated download),https://github.com/mfiddr/MFIDDR,unknown,Review the cited source for component-specific terms.,,,,,,,,https://github.com/mfiddr/MFIDDR,[],https://github.com/mfiddr/MFIDDR,https://github.com/mfiddr/MFIDDR,https://github.com/mfiddr/MFIDDR,https://github.com/mfiddr/MFIDDR,True,2026-07-21,checked_against_cited_source,author_source_checked,not_live_tested,mfiddr,MFIDDR: Multi-Field Imaging Dataset for Diabetic Retinopathy,mit,mit
mgd1k,MGD-1k Meibomian Gland Dataset,"One thousand infrared meibography images with meibomian-gland masks, eyelid masks, and six rounds of expert meiboscore grading.",external_eye,"[""segmentation"", ""grading""]",1000,"[""all""]",,,,github,https://mgd1k.github.io/index.html,Unknown; project page states All Rights Reserved,"Saha RK, Chowdhury AM, Na KS, Hwang GD, Eom Y, Kim J, Jeon HG, Hwang HS, Chung E. Automated quantification of meibomian gland dropout in infrared meibography using deep learning. The Ocular Surface. 2022;26:283-294.","[""github"", ""external_eye"", ""eyelid"", ""meibography"", ""meibomian_gland"", ""segmentation"", ""grading""]",,"Official project page reports 1,000 infrared meibomian-gland images from 320 patients, 1,000 gland masks, 1,000 eyelid masks, and six meiboscore rounds. License is not explicit; verify source terms before reuse.",external_eye,"[""external_eye""]",images,"[{""count"": 1000, ""evidence_basis"": ""legacy_catalog_field"", ""evidence_url"": ""https://mgd1k.github.io/index.html"", ""exactness"": ""not_assessed"", ""notes"": """", ""primary"": true, ""review_date"": ""2026-08-01"", ""scope"": ""Primary quantity reported in the reviewed catalog source"", ""unit"": ""images""}]",https://mgd1k.github.io/index.html,source_repository,https://mgd1k.github.io/index.html,anonymous_direct,False,False,False,False,False,False,False,False,unknown,available,2026-07-21,author_source_checked,Author-conducted source check; transfer completeness was evaluated separately.,loader_implemented_not_live_tested,github,github_loader,0.4.0,False,,unit_or_mocked_only,not_live_tested,,,Unknown; project page states All Rights Reserved,https://mgd1k.github.io/index.html,unknown,Review the cited source for component-specific terms.,,,,,,,,https://mgd1k.github.io/index.html,[],https://mgd1k.github.io/index.html,https://mgd1k.github.io/index.html,https://mgd1k.github.io/index.html,https://mgd1k.github.io/index.html,True,2026-07-21,checked_against_cited_source,author_source_checked,not_live_tested,mgd1k,MGD-1k Meibomian Gland Dataset,unknown,unknown
migs_video,Multicenter Fine-Annotated MIGS Surgical Video Dataset,A multicenter collection of 186 minimally invasive glaucoma surgery (MIGS) videos with annotations for surgical-phase recognition and semantic segmentation of instruments and anatomical structures.,surgical_video,"[""classification"", ""segmentation""]",186,"[""train"", ""val"", ""test""]",,,,zenodo,https://zenodo.org/records/19438128,CC BY 4.0,"Wang D, Zhang Y, Li Y, et al., 'Multicenter fine annotated surgical video dataset for minimally invasive glaucoma surgery', Scientific Data 2026. doi:10.1038/s41597-026-07535-2","[""surgical_video"", ""glaucoma"", ""migs"", ""phase_recognition"", ""multicenter""]",10.23,The current Zenodo version is 10.5281/zenodo.19438128 under CC BY 4.0; the version-independent concept DOI is 10.5281/zenodo.18231908. The associated article cites the earlier deposit version 10.5281/zenodo.18231909.,surgical_video,"[""surgical_video""]",videos,"[{""count"": 186, ""evidence_basis"": ""legacy_catalog_field"", ""evidence_url"": ""https://doi.org/10.1038/s41597-026-07535-2"", ""exactness"": ""not_assessed"", ""notes"": """", ""primary"": true, ""review_date"": ""2026-08-01"", ""scope"": ""Primary quantity reported in the reviewed catalog source"", ""unit"": ""videos""}]",https://zenodo.org/records/19438128,official_repository,https://zenodo.org/records/19438128,anonymous_direct,False,False,False,False,False,False,False,False,unknown,available,2026-07-25,acquisition_route_verified,The public Zenodo record and its 25-file listing were checked; the complete 10.98 GB (10.23 GiB) deposit was not transferred.,transfer_tested_partial,zenodo,zenodo_loader,0.4.0,False,2026-07-25,official_metadata_or_file_listing,metadata_or_file_listing_confirmed,python hub/audit/validate_acquisition.py,,CC BY 4.0,https://zenodo.org/records/19438128,dataset_files,The Zenodo dataset files are marked CC BY 4.0. The associated article has separate publication terms.,10.5281/zenodo.19438128,,zenodo:19438128,10.1038/s41597-026-07535-2,,,,https://doi.org/10.5281/zenodo.19438128,[],https://doi.org/10.1038/s41597-026-07535-2,https://doi.org/10.1038/s41597-026-07535-2,https://doi.org/10.1038/s41597-026-07535-2,https://doi.org/10.1038/s41597-026-07535-2,True,2026-07-25,checked_against_cited_source,acquisition_route_verified,metadata_or_file_listing_confirmed,migs_video,Multicenter Fine-Annotated MIGS Surgical Video Dataset,cc-by,cc-by
mm_retinal_reason,MM-Retinal-Reason: Ophthalmology Multimodal Reasoning Dataset,Ophthalmology-specific multimodal reasoning dataset built from 45 public datasets. Chain-of-thought reasoning traces for retinal VQA.,multimodal,"[""classification"", ""multilabel""]",130,"[""train"", ""val"", ""test""]",,,,huggingface,https://huggingface.co/datasets/lxirich/MM-Retinal-Reason,Mixed (inherits from 45 source datasets) — verify per-row,"MM-Retinal-Reason: Ophthalmology multimodal reasoning dataset. HuggingFace, 2025.","[""vqa"", ""vlm"", ""reasoning"", ""retina"", ""chain_of_thought""]",15.0,Aggregates 45 source datasets — image licenses inherit; verify per-row before commercial use.,multimodal,"[""fundus"", ""fundus_angiography"", ""oct"", ""text""]",question_answer_pairs,"[{""count"": 130, ""evidence_basis"": ""current_deposit_table"", ""evidence_url"": ""https://huggingface.co/datasets/lxirich/MM-Retinal-Reason/tree/d6243baa82c0914dba3c6f43ca79fdbf856982ef"", ""exactness"": ""exact"", ""notes"": """", ""primary"": true, ""review_date"": ""2026-08-01"", ""scope"": ""Sixty basic and seventy complex reasoning records"", ""unit"": ""question_answer_pairs""}, {""count"": 227, ""evidence_basis"": ""current_deposit_table"", ""evidence_url"": ""https://huggingface.co/datasets/lxirich/MM-Retinal-Reason/tree/d6243baa82c0914dba3c6f43ca79fdbf856982ef"", ""exactness"": ""exact"", ""notes"": ""Complex records can reference more than one image; references need not be unique images."", ""primary"": false, ""review_date"": ""2026-08-01"", ""scope"": ""Image references across the 130 reasoning records"", ""unit"": ""image_references""}, {""count"": 45, ""evidence_basis"": ""official_source_description"", ""evidence_url"": ""https://huggingface.co/datasets/lxirich/MM-Retinal-Reason/tree/d6243baa82c0914dba3c6f43ca79fdbf856982ef"", ""exactness"": ""exact"", ""notes"": """", ""primary"": false, ""review_date"": ""2026-08-01"", ""scope"": ""Public source datasets reported by the resource"", ""unit"": ""source_datasets""}]",https://huggingface.co/datasets/lxirich/MM-Retinal-Reason,data_platform,https://huggingface.co/datasets/lxirich/MM-Retinal-Reason,anonymous_direct,False,False,False,False,False,False,False,False,unknown,available,2026-07-21,author_source_checked,Author-conducted source check; transfer completeness was evaluated separately.,transfer_tested_partial,huggingface,huggingface_loader,0.4.0,False,2026-07-25,official_metadata_or_file_listing,metadata_or_file_listing_confirmed,python hub/audit/validate_acquisition.py,,Mixed (inherits from 45 source datasets) — verify per-row,https://huggingface.co/datasets/lxirich/MM-Retinal-Reason,mixed_components,Review the cited source for component-specific terms.,,,lxirich/MM-Retinal-Reason,,,,,https://huggingface.co/datasets/lxirich/MM-Retinal-Reason,"[{""target"": ""acrima"", ""type"": ""derived_from""}, {""target"": ""aptos2019"", ""type"": ""derived_from""}, {""target"": ""chaksu"", ""type"": ""derived_from""}, {""target"": ""ddr"", ""type"": ""derived_from""}, {""target"": ""deepdrid"", ""type"": ""derived_from""}, {""target"": ""drishti_gs"", ""type"": ""derived_from""}, {""target"": ""duke_chiu_boe"", ""type"": ""derived_from""}, {""target"": ""e_ophtha"", ""type"": ""derived_from""}, {""target"": ""eyepacs"", ""type"": ""derived_from""}, {""target"": ""fives"", ""type"": ""derived_from""}, {""target"": ""g1020"", ""type"": ""derived_from""}, {""target"": ""gamma"", ""type"": ""derived_from""}, {""target"": ""goals"", ""type"": ""derived_from""}, {""target"": ""hassan_composite_retina"", ""type"": ""derived_from""}, {""target"": ""hrf"", ""type"": ""derived_from""}, {""target"": ""idrid"", ""type"": ""derived_from""}, {""target"": ""jichi"", ""type"": ""derived_from""}, {""target"": ""kermany_oct"", ""type"": ""derived_from""}, {""target"": ""lag"", ""type"": ""derived_from""}, {""target"": ""oct_c8"", ""type"": ""derived_from""}, {""target"": ""octa_500"", ""type"": ""derived_from""}, {""target"": ""octdl"", ""type"": ""derived_from""}, {""target"": ""octid"", ""type"": ""derived_from""}, {""target"": ""oimhs"", ""type"": ""derived_from""}, {""target"": ""palm"", ""type"": ""derived_from""}, {""target"": ""papila"", ""type"": ""derived_from""}, {""target"": ""paraguay_dr"", ""type"": ""derived_from""}, {""target"": ""refuge2018"", ""type"": ""derived_from""}, {""target"": ""rfmid"", ""type"": ""derived_from""}, {""target"": ""roc"", ""type"": ""derived_from""}, {""target"": ""stage_task1"", ""type"": ""derived_from""}, {""target"": ""stage_task2"", ""type"": ""derived_from""}, {""target"": ""stare"", ""type"": ""derived_from""}, {""target"": ""sustech_sysu"", ""type"": ""derived_from""}]",https://huggingface.co/datasets/lxirich/MM-Retinal-Reason/tree/d6243baa82c0914dba3c6f43ca79fdbf856982ef,https://huggingface.co/datasets/lxirich/MM-Retinal-Reason,https://huggingface.co/datasets/lxirich/MM-Retinal-Reason,https://huggingface.co/datasets/lxirich/MM-Retinal-Reason,True,2026-07-21,checked_against_cited_source,author_source_checked,metadata_or_file_listing_confirmed,mm_retinal_reason,MM-Retinal-Reason: Ophthalmology Multimodal Reasoning Dataset,unknown,unknown
mmrdr,MMRDR: Multi-Modal Retinal Diabetic Retinopathy Dataset,"Multi-modal DR dataset combining color fundus photographs (CFP), OCT B-scans, and ultra-widefield (UWF) fundus images, annotated for DR detection and severity grading. Published in Nature Scientific Data 2026.",multimodal,"[""grading"", ""classification""]",24460,"[""train"", ""test""]","[""No DR"", ""Mild DR"", ""Moderate DR"", ""Severe DR"", ""Proliferative DR""]",5,,figshare,https://doi.org/10.6084/m9.figshare.29423747,CC BY 4.0,MMRDR: Multi-Modal Retinal Diabetic Retinopathy Dataset. Nature Scientific Data 2026. Figshare: https://doi.org/10.6084/m9.figshare.29423747 — GitHub: https://github.com/Vladimirovich2019/MMRDR_Evaluation,"[""dr"", ""fundus"", ""oct"", ""uwf"", ""multimodal"", ""figshare"", ""grading""]",18.61,"Contains 24,460 images across CFP, OCT, and UWF modalities. The source-reported unit is images rather than unique patients. Evaluation code: https://github.com/Vladimirovich2019/MMRDR_Evaluation",multimodal,"[""fundus"", ""oct"", ""uwf_fundus""]",images,"[{""count"": 24460, ""evidence_basis"": ""legacy_catalog_field"", ""evidence_url"": ""https://doi.org/10.6084/m9.figshare.29423747"", ""exactness"": ""not_assessed"", ""notes"": """", ""primary"": true, ""review_date"": ""2026-08-01"", ""scope"": ""Primary quantity reported in the reviewed catalog source"", ""unit"": ""images""}]",https://doi.org/10.6084/m9.figshare.29423747,official_repository,https://doi.org/10.6084/m9.figshare.29423747,anonymous_direct,False,False,False,False,False,False,False,False,unknown,available,2026-07-21,author_source_checked,Author-conducted source check; transfer completeness was evaluated separately.,end_to_end_tested,figshare,figshare_loader,0.4.0,True,2026-07-31,complete_current_deposit_downloaded,complete_current_deposit_downloaded,python hub/audit/verify_download_and_load.py run,,CC BY 4.0,https://doi.org/10.6084/m9.figshare.29423747,dataset_files,Review the cited source for component-specific terms.,10.6084/m9.figshare.29423747,,10.6084/m9.figshare.29423747,,,,,https://doi.org/10.6084/m9.figshare.29423747,[],https://doi.org/10.6084/m9.figshare.29423747,https://doi.org/10.6084/m9.figshare.29423747,https://doi.org/10.6084/m9.figshare.29423747,https://doi.org/10.6084/m9.figshare.29423747,True,2026-07-21,checked_against_cited_source,author_source_checked,complete_current_deposit_downloaded,mmrdr,MMRDR: Multi-Modal Retinal Diabetic Retinopathy Dataset,cc-by,cc-by
mpii_gaze,MPIIGaze Appearance-Based Gaze Estimation Dataset,"Longitudinal laptop-camera images captured during natural daily use with gaze targets, face geometry, and normalized views.",eye_tracking,"[""gaze_estimation"", ""regression""]",213659,"[""all""]",,,,manual,https://www.mpi-inf.mpg.de/de/departments/computer-vision-and-machine-learning/research/gaze-based-human-computer-interaction/appearance-based-gaze-estimation-in-the-wild,CC BY-NC-SA 4.0; non-commercial scientific use only,"Zhang X, Sugano Y, Fritz M, Bulling A. Appearance-Based Gaze Estimation in the Wild. CVPR. 2015:4511-4520.","[""eye_tracking"", ""gaze"", ""laptop"", ""longitudinal"", ""in_the_wild"", ""non_commercial""]",2.1,"The institutional page reports 213,659 images from 15 participants collected over more than three months and provides a 2.1 GB download for non-commercial scientific use.",eye_tracking,"[""eye_tracking""]",images,"[{""count"": 213659, ""evidence_basis"": ""legacy_catalog_field"", ""evidence_url"": ""https://www.mpi-inf.mpg.de/de/departments/computer-vision-and-machine-learning/research/gaze-based-human-computer-interaction/appearance-based-gaze-estimation-in-the-wild"", ""exactness"": ""not_assessed"", ""notes"": """", ""primary"": true, ""review_date"": ""2026-08-01"", ""scope"": ""Primary quantity reported in the reviewed catalog source"", ""unit"": ""images""}]",https://www.mpi-inf.mpg.de/de/departments/computer-vision-and-machine-learning/research/gaze-based-human-computer-interaction/appearance-based-gaze-estimation-in-the-wild,documented_manual_route,https://www.mpi-inf.mpg.de/de/departments/computer-vision-and-machine-learning/research/gaze-based-human-computer-interaction/appearance-based-gaze-estimation-in-the-wild,anonymous_direct,False,False,False,False,False,False,False,False,unknown,available,2026-07-21,acquisition_route_verified,Author-conducted source check; transfer completeness was evaluated separately.,guided_instructions_only,manual,manual_loader,0.4.0,False,,unit_or_mocked_only,not_live_tested,,,CC BY-NC-SA 4.0; non-commercial scientific use only,https://www.mpi-inf.mpg.de/de/departments/computer-vision-and-machine-learning/research/gaze-based-human-computer-interaction/appearance-based-gaze-estimation-in-the-wild,dataset_files,Review the cited source for component-specific terms.,,,,,,,,https://www.mpi-inf.mpg.de/de/departments/computer-vision-and-machine-learning/research/gaze-based-human-computer-interaction/appearance-based-gaze-estimation-in-the-wild,[],https://www.mpi-inf.mpg.de/de/departments/computer-vision-and-machine-learning/research/gaze-based-human-computer-interaction/appearance-based-gaze-estimation-in-the-wild,https://www.mpi-inf.mpg.de/de/departments/computer-vision-and-machine-learning/research/gaze-based-human-computer-interaction/appearance-based-gaze-estimation-in-the-wild,https://www.mpi-inf.mpg.de/de/departments/computer-vision-and-machine-learning/research/gaze-based-human-computer-interaction/appearance-based-gaze-estimation-in-the-wild,https://www.mpi-inf.mpg.de/de/departments/computer-vision-and-machine-learning/research/gaze-based-human-computer-interaction/appearance-based-gaze-estimation-in-the-wild,True,2026-07-21,checked_against_cited_source,acquisition_route_verified,not_live_tested,mpii_gaze,MPIIGaze Appearance-Based Gaze Estimation Dataset,cc-by-nc-sa,cc-by-nc-sa
mshf,Multi-Source Heterogeneous Fundus Dataset for Image Quality Assessment,Multi-source heterogeneous retinal fundus image-quality assessment dataset for training and evaluating quality-control models.,fundus,"[""quality_assessment"", ""classification""]",1302,"[""all""]",,,,figshare,https://doi.org/10.6084/m9.figshare.21507564,CC BY 4.0,"Jin K, Gao Z, Jiang X, Wang Y, Ma X, Li Y, Ye J. MSHF: A Multi-Source Heterogeneous Fundus Dataset for Image Quality Assessment. Figshare, 2023. doi:10.6084/m9.figshare.21507564","[""figshare"", ""fundus"", ""image_quality"", ""quality_assessment"", ""multi_source""]",1.06,Multi-source quality-assessment dataset; review source composition before treating all images as a single independent cohort.,fundus,"[""fundus""]",images,"[{""count"": 1302, ""evidence_basis"": ""current_deposit_file_listing"", ""evidence_url"": ""https://doi.org/10.6084/m9.figshare.21507564"", ""exactness"": ""exact"", ""notes"": """", ""primary"": true, ""review_date"": ""2026-08-01"", ""scope"": ""Unique source images in the Original directory"", ""unit"": ""images""}, {""count"": 1302, ""evidence_basis"": ""current_deposit_file_listing"", ""evidence_url"": ""https://doi.org/10.6084/m9.figshare.21507564"", ""exactness"": ""exact"", ""notes"": ""These are copies of the 1,302 source images and are not an additional cohort."", ""primary"": false, ""review_date"": ""2026-08-01"", ""scope"": ""Train/test analysis copies"", ""unit"": ""images""}]",https://doi.org/10.6084/m9.figshare.21507564,official_repository,https://doi.org/10.6084/m9.figshare.21507564,anonymous_direct,False,False,False,False,False,False,False,False,unknown,available,2026-07-21,author_source_checked,Author-conducted source check; transfer completeness was evaluated separately.,end_to_end_tested,figshare,figshare_loader,0.4.0,True,2026-07-31,complete_current_deposit_downloaded,complete_current_deposit_downloaded,python hub/audit/verify_download_and_load.py run,,CC BY 4.0,https://doi.org/10.6084/m9.figshare.21507564,dataset_files,Review the cited source for component-specific terms.,10.6084/m9.figshare.21507564,,10.6084/m9.figshare.21507564,,,,,https://doi.org/10.6084/m9.figshare.21507564,[],https://doi.org/10.6084/m9.figshare.21507564,https://doi.org/10.6084/m9.figshare.21507564,https://doi.org/10.6084/m9.figshare.21507564,https://doi.org/10.6084/m9.figshare.21507564,True,2026-07-21,checked_against_cited_source,author_source_checked,complete_current_deposit_downloaded,mshf,Multi-Source Heterogeneous Fundus Dataset for Image Quality Assessment,cc-by,cc-by
msila_fundus_dr,M'Sila Retinal Fundus Dataset for Diabetic Retinopathy Classification,"Anonymized retinal fundus images from an ophthalmology clinic in M'Sila, Algeria for diabetic-retinopathy classification.",fundus,"[""classification"", ""grading""]",1335,"[""all""]",,,,zenodo,https://zenodo.org/records/19169587,CC BY 4.0,"M'Sila retinal fundus dataset for diabetic retinopathy classification. Zenodo, 2026. doi:10.5281/zenodo.19169587","[""zenodo"", ""fundus"", ""diabetic_retinopathy"", ""algeria""]",1.47,,fundus,"[""fundus""]",images,"[{""count"": 1335, ""evidence_basis"": ""legacy_catalog_field"", ""evidence_url"": ""https://zenodo.org/records/19169587"", ""exactness"": ""not_assessed"", ""notes"": """", ""primary"": true, ""review_date"": ""2026-08-01"", ""scope"": ""Primary quantity reported in the reviewed catalog source"", ""unit"": ""images""}]",https://zenodo.org/records/19169587,official_repository,https://zenodo.org/records/19169587,anonymous_direct,False,False,False,False,False,False,False,False,unknown,available,2026-07-21,author_source_checked,Author-conducted source check; transfer completeness was evaluated separately.,standard_platform_supported,zenodo,zenodo_loader,0.4.0,False,,unit_or_mocked_only,not_live_tested,,,CC BY 4.0,https://zenodo.org/records/19169587,dataset_files,Review the cited source for component-specific terms.,10.5281/zenodo.19169587,,records/19169587,,,,,https://doi.org/10.5281/zenodo.19169587,[],https://zenodo.org/records/19169587,https://zenodo.org/records/19169587,https://zenodo.org/records/19169587,https://zenodo.org/records/19169587,True,2026-07-21,checked_against_cited_source,author_source_checked,not_live_tested,msila_fundus_dr,M'Sila Retinal Fundus Dataset for Diabetic Retinopathy Classification,cc-by,cc-by
multieye,MultiEYE: OCT-Enhanced Fundus Multi-Disease Benchmark,"58,036 fundus + 45,923 OCT images assembled for multi-disease classification (8 classes) with cross-modal distillation. Sourced from multiple public ophthalmic datasets.",multimodal,"[""classification""]",103959,"[""train"", ""val"", ""test""]",,8,,huggingface,https://huggingface.co/datasets/Luxuriant16/MultiEYE,MIT,"MultiEYE: OCT-Enhanced Fundus Multi-Disease Benchmark, IEEE TMI 2025; arXiv:2412.09402","[""multimodal"", ""fundus"", ""oct"", ""cross_modal"", ""distillation""]",27.3,Re-aggregates several source datasets — image licenses inherit from their original sources. Verify per-component before reuse.,multimodal,"[""fundus"", ""oct""]",images,"[{""count"": 103959, ""evidence_basis"": ""derived_from_reported_components"", ""evidence_url"": ""https://arxiv.org/abs/2412.09402"", ""exactness"": ""exact"", ""notes"": ""Component source datasets overlap other catalog records."", ""primary"": true, ""review_date"": ""2026-08-01"", ""scope"": ""Fundus and OCT images across the composite benchmark"", ""unit"": ""images""}, {""count"": 58036, ""evidence_basis"": ""official_source_description"", ""evidence_url"": ""https://arxiv.org/abs/2412.09402"", ""exactness"": ""exact"", ""notes"": """", ""primary"": false, ""review_date"": ""2026-08-01"", ""scope"": ""Fundus component"", ""unit"": ""images""}, {""count"": 45923, ""evidence_basis"": ""official_source_description"", ""evidence_url"": ""https://arxiv.org/abs/2412.09402"", ""exactness"": ""exact"", ""notes"": """", ""primary"": false, ""review_date"": ""2026-08-01"", ""scope"": ""OCT component"", ""unit"": ""images""}]",https://huggingface.co/datasets/Luxuriant16/MultiEYE,data_platform,https://huggingface.co/datasets/Luxuriant16/MultiEYE,anonymous_direct,False,False,False,False,False,False,False,False,unknown,available,2026-07-21,author_source_checked,Author-conducted source check; transfer completeness was evaluated separately.,standard_platform_supported,huggingface,huggingface_loader,0.4.0,False,,unit_or_mocked_only,not_live_tested,,,MIT,https://huggingface.co/datasets/Luxuriant16/MultiEYE,unknown,Review the cited source for component-specific terms.,,,Luxuriant16/MultiEYE,,,,,https://huggingface.co/datasets/Luxuriant16/MultiEYE,"[{""target"": ""ddr"", ""type"": ""derived_from""}, {""target"": ""eyepacs"", ""type"": ""derived_from""}, {""target"": ""fives"", ""type"": ""derived_from""}, {""target"": ""goals"", ""type"": ""derived_from""}, {""target"": ""hassan_composite_retina"", ""type"": ""derived_from""}, {""target"": ""kermany_oct"", ""type"": ""derived_from""}, {""target"": ""messidor2"", ""type"": ""derived_from""}, {""target"": ""octid"", ""type"": ""derived_from""}, {""target"": ""odir2019"", ""type"": ""derived_from""}, {""target"": ""rfmid"", ""type"": ""derived_from""}, {""target"": ""rfmid2"", ""type"": ""derived_from""}, {""target"": ""stare"", ""type"": ""derived_from""}, {""target"": ""vietai_retinal_disease"", ""type"": ""derived_from""}]",https://arxiv.org/abs/2412.09402,https://huggingface.co/datasets/Luxuriant16/MultiEYE,https://huggingface.co/datasets/Luxuriant16/MultiEYE,https://huggingface.co/datasets/Luxuriant16/MultiEYE,True,2026-07-21,checked_against_cited_source,author_source_checked,not_live_tested,multieye,MultiEYE: OCT-Enhanced Fundus Multi-Disease Benchmark,mit,mit
mured,MuReD: Multi-label Retinal Diseases Dataset,"2,208 color fundus images with 20-class multi-label disease annotations.",fundus,"[""multilabel"", ""classification""]",2208,"[""train"", ""test""]",,20,,mendeley,https://data.mendeley.com/datasets/pc4mb3h8hz/1,CC BY 4.0,"Rodriguez MA, AlMarzouqi H, Liatsis P, 'Multi-label Retinal Disease Classification using Transformers', IEEE Journal of Biomedical and Health Informatics 27(6):2739-2750, 2022. arXiv:2207.02335","[""fundus"", ""multilabel"", ""multi_disease""]",2.0,"The official source states that images from STARE, RFMiD, and ARIA were post-processed for this release. ARIA is not a separate EyeDataHub record.",fundus,"[""fundus""]",images,"[{""count"": 2208, ""evidence_basis"": ""legacy_catalog_field"", ""evidence_url"": ""https://data.mendeley.com/datasets/pc4mb3h8hz/1"", ""exactness"": ""not_assessed"", ""notes"": """", ""primary"": true, ""review_date"": ""2026-08-01"", ""scope"": ""Primary quantity reported in the reviewed catalog source"", ""unit"": ""images""}]",https://data.mendeley.com/datasets/pc4mb3h8hz/1,official_repository,https://data.mendeley.com/datasets/pc4mb3h8hz/1,anonymous_direct,False,False,False,False,False,False,False,False,unknown,available,2026-07-21,author_source_checked,Author-conducted source check; transfer completeness was evaluated separately.,standard_platform_supported,mendeley,mendeley_loader,0.4.0,False,,unit_or_mocked_only,not_live_tested,,,CC BY 4.0,https://data.mendeley.com/datasets/pc4mb3h8hz/1,dataset_files,Review the cited source for component-specific terms.,10.17632/pc4mb3h8hz.1,,pc4mb3h8hz/1,,,,,https://doi.org/10.17632/pc4mb3h8hz.1,"[{""target"": ""rfmid"", ""type"": ""derived_from""}, {""target"": ""stare"", ""type"": ""derived_from""}]",https://data.mendeley.com/datasets/pc4mb3h8hz/1,https://data.mendeley.com/datasets/pc4mb3h8hz/1,https://data.mendeley.com/datasets/pc4mb3h8hz/1,https://data.mendeley.com/datasets/pc4mb3h8hz/1,True,2026-07-21,checked_against_cited_source,author_source_checked,not_live_tested,mured,MuReD: Multi-label Retinal Diseases Dataset,cc-by,cc-by
myopic_regression_fundus,Myopic Regression after Corneal Refractive Surgery Fundus Sample,Public sample fundus photographs and measurements for modeling myopic regression after corneal refractive surgery.,fundus,"[""regression"", ""classification""]",330,"[""all""]",,,,mendeley,https://data.mendeley.com/datasets/k34rvfw3dg/2,CC BY 4.0,"Machine learning predicting myopic regression after corneal refractive surgery. Mendeley Data, V2, 2021. doi:10.17632/k34rvfw3dg.2","[""mendeley"", ""fundus"", ""myopia"", ""refractive_surgery""]",0.2,Public sample release; not the full original clinical study dataset.,fundus,"[""fundus""]",images,"[{""count"": 330, ""evidence_basis"": ""legacy_catalog_field"", ""evidence_url"": ""https://data.mendeley.com/datasets/k34rvfw3dg/2"", ""exactness"": ""not_assessed"", ""notes"": """", ""primary"": true, ""review_date"": ""2026-08-01"", ""scope"": ""Primary quantity reported in the reviewed catalog source"", ""unit"": ""images""}]",https://data.mendeley.com/datasets/k34rvfw3dg/2,official_repository,https://data.mendeley.com/datasets/k34rvfw3dg/2,anonymous_direct,False,False,False,False,False,False,False,False,unknown,available,2026-07-21,author_source_checked,Author-conducted source check; transfer completeness was evaluated separately.,standard_platform_supported,mendeley,mendeley_loader,0.4.0,False,,unit_or_mocked_only,not_live_tested,,,CC BY 4.0,https://data.mendeley.com/datasets/k34rvfw3dg/2,dataset_files,Review the cited source for component-specific terms.,10.17632/k34rvfw3dg.2,,k34rvfw3dg/2,,,,,https://doi.org/10.17632/k34rvfw3dg.2,[],https://data.mendeley.com/datasets/k34rvfw3dg/2,https://data.mendeley.com/datasets/k34rvfw3dg/2,https://data.mendeley.com/datasets/k34rvfw3dg/2,https://data.mendeley.com/datasets/k34rvfw3dg/2,True,2026-07-21,checked_against_cited_source,author_source_checked,not_live_tested,myopic_regression_fundus,Myopic Regression after Corneal Refractive Surgery Fundus Sample,cc-by,cc-by
nd_iris_0405,ND-IRIS-0405 Iris Image Dataset,"Longitudinal near-infrared iris images with subject, eye, age, sex, and ethnicity metadata used in ICE iris-recognition evaluations.",iris_biometrics,"[""biometric_recognition"", ""classification"", ""demographic_analysis""]",64980,"[""all""]",,,,manual,https://tsapps.nist.gov/BDbC/Search/Details/371,Research use under a signed institutional data license agreement,"Bowyer KW, Flynn PJ. The ND-IRIS-0405 Iris Image Dataset. arXiv:1606.04853. 2016.","[""iris"", ""biometrics"", ""near_infrared"", ""longitudinal"", ""demographics"", ""license_agreement""]",,"The current NIST catalog record reports 64,980 images from 356 participants and 712 irises. Access requires an institutional license signed by an authorized representative; approval and download instructions are issued by Notre Dame.",iris_biometrics,"[""iris_biometrics""]",images,"[{""count"": 64980, ""evidence_basis"": ""legacy_catalog_field"", ""evidence_url"": ""https://tsapps.nist.gov/BDbC/Search/Details/371"", ""exactness"": ""not_assessed"", ""notes"": """", ""primary"": true, ""review_date"": ""2026-08-01"", ""scope"": ""Primary quantity reported in the reviewed catalog source"", ""unit"": ""images""}]",https://tsapps.nist.gov/BDbC/Search/Details/371,documented_manual_route,https://tsapps.nist.gov/BDbC/Search/Details/371,controlled_or_manual,False,False,,False,True,False,,,unknown,available,2026-07-21,author_source_checked,Author-conducted source check; transfer completeness was evaluated separately.,manual_access_blocked,manual,manual_loader,0.4.0,False,,unit_or_mocked_only,not_live_tested,,,Research use under a signed institutional data license agreement,https://tsapps.nist.gov/BDbC/Search/Details/371,dataset_files,Review the cited source for component-specific terms.,,,,,,,,https://tsapps.nist.gov/BDbC/Search/Details/371,[],https://tsapps.nist.gov/BDbC/Search/Details/371,https://tsapps.nist.gov/BDbC/Search/Details/371,https://tsapps.nist.gov/BDbC/Search/Details/371,https://tsapps.nist.gov/BDbC/Search/Details/371,True,2026-07-21,checked_against_cited_source,author_source_checked,not_live_tested,nd_iris_0405,ND-IRIS-0405 Iris Image Dataset,research-only,research-only
nehut,NEH-UT Retinal OCT Dataset,"Retinal OCT B-scans from Noor Eye Hospital for classification of Normal, Drusen, and CNV (choroidal neovascularisation) cases. 16,822 B-scans from 441 eyes (Normal 120 / Drusen 160 / CNV 161 eyes).",oct,"[""classification""]",16822,"[""all""]","[""Normal"", ""Drusen"", ""CNV""]",3,,mendeley,https://data.mendeley.com/datasets/8kt969dhx6/2,CC BY 4.0,"Labeled Retinal OCT Dataset for Classification of Normal, Drusen, and CNV Cases. Mendeley Data, V2. doi:10.17632/8kt969dhx6.2","[""oct"", ""mendeley"", ""classification"", ""drusen"", ""cnv""]",3.65,,oct,"[""oct""]",images,"[{""count"": 16822, ""evidence_basis"": ""legacy_catalog_field"", ""evidence_url"": ""https://data.mendeley.com/datasets/8kt969dhx6/2"", ""exactness"": ""not_assessed"", ""notes"": """", ""primary"": true, ""review_date"": ""2026-08-01"", ""scope"": ""Primary quantity reported in the reviewed catalog source"", ""unit"": ""images""}]",https://data.mendeley.com/datasets/8kt969dhx6/2,official_repository,https://data.mendeley.com/datasets/8kt969dhx6/2,anonymous_direct,False,False,False,False,False,False,False,False,unknown,available,2026-07-21,author_source_checked,Author-conducted source check; transfer completeness was evaluated separately.,standard_platform_supported,mendeley,mendeley_loader,0.4.0,False,,unit_or_mocked_only,not_live_tested,,,CC BY 4.0,https://data.mendeley.com/datasets/8kt969dhx6/2,dataset_files,Review the cited source for component-specific terms.,10.17632/8kt969dhx6.2,,8kt969dhx6/2,,,,,https://doi.org/10.17632/8kt969dhx6.2,[],https://data.mendeley.com/datasets/8kt969dhx6/2,https://data.mendeley.com/datasets/8kt969dhx6/2,https://data.mendeley.com/datasets/8kt969dhx6/2,https://data.mendeley.com/datasets/8kt969dhx6/2,True,2026-07-21,checked_against_cited_source,author_source_checked,not_live_tested,nehut,NEH-UT Retinal OCT Dataset,cc-by,cc-by
ochid,OCHID: OCT Choroidal Image Dataset,A collection of 640 retinal OCT images with expert choroidal region annotations for choroid segmentation.,oct,"[""segmentation""]",640,"[""all""]","[""background"", ""choroid""]",2,,manual,https://imed.nimte.ac.cn/OCHID.html,Research only: academic research use by request,"Yan Q, Gu Y, Zhao J, et al. Automatic choroid layer segmentation in OCT images via context efficient adaptive network. Appl Intell. 2023;53:5554-5566. doi:10.1007/s10489-022-03723-w","[""oct"", ""choroid"", ""segmentation"", ""manual_access""]",,The official project page asks academic users to request the dataset by email. It does not provide a standard license.,oct,"[""oct""]",images,"[{""count"": 640, ""evidence_basis"": ""legacy_catalog_field"", ""evidence_url"": ""https://imed.nimte.ac.cn/OCHID.html"", ""exactness"": ""not_assessed"", ""notes"": """", ""primary"": true, ""review_date"": ""2026-08-01"", ""scope"": ""Primary quantity reported in the reviewed catalog source"", ""unit"": ""images""}]",https://imed.nimte.ac.cn/OCHID.html,documented_manual_route,https://imed.nimte.ac.cn/OCHID.html,author_contact,False,False,,False,,False,True,,unknown,available,2026-07-21,author_source_checked,Author-conducted source check; transfer completeness was evaluated separately.,manual_access_blocked,manual,manual_loader,0.4.0,False,,unit_or_mocked_only,not_live_tested,,,Research only: academic research use by request,https://imed.nimte.ac.cn/OCHID.html,dataset_files,Review the cited source for component-specific terms.,,,,10.1007/s10489-022-03723-w,,,,https://imed.nimte.ac.cn/OCHID.html,[],https://imed.nimte.ac.cn/OCHID.html,https://imed.nimte.ac.cn/OCHID.html,https://imed.nimte.ac.cn/OCHID.html,https://imed.nimte.ac.cn/OCHID.html,True,2026-07-21,checked_against_cited_source,author_source_checked,not_live_tested,ochid,OCHID: OCT Choroidal Image Dataset,research-only,research-only
oct5k,OCT5k: Multi-Disease Retinal Layer Annotations,"1,672 OCT B-scans from AMD, DME, and healthy controls with 5,016 multi-grader layer annotations + lesion detection labels.",oct,"[""segmentation"", ""classification""]",1672,"[""all""]",,8,,figshare,https://doi.org/10.5522/04/22128671,CC0 1.0,"Morano et al., 'OCT5k: a dataset of multi-disease and multi-graded annotations for retinal layers in OCT images', Scientific Data 2024. doi:10.1038/s41597-024-04259-z","[""oct"", ""layer_segmentation"", ""amd"", ""dme"", ""multi_grader""]",0.05,"UCL Research Data Repository — Figshare-backed, free download.",oct,"[""oct""]",images,"[{""count"": 1672, ""evidence_basis"": ""legacy_catalog_field"", ""evidence_url"": ""https://doi.org/10.5522/04/22128671"", ""exactness"": ""not_assessed"", ""notes"": """", ""primary"": true, ""review_date"": ""2026-08-01"", ""scope"": ""Primary quantity reported in the reviewed catalog source"", ""unit"": ""images""}]",https://doi.org/10.5522/04/22128671,official_repository,https://doi.org/10.5522/04/22128671,anonymous_direct,False,False,False,False,False,False,False,False,unknown,available,2026-07-21,author_source_checked,Author-conducted source check; transfer completeness was evaluated separately.,end_to_end_tested,figshare,figshare_loader,0.4.0,True,2026-07-31,complete_current_deposit_downloaded,complete_current_deposit_downloaded,python hub/audit/verify_download_and_load.py run,,CC0 1.0,https://doi.org/10.5522/04/22128671,dataset_files,Review the cited source for component-specific terms.,10.5522/04/22128671,,04/22128671,10.1038/s41597-024-04259-z,,,,https://doi.org/10.5522/04/22128671,[],https://doi.org/10.5522/04/22128671,https://doi.org/10.5522/04/22128671,https://doi.org/10.5522/04/22128671,https://doi.org/10.5522/04/22128671,True,2026-07-21,checked_against_cited_source,author_source_checked,complete_current_deposit_downloaded,oct5k,OCT5k: Multi-Disease Retinal Layer Annotations,cc0,cc0
oct_c8,Retinal OCT-C8: 8-Class OCT Classification,"~24,000 retinal OCT images across 8 disease classes: AMD, BRAO, BRVO, CSC, CRAO, CRVO, DME, MH.",oct,"[""classification""]",24000,"[""train"", ""val"", ""test""]","[""AMD"", ""Branch Retinal Artery Occlusion"", ""Branch Retinal Vein Occlusion"", ""Central Serous Chorioretinopathy"", ""Central Retinal Artery Occlusion"", ""Central Retinal Vein Occlusion"", ""Diabetic Macular Edema"", ""Macular Hole""]",8,,kaggle,https://www.kaggle.com/datasets/obulisainaren/retinal-oct-c8,See Kaggle dataset page,"Srinivasan et al., 'Fully automated detection of diabetic macular edema and dry age-related macular degeneration from optical coherence tomography images', Biomed. Opt. Express 2014.","[""oct"", ""classification"", ""8-class""]",2.5,,oct,"[""oct""]",images,"[{""count"": 24000, ""evidence_basis"": ""legacy_catalog_field"", ""evidence_url"": ""https://www.kaggle.com/datasets/obulisainaren/retinal-oct-c8"", ""exactness"": ""not_assessed"", ""notes"": """", ""primary"": true, ""review_date"": ""2026-08-01"", ""scope"": ""Primary quantity reported in the reviewed catalog source"", ""unit"": ""images""}]",https://www.kaggle.com/datasets/obulisainaren/retinal-oct-c8,data_platform,https://www.kaggle.com/datasets/obulisainaren/retinal-oct-c8,self_service_authenticated,True,True,True,False,False,False,False,False,unknown,available,2026-07-21,author_source_checked,Author-conducted source check; transfer completeness was evaluated separately.,standard_platform_supported,kaggle,kaggle_loader,0.4.0,False,,unit_or_mocked_only,not_live_tested,,,See Kaggle dataset page,https://www.kaggle.com/datasets/obulisainaren/retinal-oct-c8,unknown,Review the cited source for component-specific terms.,,,obulisainaren/retinal-oct-c8,,,,,https://www.kaggle.com/datasets/obulisainaren/retinal-oct-c8,[],https://www.kaggle.com/datasets/obulisainaren/retinal-oct-c8,https://www.kaggle.com/datasets/obulisainaren/retinal-oct-c8,https://www.kaggle.com/datasets/obulisainaren/retinal-oct-c8,https://www.kaggle.com/datasets/obulisainaren/retinal-oct-c8,True,2026-07-21,checked_against_cited_source,author_source_checked,not_live_tested,oct_c8,Retinal OCT-C8: 8-Class OCT Classification,unknown,unknown
oct_cirrus,Duke Srinivasan Retinal OCT Dataset,"Forty-five retinal OCT volumes acquired with a Spectralis system: 15 dry AMD, 15 diabetic macular edema, and 15 normal volumes. The official Duke release provides the study data.",oct,"[""classification""]",45,"[""all""]","[""AMD"", ""DME"", ""Normal""]",3,,manual,https://people.duke.edu/~sf59/Srinivasan_BOE_2014_dataset.htm,Research only: research and educational use; commercialization and redistribution prohibited,"Srinivasan PP, Kim LA, Mettu PS, et al. Fully automated detection of diabetic macular edema and dry age-related macular degeneration from optical coherence tomography images. Biomed Opt Express. 2014;5:3568-3577. doi:10.1364/BOE.5.003568","[""oct"", ""classification"", ""amd"", ""dme"", ""duke"", ""spectralis""]",0.58,"The source permits research and educational use but prohibits commercialization and redistribution. The sample count records 45 volumes; the loader emits their 3,231 B-scans.",oct,"[""oct""]",volumes,"[{""count"": 45, ""evidence_basis"": ""legacy_catalog_field"", ""evidence_url"": ""https://people.duke.edu/~sf59/Srinivasan_BOE_2014_dataset.htm"", ""exactness"": ""not_assessed"", ""notes"": """", ""primary"": true, ""review_date"": ""2026-08-01"", ""scope"": ""Primary quantity reported in the reviewed catalog source"", ""unit"": ""volumes""}]",https://people.duke.edu/~sf59/Srinivasan_BOE_2014_dataset.htm,documented_manual_route,https://people.duke.edu/~sf59/Srinivasan_BOE_2014_dataset.htm,anonymous_direct,False,False,False,False,False,False,False,False,unknown,available,2026-07-21,acquisition_route_verified,Author-conducted source check; transfer completeness was evaluated separately.,guided_instructions_only,manual,manual_loader,0.4.0,False,,unit_or_mocked_only,not_live_tested,,,Research only: research and educational use; commercialization and redistribution prohibited,https://people.duke.edu/~sf59/Srinivasan_BOE_2014_dataset.htm,dataset_files,Review the cited source for component-specific terms.,,,,10.1364/boe.5.003568,,,,https://people.duke.edu/~sf59/Srinivasan_BOE_2014_dataset.htm,[],https://people.duke.edu/~sf59/Srinivasan_BOE_2014_dataset.htm,https://people.duke.edu/~sf59/Srinivasan_BOE_2014_dataset.htm,https://people.duke.edu/~sf59/Srinivasan_BOE_2014_dataset.htm,https://people.duke.edu/~sf59/Srinivasan_BOE_2014_dataset.htm,True,2026-07-21,checked_against_cited_source,acquisition_route_verified,not_live_tested,oct_cirrus,Duke Srinivasan Retinal OCT Dataset,research-only,research-only
oct_fundus_dme_dr_mexico,OCT and Eye Fundus Dataset for DME and DR,"Linked color fundus and macular OCT images for diabetic macular edema and diabetic retinopathy classification, with CSV labels and shared patient/eye/image nomenclature.",multimodal,"[""classification"", ""grading""]",2661,"[""all""]",,,,github,https://github.com/Traslational-Visual-Health-Laboratory/OCT-AND-EYE-FUNDUS-DATASET,Unknown; no repository license declared,"Hughes Cano JA, Olivares Pinto U, Thebault SC. Dataset of Eye Fundus and OCT Images for the study of Diabetic Macular Edema and Diabetic Retinopathy. GitHub repository, accessed 2026.","[""github"", ""fundus"", ""oct"", ""diabetic_macular_edema"", ""diabetic_retinopathy"", ""mexico"", ""multimodal""]",0.49,"Repository README reports 1,548 fundus images and 1,113 OCT images collected between 2015 and 2022, with DME and DR labels in CSV files and shared patient/eye/modality/sample identifiers. No license file is declared; verify source terms before reuse.",multimodal,"[""fundus"", ""oct""]",images,"[{""count"": 2661, ""evidence_basis"": ""legacy_catalog_field"", ""evidence_url"": ""https://github.com/Traslational-Visual-Health-Laboratory/OCT-AND-EYE-FUNDUS-DATASET"", ""exactness"": ""not_assessed"", ""notes"": """", ""primary"": true, ""review_date"": ""2026-08-01"", ""scope"": ""Primary quantity reported in the reviewed catalog source"", ""unit"": ""images""}]",https://github.com/Traslational-Visual-Health-Laboratory/OCT-AND-EYE-FUNDUS-DATASET,source_repository,https://github.com/Traslational-Visual-Health-Laboratory/OCT-AND-EYE-FUNDUS-DATASET,anonymous_direct,False,False,False,False,False,False,False,False,unknown,available,2026-07-21,author_source_checked,Author-conducted source check; transfer completeness was evaluated separately.,end_to_end_tested,github,github_loader,0.4.0,True,2026-07-31,complete_current_deposit_downloaded,complete_current_deposit_downloaded,python hub/audit/verify_download_and_load.py run,,Unknown; no repository license declared,https://github.com/Traslational-Visual-Health-Laboratory/OCT-AND-EYE-FUNDUS-DATASET,unknown,Review the cited source for component-specific terms.,,,,,,,,https://github.com/Traslational-Visual-Health-Laboratory/OCT-AND-EYE-FUNDUS-DATASET,[],https://github.com/Traslational-Visual-Health-Laboratory/OCT-AND-EYE-FUNDUS-DATASET,https://github.com/Traslational-Visual-Health-Laboratory/OCT-AND-EYE-FUNDUS-DATASET,https://github.com/Traslational-Visual-Health-Laboratory/OCT-AND-EYE-FUNDUS-DATASET,https://github.com/Traslational-Visual-Health-Laboratory/OCT-AND-EYE-FUNDUS-DATASET,True,2026-07-21,checked_against_cited_source,author_source_checked,complete_current_deposit_downloaded,oct_fundus_dme_dr_mexico,OCT and Eye Fundus Dataset for DME and DR,unknown,unknown
oct_macular_hole_postsurgery,HD-OCT of Macular Hole Before and After Surgery,HD-OCT scans and clinical outcome variables for macular-hole visual-improvement prediction after surgery.,oct,"[""regression"", ""classification""]",2658,"[""all""]",,,,kaggle,https://www.kaggle.com/datasets/mathieugodbout/oct-postsurgery-visual-improvement,LGPL-3.0,"HD-OCT of macular hole, pre/postoperative. Kaggle, accessed 2026-07.","[""kaggle"", ""oct"", ""macular_hole"", ""surgery"", ""outcome_prediction""]",1.0,,oct,"[""oct""]",images,"[{""count"": 2658, ""evidence_basis"": ""legacy_catalog_field"", ""evidence_url"": ""https://www.kaggle.com/datasets/mathieugodbout/oct-postsurgery-visual-improvement"", ""exactness"": ""not_assessed"", ""notes"": """", ""primary"": true, ""review_date"": ""2026-08-01"", ""scope"": ""Primary quantity reported in the reviewed catalog source"", ""unit"": ""images""}]",https://www.kaggle.com/datasets/mathieugodbout/oct-postsurgery-visual-improvement,data_platform,https://www.kaggle.com/datasets/mathieugodbout/oct-postsurgery-visual-improvement,self_service_authenticated,True,True,True,False,False,False,False,False,unknown,available,2026-07-21,author_source_checked,Author-conducted source check; transfer completeness was evaluated separately.,standard_platform_supported,kaggle,kaggle_loader,0.4.0,False,,unit_or_mocked_only,not_live_tested,,,LGPL-3.0,https://www.kaggle.com/datasets/mathieugodbout/oct-postsurgery-visual-improvement,unknown,Review the cited source for component-specific terms.,,,mathieugodbout/oct-postsurgery-visual-improvement,,,,,https://www.kaggle.com/datasets/mathieugodbout/oct-postsurgery-visual-improvement,[],https://www.kaggle.com/datasets/mathieugodbout/oct-postsurgery-visual-improvement,https://www.kaggle.com/datasets/mathieugodbout/oct-postsurgery-visual-improvement,https://www.kaggle.com/datasets/mathieugodbout/oct-postsurgery-visual-improvement,https://www.kaggle.com/datasets/mathieugodbout/oct-postsurgery-visual-improvement,True,2026-07-21,checked_against_cited_source,author_source_checked,not_live_tested,oct_macular_hole_postsurgery,HD-OCT of Macular Hole Before and After Surgery,unknown,unknown
oct_ms_jhu,OCT Retinal Layer Segmentation — MS & Healthy Controls (JHU/IACL),"35 Spectralis OCT volumes (1,715 B-scans) with 9 manually delineated retinal layer boundaries. 14 healthy controls, 21 MS subjects.",oct,"[""segmentation""]",1715,"[""all""]","[""ILM"", ""RNFL-OPL"", ""OPL-ONL"", ""ELM"", ""MZ"", ""EZ"", ""OSP"", ""IZ-RPE"", ""RPE""]",9,"[496, 1024]",direct,https://iacl.ece.jhu.edu/~aaron/data/OCT_Manual_Delineations-2018_June_29_b.zip,CC BY-NC-ND,"Y. He et al., 'Retinal layer parcellation of optical coherence tomography images: Data resource for Multiple Sclerosis and Healthy Controls', Data in Brief 22:601-604, 2019.","[""oct"", ""segmentation"", ""multiple_sclerosis"", ""layers"", ""jhu""]",1.8,,oct,"[""oct""]",b_scans,"[{""count"": 1715, ""evidence_basis"": ""associated_publication"", ""evidence_url"": ""https://doi.org/10.1016/j.dib.2018.11.060"", ""exactness"": ""exact"", ""notes"": """", ""primary"": true, ""review_date"": ""2026-08-01"", ""scope"": ""B-scans in 35 OCT volumes"", ""unit"": ""b_scans""}, {""count"": 35, ""evidence_basis"": ""associated_publication"", ""evidence_url"": ""https://doi.org/10.1016/j.dib.2018.11.060"", ""exactness"": ""exact"", ""notes"": """", ""primary"": false, ""review_date"": ""2026-08-01"", ""scope"": ""Spectralis OCT volumes"", ""unit"": ""volumes""}]",https://iacl.ece.jhu.edu/~aaron/data/OCT_Manual_Delineations-2018_June_29_b.zip,official_direct,https://iacl.ece.jhu.edu/~aaron/data/OCT_Manual_Delineations-2018_June_29_b.zip,anonymous_direct,False,False,False,False,False,False,False,False,unknown,available,2026-07-21,author_source_checked,Author-conducted source check; transfer completeness was evaluated separately.,loader_implemented_not_live_tested,direct,direct_loader,0.4.0,False,,unit_or_mocked_only,not_live_tested,,,CC BY-NC-ND,https://iacl.ece.jhu.edu/~aaron/data/OCT_Manual_Delineations-2018_June_29_b.zip,dataset_files,Review the cited source for component-specific terms.,,,,,,,,https://iacl.ece.jhu.edu/~aaron/data/OCT_Manual_Delineations-2018_June_29_b.zip,[],https://doi.org/10.1016/j.dib.2018.11.060,https://iacl.ece.jhu.edu/~aaron/data/OCT_Manual_Delineations-2018_June_29_b.zip,https://iacl.ece.jhu.edu/~aaron/data/OCT_Manual_Delineations-2018_June_29_b.zip,https://iacl.ece.jhu.edu/~aaron/data/OCT_Manual_Delineations-2018_June_29_b.zip,True,2026-07-21,checked_against_cited_source,author_source_checked,not_live_tested,oct_ms_jhu,OCT Retinal Layer Segmentation — MS & Healthy Controls (JHU/IACL),cc-by-nc-nd,cc-by-nc-nd
octa_500,OCTA-500: Large-scale OCTA Multi-task Benchmark,"500 subjects with OCTA volumes, vessel segmentation, FAZ (foveal avascular zone) annotations, and layer segmentation. Largest public OCTA dataset.",octa,"[""segmentation"", ""classification""]",500,"[""train"", ""val"", ""test""]",,4,,manual,https://ieee-dataport.org/open-access/octa-500,IEEE DataPort Open Access (research only),"Li et al., 'OCTA-500: A retinal dataset for optical coherence tomography angiography study', Medical Image Analysis 2024.","[""octa"", ""vessel"", ""faz"", ""layer_segmentation"", ""large_scale""]",70.0,IEEE login + password-protected zip — email chen2qiang@njust.edu.cn for the unlock password.,octa,"[""octa""]",participants,"[{""count"": 500, ""evidence_basis"": ""legacy_catalog_field"", ""evidence_url"": ""https://ieee-dataport.org/open-access/octa-500"", ""exactness"": ""not_assessed"", ""notes"": """", ""primary"": true, ""review_date"": ""2026-08-01"", ""scope"": ""Primary quantity reported in the reviewed catalog source"", ""unit"": ""participants""}]",https://ieee-dataport.org/open-access/octa-500,documented_manual_route,https://ieee-dataport.org/open-access/octa-500,author_contact,True,True,False,False,False,False,True,False,unknown,available,2026-07-21,acquisition_route_verified,Author-conducted source check; transfer completeness was evaluated separately.,manual_access_blocked,manual,manual_loader,0.4.0,False,,unit_or_mocked_only,not_live_tested,,,IEEE DataPort Open Access (research only),https://ieee-dataport.org/open-access/octa-500,dataset_files,Review the cited source for component-specific terms.,,,,,,,,https://ieee-dataport.org/open-access/octa-500,[],https://ieee-dataport.org/open-access/octa-500,https://ieee-dataport.org/open-access/octa-500,https://ieee-dataport.org/open-access/octa-500,https://ieee-dataport.org/open-access/octa-500,True,2026-07-21,checked_against_cited_source,acquisition_route_verified,not_live_tested,octa_500,OCTA-500: Large-scale OCTA Multi-task Benchmark,research-only,research-only
octa_macula_coronal,OCTA Macula Coronal Views,"A derived OCT angiography resource with 640 coronal PNG views for each of 129 subjects: 90 normal, 29 diabetic retinopathy, 5 AMD, and 5 choroidal neovascularization cases.",octa,"[""classification"", ""visualization""]",82560,"[""all""]","[""normal"", ""diabetic_retinopathy"", ""amd"", ""cnv""]",4,,mendeley,https://data.mendeley.com/datasets/p5h7x55zw7/1,CC BY 4.0,Al-Hinnawi AR. OCTA Macula Coronal Views. Mendeley Data. 2023. doi:10.17632/p5h7x55zw7.1,"[""octa"", ""macula"", ""coronal_views"", ""derived"", ""mendeley""]",,"The sample count is the number of derived PNG views. They come from 129 subject-level OCTA scans, so analysis and splitting should remain grouped by subject.",octa,"[""octa""]",images,"[{""count"": 82560, ""evidence_basis"": ""derived_from_reported_components"", ""evidence_url"": ""https://data.mendeley.com/datasets/p5h7x55zw7/1"", ""exactness"": ""exact"", ""notes"": """", ""primary"": true, ""review_date"": ""2026-08-01"", ""scope"": ""Derived coronal PNG views"", ""unit"": ""images""}, {""count"": 129, ""evidence_basis"": ""official_source_description"", ""evidence_url"": ""https://data.mendeley.com/datasets/p5h7x55zw7/1"", ""exactness"": ""exact"", ""notes"": """", ""primary"": false, ""review_date"": ""2026-08-01"", ""scope"": ""Subject-level OCTA scans"", ""unit"": ""participants""}]",https://data.mendeley.com/datasets/p5h7x55zw7/1,official_repository,https://data.mendeley.com/datasets/p5h7x55zw7/1,anonymous_direct,False,False,False,False,False,False,False,False,unknown,available,2026-07-21,author_source_checked,Author-conducted source check; transfer completeness was evaluated separately.,standard_platform_supported,mendeley,mendeley_loader,0.4.0,False,,unit_or_mocked_only,not_live_tested,,,CC BY 4.0,https://data.mendeley.com/datasets/p5h7x55zw7/1,dataset_files,Review the cited source for component-specific terms.,10.17632/p5h7x55zw7.1,,p5h7x55zw7/1,,,,,https://doi.org/10.17632/p5h7x55zw7.1,[],https://data.mendeley.com/datasets/p5h7x55zw7/1,https://data.mendeley.com/datasets/p5h7x55zw7/1,https://data.mendeley.com/datasets/p5h7x55zw7/1,https://data.mendeley.com/datasets/p5h7x55zw7/1,True,2026-07-21,checked_against_cited_source,author_source_checked,not_live_tested,octa_macula_coronal,OCTA Macula Coronal Views,cc-by,cc-by
octave,OCTAVE: 3D SD-OCT Retinal Segmentation Dataset,"198 annotated 3D SD-OCT volumes (3,762 B-scans) with pixel-level labels for 13 anatomic and pathological retinal features: retina, choroid, vitreous, RPE, hyaloid, ERM, fluid, subretinal material, hypertransmission defects, and more. 4 additional external validation sets (221 volumes). nnU-Net-compatible format. IOVS 2025.",oct,"[""segmentation""]",198,"[""train""]","[""RET"", ""CHO"", ""VIT"", ""RPE"", ""HYA"", ""RHS"", ""ERM"", ""SES"", ""ART"", ""HRM"", ""FLU"", ""SRM"", ""HTD""]",13,,zenodo,https://zenodo.org/records/14580071,CC BY-SA 4.0,"Kermany DS et al., 'Identifying Retinal Features Using a Self-Configuring CNN for Clinical Intervention', Investigative Ophthalmology & Visual Science 66(6):55 (2025). doi:10.1167/iovs.66.6.55 — Zenodo: https://zenodo.org/records/14580071","[""oct"", ""segmentation"", ""3d"", ""zenodo"", ""nnunet"", ""multi_class""]",15.0,nnU-Net layout: nnUNet_raw/Dataset001_OCTAVE/imagesTr+labelsTr/. External test sets under nnUNet_raw/external_tests/. 19 standardised B-scans per volume after preprocessing. GitHub: https://github.com/Translational-Biophotonics-Laboratory/octvision3d,oct,"[""oct""]",volumes,"[{""count"": 198, ""evidence_basis"": ""legacy_catalog_field"", ""evidence_url"": ""https://zenodo.org/records/14580071"", ""exactness"": ""not_assessed"", ""notes"": """", ""primary"": true, ""review_date"": ""2026-08-01"", ""scope"": ""Primary quantity reported in the reviewed catalog source"", ""unit"": ""volumes""}]",https://zenodo.org/records/14580071,official_repository,https://zenodo.org/records/14580071,anonymous_direct,False,False,False,False,False,False,False,False,unknown,available,2026-07-21,author_source_checked,Author-conducted source check; transfer completeness was evaluated separately.,standard_platform_supported,zenodo,zenodo_loader,0.4.0,False,,unit_or_mocked_only,not_live_tested,,,CC BY-SA 4.0,https://zenodo.org/records/14580071,dataset_files,Review the cited source for component-specific terms.,,,records/14580071,10.1167/iovs.66.6.55,,,,https://zenodo.org/records/14580071,[],https://zenodo.org/records/14580071,https://zenodo.org/records/14580071,https://zenodo.org/records/14580071,https://zenodo.org/records/14580071,True,2026-07-21,checked_against_cited_source,author_source_checked,not_live_tested,octave,OCTAVE: 3D SD-OCT Retinal Segmentation Dataset,cc-by-sa,cc-by-sa
octdl,OCTDL: OCT Deep Learning Dataset,"2,000+ OCT images labeled for 7 conditions: AMD, DME, ERM, NO (normal), RAO, RVO, VID.",oct,"[""classification""]",2000,"[""all""]","[""AMD"", ""DME"", ""ERM"", ""NO"", ""RAO"", ""RVO"", ""VID""]",7,,mendeley,https://data.mendeley.com/datasets/sncdhf53xc/4,CC BY 4.0,"Kulyabin et al., 'OCTDL: Optical Coherence Tomography Dataset for Image-Based Deep Learning Methods', Scientific Data 2024.","[""oct"", ""classification"", ""7-class""]",0.8,,oct,"[""oct""]",images,"[{""count"": 2000, ""evidence_basis"": ""legacy_catalog_field"", ""evidence_url"": ""https://data.mendeley.com/datasets/sncdhf53xc/4"", ""exactness"": ""not_assessed"", ""notes"": """", ""primary"": true, ""review_date"": ""2026-08-01"", ""scope"": ""Primary quantity reported in the reviewed catalog source"", ""unit"": ""images""}]",https://data.mendeley.com/datasets/sncdhf53xc/4,official_repository,https://data.mendeley.com/datasets/sncdhf53xc/4,anonymous_direct,False,False,False,False,False,False,False,False,unknown,available,2026-07-21,author_source_checked,Author-conducted source check; transfer completeness was evaluated separately.,standard_platform_supported,mendeley,mendeley_loader,0.4.0,False,2026-07-25,official_metadata_or_file_listing,unresolved_http_403,python hub/audit/validate_acquisition.py,official Mendeley Data file listing returned HTTP 403,CC BY 4.0,https://data.mendeley.com/datasets/sncdhf53xc/4,dataset_files,Review the cited source for component-specific terms.,,,sncdhf53xc/4,,,,,https://data.mendeley.com/datasets/sncdhf53xc/4,[],https://data.mendeley.com/datasets/sncdhf53xc/4,https://data.mendeley.com/datasets/sncdhf53xc/4,https://data.mendeley.com/datasets/sncdhf53xc/4,https://data.mendeley.com/datasets/sncdhf53xc/4,True,2026-07-21,checked_against_cited_source,author_source_checked,unresolved_http_403,octdl,OCTDL: OCT Deep Learning Dataset,cc-by,cc-by
octid,OCTID: OCT Image Database,"500 OCT images: NORMAL (206), AMD (50), CSC (128), DR (59), MH (57). High-resolution B-scans for 5-class classification.",oct,"[""classification""]",500,"[""all""]","[""NORMAL"", ""AMD"", ""CSC"", ""DR"", ""MH""]",5,,manual,https://borealisdata.ca/dataverse/OCTID,CC0 1.0 Universal,"Gholami et al., 'OCTID: Optical Coherence Tomography Image Database', Elsevier 2020.","[""oct"", ""classification"", ""amd""]",0.3,Freely available from Borealis Data Repository. No account required.,oct,"[""oct""]",images,"[{""count"": 500, ""evidence_basis"": ""legacy_catalog_field"", ""evidence_url"": ""https://borealisdata.ca/dataverse/OCTID"", ""exactness"": ""not_assessed"", ""notes"": """", ""primary"": true, ""review_date"": ""2026-08-01"", ""scope"": ""Primary quantity reported in the reviewed catalog source"", ""unit"": ""images""}]",https://borealisdata.ca/dataverse/OCTID,documented_manual_route,https://borealisdata.ca/dataverse/OCTID,self_service_authenticated,True,True,,False,False,False,False,False,unknown,available,2026-07-21,author_source_checked,Author-conducted source check; transfer completeness was evaluated separately.,guided_instructions_only,manual,manual_loader,0.4.0,False,,unit_or_mocked_only,not_live_tested,,,CC0 1.0 Universal,https://borealisdata.ca/dataverse/OCTID,dataset_files,Review the cited source for component-specific terms.,,,,,,,,https://borealisdata.ca/dataverse/OCTID,[],https://borealisdata.ca/dataverse/OCTID,https://borealisdata.ca/dataverse/OCTID,https://borealisdata.ca/dataverse/OCTID,https://borealisdata.ca/dataverse/OCTID,True,2026-07-21,checked_against_cited_source,author_source_checked,not_live_tested,octid,OCTID: OCT Image Database,cc0,cc0
ocular_chat_vqa,OcularChat-VQA: AREDS-Derived Patient-Physician Dialogue Dataset,"844,000 simulated patient-physician dialogue rows generated from AREDS clinical visits. Enables ophthalmic dialogue and counseling VLM training.",multimodal,"[""classification""]",844000,"[""train"", ""val"", ""test""]",,,,huggingface,https://huggingface.co/datasets/ncbi/OcularChat-VQA,CC BY-NC-SA 4.0,"OcularChat-VQA: AREDS-derived patient-physician dialogues. HuggingFace / NCBI, 2025.","[""vqa"", ""vlm"", ""dialogue"", ""amd"", ""areds"", ""large_scale""]",8.0,Images path may reference AREDS — access to underlying images requires separate NCBI/dbGaP approval. Verify before use.,multimodal,"[""text"", ""tabular""]",records,"[{""count"": 844000, ""evidence_basis"": ""legacy_catalog_field"", ""evidence_url"": ""https://huggingface.co/datasets/ncbi/OcularChat-VQA"", ""exactness"": ""not_assessed"", ""notes"": """", ""primary"": true, ""review_date"": ""2026-08-01"", ""scope"": ""Primary quantity reported in the reviewed catalog source"", ""unit"": ""records""}]",https://huggingface.co/datasets/ncbi/OcularChat-VQA,data_platform,https://huggingface.co/datasets/ncbi/OcularChat-VQA,anonymous_direct,False,False,False,False,False,False,False,False,unknown,available,2026-07-21,author_source_checked,Author-conducted source check; transfer completeness was evaluated separately.,standard_platform_supported,huggingface,huggingface_loader,0.4.0,False,,unit_or_mocked_only,not_live_tested,,,CC BY-NC-SA 4.0,https://huggingface.co/datasets/ncbi/OcularChat-VQA,dataset_files,Review the cited source for component-specific terms.,,,ncbi/OcularChat-VQA,,,,,https://huggingface.co/datasets/ncbi/OcularChat-VQA,[],https://huggingface.co/datasets/ncbi/OcularChat-VQA,https://huggingface.co/datasets/ncbi/OcularChat-VQA,https://huggingface.co/datasets/ncbi/OcularChat-VQA,https://huggingface.co/datasets/ncbi/OcularChat-VQA,True,2026-07-21,checked_against_cited_source,author_source_checked,not_live_tested,ocular_chat_vqa,OcularChat-VQA: AREDS-Derived Patient-Physician Dialogue Dataset,cc-by-nc-sa,cc-by-nc-sa
oculoscope,OculoScope: Fairer AI in Ophthalmology Dataset,"16,530 ultra-widefield fundus images from 8,405+ patients (age 0–90) annotated for 38 ophthalmic diseases and 67 fundus features. Released alongside the FairerOPTH study on sexism and ageism in ophthalmic AI (Nature Communications 2024).",uwf_fundus,"[""classification"", ""multilabel""]",16530,"[""train"", ""test""]",,38,,figshare,https://figshare.com/s/926c2c2ef9e77ab5eb9d,CC BY 4.0,FairerOPTH Study — OculoScope Dataset. Nature Communications 2024. https://www.nature.com/articles/s41467-024-48972-0 — Data: https://figshare.com/s/926c2c2ef9e77ab5eb9d,"[""uwf"", ""fundus"", ""figshare"", ""multi_disease"", ""fairness""]",20.0,Also annotates 67 fine-grained fundus features in addition to 38 disease-level labels. Full class list in dataset CSV.,uwf_fundus,"[""uwf_fundus"", ""tabular""]",images,"[{""count"": 16530, ""evidence_basis"": ""legacy_catalog_field"", ""evidence_url"": ""https://figshare.com/s/926c2c2ef9e77ab5eb9d"", ""exactness"": ""not_assessed"", ""notes"": """", ""primary"": true, ""review_date"": ""2026-08-01"", ""scope"": ""Primary quantity reported in the reviewed catalog source"", ""unit"": ""images""}]",https://figshare.com/s/926c2c2ef9e77ab5eb9d,official_repository,https://figshare.com/s/926c2c2ef9e77ab5eb9d,anonymous_direct,False,False,False,False,False,False,False,False,unknown,available,2026-07-21,author_source_checked,Author-conducted source check; transfer completeness was evaluated separately.,guided_instructions_only,figshare,figshare_loader,0.4.0,False,,unit_or_mocked_only,not_live_tested,,,CC BY 4.0,https://figshare.com/s/926c2c2ef9e77ab5eb9d,dataset_files,Review the cited source for component-specific terms.,,,s/926c2c2ef9e77ab5eb9d,,,,,https://figshare.com/s/926c2c2ef9e77ab5eb9d,[],https://figshare.com/s/926c2c2ef9e77ab5eb9d,https://figshare.com/s/926c2c2ef9e77ab5eb9d,https://figshare.com/s/926c2c2ef9e77ab5eb9d,https://figshare.com/s/926c2c2ef9e77ab5eb9d,True,2026-07-21,checked_against_cited_source,author_source_checked,not_live_tested,oculoscope,OculoScope: Fairer AI in Ophthalmology Dataset,cc-by,cc-by
odir2019,ODIR-2019: Ocular Disease Intelligent Recognition,"8000 patients (16000 fundus images, left + right eye) with 8 disease labels for multi-label ocular disease classification.",fundus,"[""multilabel"", ""classification""]",8000,"[""train"", ""test""]","[""Normal"", ""Diabetes"", ""Glaucoma"", ""Cataract"", ""AMD"", ""Hypertension"", ""Myopia"", ""Other""]",8,,kaggle,https://www.kaggle.com/datasets/andrewmvd/ocular-disease-recognition-odir5k,CC BY-SA 4.0,"Li et al., 'An Annotation-Free Restoration Network for Cataractous Fundus Images', arXiv 2021.","[""multi_disease"", ""multilabel"", ""fundus"", ""kaggle""]",3.5,,fundus,"[""fundus""]",participants,"[{""count"": 8000, ""evidence_basis"": ""legacy_catalog_field"", ""evidence_url"": ""https://www.kaggle.com/datasets/andrewmvd/ocular-disease-recognition-odir5k"", ""exactness"": ""not_assessed"", ""notes"": """", ""primary"": true, ""review_date"": ""2026-08-01"", ""scope"": ""Primary quantity reported in the reviewed catalog source"", ""unit"": ""participants""}, {""count"": 16000, ""evidence_basis"": ""official_source_description"", ""evidence_url"": ""https://odir2019.grand-challenge.org/"", ""exactness"": ""exact"", ""notes"": """", ""primary"": false, ""review_date"": ""2026-08-01"", ""scope"": ""Left- and right-eye fundus images"", ""unit"": ""images""}]",https://www.kaggle.com/datasets/andrewmvd/ocular-disease-recognition-odir5k,data_platform,https://www.kaggle.com/datasets/andrewmvd/ocular-disease-recognition-odir5k,self_service_authenticated,True,True,True,False,False,False,False,False,unknown,available,2026-07-21,author_source_checked,Author-conducted source check; transfer completeness was evaluated separately.,standard_platform_supported,kaggle,kaggle_loader,0.4.0,False,,unit_or_mocked_only,not_live_tested,,,CC BY-SA 4.0,https://www.kaggle.com/datasets/andrewmvd/ocular-disease-recognition-odir5k,dataset_files,Review the cited source for component-specific terms.,,,andrewmvd/ocular-disease-recognition-odir5k,,,,,https://www.kaggle.com/datasets/andrewmvd/ocular-disease-recognition-odir5k,[],https://www.kaggle.com/datasets/andrewmvd/ocular-disease-recognition-odir5k,https://www.kaggle.com/datasets/andrewmvd/ocular-disease-recognition-odir5k,https://www.kaggle.com/datasets/andrewmvd/ocular-disease-recognition-odir5k,https://www.kaggle.com/datasets/andrewmvd/ocular-disease-recognition-odir5k,True,2026-07-21,checked_against_cited_source,author_source_checked,not_live_tested,odir2019,ODIR-2019: Ocular Disease Intelligent Recognition,cc-by-sa,cc-by-sa
oimhs,OIMHS: OCT Image Macular Hole Segmentation Dataset,"3,859 OCT B-scan images (125 eyes, 119 patients) for macular hole segmentation. Each PNG is side-by-side: left half raw B-scan, right half colour-coded mask for 4 classes: Retina, Macular Hole, Intraretinal Cysts, Choroid.",oct,"[""segmentation""]",3859,"[""train""]","[""Retina"", ""Macular Hole"", ""Intraretinal Cysts"", ""Choroid""]",4,,figshare,https://doi.org/10.6084/m9.figshare.23508453,CC0 1.0,"Ye X et al., 'OIMHS: An Optical Coherence Tomography Image Dataset Based on Macular Hole Manual Segmentation', Scientific Data 10, 769 (2023). doi:10.1038/s41597-023-02675-1","[""oct"", ""segmentation"", ""macular_hole"", ""figshare""]",2.0,"Images are side-by-side PNGs (left=raw, right=mask). 125 eye-level subfolders under images/. No official split — apply your own train/val/test division.",oct,"[""oct""]",images,"[{""count"": 3859, ""evidence_basis"": ""legacy_catalog_field"", ""evidence_url"": ""https://doi.org/10.6084/m9.figshare.23508453"", ""exactness"": ""not_assessed"", ""notes"": """", ""primary"": true, ""review_date"": ""2026-08-01"", ""scope"": ""Primary quantity reported in the reviewed catalog source"", ""unit"": ""images""}]",https://doi.org/10.6084/m9.figshare.23508453,official_repository,https://doi.org/10.6084/m9.figshare.23508453,anonymous_direct,False,False,False,False,False,False,False,False,unknown,available,2026-07-21,author_source_checked,Author-conducted source check; transfer completeness was evaluated separately.,end_to_end_tested,figshare,figshare_loader,0.4.0,True,2026-07-31,complete_current_deposit_downloaded,complete_current_deposit_downloaded,python hub/audit/verify_download_and_load.py run,,CC0 1.0,https://doi.org/10.6084/m9.figshare.23508453,dataset_files,Review the cited source for component-specific terms.,10.6084/m9.figshare.23508453,,10.6084/m9.figshare.23508453,10.1038/s41597-023-02675-1,,,,https://doi.org/10.6084/m9.figshare.23508453,[],https://doi.org/10.6084/m9.figshare.23508453,https://doi.org/10.6084/m9.figshare.23508453,https://doi.org/10.6084/m9.figshare.23508453,https://doi.org/10.6084/m9.figshare.23508453,True,2026-07-21,checked_against_cited_source,author_source_checked,complete_current_deposit_downloaded,oimhs,OIMHS: OCT Image Macular Hole Segmentation Dataset,cc0,cc0
olives,OLIVES: Ophthalmic Labels for Investigating Visual Eye Semantics,"Longitudinal OCT + fundus dataset from AMD/DME patients across multiple clinical visits. 9,408 OCT B-scans have biomarker labels for 8 categories (fluid, drusen, scarring, PED variants, etc.); 78,000+ images include clinical measurements (BCVA, CST). Also includes 1,268 paired fundus photographs.",oct,"[""multilabel"", ""classification""]",9408,"[""train"", ""val"", ""test""]","[""Fluid"", ""Hard Exudate"", ""Soft Exudate"", ""Drusen"", ""Scar"", ""Laser Scar"", ""Fibrovascular PED"", ""Serous PED""]",8,,zenodo,https://zenodo.org/records/7105232,CC BY 4.0,"Prabhushankar M et al., 'OLIVES Dataset: Ophthalmic Labels for Investigating Visual Eye Semantics', NeurIPS Datasets & Benchmarks 2022. https://zenodo.org/records/7105232","[""oct"", ""amd"", ""dme"", ""multilabel"", ""zenodo"", ""longitudinal""]",20.0,"9,408 biomarker-labelled B-scans from 96 patients (6 clinical visits × 49 B-scans/visit). Full OCT volume set ~62,000 B-scans. Also available on HuggingFace: gOLIVES/OLIVES_Dataset. Contains paired fundus photos and clinical metadata.",oct,"[""oct"", ""fundus"", ""tabular""]",b_scans,"[{""count"": 9408, ""evidence_basis"": ""official_source_description"", ""evidence_url"": ""https://zenodo.org/records/7105232"", ""exactness"": ""exact"", ""notes"": """", ""primary"": true, ""review_date"": ""2026-08-01"", ""scope"": ""Biomarker-labeled OCT B-scans"", ""unit"": ""b_scans""}, {""count"": 1268, ""evidence_basis"": ""official_source_description"", ""evidence_url"": ""https://zenodo.org/records/7105232"", ""exactness"": ""exact"", ""notes"": """", ""primary"": false, ""review_date"": ""2026-08-01"", ""scope"": ""Paired fundus photographs"", ""unit"": ""images""}, {""count"": 96, ""evidence_basis"": ""official_source_description"", ""evidence_url"": ""https://zenodo.org/records/7105232"", ""exactness"": ""exact"", ""notes"": """", ""primary"": false, ""review_date"": ""2026-08-01"", ""scope"": ""Longitudinal eye-level cohort"", ""unit"": ""eyes""}]",https://zenodo.org/records/7105232,official_repository,https://zenodo.org/records/7105232,anonymous_direct,False,False,False,False,False,False,False,False,unknown,available,2026-07-21,author_source_checked,Author-conducted source check; transfer completeness was evaluated separately.,standard_platform_supported,zenodo,zenodo_loader,0.4.0,False,,unit_or_mocked_only,not_live_tested,,,CC BY 4.0,https://zenodo.org/records/7105232,dataset_files,Review the cited source for component-specific terms.,,,records/7105232,,,,,https://zenodo.org/records/7105232,[],https://zenodo.org/records/7105232,https://zenodo.org/records/7105232,https://zenodo.org/records/7105232,https://zenodo.org/records/7105232,True,2026-07-21,checked_against_cited_source,author_source_checked,not_live_tested,olives,OLIVES: Ophthalmic Labels for Investigating Visual Eye Semantics,cc-by,cc-by
ophnet2024,OphNet2024: Ophthalmic Surgical Video Dataset,"Large-scale multi-procedure ophthalmic surgical video dataset covering 66 surgery types, 102 phases, 150 operations (~285 h). 1,969 untrimmed videos; 17,508 trimmed operation-level clips; 14,674 trimmed phase-level clips across cataract, vitreoretinal, glaucoma, corneal, refractive, oculoplastic, and strabismus. 743 videos have time-boundary annotations. ECCV 2024.",surgical_video,"[""classification"", ""phase_recognition"", ""detection""]",2278,"[""train"", ""val"", ""test""]","[""Cataract Surgery"", ""Vitreoretinal Surgery"", ""Glaucoma Surgery"", ""Corneal Surgery"", ""Refractive Surgery"", ""Oculoplastic Surgery"", ""Strabismus Surgery"", ""Other""]",8,,huggingface,https://huggingface.co/datasets/xioamiyh/OphNet2024,CC BY-NC-SA 4.0,"Hu M et al., 'OphNet: A Large-Scale Video Benchmark for Ophthalmic Surgical Workflow Understanding', ECCV 2024. arXiv:2406.07471. HuggingFace: https://huggingface.co/datasets/xioamiyh/OphNet2024 — GitHub: https://github.com/minghu0830/OphNet-benchmark","[""surgical_video"", ""multi_procedure"", ""huggingface"", ""phase_recognition"", ""eccv""]",583.0,"~583 GB total: untrimmed ~305 GB, trimmed operations ~139 GB, trimmed phases ~139 GB, features ~26 GB. num_samples = 2,278 source videos. May require HF_TOKEN for gated access. Set HF_TOKEN in .env. GitHub: https://github.com/minghu0830/OphNet-benchmark",surgical_video,"[""surgical_video""]",videos,"[{""count"": 2278, ""evidence_basis"": ""legacy_catalog_field"", ""evidence_url"": ""https://huggingface.co/datasets/xioamiyh/OphNet2024"", ""exactness"": ""not_assessed"", ""notes"": """", ""primary"": true, ""review_date"": ""2026-08-01"", ""scope"": ""Primary quantity reported in the reviewed catalog source"", ""unit"": ""videos""}, {""count"": 1969, ""evidence_basis"": ""official_source_description"", ""evidence_url"": ""https://huggingface.co/datasets/xioamiyh/OphNet2024"", ""exactness"": ""exact"", ""notes"": """", ""primary"": false, ""review_date"": ""2026-08-01"", ""scope"": ""Untrimmed videos"", ""unit"": ""videos""}, {""count"": 17508, ""evidence_basis"": ""official_source_description"", ""evidence_url"": ""https://huggingface.co/datasets/xioamiyh/OphNet2024"", ""exactness"": ""exact"", ""notes"": """", ""primary"": false, ""review_date"": ""2026-08-01"", ""scope"": ""Trimmed operation-level clips"", ""unit"": ""video_clips""}, {""count"": 14674, ""evidence_basis"": ""official_source_description"", ""evidence_url"": ""https://huggingface.co/datasets/xioamiyh/OphNet2024"", ""exactness"": ""exact"", ""notes"": """", ""primary"": false, ""review_date"": ""2026-08-01"", ""scope"": ""Trimmed phase-level clips"", ""unit"": ""video_clips""}]",https://huggingface.co/datasets/xioamiyh/OphNet2024,data_platform,https://huggingface.co/datasets/xioamiyh/OphNet2024,self_service_authenticated,True,True,True,False,False,False,False,False,unknown,available,2026-07-21,author_source_checked,Author-conducted source check; transfer completeness was evaluated separately.,standard_platform_supported,huggingface,huggingface_loader,0.4.0,False,,unit_or_mocked_only,not_live_tested,,,CC BY-NC-SA 4.0,https://huggingface.co/datasets/xioamiyh/OphNet2024,dataset_files,Review the cited source for component-specific terms.,,,xioamiyh/OphNet2024,,,,,https://huggingface.co/datasets/xioamiyh/OphNet2024,[],https://huggingface.co/datasets/xioamiyh/OphNet2024,https://huggingface.co/datasets/xioamiyh/OphNet2024,https://huggingface.co/datasets/xioamiyh/OphNet2024,https://huggingface.co/datasets/xioamiyh/OphNet2024,True,2026-07-21,checked_against_cited_source,author_source_checked,not_live_tested,ophnet2024,OphNet2024: Ophthalmic Surgical Video Dataset,cc-by-nc-sa,cc-by-nc-sa
ophora,Ophora-160K: Ophthalmic Surgical Video Instruction Dataset,"162,185 video clip-instruction pair samples from 9,819 ophthalmic surgical videos, covering multiple procedure types. Designed for text-guided surgical video generation and understanding. Published at MICCAI 2025.",surgical_video,"[""classification"", ""phase_recognition""]",162185,"[""train""]",,,,huggingface,https://huggingface.co/datasets/General-Medical-AI/Ophora-160K,Unknown — no license stated,Ophora: Text-Guided Ophthalmic Surgical Video Generation. MICCAI 2025. arXiv:2505.07449. HuggingFace: https://huggingface.co/datasets/General-Medical-AI/Ophora-160K — GitHub: https://github.com/uni-medical/Ophora,"[""surgical_video"", ""ophthalmic"", ""huggingface"", ""instruction"", ""miccai""]",500.0,"162,185 video clip-instruction pairs from 9,819 source videos (avg clip length ~5.5 s). Estimated ~500 GB total. Video clip-instruction pair dataset for text-guided surgical video generation. May require HF_TOKEN for gated access. Set in .env.",surgical_video,"[""surgical_video"", ""text""]",video_clip_instruction_pairs,"[{""count"": 162185, ""evidence_basis"": ""legacy_catalog_field"", ""evidence_url"": ""https://huggingface.co/datasets/General-Medical-AI/Ophora-160K"", ""exactness"": ""not_assessed"", ""notes"": """", ""primary"": true, ""review_date"": ""2026-08-01"", ""scope"": ""Primary quantity reported in the reviewed catalog source"", ""unit"": ""video_clip_instruction_pairs""}]",https://huggingface.co/datasets/General-Medical-AI/Ophora-160K,data_platform,https://huggingface.co/datasets/General-Medical-AI/Ophora-160K,self_service_authenticated,True,True,True,False,False,False,False,False,unknown,available,2026-07-21,author_source_checked,Author-conducted source check; transfer completeness was evaluated separately.,standard_platform_supported,huggingface,huggingface_loader,0.4.0,False,,unit_or_mocked_only,not_live_tested,,,Unknown — no license stated,https://huggingface.co/datasets/General-Medical-AI/Ophora-160K,unknown,Review the cited source for component-specific terms.,,,General-Medical-AI/Ophora-160K,,,,,https://huggingface.co/datasets/General-Medical-AI/Ophora-160K,[],https://huggingface.co/datasets/General-Medical-AI/Ophora-160K,https://huggingface.co/datasets/General-Medical-AI/Ophora-160K,https://huggingface.co/datasets/General-Medical-AI/Ophora-160K,https://huggingface.co/datasets/General-Medical-AI/Ophora-160K,True,2026-07-21,checked_against_cited_source,author_source_checked,not_live_tested,ophora,Ophora-160K: Ophthalmic Surgical Video Instruction Dataset,unknown,unknown
ophthalmology_eqa_v3,Ophthalmology-EQA-v3,Text-only ophthalmology explanatory/free-form question-answering dataset for LLM training/evaluation.,text,"[""question_answering"", ""text_generation""]",49300,"[""all""]",,,,huggingface,https://huggingface.co/datasets/BaekSeungJu/Ophthalmology-EQA-v3,Unknown,"BaekSeungJu/Ophthalmology-EQA-v3. Hugging Face dataset, accessed 2026-07.","[""huggingface"", ""text"", ""eqa"", ""ophthalmology"", ""llm""]",0.1,,text,"[""text""]",questions,"[{""count"": 49300, ""evidence_basis"": ""official_source_description"", ""evidence_url"": ""https://huggingface.co/datasets/BaekSeungJu/Ophthalmology-EQA-v3"", ""exactness"": ""exact"", ""notes"": """", ""primary"": true, ""review_date"": ""2026-08-01"", ""scope"": ""Explanatory or free-form ophthalmology questions"", ""unit"": ""questions""}]",https://huggingface.co/datasets/BaekSeungJu/Ophthalmology-EQA-v3,data_platform,https://huggingface.co/datasets/BaekSeungJu/Ophthalmology-EQA-v3,anonymous_direct,False,False,False,False,False,False,False,False,unknown,available,2026-07-21,author_source_checked,Author-conducted source check; transfer completeness was evaluated separately.,standard_platform_supported,huggingface,huggingface_loader,0.4.0,False,,unit_or_mocked_only,not_live_tested,,,Unknown,https://huggingface.co/datasets/BaekSeungJu/Ophthalmology-EQA-v3,unknown,Review the cited source for component-specific terms.,,,BaekSeungJu/Ophthalmology-EQA-v3,,,,,https://huggingface.co/datasets/BaekSeungJu/Ophthalmology-EQA-v3,[],https://huggingface.co/datasets/BaekSeungJu/Ophthalmology-EQA-v3,https://huggingface.co/datasets/BaekSeungJu/Ophthalmology-EQA-v3,https://huggingface.co/datasets/BaekSeungJu/Ophthalmology-EQA-v3,https://huggingface.co/datasets/BaekSeungJu/Ophthalmology-EQA-v3,True,2026-07-21,checked_against_cited_source,author_source_checked,not_live_tested,ophthalmology_eqa_v3,Ophthalmology-EQA-v3,unknown,unknown
ophthalmology_mcqa_v3,Ophthalmology-MCQA-v3,Text-only ophthalmology multiple-choice question-answering dataset for LLM training/evaluation.,text,"[""question_answering"", ""text_generation""]",51745,"[""all""]",,,,huggingface,https://huggingface.co/datasets/BaekSeungJu/Ophthalmology-MCQA-v3,Unknown,"BaekSeungJu/Ophthalmology-MCQA-v3. Hugging Face dataset, accessed 2026-07.","[""huggingface"", ""text"", ""mcqa"", ""ophthalmology"", ""llm""]",0.1,,text,"[""text""]",questions,"[{""count"": 51745, ""evidence_basis"": ""official_source_description"", ""evidence_url"": ""https://huggingface.co/datasets/BaekSeungJu/Ophthalmology-MCQA-v3"", ""exactness"": ""exact"", ""notes"": """", ""primary"": true, ""review_date"": ""2026-08-01"", ""scope"": ""Multiple-choice ophthalmology questions"", ""unit"": ""questions""}]",https://huggingface.co/datasets/BaekSeungJu/Ophthalmology-MCQA-v3,data_platform,https://huggingface.co/datasets/BaekSeungJu/Ophthalmology-MCQA-v3,anonymous_direct,False,False,False,False,False,False,False,False,unknown,available,2026-07-21,author_source_checked,Author-conducted source check; transfer completeness was evaluated separately.,standard_platform_supported,huggingface,huggingface_loader,0.4.0,False,,unit_or_mocked_only,not_live_tested,,,Unknown,https://huggingface.co/datasets/BaekSeungJu/Ophthalmology-MCQA-v3,unknown,Review the cited source for component-specific terms.,,,BaekSeungJu/Ophthalmology-MCQA-v3,,,,,https://huggingface.co/datasets/BaekSeungJu/Ophthalmology-MCQA-v3,[],https://huggingface.co/datasets/BaekSeungJu/Ophthalmology-MCQA-v3,https://huggingface.co/datasets/BaekSeungJu/Ophthalmology-MCQA-v3,https://huggingface.co/datasets/BaekSeungJu/Ophthalmology-MCQA-v3,https://huggingface.co/datasets/BaekSeungJu/Ophthalmology-MCQA-v3,True,2026-07-21,checked_against_cited_source,author_source_checked,not_live_tested,ophthalmology_mcqa_v3,Ophthalmology-MCQA-v3,unknown,unknown
ophthalmology_pubmed_corpus,Ophthalmology PubMed Corpus,"Ophthalmology-focused PubMed text corpus for retrieval, pretraining, or RAG experiments.",text,"[""text_generation"", ""retrieval""]",39794,"[""all""]",,,,huggingface,https://huggingface.co/datasets/BaekSeungJu/Ophthalmology-PubMed-Corpus,Unknown,"BaekSeungJu/Ophthalmology-PubMed-Corpus. Hugging Face dataset, accessed 2026-07.","[""huggingface"", ""text"", ""pubmed"", ""ophthalmology"", ""rag""]",0.2,Verify PubMed redistribution terms and whether records are abstracts or full text before reuse.,text,"[""text""]",documents,"[{""count"": 39794, ""evidence_basis"": ""official_source_description"", ""evidence_url"": ""https://huggingface.co/datasets/BaekSeungJu/Ophthalmology-PubMed-Corpus"", ""exactness"": ""exact"", ""notes"": """", ""primary"": true, ""review_date"": ""2026-08-01"", ""scope"": ""Ophthalmology-focused PubMed corpus records"", ""unit"": ""documents""}]",https://huggingface.co/datasets/BaekSeungJu/Ophthalmology-PubMed-Corpus,data_platform,https://huggingface.co/datasets/BaekSeungJu/Ophthalmology-PubMed-Corpus,anonymous_direct,False,False,False,False,False,False,False,False,unknown,available,2026-07-21,author_source_checked,Author-conducted source check; transfer completeness was evaluated separately.,standard_platform_supported,huggingface,huggingface_loader,0.4.0,False,,unit_or_mocked_only,not_live_tested,,,Unknown,https://huggingface.co/datasets/BaekSeungJu/Ophthalmology-PubMed-Corpus,unknown,Review the cited source for component-specific terms.,,,BaekSeungJu/Ophthalmology-PubMed-Corpus,,,,,https://huggingface.co/datasets/BaekSeungJu/Ophthalmology-PubMed-Corpus,[],https://huggingface.co/datasets/BaekSeungJu/Ophthalmology-PubMed-Corpus,https://huggingface.co/datasets/BaekSeungJu/Ophthalmology-PubMed-Corpus,https://huggingface.co/datasets/BaekSeungJu/Ophthalmology-PubMed-Corpus,https://huggingface.co/datasets/BaekSeungJu/Ophthalmology-PubMed-Corpus,True,2026-07-21,checked_against_cited_source,author_source_checked,not_live_tested,ophthalmology_pubmed_corpus,Ophthalmology PubMed Corpus,unknown,unknown
ophthalvqa,OphthalVQA Dataset,Ophthalmic visual question-answering benchmark dataset released as supplementary data for evaluating multimodal language models in ophthalmology.,multimodal,"[""visual_question_answering"", ""classification""]",600,"[""all""]",,,,figshare,https://doi.org/10.6084/m9.figshare.25624917,CC BY 4.0,"Xu P, Chen X, Zhao Z, Shi D. OphthalVQA Dataset. Figshare, 2025. doi:10.6084/m9.figshare.25624917","[""figshare"", ""vqa"", ""multimodal"", ""ophthalmology"", ""llm""]",0.03,Supplementary benchmark for ophthalmic VQA and multimodal model evaluation; inspect image provenance and splits before leakage-sensitive validation.,multimodal,"[""fundus"", ""fundus_angiography"", ""oct"", ""ocular_ultrasound"", ""external_eye"", ""text""]",question_answer_pairs,"[{""count"": 600, ""evidence_basis"": ""current_deposit_table"", ""evidence_url"": ""https://doi.org/10.6084/m9.figshare.25624917"", ""exactness"": ""exact"", ""notes"": """", ""primary"": true, ""review_date"": ""2026-08-01"", ""scope"": ""Rows in OphthalVQA.csv"", ""unit"": ""question_answer_pairs""}, {""count"": 60, ""evidence_basis"": ""current_deposit_file_listing"", ""evidence_url"": ""https://doi.org/10.6084/m9.figshare.25624917"", ""exactness"": ""exact"", ""notes"": """", ""primary"": false, ""review_date"": ""2026-08-01"", ""scope"": ""JPG image files in the current deposit"", ""unit"": ""images""}]",https://doi.org/10.6084/m9.figshare.25624917,official_repository,https://doi.org/10.6084/m9.figshare.25624917,anonymous_direct,False,False,False,False,False,False,False,False,unknown,available,2026-07-21,author_source_checked,Author-conducted source check; transfer completeness was evaluated separately.,end_to_end_tested,figshare,figshare_loader,0.4.0,True,2026-07-31,complete_current_deposit_downloaded,complete_current_deposit_downloaded,python hub/audit/verify_download_and_load.py run,,CC BY 4.0,https://doi.org/10.6084/m9.figshare.25624917,dataset_files,Review the cited source for component-specific terms.,10.6084/m9.figshare.25624917,,10.6084/m9.figshare.25624917,,,,,https://doi.org/10.6084/m9.figshare.25624917,[],https://doi.org/10.6084/m9.figshare.25624917,https://doi.org/10.6084/m9.figshare.25624917,https://doi.org/10.6084/m9.figshare.25624917,https://doi.org/10.6084/m9.figshare.25624917,True,2026-07-21,checked_against_cited_source,author_source_checked,complete_current_deposit_downloaded,ophthalvqa,OphthalVQA Dataset,cc-by,cc-by
ophthalwechat,OphthalWeChat Dataset,Ophthalmology-oriented WeChat article metadata and image-link dataset for visual question answering and multimodal language-model evaluation.,text,"[""visual_question_answering"", ""retrieval""]",30120,"[""all""]",,,,figshare,https://doi.org/10.6084/m9.figshare.29064149,CC BY 4.0 for the deposited Figshare files,"Xu P. OphthalWeChat. Figshare, 2025. doi:10.6084/m9.figshare.29064149","[""figshare"", ""wechat"", ""text"", ""vqa"", ""ophthalmology"", ""linked_content_review""]",0.002,"Figshare marks the deposited index files CC BY 4.0. The record exposes URLs and WeChat article identifiers rather than redistributing image files, so original content permissions still need separate review.",text,"[""text""]",question_answer_pairs,"[{""count"": 30120, ""evidence_basis"": ""current_deposit_table"", ""evidence_url"": ""https://doi.org/10.6084/m9.figshare.29064149"", ""exactness"": ""exact"", ""notes"": """", ""primary"": true, ""review_date"": ""2026-08-01"", ""scope"": ""Rows in OphthalWeChat_QA.xlsx"", ""unit"": ""question_answer_pairs""}, {""count"": 3469, ""evidence_basis"": ""current_deposit_table"", ""evidence_url"": ""https://doi.org/10.6084/m9.figshare.29064149"", ""exactness"": ""exact"", ""notes"": ""The deposit stores image links and identifiers, not image files; 3,403 URLs are unique."", ""primary"": false, ""review_date"": ""2026-08-01"", ""scope"": ""Rows in OphthalWeChat_image_information.xlsx"", ""unit"": ""linked_image_rows""}]",https://doi.org/10.6084/m9.figshare.29064149,official_repository,https://doi.org/10.6084/m9.figshare.29064149,anonymous_direct,False,False,False,False,False,False,False,False,unknown,available,2026-07-21,author_source_checked,Author-conducted source check; transfer completeness was evaluated separately.,end_to_end_tested,figshare,figshare_loader,0.4.0,True,2026-07-31,complete_current_deposit_downloaded,complete_current_deposit_downloaded,python hub/audit/verify_download_and_load.py run,,CC BY 4.0 for the deposited Figshare files,https://doi.org/10.6084/m9.figshare.29064149,mixed_components,Review the cited source for component-specific terms.,10.6084/m9.figshare.29064149,,10.6084/m9.figshare.29064149,,,,,https://doi.org/10.6084/m9.figshare.29064149,[],https://doi.org/10.6084/m9.figshare.29064149,https://doi.org/10.6084/m9.figshare.29064149,https://doi.org/10.6084/m9.figshare.29064149,https://doi.org/10.6084/m9.figshare.29064149,True,2026-07-21,checked_against_cited_source,author_source_checked,complete_current_deposit_downloaded,ophthalwechat,OphthalWeChat Dataset,cc-by,cc-by
ophtho_readability,Language and Readability Barriers in Ophthalmology Dataset,Text/tabular dataset supporting readability and language-access analyses in ophthalmology.,text,"[""text_generation"", ""classification""]",139,"[""all""]",,,,zenodo,https://zenodo.org/records/16592100,CC BY 4.0,"Language and readability barriers in ophthalmology dataset. Zenodo, 2025. doi:10.5281/zenodo.16592100","[""zenodo"", ""text"", ""readability"", ""ophthalmology"", ""llm""]",0.01,,text,"[""text"", ""tabular""]",documents,"[{""count"": 139, ""evidence_basis"": ""current_deposit_table"", ""evidence_url"": ""https://zenodo.org/records/16592100"", ""exactness"": ""exact"", ""notes"": """", ""primary"": true, ""review_date"": ""2026-08-01"", ""scope"": ""Data rows in the deposited workbook"", ""unit"": ""documents""}]",https://zenodo.org/records/16592100,official_repository,https://zenodo.org/records/16592100,anonymous_direct,False,False,False,False,False,False,False,False,unknown,available,2026-07-21,author_source_checked,Author-conducted source check; transfer completeness was evaluated separately.,standard_platform_supported,zenodo,zenodo_loader,0.4.0,False,,unit_or_mocked_only,not_live_tested,,,CC BY 4.0,https://zenodo.org/records/16592100,dataset_files,Review the cited source for component-specific terms.,10.5281/zenodo.16592100,,records/16592100,,,,,https://doi.org/10.5281/zenodo.16592100,[],https://zenodo.org/records/16592100,https://zenodo.org/records/16592100,https://zenodo.org/records/16592100,https://zenodo.org/records/16592100,True,2026-07-21,checked_against_cited_source,author_source_checked,not_live_tested,ophtho_readability,Language and Readability Barriers in Ophthalmology Dataset,cc-by,cc-by
paired_retina,Paired Retina Dataset: Cross-Device Fundus Pairs,"Paired tabletop and portable retinal images from the same patients, enabling cross-device domain-adaptation research.",fundus,"[""classification"", ""regression""]",399,"[""train"", ""val"", ""test""]",,,,huggingface,https://huggingface.co/datasets/smartretina2025/paired_retina,Unknown — needs check (HF),"Paired Retina Dataset: Cross-device fundus pairs. HuggingFace, 2025.","[""fundus"", ""domain_adaptation"", ""paired"", ""portable_camera"", ""cross_device""]",3.0,Provenance and license require verification against the underlying publication before commercial use.,fundus,"[""fundus""]",images,"[{""count"": 399, ""evidence_basis"": ""current_deposit_file_listing"", ""evidence_url"": ""https://huggingface.co/datasets/smartretina2025/paired_retina/tree/9dc39ab4aebb3e25a7e9f409ad7b19fc14db73c5"", ""exactness"": ""exact"", ""notes"": ""The dataset card describes a planned 327-patient paired cohort, but the current deposit contains 399 images and is not a complete 654-image paired release."", ""primary"": true, ""review_date"": ""2026-08-01"", ""scope"": ""Image rows in the current versioned Hugging Face deposit"", ""unit"": ""images""}, {""count"": 327, ""evidence_basis"": ""official_source_description"", ""evidence_url"": ""https://huggingface.co/datasets/smartretina2025/paired_retina"", ""exactness"": ""exact"", ""notes"": ""This source-described cohort is not fully represented in the current deposit."", ""primary"": false, ""review_date"": ""2026-08-01"", ""scope"": ""Cohort described by the dataset card"", ""unit"": ""participants""}]",https://huggingface.co/datasets/smartretina2025/paired_retina,data_platform,https://huggingface.co/datasets/smartretina2025/paired_retina,anonymous_direct,False,False,False,False,False,False,False,False,unknown,available,2026-07-21,author_source_checked,Author-conducted source check; transfer completeness was evaluated separately.,standard_platform_supported,huggingface,huggingface_loader,0.4.0,False,,unit_or_mocked_only,not_live_tested,,,Unknown — needs check (HF),https://huggingface.co/datasets/smartretina2025/paired_retina,unknown,Review the cited source for component-specific terms.,,,smartretina2025/paired_retina,,,,,https://huggingface.co/datasets/smartretina2025/paired_retina,[],https://huggingface.co/datasets/smartretina2025/paired_retina/tree/9dc39ab4aebb3e25a7e9f409ad7b19fc14db73c5,https://huggingface.co/datasets/smartretina2025/paired_retina,https://huggingface.co/datasets/smartretina2025/paired_retina,https://huggingface.co/datasets/smartretina2025/paired_retina,True,2026-07-21,checked_against_cited_source,author_source_checked,not_live_tested,paired_retina,Paired Retina Dataset: Cross-Device Fundus Pairs,unknown,unknown
palm,PALM — iChallenge Pathologic Myopia,1200 fundus images for pathologic myopia classification and optic disc / lesion segmentation. 50 % PM / 50 % non-PM.,fundus,"[""classification"", ""segmentation""]",1200,"[""train"", ""val"", ""test""]","[""non-PM"", ""PM""]",2,"[2124, 2156]",gdrive,https://drive.google.com/file/d/14XWD6kX0dVRfAyEc7FkZGKZibWEkvnyv/view,Challenge data-use agreement (IEEE DataPort),"Fu H. et al., 'PALM: Pathologic Myopia Challenge', MICCAI 2019 Workshop.","[""fundus"", ""myopia"", ""classification"", ""segmentation"", ""ichallenge""]",1.5,,fundus,"[""fundus""]",images,"[{""count"": 1200, ""evidence_basis"": ""legacy_catalog_field"", ""evidence_url"": ""https://drive.google.com/file/d/14XWD6kX0dVRfAyEc7FkZGKZibWEkvnyv/view"", ""exactness"": ""not_assessed"", ""notes"": """", ""primary"": true, ""review_date"": ""2026-08-01"", ""scope"": ""Primary quantity reported in the reviewed catalog source"", ""unit"": ""images""}]",https://drive.google.com/file/d/14XWD6kX0dVRfAyEc7FkZGKZibWEkvnyv/view,cloud_file_share,https://drive.google.com/file/d/14XWD6kX0dVRfAyEc7FkZGKZibWEkvnyv/view,controlled_or_manual,False,False,,True,True,True,,,unknown,available,2026-07-21,author_source_checked,Author-conducted source check; transfer completeness was evaluated separately.,manual_access_blocked,gdrive,gdrive_loader,0.4.0,False,,unit_or_mocked_only,not_live_tested,,,Challenge data-use agreement (IEEE DataPort),https://drive.google.com/file/d/14XWD6kX0dVRfAyEc7FkZGKZibWEkvnyv/view,challenge_participation,Review the cited source for component-specific terms.,,,,,,,,https://drive.google.com/file/d/14XWD6kX0dVRfAyEc7FkZGKZibWEkvnyv/view,[],https://drive.google.com/file/d/14XWD6kX0dVRfAyEc7FkZGKZibWEkvnyv/view,https://drive.google.com/file/d/14XWD6kX0dVRfAyEc7FkZGKZibWEkvnyv/view,https://drive.google.com/file/d/14XWD6kX0dVRfAyEc7FkZGKZibWEkvnyv/view,https://drive.google.com/file/d/14XWD6kX0dVRfAyEc7FkZGKZibWEkvnyv/view,True,2026-07-21,checked_against_cited_source,author_source_checked,not_live_tested,palm,PALM — iChallenge Pathologic Myopia,research-only,research-only
papila,PAPILA: Glaucoma Fundus Dataset with Clinical Data,"488 fundus images from 244 patients (both eyes). Expert OD/OC segmentation, glaucoma stage, IOP, and clinical metadata.",fundus,"[""classification"", ""segmentation""]",488,"[""all""]","[""Healthy"", ""Glaucoma suspect"", ""Glaucoma""]",3,,direct,https://zenodo.org/records/6379970,CC BY 4.0,"Kovalyk et al., 'PAPILA: Dataset with fundus images and clinical data of both eyes of the same patient for glaucoma assessment', Scientific Data 2022.","[""glaucoma"", ""classification"", ""segmentation"", ""fundus"", ""clinical""]",0.4,,fundus,"[""fundus"", ""tabular""]",images,"[{""count"": 488, ""evidence_basis"": ""legacy_catalog_field"", ""evidence_url"": ""https://zenodo.org/records/6379970"", ""exactness"": ""not_assessed"", ""notes"": """", ""primary"": true, ""review_date"": ""2026-08-01"", ""scope"": ""Primary quantity reported in the reviewed catalog source"", ""unit"": ""images""}]",https://zenodo.org/records/6379970,official_direct,https://zenodo.org/records/6379970,anonymous_direct,False,False,False,False,False,False,False,False,unknown,available,2026-07-21,author_source_checked,Author-conducted source check; transfer completeness was evaluated separately.,guided_instructions_only,direct,direct_loader,0.4.0,False,,unit_or_mocked_only,not_live_tested,,,CC BY 4.0,https://zenodo.org/records/6379970,dataset_files,Review the cited source for component-specific terms.,,,,,,,,https://zenodo.org/records/6379970,[],https://zenodo.org/records/6379970,https://zenodo.org/records/6379970,https://zenodo.org/records/6379970,https://zenodo.org/records/6379970,True,2026-07-21,checked_against_cited_source,author_source_checked,not_live_tested,papila,PAPILA: Glaucoma Fundus Dataset with Clinical Data,cc-by,cc-by
paraguay_dr,Paraguay Color Fundus DR Dataset,757 color fundus images from a Paraguayan cohort with 7-class DR grading labels. Adds Latin-American representation.,fundus,"[""grading"", ""classification""]",757,"[""all""]",,7,,zenodo,https://zenodo.org/record/4647952,CC BY 4.0,"Castillo Benítez et al., Paraguay DR Dataset, Zenodo 2021. doi:10.5281/zenodo.4647952","[""fundus"", ""dr"", ""grading"", ""latin_america"", ""paraguay""]",0.5,,fundus,"[""fundus""]",images,"[{""count"": 757, ""evidence_basis"": ""legacy_catalog_field"", ""evidence_url"": ""https://zenodo.org/record/4647952"", ""exactness"": ""not_assessed"", ""notes"": """", ""primary"": true, ""review_date"": ""2026-08-01"", ""scope"": ""Primary quantity reported in the reviewed catalog source"", ""unit"": ""images""}]",https://zenodo.org/record/4647952,official_repository,https://zenodo.org/record/4647952,anonymous_direct,False,False,False,False,False,False,False,False,unknown,available,2026-07-21,author_source_checked,Author-conducted source check; transfer completeness was evaluated separately.,standard_platform_supported,zenodo,zenodo_loader,0.4.0,False,,unit_or_mocked_only,not_live_tested,,,CC BY 4.0,https://zenodo.org/record/4647952,dataset_files,Review the cited source for component-specific terms.,10.5281/zenodo.4647952,,record/4647952,,,,,https://doi.org/10.5281/zenodo.4647952,[],https://zenodo.org/record/4647952,https://zenodo.org/record/4647952,https://zenodo.org/record/4647952,https://zenodo.org/record/4647952,True,2026-07-21,checked_against_cited_source,author_source_checked,not_live_tested,paraguay_dr,Paraguay Color Fundus DR Dataset,cc-by,cc-by
perg_ioba,PERG-IOBA Ocular Electrophysiology Dataset,Transient pattern electroretinogram responses from 304 subjects in 336 records with clinical metadata.,electrophysiology,"[""classification"", ""regression""]",1354,"[""all""]",,,,physionet,https://physionet.org/content/perg-ioba-dataset/1.0.0/,ODC-BY 1.0 (Open Data Commons Attribution),"The PERG-IOBA Dataset. PhysioNet, 2024. doi:10.13026/d24m-w054","[""physionet"", ""perg"", ""electrophysiology"", ""glaucoma""]",0.1,,electrophysiology,"[""electrophysiology"", ""tabular""]",signals,"[{""count"": 1354, ""evidence_basis"": ""official_source_description"", ""evidence_url"": ""https://physionet.org/content/perg-ioba-dataset/1.0.0/"", ""exactness"": ""exact"", ""notes"": """", ""primary"": true, ""review_date"": ""2026-08-01"", ""scope"": ""Transient pattern electroretinogram responses"", ""unit"": ""signals""}, {""count"": 304, ""evidence_basis"": ""official_source_description"", ""evidence_url"": ""https://physionet.org/content/perg-ioba-dataset/1.0.0/"", ""exactness"": ""exact"", ""notes"": """", ""primary"": false, ""review_date"": ""2026-08-01"", ""scope"": ""Participants represented in 336 records"", ""unit"": ""participants""}]",https://physionet.org/content/perg-ioba-dataset/1.0.0/,data_platform,https://physionet.org/content/perg-ioba-dataset/1.0.0/,anonymous_direct,False,False,False,False,False,False,False,False,unknown,available,2026-07-21,author_source_checked,Author-conducted source check; transfer completeness was evaluated separately.,transfer_tested_partial,physionet,physionet_loader,0.4.0,False,2026-07-31,representative_local_files_recognized,representative_file_downloaded,python hub/audit/verify_download_and_load.py run,,ODC-BY 1.0 (Open Data Commons Attribution),https://physionet.org/content/perg-ioba-dataset/1.0.0/,dataset_files,Review the cited source for component-specific terms.,10.13026/d24m-w054,,perg-ioba-dataset/1.0.0,,,,,https://doi.org/10.13026/d24m-w054,[],https://physionet.org/content/perg-ioba-dataset/1.0.0/,https://physionet.org/content/perg-ioba-dataset/1.0.0/,https://physionet.org/content/perg-ioba-dataset/1.0.0/,https://physionet.org/content/perg-ioba-dataset/1.0.0/,True,2026-07-21,checked_against_cited_source,author_source_checked,representative_file_downloaded,perg_ioba,PERG-IOBA Ocular Electrophysiology Dataset,odc-by,odc-by
periorbital_segmentation,Open-Source Periorbital Segmentation Dataset,"Cropped periorbital images with multi-structure masks for the iris, sclera, eyelid, caruncle, and eyebrow.",external_eye,"[""segmentation"", ""measurement""]",2842,"[""all""]",,,,zenodo,https://doi.org/10.5281/zenodo.13916845,CC BY 4.0,"Nahass GR, Koehler E, Tomaras N, et al. Open-Source Periorbital Segmentation Dataset for Ophthalmic Applications. Ophthalmology Science. 2025;5:100757. doi:10.1016/j.xops.2025.100757","[""external_eye"", ""periorbital"", ""iris"", ""sclera"", ""eyelid"", ""multi_annotator"", ""derived"", ""zenodo""]",0.19,"Five annotators labeled crops derived from the Chicago Face Database and CelebAMask-HQ. The Zenodo record is CC BY 4.0, but users should also verify the terms of both upstream face datasets.",external_eye,"[""external_eye""]",images,"[{""count"": 2842, ""evidence_basis"": ""legacy_catalog_field"", ""evidence_url"": ""https://doi.org/10.5281/zenodo.13916845"", ""exactness"": ""not_assessed"", ""notes"": """", ""primary"": true, ""review_date"": ""2026-08-01"", ""scope"": ""Primary quantity reported in the reviewed catalog source"", ""unit"": ""images""}]",https://doi.org/10.5281/zenodo.13916845,official_repository,https://doi.org/10.5281/zenodo.13916845,anonymous_direct,False,False,False,False,False,False,False,False,unknown,available,2026-07-21,author_source_checked,Author-conducted source check; transfer completeness was evaluated separately.,standard_platform_supported,zenodo,zenodo_loader,0.4.0,False,,unit_or_mocked_only,not_live_tested,,,CC BY 4.0,https://doi.org/10.5281/zenodo.13916845,dataset_files,Review the cited source for component-specific terms.,10.5281/zenodo.13916845,,10.5281/zenodo.13916845,10.1016/j.xops.2025.100757,,,,https://doi.org/10.5281/zenodo.13916845,[],https://doi.org/10.5281/zenodo.13916845,https://doi.org/10.5281/zenodo.13916845,https://doi.org/10.5281/zenodo.13916845,https://doi.org/10.5281/zenodo.13916845,True,2026-07-21,checked_against_cited_source,author_source_checked,not_live_tested,periorbital_segmentation,Open-Source Periorbital Segmentation Dataset,cc-by,cc-by
popeye_nir,PopEYE Infrared Ocular Image Dataset,Fourteen thousand nine hundred seventy-six near-infrared ocular images for eye-state detection and coarse gaze-direction classification during ophthalmic measurement workflows.,external_eye,"[""classification""]",14976,"[""all""]",,,,zenodo,https://zenodo.org/records/18430187,CC BY 4.0,"Gibertoni G, Borghi G, Rovati L. PopEYE - Infrared Ocular Image Dataset for Eye State and Gaze-Direction Classification. Zenodo, 2026. doi:10.5281/zenodo.18430187","[""zenodo"", ""external_eye"", ""nir"", ""eye_state"", ""gaze"", ""pupillometry""]",3.0,,external_eye,"[""external_eye""]",images,"[{""count"": 14976, ""evidence_basis"": ""legacy_catalog_field"", ""evidence_url"": ""https://zenodo.org/records/18430187"", ""exactness"": ""not_assessed"", ""notes"": """", ""primary"": true, ""review_date"": ""2026-08-01"", ""scope"": ""Primary quantity reported in the reviewed catalog source"", ""unit"": ""images""}]",https://zenodo.org/records/18430187,official_repository,https://zenodo.org/records/18430187,anonymous_direct,False,False,False,False,False,False,False,False,unknown,available,2026-07-21,author_source_checked,Author-conducted source check; transfer completeness was evaluated separately.,standard_platform_supported,zenodo,zenodo_loader,0.4.0,False,,unit_or_mocked_only,not_live_tested,,,CC BY 4.0,https://zenodo.org/records/18430187,dataset_files,Review the cited source for component-specific terms.,10.5281/zenodo.18430187,,records/18430187,,,,,https://doi.org/10.5281/zenodo.18430187,[],https://zenodo.org/records/18430187,https://zenodo.org/records/18430187,https://zenodo.org/records/18430187,https://zenodo.org/records/18430187,True,2026-07-21,checked_against_cited_source,author_source_checked,not_live_tested,popeye_nir,PopEYE Infrared Ocular Image Dataset,cc-by,cc-by
prime_fp20,PRIME-FP20: Ultra-Widefield Vessel Segmentation,15 ultra-widefield (Optos) fundus images with pixel-level vessel segmentation ground truth.,uwf_fundus,"[""segmentation""]",15,"[""all""]","[""background"", ""vessel""]",2,,manual,https://ieee-dataport.org/open-access/prime-fp20-ultra-widefield-fundus-photography-vessel-segmentation-dataset,CC BY 4.0,"Ding et al., 'A Novel Deep Learning Pipeline for Retinal Vessel Detection in Fluorescein Angiography', IEEE TMI 2021.","[""uwf"", ""fundus"", ""vessel"", ""segmentation""]",0.5,IEEE DataPort free account login required.,uwf_fundus,"[""uwf_fundus""]",images,"[{""count"": 15, ""evidence_basis"": ""legacy_catalog_field"", ""evidence_url"": ""https://ieee-dataport.org/open-access/prime-fp20-ultra-widefield-fundus-photography-vessel-segmentation-dataset"", ""exactness"": ""not_assessed"", ""notes"": """", ""primary"": true, ""review_date"": ""2026-08-01"", ""scope"": ""Primary quantity reported in the reviewed catalog source"", ""unit"": ""images""}]",https://ieee-dataport.org/open-access/prime-fp20-ultra-widefield-fundus-photography-vessel-segmentation-dataset,documented_manual_route,https://ieee-dataport.org/open-access/prime-fp20-ultra-widefield-fundus-photography-vessel-segmentation-dataset,self_service_authenticated,True,True,,False,False,False,False,False,unknown,available,2026-07-21,author_source_checked,Author-conducted source check; transfer completeness was evaluated separately.,guided_instructions_only,manual,manual_loader,0.4.0,False,,unit_or_mocked_only,not_live_tested,,,CC BY 4.0,https://ieee-dataport.org/open-access/prime-fp20-ultra-widefield-fundus-photography-vessel-segmentation-dataset,dataset_files,Review the cited source for component-specific terms.,,,,,,,,https://ieee-dataport.org/open-access/prime-fp20-ultra-widefield-fundus-photography-vessel-segmentation-dataset,[],https://ieee-dataport.org/open-access/prime-fp20-ultra-widefield-fundus-photography-vessel-segmentation-dataset,https://ieee-dataport.org/open-access/prime-fp20-ultra-widefield-fundus-photography-vessel-segmentation-dataset,https://ieee-dataport.org/open-access/prime-fp20-ultra-widefield-fundus-photography-vessel-segmentation-dataset,https://ieee-dataport.org/open-access/prime-fp20-ultra-widefield-fundus-photography-vessel-segmentation-dataset,True,2026-07-21,checked_against_cited_source,author_source_checked,not_live_tested,prime_fp20,PRIME-FP20: Ultra-Widefield Vessel Segmentation,cc-by,cc-by
rao_fundus,RAO Retinal Artery Occlusion Fundus Photography Dataset,"Fundus-photography dataset for retinal artery occlusion diagnosis, based on web-derived public data and public fundus datasets.",fundus,"[""classification""]",,"[""all""]",,,,mendeley,https://data.mendeley.com/datasets/5428684j44/2,CC BY 4.0,"Yoo T. RAO (retinal artery occlusion) fundus photography dataset. Mendeley Data, V2, 2024. doi:10.17632/5428684j44.2","[""mendeley"", ""fundus"", ""retinal_artery_occlusion"", ""classification"", ""derivative""]",,"Source reports use of web-based public data plus RFMiD and JSIEC. Retained as a distinct RAO task resource, but not an independent primary cohort.",fundus,"[""fundus""]",unknown,[],https://data.mendeley.com/datasets/5428684j44/2,official_repository,https://data.mendeley.com/datasets/5428684j44/2,anonymous_direct,False,False,False,False,False,False,False,False,unknown,available,2026-07-21,author_source_checked,Author-conducted source check; transfer completeness was evaluated separately.,standard_platform_supported,mendeley,mendeley_loader,0.4.0,False,,unit_or_mocked_only,not_live_tested,,,CC BY 4.0,https://data.mendeley.com/datasets/5428684j44/2,dataset_files,Review the cited source for component-specific terms.,10.17632/5428684j44.2,,5428684j44/2,,,,,https://doi.org/10.17632/5428684j44.2,"[{""target"": ""jsiec"", ""type"": ""derived_from""}, {""target"": ""rfmid"", ""type"": ""derived_from""}]",https://data.mendeley.com/datasets/5428684j44/2,https://data.mendeley.com/datasets/5428684j44/2,https://data.mendeley.com/datasets/5428684j44/2,https://data.mendeley.com/datasets/5428684j44/2,True,2026-07-21,checked_against_cited_source,author_source_checked,not_live_tested,rao_fundus,RAO Retinal Artery Occlusion Fundus Photography Dataset,cc-by,cc-by
rasti_oct,"Rasti OCT Dataset (Noor Eye Hospital, Tehran)","148 Heidelberg Spectralis SD-OCT volumes (~4,254 B-scans) for 3-class volume-level classification: Normal (50 volumes), AMD (48 volumes), DME (50 volumes). Variable B-scans per volume: 19, 25, 31, or 61 slices. Acquired at Noor Eye Hospital, Tehran, Iran.",oct,"[""classification""]",4254,"[""train""]","[""Normal"", ""AMD"", ""DME""]",3,,manual,https://drive.google.com/file/d/1Rv82F7CjPveyONdy1YbRHh05emCb6_Eu,Research use only,"Rasti R et al., 'Macular OCT Classification Using a Multi-Scale Convolutional Neural Network Ensemble', IEEE Transactions on Medical Imaging 37(4):1024–1034 (2018). doi:10.1109/TMI.2017.2780115","[""oct"", ""classification"", ""amd"", ""dme"", ""gdrive"", ""manual""]",2.0,"The Google Drive archive is password-protected. Obtain the current archive password from the official source and download manually:
  Main archive: https://drive.google.com/file/d/1Rv82F7CjPveyONdy1YbRHh05emCb6_Eu
  DME labels:   https://drive.google.com/file/d/1ocxB44TiiInE-jnt8Go6XQNmFwdTxOyN
  AMD labels:   https://drive.google.com/file/d/1yaNiK40QL_s7fgMLM98l_F3TCMwFERnP
Label files flag 'suspicious' B-scans (≥50% threshold) within each volume.",oct,"[""oct""]",b_scans,"[{""count"": 4254, ""evidence_basis"": ""associated_publication"", ""evidence_url"": ""https://doi.org/10.1109/TMI.2017.2780115"", ""exactness"": ""approximate"", ""notes"": """", ""primary"": true, ""review_date"": ""2026-08-01"", ""scope"": ""Approximate B-scan count"", ""unit"": ""b_scans""}, {""count"": 148, ""evidence_basis"": ""associated_publication"", ""evidence_url"": ""https://doi.org/10.1109/TMI.2017.2780115"", ""exactness"": ""exact"", ""notes"": """", ""primary"": false, ""review_date"": ""2026-08-01"", ""scope"": ""Heidelberg Spectralis volumes"", ""unit"": ""volumes""}]",https://drive.google.com/file/d/1Rv82F7CjPveyONdy1YbRHh05emCb6_Eu,documented_manual_route,https://drive.google.com/file/d/1Rv82F7CjPveyONdy1YbRHh05emCb6_Eu,anonymous_direct,False,False,False,False,False,False,False,False,unknown,available,2026-07-21,acquisition_route_verified,Author-conducted source check; transfer completeness was evaluated separately.,guided_instructions_only,manual,manual_loader,0.4.0,False,,unit_or_mocked_only,not_live_tested,,,Research use only,https://drive.google.com/file/d/1Rv82F7CjPveyONdy1YbRHh05emCb6_Eu,dataset_files,Review the cited source for component-specific terms.,,,,10.1109/tmi.2017.2780115,,,,https://drive.google.com/file/d/1Rv82F7CjPveyONdy1YbRHh05emCb6_Eu,[],https://doi.org/10.1109/TMI.2017.2780115,https://drive.google.com/file/d/1Rv82F7CjPveyONdy1YbRHh05emCb6_Eu,https://drive.google.com/file/d/1Rv82F7CjPveyONdy1YbRHh05emCb6_Eu,https://drive.google.com/file/d/1Rv82F7CjPveyONdy1YbRHh05emCb6_Eu,True,2026-07-21,checked_against_cited_source,acquisition_route_verified,not_live_tested,rasti_oct,"Rasti OCT Dataset (Noor Eye Hospital, Tehran)",research-only,research-only
ravir,RAVIR: Retinal Artery/Vein Segmentation in IR,42 infrared reflectance fundus images with separate artery and vein segmentation masks. 23 train / 19 test.,fundus,"[""segmentation""]",42,"[""train"", ""test""]",,,"[768, 768]",gdrive,https://ravir.grand-challenge.org/data/,Research only,"Hatamizadeh et al., 'RAVIR: A Dataset and Methodology for the Semantic Segmentation and Quantitative Analysis of Retinal Arteries and Veins in Infrared Reflectance Imaging', JBHI 2022.","[""vessel_segmentation"", ""artery_vein"", ""infrared"", ""fundus""]",0.05,,fundus,"[""fundus""]",images,"[{""count"": 42, ""evidence_basis"": ""legacy_catalog_field"", ""evidence_url"": ""https://ravir.grand-challenge.org/data/"", ""exactness"": ""not_assessed"", ""notes"": """", ""primary"": true, ""review_date"": ""2026-08-01"", ""scope"": ""Primary quantity reported in the reviewed catalog source"", ""unit"": ""images""}]",https://ravir.grand-challenge.org/data/,cloud_file_share,https://ravir.grand-challenge.org/data/,anonymous_direct,False,False,False,False,False,False,False,False,unknown,available,2026-07-21,author_source_checked,Author-conducted source check; transfer completeness was evaluated separately.,loader_implemented_not_live_tested,gdrive,gdrive_loader,0.4.0,False,,unit_or_mocked_only,not_live_tested,,,Research only,https://ravir.grand-challenge.org/data/,dataset_files,Review the cited source for component-specific terms.,,,,,,data,,https://ravir.grand-challenge.org/data/,[],https://ravir.grand-challenge.org/data/,https://ravir.grand-challenge.org/data/,https://ravir.grand-challenge.org/data/,https://ravir.grand-challenge.org/data/,True,2026-07-21,checked_against_cited_source,author_source_checked,not_live_tested,ravir,RAVIR: Retinal Artery/Vein Segmentation in IR,research-only,research-only
rbad,RBAD Retinal Branching-Angle Detection Benchmark,Fundus-image benchmark with retinal vessel branching-angle annotations for evaluating branching-angle detection and measurement algorithms.,fundus,"[""landmark_detection"", ""measurement""]",40,"[""all""]",,,,github,https://github.com/Retinal-Research/RBAD,ASU non-commercial research license,"Yu F, Yu S, Ma S, Williams MA, Yu H. RBAD: A Dataset and Benchmark for Retinal Vessels Branching Angle Detection. IEEE BHI. 2024. doi:10.1109/BHI62660.2024.10913865","[""github"", ""fundus"", ""retinal_vessels"", ""branching_angle"", ""measurement"", ""non_commercial""]",,Repository provides 40 benchmark images and annotations under an academic non-commercial license from Arizona Board of Regents; verify terms before redistribution or commercial use.,fundus,"[""fundus""]",images,"[{""count"": 40, ""evidence_basis"": ""official_source_description"", ""evidence_url"": ""https://github.com/Retinal-Research/RBAD"", ""exactness"": ""exact"", ""notes"": """", ""primary"": true, ""review_date"": ""2026-08-01"", ""scope"": ""Branching-angle benchmark images"", ""unit"": ""images""}]",https://github.com/Retinal-Research/RBAD,source_repository,https://github.com/Retinal-Research/RBAD,anonymous_direct,False,False,False,False,False,False,False,False,unknown,available,2026-07-21,author_source_checked,Author-conducted source check; transfer completeness was evaluated separately.,end_to_end_tested,github,github_loader,0.4.0,True,2026-07-31,complete_current_deposit_downloaded,complete_current_deposit_downloaded,python hub/audit/verify_download_and_load.py run,,ASU non-commercial research license,https://github.com/Retinal-Research/RBAD,unknown,Review the cited source for component-specific terms.,,,,10.1109/bhi62660.2024.10913865,,,,https://github.com/Retinal-Research/RBAD,[],https://github.com/Retinal-Research/RBAD,https://github.com/Retinal-Research/RBAD,https://github.com/Retinal-Research/RBAD,https://github.com/Retinal-Research/RBAD,True,2026-07-21,checked_against_cited_source,author_source_checked,complete_current_deposit_downloaded,rbad,RBAD Retinal Branching-Angle Detection Benchmark,research-only,research-only
real_fundus,Real Fundus Clinical Image Restoration Benchmark,One hundred twenty paired low quality and high quality clinical fundus photographs of the same eyes at 2560 by 2560 pixels for image restoration and enhancement research.,fundus,"[""restoration""]",120,"[""all""]",,,,manual,https://github.com/dengzhuo-AI/Real-Fundus/releases/tag/v.1.0.0,Unknown; no dataset license declared in the repository,"Deng Z, Cai Y, Chen L, et al. RFormer: Transformer-based generative adversarial network for real fundus image restoration on a new clinical benchmark. IEEE J Biomed Health Inform. 2022;26:4645-4655. doi:10.1109/JBHI.2022.3187103","[""fundus"", ""restoration"", ""image_quality"", ""paired_images""]",1.02,"The public GitHub release contains the image archive. The paper describes a random 81/9/30 experimental split, but the release does not define distributed train, validation, and test partitions. No license file or dataset use terms were found.",fundus,"[""fundus""]",image_pairs,"[{""count"": 120, ""evidence_basis"": ""official_source_description"", ""evidence_url"": ""https://github.com/dengzhuo-AI/Real-Fundus"", ""exactness"": ""exact"", ""notes"": """", ""primary"": true, ""review_date"": ""2026-08-01"", ""scope"": ""Matched low-quality and high-quality fundus pairs"", ""unit"": ""image_pairs""}, {""count"": 240, ""evidence_basis"": ""derived_from_reported_components"", ""evidence_url"": ""https://github.com/dengzhuo-AI/Real-Fundus"", ""exactness"": ""exact"", ""notes"": """", ""primary"": false, ""review_date"": ""2026-08-01"", ""scope"": ""Images participating in 120 restoration pairs"", ""unit"": ""images""}]",https://github.com/dengzhuo-AI/Real-Fundus/releases/tag/v.1.0.0,documented_manual_route,https://github.com/dengzhuo-AI/Real-Fundus/releases/tag/v.1.0.0,anonymous_direct,False,False,False,False,False,False,False,False,unknown,available,2026-07-21,author_source_checked,Author-conducted source check; transfer completeness was evaluated separately.,guided_instructions_only,manual,manual_loader,0.4.0,False,,unit_or_mocked_only,not_live_tested,,,Unknown; no dataset license declared in the repository,https://github.com/dengzhuo-AI/Real-Fundus/releases/tag/v.1.0.0,unknown,Review the cited source for component-specific terms.,,,,10.1109/jbhi.2022.3187103,,,,https://github.com/dengzhuo-AI/Real-Fundus/releases/tag/v.1.0.0,[],https://github.com/dengzhuo-AI/Real-Fundus,https://github.com/dengzhuo-AI/Real-Fundus/releases/tag/v.1.0.0,https://github.com/dengzhuo-AI/Real-Fundus/releases/tag/v.1.0.0,https://github.com/dengzhuo-AI/Real-Fundus/releases/tag/v.1.0.0,True,2026-07-21,checked_against_cited_source,author_source_checked,not_live_tested,real_fundus,Real Fundus Clinical Image Restoration Benchmark,unknown,unknown
refuge1_multirater,REFUGE Multi-Rater — Glaucoma with Multi-Expert Annotations,1200 fundus images from REFUGE1 with optic disc/cup segmentation masks annotated by multiple expert raters.,fundus,"[""classification"", ""segmentation""]",1200,"[""train"", ""val"", ""test""]","[""non-glaucoma"", ""glaucoma""]",2,,gdrive,https://drive.google.com/file/d/1TXTrZyaZ76faXek46pEzaYQmAejLf30d/view,CC BY-NC-SA (see HuggingFace page),"Orlando J.I. et al., 'REFUGE Challenge: A Unified Framework for Evaluating Automated Methods for Glaucoma Assessment from Fundus Photographs', MIA 2020.","[""fundus"", ""glaucoma"", ""segmentation"", ""multi_rater"", ""refuge"", ""ichallenge""]",0.8,,fundus,"[""fundus""]",images,"[{""count"": 1200, ""evidence_basis"": ""legacy_catalog_field"", ""evidence_url"": ""https://drive.google.com/file/d/1TXTrZyaZ76faXek46pEzaYQmAejLf30d/view"", ""exactness"": ""not_assessed"", ""notes"": """", ""primary"": true, ""review_date"": ""2026-08-01"", ""scope"": ""Primary quantity reported in the reviewed catalog source"", ""unit"": ""images""}]",https://drive.google.com/file/d/1TXTrZyaZ76faXek46pEzaYQmAejLf30d/view,cloud_file_share,https://drive.google.com/file/d/1TXTrZyaZ76faXek46pEzaYQmAejLf30d/view,anonymous_direct,False,False,False,False,False,False,False,False,unknown,available,2026-07-21,author_source_checked,Author-conducted source check; transfer completeness was evaluated separately.,loader_implemented_not_live_tested,gdrive,gdrive_loader,0.4.0,False,,unit_or_mocked_only,not_live_tested,,,CC BY-NC-SA (see HuggingFace page),https://drive.google.com/file/d/1TXTrZyaZ76faXek46pEzaYQmAejLf30d/view,dataset_files,Review the cited source for component-specific terms.,,,,,,,,https://drive.google.com/file/d/1TXTrZyaZ76faXek46pEzaYQmAejLf30d/view,"[{""target"": ""refuge2018"", ""type"": ""derived_from""}]",https://drive.google.com/file/d/1TXTrZyaZ76faXek46pEzaYQmAejLf30d/view,https://drive.google.com/file/d/1TXTrZyaZ76faXek46pEzaYQmAejLf30d/view,https://drive.google.com/file/d/1TXTrZyaZ76faXek46pEzaYQmAejLf30d/view,https://drive.google.com/file/d/1TXTrZyaZ76faXek46pEzaYQmAejLf30d/view,True,2026-07-21,checked_against_cited_source,author_source_checked,not_live_tested,refuge1_multirater,REFUGE Multi-Rater — Glaucoma with Multi-Expert Annotations,cc-by-nc-sa,cc-by-nc-sa
refuge2,REFUGE2 — Retinal Fundus Glaucoma Challenge 2,"2000 fundus images for glaucoma classification, optic disc/cup segmentation, and fovea localisation. Extends REFUGE1.",fundus,"[""classification"", ""segmentation""]",2000,"[""train"", ""val"", ""test""]","[""non-glaucoma"", ""glaucoma""]",2,,gdrive,https://drive.google.com/file/d/1DspRzDqypeBOxZnWPQxmXprNVmJwkBRJ/view,Research use (Grand Challenge),"Fang H. et al., 'REFUGE2 Challenge: Treasure for Multi-Domain Learning in Glaucoma Assessment', MIA 2022.","[""fundus"", ""glaucoma"", ""classification"", ""segmentation"", ""refuge"", ""ichallenge""]",1.2,,fundus,"[""fundus""]",images,"[{""count"": 2000, ""evidence_basis"": ""legacy_catalog_field"", ""evidence_url"": ""https://drive.google.com/file/d/1DspRzDqypeBOxZnWPQxmXprNVmJwkBRJ/view"", ""exactness"": ""not_assessed"", ""notes"": """", ""primary"": true, ""review_date"": ""2026-08-01"", ""scope"": ""Primary quantity reported in the reviewed catalog source"", ""unit"": ""images""}]",https://drive.google.com/file/d/1DspRzDqypeBOxZnWPQxmXprNVmJwkBRJ/view,cloud_file_share,https://drive.google.com/file/d/1DspRzDqypeBOxZnWPQxmXprNVmJwkBRJ/view,anonymous_direct,False,False,False,False,False,False,False,False,unknown,available,2026-07-21,author_source_checked,Author-conducted source check; transfer completeness was evaluated separately.,loader_implemented_not_live_tested,gdrive,gdrive_loader,0.4.0,False,,unit_or_mocked_only,not_live_tested,,,Research use (Grand Challenge),https://drive.google.com/file/d/1DspRzDqypeBOxZnWPQxmXprNVmJwkBRJ/view,challenge_participation,Review the cited source for component-specific terms.,,,,,,,,https://drive.google.com/file/d/1DspRzDqypeBOxZnWPQxmXprNVmJwkBRJ/view,"[{""target"": ""refuge2018"", ""type"": ""version_of""}]",https://drive.google.com/file/d/1DspRzDqypeBOxZnWPQxmXprNVmJwkBRJ/view,https://drive.google.com/file/d/1DspRzDqypeBOxZnWPQxmXprNVmJwkBRJ/view,https://drive.google.com/file/d/1DspRzDqypeBOxZnWPQxmXprNVmJwkBRJ/view,https://drive.google.com/file/d/1DspRzDqypeBOxZnWPQxmXprNVmJwkBRJ/view,True,2026-07-21,checked_against_cited_source,author_source_checked,not_live_tested,refuge2,REFUGE2 — Retinal Fundus Glaucoma Challenge 2,research-only,research-only
refuge2018,REFUGE 2018: Retinal Fundus Glaucoma Challenge,"1200 fundus images: 400 train, 400 val, 400 test. Labels: glaucoma/non-glaucoma + optic disc/cup segmentation.",fundus,"[""classification"", ""segmentation""]",1200,"[""train"", ""val"", ""test""]","[""Non-glaucoma"", ""Glaucoma""]",2,,manual,https://refuge.grand-challenge.org/,Research only — requires Grand Challenge registration,"Orlando et al., 'REFUGE challenge: A unified framework for evaluating automated methods for glaucoma assessment from fundus photographs', MedIA 2020.","[""glaucoma"", ""classification"", ""segmentation"", ""fundus""]",2.5,Requires Grand Challenge account and challenge participation.,fundus,"[""fundus""]",images,"[{""count"": 1200, ""evidence_basis"": ""legacy_catalog_field"", ""evidence_url"": ""https://refuge.grand-challenge.org/"", ""exactness"": ""not_assessed"", ""notes"": """", ""primary"": true, ""review_date"": ""2026-08-01"", ""scope"": ""Primary quantity reported in the reviewed catalog source"", ""unit"": ""images""}]",https://refuge.grand-challenge.org/,challenge_platform,https://refuge.grand-challenge.org/,controlled_or_manual,True,True,False,True,True,False,True,False,unknown,available,2026-07-21,acquisition_route_verified,Author-conducted source check; transfer completeness was evaluated separately.,manual_access_blocked,manual,manual_loader,0.4.0,False,,unit_or_mocked_only,not_live_tested,,,Research only — requires Grand Challenge registration,https://refuge.grand-challenge.org/,challenge_participation,Review the cited source for component-specific terms.,,,,,,,,https://refuge.grand-challenge.org/,[],https://refuge.grand-challenge.org/,https://refuge.grand-challenge.org/,https://refuge.grand-challenge.org/,https://refuge.grand-challenge.org/,True,2026-07-21,checked_against_cited_source,acquisition_route_verified,not_live_tested,refuge2018,REFUGE 2018: Retinal Fundus Glaucoma Challenge,research-only,research-only
reta_benchmark,RETA Benchmark for Retinal Vascular Tree Analysis,"Retinal vessel analysis benchmark with vessel masks, artery/vein masks and skeletons, bifurcation points, vascular trees, and abnormality annotations.",fundus,"[""segmentation"", ""vessel_analysis""]",81,"[""all""]",,,,figshare,https://doi.org/10.6084/m9.figshare.16960855,CC BY 4.0,"Lyu X, Cheng L, Zhang S. The RETA Benchmark for Retinal Vascular Tree Analysis. Scientific Data. 2022;9:397. doi:10.1038/s41597-022-01507-y","[""figshare"", ""fundus"", ""retinal_vessels"", ""artery_vein"", ""segmentation"", ""idrid"", ""derivative""]",0.84,"RETA inherits the 81 images from the first subset of IDRiD and adds retinal vascular-tree annotations; keep it separate as an annotation/benchmark layer, not an independent imaging cohort.",fundus,"[""fundus""]",images,"[{""count"": 81, ""evidence_basis"": ""official_source_description"", ""evidence_url"": ""https://doi.org/10.6084/m9.figshare.16960855"", ""exactness"": ""exact"", ""notes"": """", ""primary"": true, ""review_date"": ""2026-08-01"", ""scope"": ""IDRiD-derived images with vascular-tree annotations"", ""unit"": ""images""}]",https://doi.org/10.6084/m9.figshare.16960855,official_repository,https://doi.org/10.6084/m9.figshare.16960855,anonymous_direct,False,False,False,False,False,False,False,False,unknown,available,2026-07-21,author_source_checked,Author-conducted source check; transfer completeness was evaluated separately.,end_to_end_tested,figshare,figshare_loader,0.4.0,True,2026-07-31,complete_current_deposit_downloaded,complete_current_deposit_downloaded,python hub/audit/verify_download_and_load.py run,,CC BY 4.0,https://doi.org/10.6084/m9.figshare.16960855,dataset_files,Review the cited source for component-specific terms.,10.6084/m9.figshare.16960855,,10.6084/m9.figshare.16960855,10.1038/s41597-022-01507-y,,,,https://doi.org/10.6084/m9.figshare.16960855,"[{""target"": ""idrid"", ""type"": ""derived_from""}]",https://doi.org/10.6084/m9.figshare.16960855,https://doi.org/10.6084/m9.figshare.16960855,https://doi.org/10.6084/m9.figshare.16960855,https://doi.org/10.6084/m9.figshare.16960855,True,2026-07-21,checked_against_cited_source,author_source_checked,complete_current_deposit_downloaded,reta_benchmark,RETA Benchmark for Retinal Vascular Tree Analysis,cc-by,cc-by
retina_age_analysis,Retina Age Analysis,Fundus images and age labels for retinal age prediction and regression.,fundus,"[""regression""]",9857,"[""all""]",,,,huggingface,https://huggingface.co/datasets/ramankamran/retina-age-analysis,MIT,"ramankamran/retina-age-analysis. Hugging Face dataset, accessed 2026-07.","[""huggingface"", ""fundus"", ""age_prediction"", ""regression""]",1.0,Provenance should be verified before clinical use.,fundus,"[""fundus""]",images,"[{""count"": 9857, ""evidence_basis"": ""legacy_catalog_field"", ""evidence_url"": ""https://huggingface.co/datasets/ramankamran/retina-age-analysis"", ""exactness"": ""not_assessed"", ""notes"": """", ""primary"": true, ""review_date"": ""2026-08-01"", ""scope"": ""Primary quantity reported in the reviewed catalog source"", ""unit"": ""images""}]",https://huggingface.co/datasets/ramankamran/retina-age-analysis,data_platform,https://huggingface.co/datasets/ramankamran/retina-age-analysis,anonymous_direct,False,False,False,False,False,False,False,False,unknown,available,2026-07-21,author_source_checked,Author-conducted source check; transfer completeness was evaluated separately.,standard_platform_supported,huggingface,huggingface_loader,0.4.0,False,,unit_or_mocked_only,not_live_tested,,,MIT,https://huggingface.co/datasets/ramankamran/retina-age-analysis,unknown,Review the cited source for component-specific terms.,,,ramankamran/retina-age-analysis,,,,,https://huggingface.co/datasets/ramankamran/retina-age-analysis,[],https://huggingface.co/datasets/ramankamran/retina-age-analysis,https://huggingface.co/datasets/ramankamran/retina-age-analysis,https://huggingface.co/datasets/ramankamran/retina-age-analysis,https://huggingface.co/datasets/ramankamran/retina-age-analysis,True,2026-07-21,checked_against_cited_source,author_source_checked,not_live_tested,retina_age_analysis,Retina Age Analysis,mit,mit
retinal_corrugations_oct,Outer Retinal Corrugations Imaging Dataset,High-resolution swept-source OCT images and mechanical-model data for outer retinal corrugations in rhegmatogenous retinal detachment.,oct,"[""segmentation"", ""regression""]",69,"[""all""]",,,,mendeley,https://data.mendeley.com/datasets/bzsc7gd9p3/2,CC BY 4.0,"Darabad RR et al. Outer Retinal Corrugations: Imaging Dataset and Mechanical Models. Mendeley Data, V2, 2022. doi:10.17632/bzsc7gd9p3.2","[""mendeley"", ""oct"", ""retinal_detachment"", ""biomechanics""]",0.5,"The associated Data in Brief article reports 69 baseline cross-sectional SS-OCT scans from 66 patients; one methods passage reports 66 assessed scans, so the count is retained with a source-conflict flag.",oct,"[""oct""]",b_scans,"[{""count"": 69, ""evidence_basis"": ""associated_publication"", ""evidence_url"": ""https://doi.org/10.1016/j.dib.2023.108920"", ""exactness"": ""source_conflict"", ""notes"": ""The article abstract and specifications table report 69 scans from 66 patients; one methods passage reports 66 assessed scans."", ""primary"": true, ""review_date"": ""2026-08-01"", ""scope"": ""Baseline swept-source OCT scans described for the current Mendeley v2 deposit"", ""unit"": ""b_scans""}, {""count"": 66, ""evidence_basis"": ""associated_publication"", ""evidence_url"": ""https://doi.org/10.1016/j.dib.2023.108920"", ""exactness"": ""exact"", ""notes"": """", ""primary"": false, ""review_date"": ""2026-08-01"", ""scope"": ""Patients represented by the baseline SS-OCT cohort"", ""unit"": ""participants""}]",https://data.mendeley.com/datasets/bzsc7gd9p3/2,official_repository,https://data.mendeley.com/datasets/bzsc7gd9p3/2,anonymous_direct,False,False,False,False,False,False,False,False,unknown,available,2026-07-21,author_source_checked,Author-conducted source check; transfer completeness was evaluated separately.,standard_platform_supported,mendeley,mendeley_loader,0.4.0,False,,unit_or_mocked_only,not_live_tested,,,CC BY 4.0,https://data.mendeley.com/datasets/bzsc7gd9p3/2,dataset_files,Review the cited source for component-specific terms.,10.17632/bzsc7gd9p3.2,,bzsc7gd9p3/2,,,,,https://doi.org/10.17632/bzsc7gd9p3.2,[],https://doi.org/10.1016/j.dib.2023.108920,https://data.mendeley.com/datasets/bzsc7gd9p3/2,https://data.mendeley.com/datasets/bzsc7gd9p3/2,https://data.mendeley.com/datasets/bzsc7gd9p3/2,True,2026-07-21,checked_against_cited_source,author_source_checked,not_live_tested,retinal_corrugations_oct,Outer Retinal Corrugations Imaging Dataset,cc-by,cc-by
retinal_dr_longitudinal,Retinal DR Longitudinal Fundus Pairs,Baseline and two-year follow-up color fundus image pairs from Tianjin Medical University for diabetic-retinopathy progression research.,fundus,"[""progression"", ""classification""]",1115,"[""all""]",,,,huggingface,https://huggingface.co/datasets/usama10/retinal-dr-longitudinal,Unknown — needs check (HF; ethics statement in card),"Retinal DR longitudinal fundus pairs, Tianjin Medical University. HuggingFace, 2025.","[""fundus"", ""dr"", ""longitudinal"", ""progression"", ""two_year""]",4.0,Verify source publication before commercial use.,fundus,"[""fundus""]",image_pairs,"[{""count"": 1115, ""evidence_basis"": ""current_deposit_table"", ""evidence_url"": ""https://huggingface.co/datasets/usama10/retinal-dr-longitudinal/tree/d6e13e91dae69f3080259afd478db92412c7f32d"", ""exactness"": ""exact"", ""notes"": """", ""primary"": true, ""review_date"": ""2026-08-01"", ""scope"": ""Rows in corrected_manifest.csv"", ""unit"": ""image_pairs""}, {""count"": 2428, ""evidence_basis"": ""current_deposit_file_listing"", ""evidence_url"": ""https://huggingface.co/datasets/usama10/retinal-dr-longitudinal/tree/d6e13e91dae69f3080259afd478db92412c7f32d"", ""exactness"": ""exact"", ""notes"": ""The deposit contains 1,250 baseline and 1,178 follow-up images; 2,230 participate in the corrected 1,115-pair manifest."", ""primary"": false, ""review_date"": ""2026-08-01"", ""scope"": ""JPG files in the current deposit"", ""unit"": ""images""}, {""count"": 572, ""evidence_basis"": ""current_deposit_table"", ""evidence_url"": ""https://huggingface.co/datasets/usama10/retinal-dr-longitudinal/tree/d6e13e91dae69f3080259afd478db92412c7f32d"", ""exactness"": ""exact"", ""notes"": """", ""primary"": false, ""review_date"": ""2026-08-01"", ""scope"": ""Unique patient IDs in corrected_manifest.csv"", ""unit"": ""participants""}]",https://huggingface.co/datasets/usama10/retinal-dr-longitudinal,data_platform,https://huggingface.co/datasets/usama10/retinal-dr-longitudinal,anonymous_direct,False,False,False,False,False,False,False,False,unknown,available,2026-07-21,author_source_checked,Author-conducted source check; transfer completeness was evaluated separately.,standard_platform_supported,huggingface,huggingface_loader,0.4.0,False,,unit_or_mocked_only,not_live_tested,,,Unknown — needs check (HF; ethics statement in card),https://huggingface.co/datasets/usama10/retinal-dr-longitudinal,unknown,Review the cited source for component-specific terms.,,,usama10/retinal-dr-longitudinal,,,,,https://huggingface.co/datasets/usama10/retinal-dr-longitudinal,[],https://huggingface.co/datasets/usama10/retinal-dr-longitudinal/tree/d6e13e91dae69f3080259afd478db92412c7f32d,https://huggingface.co/datasets/usama10/retinal-dr-longitudinal,https://huggingface.co/datasets/usama10/retinal-dr-longitudinal,https://huggingface.co/datasets/usama10/retinal-dr-longitudinal,True,2026-07-21,checked_against_cited_source,author_source_checked,not_live_tested,retinal_dr_longitudinal,Retinal DR Longitudinal Fundus Pairs,unknown,unknown
retinal_vessel_robustness,Natural Robustness Benchmark for Retinal Vessel Segmentation,"Augmented DRIVE, STARE, and CHASE_DB1 vessel-segmentation images for out-of-distribution robustness evaluation.",fundus,"[""segmentation""]",13024,"[""all""]",,,,zenodo,https://zenodo.org/records/12659652,MIT,"Evaluation benchmark for natural robustness evaluation of retinal vessel segmentation models. Zenodo, 2024. doi:10.5281/zenodo.12659652","[""zenodo"", ""vessels"", ""robustness"", ""drive"", ""stare"", ""chase_db1"", ""derivative""]",8.15,Derivative robustness benchmark from existing vessel datasets.,fundus,"[""fundus""]",images,"[{""count"": 13024, ""evidence_basis"": ""current_deposit_file_listing"", ""evidence_url"": ""https://zenodo.org/records/12659652"", ""exactness"": ""exact"", ""notes"": ""Includes 5,920 DRIVE, 4,144 CHASE, and 2,960 STARE original or augmented images; parent datasets overlap catalog records."", ""primary"": true, ""review_date"": ""2026-08-01"", ""scope"": ""Files under the images directories in all three current archives"", ""unit"": ""images""}]",https://zenodo.org/records/12659652,official_repository,https://zenodo.org/records/12659652,anonymous_direct,False,False,False,False,False,False,False,False,unknown,available,2026-07-21,author_source_checked,Author-conducted source check; transfer completeness was evaluated separately.,standard_platform_supported,zenodo,zenodo_loader,0.4.0,False,,unit_or_mocked_only,not_live_tested,,,MIT,https://zenodo.org/records/12659652,unknown,Review the cited source for component-specific terms.,10.5281/zenodo.12659652,,records/12659652,,,,,https://doi.org/10.5281/zenodo.12659652,"[{""target"": ""chase_db1"", ""type"": ""derived_from""}, {""target"": ""drive"", ""type"": ""derived_from""}, {""target"": ""stare"", ""type"": ""derived_from""}]",https://zenodo.org/records/12659652,https://zenodo.org/records/12659652,https://zenodo.org/records/12659652,https://zenodo.org/records/12659652,True,2026-07-21,checked_against_cited_source,author_source_checked,not_live_tested,retinal_vessel_robustness,Natural Robustness Benchmark for Retinal Vessel Segmentation,mit,mit
retouch,RETOUCH: RETinal OCT Fluid Challenge,"112 OCT volumes from three vendors (Cirrus / Spectralis / Topcon) with pixel-level segmentation of intraretinal fluid (IRF), subretinal fluid (SRF), and pigment epithelium detachment (PED).",oct,"[""segmentation""]",112,"[""train"", ""test""]","[""background"", ""irf"", ""srf"", ""ped""]",4,,manual,https://retouch.grand-challenge.org/,Research only (signed DUA via Grand Challenge),"Bogunovic et al., 'RETOUCH — The Retinal OCT Fluid Detection and Segmentation Benchmark and Challenge', IEEE TMI 2019.","[""oct"", ""fluid_segmentation"", ""amd"", ""dme"", ""multi_vendor""]",5.0,Grand Challenge account + signed DUA required.,oct,"[""oct""]",volumes,"[{""count"": 112, ""evidence_basis"": ""legacy_catalog_field"", ""evidence_url"": ""https://retouch.grand-challenge.org/"", ""exactness"": ""not_assessed"", ""notes"": """", ""primary"": true, ""review_date"": ""2026-08-01"", ""scope"": ""Primary quantity reported in the reviewed catalog source"", ""unit"": ""volumes""}]",https://retouch.grand-challenge.org/,challenge_platform,https://retouch.grand-challenge.org/,controlled_or_manual,False,False,,False,True,True,,,unknown,available,2026-07-21,author_source_checked,Author-conducted source check; transfer completeness was evaluated separately.,manual_access_blocked,manual,manual_loader,0.4.0,False,,unit_or_mocked_only,not_live_tested,,,Research only (signed DUA via Grand Challenge),https://retouch.grand-challenge.org/,challenge_participation,Review the cited source for component-specific terms.,,,,,,,,https://retouch.grand-challenge.org/,[],https://retouch.grand-challenge.org/,https://retouch.grand-challenge.org/,https://retouch.grand-challenge.org/,https://retouch.grand-challenge.org/,True,2026-07-21,checked_against_cited_source,author_source_checked,not_live_tested,retouch,RETOUCH: RETinal OCT Fluid Challenge,research-only,research-only
rfmid,RFMiD: Retinal Fundus Multi-disease Image Dataset,3200 fundus images annotated for 45 retinal conditions. Used for multi-label disease classification.,fundus,"[""multilabel"", ""classification""]",3200,"[""train"", ""val"", ""test""]","[""Disease_Risk"", ""DR"", ""ARMD"", ""MH"", ""DN"", ""MYA"", ""BRVO"", ""TSLN"", ""ERM"", ""LS"", ""MS"", ""CSR"", ""ODC"", ""CRVO"", ""TV"", ""AH"", ""ODP"", ""ODE"", ""ST"", ""AION"", ""PT"", ""RT"", ""RS"", ""CRS"", ""EDN"", ""RPEC"", ""MHL"", ""RP"", ""other""]",29,,kaggle,https://www.kaggle.com/datasets/andrewmvd/retinal-disease-classification,CC BY-SA 4.0,"Pachade et al., 'Retinal Fundus Multi-disease Image Dataset (RFMiD): A Dataset for Multi-Disease Detection Research', Data 2021.","[""multi_disease"", ""multilabel"", ""fundus"", ""kaggle""]",1.5,,fundus,"[""fundus""]",images,"[{""count"": 3200, ""evidence_basis"": ""legacy_catalog_field"", ""evidence_url"": ""https://www.kaggle.com/datasets/andrewmvd/retinal-disease-classification"", ""exactness"": ""not_assessed"", ""notes"": """", ""primary"": true, ""review_date"": ""2026-08-01"", ""scope"": ""Primary quantity reported in the reviewed catalog source"", ""unit"": ""images""}]",https://www.kaggle.com/datasets/andrewmvd/retinal-disease-classification,data_platform,https://www.kaggle.com/datasets/andrewmvd/retinal-disease-classification,self_service_authenticated,True,True,True,False,False,False,False,False,unknown,available,2026-07-21,author_source_checked,Author-conducted source check; transfer completeness was evaluated separately.,standard_platform_supported,kaggle,kaggle_loader,0.4.0,False,,unit_or_mocked_only,not_live_tested,,,CC BY-SA 4.0,https://www.kaggle.com/datasets/andrewmvd/retinal-disease-classification,dataset_files,Review the cited source for component-specific terms.,,,andrewmvd/retinal-disease-classification,,,,,https://www.kaggle.com/datasets/andrewmvd/retinal-disease-classification,[],https://www.kaggle.com/datasets/andrewmvd/retinal-disease-classification,https://www.kaggle.com/datasets/andrewmvd/retinal-disease-classification,https://www.kaggle.com/datasets/andrewmvd/retinal-disease-classification,https://www.kaggle.com/datasets/andrewmvd/retinal-disease-classification,True,2026-07-21,checked_against_cited_source,author_source_checked,not_live_tested,rfmid,RFMiD: Retinal Fundus Multi-disease Image Dataset,cc-by-sa,cc-by-sa
rfmid2,RFMiD 2.0 Auxiliary Multi-Disease Fundus Dataset,Auxiliary RFMiD 2.0 retinal fundus dataset spanning 51 disease categories.,fundus,"[""classification"", ""multilabel""]",860,"[""all""]",,,,zenodo,https://zenodo.org/records/7505822,CC BY 4.0,"RFMiD 2.0. Zenodo, 2022. doi:10.5281/zenodo.7505822","[""zenodo"", ""fundus"", ""rfmid"", ""multi_disease"", ""extension""]",0.5,Versioned extension of existing `rfmid`; retain as separate auxiliary release.,fundus,"[""fundus""]",images,"[{""count"": 860, ""evidence_basis"": ""official_source_description"", ""evidence_url"": ""https://zenodo.org/records/7505822"", ""exactness"": ""exact"", ""notes"": """", ""primary"": true, ""review_date"": ""2026-08-01"", ""scope"": ""RFMiD 2.0 auxiliary images"", ""unit"": ""images""}]",https://zenodo.org/records/7505822,official_repository,https://zenodo.org/records/7505822,anonymous_direct,False,False,False,False,False,False,False,False,unknown,available,2026-07-21,author_source_checked,Author-conducted source check; transfer completeness was evaluated separately.,standard_platform_supported,zenodo,zenodo_loader,0.4.0,False,,unit_or_mocked_only,not_live_tested,,,CC BY 4.0,https://zenodo.org/records/7505822,dataset_files,Review the cited source for component-specific terms.,10.5281/zenodo.7505822,,records/7505822,,,,,https://doi.org/10.5281/zenodo.7505822,"[{""target"": ""rfmid"", ""type"": ""extension_of""}]",https://zenodo.org/records/7505822,https://zenodo.org/records/7505822,https://zenodo.org/records/7505822,https://zenodo.org/records/7505822,True,2026-07-21,checked_against_cited_source,author_source_checked,not_live_tested,rfmid2,RFMiD 2.0 Auxiliary Multi-Disease Fundus Dataset,cc-by,cc-by
riga,RIGA: Retinal Fundus Images for Glaucoma Analysis,750 fundus images with optic disc and optic cup segmentations from 6 ophthalmologists per image. Multi-rater benchmark.,fundus,"[""segmentation""]",750,"[""all""]","[""background"", ""optic_disc"", ""optic_cup""]",3,,direct,https://deepblue.lib.umich.edu/data/concern/data_sets/3b591905z,CC BY-NC 4.0,"Almazroa et al., 'Retinal Fundus Images for Glaucoma Analysis: The RIGA Dataset', J. Medical Imaging 2018.","[""fundus"", ""glaucoma"", ""optic_disc"", ""optic_cup"", ""multi_rater""]",2.0,"Deep Blue provides BinRushed, Magrabi, and MESSIDOR components. Its current documentation directs users to Globus for the large MESSIDOR component.",fundus,"[""fundus""]",images,"[{""count"": 750, ""evidence_basis"": ""legacy_catalog_field"", ""evidence_url"": ""https://deepblue.lib.umich.edu/data/concern/data_sets/3b591905z"", ""exactness"": ""not_assessed"", ""notes"": """", ""primary"": true, ""review_date"": ""2026-08-01"", ""scope"": ""Primary quantity reported in the reviewed catalog source"", ""unit"": ""images""}]",https://deepblue.lib.umich.edu/data/concern/data_sets/3b591905z,official_direct,https://deepblue.lib.umich.edu/data/concern/data_sets/3b591905z,anonymous_direct,False,False,False,False,False,False,False,False,unknown,available,2026-07-21,author_source_checked,Author-conducted source check; transfer completeness was evaluated separately.,guided_instructions_only,direct,direct_loader,0.4.0,False,,official_instructions_checked,automation_not_supported,,The current official Deep Blue workflow is not supported end to end by the EyeDataHub downloader.,CC BY-NC 4.0,https://deepblue.lib.umich.edu/data/concern/data_sets/3b591905z,dataset_files,Review the cited source for component-specific terms.,,,,,,,,https://deepblue.lib.umich.edu/data/concern/data_sets/3b591905z,[],https://deepblue.lib.umich.edu/data/concern/data_sets/3b591905z,https://deepblue.lib.umich.edu/data/concern/data_sets/3b591905z,https://deepblue.lib.umich.edu/data/concern/data_sets/3b591905z,https://deepblue.lib.umich.edu/data/concern/data_sets/3b591905z,True,2026-07-21,checked_against_cited_source,author_source_checked,automation_not_supported,riga,RIGA: Retinal Fundus Images for Glaucoma Analysis,cc-by-nc,cc-by-nc
riga_plus,RIGA+ Domain Adaptation Dataset,RIGA/MESSIDOR-derived benchmark for optic disc and cup segmentation domain adaptation.,fundus,"[""segmentation""]",1461,"[""all""]",,,,zenodo,https://zenodo.org/records/6325549,CC BY 4.0,"RIGA+ for domain adaptation. Zenodo, 2022. doi:10.5281/zenodo.6325549","[""zenodo"", ""riga"", ""messidor"", ""derivative"", ""domain_adaptation""]",,Derivative benchmark based on existing RIGA/MESSIDOR resources.,fundus,"[""fundus""]",images,"[{""count"": 1461, ""evidence_basis"": ""current_deposit_file_listing"", ""evidence_url"": ""https://zenodo.org/records/6325549"", ""exactness"": ""exact"", ""notes"": ""The source reports removal of six RIGA duplicates and cross-dataset duplicates with MESSIDOR."", ""primary"": true, ""review_date"": ""2026-08-01"", ""scope"": ""TIF images in the RIGA directory of the current deposit"", ""unit"": ""images""}]",https://zenodo.org/records/6325549,official_repository,https://zenodo.org/records/6325549,anonymous_direct,False,False,False,False,False,False,False,False,unknown,available,2026-07-21,author_source_checked,Author-conducted source check; transfer completeness was evaluated separately.,standard_platform_supported,zenodo,zenodo_loader,0.4.0,False,,unit_or_mocked_only,not_live_tested,,,CC BY 4.0,https://zenodo.org/records/6325549,dataset_files,Review the cited source for component-specific terms.,10.5281/zenodo.6325549,,records/6325549,,,,,https://doi.org/10.5281/zenodo.6325549,"[{""target"": ""riga"", ""type"": ""derived_from""}]",https://zenodo.org/records/6325549,https://zenodo.org/records/6325549,https://zenodo.org/records/6325549,https://zenodo.org/records/6325549,True,2026-07-21,checked_against_cited_source,author_source_checked,not_live_tested,riga_plus,RIGA+ Domain Adaptation Dataset,cc-by,cc-by
rimone_dl,RIM-ONE DL,"485 fundus images (313 normal, 172 glaucoma) with optic disc region of interest crops for deep learning.",fundus,"[""classification""]",485,"[""train"", ""test""]","[""Normal"", ""Glaucoma""]",2,,kaggle,https://www.kaggle.com/datasets/orvile/rim-one-retinal-dataset-for-assessing-glaucoma,CC BY 4.0,"Fumero et al., 'RIM-ONE DL: A Unified Retinal Image Database for Assessing Glaucoma Using Deep Learning', Intl. Image Analysis and Ophthalmology 2020.","[""glaucoma"", ""classification"", ""fundus""]",0.5,,fundus,"[""fundus""]",images,"[{""count"": 485, ""evidence_basis"": ""legacy_catalog_field"", ""evidence_url"": ""https://www.kaggle.com/datasets/orvile/rim-one-retinal-dataset-for-assessing-glaucoma"", ""exactness"": ""not_assessed"", ""notes"": """", ""primary"": true, ""review_date"": ""2026-08-01"", ""scope"": ""Primary quantity reported in the reviewed catalog source"", ""unit"": ""images""}]",https://www.kaggle.com/datasets/orvile/rim-one-retinal-dataset-for-assessing-glaucoma,data_platform,https://www.kaggle.com/datasets/orvile/rim-one-retinal-dataset-for-assessing-glaucoma,self_service_authenticated,True,True,True,False,False,False,False,False,unknown,available,2026-07-21,author_source_checked,Author-conducted source check; transfer completeness was evaluated separately.,standard_platform_supported,kaggle,kaggle_loader,0.4.0,False,,unit_or_mocked_only,not_live_tested,,,CC BY 4.0,https://www.kaggle.com/datasets/orvile/rim-one-retinal-dataset-for-assessing-glaucoma,dataset_files,Review the cited source for component-specific terms.,,,orvile/rim-one-retinal-dataset-for-assessing-glaucoma,,,,,https://www.kaggle.com/datasets/orvile/rim-one-retinal-dataset-for-assessing-glaucoma,[],https://www.kaggle.com/datasets/orvile/rim-one-retinal-dataset-for-assessing-glaucoma,https://www.kaggle.com/datasets/orvile/rim-one-retinal-dataset-for-assessing-glaucoma,https://www.kaggle.com/datasets/orvile/rim-one-retinal-dataset-for-assessing-glaucoma,https://www.kaggle.com/datasets/orvile/rim-one-retinal-dataset-for-assessing-glaucoma,True,2026-07-21,checked_against_cited_source,author_source_checked,not_live_tested,rimone_dl,RIM-ONE DL,cc-by,cc-by
rite,RITE: Retinal Images Vessel Tree Extraction (Artery/Vein),40 fundus images (derived from DRIVE) with artery/vein annotations and vessel-tree structural labels.,fundus,"[""segmentation""]",40,"[""train"", ""test""]","[""background"", ""artery"", ""vein"", ""unknown_vessel""]",4,,manual,https://eye.medicine.uiowa.edu/rite-dataset,Research only (Iowa Qualtrics request form),"Hu et al., 'Automated Separation of Binary Overlapping Trees in Low-Contrast Color Retinal Images', MICCAI 2013.","[""fundus"", ""vessel"", ""artery"", ""vein"", ""av_classification""]",0.1,Iowa Qualtrics form gates download — no auto path.,fundus,"[""fundus""]",images,"[{""count"": 40, ""evidence_basis"": ""legacy_catalog_field"", ""evidence_url"": ""https://eye.medicine.uiowa.edu/rite-dataset"", ""exactness"": ""not_assessed"", ""notes"": """", ""primary"": true, ""review_date"": ""2026-08-01"", ""scope"": ""Primary quantity reported in the reviewed catalog source"", ""unit"": ""images""}]",https://eye.medicine.uiowa.edu/rite-dataset,documented_manual_route,https://eye.medicine.uiowa.edu/rite-dataset,controlled_or_manual,False,False,,False,True,False,,,unknown,available,2026-07-21,author_source_checked,Author-conducted source check; transfer completeness was evaluated separately.,manual_access_blocked,manual,manual_loader,0.4.0,False,,unit_or_mocked_only,not_live_tested,,,Research only (Iowa Qualtrics request form),https://eye.medicine.uiowa.edu/rite-dataset,dataset_files,Review the cited source for component-specific terms.,,,,,,,,https://eye.medicine.uiowa.edu/rite-dataset,"[{""target"": ""drive"", ""type"": ""derived_from""}]",https://eye.medicine.uiowa.edu/rite-dataset,https://eye.medicine.uiowa.edu/rite-dataset,https://eye.medicine.uiowa.edu/rite-dataset,https://eye.medicine.uiowa.edu/rite-dataset,True,2026-07-21,checked_against_cited_source,author_source_checked,not_live_tested,rite,RITE: Retinal Images Vessel Tree Extraction (Artery/Vein),research-only,research-only
roc,ROC: Retinopathy Online Challenge,100 fundus images with microaneurysm annotations from the Retinopathy Online Challenge.,fundus,"[""segmentation"", ""classification""]",100,"[""train"", ""test""]",,2,,manual,http://webeye.ophth.uiowa.edu/ROC/,"Research only (free for research, University of Iowa)","Niemeijer et al., 'Retinopathy Online Challenge: Automatic Detection of Microaneurysms in Digital Color Fundus Photographs', IEEE TMI 2010.","[""fundus"", ""dr"", ""microaneurysm"", ""detection"", ""classical""]",0.3,University of Iowa registration form required — no auto path.,fundus,"[""fundus""]",images,"[{""count"": 100, ""evidence_basis"": ""legacy_catalog_field"", ""evidence_url"": ""http://webeye.ophth.uiowa.edu/ROC/"", ""exactness"": ""not_assessed"", ""notes"": """", ""primary"": true, ""review_date"": ""2026-08-01"", ""scope"": ""Primary quantity reported in the reviewed catalog source"", ""unit"": ""images""}]",http://webeye.ophth.uiowa.edu/ROC/,documented_manual_route,http://webeye.ophth.uiowa.edu/ROC/,anonymous_direct,False,False,False,False,False,False,False,False,unknown,available,2026-07-21,acquisition_route_verified,The former registration service is closed; the official page now exposes the image files directly.,guided_instructions_only,manual,manual_loader,0.4.0,False,,unit_or_mocked_only,not_live_tested,,,"Research only (free for research, University of Iowa)",http://webeye.ophth.uiowa.edu/ROC/,dataset_files,Review the cited source for component-specific terms.,,,,,,,,http://webeye.ophth.uiowa.edu/ROC/,[],http://webeye.ophth.uiowa.edu/ROC/,http://webeye.ophth.uiowa.edu/ROC/,http://webeye.ophth.uiowa.edu/ROC/,http://webeye.ophth.uiowa.edu/ROC/,True,2026-07-21,checked_against_cited_source,acquisition_route_verified,not_live_tested,roc,ROC: Retinopathy Online Challenge,research-only,research-only
rocc,ROCC: Retinal OCT Classification Challenge,Grand Challenge OCT classification dataset for diabetic-retinopathy related OCT classification.,oct,"[""classification""]",165,"[""all""]",,,,manual,https://rocc.grand-challenge.org/,Research only (Grand Challenge terms),"Retinal OCT Classification Challenge (ROCC). Grand Challenge, 2017.","[""grand_challenge"", ""oct"", ""classification"", ""diabetic_retinopathy""]",,Grand Challenge account and challenge terms apply.,oct,"[""oct""]",volumes,"[{""count"": 165, ""evidence_basis"": ""official_source_description"", ""evidence_url"": ""https://rocc.grand-challenge.org/"", ""exactness"": ""exact"", ""notes"": """", ""primary"": true, ""review_date"": ""2026-08-01"", ""scope"": ""OCT volumes in the challenge cohort"", ""unit"": ""volumes""}]",https://rocc.grand-challenge.org/,challenge_platform,https://rocc.grand-challenge.org/,self_service_clickthrough,True,True,,True,False,False,False,False,unknown,available,2026-07-21,author_source_checked,Author-conducted source check; transfer completeness was evaluated separately.,guided_instructions_only,manual,manual_loader,0.4.0,False,,unit_or_mocked_only,not_live_tested,,,Research only (Grand Challenge terms),https://rocc.grand-challenge.org/,challenge_participation,Review the cited source for component-specific terms.,,,,,,,,https://rocc.grand-challenge.org/,[],https://rocc.grand-challenge.org/,https://rocc.grand-challenge.org/,https://rocc.grand-challenge.org/,https://rocc.grand-challenge.org/,True,2026-07-21,checked_against_cited_source,author_source_checked,not_live_tested,rocc,ROCC: Retinal OCT Classification Challenge,research-only,research-only
rop_ostrava,Retinal Image Dataset of Infants and ROP (Ostrava),"6,004 pediatric RetCam fundus images from 188 newborns in Ostrava (Czech Republic), annotated for retinopathy of prematurity (ROP) screening + classification.",fundus,"[""classification""]",6004,"[""all""]",,,,kaggle,https://www.kaggle.com/datasets/jananowakova/retinal-image-dataset-of-infants-and-rop,CC BY 4.0,"Timkovic et al., 'Retinal Image Dataset of Infants and ROP', Scientific Data 2024. doi:10.1038/s41597-024-03409-7","[""fundus"", ""pediatric"", ""rop"", ""retcam"", ""european_cohort""]",5.0,,fundus,"[""fundus""]",images,"[{""count"": 6004, ""evidence_basis"": ""legacy_catalog_field"", ""evidence_url"": ""https://www.kaggle.com/datasets/jananowakova/retinal-image-dataset-of-infants-and-rop"", ""exactness"": ""not_assessed"", ""notes"": """", ""primary"": true, ""review_date"": ""2026-08-01"", ""scope"": ""Primary quantity reported in the reviewed catalog source"", ""unit"": ""images""}]",https://www.kaggle.com/datasets/jananowakova/retinal-image-dataset-of-infants-and-rop,data_platform,https://www.kaggle.com/datasets/jananowakova/retinal-image-dataset-of-infants-and-rop,self_service_authenticated,True,True,True,False,False,False,False,False,unknown,available,2026-07-21,author_source_checked,Author-conducted source check; transfer completeness was evaluated separately.,standard_platform_supported,kaggle,kaggle_loader,0.4.0,False,,unit_or_mocked_only,not_live_tested,,,CC BY 4.0,https://www.kaggle.com/datasets/jananowakova/retinal-image-dataset-of-infants-and-rop,dataset_files,Review the cited source for component-specific terms.,,,jananowakova/retinal-image-dataset-of-infants-and-rop,10.1038/s41597-024-03409-7,,,,https://www.kaggle.com/datasets/jananowakova/retinal-image-dataset-of-infants-and-rop,[],https://www.kaggle.com/datasets/jananowakova/retinal-image-dataset-of-infants-and-rop,https://www.kaggle.com/datasets/jananowakova/retinal-image-dataset-of-infants-and-rop,https://www.kaggle.com/datasets/jananowakova/retinal-image-dataset-of-infants-and-rop,https://www.kaggle.com/datasets/jananowakova/retinal-image-dataset-of-infants-and-rop,True,2026-07-21,checked_against_cited_source,author_source_checked,not_live_tested,rop_ostrava,Retinal Image Dataset of Infants and ROP (Ostrava),cc-by,cc-by
rop_synthetic_mendeley,Synthetic Medical Images for ROP Diagnosis,Retinopathy-of-prematurity fundus-image dataset and synthetic-image resources for privacy-preserving AI training.,fundus,"[""classification"", ""segmentation""]",5842,"[""all""]",,,,mendeley,https://data.mendeley.com/datasets/fscyyhg6vt/1,CC BY 4.0,"Coyner AS et al. Synthetic Medical Images for Robust, Privacy-Preserving Training of AI: Application to ROP Diagnosis. Mendeley Data, V1, 2022. doi:10.17632/fscyyhg6vt.1","[""mendeley"", ""rop"", ""synthetic"", ""fundus"", ""pediatric""]",2.0,Includes synthetic images; keep separate from primary clinical cohorts in validation.,fundus,"[""fundus""]",images,"[{""count"": 5842, ""evidence_basis"": ""official_source_description"", ""evidence_url"": ""https://data.mendeley.com/datasets/fscyyhg6vt/1"", ""exactness"": ""exact"", ""notes"": """", ""primary"": true, ""review_date"": ""2026-08-01"", ""scope"": ""Source retinal fundus images"", ""unit"": ""images""}, {""count"": 963, ""evidence_basis"": ""official_source_description"", ""evidence_url"": ""https://data.mendeley.com/datasets/fscyyhg6vt/1"", ""exactness"": ""exact"", ""notes"": """", ""primary"": false, ""review_date"": ""2026-08-01"", ""scope"": ""Preterm infants contributing source images"", ""unit"": ""participants""}]",https://data.mendeley.com/datasets/fscyyhg6vt/1,official_repository,https://data.mendeley.com/datasets/fscyyhg6vt/1,anonymous_direct,False,False,False,False,False,False,False,False,unknown,available,2026-07-21,author_source_checked,Author-conducted source check; transfer completeness was evaluated separately.,standard_platform_supported,mendeley,mendeley_loader,0.4.0,False,,unit_or_mocked_only,not_live_tested,,,CC BY 4.0,https://data.mendeley.com/datasets/fscyyhg6vt/1,dataset_files,Review the cited source for component-specific terms.,10.17632/fscyyhg6vt.1,,fscyyhg6vt/1,,,,,https://doi.org/10.17632/fscyyhg6vt.1,[],https://data.mendeley.com/datasets/fscyyhg6vt/1,https://data.mendeley.com/datasets/fscyyhg6vt/1,https://data.mendeley.com/datasets/fscyyhg6vt/1,https://data.mendeley.com/datasets/fscyyhg6vt/1,True,2026-07-21,checked_against_cited_source,author_source_checked,not_live_tested,rop_synthetic_mendeley,Synthetic Medical Images for ROP Diagnosis,cc-by,cc-by
rop_uwf_intelligent,Fundus Dataset for Intelligent ROP System,"1,099 pediatric fundus images from 483 premature infants annotated for retinopathy of prematurity (ROP) staging. Standard fundus (RetCam) — not ultra-widefield; `rop_uwf_intelligent` is retained as the registry identifier.",fundus,"[""grading"", ""classification""]",1099,"[""all""]",,,,figshare,https://doi.org/10.6084/m9.figshare.25514449,CC BY 4.0,"Zhao X, Chen S, Zhang S, et al., 'A fundus image dataset for intelligent retinopathy of prematurity system', Scientific Data 11:543, 2024. doi:10.1038/s41597-024-03362-5","[""fundus"", ""pediatric"", ""rop"", ""stage""]",4.0,"Slug says `uwf` but the paper describes standard RetCam fundus imaging, not ultra-widefield. 1,099 images from 483 infants — earlier metadata claimed ~5,000.",fundus,"[""fundus""]",images,"[{""count"": 1099, ""evidence_basis"": ""legacy_catalog_field"", ""evidence_url"": ""https://doi.org/10.6084/m9.figshare.25514449"", ""exactness"": ""not_assessed"", ""notes"": """", ""primary"": true, ""review_date"": ""2026-08-01"", ""scope"": ""Primary quantity reported in the reviewed catalog source"", ""unit"": ""images""}]",https://doi.org/10.6084/m9.figshare.25514449,official_repository,https://doi.org/10.6084/m9.figshare.25514449,anonymous_direct,False,False,False,False,False,False,False,False,unknown,available,2026-07-21,author_source_checked,Author-conducted source check; transfer completeness was evaluated separately.,end_to_end_tested,figshare,figshare_loader,0.4.0,True,2026-07-31,complete_current_deposit_downloaded,complete_current_deposit_downloaded,python hub/audit/verify_download_and_load.py run,,CC BY 4.0,https://doi.org/10.6084/m9.figshare.25514449,dataset_files,Review the cited source for component-specific terms.,10.6084/m9.figshare.25514449,,10.6084/m9.figshare.25514449,10.1038/s41597-024-03362-5,,,,https://doi.org/10.6084/m9.figshare.25514449,[],https://doi.org/10.6084/m9.figshare.25514449,https://doi.org/10.6084/m9.figshare.25514449,https://doi.org/10.6084/m9.figshare.25514449,https://doi.org/10.6084/m9.figshare.25514449,True,2026-07-21,checked_against_cited_source,author_source_checked,complete_current_deposit_downloaded,rop_uwf_intelligent,Fundus Dataset for Intelligent ROP System,cc-by,cc-by
rose,ROSE: Retinal OCT-Angiography Vessel Segmentation,229 OCTA images (ROSE-1 + ROSE-2) with pixel-level retinal vessel segmentation ground truth.,octa,"[""segmentation""]",229,"[""train"", ""test""]","[""background"", ""vessel""]",2,,zenodo,https://zenodo.org/doi/10.5281/zenodo.12775880,CC BY 4.0,"Ma et al., 'ROSE: A Retinal OCT-Angiography Vessel Segmentation Dataset and New Model', IEEE TMI 2021. Zenodo mirror: doi:10.5281/zenodo.12775880 (CC BY 4.0).","[""octa"", ""vessel"", ""segmentation""]",0.8,Zenodo mirror (2024) publishes ROSE-1 + ROSE-2 under CC BY 4.0 — upgraded from the previous form-gated academic-only distribution on imed.nimte.ac.cn. EyeDataHub auto-downloads from Zenodo record 12775880.,octa,"[""octa""]",images,"[{""count"": 229, ""evidence_basis"": ""legacy_catalog_field"", ""evidence_url"": ""https://zenodo.org/doi/10.5281/zenodo.12775880"", ""exactness"": ""not_assessed"", ""notes"": """", ""primary"": true, ""review_date"": ""2026-08-01"", ""scope"": ""Primary quantity reported in the reviewed catalog source"", ""unit"": ""images""}]",https://zenodo.org/doi/10.5281/zenodo.12775880,official_repository,https://zenodo.org/doi/10.5281/zenodo.12775880,controlled_or_manual,False,False,,False,True,False,,,unknown,available,2026-07-21,author_source_checked,Author-conducted source check; transfer completeness was evaluated separately.,manual_access_blocked,zenodo,zenodo_loader,0.4.0,False,,unit_or_mocked_only,not_live_tested,,,CC BY 4.0,https://zenodo.org/doi/10.5281/zenodo.12775880,dataset_files,Review the cited source for component-specific terms.,10.5281/zenodo.12775880,,10.5281/zenodo.12775880,,,,,https://doi.org/10.5281/zenodo.12775880,[],https://zenodo.org/doi/10.5281/zenodo.12775880,https://zenodo.org/doi/10.5281/zenodo.12775880,https://zenodo.org/doi/10.5281/zenodo.12775880,https://zenodo.org/doi/10.5281/zenodo.12775880,True,2026-07-21,checked_against_cited_source,author_source_checked,not_live_tested,rose,ROSE: Retinal OCT-Angiography Vessel Segmentation,cc-by,cc-by
ru_medical_texts_ophthalmology,Ophthalmology Russian-English Medical Text Translations,Russian-English ophthalmology sentence-pair and glossary dataset for translation and LLM evaluation.,text,"[""translation"", ""text_generation""]",3473,"[""all""]",,,,kaggle,https://www.kaggle.com/datasets/cheshrcat/ru-medical-texts-ophtalmology,CC BY 4.0,"Ophthalmology Russian/English translations. Kaggle, accessed 2026-07.","[""kaggle"", ""text"", ""translation"", ""ophthalmology"", ""llm""]",0.01,,text,"[""text""]",sentence_pairs,"[{""count"": 3473, ""evidence_basis"": ""official_source_description"", ""evidence_url"": ""https://www.kaggle.com/datasets/cheshrcat/ru-medical-texts-ophtalmology"", ""exactness"": ""exact"", ""notes"": """", ""primary"": true, ""review_date"": ""2026-08-01"", ""scope"": ""Russian-English sentence or glossary pairs"", ""unit"": ""sentence_pairs""}]",https://www.kaggle.com/datasets/cheshrcat/ru-medical-texts-ophtalmology,data_platform,https://www.kaggle.com/datasets/cheshrcat/ru-medical-texts-ophtalmology,self_service_authenticated,True,True,True,False,False,False,False,False,unknown,available,2026-07-21,author_source_checked,Author-conducted source check; transfer completeness was evaluated separately.,standard_platform_supported,kaggle,kaggle_loader,0.4.0,False,,unit_or_mocked_only,not_live_tested,,,CC BY 4.0,https://www.kaggle.com/datasets/cheshrcat/ru-medical-texts-ophtalmology,dataset_files,Review the cited source for component-specific terms.,,,cheshrcat/ru-medical-texts-ophtalmology,,,,,https://www.kaggle.com/datasets/cheshrcat/ru-medical-texts-ophtalmology,[],https://www.kaggle.com/datasets/cheshrcat/ru-medical-texts-ophtalmology,https://www.kaggle.com/datasets/cheshrcat/ru-medical-texts-ophtalmology,https://www.kaggle.com/datasets/cheshrcat/ru-medical-texts-ophtalmology,https://www.kaggle.com/datasets/cheshrcat/ru-medical-texts-ophtalmology,True,2026-07-21,checked_against_cited_source,author_source_checked,not_live_tested,ru_medical_texts_ophthalmology,Ophthalmology Russian-English Medical Text Translations,cc-by,cc-by
rvo_me,RVO-ME: Retinal Vein Occlusion Macular Edema OCT Dataset,"3,012 OCT B-scans from 146 eyes / 130 patients with retinal vein occlusion. Dual-task labels: fluid segmentation + retinal-layer segmentation. Detection of macular lesions.",oct,"[""segmentation"", ""classification""]",3012,"[""all""]",,,,figshare,https://doi.org/10.6084/m9.figshare.29804435.v1,CC BY 4.0,"Xiong F, et al., 'RVO-ME: A dual-task OCT dataset for segmentation and detection of macular lesions in retinal vein occlusion', Scientific Data 2026.","[""oct"", ""rvo"", ""macular_edema"", ""fluid_segmentation"", ""layer_segmentation""]",2.0,Sci Data 2026 release; verify source license before reuse.,oct,"[""oct""]",images,"[{""count"": 3012, ""evidence_basis"": ""legacy_catalog_field"", ""evidence_url"": ""https://doi.org/10.6084/m9.figshare.29804435.v1"", ""exactness"": ""not_assessed"", ""notes"": """", ""primary"": true, ""review_date"": ""2026-08-01"", ""scope"": ""Primary quantity reported in the reviewed catalog source"", ""unit"": ""images""}]",https://doi.org/10.6084/m9.figshare.29804435.v1,official_repository,https://doi.org/10.6084/m9.figshare.29804435.v1,anonymous_direct,False,False,False,False,False,False,False,False,unknown,available,2026-07-21,author_source_checked,Author-conducted source check; transfer completeness was evaluated separately.,end_to_end_tested,figshare,figshare_loader,0.4.0,True,2026-07-31,complete_current_deposit_downloaded,complete_current_deposit_downloaded,python hub/audit/verify_download_and_load.py run,,CC BY 4.0,https://doi.org/10.6084/m9.figshare.29804435.v1,dataset_files,Review the cited source for component-specific terms.,10.6084/m9.figshare.29804435.v1,,10.6084/m9.figshare.29804435.v1,10.1038/s41597-026-06695-5,,,,https://doi.org/10.6084/m9.figshare.29804435.v1,[],https://doi.org/10.6084/m9.figshare.29804435.v1,https://doi.org/10.6084/m9.figshare.29804435.v1,https://doi.org/10.6084/m9.figshare.29804435.v1,https://doi.org/10.6084/m9.figshare.29804435.v1,True,2026-07-21,checked_against_cited_source,author_source_checked,complete_current_deposit_downloaded,rvo_me,RVO-ME: Retinal Vein Occlusion Macular Edema OCT Dataset,cc-by,cc-by
sics155,SICS-155 Small Incision Cataract Surgery Videos,Small-incision cataract surgery video dataset with train/validation/test video archives for phase-recognition research.,surgical_video,"[""classification""]",155,"[""all""]",,,,zenodo,https://zenodo.org/records/19482928,CC BY-NC 4.0,"SICS-155 small incision cataract surgery videos. Zenodo, 2026. doi:10.5281/zenodo.19482928","[""zenodo"", ""surgical_video"", ""cataract"", ""phase_recognition""]",30.0,,surgical_video,"[""surgical_video""]",videos,"[{""count"": 155, ""evidence_basis"": ""official_source_description"", ""evidence_url"": ""https://zenodo.org/records/19482928"", ""exactness"": ""exact"", ""notes"": """", ""primary"": true, ""review_date"": ""2026-08-01"", ""scope"": ""SICS surgical videos"", ""unit"": ""videos""}]",https://zenodo.org/records/19482928,official_repository,https://zenodo.org/records/19482928,anonymous_direct,False,False,False,False,False,False,False,False,unknown,available,2026-07-21,author_source_checked,Author-conducted source check; transfer completeness was evaluated separately.,standard_platform_supported,zenodo,zenodo_loader,0.4.0,False,,unit_or_mocked_only,not_live_tested,,,CC BY-NC 4.0,https://zenodo.org/records/19482928,dataset_files,Review the cited source for component-specific terms.,10.5281/zenodo.19482928,,records/19482928,,,,,https://doi.org/10.5281/zenodo.19482928,[],https://zenodo.org/records/19482928,https://zenodo.org/records/19482928,https://zenodo.org/records/19482928,https://zenodo.org/records/19482928,True,2026-07-21,checked_against_cited_source,author_source_checked,not_live_tested,sics155,SICS-155 Small Incision Cataract Surgery Videos,cc-by-nc,cc-by-nc
slid,SLID: Slit-Lamp Image Dataset,"~2,617 annotated slit-lamp frames covering anterior-segment anatomy + multi-lesion detection (cataract, corneal disease, conjunctivitis).",multimodal,"[""segmentation"", ""classification""]",2617,"[""all""]",,,,direct,https://github.com/xumingyu-hub/SLID,See repo (no LICENSE file as of 2026-06; assume research-only),"Xu et al., 'SLID: Slit-Lamp Image Dataset', Frontiers Digital Health 2025. doi:10.3389/fdgth.2025.1716501","[""slit_lamp"", ""anterior_segment"", ""cornea"", ""cataract""]",1.0,Modality EyeDataHub otherwise lacks (slit-lamp anterior-segment). Annotations CSV is at github.com/xumingyu-hub/SLID/raw/main/Annotations.csv.,multimodal,"[""external_eye""]",images,"[{""count"": 2617, ""evidence_basis"": ""legacy_catalog_field"", ""evidence_url"": ""https://github.com/xumingyu-hub/SLID"", ""exactness"": ""not_assessed"", ""notes"": """", ""primary"": true, ""review_date"": ""2026-08-01"", ""scope"": ""Primary quantity reported in the reviewed catalog source"", ""unit"": ""images""}]",https://github.com/xumingyu-hub/SLID,official_direct,https://github.com/xumingyu-hub/SLID,anonymous_direct,False,False,False,False,False,False,False,False,unknown,available,2026-07-21,author_source_checked,Author-conducted source check; transfer completeness was evaluated separately.,end_to_end_tested,direct,direct_loader,0.4.0,True,2026-07-31,complete_current_deposit_downloaded,complete_current_deposit_downloaded,python hub/audit/verify_download_and_load.py run,,See repo (no LICENSE file as of 2026-06; assume research-only),https://github.com/xumingyu-hub/SLID,unknown,Review the cited source for component-specific terms.,,,,10.3389/fdgth.2025.1716501,,,,https://github.com/xumingyu-hub/SLID,[],https://github.com/xumingyu-hub/SLID,https://github.com/xumingyu-hub/SLID,https://github.com/xumingyu-hub/SLID,https://github.com/xumingyu-hub/SLID,True,2026-07-21,checked_against_cited_source,author_source_checked,complete_current_deposit_downloaded,slid,SLID: Slit-Lamp Image Dataset,unknown,unknown
smdg,SMDG-19: Standardized Multi-channel Glaucoma Benchmark,"~12,000 fundus images aggregated from 19 public glaucoma datasets with standardized disc/cup/vessel channels and unified labels. CC0 — fully public domain.",fundus,"[""classification"", ""segmentation""]",12449,"[""train"", ""val"", ""test""]","[""non_glaucoma"", ""glaucoma"", ""suspect""]",3,,kaggle,https://www.kaggle.com/datasets/deathtrooper/multichannel-glaucoma-benchmark-dataset,CC0 1.0 (Public Domain),"Kiefer, 'Standardized Multi-channel Dataset for Glaucoma (SMDG-19)', Kaggle 2022. Breakdown: 7,499 non-glaucoma + 4,817 glaucoma + 133 suspect.","[""fundus"", ""glaucoma"", ""aggregator"", ""multi_channel""]",5.0,Aggregator — overlaps with several EyeDataHub-indexed glaucoma datasets. Useful for unified multi-source training.,fundus,"[""fundus""]",images,"[{""count"": 12449, ""evidence_basis"": ""legacy_catalog_field"", ""evidence_url"": ""https://www.kaggle.com/datasets/deathtrooper/multichannel-glaucoma-benchmark-dataset"", ""exactness"": ""not_assessed"", ""notes"": """", ""primary"": true, ""review_date"": ""2026-08-01"", ""scope"": ""Primary quantity reported in the reviewed catalog source"", ""unit"": ""images""}]",https://www.kaggle.com/datasets/deathtrooper/multichannel-glaucoma-benchmark-dataset,data_platform,https://www.kaggle.com/datasets/deathtrooper/multichannel-glaucoma-benchmark-dataset,self_service_authenticated,True,True,True,False,False,False,False,False,unknown,available,2026-07-21,author_source_checked,Author-conducted source check; transfer completeness was evaluated separately.,standard_platform_supported,kaggle,kaggle_loader,0.4.0,False,,unit_or_mocked_only,not_live_tested,,,CC0 1.0 (Public Domain),https://www.kaggle.com/datasets/deathtrooper/multichannel-glaucoma-benchmark-dataset,dataset_files,Review the cited source for component-specific terms.,,,deathtrooper/multichannel-glaucoma-benchmark-dataset,,,,,https://www.kaggle.com/datasets/deathtrooper/multichannel-glaucoma-benchmark-dataset,"[{""target"": ""airogs"", ""type"": ""derived_from""}, {""target"": ""beh"", ""type"": ""derived_from""}, {""target"": ""drishti_gs"", ""type"": ""derived_from""}, {""target"": ""fives"", ""type"": ""derived_from""}, {""target"": ""g1020"", ""type"": ""derived_from""}, {""target"": ""hrf"", ""type"": ""derived_from""}, {""target"": ""jsiec"", ""type"": ""derived_from""}, {""target"": ""odir2019"", ""type"": ""derived_from""}, {""target"": ""papila"", ""type"": ""derived_from""}, {""target"": ""refuge2018"", ""type"": ""derived_from""}]",https://www.kaggle.com/datasets/deathtrooper/multichannel-glaucoma-benchmark-dataset,https://www.kaggle.com/datasets/deathtrooper/multichannel-glaucoma-benchmark-dataset,https://www.kaggle.com/datasets/deathtrooper/multichannel-glaucoma-benchmark-dataset,https://www.kaggle.com/datasets/deathtrooper/multichannel-glaucoma-benchmark-dataset,True,2026-07-21,checked_against_cited_source,author_source_checked,not_live_tested,smdg,SMDG-19: Standardized Multi-channel Glaucoma Benchmark,cc0,cc0
soul_octa,SOUL: OCTA Human-Machine Collaborative Annotation Dataset,"Longitudinal OCT angiography projection maps with vessel labels, clinical text, and treatment/follow-up groupings.",octa,"[""segmentation"", ""classification"", ""progression_analysis""]",178,"[""all""]",,,,figshare,https://doi.org/10.6084/m9.figshare.24893358.v3,CC BY 4.0,"Xue J, Feng Z, Zeng L, et al. Soul: An OCTA dataset based on Human Machine Collaborative Annotation Framework. Scientific Data. 2024;11. doi:10.1038/s41597-024-03665-7","[""octa"", ""vessel_segmentation"", ""longitudinal"", ""anti_vegf"", ""clinical_text"", ""figshare""]",0.113,"The six source-reported longitudinal subsets total 178 samples. The release includes raw images, vessel annotations, and clinical text.",octa,"[""octa"", ""text"", ""tabular""]",longitudinal_samples,"[{""count"": 178, ""evidence_basis"": ""official_source_description"", ""evidence_url"": ""https://doi.org/10.6084/m9.figshare.24893358.v3"", ""exactness"": ""exact"", ""notes"": ""The current archive contains 2,046 JPG assets including raw images and corresponding labels; these are not 2,046 independent samples."", ""primary"": true, ""review_date"": ""2026-08-01"", ""scope"": ""Six source-reported longitudinal subsets"", ""unit"": ""longitudinal_samples""}]",https://doi.org/10.6084/m9.figshare.24893358.v3,official_repository,https://doi.org/10.6084/m9.figshare.24893358.v3,anonymous_direct,False,False,False,False,False,False,False,False,unknown,available,2026-07-21,author_source_checked,Author-conducted source check; transfer completeness was evaluated separately.,end_to_end_tested,figshare,figshare_loader,0.4.0,True,2026-07-31,complete_current_deposit_downloaded,complete_current_deposit_downloaded,python hub/audit/verify_download_and_load.py run,,CC BY 4.0,https://doi.org/10.6084/m9.figshare.24893358.v3,dataset_files,Review the cited source for component-specific terms.,10.6084/m9.figshare.24893358.v3,,10.6084/m9.figshare.24893358.v3,10.1038/s41597-024-03665-7,,,,https://doi.org/10.6084/m9.figshare.24893358.v3,[],https://doi.org/10.6084/m9.figshare.24893358.v3,https://doi.org/10.6084/m9.figshare.24893358.v3,https://doi.org/10.6084/m9.figshare.24893358.v3,https://doi.org/10.6084/m9.figshare.24893358.v3,True,2026-07-21,checked_against_cited_source,author_source_checked,complete_current_deposit_downloaded,soul_octa,SOUL: OCTA Human-Machine Collaborative Annotation Dataset,cc-by,cc-by
stage_task1,STAGE 2023 Task 1 — Mean Deviation Prediction from OCT,"400 macular OCT volumes; predict glaucoma Mean Deviation (MD, dB) from 24-2 Humphrey visual field test. Scalar regression task.",oct,"[""regression""]",400,"[""train"", ""test""]",,,,manual,https://aistudio.baidu.com/aistudio/competition/detail/968/0/datasets,Non-commercial research (Baidu AI Studio),MICCAI 2023 STAGE Challenge. https://aistudio.baidu.com/aistudio/competition/detail/968,"[""oct"", ""glaucoma"", ""visual_field"", ""regression"", ""stage"", ""miccai2023""]",5.0,Registration on Baidu AI Studio required. All 3 tasks share the same OCT volume set (~5 GB).,oct,"[""oct"", ""visual_field""]",volumes,"[{""count"": 400, ""evidence_basis"": ""legacy_catalog_field"", ""evidence_url"": ""https://aistudio.baidu.com/aistudio/competition/detail/968/0/datasets"", ""exactness"": ""not_assessed"", ""notes"": """", ""primary"": true, ""review_date"": ""2026-08-01"", ""scope"": ""Primary quantity reported in the reviewed catalog source"", ""unit"": ""volumes""}]",https://aistudio.baidu.com/aistudio/competition/detail/968/0/datasets,documented_manual_route,https://aistudio.baidu.com/aistudio/competition/detail/968/0/datasets,self_service_clickthrough,True,True,False,True,False,False,False,False,real_name_platform_verification_required,available,2026-07-21,acquisition_route_verified,Author-conducted source check; transfer completeness was evaluated separately.,guided_instructions_only,manual,manual_loader,0.4.0,False,,unit_or_mocked_only,not_live_tested,,,Non-commercial research (Baidu AI Studio),https://aistudio.baidu.com/aistudio/competition/detail/968/0/datasets,unknown,Review the cited source for component-specific terms.,,,,,,,,https://aistudio.baidu.com/aistudio/competition/detail/968/0/datasets,"[{""target"": ""stage_task2"", ""type"": ""same_or_overlapping_cohort_as""}, {""target"": ""stage_task3"", ""type"": ""same_or_overlapping_cohort_as""}]",https://aistudio.baidu.com/aistudio/competition/detail/968/0/datasets,https://aistudio.baidu.com/aistudio/competition/detail/968/0/datasets,https://aistudio.baidu.com/aistudio/competition/detail/968/0/datasets,https://aistudio.baidu.com/aistudio/competition/detail/968/0/datasets,True,2026-07-21,checked_against_cited_source,acquisition_route_verified,not_live_tested,stage_task1,STAGE 2023 Task 1 — Mean Deviation Prediction from OCT,research-only,research-only
stage_task2,STAGE 2023 Task 2 — Visual Field Sensitivity Map Prediction,400 macular OCT volumes; predict 52-point Humphrey 24-2 visual field sensitivity map (0–100 dB per point). Multi-output regression.,oct,"[""regression""]",400,"[""train"", ""test""]","[""VF_01"", ""VF_02"", ""VF_03"", ""VF_04"", ""VF_05"", ""VF_06"", ""VF_07"", ""VF_08"", ""VF_09"", ""VF_10"", ""VF_11"", ""VF_12"", ""VF_13"", ""VF_14"", ""VF_15"", ""VF_16"", ""VF_17"", ""VF_18"", ""VF_19"", ""VF_20"", ""VF_21"", ""VF_22"", ""VF_23"", ""VF_24"", ""VF_25"", ""VF_26"", ""VF_27"", ""VF_28"", ""VF_29"", ""VF_30"", ""VF_31"", ""VF_32"", ""VF_33"", ""VF_34"", ""VF_35"", ""VF_36"", ""VF_37"", ""VF_38"", ""VF_39"", ""VF_40"", ""VF_41"", ""VF_42"", ""VF_43"", ""VF_44"", ""VF_45"", ""VF_46"", ""VF_47"", ""VF_48"", ""VF_49"", ""VF_50"", ""VF_51"", ""VF_52""]",52,,manual,https://aistudio.baidu.com/aistudio/competition/detail/968/0/datasets,Non-commercial research (Baidu AI Studio),MICCAI 2023 STAGE Challenge. https://aistudio.baidu.com/aistudio/competition/detail/968,"[""oct"", ""glaucoma"", ""visual_field"", ""regression"", ""stage"", ""miccai2023""]",5.0,Labels in task2_GT_training.xlsx (52 columns per sample). All 3 tasks share the same OCT volume set.,oct,"[""oct"", ""visual_field""]",volumes,"[{""count"": 400, ""evidence_basis"": ""legacy_catalog_field"", ""evidence_url"": ""https://aistudio.baidu.com/aistudio/competition/detail/968/0/datasets"", ""exactness"": ""not_assessed"", ""notes"": """", ""primary"": true, ""review_date"": ""2026-08-01"", ""scope"": ""Primary quantity reported in the reviewed catalog source"", ""unit"": ""volumes""}]",https://aistudio.baidu.com/aistudio/competition/detail/968/0/datasets,documented_manual_route,https://aistudio.baidu.com/aistudio/competition/detail/968/0/datasets,self_service_clickthrough,True,True,False,True,False,False,False,False,real_name_platform_verification_required,available,2026-07-21,acquisition_route_verified,Author-conducted source check; transfer completeness was evaluated separately.,guided_instructions_only,manual,manual_loader,0.4.0,False,,unit_or_mocked_only,not_live_tested,,,Non-commercial research (Baidu AI Studio),https://aistudio.baidu.com/aistudio/competition/detail/968/0/datasets,unknown,Review the cited source for component-specific terms.,,,,,,,,https://aistudio.baidu.com/aistudio/competition/detail/968/0/datasets,"[{""target"": ""stage_task1"", ""type"": ""same_or_overlapping_cohort_as""}, {""target"": ""stage_task3"", ""type"": ""same_or_overlapping_cohort_as""}]",https://aistudio.baidu.com/aistudio/competition/detail/968/0/datasets,https://aistudio.baidu.com/aistudio/competition/detail/968/0/datasets,https://aistudio.baidu.com/aistudio/competition/detail/968/0/datasets,https://aistudio.baidu.com/aistudio/competition/detail/968/0/datasets,True,2026-07-21,checked_against_cited_source,acquisition_route_verified,not_live_tested,stage_task2,STAGE 2023 Task 2 — Visual Field Sensitivity Map Prediction,research-only,research-only
stage_task3,STAGE 2023 Task 3 — Pattern Deviation Probability Map,400 macular OCT volumes; predict 52-point pattern deviation probability map from 24-2 Humphrey visual field test. Multi-output regression.,oct,"[""regression""]",400,"[""train"", ""test""]","[""PD_01"", ""PD_02"", ""PD_03"", ""PD_04"", ""PD_05"", ""PD_06"", ""PD_07"", ""PD_08"", ""PD_09"", ""PD_10"", ""PD_11"", ""PD_12"", ""PD_13"", ""PD_14"", ""PD_15"", ""PD_16"", ""PD_17"", ""PD_18"", ""PD_19"", ""PD_20"", ""PD_21"", ""PD_22"", ""PD_23"", ""PD_24"", ""PD_25"", ""PD_26"", ""PD_27"", ""PD_28"", ""PD_29"", ""PD_30"", ""PD_31"", ""PD_32"", ""PD_33"", ""PD_34"", ""PD_35"", ""PD_36"", ""PD_37"", ""PD_38"", ""PD_39"", ""PD_40"", ""PD_41"", ""PD_42"", ""PD_43"", ""PD_44"", ""PD_45"", ""PD_46"", ""PD_47"", ""PD_48"", ""PD_49"", ""PD_50"", ""PD_51"", ""PD_52""]",52,,manual,https://aistudio.baidu.com/aistudio/competition/detail/968/0/datasets,Non-commercial research (Baidu AI Studio),MICCAI 2023 STAGE Challenge. https://aistudio.baidu.com/aistudio/competition/detail/968,"[""oct"", ""glaucoma"", ""visual_field"", ""regression"", ""stage"", ""miccai2023""]",5.0,,oct,"[""oct"", ""visual_field""]",volumes,"[{""count"": 400, ""evidence_basis"": ""legacy_catalog_field"", ""evidence_url"": ""https://aistudio.baidu.com/aistudio/competition/detail/968/0/datasets"", ""exactness"": ""not_assessed"", ""notes"": """", ""primary"": true, ""review_date"": ""2026-08-01"", ""scope"": ""Primary quantity reported in the reviewed catalog source"", ""unit"": ""volumes""}]",https://aistudio.baidu.com/aistudio/competition/detail/968/0/datasets,documented_manual_route,https://aistudio.baidu.com/aistudio/competition/detail/968/0/datasets,self_service_clickthrough,True,True,False,True,False,False,False,False,real_name_platform_verification_required,available,2026-07-21,acquisition_route_verified,Author-conducted source check; transfer completeness was evaluated separately.,guided_instructions_only,manual,manual_loader,0.4.0,False,,unit_or_mocked_only,not_live_tested,,,Non-commercial research (Baidu AI Studio),https://aistudio.baidu.com/aistudio/competition/detail/968/0/datasets,unknown,Review the cited source for component-specific terms.,,,,,,,,https://aistudio.baidu.com/aistudio/competition/detail/968/0/datasets,"[{""target"": ""stage_task1"", ""type"": ""same_or_overlapping_cohort_as""}, {""target"": ""stage_task2"", ""type"": ""same_or_overlapping_cohort_as""}]",https://aistudio.baidu.com/aistudio/competition/detail/968/0/datasets,https://aistudio.baidu.com/aistudio/competition/detail/968/0/datasets,https://aistudio.baidu.com/aistudio/competition/detail/968/0/datasets,https://aistudio.baidu.com/aistudio/competition/detail/968/0/datasets,True,2026-07-21,checked_against_cited_source,acquisition_route_verified,not_live_tested,stage_task3,STAGE 2023 Task 3 — Pattern Deviation Probability Map,research-only,research-only
stare,STARE: Structured Analysis of the Retina,20 fundus images with manual vessel segmentation (two annotators).,fundus,"[""segmentation""]",20,"[""all""]",,,"[700, 605]",direct,https://cecas.clemson.edu/~ahoover/stare/,Research only,"Hoover et al., 'Locating blood vessels in retinal images by piece-wise threshold probing of a matched filter response', IEEE TMI 2000.","[""vessel_segmentation"", ""fundus""]",0.02,,fundus,"[""fundus""]",images,"[{""count"": 20, ""evidence_basis"": ""legacy_catalog_field"", ""evidence_url"": ""https://cecas.clemson.edu/~ahoover/stare/"", ""exactness"": ""not_assessed"", ""notes"": """", ""primary"": true, ""review_date"": ""2026-08-01"", ""scope"": ""Primary quantity reported in the reviewed catalog source"", ""unit"": ""images""}]",https://cecas.clemson.edu/~ahoover/stare/,official_direct,https://cecas.clemson.edu/~ahoover/stare/,anonymous_direct,False,False,False,False,False,False,False,False,unknown,available,2026-07-21,author_source_checked,Author-conducted source check; transfer completeness was evaluated separately.,end_to_end_tested,direct,direct_loader,0.4.0,True,2026-07-31,complete_current_deposit_downloaded,complete_current_deposit_downloaded,python hub/audit/verify_download_and_load.py run,,Research only,https://cecas.clemson.edu/~ahoover/stare/,dataset_files,Review the cited source for component-specific terms.,,,,,,,,https://cecas.clemson.edu/~ahoover/stare/,[],https://cecas.clemson.edu/~ahoover/stare/,https://cecas.clemson.edu/~ahoover/stare/,https://cecas.clemson.edu/~ahoover/stare/,https://cecas.clemson.edu/~ahoover/stare/,True,2026-07-21,checked_against_cited_source,author_source_checked,complete_current_deposit_downloaded,stare,STARE: Structured Analysis of the Retina,research-only,research-only
superccm_fineset,SuperCCM-FineSet,Restricted corneal confocal microscopy image set with pixel-level corneal-nerve masks annotated for high-precision segmentation.,confocal,"[""segmentation""]",210,"[""all""]",,,,manual,https://zenodo.org/records/17051148,GPL-3.0-or-later,"Qiao Q. SuperCCM-FineSet. Zenodo, 2025. doi:10.5281/zenodo.17051148","[""zenodo"", ""confocal"", ""cornea"", ""corneal_nerve"", ""segmentation"", ""restricted""]",0.05,"Zenodo record is publicly visible, but files are restricted; source instructions request an email application with name, organization, and intended use.",confocal,"[""confocal""]",images,"[{""count"": 210, ""evidence_basis"": ""official_source_description"", ""evidence_url"": ""https://zenodo.org/records/17051148"", ""exactness"": ""exact"", ""notes"": """", ""primary"": true, ""review_date"": ""2026-08-01"", ""scope"": ""Restricted fine-segmentation image set"", ""unit"": ""images""}]",https://zenodo.org/records/17051148,documented_manual_route,https://zenodo.org/records/17051148,controlled_or_manual,False,False,,False,True,False,,,unknown,available,2026-07-21,author_source_checked,Author-conducted source check; transfer completeness was evaluated separately.,manual_access_blocked,manual,manual_loader,0.4.0,False,,unit_or_mocked_only,not_live_tested,,,GPL-3.0-or-later,https://zenodo.org/records/17051148,unknown,Review the cited source for component-specific terms.,,,,10.5281/zenodo.17051148,,,,https://zenodo.org/records/17051148,[],https://zenodo.org/records/17051148,https://zenodo.org/records/17051148,https://zenodo.org/records/17051148,https://zenodo.org/records/17051148,True,2026-07-21,checked_against_cited_source,author_source_checked,not_live_tested,superccm_fineset,SuperCCM-FineSet,unknown,unknown
sustech_sysu,SUSTech-SYSU Diabetic Retinopathy + Exudate Dataset,"1,219 color fundus images with DR severity grading + pixel-level exudate segmentation masks. Multi-center (SUSTech + Sun Yat-sen University).",fundus,"[""grading"", ""segmentation"", ""classification""]",1219,"[""all""]",,5,,figshare,https://doi.org/10.6084/m9.figshare.12570770,CC BY 4.0,"Lin et al., 'The SUSTech-SYSU dataset for automated exudate detection and diabetic retinopathy grading', Scientific Data 2020.","[""fundus"", ""dr"", ""exudate"", ""segmentation"", ""grading""]",3.0,,fundus,"[""fundus""]",images,"[{""count"": 1219, ""evidence_basis"": ""legacy_catalog_field"", ""evidence_url"": ""https://doi.org/10.6084/m9.figshare.12570770"", ""exactness"": ""not_assessed"", ""notes"": """", ""primary"": true, ""review_date"": ""2026-08-01"", ""scope"": ""Primary quantity reported in the reviewed catalog source"", ""unit"": ""images""}]",https://doi.org/10.6084/m9.figshare.12570770,official_repository,https://doi.org/10.6084/m9.figshare.12570770,anonymous_direct,False,False,False,False,False,False,False,False,unknown,available,2026-07-21,author_source_checked,Author-conducted source check; transfer completeness was evaluated separately.,end_to_end_tested,figshare,figshare_loader,0.4.0,True,2026-07-31,complete_current_deposit_downloaded,complete_current_deposit_downloaded,python hub/audit/verify_download_and_load.py run,,CC BY 4.0,https://doi.org/10.6084/m9.figshare.12570770,dataset_files,Review the cited source for component-specific terms.,10.6084/m9.figshare.12570770,,10.6084/m9.figshare.12570770,,,,,https://doi.org/10.6084/m9.figshare.12570770,[],https://doi.org/10.6084/m9.figshare.12570770,https://doi.org/10.6084/m9.figshare.12570770,https://doi.org/10.6084/m9.figshare.12570770,https://doi.org/10.6084/m9.figshare.12570770,True,2026-07-21,checked_against_cited_source,author_source_checked,complete_current_deposit_downloaded,sustech_sysu,SUSTech-SYSU Diabetic Retinopathy + Exudate Dataset,cc-by,cc-by
syn_oct,SYN-OCT Synthetic Glaucoma OCT Dataset,Synthetic circumpapillary OCT images for healthy and glaucomatous eyes with retinal-layer masks and RNFL thickness values.,oct,"[""classification"", ""segmentation"", ""regression""]",200000,"[""all""]",,,,zenodo,https://doi.org/10.5281/zenodo.17151869,CC BY 4.0,SYN-OCT: A synthetic dataset of ocular optical coherence tomography images from healthy and glaucoma eyes. Scientific Data. 2026. doi:10.1038/s41597-026-06946-5,"[""oct"", ""synthetic"", ""glaucoma"", ""rnfl"", ""layer_segmentation"", ""zenodo""]",3.255,"Contains 100,000 synthetic glaucoma and 100,000 synthetic normal circumpapillary OCT images. No real patient images are released.",oct,"[""oct""]",images,"[{""count"": 200000, ""evidence_basis"": ""legacy_catalog_field"", ""evidence_url"": ""https://doi.org/10.5281/zenodo.17151869"", ""exactness"": ""not_assessed"", ""notes"": """", ""primary"": true, ""review_date"": ""2026-08-01"", ""scope"": ""Primary quantity reported in the reviewed catalog source"", ""unit"": ""images""}]",https://doi.org/10.5281/zenodo.17151869,official_repository,https://doi.org/10.5281/zenodo.17151869,anonymous_direct,False,False,False,False,False,False,False,False,unknown,available,2026-07-21,author_source_checked,Author-conducted source check; transfer completeness was evaluated separately.,standard_platform_supported,zenodo,zenodo_loader,0.4.0,False,,unit_or_mocked_only,not_live_tested,,,CC BY 4.0,https://doi.org/10.5281/zenodo.17151869,dataset_files,Review the cited source for component-specific terms.,10.5281/zenodo.17151869,,10.5281/zenodo.17151869,10.1038/s41597-026-06946-5,,,,https://doi.org/10.5281/zenodo.17151869,[],https://doi.org/10.5281/zenodo.17151869,https://doi.org/10.5281/zenodo.17151869,https://doi.org/10.5281/zenodo.17151869,https://doi.org/10.5281/zenodo.17151869,True,2026-07-21,checked_against_cited_source,author_source_checked,not_live_tested,syn_oct,SYN-OCT Synthetic Glaucoma OCT Dataset,cc-by,cc-by
tear_meniscus,Multicentre Tear Meniscus Segmentation Dataset,"1,693 color and 1,739 infrared ocular-surface images from five clinical centers with pixel-level tear-meniscus segmentation. First multi-center dry-eye imaging benchmark.",multimodal,"[""segmentation""]",3432,"[""all""]",,2,,figshare,https://doi.org/10.6084/m9.figshare.28650536.v2,CC BY 4.0,"Multicentre tear meniscus segmentation dataset, Scientific Data 2025.","[""ocular_surface"", ""tear_meniscus"", ""dry_eye"", ""segmentation"", ""multicenter"", ""new_modality""]",1.5,Figshare marks the deposited files CC BY 4.0. Adds a dry-eye and tear-film modality that is otherwise absent.,multimodal,"[""external_eye"", ""infrared""]",images,"[{""count"": 3432, ""evidence_basis"": ""legacy_catalog_field"", ""evidence_url"": ""https://doi.org/10.6084/m9.figshare.28650536.v2"", ""exactness"": ""not_assessed"", ""notes"": """", ""primary"": true, ""review_date"": ""2026-08-01"", ""scope"": ""Primary quantity reported in the reviewed catalog source"", ""unit"": ""images""}]",https://doi.org/10.6084/m9.figshare.28650536.v2,official_repository,https://doi.org/10.6084/m9.figshare.28650536.v2,anonymous_direct,False,False,False,False,False,False,False,False,unknown,available,2026-07-21,author_source_checked,Author-conducted source check; transfer completeness was evaluated separately.,end_to_end_tested,figshare,figshare_loader,0.4.0,True,2026-07-31,complete_current_deposit_downloaded,complete_current_deposit_downloaded,python hub/audit/verify_download_and_load.py run,,CC BY 4.0,https://doi.org/10.6084/m9.figshare.28650536.v2,dataset_files,Review the cited source for component-specific terms.,10.6084/m9.figshare.28650536.v2,,10.6084/m9.figshare.28650536.v2,,,,,https://doi.org/10.6084/m9.figshare.28650536.v2,[],https://doi.org/10.6084/m9.figshare.28650536.v2,https://doi.org/10.6084/m9.figshare.28650536.v2,https://doi.org/10.6084/m9.figshare.28650536.v2,https://doi.org/10.6084/m9.figshare.28650536.v2,True,2026-07-21,checked_against_cited_source,author_source_checked,complete_current_deposit_downloaded,tear_meniscus,Multicentre Tear Meniscus Segmentation Dataset,cc-by,cc-by
teyed,TEyeD Real-World Eye-Tracking Dataset,"Head-mounted eye images with pupil, iris, eyelid, eyeball, gaze, landmark, segmentation, and eye-movement annotations.",eye_tracking,"[""gaze_estimation"", ""segmentation"", ""landmark_detection"", ""classification""]",20666096,"[""all""]",,,,manual,https://arxiv.org/abs/2102.02115,Unknown; public FTP is described in the paper but no license is stated,"Fuhl W, Kasneci G, Kasneci E. TEyeD: Over 20 Million Real-World Eye Images with Rich 2D and 3D Annotations. arXiv:2102.02115. 2021.","[""eye_tracking"", ""gaze"", ""pupil"", ""iris"", ""eyelid"", ""head_mounted"", ""vr"", ""ar"", ""ftp""]",,"The paper reports 20,666,096 open- or closed-eye frames and also 200,977 no-eye frames, collected with seven trackers. It documents anonymous FTP access at nephrit.cs.uni-tuebingen.de using user TEyeDUser, but does not state a standard dataset license; confirm availability and terms before use.",eye_tracking,"[""eye_tracking""]",images,"[{""count"": 20666096, ""evidence_basis"": ""legacy_catalog_field"", ""evidence_url"": ""https://arxiv.org/abs/2102.02115"", ""exactness"": ""not_assessed"", ""notes"": """", ""primary"": true, ""review_date"": ""2026-08-01"", ""scope"": ""Primary quantity reported in the reviewed catalog source"", ""unit"": ""images""}]",https://arxiv.org/abs/2102.02115,documented_manual_route,https://arxiv.org/abs/2102.02115,anonymous_direct,False,False,False,False,False,False,False,False,unknown,available,2026-07-21,author_source_checked,Author-conducted source check; transfer completeness was evaluated separately.,guided_instructions_only,manual,manual_loader,0.4.0,False,,unit_or_mocked_only,not_live_tested,,,Unknown; public FTP is described in the paper but no license is stated,https://arxiv.org/abs/2102.02115,unknown,Review the cited source for component-specific terms.,,,,,,,,https://arxiv.org/abs/2102.02115,[],https://arxiv.org/abs/2102.02115,https://arxiv.org/abs/2102.02115,https://arxiv.org/abs/2102.02115,https://arxiv.org/abs/2102.02115,True,2026-07-21,checked_against_cited_source,author_source_checked,not_live_tested,teyed,TEyeD Real-World Eye-Tracking Dataset,unknown,unknown
thoct1800,THOCT1800 Retinal OCT Dataset,"A collection of 1,800 preprocessed retinal OCT B-scans, with 600 images each for AMD, diabetic macular edema, and normal retina.",oct,"[""classification""]",1800,"[""all""]","[""amd"", ""dme"", ""normal""]",3,,github,https://github.com/SJD095/OCT-Segmentation,Research only: research and educational use,THOCT1800 retinal OCT image dataset. OCT-Segmentation project. GitHub.,"[""oct"", ""amd"", ""dme"", ""classification"", ""github""]",,The official repository permits research and educational use and asks users to cite the project. No standard license file is present.,oct,"[""oct""]",images,"[{""count"": 1800, ""evidence_basis"": ""legacy_catalog_field"", ""evidence_url"": ""https://github.com/SJD095/OCT-Segmentation"", ""exactness"": ""not_assessed"", ""notes"": """", ""primary"": true, ""review_date"": ""2026-08-01"", ""scope"": ""Primary quantity reported in the reviewed catalog source"", ""unit"": ""images""}]",https://github.com/SJD095/OCT-Segmentation,source_repository,https://github.com/SJD095/OCT-Segmentation,anonymous_direct,False,False,False,False,False,False,False,False,unknown,available,2026-07-21,author_source_checked,Author-conducted source check; transfer completeness was evaluated separately.,end_to_end_tested,github,github_loader,0.4.0,True,2026-07-31,complete_current_deposit_downloaded,complete_current_deposit_downloaded,python hub/audit/verify_download_and_load.py run,,Research only: research and educational use,https://github.com/SJD095/OCT-Segmentation,dataset_files,Review the cited source for component-specific terms.,,,,,,,,https://github.com/SJD095/OCT-Segmentation,[],https://github.com/SJD095/OCT-Segmentation,https://github.com/SJD095/OCT-Segmentation,https://github.com/SJD095/OCT-Segmentation,https://github.com/SJD095/OCT-Segmentation,True,2026-07-21,checked_against_cited_source,author_source_checked,complete_current_deposit_downloaded,thoct1800,THOCT1800 Retinal OCT Dataset,research-only,research-only
thyroid_ophthalmopathy_external,Thyroid Ophthalmopathy External Ocular Images,"External ocular photographs of thyroid eye disease collected from web sources, with surgery-related images removed by the source curator.",external_eye,"[""classification""]",,"[""all""]",,,,mendeley,https://data.mendeley.com/datasets/z7ys7r4bdn/2,CC BY 4.0,"Yoo T. Thyriod ophthalmopathy - external ocular images. Mendeley Data, V2, 2024. doi:10.17632/z7ys7r4bdn.2","[""mendeley"", ""external_eye"", ""thyroid_eye_disease"", ""ophthalmopathy"", ""classification""]",,Source title spells thyroid as 'Thyriod'. Web-sourced photographs; verify image provenance before clinical validation or redistribution.,external_eye,"[""external_eye""]",images,"[{""count"": 2, ""evidence_basis"": ""current_deposit_file_listing"", ""evidence_url"": ""https://data.mendeley.com/datasets/z7ys7r4bdn/2"", ""exactness"": ""exact"", ""notes"": ""The source does not report the number of photographs inside dataset.zip."", ""primary"": false, ""review_date"": ""2026-08-01"", ""scope"": ""Artifacts listed by the current Mendeley v2 deposit"", ""unit"": ""deposited_files""}]",https://data.mendeley.com/datasets/z7ys7r4bdn/2,official_repository,https://data.mendeley.com/datasets/z7ys7r4bdn/2,anonymous_direct,False,False,False,False,False,False,False,False,unknown,available,2026-07-21,author_source_checked,Author-conducted source check; transfer completeness was evaluated separately.,standard_platform_supported,mendeley,mendeley_loader,0.4.0,False,,unit_or_mocked_only,not_live_tested,,,CC BY 4.0,https://data.mendeley.com/datasets/z7ys7r4bdn/2,dataset_files,Review the cited source for component-specific terms.,10.17632/z7ys7r4bdn.2,,z7ys7r4bdn/2,,,,,https://doi.org/10.17632/z7ys7r4bdn.2,[],https://data.mendeley.com/datasets/z7ys7r4bdn/2,https://data.mendeley.com/datasets/z7ys7r4bdn/2,https://data.mendeley.com/datasets/z7ys7r4bdn/2,https://data.mendeley.com/datasets/z7ys7r4bdn/2,True,2026-07-21,checked_against_cited_source,author_source_checked,not_live_tested,thyroid_ophthalmopathy_external,Thyroid Ophthalmopathy External Ocular Images,cc-by,cc-by
tian_oct,Tian OCTRIMA 3D OCT Layer Segmentation Dataset,"10 Heidelberg Spectralis SD-OCT volumes (510 B-scans, 496×644×51 voxels) from healthy subjects with 8 retinal layer boundary annotations by 2 independent observers. MATLAB .mat format; used as the OCTRIMA 3D validation set.",oct,"[""segmentation""]",10,"[""test""]","[""ILM"", ""RNFL_GCL_IPL"", ""IPL_INL"", ""INL_OPL"", ""OPL_ONL"", ""ELM"", ""IS_OS"", ""OS_RPE""]",8,"[496, 644]",direct,https://doi.org/10.1371/journal.pone.0133908.s002,CC BY 4.0,"Tian J et al., 'Real-Time Automatic Segmentation of Optical Coherence Tomography Volume Data of the Macular Region', PLOS ONE 10(8):e0133908 (2015). doi:10.1371/journal.pone.0133908","[""oct"", ""segmentation"", ""layer"", ""boundary"", ""matlab"", ""healthy""]",0.2,"Primarily a benchmark/test set (10 volumes, 2 observers). Each .mat file contains: raw OCT volume, OCTRIMA 3D automatic segmentation, Observer 1 manual, Observer 2 manual. Supplement URL: https://doi.org/10.1371/journal.pone.0133908.s002",oct,"[""oct""]",volumes,"[{""count"": 10, ""evidence_basis"": ""legacy_catalog_field"", ""evidence_url"": ""https://doi.org/10.1371/journal.pone.0133908.s002"", ""exactness"": ""not_assessed"", ""notes"": """", ""primary"": true, ""review_date"": ""2026-08-01"", ""scope"": ""Primary quantity reported in the reviewed catalog source"", ""unit"": ""volumes""}]",https://doi.org/10.1371/journal.pone.0133908.s002,official_direct,https://doi.org/10.1371/journal.pone.0133908.s002,anonymous_direct,False,False,False,False,False,False,False,False,unknown,available,2026-07-21,author_source_checked,Author-conducted source check; transfer completeness was evaluated separately.,end_to_end_tested,direct,direct_loader,0.4.0,True,2026-07-31,complete_current_deposit_downloaded,complete_current_deposit_downloaded,python hub/audit/verify_download_and_load.py run,,CC BY 4.0,https://doi.org/10.1371/journal.pone.0133908.s002,dataset_files,Review the cited source for component-specific terms.,,,,10.1371/journal.pone.0133908,,,,https://doi.org/10.1371/journal.pone.0133908.s002,[],https://doi.org/10.1371/journal.pone.0133908.s002,https://doi.org/10.1371/journal.pone.0133908.s002,https://doi.org/10.1371/journal.pone.0133908.s002,https://doi.org/10.1371/journal.pone.0133908.s002,True,2026-07-21,checked_against_cited_source,author_source_checked,complete_current_deposit_downloaded,tian_oct,Tian OCTRIMA 3D OCT Layer Segmentation Dataset,cc-by,cc-by
tom500,TOM500: Multi-Organ Annotated Orbital MRI Dataset for Thyroid Eye Disease,"T2-weighted orbital MRI volumes with multi-organ segmentation labels (extraocular muscles, optic nerve, lacrimal gland, orbital fat) and paired clinical data. First public orbital MRI benchmark for thyroid eye disease.",multimodal,"[""segmentation""]",500,"[""all""]",,,,figshare,https://doi.org/10.6084/m9.figshare.27133389.v1,CC0 1.0,"Zhang H, et al., 'TOM500: A multi-organ annotated orbital MRI dataset for thyroid eye disease', Scientific Data 2025.","[""orbital_mri"", ""thyroid_eye_disease"", ""segmentation"", ""multi_organ"", ""new_modality""]",2.31,Adds orbital MRI; modality outside typical ophthalmic imaging.,multimodal,"[""orbital_mri"", ""tabular""]",volumes,"[{""count"": 500, ""evidence_basis"": ""legacy_catalog_field"", ""evidence_url"": ""https://doi.org/10.6084/m9.figshare.27133389.v1"", ""exactness"": ""not_assessed"", ""notes"": """", ""primary"": true, ""review_date"": ""2026-08-01"", ""scope"": ""Primary quantity reported in the reviewed catalog source"", ""unit"": ""volumes""}]",https://doi.org/10.6084/m9.figshare.27133389.v1,official_repository,https://doi.org/10.6084/m9.figshare.27133389.v1,anonymous_direct,False,False,False,False,False,False,False,False,unknown,available,2026-07-21,author_source_checked,Author-conducted source check; transfer completeness was evaluated separately.,end_to_end_tested,figshare,figshare_loader,0.4.0,True,2026-07-31,complete_current_deposit_downloaded,complete_current_deposit_downloaded,python hub/audit/verify_download_and_load.py run,,CC0 1.0,https://doi.org/10.6084/m9.figshare.27133389.v1,dataset_files,Review the cited source for component-specific terms.,10.6084/m9.figshare.27133389.v1,,10.6084/m9.figshare.27133389.v1,10.1038/s41597-025-04427-9,,,,https://doi.org/10.6084/m9.figshare.27133389.v1,[],https://doi.org/10.6084/m9.figshare.27133389.v1,https://doi.org/10.6084/m9.figshare.27133389.v1,https://doi.org/10.6084/m9.figshare.27133389.v1,https://doi.org/10.6084/m9.figshare.27133389.v1,True,2026-07-21,checked_against_cited_source,author_source_checked,complete_current_deposit_downloaded,tom500,TOM500: Multi-Organ Annotated Orbital MRI Dataset for Thyroid Eye Disease,cc0,cc0
toxofundus,ToxoFundus: Ocular Toxoplasmosis Fundus Dataset,"Fundus photographs for ocular toxoplasmosis detection: active toxoplasmosis, inactive (scarred) lesions, and normal. ~412 images total (adult + pediatric cases).",fundus,"[""classification""]",412,"[""train"", ""test""]","[""Normal"", ""Active Toxoplasmosis"", ""Inactive Toxoplasmosis""]",3,,kaggle,https://www.kaggle.com/datasets/nafin59/ocular-toxoplasmosis-fundus-images-dataset,CC BY 4.0,"Nafisi & Sadri, 'ToxoFundus: Ocular Toxoplasmosis Fundus Image Dataset', Data in Brief 2023. Zenodo: https://zenodo.org/records/5156953 — Kaggle: https://www.kaggle.com/datasets/nafin59/ocular-toxoplasmosis-fundus-images-dataset","[""toxoplasmosis"", ""fundus"", ""kaggle"", ""classification"", ""infection""]",0.2,,fundus,"[""fundus""]",images,"[{""count"": 412, ""evidence_basis"": ""legacy_catalog_field"", ""evidence_url"": ""https://www.kaggle.com/datasets/nafin59/ocular-toxoplasmosis-fundus-images-dataset"", ""exactness"": ""not_assessed"", ""notes"": """", ""primary"": true, ""review_date"": ""2026-08-01"", ""scope"": ""Primary quantity reported in the reviewed catalog source"", ""unit"": ""images""}]",https://www.kaggle.com/datasets/nafin59/ocular-toxoplasmosis-fundus-images-dataset,data_platform,https://www.kaggle.com/datasets/nafin59/ocular-toxoplasmosis-fundus-images-dataset,self_service_authenticated,True,True,True,False,False,False,False,False,unknown,available,2026-07-21,author_source_checked,Author-conducted source check; transfer completeness was evaluated separately.,standard_platform_supported,kaggle,kaggle_loader,0.4.0,False,,unit_or_mocked_only,not_live_tested,,,CC BY 4.0,https://www.kaggle.com/datasets/nafin59/ocular-toxoplasmosis-fundus-images-dataset,dataset_files,Review the cited source for component-specific terms.,,,nafin59/ocular-toxoplasmosis-fundus-images-dataset,,,,,https://www.kaggle.com/datasets/nafin59/ocular-toxoplasmosis-fundus-images-dataset,[],https://www.kaggle.com/datasets/nafin59/ocular-toxoplasmosis-fundus-images-dataset,https://www.kaggle.com/datasets/nafin59/ocular-toxoplasmosis-fundus-images-dataset,https://www.kaggle.com/datasets/nafin59/ocular-toxoplasmosis-fundus-images-dataset,https://www.kaggle.com/datasets/nafin59/ocular-toxoplasmosis-fundus-images-dataset,True,2026-07-21,checked_against_cited_source,author_source_checked,not_live_tested,toxofundus,ToxoFundus: Ocular Toxoplasmosis Fundus Dataset,cc-by,cc-by
trend2_fundus,TREND2 Chronic Disease Portable Fundus Dataset,Extension of TREND portable fundus imaging for chronic-disease and microvascular analysis.,fundus,"[""segmentation"", ""regression""]",28,"[""all""]",,,,zenodo,https://zenodo.org/records/7678656,CC BY 4.0,"TREND2 chronic disease portable fundus dataset. Zenodo, 2023. doi:10.5281/zenodo.7678656","[""zenodo"", ""fundus"", ""microvasculature"", ""portable""]",0.1,,fundus,"[""fundus""]",images,"[{""count"": 28, ""evidence_basis"": ""official_source_description"", ""evidence_url"": ""https://zenodo.org/records/7678656"", ""exactness"": ""exact"", ""notes"": """", ""primary"": true, ""review_date"": ""2026-08-01"", ""scope"": ""Primary color fundus images"", ""unit"": ""images""}]",https://zenodo.org/records/7678656,official_repository,https://zenodo.org/records/7678656,anonymous_direct,False,False,False,False,False,False,False,False,unknown,available,2026-07-21,author_source_checked,Author-conducted source check; transfer completeness was evaluated separately.,standard_platform_supported,zenodo,zenodo_loader,0.4.0,False,,unit_or_mocked_only,not_live_tested,,,CC BY 4.0,https://zenodo.org/records/7678656,dataset_files,Review the cited source for component-specific terms.,10.5281/zenodo.7678656,,records/7678656,,,,,https://doi.org/10.5281/zenodo.7678656,"[{""target"": ""trend_fundus"", ""type"": ""extension_of""}]",https://zenodo.org/records/7678656,https://zenodo.org/records/7678656,https://zenodo.org/records/7678656,https://zenodo.org/records/7678656,True,2026-07-21,checked_against_cited_source,author_source_checked,not_live_tested,trend2_fundus,TREND2 Chronic Disease Portable Fundus Dataset,cc-by,cc-by
trend_fundus,TREND Portable Fundus Microvascular Network Dataset,Portable fundus images and segmentations for retinal microvascular network analysis.,fundus,"[""segmentation"", ""regression""]",82,"[""all""]",,,,zenodo,https://zenodo.org/records/4521044,CC BY 4.0,"TREND portable fundus microvascular network dataset. Zenodo, 2021. doi:10.5281/zenodo.4521044","[""zenodo"", ""fundus"", ""microvasculature"", ""portable""]",0.1,,fundus,"[""fundus""]",images,"[{""count"": 82, ""evidence_basis"": ""legacy_catalog_field"", ""evidence_url"": ""https://zenodo.org/records/4521044"", ""exactness"": ""not_assessed"", ""notes"": """", ""primary"": true, ""review_date"": ""2026-08-01"", ""scope"": ""Primary quantity reported in the reviewed catalog source"", ""unit"": ""images""}]",https://zenodo.org/records/4521044,official_repository,https://zenodo.org/records/4521044,anonymous_direct,False,False,False,False,False,False,False,False,unknown,available,2026-07-21,author_source_checked,Author-conducted source check; transfer completeness was evaluated separately.,standard_platform_supported,zenodo,zenodo_loader,0.4.0,False,,unit_or_mocked_only,not_live_tested,,,CC BY 4.0,https://zenodo.org/records/4521044,dataset_files,Review the cited source for component-specific terms.,10.5281/zenodo.4521044,,records/4521044,,,,,https://doi.org/10.5281/zenodo.4521044,[],https://zenodo.org/records/4521044,https://zenodo.org/records/4521044,https://zenodo.org/records/4521044,https://zenodo.org/records/4521044,True,2026-07-21,checked_against_cited_source,author_source_checked,not_live_tested,trend_fundus,TREND Portable Fundus Microvascular Network Dataset,cc-by,cc-by
tsukazaki_uwf,Tsukazaki Hospital UWF Fundus Dataset,"13,047 ultra-widefield fundus photographs (Optos, 200° FOV) from Tsukazaki Hospital, annotated with 8 binary disease labels: AO, AMD, DR, Glaucoma, MH, RD, RP, RVO. Associated with Scientific Data 2024.",uwf_fundus,"[""multilabel"", ""classification""]",13047,"[""train"", ""test""]","[""AO"", ""AMD"", ""DR"", ""Gla"", ""MH"", ""RD"", ""RP"", ""RVO""]",8,,github,https://github.com/DateCazuki/Fundus_Diagnosis,Research only — contact authors for data access,"Nagasawa T et al., 'Automatic detection of multiple retinal diseases in ultra-widefield fundus images using deep learning', Nature Machine Intelligence 2022. https://www.nature.com/articles/s42256-022-00566-5 — Data: https://github.com/DateCazuki/Fundus_Diagnosis","[""uwf"", ""fundus"", ""multilabel"", ""multi_disease"", ""github""]",15.0,Full dataset is subject to Japanese export restrictions. Contact the authors for access. A public subset may be available via the GitHub repo or linked Figshare.,uwf_fundus,"[""uwf_fundus""]",images,"[{""count"": 13047, ""evidence_basis"": ""legacy_catalog_field"", ""evidence_url"": ""https://github.com/DateCazuki/Fundus_Diagnosis"", ""exactness"": ""not_assessed"", ""notes"": """", ""primary"": true, ""review_date"": ""2026-08-01"", ""scope"": ""Primary quantity reported in the reviewed catalog source"", ""unit"": ""images""}]",https://github.com/DateCazuki/Fundus_Diagnosis,source_repository,https://github.com/DateCazuki/Fundus_Diagnosis,author_contact,False,False,,False,,False,True,,unknown,available,2026-07-21,author_source_checked,Author-conducted source check; transfer completeness was evaluated separately.,manual_access_blocked,github,github_loader,0.4.0,False,2026-07-25,official_metadata_or_file_listing,metadata_or_file_listing_confirmed,python hub/audit/validate_acquisition.py,,Research only — contact authors for data access,https://github.com/DateCazuki/Fundus_Diagnosis,dataset_files,Review the cited source for component-specific terms.,,,,,,,,https://github.com/DateCazuki/Fundus_Diagnosis,[],https://github.com/DateCazuki/Fundus_Diagnosis,https://github.com/DateCazuki/Fundus_Diagnosis,https://github.com/DateCazuki/Fundus_Diagnosis,https://github.com/DateCazuki/Fundus_Diagnosis,True,2026-07-21,checked_against_cited_source,author_source_checked,metadata_or_file_listing_confirmed,tsukazaki_uwf,Tsukazaki Hospital UWF Fundus Dataset,research-only,research-only
ubiris_v2,UBIRIS.v2 Noisy Visible-Wavelength Iris Database,"Visible-light iris images captured at a distance and on the move with realistic blur, reflection, occlusion, pose, and illumination noise.",iris_biometrics,"[""biometric_recognition"", ""classification""]",11102,"[""all""]",,,,manual,https://iris.di.ubi.pt/index.html,Unknown; request access and verify UBIRIS.v2-specific terms,"Proenca H, Filipe S, Santos R, Oliveira J, Alexandre LA. The UBIRIS.v2: A Database of Visible Wavelength Iris Images Captured On-the-Move and At-a-Distance. IEEE TPAMI. 2010;32:1529-1535.","[""iris"", ""biometrics"", ""visible_light"", ""at_distance"", ""on_the_move"", ""noisy"", ""request_access""]",,"The official readme reports 11,102 images from 261 participants and 522 irises. The site states that UBIRIS.v1 is public and that newer UBIPr derivatives use CC BY-NC-SA 4.0, but it does not make the same license statement for UBIRIS.v2; terms are therefore unknown.",iris_biometrics,"[""iris_biometrics""]",images,"[{""count"": 11102, ""evidence_basis"": ""legacy_catalog_field"", ""evidence_url"": ""https://iris.di.ubi.pt/index.html"", ""exactness"": ""not_assessed"", ""notes"": """", ""primary"": true, ""review_date"": ""2026-08-01"", ""scope"": ""Primary quantity reported in the reviewed catalog source"", ""unit"": ""images""}]",https://iris.di.ubi.pt/index.html,documented_manual_route,https://iris.di.ubi.pt/index.html,controlled_or_manual,False,False,,False,True,False,,,unknown,available,2026-07-21,author_source_checked,Author-conducted source check; transfer completeness was evaluated separately.,manual_access_blocked,manual,manual_loader,0.4.0,False,,unit_or_mocked_only,not_live_tested,,,Unknown; request access and verify UBIRIS.v2-specific terms,https://iris.di.ubi.pt/index.html,unknown,Review the cited source for component-specific terms.,,,,,,,,https://iris.di.ubi.pt/index.html,[],https://iris.di.ubi.pt/index.html,https://iris.di.ubi.pt/index.html,https://iris.di.ubi.pt/index.html,https://iris.di.ubi.pt/index.html,True,2026-07-21,checked_against_cited_source,author_source_checked,not_live_tested,ubiris_v2,UBIRIS.v2 Noisy Visible-Wavelength Iris Database,unknown,unknown
umn_parhi_oct,UMN Parhi Lab AMD OCT Fluid Segmentation Dataset,"600 Spectralis OCT B-scans from 24 exudative AMD subjects. Three fluid region classes: IRF, SRF, PED. Dual expert annotation.",oct,"[""segmentation""]",600,"[""all""]","[""IRF"", ""SRF"", ""PED""]",3,"[512, 512]",direct,http://people.ece.umn.edu/users/parhi/.DATA/OCT/DME/UMNDataset.mat,Academic research use (University of Minnesota),Parhi Lab OCT AMD Fluid Dataset. http://people.ece.umn.edu/users/parhi/data-and-code/,"[""oct"", ""segmentation"", ""amd"", ""fluid"", ""irf"", ""srf"", ""ped"", ""umn""]",0.5,,oct,"[""oct""]",images,"[{""count"": 600, ""evidence_basis"": ""legacy_catalog_field"", ""evidence_url"": ""http://people.ece.umn.edu/users/parhi/.DATA/OCT/DME/UMNDataset.mat"", ""exactness"": ""not_assessed"", ""notes"": """", ""primary"": true, ""review_date"": ""2026-08-01"", ""scope"": ""Primary quantity reported in the reviewed catalog source"", ""unit"": ""images""}]",http://people.ece.umn.edu/users/parhi/.DATA/OCT/DME/UMNDataset.mat,official_direct,http://people.ece.umn.edu/users/parhi/.DATA/OCT/DME/UMNDataset.mat,anonymous_direct,False,False,False,False,False,False,False,False,unknown,available,2026-07-21,author_source_checked,Author-conducted source check; transfer completeness was evaluated separately.,end_to_end_tested,direct,direct_loader,0.4.0,True,2026-07-31,complete_current_deposit_downloaded,complete_current_deposit_downloaded,python hub/audit/verify_download_and_load.py run,,Academic research use (University of Minnesota),http://people.ece.umn.edu/users/parhi/.DATA/OCT/DME/UMNDataset.mat,dataset_files,Review the cited source for component-specific terms.,,,,,,,,http://people.ece.umn.edu/users/parhi/.DATA/OCT/DME/UMNDataset.mat,[],http://people.ece.umn.edu/users/parhi/.DATA/OCT/DME/UMNDataset.mat,http://people.ece.umn.edu/users/parhi/.DATA/OCT/DME/UMNDataset.mat,http://people.ece.umn.edu/users/parhi/.DATA/OCT/DME/UMNDataset.mat,http://people.ece.umn.edu/users/parhi/.DATA/OCT/DME/UMNDataset.mat,True,2026-07-21,checked_against_cited_source,author_source_checked,complete_current_deposit_downloaded,umn_parhi_oct,UMN Parhi Lab AMD OCT Fluid Segmentation Dataset,research-only,research-only
ut_fsocta,UTHealth Fundus and Synthetic OCTA Dataset,Fundus and synthetic OCTA vessel-segmentation resource for domain-transfer research.,multimodal,"[""segmentation""]",112,"[""all""]",,,,zenodo,https://zenodo.org/records/6476639,Unknown,"UTHealth fundus and synthetic OCTA dataset. Zenodo, 2022. doi:10.5281/zenodo.6476639","[""zenodo"", ""fundus"", ""octa"", ""synthetic"", ""vessels""]",,,multimodal,"[""fundus"", ""octa""]",participants,"[{""count"": 112, ""evidence_basis"": ""official_source_description"", ""evidence_url"": ""https://zenodo.org/records/6476639"", ""exactness"": ""exact"", ""notes"": """", ""primary"": true, ""review_date"": ""2026-08-01"", ""scope"": ""Subjects with aligned fundus and en-face OCTA data"", ""unit"": ""participants""}, {""count"": 194, ""evidence_basis"": ""current_deposit_file_listing"", ""evidence_url"": ""https://zenodo.org/records/6476639"", ""exactness"": ""exact"", ""notes"": """", ""primary"": false, ""review_date"": ""2026-08-01"", ""scope"": ""Full-field fundus JPG files in the current archive"", ""unit"": ""images""}, {""count"": 194, ""evidence_basis"": ""current_deposit_file_listing"", ""evidence_url"": ""https://zenodo.org/records/6476639"", ""exactness"": ""exact"", ""notes"": ""Synthetic outputs derive from the fundus images and are not an independent cohort."", ""primary"": false, ""review_date"": ""2026-08-01"", ""scope"": ""Full-field synthetic OCTA PNG files in the current archive"", ""unit"": ""images""}, {""count"": 362, ""evidence_basis"": ""current_deposit_file_listing"", ""evidence_url"": ""https://zenodo.org/records/6476639"", ""exactness"": ""exact"", ""notes"": """", ""primary"": false, ""review_date"": ""2026-08-01"", ""scope"": ""Cropped en-face OCTA PNG files in the current archive"", ""unit"": ""images""}]",https://zenodo.org/records/6476639,official_repository,https://zenodo.org/records/6476639,anonymous_direct,False,False,False,False,False,False,False,False,unknown,available,2026-07-21,author_source_checked,Author-conducted source check; transfer completeness was evaluated separately.,standard_platform_supported,zenodo,zenodo_loader,0.4.0,False,,unit_or_mocked_only,not_live_tested,,,Unknown,https://zenodo.org/records/6476639,unknown,Review the cited source for component-specific terms.,10.5281/zenodo.6476639,,records/6476639,,,,,https://doi.org/10.5281/zenodo.6476639,[],https://zenodo.org/records/6476639,https://zenodo.org/records/6476639,https://zenodo.org/records/6476639,https://zenodo.org/records/6476639,True,2026-07-21,checked_against_cited_source,author_source_checked,not_live_tested,ut_fsocta,UTHealth Fundus and Synthetic OCTA Dataset,unknown,unknown
uveitis_smote,Image Dataset on Eye Diseases Classification with Symptoms and SMOTE Validation,"Image and symptom dataset for normal, uveitis, conjunctivitis, cataract, and eyelid-drooping classification, with source-reported SMOTE balancing to 649 images per class.",multimodal,"[""classification"", ""text_generation""]",3245,"[""all""]",,,,mendeley,https://data.mendeley.com/datasets/n9zp473wfw/2,CC BY 4.0,"Bitto AK, Ahmed M. Image Dataset on Eye Diseases Classification (Uveitis, Conjunctivitis, Cataract, Eyelid) with Symptoms and SMOTE Validation. Mendeley Data, V2, 2024. doi:10.17632/n9zp473wfw.2","[""mendeley"", ""multimodal"", ""uveitis"", ""conjunctivitis"", ""cataract"", ""eyelid"", ""smote""]",0.5,"Web-sourced images and SMOTE-based synthetic balancing are reported. Use original images, not synthetic oversampling, for clinical validation where possible.",multimodal,"[""external_eye"", ""tabular""]",images,"[{""count"": 3245, ""evidence_basis"": ""legacy_catalog_field"", ""evidence_url"": ""https://data.mendeley.com/datasets/n9zp473wfw/2"", ""exactness"": ""not_assessed"", ""notes"": """", ""primary"": true, ""review_date"": ""2026-08-01"", ""scope"": ""Primary quantity reported in the reviewed catalog source"", ""unit"": ""images""}]",https://data.mendeley.com/datasets/n9zp473wfw/2,official_repository,https://data.mendeley.com/datasets/n9zp473wfw/2,anonymous_direct,False,False,False,False,False,False,False,False,unknown,available,2026-07-21,author_source_checked,Author-conducted source check; transfer completeness was evaluated separately.,standard_platform_supported,mendeley,mendeley_loader,0.4.0,False,,unit_or_mocked_only,not_live_tested,,,CC BY 4.0,https://data.mendeley.com/datasets/n9zp473wfw/2,dataset_files,Review the cited source for component-specific terms.,10.17632/n9zp473wfw.2,,n9zp473wfw/2,,,,,https://doi.org/10.17632/n9zp473wfw.2,[],https://data.mendeley.com/datasets/n9zp473wfw/2,https://data.mendeley.com/datasets/n9zp473wfw/2,https://data.mendeley.com/datasets/n9zp473wfw/2,https://data.mendeley.com/datasets/n9zp473wfw/2,True,2026-07-21,checked_against_cited_source,author_source_checked,not_live_tested,uveitis_smote,Image Dataset on Eye Diseases Classification with Symptoms and SMOTE Validation,cc-by,cc-by
uwf_dr,UWF DR Reasoning Dataset,Ultra-widefield fundus photographs for diabetic retinopathy grading (5-level ICDR scale). Released alongside the Reasoning-Enhanced VLM paper for interpretable UWF DR detection. Related to the UWF4DR 2024 MICCAI challenge (~495 images across image quality and DR grading tasks).,uwf_fundus,"[""grading"", ""classification""]",495,"[""train"", ""val"", ""test""]","[""No DR"", ""Mild DR"", ""Moderate DR"", ""Severe DR"", ""Proliferative DR""]",5,,gdrive,https://drive.google.com/drive/folders/1wOqM-O_amSwMdli4OlFnGpf4hslPgDNu,Research only — see paper terms,"Reasoning-Enhanced Vision-Language Model for Interpretable Diabetic Retinopathy Detection in Ultra-Wide-Field Fundus Images. OMIA 2025 (MICCAI Workshop), Springer. DOI: 10.1007/978-3-032-10351-2_12","[""uwf"", ""fundus"", ""dr"", ""gdrive"", ""grading""]",2.0,,uwf_fundus,"[""uwf_fundus""]",images,"[{""count"": 495, ""evidence_basis"": ""legacy_catalog_field"", ""evidence_url"": ""https://drive.google.com/drive/folders/1wOqM-O_amSwMdli4OlFnGpf4hslPgDNu"", ""exactness"": ""not_assessed"", ""notes"": """", ""primary"": true, ""review_date"": ""2026-08-01"", ""scope"": ""Primary quantity reported in the reviewed catalog source"", ""unit"": ""images""}]",https://drive.google.com/drive/folders/1wOqM-O_amSwMdli4OlFnGpf4hslPgDNu,cloud_file_share,https://drive.google.com/drive/folders/1wOqM-O_amSwMdli4OlFnGpf4hslPgDNu,anonymous_direct,False,False,False,False,False,False,False,False,unknown,available,2026-07-21,author_source_checked,Author-conducted source check; transfer completeness was evaluated separately.,guided_instructions_only,gdrive,gdrive_loader,0.4.0,False,,unit_or_mocked_only,not_live_tested,,,Research only — see paper terms,https://drive.google.com/drive/folders/1wOqM-O_amSwMdli4OlFnGpf4hslPgDNu,dataset_files,Review the cited source for component-specific terms.,,,,10.1007/978-3-032-10351-2_12,,,,https://drive.google.com/drive/folders/1wOqM-O_amSwMdli4OlFnGpf4hslPgDNu,[],https://drive.google.com/drive/folders/1wOqM-O_amSwMdli4OlFnGpf4hslPgDNu,https://drive.google.com/drive/folders/1wOqM-O_amSwMdli4OlFnGpf4hslPgDNu,https://drive.google.com/drive/folders/1wOqM-O_amSwMdli4OlFnGpf4hslPgDNu,https://drive.google.com/drive/folders/1wOqM-O_amSwMdli4OlFnGpf4hslPgDNu,True,2026-07-21,checked_against_cited_source,author_source_checked,not_live_tested,uwf_dr,UWF DR Reasoning Dataset,research-only,research-only
uwf_dr_peng,"UWF Fundus DR Dataset (Peng et al., 2026)","1,630 Optos ultra-wide-field fundus images from 809 patients graded for diabetic retinopathy (5-class ICDR) by senior ophthalmologists.",uwf_fundus,"[""grading"", ""classification""]",1630,"[""all""]","[""0_no_dr"", ""1_mild"", ""2_moderate"", ""3_severe"", ""4_proliferative""]",5,,figshare,https://doi.org/10.6084/m9.figshare.31259494,CC BY 4.0,"Peng et al., 'A UWF fundus DR dataset with senior-ophthalmologist labels', Scientific Data 2026. doi:10.1038/s41597-026-07093-7","[""uwf"", ""fundus"", ""dr"", ""grading""]",3.0,,uwf_fundus,"[""uwf_fundus""]",images,"[{""count"": 1630, ""evidence_basis"": ""legacy_catalog_field"", ""evidence_url"": ""https://doi.org/10.6084/m9.figshare.31259494"", ""exactness"": ""not_assessed"", ""notes"": """", ""primary"": true, ""review_date"": ""2026-08-01"", ""scope"": ""Primary quantity reported in the reviewed catalog source"", ""unit"": ""images""}]",https://doi.org/10.6084/m9.figshare.31259494,official_repository,https://doi.org/10.6084/m9.figshare.31259494,anonymous_direct,False,False,False,False,False,False,False,False,unknown,available,2026-07-21,author_source_checked,Author-conducted source check; transfer completeness was evaluated separately.,end_to_end_tested,figshare,figshare_loader,0.4.0,True,2026-07-31,complete_current_deposit_downloaded,complete_current_deposit_downloaded,python hub/audit/verify_download_and_load.py run,,CC BY 4.0,https://doi.org/10.6084/m9.figshare.31259494,dataset_files,Review the cited source for component-specific terms.,10.6084/m9.figshare.31259494,,10.6084/m9.figshare.31259494,10.1038/s41597-026-07093-7,,,,https://doi.org/10.6084/m9.figshare.31259494,[],https://doi.org/10.6084/m9.figshare.31259494,https://doi.org/10.6084/m9.figshare.31259494,https://doi.org/10.6084/m9.figshare.31259494,https://doi.org/10.6084/m9.figshare.31259494,True,2026-07-21,checked_against_cited_source,author_source_checked,complete_current_deposit_downloaded,uwf_dr_peng,"UWF Fundus DR Dataset (Peng et al., 2026)",cc-by,cc-by
uwf_tumor,UWF Fundus Intraocular Tumor Dataset,"2,031 ultra-widefield fundus images for AI-assisted intraocular tumor detection and classification. Six categories: Normal, Choroidal Hemangioma (CH), Retinal Capillary Hemangioma (RCH), Choroidal Osteoma (CO), Retinoblastoma (RB), Uveal Melanoma (UM). Annotated by 3 experts; split 8:1:1 (stratified).",uwf_fundus,"[""classification""]",2031,"[""train"", ""val"", ""test""]","[""Normal"", ""Choroidal Hemangioma"", ""Retinal Capillary Hemangioma"", ""Choroidal Osteoma"", ""Retinoblastoma"", ""Uveal Melanoma""]",6,,figshare,https://doi.org/10.6084/m9.figshare.27986258,CC BY 4.0,UWF Intraocular Tumor Dataset. Scientific Data 2025. https://www.nature.com/articles/s41597-025-05864-2 — Figshare: https://doi.org/10.6084/m9.figshare.27986258,"[""uwf"", ""fundus"", ""tumor"", ""figshare"", ""classification""]",2.0,,uwf_fundus,"[""uwf_fundus""]",images,"[{""count"": 2031, ""evidence_basis"": ""legacy_catalog_field"", ""evidence_url"": ""https://doi.org/10.6084/m9.figshare.27986258"", ""exactness"": ""not_assessed"", ""notes"": """", ""primary"": true, ""review_date"": ""2026-08-01"", ""scope"": ""Primary quantity reported in the reviewed catalog source"", ""unit"": ""images""}]",https://doi.org/10.6084/m9.figshare.27986258,official_repository,https://doi.org/10.6084/m9.figshare.27986258,anonymous_direct,False,False,False,False,False,False,False,False,unknown,available,2026-07-21,author_source_checked,Author-conducted source check; transfer completeness was evaluated separately.,end_to_end_tested,figshare,figshare_loader,0.4.0,True,2026-07-31,complete_current_deposit_downloaded,complete_current_deposit_downloaded,python hub/audit/verify_download_and_load.py run,,CC BY 4.0,https://doi.org/10.6084/m9.figshare.27986258,dataset_files,Review the cited source for component-specific terms.,10.6084/m9.figshare.27986258,,10.6084/m9.figshare.27986258,,,,,https://doi.org/10.6084/m9.figshare.27986258,[],https://doi.org/10.6084/m9.figshare.27986258,https://doi.org/10.6084/m9.figshare.27986258,https://doi.org/10.6084/m9.figshare.27986258,https://doi.org/10.6084/m9.figshare.27986258,True,2026-07-21,checked_against_cited_source,author_source_checked,complete_current_deposit_downloaded,uwf_tumor,UWF Fundus Intraocular Tumor Dataset,cc-by,cc-by
uwf_zhejiang,Open UWF Fundus Dataset with Disease + Quality Labels,700 Optos ultra-wide-field fundus images with multi-disease classification labels and image-quality flags from real-world clinical practice.,uwf_fundus,"[""classification"", ""quality""]",700,"[""all""]",,,,figshare,https://doi.org/10.6084/m9.figshare.26936446,CC BY 4.0,"He S, Ye X, Xie W, et al., 'Open ultrawidefield fundus image dataset with disease diagnosis and clinical image quality assessment', Scientific Data 11:1251, 2024. doi:10.1038/s41597-024-04113-2","[""uwf"", ""fundus"", ""quality"", ""multi_disease""]",2.0,,uwf_fundus,"[""uwf_fundus""]",images,"[{""count"": 700, ""evidence_basis"": ""legacy_catalog_field"", ""evidence_url"": ""https://doi.org/10.6084/m9.figshare.26936446"", ""exactness"": ""not_assessed"", ""notes"": """", ""primary"": true, ""review_date"": ""2026-08-01"", ""scope"": ""Primary quantity reported in the reviewed catalog source"", ""unit"": ""images""}]",https://doi.org/10.6084/m9.figshare.26936446,official_repository,https://doi.org/10.6084/m9.figshare.26936446,anonymous_direct,False,False,False,False,False,False,False,False,unknown,available,2026-07-21,author_source_checked,Author-conducted source check; transfer completeness was evaluated separately.,end_to_end_tested,figshare,figshare_loader,0.4.0,True,2026-07-31,complete_current_deposit_downloaded,complete_current_deposit_downloaded,python hub/audit/verify_download_and_load.py run,,CC BY 4.0,https://doi.org/10.6084/m9.figshare.26936446,dataset_files,Review the cited source for component-specific terms.,10.6084/m9.figshare.26936446,,10.6084/m9.figshare.26936446,10.1038/s41597-024-04113-2,,,,https://doi.org/10.6084/m9.figshare.26936446,[],https://doi.org/10.6084/m9.figshare.26936446,https://doi.org/10.6084/m9.figshare.26936446,https://doi.org/10.6084/m9.figshare.26936446,https://doi.org/10.6084/m9.figshare.26936446,True,2026-07-21,checked_against_cited_source,author_source_checked,complete_current_deposit_downloaded,uwf_zhejiang,Open UWF Fundus Dataset with Disease + Quality Labels,cc-by,cc-by
uwhvf,UWHVF: University of Washington Humphrey Visual Field,"28,943 HFA 24-2 visual field tests with per-point sensitivities, MD/PSD indices, glaucoma labels, and longitudinal follow-up data. Input: 52-element sensitivity array (not an image).",visual_field,"[""classification"", ""regression""]",28943,"[""all""]","[""Non-glaucoma"", ""Glaucoma""]",2,,direct,https://github.com/uw-biomedical-ml/uwhvf/archive/refs/heads/master.zip,CC BY 4.0,"Boland et al., 'The University of Washington Humphrey Visual Field database', Ophthalmic Epidemiology 2022.","[""visual_field"", ""glaucoma"", ""perimetry"", ""longitudinal"", ""non_image""]",0.05,"Non-imaging dataset. Samples are 52-element visual field arrays. Models must accept 1D/2D VF arrays, not RGB images.",visual_field,"[""visual_field""]",visual_field_tests,"[{""count"": 28943, ""evidence_basis"": ""official_source_description"", ""evidence_url"": ""https://github.com/uw-biomedical-ml/uwhvf"", ""exactness"": ""exact"", ""notes"": """", ""primary"": true, ""review_date"": ""2026-08-01"", ""scope"": ""HFA 24-2 tests"", ""unit"": ""visual_field_tests""}]",https://github.com/uw-biomedical-ml/uwhvf/archive/refs/heads/master.zip,official_direct,https://github.com/uw-biomedical-ml/uwhvf/archive/refs/heads/master.zip,anonymous_direct,False,False,False,False,False,False,False,False,unknown,available,2026-07-21,author_source_checked,Author-conducted source check; transfer completeness was evaluated separately.,end_to_end_tested,direct,direct_loader,0.4.0,True,2026-07-31,complete_current_deposit_downloaded,complete_current_deposit_downloaded,python hub/audit/verify_download_and_load.py run,,CC BY 4.0,https://github.com/uw-biomedical-ml/uwhvf/archive/refs/heads/master.zip,dataset_files,Review the cited source for component-specific terms.,,,,,,,,https://github.com/uw-biomedical-ml/uwhvf/archive/refs/heads/master.zip,[],https://github.com/uw-biomedical-ml/uwhvf,https://github.com/uw-biomedical-ml/uwhvf/archive/refs/heads/master.zip,https://github.com/uw-biomedical-ml/uwhvf/archive/refs/heads/master.zip,https://github.com/uw-biomedical-ml/uwhvf/archive/refs/heads/master.zip,True,2026-07-21,checked_against_cited_source,author_source_checked,complete_current_deposit_downloaded,uwhvf,UWHVF: University of Washington Humphrey Visual Field,cc-by,cc-by
vietai_retinal_disease,VietAI Retinal Disease Detection 2020,"A multilabel fundus classification challenge with 3,435 labeled training images and 350 test images covering six disease groups and normal findings.",fundus,"[""multilabel"", ""classification""]",3785,"[""train"", ""test""]","[""opacity"", ""diabetic_retinopathy"", ""glaucoma"", ""macular_edema"", ""macular_degeneration"", ""retinal_vein_occlusion"", ""normal""]",7,,kaggle,https://www.kaggle.com/competitions/vietai-advance-retinal-disease-detection-2020/data,Kaggle competition rules,VietAI Advance Course Retinal Disease Detection. Kaggle. 2020.,"[""fundus"", ""multilabel"", ""retinal_disease"", ""kaggle""]",,Kaggle authentication and acceptance of the competition rules may be required. Derivative archives that mix these images with unverified sources were excluded from the registry.,fundus,"[""fundus""]",images,"[{""count"": 3785, ""evidence_basis"": ""legacy_catalog_field"", ""evidence_url"": ""https://www.kaggle.com/competitions/vietai-advance-retinal-disease-detection-2020/data"", ""exactness"": ""not_assessed"", ""notes"": """", ""primary"": true, ""review_date"": ""2026-08-01"", ""scope"": ""Primary quantity reported in the reviewed catalog source"", ""unit"": ""images""}]",https://www.kaggle.com/competitions/vietai-advance-retinal-disease-detection-2020/data,data_platform,https://www.kaggle.com/competitions/vietai-advance-retinal-disease-detection-2020/data,self_service_clickthrough,True,True,True,True,False,False,False,False,unknown,available,2026-07-21,author_source_checked,Author-conducted source check; transfer completeness was evaluated separately.,standard_platform_supported,kaggle,kaggle_loader,0.4.0,False,,unit_or_mocked_only,not_live_tested,,,Kaggle competition rules,https://www.kaggle.com/competitions/vietai-advance-retinal-disease-detection-2020/data,challenge_participation,Review the cited source for component-specific terms.,,,vietai-advance-retinal-disease-detection-2020/data,,,data,,https://www.kaggle.com/competitions/vietai-advance-retinal-disease-detection-2020/data,[],https://www.kaggle.com/competitions/vietai-advance-retinal-disease-detection-2020/data,https://www.kaggle.com/competitions/vietai-advance-retinal-disease-detection-2020/data,https://www.kaggle.com/competitions/vietai-advance-retinal-disease-detection-2020/data,https://www.kaggle.com/competitions/vietai-advance-retinal-disease-detection-2020/data,True,2026-07-21,checked_against_cited_source,author_source_checked,not_live_tested,vietai_retinal_disease,VietAI Retinal Disease Detection 2020,unknown,unknown
visual_field_testing_experiment,Visual Field Testing Experiment,Visual-field and psychophysics experiment data for scotoma-detection comparisons.,visual_field,"[""classification"", ""regression""]",78,"[""all""]",,,,kaggle,https://www.kaggle.com/datasets/shozosaeki/visual-field-testing-experiment,CC BY 4.0,"Visual Field Testing Experiment. Kaggle, accessed 2026-07.","[""kaggle"", ""visual_field"", ""psychophysics"", ""scotoma""]",0.01,,visual_field,"[""visual_field""]",visual_fields,"[{""count"": 78, ""evidence_basis"": ""current_deposit_table"", ""evidence_url"": ""https://www.kaggle.com/datasets/shozosaeki/visual-field-testing-experiment"", ""exactness"": ""exact"", ""notes"": """", ""primary"": true, ""review_date"": ""2026-08-01"", ""scope"": ""Rows and distinct IDs in fields.csv"", ""unit"": ""visual_fields""}, {""count"": 15678, ""evidence_basis"": ""current_deposit_table"", ""evidence_url"": ""https://www.kaggle.com/datasets/shozosaeki/visual-field-testing-experiment"", ""exactness"": ""exact"", ""notes"": """", ""primary"": false, ""review_date"": ""2026-08-01"", ""scope"": ""Eye-guided measurement rows in display_results.csv"", ""unit"": ""measurement_rows""}, {""count"": 4212, ""evidence_basis"": ""current_deposit_table"", ""evidence_url"": ""https://www.kaggle.com/datasets/shozosaeki/visual-field-testing-experiment"", ""exactness"": ""exact"", ""notes"": """", ""primary"": false, ""review_date"": ""2026-08-01"", ""scope"": ""Humphrey field-analyzer rows in hfa_results.csv"", ""unit"": ""measurement_rows""}]",https://www.kaggle.com/datasets/shozosaeki/visual-field-testing-experiment,data_platform,https://www.kaggle.com/datasets/shozosaeki/visual-field-testing-experiment,self_service_authenticated,True,True,True,False,False,False,False,False,unknown,available,2026-07-21,author_source_checked,Author-conducted source check; transfer completeness was evaluated separately.,standard_platform_supported,kaggle,kaggle_loader,0.4.0,False,,unit_or_mocked_only,not_live_tested,,,CC BY 4.0,https://www.kaggle.com/datasets/shozosaeki/visual-field-testing-experiment,dataset_files,Review the cited source for component-specific terms.,,,shozosaeki/visual-field-testing-experiment,,,,,https://www.kaggle.com/datasets/shozosaeki/visual-field-testing-experiment,[],https://www.kaggle.com/datasets/shozosaeki/visual-field-testing-experiment,https://www.kaggle.com/datasets/shozosaeki/visual-field-testing-experiment,https://www.kaggle.com/datasets/shozosaeki/visual-field-testing-experiment,https://www.kaggle.com/datasets/shozosaeki/visual-field-testing-experiment,True,2026-07-21,checked_against_cited_source,author_source_checked,not_live_tested,visual_field_testing_experiment,Visual Field Testing Experiment,cc-by,cc-by
x_pcr,X-PCR Ophthalmology Progressive Clinical Reasoning Benchmark,"The version-pinned public deposit contains 18,735 ophthalmic image-text benchmark rows across CFP, external-eye, FFA, OCT, and RetCam subsets.",multimodal,"[""visual_question_answering"", ""classification""]",18735,"[""all""]",,,,huggingface,https://huggingface.co/datasets/Fantasy666/X-PCR,Unknown,"Fantasy666/X-PCR. Hugging Face dataset, accessed 2026-07.","[""huggingface"", ""vqa"", ""reasoning"", ""ophthalmology"", ""derivative""]",5.0,"The public deposit at commit 06a318fd852230326386e3c6514d8a11b7a6b4af has 18,735 rows. The dataset card describes a broader benchmark of 26,415 images and 177,868 VQA pairs; these units and scopes are not interchangeable.",multimodal,"[""fundus"", ""fundus_angiography"", ""oct"", ""external_eye"", ""retcam"", ""text""]",rows,"[{""count"": 18735, ""evidence_basis"": ""legacy_catalog_field"", ""evidence_url"": ""https://huggingface.co/datasets/Fantasy666/X-PCR"", ""exactness"": ""not_assessed"", ""notes"": """", ""primary"": true, ""review_date"": ""2026-08-01"", ""scope"": ""Primary quantity reported in the reviewed catalog source"", ""unit"": ""rows""}]",https://huggingface.co/datasets/Fantasy666/X-PCR,data_platform,https://huggingface.co/datasets/Fantasy666/X-PCR,anonymous_direct,False,False,False,False,False,False,False,False,unknown,available,2026-07-21,author_source_checked,Author-conducted source check; transfer completeness was evaluated separately.,standard_platform_supported,huggingface,huggingface_loader,0.4.0,False,,unit_or_mocked_only,not_live_tested,,,Unknown,https://huggingface.co/datasets/Fantasy666/X-PCR,unknown,Review the cited source for component-specific terms.,,,Fantasy666/X-PCR,,,,06a318fd852230326386e3c6514d8a11b7a6b4af,https://huggingface.co/datasets/Fantasy666/X-PCR,"[{""target"": ""aptos2019"", ""type"": ""derived_from""}, {""target"": ""beh"", ""type"": ""derived_from""}, {""target"": ""deepdrid"", ""type"": ""derived_from""}, {""target"": ""eye_disease_image_mendeley"", ""type"": ""derived_from""}, {""target"": ""eyepacs"", ""type"": ""derived_from""}, {""target"": ""harvard_gdp"", ""type"": ""derived_from""}, {""target"": ""jsiec"", ""type"": ""derived_from""}, {""target"": ""kermany_oct"", ""type"": ""derived_from""}, {""target"": ""mured"", ""type"": ""derived_from""}, {""target"": ""oct_c8"", ""type"": ""derived_from""}, {""target"": ""octid"", ""type"": ""derived_from""}, {""target"": ""odir2019"", ""type"": ""derived_from""}, {""target"": ""oimhs"", ""type"": ""derived_from""}, {""target"": ""rfmid2"", ""type"": ""derived_from""}]",https://huggingface.co/datasets/Fantasy666/X-PCR,https://huggingface.co/datasets/Fantasy666/X-PCR,https://huggingface.co/datasets/Fantasy666/X-PCR,https://huggingface.co/datasets/Fantasy666/X-PCR,True,2026-07-21,checked_against_cited_source,author_source_checked,not_live_tested,x_pcr,X-PCR Ophthalmology Progressive Clinical Reasoning Benchmark,unknown,unknown
